category	authors	title	venue	year	pmid	doi	pmcid	url	local_pdf	supp_pdf	topics	status
clinical_trial	Chen Y, Liu T, Min G et al.	Single-cell transcriptome analysis reveals regulatory programs associated with tumor resistance during immunotherapy in colorectal cancer.	International journal of surgery (London, England)	2026	40932376	10.1097/JS9.0000000000003459	PMC12825545	https://pmc.ncbi.nlm.nih.gov/articles/PMC12825545/	pdfs/chen_2026_pmid40932376.pdf		tumor_infiltrating;checkpoint;immunosuppression;clinical;colorectal	downloaded_europepmc
clinical_trial	Ma P, Zhou Y, Ma W et al.	Intrathecal Allogeneic B7-H3-targeted CAR γδ T Cells for Leptomeningeal Metastasis from Solid Tumors: Safety, Efficacy, and Immunological Dynamics in a Phase 1 Trial.	Clinical cancer research : an official journal of the American Association for Cancer Research	2026	42207176	10.1158/1078-0432.CCR-26-0738		https://doi.org/10.1158/1078-0432.CCR-26-0738			CAR_gd;adoptive_expansion;tumor_infiltrating;clinical;leukemia;breast	no_pmcid
clinical_trial	von Itzstein MS, Liu J, Mu-Mosley H et al.	Racial Differences in Systemic Immune Parameters in Individuals With Lung Cancer.	JTO clinical and research reports	2025	39619775	10.1016/j.jtocrr.2024.100751	PMC11605181	https://pmc.ncbi.nlm.nih.gov/articles/PMC11605181/	pdfs/von_2025_pmid39619775.pdf		mechanism_cytotox;clinical;leukemia;lung	downloaded_europepmc
clinical_trial	Marischen L, Fritsch J, Ilic J et al.	Two Are Better than One: The Bi-Specific Antibody Mosunetuzumab Reveals an Improved Immune Response of Vγ9Vδ2 T Cells Targeting CD20 in Malignant B Cells in Comparison to the Mono-Specific Antibody Obinutuzumab.	International journal of molecular sciences	2025	39941030	10.3390/ijms26031262	PMC11818642	https://pmc.ncbi.nlm.nih.gov/articles/PMC11818642/	pdfs/marischen_2025_pmid39941030.pdf		adoptive_expansion;Vd2_Vg9;mechanism_cytotox;clinical;lymphoma	downloaded_europepmc
clinical_trial	Vazaios K, Hernández López P, Aarts-Riemens T et al.	Unusual Partners: γδ-TCR-Based T Cell Therapy in Combination with Oncolytic Virus Treatment for Diffuse Midline Gliomas.	International journal of molecular sciences	2025	40076788	10.3390/ijms26052167	PMC11900589	https://pmc.ncbi.nlm.nih.gov/articles/PMC11900589/	pdfs/vazaios_2025_pmid40076788.pdf		CAR_gd;phosphoantigen_BTN;aminobisphosphonate;Vd2_Vg9;clinical;glioma	downloaded_europepmc
clinical_trial	Pinot L, Saßor A, Möker N et al.	Transduction of γδ T cells with Baboon envelope pseudotyped lentiviral vector encoding chimeric antigen receptors for translational and clinical applications.	Frontiers in immunology	2025	40547029	10.3389/fimmu.2025.1548630	PMC12179110	https://pmc.ncbi.nlm.nih.gov/articles/PMC12179110/	pdfs/pinot_2025_pmid40547029.pdf	supplements/40547029_PMC12179110/	CAR_gd;adoptive_expansion;Vd2_Vg9;mechanism_cytotox;clinical	downloaded_europepmc
clinical_trial	Quan A, Huo M, Li D et al.	Antibody-gamma/delta T cell receptors targeting GPC2 regress neuroblastoma with low antigen density.	Cell reports. Medicine	2025	41027430	10.1016/j.xcrm.2025.102378	PMC12629815	https://pmc.ncbi.nlm.nih.gov/articles/PMC12629815/	pdfs/quan_2025_pmid41027430.pdf		CAR_gd;adoptive_expansion;tumor_infiltrating;clinical;neuroblastoma	downloaded_europepmc
clinical_trial	Bold A, Gross H, Bardenbacher M et al.	Characterization of Stimulated γδ T Cells: Phenotypic Analysis and Implications for Allogeneic Cellular Immunotherapy.	Cells	2025	41369406	10.3390/cells14231917	PMC12691411	https://pmc.ncbi.nlm.nih.gov/articles/PMC12691411/	pdfs/bold_2025_pmid41369406.pdf		adoptive_expansion;Vd2_Vg9;mechanism_cytotox;clinical	downloaded_europepmc
clinical_trial	Ahmed J, O'Sullivan Coyne G, Rubinstein LV et al.	Phase 1 study evaluating the safety, preliminary efficacy, and pharmacodynamics of recombinant interleukin-15 in combination with nivolumab and ipilimumab in patients with refractory cancers.	Journal for immunotherapy of cancer	2025	41423268	10.1136/jitc-2025-013252	PMC12718592	https://pmc.ncbi.nlm.nih.gov/articles/PMC12718592/	pdfs/ahmed_2025_pmid41423268.pdf		tumor_infiltrating;checkpoint;clinical	downloaded_europepmc
clinical_trial	Wang S, Gu X, Xu D et al.	Comprehensive analysis of m6A modification patterns and m6A-related lncRNAs as potential biomarkers in lung adenocarcinoma.	Environmental toxicology	2024	38148718	10.1002/tox.24110		https://doi.org/10.1002/tox.24110			tumor_infiltrating;clinical;lung	no_pmcid
clinical_trial	Nguyen TT, Nguyen BT, Tran KV et al.	Experience of Autologous Immunotherapy for Non-Small Cell Lung Cancer Using Zoledronate-Actived Gammadelta T Cells.	Clinical laboratory	2024	38213197	10.7754/Clin.Lab.2023.230663		https://doi.org/10.7754/Clin.Lab.2023.230663			aminobisphosphonate;clinical;lung	no_pmcid
clinical_trial	Nakashima M, Tanaka Y, Okamura H et al.	Development of Innate-Immune-Cell-Based Immunotherapy for Adult T-Cell Leukemia-Lymphoma.	Cells	2024	38247820	10.3390/cells13020128	PMC10814776	https://pmc.ncbi.nlm.nih.gov/articles/PMC10814776/	pdfs/nakashima_2024_pmid38247820.pdf		aminobisphosphonate;adoptive_expansion;mechanism_cytotox;clinical;leukemia;lymphoma	downloaded_europepmc
clinical_trial	Song HW, Benzaoui M, Dwivedi A et al.	Manufacture of CD22 CAR T cells following positive versus negative selection results in distinct cytokine secretion profiles and γδ T cell output.	Molecular therapy. Methods & clinical development	2024	38298420	10.1016/j.omtm.2023.101171	PMC10827561	https://pmc.ncbi.nlm.nih.gov/articles/PMC10827561/	pdfs/song_2024_pmid38298420.pdf		CAR_gd;adoptive_expansion;immunosuppression;clinical;leukemia	downloaded_europepmc
clinical_trial	Nabors LB, Lamb LS, Goswami T et al.	Adoptive cell therapy for high grade gliomas using simultaneous temozolomide and intracranial mgmt-modified γδ t cells following standard post-resection chemotherapy and radiotherapy: current strategy and future directions.	Frontiers in immunology	2024	38384458	10.3389/fimmu.2024.1299044	PMC10880006	https://pmc.ncbi.nlm.nih.gov/articles/PMC10880006/	pdfs/nabors_2024_pmid38384458.pdf		CAR_gd;adoptive_expansion;mechanism_cytotox;clinical;glioma	downloaded_europepmc
clinical_trial	Mensurado S, Condeço C, Sánchez-Martínez D et al.	CD155/PVR determines acute myeloid leukemia targeting by Delta One T cells.	Blood	2024	38437507	10.1182/blood.2023022992	PMC11033583	https://pmc.ncbi.nlm.nih.gov/articles/PMC11033583/	pdfs/mensurado_2024_pmid38437507.pdf		adoptive_expansion;Vd1;mechanism_cytotox;clinical;leukemia	downloaded_europepmc
clinical_trial	von Itzstein MS, Liu J, Mu-Mosley H et al.	Differences in systemic immune parameters in individuals with lung cancer according to race.	bioRxiv : the preprint server for biology	2024	38915535	10.1101/2024.06.07.597754	PMC11195092	https://pmc.ncbi.nlm.nih.gov/articles/PMC11195092/			mechanism_cytotox;clinical;leukemia;lung	not_available_oa
clinical_trial	You H, Wang Y, Wang X et al.	CD69+ Vδ1γδ T cells are anti-tumor subpopulations in hepatocellular carcinoma.	Molecular immunology	2024	38917598	10.1016/j.molimm.2024.06.006		https://doi.org/10.1016/j.molimm.2024.06.006			adoptive_expansion;Vd1;tumor_infiltrating;mechanism_cytotox;clinical;hepatocellular	no_pmcid
clinical_trial	Musil J, Ptacek A, Vanikova S	OMIP-106: A 30-color panel for analysis of check-point inhibitory networks in the bone marrow of acute myeloid leukemia patients.	Cytometry. Part A : the journal of the International Society for Analytical Cytology	2024	39192598	10.1002/cyto.a.24892		https://doi.org/10.1002/cyto.a.24892			CAR_gd;tumor_infiltrating;mechanism_cytotox;checkpoint;clinical;leukemia	no_pmcid
clinical_trial	Liu K, Hoover AR, Wang L et al.	Localized ablative immunotherapy enhances antitumor immunity by modulating the transcriptome of tumor-infiltrating Gamma delta T cells.	Cancer letters	2024	39307410	10.1016/j.canlet.2024.217267	PMC11471373	https://pmc.ncbi.nlm.nih.gov/articles/PMC11471373/	pdfs/liu_2024_pmid39307410.pdf		tumor_infiltrating;mechanism_cytotox;checkpoint;clinical;breast	downloaded_europepmc
clinical_trial	Liu J, Wu M, Yang Y et al.	BTN3A1 expressed in cervical cancer cells promotes Vγ9Vδ2 T cells exhaustion through upregulating transcription factors NR4A2/3 downstream of TCR signaling.	Cell communication and signaling : CCS	2024	39342337	10.1186/s12964-024-01834-0	PMC11439235	https://pmc.ncbi.nlm.nih.gov/articles/PMC11439235/	pdfs/liu_2024_pmid39342337.pdf		phosphoantigen_BTN;adoptive_expansion;Vd2_Vg9;tumor_infiltrating;checkpoint;immunosuppression;clinical	downloaded_europepmc
clinical_trial	He P, Liu H, Zimdahl B et al.	A novel antibody-TCR (AbTCR) T-cell therapy is safe and effective against CD19-positive relapsed/refractory B-cell lymphoma.	Journal of cancer research and clinical oncology	2023	35776199	10.1007/s00432-022-04132-9	PMC11797221	https://pmc.ncbi.nlm.nih.gov/articles/PMC11797221/	pdfs/he_2023_pmid35776199.pdf		CAR_gd;adoptive_expansion;clinical;lymphoma	downloaded_europepmc
clinical_trial	Knight A, Piskacek M, Jurajda M et al.	Expansions of tumor-reactive Vdelta1 gamma-delta T cells in newly diagnosed patients with chronic myeloid leukemia.	Cancer immunology, immunotherapy : CII	2023	36376516	10.1007/s00262-022-03312-3	PMC10110709	https://pmc.ncbi.nlm.nih.gov/articles/PMC10110709/	pdfs/knight_2023_pmid36376516.pdf		adoptive_expansion;Vd1;Vd2_Vg9;mechanism_cytotox;clinical;leukemia	downloaded_europepmc
clinical_trial	Li C, Zhou F, Wang J et al.	Novel CD19-specific γ/δ TCR-T cells in relapsed or refractory diffuse large B-cell lymphoma.	Journal of hematology & oncology	2023	36681817	10.1186/s13045-023-01402-y	PMC9862812	https://pmc.ncbi.nlm.nih.gov/articles/PMC9862812/	pdfs/li_2023_pmid36681817.pdf		CAR_gd;adoptive_expansion;clinical;lymphoma	downloaded_europepmc
clinical_trial	Bold A, Gaertner J, Bott A et al.	Haploidentical γδ T Cells Induce Complete Remission in Chemorefractory B-cell Non-Hodgkin Lymphoma.	Journal of immunotherapy (Hagerstown, Md. : 1997)	2023	36723414	10.1097/CJI.0000000000000450	PMC9889192	https://pmc.ncbi.nlm.nih.gov/articles/PMC9889192/	pdfs/bold_2023_pmid36723414.pdf		CAR_gd;adoptive_expansion;mechanism_cytotox;clinical;leukemia;lymphoma	downloaded_europepmc
clinical_trial	Umeyama Y, Taniguchi H, Gyotoku H et al.	Three distinct mechanisms underlying human γδ T cell-mediated cytotoxicity against malignant pleural mesothelioma.	Frontiers in immunology	2023	37006249	10.3389/fimmu.2023.1058838	PMC10063812	https://pmc.ncbi.nlm.nih.gov/articles/PMC10063812/	pdfs/umeyama_2023_pmid37006249.pdf		phosphoantigen_BTN;aminobisphosphonate;adoptive_expansion;tumor_infiltrating;mechanism_cytotox;checkpoint;clinical	downloaded_europepmc
clinical_trial	Sun R, Li J, Lin X et al.	Peripheral immune characteristics of hepatitis B virus-related hepatocellular carcinoma.	Frontiers in immunology	2023	37077908	10.3389/fimmu.2023.1079495	PMC10106696	https://pmc.ncbi.nlm.nih.gov/articles/PMC10106696/	pdfs/sun_2023_pmid37077908.pdf		checkpoint;immunosuppression;clinical;hepatocellular	downloaded_europepmc
clinical_trial	Wang Y, Wang L, Seo N et al.	CAR-Modified Vγ9Vδ2 T Cells Propagated Using a Novel Bisphosphonate Prodrug for Allogeneic Adoptive Immunotherapy.	International journal of molecular sciences	2023	37446055	10.3390/ijms241310873	PMC10341429	https://pmc.ncbi.nlm.nih.gov/articles/PMC10341429/	pdfs/wang_2023_pmid37446055.pdf		CAR_gd;aminobisphosphonate;adoptive_expansion;Vd2_Vg9;immunosuppression;clinical	downloaded_europepmc
clinical_trial	Schubert ML, Schmitt A, Hückelhoven-Krauss A et al.	Treatment of adult ALL patients with third-generation CD19-directed CAR T cells: results of a pivotal trial.	Journal of hematology & oncology	2023	37481608	10.1186/s13045-023-01470-0	PMC10363324	https://pmc.ncbi.nlm.nih.gov/articles/PMC10363324/	pdfs/schubert_2023_pmid37481608.pdf		CAR_gd;adoptive_expansion;clinical;leukemia	downloaded_europepmc
clinical_trial	Wang Y, Han J, Wang D et al.	Anti-PD-1 antibody armored γδ T cells enhance anti-tumor efficacy in ovarian cancer.	Signal transduction and targeted therapy	2023	37857598	10.1038/s41392-023-01646-7	PMC10587135	https://pmc.ncbi.nlm.nih.gov/articles/PMC10587135/	pdfs/wang_2023_pmid37857598.pdf		CAR_gd;adoptive_expansion;tumor_infiltrating;mechanism_cytotox;checkpoint;immunosuppression;clinical;ovarian	downloaded_europepmc
clinical_trial	Kobayashi H, Kondo T, Iizuka J et al.	A retrospective cohort study of the impact of peripheral blood gamma- delta T cells to prognosis of nonmetastatic renal cell cancer after curative resection.	Urologic oncology	2023	37919100	10.1016/j.urolonc.2023.10.001		https://doi.org/10.1016/j.urolonc.2023.10.001			adoptive_expansion;tumor_infiltrating;clinical;renal	no_pmcid
clinical_trial	Derré L, Lucca I, Cesson V et al.	Intravesical Ty21a treatment of non-muscle invasive bladder cancer induces immune responses that correlate with safety and may be associated to therapy potential.	Journal for immunotherapy of cancer	2023	38101861	10.1136/jitc-2023-008020	PMC10729085	https://pmc.ncbi.nlm.nih.gov/articles/PMC10729085/	pdfs/derré_2023_pmid38101861.pdf		Vd2_Vg9;tumor_infiltrating;clinical	downloaded_europepmc
clinical_trial	Kaito Y, Hirano M, Futami M et al.	CD155 and CD112 as possible therapeutic targets of FLT3 inhibitors for acute myeloid leukemia.	Oncology letters	2022	34992684	10.3892/ol.2021.13169	PMC8721849	https://pmc.ncbi.nlm.nih.gov/articles/PMC8721849/	pdfs/kaito_2022_pmid34992684.pdf		mechanism_cytotox;checkpoint;clinical;leukemia	downloaded_europepmc
clinical_trial	Nishimoto KP, Barca T, Azameera A et al.	Allogeneic CD20-targeted γδ T cells exhibit innate and adaptive antitumor activities in preclinical B-cell lymphoma models.	Clinical & translational immunology	2022	35136603	10.1002/cti2.1373	PMC8809437	https://pmc.ncbi.nlm.nih.gov/articles/PMC8809437/	pdfs/nishimoto_2022_pmid35136603.pdf		CAR_gd;adoptive_expansion;Vd1;mechanism_cytotox;clinical;leukemia;lymphoma	downloaded_europepmc
clinical_trial	Walwyn-Brown K, Pugh J, Cocker ATH et al.	Phosphoantigen-Stimulated γδ T Cells Suppress Natural Killer-Cell Responses to Missing-Self.	Cancer immunology research	2022	35263761	10.1158/2326-6066.CIR-21-0696	PMC9064994	https://pmc.ncbi.nlm.nih.gov/articles/PMC9064994/			phosphoantigen_BTN;mechanism_cytotox;immunosuppression;clinical	not_available_oa
clinical_trial	Hashimoto H, Güngör D, Krickeberg N et al.	TH1 cytokines induce senescence in AML.	Leukemia research	2022	35490594	10.1016/j.leukres.2022.106842		https://doi.org/10.1016/j.leukres.2022.106842			aminobisphosphonate;adoptive_expansion;Vd2_Vg9;clinical;leukemia	no_pmcid
clinical_trial	Parente-Pereira AC, Beatson RE, Davies DM et al.	Generation and application of TGFβ-educated human Vγ9Vδ2 T cells.	STAR protocols	2022	35496793	10.1016/j.xpro.2022.101319	PMC9043756	https://pmc.ncbi.nlm.nih.gov/articles/PMC9043756/	pdfs/parentepereira_2022_pmid35496793.pdf		CAR_gd;adoptive_expansion;Vd2_Vg9;clinical	downloaded_europepmc
clinical_trial	Zhang X, Ng YY, Du Z et al.	Vγ9Vδ2 T cells expressing a BCMA-Specific chimeric antigen receptor inhibit multiple myeloma xenograft growth.	PloS one	2022	35709135	10.1371/journal.pone.0267475	PMC9202950	https://pmc.ncbi.nlm.nih.gov/articles/PMC9202950/	pdfs/zhang_2022_pmid35709135.pdf		CAR_gd;adoptive_expansion;Vd2_Vg9;clinical;myeloma	downloaded_europepmc
clinical_trial	Rosen DB, Kvarnhammar AM, Laufer B et al.	TransCon IL-2 β/γ: a novel long-acting prodrug with sustained release of an IL-2Rβ/γ-selective IL-2 variant with improved pharmacokinetics and potent activation of cytotoxic immune cells for the treatment of cancer.	Journal for immunotherapy of cancer	2022	35817480	10.1136/jitc-2022-004991	PMC9274542	https://pmc.ncbi.nlm.nih.gov/articles/PMC9274542/	pdfs/rosen_2022_pmid35817480.pdf		adoptive_expansion;mechanism_cytotox;immunosuppression;clinical	downloaded_europepmc
clinical_trial	Borchmann S, Selenz C, Lohmann M et al.	Tripartite antigen-agnostic combination immunotherapy cures established poorly immunogenic tumors.	Journal for immunotherapy of cancer	2022	36223955	10.1136/jitc-2022-004781	PMC9562723	https://pmc.ncbi.nlm.nih.gov/articles/PMC9562723/	pdfs/borchmann_2022_pmid36223955.pdf		adoptive_expansion;Vd2_Vg9;tumor_infiltrating;immunosuppression;clinical	downloaded_europepmc
clinical_trial	Xu Y, Xiang Z, Alnaggar M et al.	Allogeneic Vγ9Vδ2 T-cell immunotherapy exhibits promising clinical safety and prolongs the survival of patients with late-stage lung or liver cancer.	Cellular & molecular immunology	2021	32939032	10.1038/s41423-020-0515-7	PMC8027668	https://pmc.ncbi.nlm.nih.gov/articles/PMC8027668/	pdfs/xu_2021_pmid32939032.pdf		adoptive_expansion;Vd2_Vg9;clinical;lung;hepatocellular	downloaded_europepmc
clinical_trial	Ganesan R, Chennupati V, Ramachandran B et al.	Selective recruitment of γδ T cells by a bispecific antibody for the treatment of acute myeloid leukemia.	Leukemia	2021	33526858	10.1038/s41375-021-01122-7	PMC8324575	https://pmc.ncbi.nlm.nih.gov/articles/PMC8324575/	pdfs/ganesan_2021_pmid33526858.pdf		bispecific_engager;Vd2_Vg9;mechanism_cytotox;clinical;leukemia	downloaded_europepmc
clinical_trial	Ji N, Mukherjee N, Reyes RM et al.	Rapamycin enhances BCG-specific γδ T cells during intravesical BCG therapy for non-muscle invasive bladder cancer: a randomized, double-blind study.	Journal for immunotherapy of cancer	2021	33653802	10.1136/jitc-2020-001941	PMC7929866	https://pmc.ncbi.nlm.nih.gov/articles/PMC7929866/	pdfs/ji_2021_pmid33653802.pdf		clinical	downloaded_europepmc
clinical_trial	Shelikhova L, Glushkova S, Nikolaev R et al.	Serotherapy-Free Regimen Improves Non-Relapse Mortality and Immune Recovery Among the Recipients of αβ TCell-Depleted Haploidentical Grafts: Retrospective Study in Childhood Leukemia.	Transplantation and cellular therapy	2021	33836878	10.1016/j.jtct.2021.01.010		https://doi.org/10.1016/j.jtct.2021.01.010			adoptive_expansion;clinical;leukemia	no_pmcid
clinical_trial	Yang R, Shen S, Gong C et al.	Bispecific Antibody PD-L1 x CD3 Boosts the Anti-Tumor Potency of the Expanded Vγ2Vδ2 T Cells.	Frontiers in immunology	2021	34040604	10.3389/fimmu.2021.654080	PMC8141752	https://pmc.ncbi.nlm.nih.gov/articles/PMC8141752/	pdfs/yang_2021_pmid34040604.pdf		bispecific_engager;adoptive_expansion;Vd2_Vg9;mechanism_cytotox;checkpoint;clinical;lung	downloaded_europepmc
clinical_trial	Bertucci F, Boudin L, Finetti P et al.	Immune landscape of inflammatory breast cancer suggests vulnerability to immune checkpoint inhibitors.	Oncoimmunology	2021	34104544	10.1080/2162402X.2021.1929724	PMC8158040	https://pmc.ncbi.nlm.nih.gov/articles/PMC8158040/	pdfs/bertucci_2021_pmid34104544.pdf		tumor_infiltrating;checkpoint;clinical;melanoma;breast	downloaded_europepmc
clinical_trial	Landin AM, Cox C, Yu B et al.	Expansion and Enrichment of Gamma-Delta (γδ) T Cells from Apheresed Human Product.	Journal of visualized experiments : JoVE	2021	34633380	10.3791/62622		https://doi.org/10.3791/62622			aminobisphosphonate;adoptive_expansion;Vd2_Vg9;clinical;leukemia	no_pmcid
clinical_trial	Nada MH, Wang H, Hussein AJ et al.	PD-1 checkpoint blockade enhances adoptive immunotherapy by human Vγ2Vδ2 T cells against human prostate cancer.	Oncoimmunology	2021	34712512	10.1080/2162402X.2021.1989789	PMC8547840	https://pmc.ncbi.nlm.nih.gov/articles/PMC8547840/	pdfs/nada_2021_pmid34712512.pdf		aminobisphosphonate;adoptive_expansion;Vd2_Vg9;checkpoint;clinical;prostate	downloaded_europepmc
clinical_trial	Schilbach K, Welker C, Krickeberg N et al.	In the Absence of a TCR Signal IL-2/IL-12/18-Stimulated γδ T Cells Demonstrate Potent Anti-Tumoral Function Through Direct Killing and Senescence Induction in Cancer Cells.	Cancers	2020	31947966	10.3390/cancers12010130	PMC7017313	https://pmc.ncbi.nlm.nih.gov/articles/PMC7017313/	pdfs/schilbach_2020_pmid31947966.pdf		adoptive_expansion;mechanism_cytotox;clinical	downloaded_europepmc
clinical_trial	Ang WX, Ng YY, Xiao L et al.	Electroporation of NKG2D RNA CAR Improves Vγ9Vδ2 T Cell Responses against Human Solid Tumor Xenografts.	Molecular therapy oncolytics	2020	32462079	10.1016/j.omto.2020.04.013	PMC7240063	https://pmc.ncbi.nlm.nih.gov/articles/PMC7240063/	pdfs/ang_2020_pmid32462079.pdf		CAR_gd;Vd2_Vg9;mechanism_cytotox;clinical	downloaded_europepmc
clinical_trial	Chen JB, Kong XF, Qian W et al.	Two weeks of hydrogen inhalation can significantly reverse adaptive and innate immune system senescence patients with advanced non-small cell lung cancer: a self-controlled study.	Medical gas research	2020	33380580	10.4103/2045-9912.304221	PMC8092147	https://pmc.ncbi.nlm.nih.gov/articles/PMC8092147/	pdfs/chen_2020_pmid33380580.pdf		adoptive_expansion;Vd1;Vd2_Vg9;mechanism_cytotox;immunosuppression;clinical;leukemia;lung	downloaded_europepmc
clinical_trial	Sharma A, Zumwalde NA, Gumperz JE	Expansion and Adoptive Transfer of Human Vδ2+ T Cells to Assess Antitumor Effects In Vivo.	Methods in molecular biology (Clifton, N.J.)	2019	30465195	10.1007/978-1-4939-8885-3_4	PMC6483093	https://pmc.ncbi.nlm.nih.gov/articles/PMC6483093/			adoptive_expansion;Vd2_Vg9;tumor_infiltrating;immunosuppression;clinical;lymphoma	not_available_oa
clinical_trial	Hoeres T, Holzmann E, Smetak M et al.	PD-1 signaling modulates interferon-γ production by Gamma Delta (γδ) T-Cells in response to leukemia.	Oncoimmunology	2019	30723581	10.1080/2162402X.2018.1550618	PMC6350692	https://pmc.ncbi.nlm.nih.gov/articles/PMC6350692/	pdfs/hoeres_2019_pmid30723581.pdf		aminobisphosphonate;adoptive_expansion;mechanism_cytotox;checkpoint;clinical;leukemia	downloaded_europepmc
clinical_trial	Johanna I, Straetemans T, Heijhuurs S et al.	Evaluating in vivo efficacy - toxicity profile of TEG001 in humanized mice xenografts against primary human AML disease and healthy hematopoietic cells.	Journal for immunotherapy of cancer	2019	30871629	10.1186/s40425-019-0558-4	PMC6419469	https://pmc.ncbi.nlm.nih.gov/articles/PMC6419469/	pdfs/johanna_2019_pmid30871629.pdf		CAR_gd;Vd2_Vg9;clinical;leukemia	downloaded_europepmc
clinical_trial	Lee M, Park C, Woo J et al.	Preferential Infiltration of Unique Vγ9Jγ2-Vδ2 T Cells Into Glioblastoma Multiforme.	Frontiers in immunology	2019	30967876	10.3389/fimmu.2019.00555	PMC6440384	https://pmc.ncbi.nlm.nih.gov/articles/PMC6440384/	pdfs/lee_2019_pmid30967876.pdf		Vd2_Vg9;tumor_infiltrating;mechanism_cytotox;clinical;leukemia;glioma	downloaded_europepmc
clinical_trial	Eade EL, Hardy TG, McKelvie PA et al.	Clinicopathological Features and Outcomes in Lymphoma of Extraocular Muscles.	Ophthalmic plastic and reconstructive surgery	2019	31577647	10.1097/IOP.0000000000001426		https://doi.org/10.1097/IOP.0000000000001426			tumor_infiltrating;clinical;leukemia;lymphoma	no_pmcid
clinical_trial	Reboursiere E, Gac AC, Garnier A et al.	Increased frequencies of circulating and tumor-resident Vδ1+ T cells in patients with diffuse large B-cell lymphoma.	Leukemia & lymphoma	2018	28562153	10.1080/10428194.2017.1321751		https://doi.org/10.1080/10428194.2017.1321751			Vd1;Vd2_Vg9;clinical;lymphoma	no_pmcid
clinical_trial	Tanaka Y, Murata-Hirai K, Iwasaki M et al.	Expansion of human γδ T cells for adoptive immunotherapy using a bisphosphonate prodrug.	Cancer science	2018	29288540	10.1111/cas.13491	PMC5834800	https://pmc.ncbi.nlm.nih.gov/articles/PMC5834800/	pdfs/tanaka_2018_pmid29288540.pdf		aminobisphosphonate;adoptive_expansion;Vd2_Vg9;mechanism_cytotox;clinical	downloaded_europepmc
clinical_trial	Kamei R, Yoshimura K, Yoshino S et al.	Expression levels of UL16 binding protein 1 and natural killer group 2 member D affect overall survival in patients with gastric cancer following gastrectomy.	Oncology letters	2018	29391893	10.3892/ol.2017.7354	PMC5769384	https://pmc.ncbi.nlm.nih.gov/articles/PMC5769384/	pdfs/kamei_2018_pmid29391893.pdf		tumor_infiltrating;mechanism_cytotox;clinical;leukemia	downloaded_europepmc
clinical_trial	Xiao L, Chen C, Li Z et al.	Large-scale expansion of Vγ9Vδ2 T cells with engineered K562 feeder cells in G-Rex vessels and their use as chimeric antigen receptor-modified effector cells.	Cytotherapy	2018	29402645	10.1016/j.jcyt.2017.12.014		https://doi.org/10.1016/j.jcyt.2017.12.014			CAR_gd;adoptive_expansion;Vd2_Vg9;mechanism_cytotox;checkpoint;clinical	no_pmcid
clinical_trial	Siegers GM, Dutta I, Lai R et al.	Functional Plasticity of Gamma Delta T Cells and Breast Tumor Targets in Hypoxia.	Frontiers in immunology	2018	29963058	10.3389/fimmu.2018.01367	PMC6013583	https://pmc.ncbi.nlm.nih.gov/articles/PMC6013583/	pdfs/siegers_2018_pmid29963058.pdf		adoptive_expansion;tumor_infiltrating;mechanism_cytotox;clinical;breast	downloaded_europepmc
clinical_trial	Juraske C, Wipa P, Morath A et al.	Anti-CD3 Fab Fragments Enhance Tumor Killing by Human γδ T Cells Independent of Nck Recruitment to the γδ T Cell Antigen Receptor.	Frontiers in immunology	2018	30038626	10.3389/fimmu.2018.01579	PMC6046647	https://pmc.ncbi.nlm.nih.gov/articles/PMC6046647/	pdfs/juraske_2018_pmid30038626.pdf		adoptive_expansion;Vd2_Vg9;clinical	downloaded_europepmc
clinical_trial	Aoki T, Matsushita H, Hoshikawa M et al.	Adjuvant combination therapy with gemcitabine and autologous γδ T-cell transfer in patients with curatively resected pancreatic cancer.	Cytotherapy	2017	28188072	10.1016/j.jcyt.2017.01.002		https://doi.org/10.1016/j.jcyt.2017.01.002			immunosuppression;clinical;pancreatic	no_pmcid
clinical_trial	Nada MH, Wang H, Workalemahu G et al.	Enhancing adoptive cancer immunotherapy with Vγ2Vδ2 T cells through pulse zoledronate stimulation.	Journal for immunotherapy of cancer	2017	28239463	10.1186/s40425-017-0209-6	PMC5319075	https://pmc.ncbi.nlm.nih.gov/articles/PMC5319075/	pdfs/nada_2017_pmid28239463.pdf		phosphoantigen_BTN;aminobisphosphonate;adoptive_expansion;Vd2_Vg9;mechanism_cytotox;clinical;prostate	downloaded_europepmc
clinical_trial	Yoshida Y, Naito M, Yamada T et al.	Clinical Study on the Medical Value of Combination Therapy Involving Adoptive Immunotherapy and Chemotherapy for Stage IV Colorectal Cancer (COMVI Study).	Anticancer research	2017	28668898	10.21873/anticanres.11777		https://doi.org/10.21873/anticanres.11777			adoptive_expansion;clinical;colorectal	no_pmcid
clinical_trial	Peipp M, Wesch D, Oberg HH et al.	CD20-Specific Immunoligands Engaging NKG2D Enhance γδ T Cell-Mediated Lysis of Lymphoma Cells.	Scandinavian journal of immunology	2017	28708284	10.1111/sji.12581		https://doi.org/10.1111/sji.12581			phosphoantigen_BTN;adoptive_expansion;Vd1;Vd2_Vg9;mechanism_cytotox;clinical;leukemia;lymphoma	no_pmcid
clinical_trial	Duault C, Betous D, Bezombes C et al.	IL-33-expanded human Vγ9Vδ2 T cells have anti-lymphoma effect in a mouse tumor model.	European journal of immunology	2017	28741710	10.1002/eji.201747093		https://doi.org/10.1002/eji.201747093			phosphoantigen_BTN;adoptive_expansion;Vd2_Vg9;mechanism_cytotox;clinical;lymphoma	no_pmcid
clinical_trial	Harrer DC, Simon B, Fujii SI et al.	RNA-transfection of γ/δ T cells with a chimeric antigen receptor or an α/β T-cell receptor: a safer alternative to genetically engineered α/β T cells for the immunotherapy of melanoma.	BMC cancer	2017	28818060	10.1186/s12885-017-3539-3	PMC5561563	https://pmc.ncbi.nlm.nih.gov/articles/PMC5561563/	pdfs/harrer_2017_pmid28818060.pdf		CAR_gd;aminobisphosphonate;adoptive_expansion;mechanism_cytotox;clinical;leukemia;melanoma	downloaded_europepmc
clinical_trial	Matsushita H, Kakimi K	[γδ T cell-based cancer immunotherapy].	Nihon rinsho. Japanese journal of clinical medicine	2017	30562868			https://pubmed.ncbi.nlm.nih.gov/30562868/			aminobisphosphonate;adoptive_expansion;Vd2_Vg9;mechanism_cytotox;clinical	no_pmcid
clinical_trial	Sutton KS, Dasgupta A, McCarty D et al.	Bioengineering and serum free expansion of blood-derived γδ T cells.	Cytotherapy	2016	27260209	10.1016/j.jcyt.2016.04.001		https://doi.org/10.1016/j.jcyt.2016.04.001			adoptive_expansion;clinical	no_pmcid
clinical_trial	Pressey JG, Adams J, Harkins L et al.	In vivo expansion and activation of γδ T cells as immunotherapy for refractory neuroblastoma: A phase 1 study.	Medicine	2016	27684826	10.1097/MD.0000000000004909	PMC5265919	https://pmc.ncbi.nlm.nih.gov/articles/PMC5265919/	pdfs/pressey_2016_pmid27684826.pdf		phosphoantigen_BTN;aminobisphosphonate;adoptive_expansion;Vd2_Vg9;mechanism_cytotox;immunosuppression;clinical;leukemia;neuroblastoma	downloaded_europepmc
clinical_trial	Ryan PL, Sumaria N, Holland CJ et al.	Heterogeneous yet stable Vδ2(+) T-cell profiles define distinct cytotoxic effector potentials in healthy human individuals.	Proceedings of the National Academy of Sciences of the United States of America	2016	27911793	10.1073/pnas.1611098113	PMC5167212	https://pmc.ncbi.nlm.nih.gov/articles/PMC5167212/	pdfs/ryan_2016_pmid27911793.pdf		phosphoantigen_BTN;aminobisphosphonate;Vd2_Vg9;mechanism_cytotox;clinical	downloaded_europepmc
clinical_trial	Fisher J, Kramer AM, Gustafsson K et al.	Non-V delta 2 gamma delta T lymphocytes as effectors of cancer immunotherapy.	Oncoimmunology	2015	25949890	10.4161/2162402X.2014.973808	PMC4404791	https://pmc.ncbi.nlm.nih.gov/articles/PMC4404791/	pdfs/fisher_2015_pmid25949890.pdf		adoptive_expansion;Vd1;Vd2_Vg9;mechanism_cytotox;clinical	downloaded_europepmc
clinical_trial	Ribot JC, Ribeiro ST, Correia DV et al.	Human γδ thymocytes are functionally immature and differentiate into cytotoxic type 1 effector T cells upon IL-2/IL-15 signaling.	Journal of immunology (Baltimore, Md. : 1950)	2014	24489097	10.4049/jimmunol.1303119		https://doi.org/10.4049/jimmunol.1303119			adoptive_expansion;mechanism_cytotox;leukemia	no_pmcid
clinical_trial	Wilhelm M, Smetak M, Schaefer-Eckart K et al.	Successful adoptive transfer and in vivo expansion of haploidentical γδ T cells.	Journal of translational medicine	2014	24528541	10.1186/1479-5876-12-45	PMC3926263	https://pmc.ncbi.nlm.nih.gov/articles/PMC3926263/	pdfs/wilhelm_2014_pmid24528541.pdf		aminobisphosphonate;adoptive_expansion;leukemia	downloaded_europepmc
clinical_trial	Wiemer DF, Wiemer AJ	Opportunities and challenges in development of phosphoantigens as Vγ9Vδ2 T cell agonists.	Biochemical pharmacology	2014	24680696	10.1016/j.bcp.2014.03.009		https://doi.org/10.1016/j.bcp.2014.03.009			phosphoantigen_BTN;Vd2_Vg9;clinical	no_pmcid
clinical_trial	Fowler DW, Copier J, Dalgleish AG et al.	Zoledronic acid causes γδ T cells to target monocytes and down-modulate inflammatory homing.	Immunology	2014	24912747	10.1111/imm.12331	PMC4253502	https://pmc.ncbi.nlm.nih.gov/articles/PMC4253502/			aminobisphosphonate;mechanism_cytotox;clinical	not_available_oa
clinical_trial	Welton JL, Morgan MP, Martí S et al.	Monocytes and γδ T cells control the acute-phase response to intravenous zoledronate: insights from a phase IV safety trial.	Journal of bone and mineral research : the official journal of the American Society for Bone and Mineral Research	2013	23074158	10.1002/jbmr.1797		https://doi.org/10.1002/jbmr.1797			aminobisphosphonate;Vd2_Vg9;tumor_infiltrating;clinical;myeloma	no_pmcid
clinical_trial	Deniger DC, Switzer K, Mi T et al.	Bispecific T-cells expressing polyclonal repertoire of endogenous γδ T-cell receptors and introduced CD19-specific chimeric antigen receptor.	Molecular therapy : the journal of the American Society of Gene Therapy	2013	23295945	10.1038/mt.2012.267	PMC3589159	https://pmc.ncbi.nlm.nih.gov/articles/PMC3589159/	pdfs/deniger_2013_pmid23295945.pdf		CAR_gd;aminobisphosphonate;bispecific_engager;adoptive_expansion;Vd1;Vd2_Vg9;clinical;leukemia	downloaded_europepmc
clinical_trial	Idrees AS, Sugie T, Inoue C et al.	Comparison of γδ T cell responses and farnesyl diphosphate synthase inhibition in tumor cells pretreated with zoledronic acid.	Cancer science	2013	23387443	10.1111/cas.12124	PMC3755363	https://pmc.ncbi.nlm.nih.gov/articles/PMC3755363/	pdfs/idrees_2013_pmid23387443.pdf		phosphoantigen_BTN;aminobisphosphonate;mechanism_cytotox;clinical;leukemia;lymphoma	downloaded_europepmc
clinical_trial	Izumi T, Kondo M, Takahashi T et al.	Ex vivo characterization of γδ T-cell repertoire in patients after adoptive transfer of Vγ9Vδ2 T cells expressing the interleukin-2 receptor β-chain and the common γ-chain.	Cytotherapy	2013	23391461	10.1016/j.jcyt.2012.12.004		https://doi.org/10.1016/j.jcyt.2012.12.004			phosphoantigen_BTN;aminobisphosphonate;adoptive_expansion;Vd2_Vg9;mechanism_cytotox;clinical;colorectal	no_pmcid
clinical_trial	Zhou J, Kang N, Cui L et al.	Anti-γδ TCR antibody-expanded γδ T cells: a better choice for the adoptive immunotherapy of lymphoid malignancies.	Cellular & molecular immunology	2012	21666706	10.1038/cmi.2011.16	PMC4002925	https://pmc.ncbi.nlm.nih.gov/articles/PMC4002925/	pdfs/zhou_2012_pmid21666706.pdf		phosphoantigen_BTN;adoptive_expansion;Vd1;Vd2_Vg9;tumor_infiltrating;mechanism_cytotox;lymphoma	downloaded_europepmc
clinical_trial	Kunzmann V, Smetak M, Kimmel B et al.	Tumor-promoting versus tumor-antagonizing roles of γδ T cells in cancer immunotherapy: results from a prospective phase I/II trial.	Journal of immunotherapy (Hagerstown, Md. : 1997)	2012	22306909	10.1097/CJI.0b013e318245bb1e		https://doi.org/10.1097/CJI.0b013e318245bb1e			aminobisphosphonate;adoptive_expansion;clinical;leukemia;melanoma;renal	no_pmcid
clinical_trial	Ma C, Zhang Q, Ye J et al.	Tumor-infiltrating γδ T lymphocytes predict clinical outcome in human breast cancer.	Journal of immunology (Baltimore, Md. : 1950)	2012	23034170	10.4049/jimmunol.1201892	PMC4832413	https://pmc.ncbi.nlm.nih.gov/articles/PMC4832413/			tumor_infiltrating;immunosuppression;breast	not_available_oa
clinical_trial	Donia M, Ellebaek E, Andersen MH et al.	Analysis of Vδ1 T cells in clinical grade melanoma-infiltrating lymphocytes.	Oncoimmunology	2012	23243593	10.4161/onci.21659	PMC3518502	https://pmc.ncbi.nlm.nih.gov/articles/PMC3518502/	pdfs/donia_2012_pmid23243593.pdf		adoptive_expansion;Vd1;Vd2_Vg9;tumor_infiltrating;clinical;melanoma	downloaded_europepmc
clinical_trial	Iwasaki M	Cancer incidence and novel therapies developed in Japan.	Journal of stem cells & regenerative medicine	2012	24693199			https://pubmed.ncbi.nlm.nih.gov/24693199/			tumor_infiltrating;mechanism_cytotox;clinical;leukemia;breast;lung;pancreatic;ovarian;hepatocellular	no_pmcid
clinical_trial	Noguchi A, Kaneko T, Kamigaki T et al.	Zoledronate-activated Vγ9γδ T cell-based immunotherapy is feasible and restores the impairment of γδ T cells in patients with solid tumors.	Cytotherapy	2011	20831354	10.3109/14653249.2010.515581		https://doi.org/10.3109/14653249.2010.515581			aminobisphosphonate;adoptive_expansion;Vd2_Vg9;mechanism_cytotox;immunosuppression	no_pmcid
clinical_trial	Sakamoto M, Nakajima J, Murakawa T et al.	Adoptive immunotherapy for advanced non-small cell lung cancer using zoledronate-expanded γδTcells: a phase I clinical study.	Journal of immunotherapy (Hagerstown, Md. : 1997)	2011	21304399	10.1097/CJI.0b013e318207ecfb		https://doi.org/10.1097/CJI.0b013e318207ecfb			aminobisphosphonate;adoptive_expansion;Vd2_Vg9;mechanism_cytotox;clinical;leukemia;lung	no_pmcid
clinical_trial	Cimini E, Piacentini P, Sacchi A et al.	Zoledronic acid enhances Vδ2 T-lymphocyte antitumor response to human glioma cell lines.	International journal of immunopathology and pharmacology	2011	21496396	10.1177/039463201102400116		https://doi.org/10.1177/039463201102400116			phosphoantigen_BTN;aminobisphosphonate;adoptive_expansion;Vd2_Vg9;mechanism_cytotox;clinical;glioma	no_pmcid
clinical_trial	Kobayashi H, Tanaka Y, Nakazawa H et al.	A new indicator of favorable prognosis in locally advanced renal cell carcinomas: gamma delta T-cells in peripheral blood.	Anticancer research	2011	21498733			https://pubmed.ncbi.nlm.nih.gov/21498733/			adoptive_expansion;Vd2_Vg9;tumor_infiltrating;clinical;renal	no_pmcid
clinical_trial	Kobayashi H, Tanaka Y, Yagi J et al.	Phase I/II study of adoptive transfer of γδ T cells in combination with zoledronic acid and IL-2 to patients with advanced renal cell carcinoma.	Cancer immunology, immunotherapy : CII	2011	21519826	10.1007/s00262-011-1021-7	PMC11029699	https://pmc.ncbi.nlm.nih.gov/articles/PMC11029699/	pdfs/kobayashi_2011_pmid21519826.pdf		aminobisphosphonate;adoptive_expansion;Vd2_Vg9;mechanism_cytotox;clinical;leukemia;renal	downloaded_europepmc
clinical_trial	Nicol AJ, Tokuyama H, Mattarollo SR et al.	Clinical evaluation of autologous gamma delta T cell-based immunotherapy for metastatic solid tumours.	British journal of cancer	2011	21847128	10.1038/bjc.2011.293	PMC3171009	https://pmc.ncbi.nlm.nih.gov/articles/PMC3171009/	pdfs/nicol_2011_pmid21847128.pdf		aminobisphosphonate;adoptive_expansion;Vd2_Vg9;mechanism_cytotox;clinical	downloaded_europepmc
clinical_trial	Yamasaki A, Onishi H, Morisaki T et al.	Induction of cytotoxic T lymphocytes by CEA peptide-pulsed γδ T-cells isolated from patients with advanced cancer.	Anticancer research	2011	21873153			https://pubmed.ncbi.nlm.nih.gov/21873153/			aminobisphosphonate;adoptive_expansion;mechanism_cytotox;clinical	no_pmcid
clinical_trial	Lança T, Correia DV, Moita CF et al.	The MHC class Ib protein ULBP1 is a nonredundant determinant of leukemia/lymphoma susceptibility to gammadelta T-cell cytotoxicity.	Blood	2010	20101024	10.1182/blood-2009-08-237123		https://doi.org/10.1182/blood-2009-08-237123			Vd2_Vg9;mechanism_cytotox;clinical;leukemia;lymphoma	no_pmcid
clinical_trial	Nakajima J, Murakawa T, Fukami T et al.	A phase I study of adoptive immunotherapy for recurrent non-small-cell lung cancer patients with autologous gammadelta T cells.	European journal of cardio-thoracic surgery : official journal of the European Association for Cardio-thoracic Surgery	2010	20137969	10.1016/j.ejcts.2009.11.051		https://doi.org/10.1016/j.ejcts.2009.11.051			aminobisphosphonate;adoptive_expansion;Vd2_Vg9;mechanism_cytotox;clinical;lung	no_pmcid
clinical_trial	Gomes AQ, Correia DV, Grosso AR et al.	Identification of a panel of ten cell surface protein antigens associated with immunotargeting of leukemias and lymphomas by peripheral blood gammadelta T cells.	Haematologica	2010	20220060	10.3324/haematol.2009.020602	PMC2913090	https://pmc.ncbi.nlm.nih.gov/articles/PMC2913090/	pdfs/gomes_2010_pmid20220060.pdf		Vd2_Vg9;tumor_infiltrating;mechanism_cytotox;clinical;leukemia;lymphoma	downloaded_europepmc
clinical_trial	Kobayashi H, Tanaka Y, Shimmura H et al.	Complete remission of lung metastasis following adoptive immunotherapy using activated autologous gammadelta T-cells in a patient with renal cell carcinoma.	Anticancer research	2010	20332473			https://pubmed.ncbi.nlm.nih.gov/20332473/			aminobisphosphonate;adoptive_expansion;clinical;renal	no_pmcid
clinical_trial	Meraviglia S, Eberl M, Vermijlen D et al.	In vivo manipulation of Vgamma9Vdelta2 T cells with zoledronate and low-dose interleukin-2 for immunotherapy of advanced breast cancer patients.	Clinical and experimental immunology	2010	20491785	10.1111/j.1365-2249.2010.04167.x	PMC2909411	https://pmc.ncbi.nlm.nih.gov/articles/PMC2909411/			aminobisphosphonate;Vd2_Vg9;clinical;leukemia;breast;prostate	not_available_oa
clinical_trial	Su X, Zhang L, Jin L et al.	Coculturing dendritic cells with zoledronate acid efficiently enhance the anti-tumor effects of cytokine-induced killer cells.	Journal of clinical immunology	2010	20549316	10.1007/s10875-010-9434-1		https://doi.org/10.1007/s10875-010-9434-1			aminobisphosphonate;adoptive_expansion;mechanism_cytotox;clinical;myeloma	no_pmcid
clinical_trial	Liu Z, Guo B, Lopez RD	Expression of intercellular adhesion molecule (ICAM)-1 or ICAM-2 is critical in determining sensitivity of pancreatic cancer cells to cytolysis by human gammadelta-T cells: implications in the design of gammadelta-T-cell-based immunotherapies for pancreatic cancer.	Journal of gastroenterology and hepatology	2009	19175829	10.1111/j.1440-1746.2008.05668.x		https://doi.org/10.1111/j.1440-1746.2008.05668.x			adoptive_expansion;clinical;pancreatic	no_pmcid
clinical_trial	Correia DV, d'Orey F, Cardoso BA et al.	Highly active microbial phosphoantigen induces rapid yet sustained MEK/Erk- and PI-3K/Akt-mediated signal transduction in anti-tumor human gammadelta T-cells.	PloS one	2009	19479075	10.1371/journal.pone.0005657	PMC2682580	https://pmc.ncbi.nlm.nih.gov/articles/PMC2682580/	pdfs/correia_2009_pmid19479075.pdf		phosphoantigen_BTN;Vd2_Vg9;mechanism_cytotox;clinical;leukemia	downloaded_europepmc
clinical_trial	Shojaei H, Oberg HH, Juricke M et al.	Toll-like receptors 3 and 7 agonists enhance tumor cell lysis by human gammadelta T cells.	Cancer research	2009	19887600	10.1158/0008-5472.CAN-09-1602		https://doi.org/10.1158/0008-5472.CAN-09-1602			adoptive_expansion;mechanism_cytotox;clinical;lung;pancreatic	no_pmcid
clinical_trial	Sato K, Kondo M, Sakuta K et al.	Impact of culture medium on the expansion of T cells for immunotherapy.	Cytotherapy	2009	19903105	10.3109/14653240903219114		https://doi.org/10.3109/14653240903219114			aminobisphosphonate;adoptive_expansion;mechanism_cytotox;clinical	no_pmcid
clinical_trial	Inman BA, Frigola X, Harris KJ et al.	Questionable relevance of gamma delta T lymphocytes in renal cell carcinoma.	Journal of immunology (Baltimore, Md. : 1950)	2008	18292585	10.4049/jimmunol.180.5.3578	PMC2792739	https://pmc.ncbi.nlm.nih.gov/articles/PMC2792739/			adoptive_expansion;tumor_infiltrating;clinical;renal	not_available_oa
clinical_trial	Liu Z, Eltoum IE, Guo B et al.	Protective immunosurveillance and therapeutic antitumor activity of gammadelta T cells demonstrated in a mouse model of prostate cancer.	Journal of immunology (Baltimore, Md. : 1950)	2008	18424725	10.4049/jimmunol.180.9.6044		https://doi.org/10.4049/jimmunol.180.9.6044			adoptive_expansion;clinical;prostate	no_pmcid
clinical_trial	Kondo M, Sakuta K, Noguchi A et al.	Zoledronate facilitates large-scale ex vivo expansion of functional gammadelta T cells from cancer patients for use in adoptive immunotherapy.	Cytotherapy	2008	19016372	10.1080/14653240802419328		https://doi.org/10.1080/14653240802419328			aminobisphosphonate;adoptive_expansion;mechanism_cytotox;clinical;breast;colorectal;lung;prostate	no_pmcid
clinical_trial	Kobayashi H, Tanaka Y, Yagi J et al.	Safety profile and anti-tumor effects of adoptive immunotherapy using gamma-delta T cells against advanced renal cell carcinoma: a pilot study.	Cancer immunology, immunotherapy : CII	2007	16850345	10.1007/s00262-006-0199-6	PMC11030814	https://pmc.ncbi.nlm.nih.gov/articles/PMC11030814/	pdfs/kobayashi_2007_pmid16850345.pdf		adoptive_expansion;tumor_infiltrating;clinical;renal	downloaded_europepmc
clinical_trial	Fiore F, Castella B, Nuschak B et al.	Enhanced ability of dendritic cells to stimulate innate and adaptive immunity on short-term incubation with zoledronic acid.	Blood	2007	17403919	10.1182/blood-2006-09-044321		https://doi.org/10.1182/blood-2006-09-044321			aminobisphosphonate;adoptive_expansion;Vd2_Vg9	no_pmcid
clinical_trial	Dieli F, Vermijlen D, Fulfaro F et al.	Targeting human {gamma}delta} T cells with zoledronate and interleukin-2 for immunotherapy of hormone-refractory prostate cancer.	Cancer research	2007	17671215	10.1158/0008-5472.CAN-07-0199	PMC3915341	https://pmc.ncbi.nlm.nih.gov/articles/PMC3915341/	pdfs/dieli_2007_pmid17671215.pdf		aminobisphosphonate;tumor_infiltrating;mechanism_cytotox;clinical;prostate	downloaded_europepmc
clinical_trial	Wilhelm M, Kunzmann V, Eckstein S et al.	Gammadelta T cells for immune therapy of patients with lymphoid malignancies.	Blood	2003	12623838	10.1182/blood-2002-12-3665		https://doi.org/10.1182/blood-2002-12-3665			aminobisphosphonate;mechanism_cytotox;clinical;lymphoma;myeloma	no_pmcid
clinical_trial	Ebina T, Fujimiya Y, Yamaguchi T et al.	The use of BRM-activated killer cells in adoptive immunotherapy: a pilot study with nine advanced cancer patients.	Biotherapy (Dordrecht, Netherlands)	1998	9950100	10.1023/a:1008047628284		https://doi.org/10.1023/a:1008047628284			adoptive_expansion;immunosuppression;clinical;leukemia	no_pmcid
clinical_trial	Yamaguchi T, Fujimiya Y, Suzuki Y et al.	A simple method for the propagation and purification of gamma delta T cells from the peripheral blood of glioblastoma patients using solid-phase anti-CD3 antibody and soluble IL-2.	Journal of immunological methods	1997	9236911	10.1016/s0022-1759(97)00062-8		https://doi.org/10.1016/s0022-1759(97)00062-8			adoptive_expansion;mechanism_cytotox;clinical;glioma	no_pmcid
clinical_trial	Merlo A, Filgueira L, Zuber M et al.	T-cell receptor V-gene usage in neoplasms of the central nervous system. A comparative analysis in cultured tumor infiltrating and peripheral blood T cells.	Journal of neurosurgery	1993	8450337	10.3171/jns.1993.78.4.0630		https://doi.org/10.3171/jns.1993.78.4.0630			adoptive_expansion;tumor_infiltrating;clinical;leukemia	no_pmcid
commentary	Kaur K	Editorial: Role of gamma delta T cells in cancer immunotherapy.	Frontiers in immunology	2026	42220528	10.3389/fimmu.2026.1870909	PMC13219298	https://pmc.ncbi.nlm.nih.gov/articles/PMC13219298/	pdfs/kaur_2026_pmid42220528.pdf			downloaded_europepmc
commentary	Blanco-Domínguez R, Mensurado S	How could γδ T cells change the treatment landscape for colorectal cancers?	Immunotherapy	2025	41074675	10.1080/1750743X.2025.2572962	PMC12582096	https://pmc.ncbi.nlm.nih.gov/articles/PMC12582096/			colorectal	not_available_oa
commentary	Caignard A, Poupot-Marsan M, Lafont V et al.	Editorial: New insights into innate immune cell-based immunotherapies in cancer.	Frontiers in immunology	2024	38655257	10.3389/fimmu.2024.1401665	PMC11035827	https://pmc.ncbi.nlm.nih.gov/articles/PMC11035827/	pdfs/caignard_2024_pmid38655257.pdf			downloaded_europepmc
commentary	Kabelitz D, Yin Z	Immunotherapy with γδ T-cells: the future is there.	Immunotherapy	2024	38940301	10.1080/1750743X.2024.2365622	PMC11421294	https://pmc.ncbi.nlm.nih.gov/articles/PMC11421294/	pdfs/kabelitz_2024_pmid38940301.pdf			downloaded_europepmc
commentary	Corsale AM, Di Simone M, Dieli F et al.	Where could gammadelta T cells take us in the treatment of cancer?	Expert opinion on biological therapy	2023	36374510	10.1080/14712598.2022.2147424		https://doi.org/10.1080/14712598.2022.2147424				no_pmcid
commentary	Silva-Santos B, Mensurado S	γδ T cells maintain sensitivity to immunotherapy in MHC-I-deficient tumors.	Nature immunology	2023	36781987	10.1038/s41590-023-01429-w		https://doi.org/10.1038/s41590-023-01429-w				no_pmcid
commentary	Coffelt SB, Suzuki T	γδ T cells turn the tables on immune-evasive colon cancer.	Med (New York, N.Y.)	2023	36905925	10.1016/j.medj.2023.02.007		https://doi.org/10.1016/j.medj.2023.02.007			checkpoint;colorectal	no_pmcid
commentary	Martín-Antonio B	Editorial: Expert opinions and perspectives in adoptive cell therapy for cancer: 2022.	Frontiers in immunology	2023	37545532	10.3389/fimmu.2023.1257016	PMC10402736	https://pmc.ncbi.nlm.nih.gov/articles/PMC10402736/	pdfs/martínantonio_2023_pmid37545532.pdf		adoptive_expansion	downloaded_europepmc
commentary	Kabelitz D	A Ménage à Trois of Cytotoxic Effector Cells: γδ T Cells Suppress NK Cells but Not CTLs.	Cancer immunology research	2022	35436335	10.1158/2326-6066.CIR-22-0148		https://doi.org/10.1158/2326-6066.CIR-22-0148			mechanism_cytotox;immunosuppression	no_pmcid
commentary	Khatwani N, Romee R, Pillai AB	Editorial: Innate immune cell therapy of cancer.	Frontiers in immunology	2022	36059458	10.3389/fimmu.2022.1004415	PMC9437645	https://pmc.ncbi.nlm.nih.gov/articles/PMC9437645/	pdfs/khatwani_2022_pmid36059458.pdf			downloaded_europepmc
commentary	Tan AH, Cheung AMS, Kabelitz D	Editorial: Next generation γδ T cell-based tumor immunotherapy.	Frontiers in immunology	2022	36248869	10.3389/fimmu.2022.1041362	PMC9562770	https://pmc.ncbi.nlm.nih.gov/articles/PMC9562770/	pdfs/tan_2022_pmid36248869.pdf			downloaded_europepmc
commentary	Jaeger N, Colonna M	A γδ T-cell Imprint in a Rare Skin Tumor.	Cancer immunology research	2021	34365413	10.1158/2326-6066.CIR-21-0270		https://doi.org/10.1158/2326-6066.CIR-21-0270			tumor_infiltrating;checkpoint	no_pmcid
commentary	Gustafsson K, Herrmann T, Dieli F	Editorial: Understanding Gamma Delta T Cell Multifunctionality - Towards Immunotherapeutic Applications.	Frontiers in immunology	2020	32477369	10.3389/fimmu.2020.00921	PMC7240008	https://pmc.ncbi.nlm.nih.gov/articles/PMC7240008/	pdfs/gustafsson_2020_pmid32477369.pdf			downloaded_europepmc
commentary	Coffelt SB, Kabelitz D, Silva-Santos B et al.	Editorial: γδ T Cells in Cancer.	Frontiers in immunology	2020	33329597	10.3389/fimmu.2020.602411	PMC7714948	https://pmc.ncbi.nlm.nih.gov/articles/PMC7714948/	pdfs/coffelt_2020_pmid33329597.pdf			downloaded_europepmc
commentary	Long M	γδ T cells for immunotherapy.	Blood	2018	30467186	10.1182/blood-2018-10-876078	PMC6251004	https://pmc.ncbi.nlm.nih.gov/articles/PMC6251004/			adoptive_expansion;mechanism_cytotox;leukemia	not_available_oa
commentary	Daley D, Miller G	The role of γδ T cells in pancreatic cancer: what could this mean for the clinic?	Expert review of gastroenterology & hepatology	2017	28345379	10.1080/17474124.2017.1312344		https://doi.org/10.1080/17474124.2017.1312344			pancreatic	no_pmcid
commentary	Déchanet-Merville J	Promising cell-based immunotherapy using gamma delta T cells: together is better.	Clinical cancer research : an official journal of the American Association for Cancer Research	2014	25278452	10.1158/1078-0432.CCR-14-1371		https://doi.org/10.1158/1078-0432.CCR-14-1371				no_pmcid
commentary	Chen HC, Dieli F, Eberl M	An unconventional TRAIL to cancer therapy.	European journal of immunology	2013	24136367	10.1002/eji.201344105		https://doi.org/10.1002/eji.201344105			mechanism_cytotox;lung	no_pmcid
engineering	Perez XB, Tordesillas L, Martinez-Planes E et al.	CAR Signaling Informs Mechanisms to EnhanceMetabolism and Function in γδ T Cells.	Research square	2026	41674831	10.21203/rs.3.rs-8704178/v1	PMC12889835	https://pmc.ncbi.nlm.nih.gov/articles/PMC12889835/	pdfs/perez_2026_pmid41674831.pdf		CAR_gd;mechanism_cytotox	downloaded_europepmc
engineering	Kelm M, Nasr N, Bendig S et al.	Blinatumomab-driven T-cell activation in αβ and γδ T-cell subsets: insights from in vitro assays.	Frontiers in immunology	2026	41727470	10.3389/fimmu.2026.1739493	PMC12920462	https://pmc.ncbi.nlm.nih.gov/articles/PMC12920462/	pdfs/kelm_2026_pmid41727470.pdf	supplements/41727470_PMC12920462/	aminobisphosphonate;bispecific_engager;adoptive_expansion;Vd2_Vg9;tumor_infiltrating;mechanism_cytotox;checkpoint;immunosuppression;leukemia	downloaded_europepmc
engineering	de Bont DA, Straetemans T, Sebestyén Z et al.	"Commentary on ""Comparative efficacy and safety of PSCA CAR-engineered Vδ1 γδ T cells for immunotherapy of pancreatic cancer""."	Journal for immunotherapy of cancer	2026	41735001	10.1136/jitc-2025-014199	PMC12933776	https://pmc.ncbi.nlm.nih.gov/articles/PMC12933776/	pdfs/de_2026_pmid41735001.pdf		CAR_gd;adoptive_expansion;Vd1;Vd2_Vg9;mechanism_cytotox;immunosuppression;pancreatic	downloaded_europepmc
engineering	Bridge J, Johnson MJ, Kar B et al.	Efficient multiplex non-viral engineering and expansion of polyclonal γδ CAR-T cells for immunotherapy.	Molecular therapy : the journal of the American Society of Gene Therapy	2026	41821313	10.1016/j.ymthe.2026.03.007	PMC13209012	https://pmc.ncbi.nlm.nih.gov/articles/PMC13209012/	pdfs/bridge_2026_pmid41821313.pdf		CAR_gd;adoptive_expansion	downloaded_europepmc
engineering	Wu H, Chen T, Yu Y et al.	Harnessing γδ T cells for B7-H3-targeting CAR therapy to enhance anti-tumor therapy in glioblastoma.	Journal of translational medicine	2026	41832583	10.1186/s12967-026-07994-6	PMC13104396	https://pmc.ncbi.nlm.nih.gov/articles/PMC13104396/	pdfs/wu_2026_pmid41832583.pdf		CAR_gd;adoptive_expansion;tumor_infiltrating;mechanism_cytotox;checkpoint;immunosuppression;glioma	downloaded_europepmc
engineering	Koumpouras F, Caricchio R	Cellular therapies for rheumatic disease.	Current opinion in rheumatology	2026	41852187	10.1097/BOR.0000000000001159	PMC13045811	https://pmc.ncbi.nlm.nih.gov/articles/PMC13045811/	pdfs/koumpouras_2026_pmid41852187.pdf		CAR_gd;bispecific_engager;adoptive_expansion;immunosuppression	downloaded_europepmc
engineering	Zhao Y, Sun Y, Sun H et al.	Treatment of acute myeloid leukemia using CD3/CD123 bispecific antibody-engaged γδT cells in a mouse xenograft model.	Tissue & cell	2026	41930880	10.1016/j.tice.2026.103502		https://doi.org/10.1016/j.tice.2026.103502			bispecific_engager;adoptive_expansion;tumor_infiltrating;mechanism_cytotox;leukemia	no_pmcid
engineering	de Castro GC, Bean GR, Wen KW	Highly Skewed Immunohistochemical αβ:γδ Ratios for T-Cell Receptors Can Be Detected in Reactive Duodenal Biopsies.	Archives of pathology & laboratory medicine	2026	41951224	10.5858/arpa.2025-0446-OA		https://doi.org/10.5858/arpa.2025-0446-OA			CAR_gd;checkpoint;leukemia;lymphoma	no_pmcid
engineering	de Jong M, Žiberna R, Veth M et al.	A trophoblast glycoprotein specific 5T4-Vδ2 bispecific T cell engager recruits Vγ9Vδ2-T cells for tumor-selective cytotoxicity across solid malignancies.	Clinical immunology (Orlando, Fla.)	2026	41999960	10.1016/j.clim.2026.110707		https://doi.org/10.1016/j.clim.2026.110707			bispecific_engager;Vd2_Vg9;mechanism_cytotox	no_pmcid
engineering	Leong L, Narula M, Englisch J et al.	Engineering CAR-Vδ2 T cells to boost persistence and anti-tumor function.	bioRxiv : the preprint server for biology	2026	42039611	10.64898/2026.04.13.717612	PMC13105040	https://pmc.ncbi.nlm.nih.gov/articles/PMC13105040/	pdfs/leong_2026_pmid42039611.pdf	supplements/42039611_PMC13105040/	CAR_gd;adoptive_expansion;Vd2_Vg9	downloaded_europepmc
engineering	Fraietta JA, Lohmueller JJ	PSCA CAR Vδ1 T cells: a safer off-the-shelf CAR T therapy for pancreatic cancer?	Journal for immunotherapy of cancer	2026	42103354	10.1136/jitc-2025-014088	PMC13157800	https://pmc.ncbi.nlm.nih.gov/articles/PMC13157800/	pdfs/fraietta_2026_pmid42103354.pdf		CAR_gd;adoptive_expansion;Vd1;Vd2_Vg9;immunosuppression;leukemia;pancreatic;prostate	downloaded_europepmc
engineering	Su Y, Liu C, Li C et al.	Vδ1 T cells exhibit high lactic acid resistance and antitumor activity in solid tumors.	Journal of translational medicine	2026	42106736	10.1186/s12967-026-08234-7		https://doi.org/10.1186/s12967-026-08234-7			CAR_gd;adoptive_expansion;Vd1;Vd2_Vg9;mechanism_cytotox	no_pmcid
engineering	Dong R, Zhang Y, Yuan G et al.	A Novel Strategy to Produce CAR-γδ T Cells via Site-Directed Gene Integration by a Combination of CRISPR/Cas9 and AAV.	Cancer medicine	2026	42145154	10.1002/cam4.71918	PMC13181432	https://pmc.ncbi.nlm.nih.gov/articles/PMC13181432/	pdfs/dong_2026_pmid42145154.pdf		CAR_gd	downloaded_europepmc
engineering	Kuska J, Kostyra J, Pinot L et al.	A clinical-grade automated platform for the manufacturing of CAR-γδ T cells for immunotherapy.	Frontiers in immunology	2026	42253960	10.3389/fimmu.2026.1779035	PMC13236643	https://pmc.ncbi.nlm.nih.gov/articles/PMC13236643/	pdfs/kuska_2026_pmid42253960.pdf		CAR_gd;adoptive_expansion;Vd2_Vg9;leukemia	downloaded_europepmc
engineering	Liu L, Wang H, Shi L et al.	Development of super Vδ2 T cells for relapsed/refractory acute myeloid Leukemia via non-viral site-specific integration.	International immunopharmacology	2026	42284763	10.1016/j.intimp.2026.116981		https://doi.org/10.1016/j.intimp.2026.116981			CAR_gd;phosphoantigen_BTN;adoptive_expansion;Vd2_Vg9;mechanism_cytotox;leukemia	no_pmcid
engineering	Safavi A, Samir J, Singh M et al.	Identification of clonally expanded γδ T-cell populations during CAR-T cell therapy.	Immunology and cell biology	2025	39500484	10.1111/imcb.12834		https://doi.org/10.1111/imcb.12834			CAR_gd;adoptive_expansion;Vd1	no_pmcid
engineering	Kamala K, Sivaperumal P	Hybrid Chimeric Antigen Receptor (CAR) γδ T Cells for Oral Cancer Therapy: Enhanced Safety and Targeted Efficacy.	Clinical oncology (Royal College of Radiologists (Great Britain))	2025	39577200	10.1016/j.clon.2024.103683		https://doi.org/10.1016/j.clon.2024.103683			CAR_gd	no_pmcid
engineering	Kumar ARK, Low J, Lim J et al.	Non-viral, high throughput genetic engineering of primary immune cells using nanostraw-mediated transfection.	Biomaterials	2025	39842078	10.1016/j.biomaterials.2024.123079		https://doi.org/10.1016/j.biomaterials.2024.123079			CAR_gd;adoptive_expansion	no_pmcid
engineering	Zhu Y, Yang Y, Yue L et al.	Efficacy of natural killer T and gammadelta T cells in mesothelin-targeted immunotherapy of pancreatic cancer.	Frontiers in immunology	2025	39995672	10.3389/fimmu.2025.1524899	PMC11847856	https://pmc.ncbi.nlm.nih.gov/articles/PMC11847856/	pdfs/zhu_2025_pmid39995672.pdf		CAR_gd;aminobisphosphonate;bispecific_engager;pancreatic	downloaded_europepmc
engineering	Zhu G, Sun Z, Liu Y et al.	Rational Design and Organoid-Based Evaluation of a Cocktail CAR-γδ T Cell Therapy for Heterogeneous Glioblastoma.	Advanced science (Weinheim, Baden-Wurttemberg, Germany)	2025	40112194	10.1002/advs.202501772	PMC12097020	https://pmc.ncbi.nlm.nih.gov/articles/PMC12097020/	pdfs/zhu_2025_pmid40112194.pdf		CAR_gd;Vd1;tumor_infiltrating;mechanism_cytotox;immunosuppression;glioma	downloaded_europepmc
engineering	Zhao Y, Li Y, Wang S et al.	CAR-γδ T Cells Targeting Claudin18.2 Show Superior Cytotoxicity Against Solid Tumor Compared to Traditional CAR-αβ T Cells.	Cancers	2025	40149332	10.3390/cancers17060998	PMC11940616	https://pmc.ncbi.nlm.nih.gov/articles/PMC11940616/	pdfs/zhao_2025_pmid40149332.pdf		CAR_gd;mechanism_cytotox	downloaded_europepmc
engineering	Boutin L, Liu M, Déchanet Merville J et al.	EphA2 and phosphoantigen-mediated selective killing of medulloblastoma by γδT cells preserves neuronal and stem cell integrity.	Oncoimmunology	2025	40190167	10.1080/2162402X.2025.2485535	PMC11980450	https://pmc.ncbi.nlm.nih.gov/articles/PMC11980450/	pdfs/boutin_2025_pmid40190167.pdf		CAR_gd;phosphoantigen_BTN;Vd1;Vd2_Vg9;tumor_infiltrating;checkpoint	downloaded_europepmc
engineering	Tin E, Khatri I, Fang K et al.	Single-cell RNA sequencing of human double-negative T cells reveals a favorable cellular signature for cancer therapy.	Journal for immunotherapy of cancer	2025	40246580	10.1136/jitc-2024-010684	PMC12007110	https://pmc.ncbi.nlm.nih.gov/articles/PMC12007110/	pdfs/tin_2025_pmid40246580.pdf		CAR_gd;aminobisphosphonate;adoptive_expansion;Vd2_Vg9;tumor_infiltrating;mechanism_cytotox;leukemia	downloaded_europepmc
engineering	Velasco Santiago M, Aehnlich P, Hulen TM et al.	Overcoming antigen loss in CAR T therapy with Vγ9Vδ2 CAR T-cells.	Immuno-oncology technology	2025	40271017	10.1016/j.iotech.2025.101053	PMC12013397	https://pmc.ncbi.nlm.nih.gov/articles/PMC12013397/	pdfs/velasco_2025_pmid40271017.pdf		CAR_gd;adoptive_expansion;Vd2_Vg9;mechanism_cytotox	downloaded_europepmc
engineering	Kitidee K, Amonyingcharoen S, Preedagasamzin S et al.	Combining CD3/GD2 bispecific T cell engager with human Vγ9Vδ2 T cells facilitates neuroblastoma cell targeting and killing in vitro.	PloS one	2025	40489497	10.1371/journal.pone.0325389	PMC12148185	https://pmc.ncbi.nlm.nih.gov/articles/PMC12148185/	pdfs/kitidee_2025_pmid40489497.pdf	supplements/40489497_PMC12148185/	bispecific_engager;Vd2_Vg9;mechanism_cytotox;neuroblastoma	downloaded_europepmc
engineering	Nishimoto KP, Lamture G, Chanthery Y et al.	ADI-270: an armored allogeneic gamma delta T cell therapy designed to target CD70-expressing solid and hematologic malignancies.	Journal for immunotherapy of cancer	2025	40592738	10.1136/jitc-2025-011704	PMC12215124	https://pmc.ncbi.nlm.nih.gov/articles/PMC12215124/	pdfs/nishimoto_2025_pmid40592738.pdf	supplements/40592738_PMC12215124/	CAR_gd;adoptive_expansion;Vd1;tumor_infiltrating;mechanism_cytotox;immunosuppression;renal	downloaded_europepmc
engineering	Li HK, Wu TS, Ru Y et al.	Allogeneic cetuximab-armed gamma delta T cells using antibody-cell conjugation technology for the treatment of EGFR-expressing solid tumors.	Journal for immunotherapy of cancer	2025	40664444	10.1136/jitc-2024-010500	PMC12265807	https://pmc.ncbi.nlm.nih.gov/articles/PMC12265807/	pdfs/li_2025_pmid40664444.pdf	supplements/40664444_PMC12265807/	CAR_gd;adoptive_expansion;mechanism_cytotox;immunosuppression;lymphoma	downloaded_europepmc
engineering	Li Z, Liu N, Shah Z et al.	Comparative efficacy and safety of PSCA CAR-engineered Vδ1 γδ T cells for immunotherapy of pancreatic cancer.	Journal for immunotherapy of cancer	2025	40930745	10.1136/jitc-2025-011890	PMC12421624	https://pmc.ncbi.nlm.nih.gov/articles/PMC12421624/	pdfs/li_2025_pmid40930745.pdf	supplements/40930745_PMC12421624/	CAR_gd;adoptive_expansion;Vd1;Vd2_Vg9;tumor_infiltrating;mechanism_cytotox;immunosuppression;pancreatic;prostate	downloaded_europepmc
engineering	Portillo AL, Mehboob M, Snyder G et al.	IL-21-reprogrammed Vδ1 T cells exert killing against solid tumors which is enhanced by CAR arming for off-the-shelf immunotherapy.	Oncoimmunology	2025	40996786	10.1080/2162402X.2025.2562210	PMC12477882	https://pmc.ncbi.nlm.nih.gov/articles/PMC12477882/	pdfs/portillo_2025_pmid40996786.pdf	supplements/40996786_PMC12477882/	CAR_gd;adoptive_expansion;Vd1;tumor_infiltrating;mechanism_cytotox;immunosuppression;breast;ovarian	downloaded_europepmc
engineering	Martin GH, Hedir S, Creusat F et al.	Tumor-dependent myeloid and lymphoid cell recruitment in genO-BRGSF-HIS mice: a novel tool for evaluating immunotherapies.	Frontiers in immunology	2025	41041306	10.3389/fimmu.2025.1624724	PMC12484184	https://pmc.ncbi.nlm.nih.gov/articles/PMC12484184/	pdfs/martin_2025_pmid41041306.pdf	supplements/41041306_PMC12484184/	bispecific_engager;tumor_infiltrating	downloaded_europepmc
engineering	Ramírez-Fernández Á, Dimitri AJ, Chen F et al.	CCR5-targeted allogeneic gamma-delta CD19 chimeric antigen receptor T cells for HIV-associated B cell-malignancy immunotherapy.	Nature biomedical engineering	2025	41120570	10.1038/s41551-025-01527-0		https://doi.org/10.1038/s41551-025-01527-0			CAR_gd;adoptive_expansion;lymphoma	no_pmcid
engineering	Zhang D, Tang Y, Sun W et al.	Validation of CCL20-driven CAR-γδ T secreting PD-1 blockade with enhanced trafficking into solid tumor.	iScience	2025	41169511	10.1016/j.isci.2025.113463	PMC12570371	https://pmc.ncbi.nlm.nih.gov/articles/PMC12570371/	pdfs/zhang_2025_pmid41169511.pdf	supplements/41169511_PMC12570371/	CAR_gd;adoptive_expansion;tumor_infiltrating;checkpoint;immunosuppression;lung	downloaded_europepmc
engineering	Zhu G, Shi X, Jiang Y et al.	Microgravity-cultured glioblastoma organoids integrated with microfluidic chip for CAR-γδ T evaluation.	Communications biology	2025	41407922	10.1038/s42003-025-09390-0	PMC12717136	https://pmc.ncbi.nlm.nih.gov/articles/PMC12717136/	pdfs/zhu_2025_pmid41407922.pdf		CAR_gd;tumor_infiltrating;mechanism_cytotox;glioma	downloaded_europepmc
engineering	Hu L, Zhou H	CCR5-targeted γδ CAR-T cells: a rational step toward HIV-resistant allogeneic immunotherapy.	Frontiers in pharmacology	2025	41409599	10.3389/fphar.2025.1734423	PMC12705539	https://pmc.ncbi.nlm.nih.gov/articles/PMC12705539/	pdfs/hu_2025_pmid41409599.pdf		CAR_gd;adoptive_expansion	downloaded_europepmc
engineering	Liu W, Moriarity BS, Webber BR	Genetic engineering and allogeneic optimization of Vδ1 γδ CAR-T cells (ADI-270) for cancer immunotherapy.	Journal for immunotherapy of cancer	2025	41453774	10.1136/jitc-2025-013537	PMC12742126	https://pmc.ncbi.nlm.nih.gov/articles/PMC12742126/	pdfs/liu_2025_pmid41453774.pdf		CAR_gd;adoptive_expansion;Vd1;immunosuppression	downloaded_europepmc
engineering	Juraske C, Krissmer SM, Teuber ES et al.	Reprogramming of human γδ T cells by expression of an anti-CD19 TCR fusion construct (εTRuC) to enhance tumor killing.	Journal of leukocyte biology	2024	38149982	10.1093/jleuko/qiad128		https://doi.org/10.1093/jleuko/qiad128			CAR_gd;aminobisphosphonate;adoptive_expansion;Vd1;Vd2_Vg9;mechanism_cytotox	no_pmcid
engineering	Mathioudaki A, Wang X, Sedloev D et al.	The remission status of AML patients after allo-HCT is associated with a distinct single-cell bone marrow T-cell signature.	Blood	2024	38197505	10.1182/blood.2023021815	PMC10997908	https://pmc.ncbi.nlm.nih.gov/articles/PMC10997908/	pdfs/mathioudaki_2024_pmid38197505.pdf		CAR_gd;adoptive_expansion;tumor_infiltrating;mechanism_cytotox;immunosuppression;leukemia	downloaded_europepmc
engineering	Mo F, Tsai CT, Zheng R et al.	Human platelet lysate enhances in vivo activity of CAR-Vδ2 T cells by reducing cellular senescence and apoptosis.	Cytotherapy	2024	38506769	10.1016/j.jcyt.2024.03.006	PMC11269029	https://pmc.ncbi.nlm.nih.gov/articles/PMC11269029/			CAR_gd;adoptive_expansion;Vd2_Vg9;mechanism_cytotox	not_available_oa
engineering	Hull CM, Larcombe-Young D, Mazza R et al.	Granzyme B-activated IL18 potentiates αβ and γδ CAR T cell immunotherapy in a tumor-dependent manner.	Molecular therapy : the journal of the American Society of Gene Therapy	2024	38745414	10.1016/j.ymthe.2024.05.013	PMC11286818	https://pmc.ncbi.nlm.nih.gov/articles/PMC11286818/	pdfs/hull_2024_pmid38745414.pdf		CAR_gd;tumor_infiltrating;mechanism_cytotox	downloaded_europepmc
engineering	Verhaar ER, van Keizerswaard WJC, Knoflook A et al.	Nanobody-based CAR NK cells for possible immunotherapy of MICA+ tumors.	PNAS nexus	2024	38756234	10.1093/pnasnexus/pgae184	PMC11096969	https://pmc.ncbi.nlm.nih.gov/articles/PMC11096969/	pdfs/verhaar_2024_pmid38756234.pdf		CAR_gd;mechanism_cytotox	downloaded_europepmc
engineering	Boutin L, Barjon C, Chauvet M et al.	Camelid-derived Tcell engagers harnessing human γδ T cells as promising antitumor immunotherapeutic agents.	European journal of immunology	2024	38804118	10.1002/eji.202350773		https://doi.org/10.1002/eji.202350773			bispecific_engager;Vd2_Vg9;mechanism_cytotox;immunosuppression	no_pmcid
engineering	Fowler D, Barisa M, Southern A et al.	Payload-delivering engineered γδ T cells display enhanced cytotoxicity, persistence, and efficacy in preclinical models of osteosarcoma.	Science translational medicine	2024	38809963	10.1126/scitranslmed.adg9814		https://doi.org/10.1126/scitranslmed.adg9814			CAR_gd;aminobisphosphonate;adoptive_expansion;Vd2_Vg9;mechanism_cytotox	no_pmcid
engineering	Basnet S, Van der Heijden M, Quixabeira DCA et al.	Overcoming effector T cell exhaustion in ovarian cancer ascites with a novel adenovirus encoding for a MUC1 bispecific antibody engager and IL-2 cytokine.	Molecular therapy : the journal of the American Society of Gene Therapy	2024	38910324	10.1016/j.ymthe.2024.06.029	PMC11403222	https://pmc.ncbi.nlm.nih.gov/articles/PMC11403222/	pdfs/basnet_2024_pmid38910324.pdf		bispecific_engager;mechanism_cytotox;checkpoint;immunosuppression;ovarian	downloaded_europepmc
engineering	Bridge J, Johnson MJ, Kim J et al.	Efficient multiplex non-viral engineering and expansion of polyclonal γδ CAR-T cells for immunotherapy.	bioRxiv : the preprint server for biology	2024	39464114	10.1101/2024.09.03.611042	PMC11507710	https://pmc.ncbi.nlm.nih.gov/articles/PMC11507710/	pdfs/bridge_2024_pmid39464114.pdf		CAR_gd;adoptive_expansion	downloaded_europepmc
engineering	Guerrero-Murillo M, Rill-Hinarejos A, Trincado JL et al.	Integrative single-cell multi-omics of CD19-CARpos and CARneg T cells suggest drivers of immunotherapy response in B cell neoplasias.	Cell reports. Medicine	2024	39471818	10.1016/j.xcrm.2024.101803	PMC11604525	https://pmc.ncbi.nlm.nih.gov/articles/PMC11604525/	pdfs/guerreromurillo_2024_pmid39471818.pdf		CAR_gd;adoptive_expansion;tumor_infiltrating;mechanism_cytotox;leukemia;lymphoma	downloaded_europepmc
engineering	King LA, de Jong M, Veth M et al.	Vδ2 T-cell engagers bivalent for Vδ2-TCR binding provide anti-tumor immunity and support robust Vγ9Vδ2 T-cell expansion.	Frontiers in oncology	2024	39493452	10.3389/fonc.2024.1474007	PMC11527600	https://pmc.ncbi.nlm.nih.gov/articles/PMC11527600/	pdfs/king_2024_pmid39493452.pdf		phosphoantigen_BTN;bispecific_engager;adoptive_expansion;Vd2_Vg9;checkpoint	downloaded_europepmc
engineering	Huang SW, Pan CM, Lin YC et al.	BiTE-Secreting CAR-γδT as a Dual Targeting Strategy for the Treatment of Solid Tumors.	Advanced science (Weinheim, Baden-Wurttemberg, Germany)	2023	37078788	10.1002/advs.202206856	PMC10265101	https://pmc.ncbi.nlm.nih.gov/articles/PMC10265101/	pdfs/huang_2023_pmid37078788.pdf		CAR_gd;bispecific_engager;adoptive_expansion;Vd2_Vg9;mechanism_cytotox;checkpoint	downloaded_europepmc
engineering	Frieling JS, Tordesillas L, Bustos XE et al.	γδ-Enriched CAR-T cell therapy for bone metastatic castrate-resistant prostate cancer.	Science advances	2023	37134157	10.1126/sciadv.adf0108	PMC10156127	https://pmc.ncbi.nlm.nih.gov/articles/PMC10156127/	pdfs/frieling_2023_pmid37134157.pdf		CAR_gd;aminobisphosphonate;Vd2_Vg9;checkpoint;prostate	downloaded_europepmc
engineering	Chen Z, Lin C, Pei H et al.	Antibody-based binding domain fused to TCRγ chain facilitates T cell cytotoxicity for potent anti-tumor response.	Oncogenesis	2023	37349298	10.1038/s41389-023-00480-4	PMC10287668	https://pmc.ncbi.nlm.nih.gov/articles/PMC10287668/	pdfs/chen_2023_pmid37349298.pdf		CAR_gd;tumor_infiltrating;mechanism_cytotox;checkpoint;immunosuppression	downloaded_europepmc
engineering	Becker SA, Petrich BG, Yu B et al.	Enhancing the effectiveness of γδ T cells by mRNA transfection of chimeric antigen receptors or bispecific T cell engagers.	Molecular therapy oncolytics	2023	37387794	10.1016/j.omto.2023.05.007	PMC10300408	https://pmc.ncbi.nlm.nih.gov/articles/PMC10300408/	pdfs/becker_2023_pmid37387794.pdf		CAR_gd;bispecific_engager;adoptive_expansion;mechanism_cytotox	downloaded_europepmc
engineering	Xu X, Zu C, Zhang M et al.	HLA Fully-Mismatched Sibling-Derived CD7 CAR-T Therapy Bridging to Haploidentical Hematopoietic Stem Cell Transplantation for Hepatosplenic γδ T-cell Lymphoma.	Cell transplantation	2023	37667507	10.1177/09636897231194265	PMC10481705	https://pmc.ncbi.nlm.nih.gov/articles/PMC10481705/	pdfs/xu_2023_pmid37667507.pdf		CAR_gd;adoptive_expansion;leukemia;lymphoma	downloaded_europepmc
engineering	Wang Y, Ji N, Zhang Y et al.	B7H3-targeting chimeric antigen receptor modification enhances antitumor effect of Vγ9Vδ2 T cells in glioblastoma.	Journal of translational medicine	2023	37770968	10.1186/s12967-023-04514-8	PMC10537973	https://pmc.ncbi.nlm.nih.gov/articles/PMC10537973/	pdfs/wang_2023_pmid37770968.pdf		CAR_gd;phosphoantigen_BTN;aminobisphosphonate;Vd2_Vg9;tumor_infiltrating;mechanism_cytotox;glioma	downloaded_europepmc
engineering	Li HK, Wu TS, Kuo YC et al.	A Novel Allogeneic Rituximab-Conjugated Gamma Delta T Cell Therapy for the Treatment of Relapsed/Refractory B-Cell Lymphoma.	Cancers	2023	37835538	10.3390/cancers15194844	PMC10571679	https://pmc.ncbi.nlm.nih.gov/articles/PMC10571679/	pdfs/li_2023_pmid37835538.pdf		CAR_gd;adoptive_expansion;Vd2_Vg9;mechanism_cytotox;immunosuppression;lymphoma	downloaded_europepmc
engineering	Lee D, Dunn ZS, Guo W et al.	Unlocking the potential of allogeneic Vδ2 T cells for ovarian cancer therapy through CD16 biomarker selection and CAR/IL-15 engineering.	Nature communications	2023	37938576	10.1038/s41467-023-42619-2	PMC10632431	https://pmc.ncbi.nlm.nih.gov/articles/PMC10632431/	pdfs/lee_2023_pmid37938576.pdf		CAR_gd;adoptive_expansion;Vd2_Vg9;mechanism_cytotox;ovarian	downloaded_europepmc
engineering	Branella GM, Lee JY, Okalova J et al.	Ligand-based targeting of c-kit using engineered γδ T cells as a strategy for treating acute myeloid leukemia.	Frontiers in immunology	2023	38022523	10.3389/fimmu.2023.1294555	PMC10679681	https://pmc.ncbi.nlm.nih.gov/articles/PMC10679681/	pdfs/branella_2023_pmid38022523.pdf		CAR_gd;bispecific_engager;adoptive_expansion;tumor_infiltrating;mechanism_cytotox;leukemia	downloaded_europepmc
engineering	Wawrzyniecka PA, Ibrahim L, Gritti G et al.	Chimeric antigen receptor T cells for gamma-delta T cell malignancies.	Leukemia	2022	34389804	10.1038/s41375-021-01385-0	PMC8807386	https://pmc.ncbi.nlm.nih.gov/articles/PMC8807386/	pdfs/wawrzyniecka_2022_pmid34389804.pdf		CAR_gd	downloaded_europepmc
engineering	Melenhorst JJ, Chen GM, Wang M et al.	Decade-long leukaemia remissions with persistence of CD4+ CAR T cells.	Nature	2022	35110735	10.1038/s41586-021-04390-6	PMC9166916	https://pmc.ncbi.nlm.nih.gov/articles/PMC9166916/			CAR_gd;adoptive_expansion;tumor_infiltrating;mechanism_cytotox	not_available_oa
engineering	Zhang X, Ang WX, Du Z et al.	A CD123-specific chimeric antigen receptor augments anti-acute myeloid leukemia activity of Vγ9Vδ2 T cells.	Immunotherapy	2022	35152722	10.2217/imt-2021-0143		https://doi.org/10.2217/imt-2021-0143			CAR_gd;adoptive_expansion;Vd2_Vg9;mechanism_cytotox;leukemia	no_pmcid
engineering	Ye X, Deng X, Wen J et al.	Folate Receptor-Alpha Targeted 7x19 CAR-γδT Suppressed Triple-Negative Breast Cancer Xenograft Model in Mice.	Journal of oncology	2022	35295709	10.1155/2022/2112898	PMC8920629	https://pmc.ncbi.nlm.nih.gov/articles/PMC8920629/	pdfs/ye_2022_pmid35295709.pdf		CAR_gd;adoptive_expansion;tumor_infiltrating;immunosuppression;breast	downloaded_europepmc
engineering	Legut M, Gajic Z, Guarino M et al.	A genome-scale screen for synthetic drivers of T cell proliferation.	Nature	2022	35296855	10.1038/s41586-022-04494-7	PMC9908437	https://pmc.ncbi.nlm.nih.gov/articles/PMC9908437/			CAR_gd;adoptive_expansion;tumor_infiltrating;immunosuppression	not_available_oa
engineering	Bian-Fang Y, Dong-Ning W, Dan T et al.	The Role of Autophagy in Tumor Immune Infiltration in Colorectal Cancer.	Analytical cellular pathology (Amsterdam)	2022	35321516	10.1155/2022/2055676	PMC8938087	https://pmc.ncbi.nlm.nih.gov/articles/PMC8938087/	pdfs/bianfang_2022_pmid35321516.pdf		CAR_gd;tumor_infiltrating;immunosuppression;colorectal	downloaded_europepmc
engineering	Li YR, Brown J, Yu Y et al.	Targeting Immunosuppressive Tumor-Associated Macrophages Using Innate T Cells for Enhanced Antitumor Reactivity.	Cancers	2022	35681730	10.3390/cancers14112749	PMC9179365	https://pmc.ncbi.nlm.nih.gov/articles/PMC9179365/	pdfs/li_2022_pmid35681730.pdf		CAR_gd;adoptive_expansion;tumor_infiltrating;mechanism_cytotox;immunosuppression;leukemia	downloaded_europepmc
engineering	Ferry GM, Agbuduwe C, Forrester M et al.	A Simple and Robust Single-Step Method for CAR-Vδ1 γδT Cell Expansion and Transduction for Cancer Immunotherapy.	Frontiers in immunology	2022	35711450	10.3389/fimmu.2022.863155	PMC9197253	https://pmc.ncbi.nlm.nih.gov/articles/PMC9197253/	pdfs/ferry_2022_pmid35711450.pdf		CAR_gd;adoptive_expansion;Vd1;Vd2_Vg9;mechanism_cytotox	downloaded_europepmc
engineering	Lai AY, Patel A, Brewer F et al.	Cutting Edge: Bispecific γδ T Cell Engager Containing Heterodimeric BTN2A1 and BTN3A1 Promotes Targeted Activation of Vγ9Vδ2+ T Cells in the Presence of Costimulation by CD28 or NKG2D.	Journal of immunology (Baltimore, Md. : 1950)	2022	36096643	10.4049/jimmunol.2200185	PMC9527206	https://pmc.ncbi.nlm.nih.gov/articles/PMC9527206/	pdfs/lai_2022_pmid36096643.pdf		phosphoantigen_BTN;bispecific_engager;Vd2_Vg9;mechanism_cytotox;lymphoma	downloaded_europepmc
engineering	Sánchez Martínez D, Tirado N, Mensurado S et al.	Generation and proof-of-concept for allogeneic CD123 CAR-Delta One T (DOT) cells in acute myeloid leukemia.	Journal for immunotherapy of cancer	2022	36162920	10.1136/jitc-2022-005400	PMC9516293	https://pmc.ncbi.nlm.nih.gov/articles/PMC9516293/	pdfs/sánchez_2022_pmid36162920.pdf		CAR_gd;adoptive_expansion;Vd1;mechanism_cytotox;immunosuppression;leukemia	downloaded_europepmc
engineering	Xi X, Guo Y, Zhu M et al.	Identification of new potential antigen recognized by γδT cells in hepatocellular carcinoma.	Cancer immunology, immunotherapy : CII	2021	33399933	10.1007/s00262-020-02826-y	PMC10992768	https://pmc.ncbi.nlm.nih.gov/articles/PMC10992768/	pdfs/xi_2021_pmid33399933.pdf		CAR_gd;mechanism_cytotox;hepatocellular	downloaded_europepmc
engineering	Zhai X, You F, Xiang S et al.	MUC1-Tn-targeting chimeric antigen receptor-modified Vγ9Vδ2 T cells with enhanced antigen-specific anti-tumor activity.	American journal of cancer research	2021	33520361		PMC7840711	https://pmc.ncbi.nlm.nih.gov/articles/PMC7840711/	pdfs/zhai_2021_pmid33520361.pdf		CAR_gd;aminobisphosphonate;adoptive_expansion;Vd2_Vg9;mechanism_cytotox;immunosuppression	downloaded_europepmc
engineering	Park JA, Santich BH, Xu H et al.	Potent ex vivo armed T cells using recombinant bispecific antibodies for adoptive immunotherapy with reduced cytokine release.	Journal for immunotherapy of cancer	2021	33986124	10.1136/jitc-2020-002222	PMC8126293	https://pmc.ncbi.nlm.nih.gov/articles/PMC8126293/	pdfs/park_2021_pmid33986124.pdf		CAR_gd;bispecific_engager;adoptive_expansion;tumor_infiltrating;mechanism_cytotox	downloaded_europepmc
engineering	Yu L, Guo QM, Wang Y et al.	EpCAM expression in esophageal cancer and its correlation with immunotherapy of solitomab.	Journal of thoracic disease	2021	34012588	10.21037/jtd-21-442	PMC8107559	https://pmc.ncbi.nlm.nih.gov/articles/PMC8107559/	pdfs/yu_2021_pmid34012588.pdf		bispecific_engager;mechanism_cytotox	downloaded_europepmc
engineering	Barisa M, Fowler D, Fisher J	Interplay between γδT-Cell Metabolism and Tumour Microenvironment Offers Opportunities for Therapeutic Intervention.	Immunometabolism	2021	34394978	10.20900/immunometab20210026	PMC7611484	https://pmc.ncbi.nlm.nih.gov/articles/PMC7611484/	pdfs/barisa_2021_pmid34394978.pdf		CAR_gd;adoptive_expansion;tumor_infiltrating;immunosuppression	downloaded_europepmc
engineering	Boyd N, Cartledge K, Cao H et al.	'Off-the-Shelf' Immunotherapy: Manufacture of CD8+ T Cells Derived from Hematopoietic Stem Cells.	Cells	2021	34685611	10.3390/cells10102631	PMC8534391	https://pmc.ncbi.nlm.nih.gov/articles/PMC8534391/	pdfs/boyd_2021_pmid34685611.pdf		CAR_gd;adoptive_expansion;mechanism_cytotox;ovarian	downloaded_europepmc
engineering	van Diest E, Hernández López P, Meringa AD et al.	Gamma delta TCR anti-CD3 bispecific molecules (GABs) as novel immunotherapeutic compounds.	Journal for immunotherapy of cancer	2021	34815357	10.1136/jitc-2021-003850	PMC8611453	https://pmc.ncbi.nlm.nih.gov/articles/PMC8611453/	pdfs/van_2021_pmid34815357.pdf		phosphoantigen_BTN;bispecific_engager;Vd2_Vg9;tumor_infiltrating;leukemia;myeloma	downloaded_europepmc
engineering	Kim M, Kim H, Han M et al.	Characteristics of Human Peripheral Blood γδ T Cells Expanded With Zoledronate.	Anticancer research	2021	34848457	10.21873/anticanres.15422		https://doi.org/10.21873/anticanres.15422			CAR_gd;aminobisphosphonate;adoptive_expansion;Vd1;mechanism_cytotox;lymphoma	no_pmcid
engineering	Makkouk A, Yang XC, Barca T et al.	Off-the-shelf Vδ1 gamma delta T cells engineered with glypican-3 (GPC-3)-specific chimeric antigen receptor (CAR) and soluble IL-15 display robust antitumor efficacy against hepatocellular carcinoma.	Journal for immunotherapy of cancer	2021	34916256	10.1136/jitc-2021-003441	PMC8679077	https://pmc.ncbi.nlm.nih.gov/articles/PMC8679077/	pdfs/makkouk_2021_pmid34916256.pdf		CAR_gd;adoptive_expansion;Vd1;tumor_infiltrating;mechanism_cytotox;immunosuppression;hepatocellular	downloaded_europepmc
engineering	Oberg HH, Peters C, Kabelitz D et al.	Real-time cell analysis (RTCA) to measure killer cell activity against adherent tumor cells in vitro.	Methods in enzymology	2020	31948561	10.1016/bs.mie.2019.07.020		https://doi.org/10.1016/bs.mie.2019.07.020			bispecific_engager;tumor_infiltrating;mechanism_cytotox	no_pmcid
engineering	Jonescheit H, Oberg HH, Gonnermann D et al.	Influence of Indoleamine-2,3-Dioxygenase and Its Metabolite Kynurenine on γδ T Cell Cytotoxicity against Ductal Pancreatic Adenocarcinoma Cells.	Cells	2020	32384638	10.3390/cells9051140	PMC7290398	https://pmc.ncbi.nlm.nih.gov/articles/PMC7290398/	pdfs/jonescheit_2020_pmid32384638.pdf		bispecific_engager;mechanism_cytotox;leukemia;pancreatic	downloaded_europepmc
engineering	Guo Q, Zhao P, Zhang Z et al.	TIM-3 blockade combined with bispecific antibody MT110 enhances the anti-tumor effect of γδ T cells.	Cancer immunology, immunotherapy : CII	2020	32588076	10.1007/s00262-020-02638-0	PMC11027458	https://pmc.ncbi.nlm.nih.gov/articles/PMC11027458/	pdfs/guo_2020_pmid32588076.pdf		bispecific_engager;adoptive_expansion;mechanism_cytotox;checkpoint;breast	downloaded_europepmc
engineering	Fleischer LC, Becker SA, Ryan RE et al.	Non-signaling Chimeric Antigen Receptors Enhance Antigen-Directed Killing by γδ T Cells in Contrast to αβ T Cells.	Molecular therapy oncolytics	2020	32671190	10.1016/j.omto.2020.06.003	PMC7341062	https://pmc.ncbi.nlm.nih.gov/articles/PMC7341062/	pdfs/fleischer_2020_pmid32671190.pdf		CAR_gd;mechanism_cytotox;leukemia;lymphoma	downloaded_europepmc
engineering	Gonnermann D, Oberg HH, Lettau M et al.	Galectin-3 Released by Pancreatic Ductal Adenocarcinoma Suppresses γδ T Cell Proliferation but Not Their Cytotoxicity.	Frontiers in immunology	2020	32695112	10.3389/fimmu.2020.01328	PMC7338555	https://pmc.ncbi.nlm.nih.gov/articles/PMC7338555/	pdfs/gonnermann_2020_pmid32695112.pdf		bispecific_engager;adoptive_expansion;Vd2_Vg9;tumor_infiltrating;mechanism_cytotox;immunosuppression;pancreatic	downloaded_europepmc
engineering	Rozenbaum M, Meir A, Aharony Y et al.	Gamma-Delta CAR-T Cells Show CAR-Directed and Independent Activity Against Leukemia.	Frontiers in immunology	2020	32714329	10.3389/fimmu.2020.01347	PMC7343910	https://pmc.ncbi.nlm.nih.gov/articles/PMC7343910/	pdfs/rozenbaum_2020_pmid32714329.pdf		CAR_gd;aminobisphosphonate;adoptive_expansion;leukemia	downloaded_europepmc
engineering	Basar R, Daher M, Rezvani K	Next-generation cell therapies: the emerging role of CAR-NK cells.	Blood advances	2020	33232480	10.1182/bloodadvances.2020002547	PMC7686910	https://pmc.ncbi.nlm.nih.gov/articles/PMC7686910/	pdfs/basar_2020_pmid33232480.pdf		CAR_gd;adoptive_expansion	downloaded_europepmc
engineering	Burnham RE, Zoine JT, Story JY et al.	Characterization of Donor Variability for γδ T Cell ex vivo Expansion and Development of an Allogeneic γδ T Cell Immunotherapy.	Frontiers in medicine	2020	33282892	10.3389/fmed.2020.588453	PMC7691424	https://pmc.ncbi.nlm.nih.gov/articles/PMC7691424/	pdfs/burnham_2020_pmid33282892.pdf		CAR_gd;adoptive_expansion;mechanism_cytotox	downloaded_europepmc
engineering	Li Z, Hu Y, An Y et al.	Novel Bispecific Aptamer Enhances Immune Cytotoxicity Against MUC1-Positive Tumor Cells by MUC1-CD16 Dual Targeting.	Molecules (Basel, Switzerland)	2019	30699986	10.3390/molecules24030478	PMC6385031	https://pmc.ncbi.nlm.nih.gov/articles/PMC6385031/	pdfs/li_2019_pmid30699986.pdf		bispecific_engager;mechanism_cytotox;leukemia	downloaded_europepmc
engineering	Kumagai A, Shimizu K, Kurata R et al.	Establishment of Novel Cells Stably Secreting Various Human IL-18 Recombinant Proteins.	Current pharmaceutical biotechnology	2019	30727885	10.2174/1389201020666190206203640		https://doi.org/10.2174/1389201020666190206203640			CAR_gd;adoptive_expansion;mechanism_cytotox;checkpoint	no_pmcid
engineering	Zeng J, Tang SY, Wang S	Derivation of mimetic γδ T cells endowed with cancer recognition receptors from reprogrammed γδ T cell.	PloS one	2019	31071196	10.1371/journal.pone.0216815	PMC6508724	https://pmc.ncbi.nlm.nih.gov/articles/PMC6508724/	pdfs/zeng_2019_pmid31071196.pdf		CAR_gd;adoptive_expansion;mechanism_cytotox;checkpoint	downloaded_europepmc
engineering	Polito VA, Cristantielli R, Weber G et al.	Universal Ready-to-Use Immunotherapeutic Approach for the Treatment of Cancer: Expanded and Activated Polyclonal γδ Memory T Cells.	Frontiers in immunology	2019	31824502	10.3389/fimmu.2019.02717	PMC6883509	https://pmc.ncbi.nlm.nih.gov/articles/PMC6883509/	pdfs/polito_2019_pmid31824502.pdf		CAR_gd;adoptive_expansion;Vd1;mechanism_cytotox;immunosuppression	downloaded_europepmc
engineering	Capsomidis A, Benthall G, Van Acker HH et al.	Chimeric Antigen Receptor-Engineered Human Gamma Delta T Cells: Enhanced Cytotoxicity with Retention of Cross Presentation.	Molecular therapy : the journal of the American Society of Gene Therapy	2018	29310916	10.1016/j.ymthe.2017.12.001	PMC5835118	https://pmc.ncbi.nlm.nih.gov/articles/PMC5835118/	pdfs/capsomidis_2018_pmid29310916.pdf		CAR_gd;adoptive_expansion;Vd1;Vd2_Vg9;tumor_infiltrating;mechanism_cytotox	downloaded_europepmc
engineering	Oberg HH, Kellner C, Gonnermann D et al.	Tribody [(HER2)2xCD16] Is More Effective Than Trastuzumab in Enhancing γδ T Cell and Natural Killer Cell Cytotoxicity Against HER2-Expressing Cancer Cells.	Frontiers in immunology	2018	29725336	10.3389/fimmu.2018.00814	PMC5916959	https://pmc.ncbi.nlm.nih.gov/articles/PMC5916959/	pdfs/oberg_2018_pmid29725336.pdf		bispecific_engager;adoptive_expansion;tumor_infiltrating;mechanism_cytotox;leukemia;breast;pancreatic;ovarian	downloaded_europepmc
engineering	Sacchi A, Tumino N, Sabatini A et al.	Myeloid-Derived Suppressor Cells Specifically Suppress IFN-γ Production and Antitumor Cytotoxic Activity of Vδ2 T Cells.	Frontiers in immunology	2018	29928279	10.3389/fimmu.2018.01271	PMC5997821	https://pmc.ncbi.nlm.nih.gov/articles/PMC5997821/	pdfs/sacchi_2018_pmid29928279.pdf		CAR_gd;phosphoantigen_BTN;adoptive_expansion;Vd2_Vg9;tumor_infiltrating;mechanism_cytotox;immunosuppression;lymphoma	downloaded_europepmc
engineering	Xu Y, Yang Z, Horan LH et al.	A novel antibody-TCR (AbTCR) platform combines Fab-based antigen recognition with gamma/delta-TCR signaling to facilitate T-cell cytotoxicity with low cytokine release.	Cell discovery	2018	30479831	10.1038/s41421-018-0066-6	PMC6242878	https://pmc.ncbi.nlm.nih.gov/articles/PMC6242878/	pdfs/xu_2018_pmid30479831.pdf		CAR_gd;mechanism_cytotox;immunosuppression;leukemia;lymphoma	downloaded_europepmc
engineering	Fisher J, Abramowski P, Wisidagamage Don ND et al.	Avoidance of On-Target Off-Tumor Activation Using a Co-stimulation-Only Chimeric Antigen Receptor.	Molecular therapy : the journal of the American Society of Gene Therapy	2017	28341563	10.1016/j.ymthe.2017.03.002	PMC5417796	https://pmc.ncbi.nlm.nih.gov/articles/PMC5417796/	pdfs/fisher_2017_pmid28341563.pdf		CAR_gd;Vd2_Vg9;mechanism_cytotox;neuroblastoma	downloaded_europepmc
engineering	de Bruin RCG, Veluchamy JP, Lougheed SM et al.	A bispecific nanobody approach to leverage the potent and widely applicable tumor cytolytic capacity of Vγ9Vδ2-T cells.	Oncoimmunology	2017	29296532	10.1080/2162402X.2017.1375641	PMC5739573	https://pmc.ncbi.nlm.nih.gov/articles/PMC5739573/	pdfs/de_2017_pmid29296532.pdf		bispecific_engager;Vd2_Vg9	downloaded_europepmc
engineering	de Bruin RCG, Lougheed SM, van der Kruk L et al.	Highly specific and potently activating Vγ9Vδ2-T cell specific nanobodies for diagnostic and therapeutic applications.	Clinical immunology (Orlando, Fla.)	2016	27373969	10.1016/j.clim.2016.06.012		https://doi.org/10.1016/j.clim.2016.06.012			phosphoantigen_BTN;bispecific_engager;adoptive_expansion;Vd2_Vg9	no_pmcid
engineering	Oberg HH, Grage-Griebenow E, Adam-Klages S et al.	Monitoring and functional characterization of the lymphocytic compartment in pancreatic ductal adenocarcinoma patients.	Pancreatology : official journal of the International Association of Pancreatology (IAP) ... [et al.]	2016	27424476	10.1016/j.pan.2016.07.008		https://doi.org/10.1016/j.pan.2016.07.008			bispecific_engager;tumor_infiltrating;mechanism_cytotox;immunosuppression;pancreatic	no_pmcid
engineering	Du SH, Li Z, Chen C et al.	Co-Expansion of Cytokine-Induced Killer Cells and Vγ9Vδ2 T Cells for CAR T-Cell Therapy.	PloS one	2016	27598655	10.1371/journal.pone.0161820	PMC5012695	https://pmc.ncbi.nlm.nih.gov/articles/PMC5012695/	pdfs/du_2016_pmid27598655.pdf		CAR_gd;adoptive_expansion;Vd2_Vg9;mechanism_cytotox	downloaded_europepmc
engineering	Oberg HH, Kellner C, Gonnermann D et al.	γδ T cell activation by bispecific antibodies.	Cellular immunology	2015	25979810	10.1016/j.cellimm.2015.04.009		https://doi.org/10.1016/j.cellimm.2015.04.009			phosphoantigen_BTN;aminobisphosphonate;bispecific_engager;Vd2_Vg9	no_pmcid
engineering	Oberg HH, Peipp M, Kellner C et al.	Novel bispecific antibodies increase γδ T-cell cytotoxicity against pancreatic cancer cells.	Cancer research	2014	24448235	10.1158/0008-5472.CAN-13-0675		https://doi.org/10.1158/0008-5472.CAN-13-0675			bispecific_engager;adoptive_expansion;Vd2_Vg9;tumor_infiltrating;mechanism_cytotox;pancreatic	no_pmcid
engineering	Hoh A, Dewerth A, Vogt F et al.	The activity of γδ T cells against paediatric liver tumour cells and spheroids in cell culture.	Liver international : official journal of the International Association for the Study of the Liver	2013	23088518	10.1111/liv.12011		https://doi.org/10.1111/liv.12011			aminobisphosphonate;bispecific_engager;adoptive_expansion;mechanism_cytotox;hepatocellular	no_pmcid
engineering	Themeli M, Kloss CC, Ciriello G et al.	Generation of tumor-targeted human T lymphocytes from induced pluripotent stem cells for cancer therapy.	Nature biotechnology	2013	23934177	10.1038/nbt.2678	PMC5722218	https://pmc.ncbi.nlm.nih.gov/articles/PMC5722218/			CAR_gd;adoptive_expansion	not_available_oa
engineering	Verdino P, Witherden DA, Ferguson MS et al.	Molecular insights into γδ T cell costimulation by an anti-JAML antibody.	Structure (London, England : 1993)	2011	21220118	10.1016/j.str.2010.10.007	PMC3039130	https://pmc.ncbi.nlm.nih.gov/articles/PMC3039130/			CAR_gd	not_available_oa
engineering	Zhang T, Sentman CL	Cancer immunotherapy using a bispecific NK receptor fusion protein that engages both T cells and tumor cells.	Cancer research	2011	21282338	10.1158/0008-5472.CAN-10-3200	PMC3095211	https://pmc.ncbi.nlm.nih.gov/articles/PMC3095211/			bispecific_engager;tumor_infiltrating;mechanism_cytotox;immunosuppression;lymphoma	not_available_oa
engineering	Witherden DA, Verdino P, Rieder SE et al.	The junctional adhesion molecule JAML is a costimulatory receptor for epithelial gammadelta T cell activation.	Science (New York, N.Y.)	2010	20813954	10.1126/science.1192698	PMC2943937	https://pmc.ncbi.nlm.nih.gov/articles/PMC2943937/			CAR_gd	not_available_oa
engineering	Tsukamoto H, Nakamura Y, Masuko T et al.	Specific targeting of in vitro-activated human antitumour effector cells using anti-CD3 x anti-c-erbB-2 bispecific antibody.	Immunology and cell biology	1993	8098011	10.1038/icb.1993.11		https://doi.org/10.1038/icb.1993.11			bispecific_engager;adoptive_expansion;tumor_infiltrating;mechanism_cytotox	no_pmcid
engineering	Tycko B, Palmer JD, Sklar J	T cell receptor gene trans-rearrangements: chimeric gamma-delta genes in normal lymphoid tissues.	Science (New York, N.Y.)	1989	2551037	10.1126/science.2551037		https://doi.org/10.1126/science.2551037			CAR_gd;leukemia	no_pmcid
primary_research	Mimpen IL, Battaglia TW, Parra-Martinez M et al.	Microbial Metabolic Pathways Guide Response to Immune Checkpoint Blockade Therapy.	Cancer discovery	2026	40996449	10.1158/2159-8290.CD-24-1669		https://doi.org/10.1158/2159-8290.CD-24-1669			Vd2_Vg9;checkpoint;immunosuppression	no_pmcid
primary_research	Liu M, Dhakal H, Li H et al.	Prostaglandin D2 axis impairs immunity against melanoma via dendritic cells and γδ T cells in middle-aged mice.	Journal of immunology (Baltimore, Md. : 1950)	2026	41149947	10.1093/jimmun/vkaf288		https://doi.org/10.1093/jimmun/vkaf288			adoptive_expansion;tumor_infiltrating;checkpoint;immunosuppression;melanoma	no_pmcid
primary_research	Catafal-Tardos E, Dachicourt L, Baglioni MV et al.	Dynamics of checkpoint receptors in γδ T cell subsets are associated with clinical response during anti-PD-1 immunotherapies.	EMBO molecular medicine	2026	41310392	10.1038/s44321-025-00338-9	PMC12808275	https://pmc.ncbi.nlm.nih.gov/articles/PMC12808275/	pdfs/catafaltardos_2026_pmid41310392.pdf	supplements/41310392_PMC12808275/	Vd1;Vd2_Vg9;tumor_infiltrating;checkpoint;immunosuppression;leukemia;melanoma	downloaded_europepmc
primary_research	Hou HY, Chu X, Cheng GD et al.	A Sandwich-like metabolic regulator activated γδ T cells for dual immunotherapy.	Journal of controlled release : official journal of the Controlled Release Society	2026	41319962	10.1016/j.jconrel.2025.114473		https://doi.org/10.1016/j.jconrel.2025.114473			phosphoantigen_BTN;tumor_infiltrating;immunosuppression	no_pmcid
primary_research	Valuskova Z, Cholujova D, Beke G et al.	Immune checkpoint remodeling across disease progression in multiple myeloma.	Neoplasma	2026	41410506	10.4149/neo_2025_251026N448		https://doi.org/10.4149/neo_2025_251026N448			adoptive_expansion;mechanism_cytotox;checkpoint;myeloma	no_pmcid
primary_research	Hao Q, Zhou T, Yan H et al.	A pan-cancer single cell landscape reveals heterogeneity and functional diversity of double-negative T cells.	Molecular cancer	2026	41484771	10.1186/s12943-025-02548-8	PMC12882460	https://pmc.ncbi.nlm.nih.gov/articles/PMC12882460/	pdfs/hao_2026_pmid41484771.pdf	supplements/41484771_PMC12882460/	tumor_infiltrating;mechanism_cytotox;checkpoint;immunosuppression	downloaded_europepmc
primary_research	Iftehimul M, Newman RH, Harrison SH et al.	Temporal molecular remodeling of T cells informs their possible adaptation in 4T1 tumors.	Computational and structural biotechnology journal	2026	41550137	10.1016/j.csbj.2025.12.022	PMC12809272	https://pmc.ncbi.nlm.nih.gov/articles/PMC12809272/	pdfs/iftehimul_2026_pmid41550137.pdf	supplements/41550137_PMC12809272/	tumor_infiltrating;mechanism_cytotox;immunosuppression;breast	downloaded_europepmc
primary_research	Alnaggar M, Chen Y, Wang C et al.	Synergistic Effect of Fecal Microbiota Transplantation, γδT Cell Immunotherapy, and Pembrolizumab in Refractory Advanced Pancreatic Cancer: A Case Report.	Journal of gastrointestinal cancer	2026	41557025	10.1007/s12029-025-01368-9		https://doi.org/10.1007/s12029-025-01368-9			immunosuppression;leukemia;pancreatic	no_pmcid
primary_research	van Renterghem AWJ, Parra-Martinez M, Witsen M et al.	Liver metastases dampen IL18-driven γδ T cell activity and immunotherapy responsiveness in colorectal cancer.	Cell reports. Medicine	2026	41592565	10.1016/j.xcrm.2025.102579	PMC12923965	https://pmc.ncbi.nlm.nih.gov/articles/PMC12923965/	pdfs/van_2026_pmid41592565.pdf	supplements/41592565_PMC12923965/	adoptive_expansion;Vd1;tumor_infiltrating;checkpoint;colorectal	downloaded_europepmc
primary_research	Zhang BB, Lin HY, Tran HY et al.	Unmodified γδ T cells exhibit potent antitumor activity in hepatocellular carcinoma and are enhanced by PD-L1 blockade.	Immunobiology	2026	41643403	10.1016/j.imbio.2026.153163		https://doi.org/10.1016/j.imbio.2026.153163			adoptive_expansion;tumor_infiltrating;mechanism_cytotox;checkpoint;immunosuppression;hepatocellular	no_pmcid
primary_research	Rosato M, Saibene Vélez P, Infante Cruz A et al.	Small Messengers: Glioblastoma-Derived Extracellular Vesicles Modulate γδ T Lymphocytes Through a MIC-Dependent Mechanism.	Biology	2026	41677746	10.3390/biology15030275	PMC12896963	https://pmc.ncbi.nlm.nih.gov/articles/PMC12896963/	pdfs/rosato_2026_pmid41677746.pdf		tumor_infiltrating;mechanism_cytotox;glioma	downloaded_europepmc
primary_research	Marsères G, Gentil C, Tinevez C et al.	Adoptive γδ T cell therapy controls cytomegalovirus infection in preclinical transplantation models.	Nature communications	2026	41702924	10.1038/s41467-026-69538-2	PMC13022275	https://pmc.ncbi.nlm.nih.gov/articles/PMC13022275/	pdfs/marsères_2026_pmid41702924.pdf	supplements/41702924_PMC13022275/	adoptive_expansion;Vd1;immunosuppression	downloaded_europepmc
primary_research	Mandal S, Dhali A, Maji M et al.	Relevance of Chemokines in Mobilizing γδ T Cells in the Biliary Tract Cancer Microenvironment: Potential for γδ T-Cell-Based Adoptive Cell Therapy.	American journal of clinical oncology	2026	41711559	10.1097/COC.0000000000001306		https://doi.org/10.1097/COC.0000000000001306			adoptive_expansion;Vd1;Vd2_Vg9;tumor_infiltrating;immunosuppression	no_pmcid
primary_research	Yang Z, Yang Q, Li S et al.	Integrated ICD-based subtyping and prognostic model reveal KCNN4 as a novel therapeutic target in NSCLC.	Discover oncology	2026	41741906	10.1007/s12672-026-04651-8	PMC13038718	https://pmc.ncbi.nlm.nih.gov/articles/PMC13038718/	pdfs/yang_2026_pmid41741906.pdf	supplements/41741906_PMC13038718/	tumor_infiltrating;mechanism_cytotox;checkpoint;immunosuppression;lung	downloaded_europepmc
primary_research	Pinot L, Zhumadilova Z, Saßor A et al.	Human serum influences functional plasticity and transcriptomic landscape of γδ T cells in vitro.	Frontiers in immunology	2026	41743736	10.3389/fimmu.2026.1722590	PMC12929466	https://pmc.ncbi.nlm.nih.gov/articles/PMC12929466/	pdfs/pinot_2026_pmid41743736.pdf	supplements/41743736_PMC12929466/	aminobisphosphonate;adoptive_expansion;Vd2_Vg9;tumor_infiltrating;mechanism_cytotox;checkpoint;breast	downloaded_europepmc
primary_research	Morandi F, Della Lastra M, Tripodi G et al.	A novel GMP-manufactured medicinal product candidate composed of NK and γδ T cells as adjunct immunotherapy for hematopoietic stem cell transplantation.	Cell transplantation	2026	41761987	10.1177/09636897251374248	PMC12953997	https://pmc.ncbi.nlm.nih.gov/articles/PMC12953997/	pdfs/morandi_2026_pmid41761987.pdf		aminobisphosphonate;adoptive_expansion;mechanism_cytotox;leukemia;neuroblastoma	downloaded_europepmc
primary_research	Lin JR, Song YC, Chou YL et al.	Dasatinib boosts γδ T cell expansion and memory phenotypes with enhanced antitumor immunity.	Cancer immunology, immunotherapy : CII	2026	41770421	10.1007/s00262-026-04335-w	PMC12953828	https://pmc.ncbi.nlm.nih.gov/articles/PMC12953828/	pdfs/lin_2026_pmid41770421.pdf	supplements/41770421_PMC12953828/	aminobisphosphonate;adoptive_expansion;Vd2_Vg9;mechanism_cytotox;glioma;breast	downloaded_europepmc
primary_research	Vyborova A, Gasull-Celades L, Brazda P et al.	Pre-existing activation states shape functional heterogeneity of human Vγ9Vδ2 T cells.	Frontiers in immunology	2026	41777882	10.3389/fimmu.2026.1696469	PMC12950705	https://pmc.ncbi.nlm.nih.gov/articles/PMC12950705/	pdfs/vyborova_2026_pmid41777882.pdf		adoptive_expansion;Vd2_Vg9;tumor_infiltrating	downloaded_europepmc
primary_research	Raffo-Iraolagoitia XL, McFarlane AJ, Laing S et al.	Vγ1 γδ T cells steer airway macrophages toward a profibrotic response in an autochthonous lung cancer mouse model.	Science advances	2026	41779856	10.1126/sciadv.adu8802	PMC12959402	https://pmc.ncbi.nlm.nih.gov/articles/PMC12959402/	pdfs/raffoiraolagoitia_2026_pmid41779856.pdf		adoptive_expansion;lung	downloaded_europepmc
primary_research	Ye H, Zhang C, Bu L et al.	DENND2D serves as a novel prognostic biomarker with paradoxical protumorigenic effects in glioma.	Discover oncology	2026	41796401	10.1007/s12672-026-04743-5	PMC13083557	https://pmc.ncbi.nlm.nih.gov/articles/PMC13083557/	pdfs/ye_2026_pmid41796401.pdf	supplements/41796401_PMC13083557/	tumor_infiltrating;immunosuppression;glioma	downloaded_europepmc
primary_research	McKenzie GM, Voss J, Katsanis E et al.	TIGIT Blockade Potentiates the Anti-Leukemic Activity of Exercise-Mobilized Donor Lymphocytes and Expanded γδ T-Cells.	Cancers	2026	41827731	10.3390/cancers18050797	PMC12984231	https://pmc.ncbi.nlm.nih.gov/articles/PMC12984231/	pdfs/mckenzie_2026_pmid41827731.pdf		adoptive_expansion;tumor_infiltrating;mechanism_cytotox;checkpoint;immunosuppression;leukemia	downloaded_europepmc
primary_research	Campillo-Davo D, Flumens D, Berneman ZN et al.	RNA-based co-transfer of human CD8αβ with WT1-specific TCRαβ redirects tumor recognition by CD4 and γδ T-cells towards MHC class I-restricted WT1 epitopes and boosts CD8 T-cell responses with or without CD3 mRNA.	Experimental hematology & oncology	2026	41857770	10.1186/s40164-026-00764-6	PMC13003731	https://pmc.ncbi.nlm.nih.gov/articles/PMC13003731/	pdfs/campillodavo_2026_pmid41857770.pdf	supplements/41857770_PMC13003731/	adoptive_expansion;immunosuppression	downloaded_europepmc
primary_research	Qin X, Zhong H, Liu M et al.	Metformin drives HIF-1α-mediated dual metabolic reprogramming to enhance γδ T cell therapy in triple-negative breast cancer.	Cancer immunology, immunotherapy : CII	2026	41925872	10.1007/s00262-026-04351-w	PMC13046905	https://pmc.ncbi.nlm.nih.gov/articles/PMC13046905/	pdfs/qin_2026_pmid41925872.pdf		tumor_infiltrating;mechanism_cytotox;immunosuppression;breast	downloaded_europepmc
primary_research	Liu H, Li M, Jiao Y et al.	Peptide hydrogel boosts the cytotoxic and metabolic fitness of Vγ9Vδ2 T cells in melanoma immunotherapy.	Frontiers in immunology	2026	41939862	10.3389/fimmu.2026.1793631	PMC13047159	https://pmc.ncbi.nlm.nih.gov/articles/PMC13047159/	pdfs/liu_2026_pmid41939862.pdf	supplements/41939862_PMC13047159/	adoptive_expansion;Vd2_Vg9;tumor_infiltrating;mechanism_cytotox;immunosuppression;melanoma	downloaded_europepmc
primary_research	Jones TA, Shapiro JW, Sinicrope S et al.	Targeting the novel immune checkpoint KLRG1 is markedly therapeutic against cancer through multiple lymphocyte subsets.	Journal for immunotherapy of cancer	2026	41956544	10.1136/jitc-2025-013869	PMC13084953	https://pmc.ncbi.nlm.nih.gov/articles/PMC13084953/	pdfs/jones_2026_pmid41956544.pdf		tumor_infiltrating;checkpoint;immunosuppression;melanoma	downloaded_europepmc
primary_research	Lin Z, Ao M, Hu Y et al.	Integrated bulk and single-cell transcriptomics with experimental validation to identify calmodulin-related prognostic genes in lung adenocarcinoma.	American journal of cancer research	2026	42004077	10.62347/SDLR5143	PMC13090484	https://pmc.ncbi.nlm.nih.gov/articles/PMC13090484/	pdfs/lin_2026_pmid42004077.pdf		tumor_infiltrating;checkpoint;immunosuppression	downloaded_europepmc
primary_research	Furriel F, Laranjeira P, Pereira M et al.	CD39/CD73-mediated immunosuppression and tumor aggressiveness in bladder cancer.	Cancer immunology, immunotherapy : CII	2026	42018002	10.1007/s00262-026-04400-4	PMC13103164	https://pmc.ncbi.nlm.nih.gov/articles/PMC13103164/	pdfs/furriel_2026_pmid42018002.pdf		tumor_infiltrating;mechanism_cytotox;checkpoint;immunosuppression	downloaded_europepmc
primary_research	Su Z, Li H, Zhang D et al.	Analysis of the tumor reactivity of autologous TILs and allogeneic γδ T cells via tumor organoid-immune cell coculture.	Journal of translational medicine	2026	42035083	10.1186/s12967-026-07706-0	PMC13123169	https://pmc.ncbi.nlm.nih.gov/articles/PMC13123169/	pdfs/su_2026_pmid42035083.pdf	supplements/42035083_PMC13123169/	adoptive_expansion;Vd2_Vg9;tumor_infiltrating;mechanism_cytotox	downloaded_europepmc
primary_research	Razmi M, Almasi Y, Larrivée M et al.	Killer-cell immunoglobulin-like receptors define a potent effector program in human γδ T cells.	JCI insight	2026	42044172	10.1172/jci.insight.201160		https://doi.org/10.1172/jci.insight.201160			mechanism_cytotox;immunosuppression	no_pmcid
primary_research	Maeda K, Kariya R, Panaampon J et al.	Elotuzumab enhances the anti-tumor activity of Vγ9Vδ2 T cells against primary effusion lymphoma.	European journal of pharmacology	2026	42081990	10.1016/j.ejphar.2026.178922		https://doi.org/10.1016/j.ejphar.2026.178922			Vd2_Vg9;mechanism_cytotox;lymphoma;myeloma	no_pmcid
primary_research	Blanco-Domínguez R, Vaz-Pinto AM, Barros L et al.	Regulatory T cells sabotage anti-tumor γδ T cells by creating IL-2-deficient environments.	The Journal of experimental medicine	2026	42126428	10.1084/jem.20252133	PMC13170521	https://pmc.ncbi.nlm.nih.gov/articles/PMC13170521/	pdfs/blancodomínguez_2026_pmid42126428.pdf		adoptive_expansion;tumor_infiltrating;immunosuppression;breast	downloaded_europepmc
primary_research	Li TA, Quigley LT, Chan KF et al.	Characterisation of tumor-infiltrating gamma-delta T cells in human colorectal cancer with MHC-I loss.	Clinical & translational immunology	2026	42131824	10.1002/cti2.70097	PMC13161889	https://pmc.ncbi.nlm.nih.gov/articles/PMC13161889/	pdfs/li_2026_pmid42131824.pdf		tumor_infiltrating;mechanism_cytotox;leukemia;colorectal	downloaded_europepmc
primary_research	Carreira M, Barros L, Cruz RM et al.	CXCR3 signaling promotes Delta One T cell recruitment and antitumor efficacy in colorectal cancer.	Journal for immunotherapy of cancer	2026	42208977	10.1136/jitc-2025-014668	PMC13223943	https://pmc.ncbi.nlm.nih.gov/articles/PMC13223943/	pdfs/carreira_2026_pmid42208977.pdf		adoptive_expansion;Vd1;tumor_infiltrating;colorectal	downloaded_europepmc
primary_research	Mandal S, Hasan SR, Dhali A et al.	Integrated Single-Cell Transcriptomics Identifies γδ T-Cell Heterogeneity and a Candidate HLA-E-NKG2A Regulatory Axis in Pancreatic Ductal Adenocarcinoma.	Cancers	2026	42279307	10.3390/cancers18111723	PMC13255768	https://pmc.ncbi.nlm.nih.gov/articles/PMC13255768/	pdfs/mandal_2026_pmid42279307.pdf		tumor_infiltrating;checkpoint;immunosuppression;pancreatic	downloaded_europepmc
primary_research	DeMatteo R, Zeng S, Sussman J et al.	Effector Vδ1 γδT cells mediate anti-tumor immunity and are reprogrammed by imatinib in human gastrointestinal stromal tumor.	Research square	2026	42282009	10.21203/rs.3.rs-9557741/v1	PMC13252525	https://pmc.ncbi.nlm.nih.gov/articles/PMC13252525/	pdfs/dematteo_2026_pmid42282009.pdf		adoptive_expansion;Vd1;tumor_infiltrating;mechanism_cytotox;checkpoint;immunosuppression	downloaded_europepmc
primary_research	Yang Y, Sun J, Fang Y et al.	LncRNA SOX21-AS1 is associated with poor prognosis and immunomodulation in glioblastoma.	Translational cancer research	2026	42305519	10.21037/tcr-2025-1-2684	PMC13265177	https://pmc.ncbi.nlm.nih.gov/articles/PMC13265177/			tumor_infiltrating;checkpoint;glioma	not_available_oa
primary_research	Zarobkiewicz MK, Lehman N, Kowalska W et al.	Expression of CD226 on γδ T cells is lower in advanced chronic lymphocytic leukemia and correlates with IgA, IgG and LDH levels.	Advances in clinical and experimental medicine : official organ Wroclaw Medical University	2025	38819939	10.17219/acem/186335		https://doi.org/10.17219/acem/186335			Vd1;Vd2_Vg9;mechanism_cytotox;checkpoint;leukemia	no_pmcid
primary_research	Li Y, Chen D, Xu Y et al.	Prognostic implications, genomic and immune characteristics of lung adenocarcinoma with lepidic growth pattern.	Journal of clinical pathology	2025	39097406	10.1136/jcp-2024-209603		https://doi.org/10.1136/jcp-2024-209603			tumor_infiltrating;checkpoint	no_pmcid
primary_research	Yang J, Liu Z, Hu X et al.	Skin-Resident γδ T Cells Mediate Potent and Selective Antitumor Cytotoxicity through Directed Chemotactic Migration and Mobilization of Cytotoxic Granules.	The Journal of investigative dermatology	2025	39571888	10.1016/j.jid.2024.10.607		https://doi.org/10.1016/j.jid.2024.10.607			adoptive_expansion;tumor_infiltrating;mechanism_cytotox;immunosuppression;lymphoma;melanoma;colorectal	no_pmcid
primary_research	Luo J, Wang S, Yang Q et al.	γδ T Cell-mediated Tumor Immunity is Tightly Regulated by STING and TGF-β Signaling Pathways.	Advanced science (Weinheim, Baden-Wurttemberg, Germany)	2025	39573933	10.1002/advs.202404432	PMC11727375	https://pmc.ncbi.nlm.nih.gov/articles/PMC11727375/	pdfs/luo_2025_pmid39573933.pdf		tumor_infiltrating;immunosuppression	downloaded_europepmc
primary_research	Verkerk T, de Waard AA, Koomen SJI et al.	Tumor-Expressed SPPL3 Supports Innate Antitumor Immune Responses.	European journal of immunology	2025	39655358	10.1002/eji.202451129	PMC11830388	https://pmc.ncbi.nlm.nih.gov/articles/PMC11830388/	pdfs/verkerk_2025_pmid39655358.pdf			downloaded_europepmc
primary_research	Cheng Z, Lu J, Chen Y et al.	The role of CD101 and Tim3 in the immune microenvironment of gastric cancer and their potential as prognostic biomarkers.	International immunopharmacology	2025	39700955	10.1016/j.intimp.2024.113835		https://doi.org/10.1016/j.intimp.2024.113835			tumor_infiltrating;checkpoint	no_pmcid
primary_research	Hoque M, Grigg JB, Ramlall T et al.	Structural characterization of two γδ TCR/CD3 complexes.	Nature communications	2025	39747888	10.1038/s41467-024-55467-5	PMC11697310	https://pmc.ncbi.nlm.nih.gov/articles/PMC11697310/	pdfs/hoque_2025_pmid39747888.pdf		Vd1;Vd2_Vg9	downloaded_europepmc
primary_research	Peters C, Simeonov J, Gombert D et al.	Specific selection of stimulation-responsive γδ T-cells utilizing a short-term activation assay.	Methods in cell biology	2025	39824565	10.1016/bs.mcb.2024.10.006		https://doi.org/10.1016/bs.mcb.2024.10.006			adoptive_expansion;Vd2_Vg9;tumor_infiltrating;immunosuppression	no_pmcid
primary_research	Gao Y, Liu J, Wu M et al.	Photosensitive Hybrid γδ-T Exosomes for Targeted Cancer Photoimmunotherapy.	ACS nano	2025	39862206	10.1021/acsnano.4c11024	PMC11803918	https://pmc.ncbi.nlm.nih.gov/articles/PMC11803918/	pdfs/gao_2025_pmid39862206.pdf		mechanism_cytotox;checkpoint;melanoma	downloaded_europepmc
primary_research	Chen Z, Yang C, Wang J et al.	Integrating of Radiomics and Single-cell Transcriptomics Uncovers the Crucial Role of γδ T Cells in Lung Adenocarcinoma.	Journal of Cancer	2025	39895781	10.7150/jca.105586	PMC11786044	https://pmc.ncbi.nlm.nih.gov/articles/PMC11786044/	pdfs/chen_2025_pmid39895781.pdf		tumor_infiltrating;mechanism_cytotox	downloaded_europepmc
primary_research	Parigiani MA	γδ T cell expansion and their use in in vitro cytotoxicity assays.	Methods in cell biology	2025	39919846	10.1016/bs.mcb.2024.05.002		https://doi.org/10.1016/bs.mcb.2024.05.002			adoptive_expansion;mechanism_cytotox;immunosuppression;breast	no_pmcid
primary_research	You H, Zhang X, Chen H et al.	γδ T-cell autoresponses to ectopic membrane proteins: a new type of pattern recognition.	Cellular & molecular immunology	2025	39939816	10.1038/s41423-025-01258-x	PMC11955531	https://pmc.ncbi.nlm.nih.gov/articles/PMC11955531/	pdfs/you_2025_pmid39939816.pdf		Vd1;Vd2_Vg9;mechanism_cytotox	downloaded_europepmc
primary_research	Lo Presti E, Cupaioli F, Scimeca D et al.	The pancreatic tumor microenvironment of treatment-naïve patients causes a functional shift in γδ T cells, impairing their anti-tumoral defense.	Oncoimmunology	2025	39945298	10.1080/2162402X.2025.2466301	PMC11834455	https://pmc.ncbi.nlm.nih.gov/articles/PMC11834455/	pdfs/lo_2025_pmid39945298.pdf		Vd1;Vd2_Vg9;tumor_infiltrating;mechanism_cytotox;immunosuppression;pancreatic	downloaded_europepmc
primary_research	Huang L, Liu Y, Shi Y et al.	Comprehensive single-cell analysis of triple-negative breast cancer based on cDC1 immune-related genes: prognostic model construction and immunotherapy potential.	Discover oncology	2025	39969635	10.1007/s12672-025-01929-1	PMC11839968	https://pmc.ncbi.nlm.nih.gov/articles/PMC11839968/	pdfs/huang_2025_pmid39969635.pdf	supplements/39969635_PMC11839968/	tumor_infiltrating;checkpoint;breast	downloaded_europepmc
primary_research	Uzunçayır S, Petruk G, Mata Forsberg M et al.	The superantigen SEA binds to human γδ T cell receptor and activates γδ T cells with moderate MHC class II dependence.	Molecular immunology	2025	40036925	10.1016/j.molimm.2025.02.019		https://doi.org/10.1016/j.molimm.2025.02.019				no_pmcid
primary_research	Zhang J, Bulterys PL, Fernandez-Pol S et al.	Expression of CD47 protein in hematolymphoid neoplasms: Implications for CD47-mediated cancer immunotherapy.	American journal of clinical pathology	2025	40072022	10.1093/ajcp/aqaf018		https://doi.org/10.1093/ajcp/aqaf018			checkpoint;leukemia;lymphoma	no_pmcid
primary_research	Zhu S, Zhu R, Wang Y et al.	Comprehensive systems biology analysis reveals splicing factor contributions to cutaneous melanoma progression.	Scientific reports	2025	40108329	10.1038/s41598-025-93695-x	PMC11923367	https://pmc.ncbi.nlm.nih.gov/articles/PMC11923367/	pdfs/zhu_2025_pmid40108329.pdf		tumor_infiltrating;mechanism_cytotox;checkpoint;melanoma	downloaded_europepmc
primary_research	Liu G, Quan Q, Pan L et al.	Retinoic acid enhances γδ T cell cytotoxicity in nasopharyngeal carcinoma by reversing immune exhaustion.	Cell communication and signaling : CCS	2025	40158172	10.1186/s12964-025-02161-8	PMC11955114	https://pmc.ncbi.nlm.nih.gov/articles/PMC11955114/	pdfs/liu_2025_pmid40158172.pdf		Vd2_Vg9;mechanism_cytotox;checkpoint;immunosuppression	downloaded_europepmc
primary_research	Wang G, Wang S, Song W et al.	Integrating multi-omics data reveals the antitumor role and clinical benefits of gamma-delta T cells in triple-negative breast cancer.	BMC cancer	2025	40197136	10.1186/s12885-025-14029-8	PMC11974128	https://pmc.ncbi.nlm.nih.gov/articles/PMC11974128/	pdfs/wang_2025_pmid40197136.pdf		tumor_infiltrating;breast	downloaded_europepmc
primary_research	Jiang S, Zheng S, Yao C et al.	Heterogeneity of γδ T-cell subsets and their clinical correlation in patients with AML.	Frontiers in immunology	2025	40236710	10.3389/fimmu.2025.1552235	PMC11996841	https://pmc.ncbi.nlm.nih.gov/articles/PMC11996841/	pdfs/jiang_2025_pmid40236710.pdf		adoptive_expansion;Vd1;Vd2_Vg9;tumor_infiltrating;mechanism_cytotox;checkpoint;immunosuppression;leukemia	downloaded_europepmc
primary_research	Blanco-Domínguez R, Barros L, Carreira M et al.	Dual modulation of cytotoxic and checkpoint receptors tunes the efficacy of adoptive Delta One T cell therapy against colorectal cancer.	Nature cancer	2025	40240620	10.1038/s43018-025-00948-9	PMC12202480	https://pmc.ncbi.nlm.nih.gov/articles/PMC12202480/	pdfs/blancodomínguez_2025_pmid40240620.pdf	supplements/40240620_PMC12202480/	adoptive_expansion;Vd1;tumor_infiltrating;mechanism_cytotox;checkpoint;colorectal	downloaded_europepmc
primary_research	Suen TK, Al B, Ulas T et al.	Human γδ T Cell Function Is Impaired Upon Mevalonate Pathway Inhibition.	Immunology	2025	40264329	10.1111/imm.13931	PMC12130672	https://pmc.ncbi.nlm.nih.gov/articles/PMC12130672/	pdfs/suen_2025_pmid40264329.pdf		aminobisphosphonate;Vd2_Vg9;mechanism_cytotox;leukemia	downloaded_europepmc
primary_research	Cao M, Deng Y, Hao Q et al.	Single-cell transcriptomic analysis reveals gut microbiota-immunotherapy synergy through modulating tumor microenvironment.	Signal transduction and targeted therapy	2025	40312419	10.1038/s41392-025-02226-7	PMC12045981	https://pmc.ncbi.nlm.nih.gov/articles/PMC12045981/	pdfs/cao_2025_pmid40312419.pdf		tumor_infiltrating;checkpoint;immunosuppression	downloaded_europepmc
primary_research	Jiang H, Zhou L, Zhang H et al.	Prognostic and therapeutic insights from lactate metabolism and tumor immune microenvironment in head and neck squamous cell carcinoma.	Discover oncology	2025	40411665	10.1007/s12672-025-02706-w	PMC12103450	https://pmc.ncbi.nlm.nih.gov/articles/PMC12103450/	pdfs/jiang_2025_pmid40411665.pdf	supplements/40411665_PMC12103450/	tumor_infiltrating;immunosuppression	downloaded_europepmc
primary_research	Jing Y, Wu Y, Hu Q et al.	Remodelling hypoxic TNBC microenvironment restores antitumor efficacy of Vγ9Vδ2 T cell therapy.	British journal of cancer	2025	40437021	10.1038/s41416-025-03045-x	PMC12322269	https://pmc.ncbi.nlm.nih.gov/articles/PMC12322269/	pdfs/jing_2025_pmid40437021.pdf		adoptive_expansion;Vd2_Vg9;tumor_infiltrating;checkpoint;immunosuppression;breast	downloaded_europepmc
primary_research	Pan Y, Shih HJ, Chuang SH et al.	Effects of functional antioxidants on the expansion of gamma delta T-cells and their cellular cytotoxicity against bladder cancer cells.	BMC cancer	2025	40452041	10.1186/s12885-025-14383-7	PMC12128524	https://pmc.ncbi.nlm.nih.gov/articles/PMC12128524/	pdfs/pan_2025_pmid40452041.pdf		adoptive_expansion;Vd2_Vg9;mechanism_cytotox	downloaded_europepmc
primary_research	Zhang M, Wang Y, Cai N et al.	Structures of butyrophilin multimers reveal a plier-like mechanism for Vγ9Vδ2 T cell receptor activation.	Immunity	2025	40505658	10.1016/j.immuni.2025.05.011		https://doi.org/10.1016/j.immuni.2025.05.011			phosphoantigen_BTN;Vd2_Vg9	no_pmcid
primary_research	Sanz M, Mann BT, McMahon EK et al.	Targeted expansion of cytotoxic T cells using IL-12 and CD137L supplementation enhances antitumor efficacy.	Molecular therapy. Oncology	2025	40520575	10.1016/j.omton.2025.200996	PMC12166812	https://pmc.ncbi.nlm.nih.gov/articles/PMC12166812/	pdfs/sanz_2025_pmid40520575.pdf	supplements/40520575_PMC12166812/	phosphoantigen_BTN;adoptive_expansion;Vd2_Vg9;mechanism_cytotox;leukemia;breast;lung;ovarian	downloaded_europepmc
primary_research	Zhang Y, Xiang Z, Xu Y et al.	Oleic acid restores the impaired antitumor immunity of γδ-T cells induced by palmitic acid.	Signal transduction and targeted therapy	2025	40603316	10.1038/s41392-025-02295-8	PMC12222472	https://pmc.ncbi.nlm.nih.gov/articles/PMC12222472/	pdfs/zhang_2025_pmid40603316.pdf	supplements/40603316_PMC12222472/	Vd2_Vg9;immunosuppression	downloaded_europepmc
primary_research	Alonso-Agudo T, Johansson J, Ståhlberg A et al.	Cellular and molecular characterization of γδ T cells in peripheral blood from patients with metastases from cutaneous and uveal melanoma.	Frontiers in immunology	2025	40791601	10.3389/fimmu.2025.1564333	PMC12336189	https://pmc.ncbi.nlm.nih.gov/articles/PMC12336189/	pdfs/alonsoagudo_2025_pmid40791601.pdf	supplements/40791601_PMC12336189/	Vd1;Vd2_Vg9;mechanism_cytotox;checkpoint;leukemia;melanoma	downloaded_europepmc
primary_research	Michael H, Lenihan AT, Vallas MM et al.	The Cytotoxic Potential of Humanized γδ T Cells Against Human Cancer Cell Lines in In Vitro.	Cells	2025	40801630	10.3390/cells14151197	PMC12345735	https://pmc.ncbi.nlm.nih.gov/articles/PMC12345735/	pdfs/michael_2025_pmid40801630.pdf		mechanism_cytotox;immunosuppression;leukemia	downloaded_europepmc
primary_research	Chen L, Cheng B, Yang Z et al.	Chemical engineering of γδ T cells with cancer cell-targeting antibodies for enhanced tumor immunotherapy.	National science review	2025	40842867	10.1093/nsr/nwaf256	PMC12365757	https://pmc.ncbi.nlm.nih.gov/articles/PMC12365757/	pdfs/chen_2025_pmid40842867.pdf	supplements/40842867_PMC12365757/	adoptive_expansion;tumor_infiltrating;mechanism_cytotox;checkpoint	downloaded_europepmc
primary_research	Ding J, Zou X, Huang X et al.	ZBED4: A Prognostic Biomarker and Therapeutic Target in Hepatocellular Carcinoma.	Journal of hepatocellular carcinoma	2025	40874212	10.2147/JHC.S546808	PMC12379359	https://pmc.ncbi.nlm.nih.gov/articles/PMC12379359/	pdfs/ding_2025_pmid40874212.pdf		tumor_infiltrating;checkpoint;hepatocellular	downloaded_europepmc
primary_research	Nattress CB, O'Sullivan R, Fowler D et al.	Phenoscaping Reveals Multimodal γδ T-cell Cytotoxicity as a Strategy to Overcome Cancer Cell-Mediated Immunomodulation.	Cancer research	2025	40882026	10.1158/0008-5472.CAN-25-1890	PMC12616246	https://pmc.ncbi.nlm.nih.gov/articles/PMC12616246/	pdfs/nattress_2025_pmid40882026.pdf	supplements/40882026_PMC12616246/	tumor_infiltrating;mechanism_cytotox;checkpoint;immunosuppression;colorectal	downloaded_europepmc
primary_research	Castenmiller SM, Borst AL, Wardak L et al.	γδ T cells are the prime antitumoral T cells in pediatric neuroblastoma.	Life science alliance	2025	40897471	10.26508/lsa.202503249	PMC12405002	https://pmc.ncbi.nlm.nih.gov/articles/PMC12405002/	pdfs/castenmiller_2025_pmid40897471.pdf	supplements/40897471_PMC12405002/	adoptive_expansion;Vd1;tumor_infiltrating;neuroblastoma	downloaded_europepmc
primary_research	Tan Z, Huang Y, Fu S et al.	Construction of a gene-metabolite-microbiome regulatory network reveals novel therapeutic targets in bladder cancer through multi-omics analysis.	Annals of medicine	2025	40908816	10.1080/07853890.2025.2553220	PMC12416030	https://pmc.ncbi.nlm.nih.gov/articles/PMC12416030/	pdfs/tan_2025_pmid40908816.pdf		tumor_infiltrating;checkpoint;immunosuppression	downloaded_europepmc
primary_research	Silva JA, Gunasinghe K, Jonus HC et al.	Central memory-enriched Vγ9Vδ2 γδ T cells via TGF-β expansion demonstrate enhanced in vivo efficacy against metastatic osteosarcoma.	Frontiers in immunology	2025	40969756	10.3389/fimmu.2025.1657760	PMC12440941	https://pmc.ncbi.nlm.nih.gov/articles/PMC12440941/	pdfs/silva_2025_pmid40969756.pdf	supplements/40969756_PMC12440941/	phosphoantigen_BTN;aminobisphosphonate;adoptive_expansion;Vd2_Vg9;mechanism_cytotox	downloaded_europepmc
primary_research	Mysona DP, Shah A, Jaeger N et al.	The protective role of γδ T cells in endometrial cancer.	Cancer immunology, immunotherapy : CII	2025	41021035	10.1007/s00262-025-04177-y	PMC12480308	https://pmc.ncbi.nlm.nih.gov/articles/PMC12480308/	pdfs/mysona_2025_pmid41021035.pdf	supplements/41021035_PMC12480308/	phosphoantigen_BTN;Vd1;tumor_infiltrating;mechanism_cytotox;checkpoint;leukemia	downloaded_europepmc
primary_research	Deng Y, Liu X, Yang X et al.	IL-17-producing γδ T cells in the tumor microenvironment promote radioresistance in mice.	The Journal of clinical investigation	2025	41055972	10.1172/JCI193945	PMC12700543	https://pmc.ncbi.nlm.nih.gov/articles/PMC12700543/	pdfs/deng_2025_pmid41055972.pdf	supplements/41055972_PMC12700543/	tumor_infiltrating;checkpoint;immunosuppression	downloaded_europepmc
primary_research	Hwang J, Kim G, Lee Y et al.	Enhancing melanoma treatment through systemic delivery of an immune boosting Staphylococcus epidermidis strain.	Scientific reports	2025	41120413	10.1038/s41598-025-20581-x	PMC12540718	https://pmc.ncbi.nlm.nih.gov/articles/PMC12540718/	pdfs/hwang_2025_pmid41120413.pdf	supplements/41120413_PMC12540718/	adoptive_expansion;mechanism_cytotox;checkpoint;immunosuppression;melanoma	downloaded_europepmc
primary_research	Almeida JS, Sousa LM, Couceiro P et al.	AI-assisted peripheral immune profiling reveals unconventional lymphocyte signatures associated with prognosis in soft tissue sarcoma patients.	Frontiers in immunology	2025	41221282	10.3389/fimmu.2025.1677408	PMC12597948	https://pmc.ncbi.nlm.nih.gov/articles/PMC12597948/	pdfs/almeida_2025_pmid41221282.pdf	supplements/41221282_PMC12597948/	tumor_infiltrating;mechanism_cytotox;immunosuppression	downloaded_europepmc
primary_research	Zheng L, Liu X, Xi Y et al.	A pan-cancer analysis of CTSC as a candidate prognostic and immune-related biomarker.	Discover oncology	2025	41266623	10.1007/s12672-025-04124-4	PMC12748366	https://pmc.ncbi.nlm.nih.gov/articles/PMC12748366/	pdfs/zheng_2025_pmid41266623.pdf	supplements/41266623_PMC12748366/	tumor_infiltrating;checkpoint;immunosuppression	downloaded_europepmc
primary_research	Iftehimul M, Newman RH, Harrison SH et al.	Molecular Plasticity of T Cells Informs Their Possible Adaptation in 4T1 Tumors.	bioRxiv : the preprint server for biology	2025	41278869	10.1101/2025.10.17.683070	PMC12633057	https://pmc.ncbi.nlm.nih.gov/articles/PMC12633057/	pdfs/iftehimul_2025_pmid41278869.pdf		tumor_infiltrating;mechanism_cytotox;immunosuppression;breast	downloaded_europepmc
primary_research	Lu J, Ma J, Yu C et al.	Identification of the key gene for hepatocellular carcinoma based on bioinformatics and machine learning and experimental verification.	Translational cancer research	2025	41378005	10.21037/tcr-2025-1067	PMC12686203	https://pmc.ncbi.nlm.nih.gov/articles/PMC12686203/	pdfs/lu_2025_pmid41378005.pdf	supplements/41378005_PMC12686203/	tumor_infiltrating;hepatocellular	downloaded_europepmc
primary_research	Wu KJ, Yang LH, Li DM et al.	Multimodal analysis reveals potential association of CDH13 with endothelial cells and its overexpression in hepatocellular carcinoma.	European journal of medical research	2025	41388436	10.1186/s40001-025-03667-0	PMC12817644	https://pmc.ncbi.nlm.nih.gov/articles/PMC12817644/	pdfs/wu_2025_pmid41388436.pdf		tumor_infiltrating;immunosuppression;hepatocellular	downloaded_europepmc
primary_research	Nicolasen MJT, Gatti LC, Gasull-Celades L et al.	Autologous profiling reveals inter-patient heterogeneity in Vδ2+γδTIL responses to glioblastoma driven by extracellular matrix-BTN3A axis.	Journal for immunotherapy of cancer	2025	41407399	10.1136/jitc-2025-013018	PMC12718601	https://pmc.ncbi.nlm.nih.gov/articles/PMC12718601/	pdfs/nicolasen_2025_pmid41407399.pdf	supplements/41407399_PMC12718601/	phosphoantigen_BTN;aminobisphosphonate;adoptive_expansion;Vd2_Vg9;mechanism_cytotox;checkpoint;leukemia;glioma	downloaded_europepmc
primary_research	Wang J, Zhou X, Ping D et al.	Leucine-rich repeat neuronal 1 as a prognostic indicator and functional modulator in breast cancer.	Frontiers in oncology	2025	41458604	10.3389/fonc.2025.1724785	PMC12738307	https://pmc.ncbi.nlm.nih.gov/articles/PMC12738307/	pdfs/wang_2025_pmid41458604.pdf	supplements/41458604_PMC12738307/	tumor_infiltrating;immunosuppression;breast	downloaded_europepmc
primary_research	Ran R, Brubaker DK	A ligand-centered framework for γδ T cell activation in colorectal cancer revealed by single-cell and transformer-based perturbation.	Frontiers in immunology	2025	41607803	10.3389/fimmu.2025.1715827	PMC12835328	https://pmc.ncbi.nlm.nih.gov/articles/PMC12835328/	pdfs/ran_2025_pmid41607803.pdf		tumor_infiltrating;immunosuppression;colorectal	downloaded_europepmc
primary_research	Karmakar S, Mishra A, Pal P et al.	Effector and cytolytic function of natural killer cells in anticancer immunity.	Journal of leukocyte biology	2024	37818891	10.1093/jleuko/qiad126		https://doi.org/10.1093/jleuko/qiad126			adoptive_expansion;tumor_infiltrating;mechanism_cytotox;immunosuppression	no_pmcid
primary_research	Gershon R, Polevikov A, Karepov Y et al.	Frequencies of 4 tumor-infiltrating lymphocytes potently predict survival in glioblastoma, an immune desert.	Neuro-oncology	2024	37870293	10.1093/neuonc/noad204	PMC10912003	https://pmc.ncbi.nlm.nih.gov/articles/PMC10912003/	pdfs/gershon_2024_pmid37870293.pdf		tumor_infiltrating;mechanism_cytotox;immunosuppression;glioma	downloaded_europepmc
primary_research	Etherington MS, Hanna AN, Medina BD et al.	Tyrosine Kinase Inhibition Activates Intratumoral γδ T Cells in Gastrointestinal Stromal Tumor.	Cancer immunology research	2024	37922405	10.1158/2326-6066.CIR-23-0061	PMC10842124	https://pmc.ncbi.nlm.nih.gov/articles/PMC10842124/			adoptive_expansion;tumor_infiltrating;checkpoint	not_available_oa
primary_research	Davies D, Kamdar S, Woolf R et al.	PD-1 defines a distinct, functional, tissue-adapted state in Vδ1+ T cells with implications for cancer immunotherapy.	Nature cancer	2024	38172341	10.1038/s43018-023-00690-0	PMC10965442	https://pmc.ncbi.nlm.nih.gov/articles/PMC10965442/	pdfs/davies_2024_pmid38172341.pdf		Vd1;checkpoint;immunosuppression;melanoma	downloaded_europepmc
primary_research	Li J, Cao Y, Liu Y et al.	Multiomics profiling reveals the benefits of gamma-delta (γδ) T lymphocytes for improving the tumor microenvironment, immunotherapy efficacy and prognosis in cervical cancer.	Journal for immunotherapy of cancer	2024	38199610	10.1136/jitc-2023-008355	PMC10806547	https://pmc.ncbi.nlm.nih.gov/articles/PMC10806547/	pdfs/li_2024_pmid38199610.pdf		tumor_infiltrating;mechanism_cytotox;checkpoint;immunosuppression;leukemia	downloaded_europepmc
primary_research	Wei W, Li J, Tang B et al.	Metabolomics and metagenomics reveal the impact of γδ T inhibition on gut microbiota and metabolism in periodontitis-promoting OSCC.	mSystems	2024	38259106	10.1128/msystems.00777-23	PMC10878065	https://pmc.ncbi.nlm.nih.gov/articles/PMC10878065/	pdfs/wei_2024_pmid38259106.pdf		immunosuppression	downloaded_europepmc
primary_research	Zhang M, Wu Y, Qin Y et al.	Dual regulation effect and mechanism of human myeloid-derived suppressor cells on anticolorectal cancer cells activity of Vγ9Vδ2 T cells.	Cell biochemistry and function	2024	38269504	10.1002/cbf.3929		https://doi.org/10.1002/cbf.3929			Vd2_Vg9;mechanism_cytotox;immunosuppression;colorectal	no_pmcid
primary_research	Hao Q, Li R, Li H et al.	Dynamics of The Γδtcr Repertoires During The Dedifferentiation Process and Pilot Implications for Immunotherapy of Thyroid Cancer.	Advanced science (Weinheim, Baden-Wurttemberg, Germany)	2024	38286670	10.1002/advs.202306364	PMC10987121	https://pmc.ncbi.nlm.nih.gov/articles/PMC10987121/	pdfs/hao_2024_pmid38286670.pdf		adoptive_expansion;Vd2_Vg9;tumor_infiltrating	downloaded_europepmc
primary_research	Lien SC, Ly D, Yang SYC et al.	Tumor reactive γδ T cells contribute to a complete response to PD-1 blockade in a Merkel cell carcinoma patient.	Nature communications	2024	38321065	10.1038/s41467-024-45449-y	PMC10848161	https://pmc.ncbi.nlm.nih.gov/articles/PMC10848161/	pdfs/lien_2024_pmid38321065.pdf		adoptive_expansion;Vd1;checkpoint;immunosuppression	downloaded_europepmc
primary_research	Di Simone M, Corsale AM, Toia F et al.	Tumor-infiltrating γδ T cells as targets of immune checkpoint blockade in melanoma.	Journal of leukocyte biology	2024	38324004	10.1093/jleuko/qiae023		https://doi.org/10.1093/jleuko/qiae023			Vd1;Vd2_Vg9;tumor_infiltrating;checkpoint;melanoma	no_pmcid
primary_research	Kaur K, Jewett A	Osteoclasts and Probiotics Mediate Significant Expansion, Functional Activation and Supercharging in NK, γδ T, and CD3+ T Cells: Use in Cancer Immunotherapy.	Cells	2024	38334605	10.3390/cells13030213	PMC10854567	https://pmc.ncbi.nlm.nih.gov/articles/PMC10854567/	pdfs/kaur_2024_pmid38334605.pdf		adoptive_expansion;mechanism_cytotox	downloaded_europepmc
primary_research	Carnevale S, Ponzetta A, Rigatelli A et al.	Neutrophils Mediate Protection Against Colitis and Carcinogenesis by Controlling Bacterial Invasion and IL22 Production by γδ T Cells.	Cancer immunology research	2024	38349973	10.1158/2326-6066.CIR-23-0295	PMC10985471	https://pmc.ncbi.nlm.nih.gov/articles/PMC10985471/	pdfs/carnevale_2024_pmid38349973.pdf		adoptive_expansion;colorectal	downloaded_europepmc
primary_research	Cheng C, Liang S, Yue K et al.	STAT5 is essential for inducing the suppressive subset and attenuate cytotoxicity of Vδ2+ T cells in acute myeloid leukemia.	Cancer letters	2024	38360140	10.1016/j.canlet.2024.216730		https://doi.org/10.1016/j.canlet.2024.216730			Vd2_Vg9;tumor_infiltrating;mechanism_cytotox;immunosuppression;leukemia	no_pmcid
primary_research	Zhou J, Liu Y, Zhang Y et al.	Comprehensive analysis of a novel subtype of immune microenvironment-derived HPV-infected colorectal cancer.	Microbes and infection	2024	38417673	10.1016/j.micinf.2024.105315		https://doi.org/10.1016/j.micinf.2024.105315			tumor_infiltrating;mechanism_cytotox;colorectal	no_pmcid
primary_research	Sommer C, Cohen JN, Dehmel S et al.	Interleukin-2-induced skin inflammation.	European journal of immunology	2024	38430129	10.1002/eji.202350580	PMC11015984	https://pmc.ncbi.nlm.nih.gov/articles/PMC11015984/	pdfs/sommer_2024_pmid38430129.pdf		tumor_infiltrating;immunosuppression;leukemia	downloaded_europepmc
primary_research	Parwani KK, Branella GM, Burnham RE et al.	Directing the migration of serum-free, ex vivo-expanded Vγ9Vδ2 T cells.	Frontiers in immunology	2024	38487542	10.3389/fimmu.2024.1331322	PMC10937339	https://pmc.ncbi.nlm.nih.gov/articles/PMC10937339/	pdfs/parwani_2024_pmid38487542.pdf		adoptive_expansion;Vd2_Vg9;neuroblastoma	downloaded_europepmc
primary_research	Davies DM, Pugliese G, Parente Pereira AC et al.	Engineering a Dual Specificity γδ T-Cell Receptor for Cancer Immunotherapy.	Biology	2024	38534465	10.3390/biology13030196	PMC10968115	https://pmc.ncbi.nlm.nih.gov/articles/PMC10968115/	pdfs/davies_2024_pmid38534465.pdf		phosphoantigen_BTN;Vd2_Vg9	downloaded_europepmc
primary_research	Verhaar ER, Knoflook A, Pishesha N et al.	MICA-specific nanobodies for diagnosis and immunotherapy of MICA+ tumors.	Frontiers in immunology	2024	38550583	10.3389/fimmu.2024.1368586	PMC10973119	https://pmc.ncbi.nlm.nih.gov/articles/PMC10973119/	pdfs/verhaar_2024_pmid38550583.pdf		mechanism_cytotox	downloaded_europepmc
primary_research	Inoue Y, Oda A, Maeda Y et al.	Ex vivo expansion and activation of Vγ9Vδ2 T cells by CELMoDs in combination with zoledronic acid.	International journal of hematology	2024	38581458	10.1007/s12185-024-03763-7		https://doi.org/10.1007/s12185-024-03763-7			phosphoantigen_BTN;aminobisphosphonate;adoptive_expansion;Vd2_Vg9;immunosuppression;myeloma	no_pmcid
primary_research	Baker FL, Smith KA, Mylabathula PL et al.	Exercise-induced β2-adrenergic Receptor Activation Enhances the Antileukemic Activity of Expanded γδ T-Cells via DNAM-1 Upregulation and PVR/Nectin-2 Recognition.	Cancer research communications	2024	38592213	10.1158/2767-9764.CRC-23-0570	PMC11090081	https://pmc.ncbi.nlm.nih.gov/articles/PMC11090081/	pdfs/baker_2024_pmid38592213.pdf		aminobisphosphonate;adoptive_expansion;mechanism_cytotox;leukemia	downloaded_europepmc
primary_research	Jiang T, Zheng J, Li N et al.	Dissecting the Mechanisms of Intestinal Immune Homeostasis by Analyzing T-Cell Immune Response in Crohn's Disease and Colorectal Cancer.	Current gene therapy	2024	38682449	10.2174/0115665232294568240201073417		https://doi.org/10.2174/0115665232294568240201073417			tumor_infiltrating;immunosuppression;leukemia;colorectal	no_pmcid
primary_research	Lautert-Dutra W, M Melo C, Chaves LP et al.	Loss of heterozygosity impacts MHC expression on the immune microenvironment in CDK12-mutated prostate cancer.	Molecular cytogenetics	2024	38704603	10.1186/s13039-024-00680-6	PMC11070094	https://pmc.ncbi.nlm.nih.gov/articles/PMC11070094/	pdfs/lautertdutra_2024_pmid38704603.pdf		tumor_infiltrating;checkpoint;prostate	downloaded_europepmc
primary_research	Hou Q, Wang P, Kong X et al.	Higher TIGIT+ γδ TCM cells may predict poor prognosis in younger adult patients with non-acute promyelocytic AML.	Frontiers in immunology	2024	38711501	10.3389/fimmu.2024.1321126	PMC11070478	https://pmc.ncbi.nlm.nih.gov/articles/PMC11070478/	pdfs/hou_2024_pmid38711501.pdf		tumor_infiltrating;mechanism_cytotox;checkpoint;immunosuppression;leukemia	downloaded_europepmc
primary_research	Aehnlich P, Santiago MV, Dam SH et al.	Glycolysis inhibition affects proliferation and cytotoxicity of Vγ9Vδ2 T cells expanded for adoptive cell therapy.	Cytotherapy	2024	38775775	10.1016/j.jcyt.2024.04.072		https://doi.org/10.1016/j.jcyt.2024.04.072			adoptive_expansion;Vd2_Vg9;tumor_infiltrating;mechanism_cytotox;melanoma	no_pmcid
primary_research	Wu Y, Yao M, Wu Z et al.	A new prognostic model based on gamma-delta T cells for predicting the risk and aiding in the treatment of clear cell renal cell carcinoma.	Discover oncology	2024	38795225	10.1007/s12672-024-01057-2	PMC11127908	https://pmc.ncbi.nlm.nih.gov/articles/PMC11127908/	pdfs/wu_2024_pmid38795225.pdf		tumor_infiltrating;checkpoint;leukemia;renal	downloaded_europepmc
primary_research	Yuan J, Zhang J, Zhao B et al.	Single-cell transcriptomic analysis of the immune microenvironment in pediatric acute leukemia.	Cancer letters	2024	38844062	10.1016/j.canlet.2024.217018		https://doi.org/10.1016/j.canlet.2024.217018			tumor_infiltrating;immunosuppression;leukemia	no_pmcid
primary_research	Trendowski MR, Watza D, Lusk CM et al.	Evaluation of the Immune Response within the Tumor Microenvironment in African American and Non-Hispanic White Patients with Non-Small Cell Lung Cancer.	Cancer epidemiology, biomarkers & prevention : a publication of the American Association for Cancer Research, cosponsored by the American Society of Preventive Oncology	2024	38953893	10.1158/1055-9965.EPI-24-0333	PMC11371519	https://pmc.ncbi.nlm.nih.gov/articles/PMC11371519/	pdfs/trendowski_2024_pmid38953893.pdf		tumor_infiltrating;lung	downloaded_europepmc
primary_research	Leane CM, Sutton CE, Moran B et al.	PD-1 regulation of pathogenic IL-17-secreting γδ T cells in experimental autoimmune encephalomyelitis.	European journal of immunology	2024	38996350	10.1002/eji.202451212		https://doi.org/10.1002/eji.202451212			checkpoint;immunosuppression	no_pmcid
primary_research	Xu Q, Sharif M, James E et al.	Phosphonodiamidate prodrugs of phosphoantigens (ProPAgens) exhibit potent Vγ9/Vδ2 T cell activation and eradication of cancer cells.	RSC medicinal chemistry	2024	39026632	10.1039/d4md00208c	PMC11253855	https://pmc.ncbi.nlm.nih.gov/articles/PMC11253855/	pdfs/xu_2024_pmid39026632.pdf		phosphoantigen_BTN;Vd2_Vg9;mechanism_cytotox	downloaded_europepmc
primary_research	Li J, Yao J	CD8+ T cell‑related KCTD5 contributes to malignant progression and unfavorable clinical outcome of patients with triple‑negative breast cancer.	Molecular medicine reports	2024	39027992	10.3892/mmr.2024.13290	PMC11267436	https://pmc.ncbi.nlm.nih.gov/articles/PMC11267436/	pdfs/li_2024_pmid39027992.pdf		tumor_infiltrating;mechanism_cytotox;checkpoint;breast	downloaded_europepmc
primary_research	Xu J, Yu Y, Zhang Y et al.	Oral administration of garlic-derived nanoparticles improves cancer immunotherapy by inducing intestinal IFNγ-producing γδ T cells.	Nature nanotechnology	2024	39054386	10.1038/s41565-024-01722-1		https://doi.org/10.1038/s41565-024-01722-1			adoptive_expansion;tumor_infiltrating;checkpoint	no_pmcid
primary_research	Reinstein ZZ, Zhang Y, Ospina OE et al.	Preexisting Skin-Resident CD8 and γδ T-cell Circuits Mediate Immune Response in Merkel Cell Carcinoma and Predict Immunotherapy Efficacy.	Cancer discovery	2024	39058036	10.1158/2159-8290.CD-23-0798	PMC11954000	https://pmc.ncbi.nlm.nih.gov/articles/PMC11954000/	pdfs/reinstein_2024_pmid39058036.pdf		adoptive_expansion;Vd1;tumor_infiltrating;checkpoint	downloaded_europepmc
primary_research	Ran R, Trapecar M, Brubaker DK	Systematic Analysis of Human Colorectal Cancer scRNA-seq Revealed Limited Pro-tumoral IL-17 Production Potential in Gamma Delta T Cells.	bioRxiv : the preprint server for biology	2024	39071278	10.1101/2024.07.18.604156	PMC11275756	https://pmc.ncbi.nlm.nih.gov/articles/PMC11275756/	pdfs/ran_2024_pmid39071278.pdf		tumor_infiltrating;mechanism_cytotox;immunosuppression;colorectal	downloaded_europepmc
primary_research	Müller T, Alasfar L, Preuß F et al.	Lower incidence of grade II-IV acute Graft-versus-Host-Disease in pediatric patients recovering with high Vδ2+ T cells after allogeneic stem cell transplantation with unmanipulated bone marrow grafts: a prospective single-center cohort study.	Frontiers in immunology	2024	39136029	10.3389/fimmu.2024.1433785	PMC11317287	https://pmc.ncbi.nlm.nih.gov/articles/PMC11317287/	pdfs/müller_2024_pmid39136029.pdf		adoptive_expansion;Vd1;Vd2_Vg9;tumor_infiltrating	downloaded_europepmc
primary_research	Kulma I, Na-Bangchang K, Carvallo Herrera A et al.	Analysis of the Effector Functions of Vδ2 γδ T Cells and NK Cells against Cholangiocarcinoma Cells.	Cells	2024	39195212	10.3390/cells13161322	PMC11352430	https://pmc.ncbi.nlm.nih.gov/articles/PMC11352430/	pdfs/kulma_2024_pmid39195212.pdf		aminobisphosphonate;adoptive_expansion;Vd2_Vg9;tumor_infiltrating;mechanism_cytotox	downloaded_europepmc
primary_research	Jones AB, Tuy K, Hawkins CC et al.	Temozolomide and the PARP Inhibitor Niraparib Enhance Expression of Natural Killer Group 2D Ligand ULBP1 and Gamma-Delta T Cell Cytotoxicity in Glioblastoma.	Cancers	2024	39199623	10.3390/cancers16162852	PMC11352900	https://pmc.ncbi.nlm.nih.gov/articles/PMC11352900/	pdfs/jones_2024_pmid39199623.pdf		adoptive_expansion;mechanism_cytotox;glioma	downloaded_europepmc
primary_research	Li X, Yu R, Shi B et al.	Liquid-liquid phase separation-related features of PYGB/ACTR3/CCNA2/ITGB1/ATP8A1/RAP1GAP2 predict the prognosis of pancreatic cancer.	Journal of gastrointestinal oncology	2024	39279964	10.21037/jgo-24-426	PMC11399862	https://pmc.ncbi.nlm.nih.gov/articles/PMC11399862/	pdfs/li_2024_pmid39279964.pdf		tumor_infiltrating;pancreatic	downloaded_europepmc
primary_research	Xia J, Wang C, Li B	Hepatocellular carcinoma cells induce γδ T cells through metabolic reprogramming into tumor-progressive subpopulation.	Frontiers in oncology	2024	39309735	10.3389/fonc.2024.1451650	PMC11412793	https://pmc.ncbi.nlm.nih.gov/articles/PMC11412793/	pdfs/xia_2024_pmid39309735.pdf		tumor_infiltrating;immunosuppression;hepatocellular	downloaded_europepmc
primary_research	Goncalves B, Liu S, Zhang X et al.	Unveiling Therapeutic Opportunities with Melanoma Patient-derived Organoid Models.	Journal of visualized experiments : JoVE	2024	39311587	10.3791/66509	PMC11539850	https://pmc.ncbi.nlm.nih.gov/articles/PMC11539850/	pdfs/goncalves_2024_pmid39311587.pdf		tumor_infiltrating;mechanism_cytotox;melanoma	downloaded_europepmc
primary_research	Li Q, Chu Y, Yao Y et al.	FAT4 Mutation is Related to Tumor Mutation Burden and Favorable Prognosis in Gastric Cancer.	Current genomics	2024	39323626	10.2174/0113892029300694240612081006	PMC11420567	https://pmc.ncbi.nlm.nih.gov/articles/PMC11420567/	pdfs/li_2024_pmid39323626.pdf		tumor_infiltrating;immunosuppression	downloaded_europepmc
primary_research	Zhou S, Guo Q, Chen A et al.	Integrated bioinformatics analysis identifies PCSK9 as a prognosticator correlated with lipid metabolism in pancreatic adenocarcinoma.	World journal of surgical oncology	2024	39342295	10.1186/s12957-024-03532-0	PMC11439283	https://pmc.ncbi.nlm.nih.gov/articles/PMC11439283/	pdfs/zhou_2024_pmid39342295.pdf		tumor_infiltrating;pancreatic	downloaded_europepmc
primary_research	Yu X, Song L, Cen L et al.	Pan-cancer γδ TCR analysis uncovers clonotype diversity and prognostic potential.	Cell reports. Medicine	2024	39368482	10.1016/j.xcrm.2024.101764	PMC11513832	https://pmc.ncbi.nlm.nih.gov/articles/PMC11513832/	pdfs/yu_2024_pmid39368482.pdf		tumor_infiltrating	downloaded_europepmc
primary_research	Ran R, Trapecar M, Brubaker DK	Systematic analysis of human colorectal cancer scRNA-seq revealed limited pro-tumoral IL-17 production potential in gamma delta T cells.	Neoplasia (New York, N.Y.)	2024	39454432	10.1016/j.neo.2024.101072	PMC11539345	https://pmc.ncbi.nlm.nih.gov/articles/PMC11539345/	pdfs/ran_2024_pmid39454432.pdf		tumor_infiltrating;mechanism_cytotox;immunosuppression;colorectal	downloaded_europepmc
primary_research	Kabelitz D	BTN2A1: A Novel Target to Boost Tumor Killing Capacity of Human γδ T Cells.	Cancer immunology research	2024	39475356	10.1158/2326-6066.CIR-24-0925		https://doi.org/10.1158/2326-6066.CIR-24-0925			phosphoantigen_BTN;leukemia	no_pmcid
primary_research	Felgueres MJ, Esteso G, Aguiló N et al.	Selective expansion of anti-tumor innate lymphocytes in long-term cultures after a single BCG pulse.	Methods in cell biology	2024	39515880	10.1016/bs.mcb.2024.07.011		https://doi.org/10.1016/bs.mcb.2024.07.011			adoptive_expansion;mechanism_cytotox	no_pmcid
primary_research	Liu Y, Lui KS, Ye Z et al.	Epstein-Barr Virus BRRF1 Induces Butyrophilin 2A1 in Nasopharyngeal Carcinoma NPC43 Cells via the IL-22/JAK3-STAT3 Pathway.	International journal of molecular sciences	2024	39769218	10.3390/ijms252413452	PMC11677325	https://pmc.ncbi.nlm.nih.gov/articles/PMC11677325/	pdfs/liu_2024_pmid39769218.pdf		phosphoantigen_BTN;Vd2_Vg9	downloaded_europepmc
primary_research	Ji N, Long M, Garcia-Vilanova A et al.	Selective delipidation of Mycobacterium bovis BCG retains antitumor efficacy against non-muscle invasive bladder cancer.	Cancer immunology, immunotherapy : CII	2023	35748904	10.1007/s00262-022-03236-y	PMC10992592	https://pmc.ncbi.nlm.nih.gov/articles/PMC10992592/	pdfs/ji_2023_pmid35748904.pdf		tumor_infiltrating;mechanism_cytotox	downloaded_europepmc
primary_research	Edwards SC, Hedley A, Hoevenaar WHM et al.	PD-1 and TIM-3 differentially regulate subsets of mouse IL-17A-producing γδ T cells.	The Journal of experimental medicine	2023	36480166	10.1084/jem.20211431	PMC9732671	https://pmc.ncbi.nlm.nih.gov/articles/PMC9732671/	pdfs/edwards_2023_pmid36480166.pdf		adoptive_expansion;tumor_infiltrating;checkpoint;immunosuppression	downloaded_europepmc
primary_research	Assy L, Khalil SM, Attia M et al.	IL-12 conditioning of peripheral blood mononuclear cells from breast cancer patients promotes the zoledronate-induced expansion of γδ T cells in vitro and enhances their cytotoxic activity and cytokine production.	International immunopharmacology	2023	36481526	10.1016/j.intimp.2022.109402		https://doi.org/10.1016/j.intimp.2022.109402			aminobisphosphonate;adoptive_expansion;Vd2_Vg9;mechanism_cytotox;breast	no_pmcid
primary_research	Esteso G, Felgueres MJ, García-Jiménez ÁF et al.	BCG-activation of leukocytes is sufficient for the generation of donor-independent innate anti-tumor NK and γδ T-cells that can be further expanded in vitro.	Oncoimmunology	2023	36567803	10.1080/2162402X.2022.2160094	PMC9788708	https://pmc.ncbi.nlm.nih.gov/articles/PMC9788708/	pdfs/esteso_2023_pmid36567803.pdf		adoptive_expansion;tumor_infiltrating;mechanism_cytotox	downloaded_europepmc
primary_research	Kang Y, Han M, Kim M et al.	Cytotoxicity of Human Hepatic Intrasinusoidal Gamma/Delta T Cells Depends on Phospho-antigen and NK Receptor Signaling.	Anticancer research	2023	36585162	10.21873/anticanres.16135		https://doi.org/10.21873/anticanres.16135			aminobisphosphonate;adoptive_expansion;mechanism_cytotox;checkpoint;hepatocellular;prostate	no_pmcid
primary_research	de Vries NL, van de Haar J, Veninga V et al.	γδ T cells are effectors of immunotherapy in cancers with HLA class I defects.	Nature	2023	36631610	10.1038/s41586-022-05593-1	PMC9876799	https://pmc.ncbi.nlm.nih.gov/articles/PMC9876799/	pdfs/de_2023_pmid36631610.pdf		Vd1;tumor_infiltrating;mechanism_cytotox;checkpoint;colorectal	downloaded_europepmc
primary_research	Liu Y, Lui KS, Ye Z et al.	EBV latent membrane protein 1 augments γδ T cell cytotoxicity against nasopharyngeal carcinoma by induction of butyrophilin molecules.	Theranostics	2023	36632221	10.7150/thno.78395	PMC9830437	https://pmc.ncbi.nlm.nih.gov/articles/PMC9830437/	pdfs/liu_2023_pmid36632221.pdf		phosphoantigen_BTN;adoptive_expansion;Vd2_Vg9;mechanism_cytotox	downloaded_europepmc
primary_research	Wang S, Li H, Chen T et al.	Human γδ T cells induce CD8+ T cell antitumor responses via antigen-presenting effect through HSP90-MyD88-mediated activation of JNK.	Cancer immunology, immunotherapy : CII	2023	36680568	10.1007/s00262-023-03375-w	PMC10198898	https://pmc.ncbi.nlm.nih.gov/articles/PMC10198898/	pdfs/wang_2023_pmid36680568.pdf		Vd2_Vg9;immunosuppression	downloaded_europepmc
primary_research	Eschweiler S, Wang A, Ramírez-Suástegui C et al.	JAML immunotherapy targets recently activated tumor-infiltrating CD8+ T cells.	Cell reports	2023	36701231	10.1016/j.celrep.2023.112040	PMC10366340	https://pmc.ncbi.nlm.nih.gov/articles/PMC10366340/			tumor_infiltrating;checkpoint;immunosuppression;melanoma	not_available_oa
primary_research	Zhao Y, Xiao Y, Hu Z et al.	Bibliometric analysis of single-cell sequencing researches on immune cells and their application of DNA damage repair in cancer immunotherapy.	Frontiers in oncology	2023	36776314	10.3389/fonc.2023.1067305	PMC9909395	https://pmc.ncbi.nlm.nih.gov/articles/PMC9909395/	pdfs/zhao_2023_pmid36776314.pdf		tumor_infiltrating	downloaded_europepmc
primary_research	Hur G, Choi H, Lee Y et al.	In Vitro Expansion of Vδ1+ T Cells from Cord Blood by Using Artificial Antigen-Presenting Cells and Anti-CD3 Antibody.	Vaccines	2023	36851283	10.3390/vaccines11020406	PMC9961230	https://pmc.ncbi.nlm.nih.gov/articles/PMC9961230/	pdfs/hur_2023_pmid36851283.pdf		adoptive_expansion;Vd1;Vd2_Vg9;mechanism_cytotox	downloaded_europepmc
primary_research	Matsuyama-Kato A, Shojadoost B, Boodhoo N et al.	Activated Chicken Gamma Delta T Cells Are Involved in Protective Immunity against Marek's Disease.	Viruses	2023	36851499	10.3390/v15020285	PMC9962238	https://pmc.ncbi.nlm.nih.gov/articles/PMC9962238/	pdfs/matsuyamakato_2023_pmid36851499.pdf		adoptive_expansion;mechanism_cytotox	downloaded_europepmc
primary_research	Mwangi KW, Kamita MK, Waweru JW et al.	Adaptive immune receptor features related to breast cancer tissue in Kenyan patients: high immunoglobulin gene expression and high levels of gamma-delta T-cells.	Breast cancer research and treatment	2023	36882607	10.1007/s10549-023-06897-0	PMC10687744	https://pmc.ncbi.nlm.nih.gov/articles/PMC10687744/			breast	not_available_oa
primary_research	Barber-Axthelm IM, Wragg KM, Esterbauer R et al.	Phenotypic and functional characterization of pharmacologically expanded Vγ9Vδ2 T cells in pigtail macaques.	iScience	2023	36936791	10.1016/j.isci.2023.106269	PMC10014287	https://pmc.ncbi.nlm.nih.gov/articles/PMC10014287/	pdfs/barberaxthelm_2023_pmid36936791.pdf		phosphoantigen_BTN;adoptive_expansion;Vd2_Vg9	downloaded_europepmc
primary_research	Yang T, Zhang L, He S et al.	Study on the effect of γδ T cells expanded in vitro to kill hepatocellular carcinoma cells.	Journal of cancer research and therapeutics	2023	37006042	10.4103/jcrt.jcrt_1016_21		https://doi.org/10.4103/jcrt.jcrt_1016_21			aminobisphosphonate;adoptive_expansion;mechanism_cytotox;hepatocellular	no_pmcid
primary_research	Raute K, Strietz J, Parigiani MA et al.	Breast Cancer Stem Cell-Derived Tumors Escape from γδ T-cell Immunosurveillance In Vivo by Modulating γδ T-cell Ligands.	Cancer immunology research	2023	37139603	10.1158/2326-6066.CIR-22-0296	PMC10236150	https://pmc.ncbi.nlm.nih.gov/articles/PMC10236150/	pdfs/raute_2023_pmid37139603.pdf		phosphoantigen_BTN;aminobisphosphonate;adoptive_expansion;tumor_infiltrating;checkpoint;breast	downloaded_europepmc
primary_research	Lu J, Huang C, He R et al.	CD4-/CD8- double-negative tumor-infiltrating lymphocytes expanded from solid tumor tissue suppress the proliferation of tumor cells in an MHC-independent way.	Journal of cancer research and clinical oncology	2023	37165118	10.1007/s00432-023-04823-x	PMC11796526	https://pmc.ncbi.nlm.nih.gov/articles/PMC11796526/	pdfs/lu_2023_pmid37165118.pdf		adoptive_expansion;tumor_infiltrating;mechanism_cytotox;immunosuppression;melanoma;pancreatic;ovarian	downloaded_europepmc
primary_research	Moschella F, Buccione C, Ruspantini I et al.	Blood immune cells as potential biomarkers predicting relapse-free survival of stage III/IV resected melanoma patients treated with peptide-based vaccination and interferon-alpha.	Frontiers in oncology	2023	37274275	10.3389/fonc.2023.1145667	PMC10233106	https://pmc.ncbi.nlm.nih.gov/articles/PMC10233106/	pdfs/moschella_2023_pmid37274275.pdf		tumor_infiltrating;mechanism_cytotox;checkpoint;immunosuppression;leukemia;melanoma	downloaded_europepmc
primary_research	Wang Q, Zhang B, Wang H et al.	Identification of a six-gene signature to predict survival and immunotherapy effectiveness of gastric cancer.	Frontiers in oncology	2023	37404760	10.3389/fonc.2023.1210994	PMC10316024	https://pmc.ncbi.nlm.nih.gov/articles/PMC10316024/	pdfs/wang_2023_pmid37404760.pdf		tumor_infiltrating	downloaded_europepmc
primary_research	Harmon C, Zaborowski A, Moore H et al.	γδ T cell dichotomy with opposing cytotoxic and wound healing functions in human solid tumors.	Nature cancer	2023	37474835	10.1038/s43018-023-00589-w		https://doi.org/10.1038/s43018-023-00589-w			adoptive_expansion;Vd1;tumor_infiltrating;mechanism_cytotox;colorectal	no_pmcid
primary_research	Huang Y, Wu L, Sun Y et al.	CCL5 might be a prognostic biomarker and associated with immuno-therapeutic efficacy in cancers: A pan-cancer analysis.	Heliyon	2023	37519664	10.1016/j.heliyon.2023.e18215	PMC10375802	https://pmc.ncbi.nlm.nih.gov/articles/PMC10375802/	pdfs/huang_2023_pmid37519664.pdf		tumor_infiltrating;checkpoint	downloaded_europepmc
primary_research	Firth J, Sun J, George V et al.	Bacterial outer-membrane vesicles promote Vγ9Vδ2 T cell oncolytic activity.	Frontiers in immunology	2023	37529036	10.3389/fimmu.2023.1198996	PMC10388717	https://pmc.ncbi.nlm.nih.gov/articles/PMC10388717/	pdfs/firth_2023_pmid37529036.pdf		adoptive_expansion;Vd2_Vg9;mechanism_cytotox;breast	downloaded_europepmc
primary_research	Bold A, Gross H, Holzmann E et al.	An optimized cultivation method for future in vivo application of γδ T cells.	Frontiers in immunology	2023	37539052	10.3389/fimmu.2023.1185564	PMC10394837	https://pmc.ncbi.nlm.nih.gov/articles/PMC10394837/	pdfs/bold_2023_pmid37539052.pdf		aminobisphosphonate;adoptive_expansion;mechanism_cytotox;immunosuppression	downloaded_europepmc
primary_research	Pilgrim AA, Jonus HC, Ho A et al.	The yes-associated protein (YAP) is associated with resistance to anti-GD2 immunotherapy in neuroblastoma through downregulation of ST8SIA1.	Oncoimmunology	2023	37554309	10.1080/2162402X.2023.2240678	PMC10405770	https://pmc.ncbi.nlm.nih.gov/articles/PMC10405770/	pdfs/pilgrim_2023_pmid37554309.pdf		immunosuppression;neuroblastoma	downloaded_europepmc
primary_research	Zhu X, Li K, Liu G et al.	Microbial metabolite butyrate promotes anti-PD-1 antitumor efficacy by modulating T cell receptor signaling of cytotoxic CD8 T cell.	Gut microbes	2023	37635362	10.1080/19490976.2023.2249143	PMC10464552	https://pmc.ncbi.nlm.nih.gov/articles/PMC10464552/	pdfs/zhu_2023_pmid37635362.pdf		Vd2_Vg9;mechanism_cytotox;checkpoint;lung	downloaded_europepmc
primary_research	Wang X, Zhang Y, Chung Y et al.	Tumor vaccine based on extracellular vesicles derived from γδ-T cells exerts dual antitumor activities.	Journal of extracellular vesicles	2023	37654012	10.1002/jev2.12360	PMC10471836	https://pmc.ncbi.nlm.nih.gov/articles/PMC10471836/	pdfs/wang_2023_pmid37654012.pdf		adoptive_expansion	downloaded_europepmc
primary_research	Yuan L, Ma X, Yang Y et al.	Phosphoantigens glue butyrophilin 3A1 and 2A1 to activate Vγ9Vδ2 T cells.	Nature	2023	37674084	10.1038/s41586-023-06525-3	PMC10533412	https://pmc.ncbi.nlm.nih.gov/articles/PMC10533412/	pdfs/yuan_2023_pmid37674084.pdf		phosphoantigen_BTN;Vd2_Vg9	downloaded_europepmc
primary_research	Ishihara M, Miwa H, Fujiwara H et al.	αβ-T cell receptor transduction gives superior mitochondrial function to γδ-T cells with promising persistence.	iScience	2023	37720098	10.1016/j.isci.2023.107802	PMC10502403	https://pmc.ncbi.nlm.nih.gov/articles/PMC10502403/	pdfs/ishihara_2023_pmid37720098.pdf		adoptive_expansion;Vd2_Vg9;immunosuppression	downloaded_europepmc
primary_research	Sandoz PA, Kuhnigk K, Szabo EK et al.	Modulation of lytic molecules restrain serial killing in γδ T lymphocytes.	Nature communications	2023	37758698	10.1038/s41467-023-41634-7	PMC10533871	https://pmc.ncbi.nlm.nih.gov/articles/PMC10533871/	pdfs/sandoz_2023_pmid37758698.pdf		adoptive_expansion;Vd2_Vg9;tumor_infiltrating;mechanism_cytotox	downloaded_europepmc
primary_research	Li J, Feng H, Zhu J et al.	Gastric cancer derived exosomal THBS1 enhanced Vγ9Vδ2 T-cell function through activating RIG-I-like receptor signaling pathway in a N6-methyladenosine methylation dependent manner.	Cancer letters	2023	37783390	10.1016/j.canlet.2023.216410		https://doi.org/10.1016/j.canlet.2023.216410			Vd2_Vg9;tumor_infiltrating;mechanism_cytotox	no_pmcid
primary_research	Yakou MH, Ghilas S, Tran K et al.	TCF-1 limits intraepithelial lymphocyte antitumor immunity in colorectal carcinoma.	Science immunology	2023	37801516	10.1126/sciimmunol.adf2163		https://doi.org/10.1126/sciimmunol.adf2163			mechanism_cytotox;colorectal	no_pmcid
primary_research	Liu Y, Zhang T, Deng J et al.	The cytotoxicity of γδT cells in non-small cell lung cancer mediated via coordination of the BCL-2 and AKT pathways.	Oncogene	2023	37805664	10.1038/s41388-023-02852-x		https://doi.org/10.1038/s41388-023-02852-x			mechanism_cytotox;lung	no_pmcid
primary_research	Li Q, Yang Z, Ling X et al.	Correlation Analysis of Prognostic Gene Expression, Tumor Microenvironment, and Tumor-Infiltrating Immune Cells in Ovarian Cancer.	Disease markers	2023	37841886	10.1155/2023/9672158	PMC10575750	https://pmc.ncbi.nlm.nih.gov/articles/PMC10575750/	pdfs/li_2023_pmid37841886.pdf		tumor_infiltrating;leukemia;ovarian	downloaded_europepmc
primary_research	Todd KL, Lai J, Sek K et al.	A2AR eGFP reporter mouse enables elucidation of A2AR expression dynamics during anti-tumor immune responses.	Nature communications	2023	37914685	10.1038/s41467-023-42734-0	PMC10620403	https://pmc.ncbi.nlm.nih.gov/articles/PMC10620403/	pdfs/todd_2023_pmid37914685.pdf		tumor_infiltrating;checkpoint;immunosuppression;leukemia	downloaded_europepmc
primary_research	Shang Z, Wang Z, Zhang Y et al.	DNA damage repair molecular subtype derived immune signature applicable for the prognosis and immunotherapy response prediction in colon cancer.	Translational cancer research	2023	37969400	10.21037/tcr-23-747	PMC10643980	https://pmc.ncbi.nlm.nih.gov/articles/PMC10643980/	pdfs/shang_2023_pmid37969400.pdf		tumor_infiltrating;colorectal	downloaded_europepmc
primary_research	Lui KS, Ye Z, Chan HC et al.	Anti-PD1 does not improve pyroptosis induced by γδ T cells but promotes tumor regression in a pleural mesothelioma mouse model.	Frontiers in immunology	2023	38077396	10.3389/fimmu.2023.1282710	PMC10701743	https://pmc.ncbi.nlm.nih.gov/articles/PMC10701743/	pdfs/lui_2023_pmid38077396.pdf		phosphoantigen_BTN;aminobisphosphonate;adoptive_expansion;Vd2_Vg9;tumor_infiltrating;mechanism_cytotox;checkpoint	downloaded_europepmc
primary_research	Dong J, Holthaus D, Peters C et al.	γδ T cell-mediated cytotoxicity against patient-derived healthy and cancer cervical organoids.	Frontiers in immunology	2023	38090581	10.3389/fimmu.2023.1281646	PMC10711208	https://pmc.ncbi.nlm.nih.gov/articles/PMC10711208/	pdfs/dong_2023_pmid38090581.pdf		phosphoantigen_BTN;adoptive_expansion;mechanism_cytotox;checkpoint	downloaded_europepmc
primary_research	Kotwal A, Gustafson MP, Bornschlegl S et al.	Circulating immunophenotypes are potentially prognostic in follicular cell-derived thyroid cancer.	Frontiers in immunology	2023	38235146	10.3389/fimmu.2023.1325343	PMC10792034	https://pmc.ncbi.nlm.nih.gov/articles/PMC10792034/	pdfs/kotwal_2023_pmid38235146.pdf		tumor_infiltrating;immunosuppression	downloaded_europepmc
primary_research	Schadeck J, Oberg HH, Peipp M et al.	Vdelta1 T cells are more resistant than Vdelta2 T cells to the immunosuppressive properties of galectin-3.	Frontiers in immunology	2023	38259448	10.3389/fimmu.2023.1286097	PMC10800970	https://pmc.ncbi.nlm.nih.gov/articles/PMC10800970/	pdfs/schadeck_2023_pmid38259448.pdf		aminobisphosphonate;Vd1;Vd2_Vg9;mechanism_cytotox;immunosuppression;ovarian	downloaded_europepmc
primary_research	Gordino G, Costa-Pereira S, Corredeira P et al.	MicroRNA-181a restricts human γδ T cell differentiation by targeting Map3k2 and Notch2.	EMBO reports	2022	34821000	10.15252/embr.202052234	PMC8728617	https://pmc.ncbi.nlm.nih.gov/articles/PMC8728617/	pdfs/gordino_2022_pmid34821000.pdf		mechanism_cytotox;prostate	downloaded_europepmc
primary_research	Tomogane M, Omura M, Sano Y et al.	Expression level of BTN3A1 on the surface of CD14+ monocytes is a potential predictor of γδ T cell expansion efficiency.	Biochemical and biophysical research communications	2022	34952469	10.1016/j.bbrc.2021.12.060		https://doi.org/10.1016/j.bbrc.2021.12.060			phosphoantigen_BTN;aminobisphosphonate;adoptive_expansion;Vd2_Vg9;leukemia	no_pmcid
primary_research	Liu C, Skorupinska-Tudek K, Eriksson SG et al.	Potentiating Vγ9Vδ2 T cell proliferation and assessing their cytotoxicity towards adherent cancer cells at the single cell level.	Biology open	2022	34994391	10.1242/bio.059049	PMC8822357	https://pmc.ncbi.nlm.nih.gov/articles/PMC8822357/	pdfs/liu_2022_pmid34994391.pdf		phosphoantigen_BTN;Vd2_Vg9;mechanism_cytotox;colorectal	downloaded_europepmc
primary_research	Du Y, Peng Q, Cheng D et al.	Cancer cell-expressed BTNL2 facilitates tumour immune escape via engagement with IL-17A-producing γδ T cells.	Nature communications	2022	35017553	10.1038/s41467-021-27936-8	PMC8752682	https://pmc.ncbi.nlm.nih.gov/articles/PMC8752682/	pdfs/du_2022_pmid35017553.pdf		phosphoantigen_BTN;tumor_infiltrating;mechanism_cytotox;checkpoint;immunosuppression	downloaded_europepmc
primary_research	Hsiao CC, Nguyen K, Jin Y et al.	Ligand-induced interactions between butyrophilin 2A1 and 3A1 internal domains in the HMBPP receptor complex.	Cell chemical biology	2022	35081362	10.1016/j.chembiol.2022.01.004	PMC9232852	https://pmc.ncbi.nlm.nih.gov/articles/PMC9232852/			phosphoantigen_BTN;Vd2_Vg9	not_available_oa
primary_research	Wang X, Zhang Y, Mu X et al.	Exosomes derived from γδ-T cells synergize with radiotherapy and preserve antitumor activities against nasopharyngeal carcinoma in immunosuppressive microenvironment.	Journal for immunotherapy of cancer	2022	35105688	10.1136/jitc-2021-003832	PMC8808451	https://pmc.ncbi.nlm.nih.gov/articles/PMC8808451/	pdfs/wang_2022_pmid35105688.pdf		adoptive_expansion;tumor_infiltrating;mechanism_cytotox;immunosuppression	downloaded_europepmc
primary_research	Serrano R, Lettau M, Zarobkiewicz M et al.	Stimulatory and inhibitory activity of STING ligands on tumor-reactive human gamma/delta T cells.	Oncoimmunology	2022	35127253	10.1080/2162402X.2022.2030021	PMC8812774	https://pmc.ncbi.nlm.nih.gov/articles/PMC8812774/	pdfs/serrano_2022_pmid35127253.pdf		phosphoantigen_BTN;aminobisphosphonate;adoptive_expansion;Vd2_Vg9;immunosuppression	downloaded_europepmc
primary_research	Li M, Zhang J, Zhang Z et al.	Identification of Transcriptional Pattern Related to Immune Cell Infiltration With Gene Co-Expression Network in Papillary Thyroid Cancer.	Frontiers in endocrinology	2022	35185791	10.3389/fendo.2022.721569	PMC8854657	https://pmc.ncbi.nlm.nih.gov/articles/PMC8854657/	pdfs/li_2022_pmid35185791.pdf		tumor_infiltrating	downloaded_europepmc
primary_research	Lin L, Chen Y, Chen D et al.	Transient 40 °C-shock potentiates cytotoxic responses of Vδ2+ γδ T cell via HSP70 upregulation.	Cancer immunology, immunotherapy : CII	2022	35195762	10.1007/s00262-022-03164-x	PMC10992275	https://pmc.ncbi.nlm.nih.gov/articles/PMC10992275/	pdfs/lin_2022_pmid35195762.pdf		adoptive_expansion;Vd2_Vg9;mechanism_cytotox	downloaded_europepmc
primary_research	Li J, Smalley I, Chen Z et al.	Single-cell Characterization of the Cellular Landscape of Acral Melanoma Identifies Novel Targets for Immunotherapy.	Clinical cancer research : an official journal of the American Association for Cancer Research	2022	35247927	10.1158/1078-0432.CCR-21-3145	PMC9106889	https://pmc.ncbi.nlm.nih.gov/articles/PMC9106889/			tumor_infiltrating;checkpoint;immunosuppression;melanoma	not_available_oa
primary_research	Carpen L, Falvo P, Orecchioni S et al.	A single-cell transcriptomic landscape of innate and adaptive intratumoral immunity in triple negative breast cancer during chemo- and immunotherapies.	Cell death discovery	2022	35260564	10.1038/s41420-022-00893-x	PMC8904804	https://pmc.ncbi.nlm.nih.gov/articles/PMC8904804/	pdfs/carpen_2022_pmid35260564.pdf		tumor_infiltrating;checkpoint;immunosuppression;leukemia;breast	downloaded_europepmc
primary_research	Zakeri N, Hall A, Swadling L et al.	Characterisation and induction of tissue-resident gamma delta T-cells to target hepatocellular carcinoma.	Nature communications	2022	35296658	10.1038/s41467-022-29012-1	PMC8927126	https://pmc.ncbi.nlm.nih.gov/articles/PMC8927126/	pdfs/zakeri_2022_pmid35296658.pdf		phosphoantigen_BTN;aminobisphosphonate;adoptive_expansion;Vd2_Vg9;mechanism_cytotox;hepatocellular	downloaded_europepmc
primary_research	Li P, Zhu X, Cao G et al.	1α,25(OH)2D3 reverses exhaustion and enhances antitumor immunity of human cytotoxic T cells.	Journal for immunotherapy of cancer	2022	35318258	10.1136/jitc-2021-003477	PMC8943781	https://pmc.ncbi.nlm.nih.gov/articles/PMC8943781/	pdfs/li_2022_pmid35318258.pdf		Vd2_Vg9;mechanism_cytotox;checkpoint;immunosuppression;lung	downloaded_europepmc
primary_research	Her JH, Pretscher D, Patra-Kneuer M et al.	Tafasitamab mediates killing of B-cell non-Hodgkin's lymphoma in combination with γδ T cell or allogeneic NK cell therapy.	Cancer immunology, immunotherapy : CII	2022	35348812	10.1007/s00262-022-03165-w	PMC9519642	https://pmc.ncbi.nlm.nih.gov/articles/PMC9519642/	pdfs/her_2022_pmid35348812.pdf		adoptive_expansion;mechanism_cytotox;lymphoma	downloaded_europepmc
primary_research	Wang H, Wang X, Wang W et al.	Interleukin-15 enhanced the survival of human γδT cells by regulating the expression of Mcl-1 in neuroblastoma.	Cell death discovery	2022	35351861	10.1038/s41420-022-00942-5	PMC8964681	https://pmc.ncbi.nlm.nih.gov/articles/PMC8964681/	pdfs/wang_2022_pmid35351861.pdf		adoptive_expansion;tumor_infiltrating;neuroblastoma	downloaded_europepmc
primary_research	Jonus HC, Burnham RE, Ho A et al.	Dissecting the cellular components of ex vivo γδ T cell expansions to optimize selection of potent cell therapy donors for neuroblastoma immunotherapy trials.	Oncoimmunology	2022	35371623	10.1080/2162402X.2022.2057012	PMC8966991	https://pmc.ncbi.nlm.nih.gov/articles/PMC8966991/	pdfs/jonus_2022_pmid35371623.pdf		aminobisphosphonate;adoptive_expansion;neuroblastoma	downloaded_europepmc
primary_research	Giri S, Meitei HT, Mishra A et al.	Vγ2+ γδ T Cells in the Presence of Anti-CD40L Control Surgical Inflammation and Promote Skin Allograft Survival.	The Journal of investigative dermatology	2022	35378114	10.1016/j.jid.2022.03.016		https://doi.org/10.1016/j.jid.2022.03.016			adoptive_expansion;immunosuppression	no_pmcid
primary_research	He W, Hu Y, Chen D et al.	Hepatocellular carcinoma-infiltrating γδ T cells are functionally defected and allogenic Vδ2+ γδ T cell can be a promising complement.	Clinical and translational medicine	2022	35390227	10.1002/ctm2.800	PMC8989380	https://pmc.ncbi.nlm.nih.gov/articles/PMC8989380/	pdfs/he_2022_pmid35390227.pdf		adoptive_expansion;Vd1;Vd2_Vg9;tumor_infiltrating;mechanism_cytotox;immunosuppression;hepatocellular	downloaded_europepmc
primary_research	Fenn J, Ridgley LA, White A et al.	Bacillus Calmette-Guerin (BCG) induces superior anti-tumour responses by Vδ2+ T cells compared with the aminobisphosphonate drug zoledronic acid.	Clinical and experimental immunology	2022	35404420	10.1093/cei/uxac032	PMC9226146	https://pmc.ncbi.nlm.nih.gov/articles/PMC9226146/	pdfs/fenn_2022_pmid35404420.pdf		aminobisphosphonate;adoptive_expansion;Vd2_Vg9;mechanism_cytotox;checkpoint;immunosuppression	downloaded_europepmc
primary_research	Lawrence M, Wiesheu R, Coffelt SB	The duplexity of unconventional T cells in cancer.	The international journal of biochemistry & cell biology	2022	35447350	10.1016/j.biocel.2022.106213		https://doi.org/10.1016/j.biocel.2022.106213				no_pmcid
primary_research	Gu HY, Qu WQ, Peng HH et al.	Stemness Subtypes and Scoring System Predict Prognosis and Efficacy of Immunotherapy in Soft Tissue Sarcoma.	Frontiers in immunology	2022	35464409	10.3389/fimmu.2022.796606	PMC9022121	https://pmc.ncbi.nlm.nih.gov/articles/PMC9022121/	pdfs/gu_2022_pmid35464409.pdf		tumor_infiltrating	downloaded_europepmc
primary_research	McGraw JM, Witherden DA	γδ T cell costimulatory ligands in antitumor immunity.	Exploration of immunology	2022	35480230	10.37349/ei.2022.00038	PMC9041367	https://pmc.ncbi.nlm.nih.gov/articles/PMC9041367/			mechanism_cytotox	not_available_oa
primary_research	Wu Y, Biswas D, Usaite I et al.	A local human Vδ1 T cell population is associated with survival in nonsmall-cell lung cancer.	Nature cancer	2022	35637401	10.1038/s43018-022-00376-z	PMC9236901	https://pmc.ncbi.nlm.nih.gov/articles/PMC9236901/	pdfs/wu_2022_pmid35637401.pdf		Vd1;lung	downloaded_europepmc
primary_research	Wu H, Dong X, Liao L et al.	An Integrative Analysis Identifying RAB40C as an Oncogenic Immune Protein and Prognostic Marker of Lung Squamous Cell Carcinoma.	Pharmacogenomics and personalized medicine	2022	35645578	10.2147/PGPM.S357166	PMC9135582	https://pmc.ncbi.nlm.nih.gov/articles/PMC9135582/	pdfs/wu_2022_pmid35645578.pdf		tumor_infiltrating	downloaded_europepmc
primary_research	Ke S, Wang C, Su Z et al.	Integrated Analysis Reveals Critical Ferroptosis Regulators and FTL Contribute to Cancer Progression in Hepatocellular Carcinoma.	Frontiers in genetics	2022	35651950	10.3389/fgene.2022.897683	PMC9149379	https://pmc.ncbi.nlm.nih.gov/articles/PMC9149379/	pdfs/ke_2022_pmid35651950.pdf		tumor_infiltrating;checkpoint;hepatocellular	downloaded_europepmc
primary_research	Ou L, Wang H, Huang H et al.	Preclinical platforms to study therapeutic efficacy of human γδ T cells.	Clinical and translational medicine	2022	35731974	10.1002/ctm2.814	PMC9217106	https://pmc.ncbi.nlm.nih.gov/articles/PMC9217106/	pdfs/ou_2022_pmid35731974.pdf		adoptive_expansion;Vd2_Vg9;tumor_infiltrating;mechanism_cytotox;checkpoint;immunosuppression;leukemia;melanoma	downloaded_europepmc
primary_research	Lo Presti E, D'Orsi L, De Gaetano A	A Mathematical Model of In Vitro Cellular Uptake of Zoledronic Acid and Isopentenyl Pyrophosphate Accumulation.	Pharmaceutics	2022	35745834	10.3390/pharmaceutics14061262	PMC9227399	https://pmc.ncbi.nlm.nih.gov/articles/PMC9227399/	pdfs/lo_2022_pmid35745834.pdf		phosphoantigen_BTN;aminobisphosphonate	downloaded_europepmc
primary_research	Song Y, Teo HY, Liu Y et al.	Reviving human γδT cells from apoptosis induced by IL-12/18 via p-JNK inhibition.	Journal of leukocyte biology	2022	35770879	10.1002/JLB.5MA0622-741R		https://doi.org/10.1002/JLB.5MA0622-741R			phosphoantigen_BTN;adoptive_expansion;mechanism_cytotox;immunosuppression	no_pmcid
primary_research	Jhita N, Raikar SS	Allogeneic gamma delta T cells as adoptive cellular therapy for hematologic malignancies.	Exploration of immunology	2022	35783107	10.37349/ei.2022.00054	PMC9249101	https://pmc.ncbi.nlm.nih.gov/articles/PMC9249101/			adoptive_expansion;tumor_infiltrating;immunosuppression	not_available_oa
primary_research	Pei Y, Xiang Z, Wen K et al.	CD137 Costimulation Enhances the Antitumor Activity of Vγ9Vδ2-T Cells in IL-10-Mediated Immunosuppressive Tumor Microenvironment.	Frontiers in immunology	2022	35784354	10.3389/fimmu.2022.872122	PMC9247142	https://pmc.ncbi.nlm.nih.gov/articles/PMC9247142/	pdfs/pei_2022_pmid35784354.pdf		phosphoantigen_BTN;aminobisphosphonate;Vd2_Vg9;tumor_infiltrating;immunosuppression;lymphoma	downloaded_europepmc
primary_research	Shen YC, Shih HJ, Lin CC et al.	Synergistic Benefit of Adoptive T Cells in Combination With Chemoradiotherapy Against Metastatic Prostate Cancer Cells.	Anticancer research	2022	35790265	10.21873/anticanres.15829		https://doi.org/10.21873/anticanres.15829			adoptive_expansion;mechanism_cytotox;prostate	no_pmcid
primary_research	Long Y, Lv X, Song X et al.	Visualizing γδ T cells by very late antigen-4-targeted positron emission tomography.	European journal of nuclear medicine and molecular imaging	2022	35790537	10.1007/s00259-022-05886-7		https://doi.org/10.1007/s00259-022-05886-7			adoptive_expansion;mechanism_cytotox	no_pmcid
primary_research	Bruni E, Cimino MM, Donadon M et al.	Intrahepatic CD69+Vδ1 T cells re-circulate in the blood of patients with metastatic colorectal cancer and limit tumor progression.	Journal for immunotherapy of cancer	2022	35863820	10.1136/jitc-2022-004579	PMC9310256	https://pmc.ncbi.nlm.nih.gov/articles/PMC9310256/	pdfs/bruni_2022_pmid35863820.pdf		Vd1;tumor_infiltrating;leukemia;colorectal	downloaded_europepmc
primary_research	Bustos X, Snedal S, Tordesillas L et al.	γδ T Cell-Based Adoptive Cell Therapies Against Solid Epithelial Tumors.	Cancer journal (Sudbury, Mass.)	2022	35880936	10.1097/PPO.0000000000000606	PMC9335899	https://pmc.ncbi.nlm.nih.gov/articles/PMC9335899/			adoptive_expansion	not_available_oa
primary_research	Ko Y, Jeong YH, Lee JA	Therapeutic Potential of Ex Vivo Expanded γδ T Cells against Osteosarcoma Cells.	Cells	2022	35883606	10.3390/cells11142164	PMC9318146	https://pmc.ncbi.nlm.nih.gov/articles/PMC9318146/	pdfs/ko_2022_pmid35883606.pdf		aminobisphosphonate;adoptive_expansion;Vd2_Vg9;mechanism_cytotox	downloaded_europepmc
primary_research	Dong T, Wu N, Gao H et al.	CD277 agonist enhances the immunogenicity of relapsed/refractory acute myeloid leukemia towards Vδ2+ T cell cytotoxicity.	Annals of hematology	2022	35920929	10.1007/s00277-022-04930-8		https://doi.org/10.1007/s00277-022-04930-8			phosphoantigen_BTN;adoptive_expansion;Vd2_Vg9;mechanism_cytotox;leukemia	no_pmcid
primary_research	Zheng Y, Wang PP, Fu Y et al.	Zoledronic acid enhances the efficacy of immunotherapy in non-small cell lung cancer.	International immunopharmacology	2022	35978519	10.1016/j.intimp.2022.109030		https://doi.org/10.1016/j.intimp.2022.109030			aminobisphosphonate;tumor_infiltrating;checkpoint;lung	no_pmcid
primary_research	Nguyen S, Chevalier MF, Benmerzoug S et al.	Vδ2 T cells are associated with favorable clinical outcomes in patients with bladder cancer and their tumor reactivity can be boosted by BCG and zoledronate treatments.	Journal for immunotherapy of cancer	2022	36002184	10.1136/jitc-2022-004880	PMC9413168	https://pmc.ncbi.nlm.nih.gov/articles/PMC9413168/	pdfs/nguyen_2022_pmid36002184.pdf		aminobisphosphonate;Vd1;Vd2_Vg9;tumor_infiltrating	downloaded_europepmc
primary_research	Shao H, Kaplan HJ, Sun D	Bidirectional Effect of IFN-γ on Th17 Responses in Experimental Autoimmune Uveitis.	Frontiers in ophthalmology	2022	36188211	10.3389/fopht.2022.831084	PMC9521044	https://pmc.ncbi.nlm.nih.gov/articles/PMC9521044/				not_available_oa
primary_research	Liou ML, Lahusen T, Li H et al.	Reducing farnesyl diphosphate synthase levels activates Vγ9Vδ2 T cells and improves tumor suppression in murine xenograft cancer models.	Frontiers in immunology	2022	36275712	10.3389/fimmu.2022.1012051	PMC9581136	https://pmc.ncbi.nlm.nih.gov/articles/PMC9581136/	pdfs/liou_2022_pmid36275712.pdf		phosphoantigen_BTN;adoptive_expansion;Vd2_Vg9;mechanism_cytotox;immunosuppression;hepatocellular;prostate	downloaded_europepmc
primary_research	Liang S, Dong T, Yue K et al.	Identification of the immunosuppressive effect of γδ T cells correlated to bone morphogenetic protein 2 in acute myeloid leukemia.	Frontiers in immunology	2022	36325350	10.3389/fimmu.2022.1009709	PMC9618638	https://pmc.ncbi.nlm.nih.gov/articles/PMC9618638/	pdfs/liang_2022_pmid36325350.pdf		Vd2_Vg9;tumor_infiltrating;mechanism_cytotox;immunosuppression;leukemia	downloaded_europepmc
primary_research	Choi H, Lee Y, Park SA et al.	Human allogenic γδ T cells kill patient-derived glioblastoma cells expressing high levels of DNAM-1 ligands.	Oncoimmunology	2022	36338147	10.1080/2162402X.2022.2138152	PMC9629076	https://pmc.ncbi.nlm.nih.gov/articles/PMC9629076/	pdfs/choi_2022_pmid36338147.pdf		adoptive_expansion;Vd2_Vg9;mechanism_cytotox;glioma	downloaded_europepmc
primary_research	You H, Zhu H, Zhao Y et al.	TIGIT-expressing zoledronate-specific γδ T cells display enhanced antitumor activity.	Journal of leukocyte biology	2022	36353851	10.1002/JLB.5MA0822-759R		https://doi.org/10.1002/JLB.5MA0822-759R			aminobisphosphonate;adoptive_expansion;mechanism_cytotox;checkpoint;renal	no_pmcid
primary_research	Jin Y, Qiu X, He Z et al.	ERBB2 as a prognostic biomarker correlates with immune infiltrates in papillary thyroid cancer.	Frontiers in genetics	2022	36437939	10.3389/fgene.2022.966365	PMC9682178	https://pmc.ncbi.nlm.nih.gov/articles/PMC9682178/	pdfs/jin_2022_pmid36437939.pdf		tumor_infiltrating;mechanism_cytotox;immunosuppression	downloaded_europepmc
primary_research	Al-Kadhimi Z, Callahan M, Fehniger T et al.	Enrichment of innate immune cells from PBMC followed by triple cytokine activation for adoptive immunotherapy.	International immunopharmacology	2022	36461582	10.1016/j.intimp.2022.109387		https://doi.org/10.1016/j.intimp.2022.109387			adoptive_expansion;mechanism_cytotox;leukemia	no_pmcid
primary_research	Li C, Tao Y, Chen Y et al.	Development of a metabolism-related signature for predicting prognosis, immune infiltration and immunotherapy response in breast cancer.	American journal of cancer research	2022	36628282		PMC9827085	https://pmc.ncbi.nlm.nih.gov/articles/PMC9827085/	pdfs/li_2022_pmid36628282.pdf		tumor_infiltrating;checkpoint;leukemia;breast	downloaded_europepmc
primary_research	Ridgley LA, Caron J, Dalgleish A et al.	Releasing the restraints of Vγ9Vδ2 T-cells in cancer immunotherapy.	Frontiers in immunology	2022	36713444	10.3389/fimmu.2022.1065495	PMC9880221	https://pmc.ncbi.nlm.nih.gov/articles/PMC9880221/	pdfs/ridgley_2022_pmid36713444.pdf		aminobisphosphonate;adoptive_expansion;Vd2_Vg9;mechanism_cytotox;checkpoint	downloaded_europepmc
primary_research	Rafia C, Loizeau C, Renoult O et al.	The antitumor activity of human Vγ9Vδ2 T cells is impaired by TGF-β through significant phenotype, transcriptomic and metabolic changes.	Frontiers in immunology	2022	36741364	10.3389/fimmu.2022.1066336	PMC9893774	https://pmc.ncbi.nlm.nih.gov/articles/PMC9893774/	pdfs/rafia_2022_pmid36741364.pdf		adoptive_expansion;Vd2_Vg9;tumor_infiltrating;immunosuppression	downloaded_europepmc
primary_research	Duan Y, Li G, Xu M et al.	CFTR is a negative regulator of γδ T cell IFN-γ production and antitumor immunity.	Cellular & molecular immunology	2021	32669666	10.1038/s41423-020-0499-3	PMC8322328	https://pmc.ncbi.nlm.nih.gov/articles/PMC8322328/	pdfs/duan_2021_pmid32669666.pdf			downloaded_europepmc
primary_research	Dutta I, Dieters-Castator D, Papatzimas JW et al.	ADAM protease inhibition overcomes resistance of breast cancer stem-like cells to γδ T cell immunotherapy.	Cancer letters	2021	33045304	10.1016/j.canlet.2020.10.013		https://doi.org/10.1016/j.canlet.2020.10.013			mechanism_cytotox;checkpoint;breast	no_pmcid
primary_research	Lu H, Ma Y, Wang M et al.	B7-H3 confers resistance to Vγ9Vδ2 T cell-mediated cytotoxicity in human colon cancer cells via the STAT3/ULBP2 axis.	Cancer immunology, immunotherapy : CII	2021	33119798	10.1007/s00262-020-02771-w	PMC10992226	https://pmc.ncbi.nlm.nih.gov/articles/PMC10992226/	pdfs/lu_2021_pmid33119798.pdf		Vd2_Vg9;mechanism_cytotox;colorectal	downloaded_europepmc
primary_research	Boufea K, González-Huici V, Lindberg M et al.	Single-cell RNA sequencing of human breast tumour-infiltrating immune cells reveals a γδ T-cell subtype associated with good clinical outcome.	Life science alliance	2021	33268347	10.26508/lsa.202000680	PMC7723295	https://pmc.ncbi.nlm.nih.gov/articles/PMC7723295/	pdfs/boufea_2021_pmid33268347.pdf		tumor_infiltrating;mechanism_cytotox;immunosuppression;breast	downloaded_europepmc
primary_research	Wen X, Wu Y, Tanaka Y et al.	Effect of 4,5-diazafluorene derivative on γδ T cell-mediated cytotoxicity against renal cell carcinoma.	Life sciences	2021	33460663	10.1016/j.lfs.2021.119066		https://doi.org/10.1016/j.lfs.2021.119066			aminobisphosphonate;mechanism_cytotox;renal	no_pmcid
primary_research	Lopes N, McIntyre C, Martin S et al.	Distinct metabolic programs established in the thymus control effector functions of γδ T cell subsets in tumor microenvironments.	Nature immunology	2021	33462452	10.1038/s41590-020-00848-3	PMC7610600	https://pmc.ncbi.nlm.nih.gov/articles/PMC7610600/	pdfs/lopes_2021_pmid33462452.pdf		adoptive_expansion;tumor_infiltrating;immunosuppression	downloaded_europepmc
primary_research	Park JH, Kim HJ, Kim CW et al.	Tumor hypoxia represses γδ T cell-mediated antitumor immunity against brain tumors.	Nature immunology	2021	33574616	10.1038/s41590-020-00860-7		https://doi.org/10.1038/s41590-020-00860-7			tumor_infiltrating;mechanism_cytotox;immunosuppression	no_pmcid
primary_research	Zhang B, Li H, Liu W et al.	Adoptive cell therapy of patient-derived renal cell carcinoma xenograft model with IL-15-induced γδT cells.	Medical oncology (Northwood, London, England)	2021	33598783	10.1007/s12032-021-01474-1		https://doi.org/10.1007/s12032-021-01474-1			adoptive_expansion;mechanism_cytotox;immunosuppression;renal	no_pmcid
primary_research	Sheng Y, Chen K, Jiang W et al.	PD-1 restrains IL-17A production from γδ T cells to modulate acute radiation-induced lung injury.	Translational lung cancer research	2021	33718014	10.21037/tlcr-20-838	PMC7947382	https://pmc.ncbi.nlm.nih.gov/articles/PMC7947382/	pdfs/sheng_2021_pmid33718014.pdf		tumor_infiltrating;checkpoint;immunosuppression;lung	downloaded_europepmc
primary_research	Holmen Olofsson G, Pedersen SR, Aehnlich P et al.	The capacity of CD4+ Vγ9Vδ2 T cells to kill cancer cells correlates with co-expression of CD56.	Cytotherapy	2021	33785258	10.1016/j.jcyt.2021.02.003		https://doi.org/10.1016/j.jcyt.2021.02.003			aminobisphosphonate;adoptive_expansion;Vd2_Vg9;mechanism_cytotox;melanoma;breast;prostate	no_pmcid
primary_research	Weng RR, Lu HH, Lin CT et al.	Epigenetic modulation of immune synaptic-cytoskeletal networks potentiates γδ T cell-mediated cytotoxicity in lung cancer.	Nature communications	2021	33846331	10.1038/s41467-021-22433-4	PMC8042060	https://pmc.ncbi.nlm.nih.gov/articles/PMC8042060/	pdfs/weng_2021_pmid33846331.pdf		adoptive_expansion;Vd1;tumor_infiltrating;mechanism_cytotox;lung	downloaded_europepmc
primary_research	Reyes RM, Deng Y, Zhang D et al.	CD122-directed interleukin-2 treatment mechanisms in bladder cancer differ from αPD-L1 and include tissue-selective γδ T cell activation.	Journal for immunotherapy of cancer	2021	33849925	10.1136/jitc-2020-002051	PMC8051418	https://pmc.ncbi.nlm.nih.gov/articles/PMC8051418/	pdfs/reyes_2021_pmid33849925.pdf		tumor_infiltrating;checkpoint;immunosuppression;ovarian	downloaded_europepmc
primary_research	Billon E, Chanez B, Rochigneux P et al.	Soluble BTN2A1 Is a Potential Prognosis Biomarker in Pre-Treated Advanced Renal Cell Carcinoma.	Frontiers in immunology	2021	33959132	10.3389/fimmu.2021.670827	PMC8096349	https://pmc.ncbi.nlm.nih.gov/articles/PMC8096349/	pdfs/billon_2021_pmid33959132.pdf		phosphoantigen_BTN;tumor_infiltrating;checkpoint;renal	downloaded_europepmc
primary_research	Ou L, Wang H, Liu Q et al.	Dichotomous and stable gamma delta T-cell number and function in healthy individuals.	Journal for immunotherapy of cancer	2021	34011536	10.1136/jitc-2020-002274	PMC8137237	https://pmc.ncbi.nlm.nih.gov/articles/PMC8137237/	pdfs/ou_2021_pmid34011536.pdf		aminobisphosphonate;adoptive_expansion;Vd2_Vg9;mechanism_cytotox;checkpoint;melanoma	downloaded_europepmc
primary_research	Lee HW, Park C, Joung JG et al.	Renal Cell Carcinoma-Infiltrating CD3low Vγ9Vδ1 T Cells Represent Potentially Novel Anti-Tumor Immune Players.	Current issues in molecular biology	2021	34071865	10.3390/cimb43010019	PMC8929056	https://pmc.ncbi.nlm.nih.gov/articles/PMC8929056/	pdfs/lee_2021_pmid34071865.pdf		adoptive_expansion;Vd1;Vd2_Vg9;tumor_infiltrating;mechanism_cytotox;checkpoint;immunosuppression;renal	downloaded_europepmc
primary_research	Khan MWA, Otaibi AA, Sherwani S et al.	Optimization of methods for peripheral blood mononuclear cells isolation and expansion of human gamma delta T cells.	Bioinformation	2021	34092966	10.6026/97320630017460	PMC8131572	https://pmc.ncbi.nlm.nih.gov/articles/PMC8131572/	pdfs/khan_2021_pmid34092966.pdf		aminobisphosphonate;adoptive_expansion;Vd2_Vg9	downloaded_europepmc
primary_research	Rosso DA, Rosato M, Iturrizaga J et al.	Glioblastoma cells potentiate the induction of the Th1-like profile in phosphoantigen-stimulated γδ T lymphocytes.	Journal of neuro-oncology	2021	34125375	10.1007/s11060-021-03787-7		https://doi.org/10.1007/s11060-021-03787-7			phosphoantigen_BTN;Vd2_Vg9;tumor_infiltrating;mechanism_cytotox;glioma	no_pmcid
primary_research	Zhang J, Yin J, Luo L et al.	Integrative Analysis of DNA Methylation and Transcriptome Identifies a Predictive Epigenetic Signature Associated With Immune Infiltration in Gliomas.	Frontiers in cell and developmental biology	2021	34136486	10.3389/fcell.2021.670854	PMC8203203	https://pmc.ncbi.nlm.nih.gov/articles/PMC8203203/	pdfs/zhang_2021_pmid34136486.pdf		tumor_infiltrating;checkpoint;glioma	downloaded_europepmc
primary_research	Holmen Olofsson G, Idorn M, Carnaz Simões AM et al.	Vγ9Vδ2 T Cells Concurrently Kill Cancer Cells and Cross-Present Tumor Antigens.	Frontiers in immunology	2021	34149689	10.3389/fimmu.2021.645131	PMC8208807	https://pmc.ncbi.nlm.nih.gov/articles/PMC8208807/	pdfs/holmen_2021_pmid34149689.pdf		aminobisphosphonate;adoptive_expansion;Vd2_Vg9;mechanism_cytotox;prostate	downloaded_europepmc
primary_research	Cano CE, Pasero C, De Gassart A et al.	BTN2A1, an immune checkpoint targeting Vγ9Vδ2 T cell cytotoxicity against malignant cells.	Cell reports	2021	34260935	10.1016/j.celrep.2021.109359		https://doi.org/10.1016/j.celrep.2021.109359			phosphoantigen_BTN;aminobisphosphonate;Vd2_Vg9;mechanism_cytotox;checkpoint;leukemia	no_pmcid
primary_research	Zhan Y, Zheng L, Liu J et al.	PLA2G4A promotes right-sided colorectal cancer progression by inducing CD39+γδ Treg polarization.	JCI insight	2021	34283812	10.1172/jci.insight.148028	PMC8409991	https://pmc.ncbi.nlm.nih.gov/articles/PMC8409991/	pdfs/zhan_2021_pmid34283812.pdf		tumor_infiltrating;immunosuppression;colorectal	downloaded_europepmc
primary_research	Choi H, Lee Y, Hur G et al.	γδ T cells cultured with artificial antigen-presenting cells and IL-2 show long-term proliferation and enhanced effector functions compared with γδ T cells cultured with only IL-2 after stimulation with zoledronic acid.	Cytotherapy	2021	34312069	10.1016/j.jcyt.2021.06.002		https://doi.org/10.1016/j.jcyt.2021.06.002			phosphoantigen_BTN;aminobisphosphonate;adoptive_expansion;Vd2_Vg9;mechanism_cytotox;checkpoint	no_pmcid
primary_research	Serrano R, Coch C, Peters C et al.	Monocyte-dependent co-stimulation of cytokine induction in human γδ T cells by TLR8 RNA ligands.	Scientific reports	2021	34315922	10.1038/s41598-021-94428-6	PMC8316369	https://pmc.ncbi.nlm.nih.gov/articles/PMC8316369/	pdfs/serrano_2021_pmid34315922.pdf		Vd2_Vg9	downloaded_europepmc
primary_research	Cheng T, Zhang J, Liu D et al.	Prognosis of Non-small-cell Lung Cancer Patients With Lipid Metabolism Pathway Alternations to Immunotherapy.	Frontiers in genetics	2021	34335679	10.3389/fgene.2021.646362	PMC8317604	https://pmc.ncbi.nlm.nih.gov/articles/PMC8317604/	pdfs/cheng_2021_pmid34335679.pdf		tumor_infiltrating;checkpoint;lung	downloaded_europepmc
primary_research	Tomogane M, Sano Y, Shimizu D et al.	Human Vγ9Vδ2 T cells exert anti-tumor activity independently of PD-L1 expression in tumor cells.	Biochemical and biophysical research communications	2021	34407491	10.1016/j.bbrc.2021.08.005		https://doi.org/10.1016/j.bbrc.2021.08.005			adoptive_expansion;Vd2_Vg9;tumor_infiltrating;mechanism_cytotox;checkpoint;immunosuppression	no_pmcid
primary_research	McGraw JM, Thelen F, Hampton EN et al.	JAML promotes CD8 and γδ T cell antitumor immunity and is a novel target for cancer immunotherapy.	The Journal of experimental medicine	2021	34427588	10.1084/jem.20202644	PMC8404475	https://pmc.ncbi.nlm.nih.gov/articles/PMC8404475/	pdfs/mcgraw_2021_pmid34427588.pdf		tumor_infiltrating;checkpoint	downloaded_europepmc
primary_research	Strijker JGM, Pscheid R, Drent E et al.	αβ-T Cells Engineered to Express γδ-T Cell Receptors Can Kill Neuroblastoma Organoids Independent of MHC-I Expression.	Journal of personalized medicine	2021	34575700	10.3390/jpm11090923	PMC8471928	https://pmc.ncbi.nlm.nih.gov/articles/PMC8471928/	pdfs/strijker_2021_pmid34575700.pdf		neuroblastoma	downloaded_europepmc
primary_research	Ji N, Mukherjee N, Shu ZJ et al.	γδ T Cells Support Antigen-Specific αβ T cell-Mediated Antitumor Responses during BCG Treatment for Bladder Cancer.	Cancer immunology research	2021	34607803	10.1158/2326-6066.CIR-21-0285	PMC8691423	https://pmc.ncbi.nlm.nih.gov/articles/PMC8691423/			adoptive_expansion	not_available_oa
primary_research	Lamb LS, Pereboeva L, Youngblood S et al.	A combined treatment regimen of MGMT-modified γδ T cells and temozolomide chemotherapy is effective against primary high grade gliomas.	Scientific reports	2021	34702850	10.1038/s41598-021-00536-8	PMC8548550	https://pmc.ncbi.nlm.nih.gov/articles/PMC8548550/	pdfs/lamb_2021_pmid34702850.pdf		mechanism_cytotox;glioma	downloaded_europepmc
primary_research	Ye T, Feng J, Cui M et al.	LncRNA MIAT Services as a Noninvasive Biomarker for Diagnosis and Correlated with Immune Infiltrates in Breast Cancer.	International journal of women's health	2021	34712062	10.2147/IJWH.S312714	PMC8548061	https://pmc.ncbi.nlm.nih.gov/articles/PMC8548061/	pdfs/ye_2021_pmid34712062.pdf		tumor_infiltrating;breast	downloaded_europepmc
primary_research	Zhang Z, Yang C, Li L et al.	"""γδT Cell-IL17A-Neutrophil"" Axis Drives Immunosuppression and Confers Breast Cancer Resistance to High-Dose Anti-VEGFR2 Therapy."	Frontiers in immunology	2021	34721375	10.3389/fimmu.2021.699478	PMC8554133	https://pmc.ncbi.nlm.nih.gov/articles/PMC8554133/	pdfs/zhang_2021_pmid34721375.pdf		tumor_infiltrating;checkpoint;immunosuppression;breast	downloaded_europepmc
primary_research	Cerapio JP, Perrier M, Balança CC et al.	Phased differentiation of γδ T and T CD8 tumor-infiltrating lymphocytes revealed by single-cell transcriptomics of human cancers.	Oncoimmunology	2021	34721945	10.1080/2162402X.2021.1939518	PMC8555559	https://pmc.ncbi.nlm.nih.gov/articles/PMC8555559/	pdfs/cerapio_2021_pmid34721945.pdf		Vd2_Vg9;tumor_infiltrating;checkpoint;immunosuppression;lymphoma	downloaded_europepmc
primary_research	Jarvis EM, Collings S, Authier-Hall A et al.	Mucosal-Associated Invariant T (MAIT) Cell Dysfunction and PD-1 Expression in Prostate Cancer: Implications for Immunotherapy.	Frontiers in immunology	2021	34737749	10.3389/fimmu.2021.748741	PMC8560687	https://pmc.ncbi.nlm.nih.gov/articles/PMC8560687/	pdfs/jarvis_2021_pmid34737749.pdf		Vd2_Vg9;mechanism_cytotox;checkpoint;melanoma;prostate	downloaded_europepmc
primary_research	Brauneck F, Weimer P, Schulze Zur Wiesch J et al.	Bone Marrow-Resident Vδ1 T Cells Co-express TIGIT With PD-1, TIM-3 or CD39 in AML and Myeloma.	Frontiers in medicine	2021	34820398	10.3389/fmed.2021.763773	PMC8606547	https://pmc.ncbi.nlm.nih.gov/articles/PMC8606547/	pdfs/brauneck_2021_pmid34820398.pdf		adoptive_expansion;Vd1;Vd2_Vg9;tumor_infiltrating;mechanism_cytotox;checkpoint;immunosuppression;leukemia;myeloma	downloaded_europepmc
primary_research	Qiu D, Yan X, Xiao X et al.	To explore immune synergistic function of Quercetin in inhibiting breast cancer cells.	Cancer cell international	2021	34838003	10.1186/s12935-021-02345-5	PMC8626953	https://pmc.ncbi.nlm.nih.gov/articles/PMC8626953/	pdfs/qiu_2021_pmid34838003.pdf		Vd2_Vg9;checkpoint;breast	downloaded_europepmc
primary_research	Wang H, Chen H, Liu S et al.	Costimulation of γδTCR and TLR7/8 promotes Vδ2 T-cell antitumor activity by modulating mTOR pathway and APC function.	Journal for immunotherapy of cancer	2021	34937742	10.1136/jitc-2021-003339	PMC8705233	https://pmc.ncbi.nlm.nih.gov/articles/PMC8705233/	pdfs/wang_2021_pmid34937742.pdf		phosphoantigen_BTN;aminobisphosphonate;adoptive_expansion;Vd2_Vg9;tumor_infiltrating;mechanism_cytotox;checkpoint;immunosuppression	downloaded_europepmc
primary_research	Beatson RE, Parente-Pereira AC, Halim L et al.	TGF-β1 potentiates Vγ9Vδ2 T cell adoptive immunotherapy of cancer.	Cell reports. Medicine	2021	35028614	10.1016/j.xcrm.2021.100473	PMC8714942	https://pmc.ncbi.nlm.nih.gov/articles/PMC8714942/	pdfs/beatson_2021_pmid35028614.pdf		aminobisphosphonate;adoptive_expansion;Vd2_Vg9;leukemia	downloaded_europepmc
primary_research	Wang Y, Guan Y, Hu Y et al.	Murine CXCR3+CXCR6+γδT Cells Reside in the Liver and Provide Protection Against HBV Infection.	Frontiers in immunology	2021	35126348	10.3389/fimmu.2021.757379	PMC8814360	https://pmc.ncbi.nlm.nih.gov/articles/PMC8814360/	pdfs/wang_2021_pmid35126348.pdf		adoptive_expansion	downloaded_europepmc
primary_research	Cai Q, Zhu M, Duan J et al.	Comprehensive Analysis of Immune-Related Prognosis of TK1 in Hepatocellular Carcinoma.	Frontiers in oncology	2021	35127491	10.3389/fonc.2021.786873	PMC8814100	https://pmc.ncbi.nlm.nih.gov/articles/PMC8814100/	pdfs/cai_2021_pmid35127491.pdf		tumor_infiltrating;hepatocellular	downloaded_europepmc
primary_research	Kouakanou L, Xu Y, Peters C et al.	Vitamin C promotes the proliferation and effector functions of human γδ T cells.	Cellular & molecular immunology	2020	31171862	10.1038/s41423-019-0247-8	PMC7192840	https://pmc.ncbi.nlm.nih.gov/articles/PMC7192840/	pdfs/kouakanou_2020_pmid31171862.pdf		phosphoantigen_BTN;aminobisphosphonate;adoptive_expansion	downloaded_europepmc
primary_research	de Vries NL, van Unen V, Ijsselsteijn ME et al.	High-dimensional cytometric analysis of colorectal cancer reveals novel mediators of antitumour immunity.	Gut	2020	31270164	10.1136/gutjnl-2019-318672	PMC7063399	https://pmc.ncbi.nlm.nih.gov/articles/PMC7063399/	pdfs/de_2020_pmid31270164.pdf		tumor_infiltrating;mechanism_cytotox;checkpoint;colorectal	downloaded_europepmc
primary_research	Li X, Lu H, Gu Y et al.	Tim-3 suppresses the killing effect of Vγ9Vδ2 T cells on colon cancer cells by reducing perforin and granzyme B expression.	Experimental cell research	2020	31726050	10.1016/j.yexcr.2019.111719		https://doi.org/10.1016/j.yexcr.2019.111719			adoptive_expansion;Vd2_Vg9;mechanism_cytotox;checkpoint;immunosuppression;colorectal	no_pmcid
primary_research	Peters C, Kouakanou L, Oberg HH et al.	In vitro expansion of Vγ9Vδ2 T cells for immunotherapy.	Methods in enzymology	2020	31948549	10.1016/bs.mie.2019.07.019		https://doi.org/10.1016/bs.mie.2019.07.019			adoptive_expansion;Vd2_Vg9	no_pmcid
primary_research	Kurata R, Shimizu K, Cui X et al.	Novel Reporter System Monitoring IL-18 Specific Signaling Can Be Applied to High-Throughput Screening.	Marine drugs	2020	31963531	10.3390/md18010060	PMC7024245	https://pmc.ncbi.nlm.nih.gov/articles/PMC7024245/	pdfs/kurata_2020_pmid31963531.pdf		mechanism_cytotox	downloaded_europepmc
primary_research	Janssen A, Villacorta Hidalgo J, Beringer DX et al.	γδ T-cell Receptors Derived from Breast Cancer-Infiltrating T Lymphocytes Mediate Antitumor Reactivity.	Cancer immunology research	2020	32019779	10.1158/2326-6066.CIR-19-0513		https://doi.org/10.1158/2326-6066.CIR-19-0513			adoptive_expansion;Vd2_Vg9;tumor_infiltrating;breast	no_pmcid
primary_research	Than UTT, Le HT, Hoang DH et al.	Induction of Antitumor Immunity by Exosomes Isolated from Cryopreserved Cord Blood Monocyte-Derived Dendritic Cells.	International journal of molecular sciences	2020	32155869	10.3390/ijms21051834	PMC7084404	https://pmc.ncbi.nlm.nih.gov/articles/PMC7084404/	pdfs/than_2020_pmid32155869.pdf		adoptive_expansion;mechanism_cytotox;lung	downloaded_europepmc
primary_research	Serrano R, Wesch D, Kabelitz D	Activation of Human γδ T Cells: Modulation by Toll-Like Receptor 8 Ligands and Role of Monocytes.	Cells	2020	32183240	10.3390/cells9030713	PMC7140608	https://pmc.ncbi.nlm.nih.gov/articles/PMC7140608/	pdfs/serrano_2020_pmid32183240.pdf		phosphoantigen_BTN;aminobisphosphonate;adoptive_expansion;Vd2_Vg9;immunosuppression	downloaded_europepmc
primary_research	Wang JT, Hodgins NO, Al-Jamal WT et al.	Organ Biodistribution of Radiolabelled γδ T Cells Following Liposomal Alendronate Administration in Different Mouse Tumour Models.	Nanotheranostics	2020	32190534	10.7150/ntno.32876	PMC7064741	https://pmc.ncbi.nlm.nih.gov/articles/PMC7064741/	pdfs/wang_2020_pmid32190534.pdf		adoptive_expansion;Vd2_Vg9;melanoma;pancreatic;ovarian	downloaded_europepmc
primary_research	Sureshbabu SK, Chaukar D, Chiplunkar SV	Hypoxia regulates the differentiation and anti-tumor effector functions of γδT cells in oral cancer.	Clinical and experimental immunology	2020	32255193	10.1111/cei.13436	PMC7290089	https://pmc.ncbi.nlm.nih.gov/articles/PMC7290089/			adoptive_expansion;Vd2_Vg9;tumor_infiltrating;mechanism_cytotox;checkpoint;immunosuppression	not_available_oa
primary_research	Miao YR, Zhang Q, Lei Q et al.	ImmuCellAI: A Unique Method for Comprehensive T-Cell Subsets Abundance Prediction and its Application in Cancer Immunotherapy.	Advanced science (Weinheim, Baden-Wurttemberg, Germany)	2020	32274301	10.1002/advs.201902880	PMC7141005	https://pmc.ncbi.nlm.nih.gov/articles/PMC7141005/	pdfs/miao_2020_pmid32274301.pdf		tumor_infiltrating;mechanism_cytotox	downloaded_europepmc
primary_research	Takimoto R, Miyashita T, Mizukoshi E et al.	Identification of prognostic factors for γδT cell immunotherapy in patients with solid tumor.	Cytotherapy	2020	32303429	10.1016/j.jcyt.2020.02.008		https://doi.org/10.1016/j.jcyt.2020.02.008			adoptive_expansion;Vd2_Vg9;tumor_infiltrating;mechanism_cytotox	no_pmcid
primary_research	Lu H, Shi T, Wang M et al.	B7-H3 inhibits the IFN-γ-dependent cytotoxicity of Vγ9Vδ2 T cells against colon cancer cells.	Oncoimmunology	2020	32363121	10.1080/2162402X.2020.1748991	PMC7185217	https://pmc.ncbi.nlm.nih.gov/articles/PMC7185217/	pdfs/lu_2020_pmid32363121.pdf		Vd2_Vg9;mechanism_cytotox;immunosuppression;colorectal	downloaded_europepmc
primary_research	Wang Y, Zhu J, Yu W et al.	Allogenic γδ T cell and tumor cell fused vaccine for enhanced immunotherapeutic efficacy of osteosarcoma.	Journal of bone oncology	2020	32368439	10.1016/j.jbo.2018.100214	PMC7184232	https://pmc.ncbi.nlm.nih.gov/articles/PMC7184232/	pdfs/wang_2020_pmid32368439.pdf		mechanism_cytotox	downloaded_europepmc
primary_research	Girard P, Ponsard B, Charles J et al.	Potent Bidirectional Cross-Talk Between Plasmacytoid Dendritic Cells and γδT Cells Through BTN3A, Type I/II IFNs and Immune Checkpoints.	Frontiers in immunology	2020	32435249	10.3389/fimmu.2020.00861	PMC7218166	https://pmc.ncbi.nlm.nih.gov/articles/PMC7218166/	pdfs/girard_2020_pmid32435249.pdf		phosphoantigen_BTN;aminobisphosphonate;mechanism_cytotox;checkpoint	downloaded_europepmc
primary_research	Wragg KM, Tan HX, Kristensen AB et al.	High CD26 and Low CD94 Expression Identifies an IL-23 Responsive Vδ2+ T Cell Subset with a MAIT Cell-like Transcriptional Profile.	Cell reports	2020	32553157	10.1016/j.celrep.2020.107773		https://doi.org/10.1016/j.celrep.2020.107773			phosphoantigen_BTN;adoptive_expansion;Vd2_Vg9;mechanism_cytotox	no_pmcid
primary_research	Chabab G, Boissière-Michot F, Mollevi C et al.	Diversity of Tumor-Infiltrating, γδ T-Cell Abundance in Solid Cancers.	Cells	2020	32599843	10.3390/cells9061537	PMC7348937	https://pmc.ncbi.nlm.nih.gov/articles/PMC7348937/	pdfs/chabab_2020_pmid32599843.pdf		tumor_infiltrating;leukemia;breast;pancreatic;ovarian	downloaded_europepmc
primary_research	Liu J, Chen X, Jiang Y et al.	Development of an immune gene prognostic classifier for survival prediction and respond to immunocheckpoint inhibitor therapy/chemotherapy in endometrial cancer.	International immunopharmacology	2020	32619957	10.1016/j.intimp.2020.106735		https://doi.org/10.1016/j.intimp.2020.106735			tumor_infiltrating;checkpoint;immunosuppression	no_pmcid
primary_research	Siegers GM, Dutta I, Kang EY et al.	Aberrantly Expressed Embryonic Protein NODAL Alters Breast Cancer Cell Susceptibility to γδ T Cell Cytotoxicity.	Frontiers in immunology	2020	32636849	10.3389/fimmu.2020.01287	PMC7319087	https://pmc.ncbi.nlm.nih.gov/articles/PMC7319087/	pdfs/siegers_2020_pmid32636849.pdf		Vd1;Vd2_Vg9;tumor_infiltrating;mechanism_cytotox;checkpoint;leukemia;breast	downloaded_europepmc
primary_research	Xu L, Jin Y, Qin X	Comprehensive analysis of significant genes and immune cell infiltration in HPV-related head and neck squamous cell carcinoma.	International immunopharmacology	2020	32738592	10.1016/j.intimp.2020.106844		https://doi.org/10.1016/j.intimp.2020.106844			tumor_infiltrating	no_pmcid
primary_research	Okuno D, Sugiura Y, Sakamoto N et al.	Comparison of a Novel Bisphosphonate Prodrug and Zoledronic Acid in the Induction of Cytotoxicity in Human Vγ2Vδ2 T Cells.	Frontiers in immunology	2020	32793196	10.3389/fimmu.2020.01405	PMC7385076	https://pmc.ncbi.nlm.nih.gov/articles/PMC7385076/	pdfs/okuno_2020_pmid32793196.pdf		phosphoantigen_BTN;aminobisphosphonate;adoptive_expansion;Vd2_Vg9;mechanism_cytotox;lung	downloaded_europepmc
primary_research	Jin Z, Ye W, Lan T et al.	Characteristic of TIGIT and DNAM-1 Expression on Foxp3+ γδ T Cells in AML Patients.	BioMed research international	2020	32802845	10.1155/2020/4612952	PMC7403925	https://pmc.ncbi.nlm.nih.gov/articles/PMC7403925/	pdfs/jin_2020_pmid32802845.pdf		tumor_infiltrating;checkpoint;immunosuppression;leukemia	downloaded_europepmc
primary_research	Gao H, Liu R, Wu N et al.	Valproic acid enhances pamidronate-sensitized cytotoxicity of Vδ2+ T cells against EBV-related lymphoproliferative cells.	International immunopharmacology	2020	32818705	10.1016/j.intimp.2020.106890		https://doi.org/10.1016/j.intimp.2020.106890			aminobisphosphonate;adoptive_expansion;Vd2_Vg9;mechanism_cytotox	no_pmcid
primary_research	Payne KK, Mine JA, Biswas S et al.	BTN3A1 governs antitumor responses by coordinating αβ and γδ T cells.	Science (New York, N.Y.)	2020	32820120	10.1126/science.aay2767	PMC7646930	https://pmc.ncbi.nlm.nih.gov/articles/PMC7646930/			phosphoantigen_BTN;tumor_infiltrating;mechanism_cytotox;immunosuppression	not_available_oa
primary_research	McIntyre CL, Monin L, Rop JC et al.	β2 Integrins differentially regulate γδ T cell subset thymic development and peripheral maintenance.	Proceedings of the National Academy of Sciences of the United States of America	2020	32848068	10.1073/pnas.1921930117	PMC7486781	https://pmc.ncbi.nlm.nih.gov/articles/PMC7486781/	pdfs/mcintyre_2020_pmid32848068.pdf		adoptive_expansion;Vd1;tumor_infiltrating;immunosuppression	downloaded_europepmc
primary_research	Kabelitz D, Serrano R, Kouakanou L et al.	Correction to: Cancer immunotherapy with γδ T cells: many paths ahead of us.	Cellular & molecular immunology	2020	32873864	10.1038/s41423-020-00537-z	PMC7608082	https://pmc.ncbi.nlm.nih.gov/articles/PMC7608082/	pdfs/kabelitz_2020_pmid32873864.pdf			downloaded_europepmc
primary_research	Pan Y, Chiu YH, Chiu SC et al.	Gamma/Delta T-Cells Enhance Carboplatin-induced Cytotoxicity Towards Advanced Bladder Cancer Cells.	Anticancer research	2020	32878810	10.21873/anticanres.14525		https://doi.org/10.21873/anticanres.14525			aminobisphosphonate;adoptive_expansion;mechanism_cytotox	no_pmcid
primary_research	Kadri H, Taher TE, Xu Q et al.	Aryloxy Diester Phosphonamidate Prodrugs of Phosphoantigens (ProPAgens) as Potent Activators of Vγ9/Vδ2 T-Cell Immune Responses.	Journal of medicinal chemistry	2020	32930595	10.1021/acs.jmedchem.0c01232	PMC7549095	https://pmc.ncbi.nlm.nih.gov/articles/PMC7549095/	pdfs/kadri_2020_pmid32930595.pdf		phosphoantigen_BTN;Vd2_Vg9	downloaded_europepmc
primary_research	Chen Z, Zheng Z, Feng L et al.	Overexpression of miR-382 Sensitizes Hepatocellular Carcinoma Cells to γδ T Cells by Inhibiting the Expression of c-FLIP.	Molecular therapy oncolytics	2020	32953981	10.1016/j.omto.2020.07.012	PMC7479278	https://pmc.ncbi.nlm.nih.gov/articles/PMC7479278/	pdfs/chen_2020_pmid32953981.pdf		adoptive_expansion;hepatocellular	downloaded_europepmc
primary_research	Lehmann N, Paret C, El Malki K et al.	Tumor Lipids of Pediatric Papillary Renal Cell Carcinoma Stimulate Unconventional T Cells.	Frontiers in immunology	2020	32973759	10.3389/fimmu.2020.01819	PMC7468390	https://pmc.ncbi.nlm.nih.gov/articles/PMC7468390/	pdfs/lehmann_2020_pmid32973759.pdf		tumor_infiltrating;renal	downloaded_europepmc
primary_research	Aehnlich P, Carnaz Simões AM, Skadborg SK et al.	Expansion With IL-15 Increases Cytotoxicity of Vγ9Vδ2 T Cells and Is Associated With Higher Levels of Cytotoxic Molecules and T-bet.	Frontiers in immunology	2020	32983105	10.3389/fimmu.2020.01868	PMC7485111	https://pmc.ncbi.nlm.nih.gov/articles/PMC7485111/	pdfs/aehnlich_2020_pmid32983105.pdf		adoptive_expansion;Vd2_Vg9;mechanism_cytotox;leukemia	downloaded_europepmc
primary_research	Miyashita M, Tomogane M, Nakamura Y et al.	Sphere-derived Prostate Cancer Stem Cells Are Resistant to γδ T Cell Cytotoxicity.	Anticancer research	2020	32988870	10.21873/anticanres.14559		https://doi.org/10.21873/anticanres.14559			adoptive_expansion;mechanism_cytotox;prostate	no_pmcid
primary_research	Xiong D, Wang Y, You M	A gene expression signature of TREM2hi macrophages and γδ T cells predicts immunotherapy response.	Nature communications	2020	33033253	10.1038/s41467-020-18546-x	PMC7545100	https://pmc.ncbi.nlm.nih.gov/articles/PMC7545100/	pdfs/xiong_2020_pmid33033253.pdf		tumor_infiltrating;checkpoint;melanoma	downloaded_europepmc
primary_research	Lin M, Zhang X, Liang S et al.	Irreversible electroporation plus allogenic Vγ9Vδ2 T cells enhances antitumor effect for locally advanced pancreatic cancer patients.	Signal transduction and targeted therapy	2020	33093457	10.1038/s41392-020-00260-1	PMC7582168	https://pmc.ncbi.nlm.nih.gov/articles/PMC7582168/	pdfs/lin_2020_pmid33093457.pdf		adoptive_expansion;Vd2_Vg9;tumor_infiltrating;immunosuppression;leukemia;pancreatic	downloaded_europepmc
primary_research	Man F, Lim L, Volpe A et al.	In Vivo PET Tracking of 89Zr-Labeled Vγ9Vδ2 T Cells to Mouse Xenograft Breast Tumors Activated with Liposomal Alendronate.	Molecular therapy : the journal of the American Society of Gene Therapy	2019	30429045	10.1016/j.ymthe.2018.10.006	PMC6318719	https://pmc.ncbi.nlm.nih.gov/articles/PMC6318719/	pdfs/man_2019_pmid30429045.pdf		aminobisphosphonate;adoptive_expansion;Vd2_Vg9;mechanism_cytotox;breast	downloaded_europepmc
primary_research	Peters C, Meyer A, Kouakanou L et al.	TGF-β enhances the cytotoxic activity of Vδ2 T cells.	Oncoimmunology	2019	30546961	10.1080/2162402X.2018.1522471	PMC6287804	https://pmc.ncbi.nlm.nih.gov/articles/PMC6287804/	pdfs/peters_2019_pmid30546961.pdf		adoptive_expansion;Vd2_Vg9;mechanism_cytotox;immunosuppression;leukemia;lymphoma	downloaded_europepmc
primary_research	Suto A, Kudo D, Yoshida E et al.	Increase of Tumor Infiltrating γδ T-cells in Pancreatic Ductal Adenocarcinoma Through Remodeling of the Extracellular Matrix by a Hyaluronan Synthesis Suppressor, 4-Methylumbelliferone.	Pancreas	2019	30589828	10.1097/MPA.0000000000001211		https://doi.org/10.1097/MPA.0000000000001211			aminobisphosphonate;adoptive_expansion;tumor_infiltrating;mechanism_cytotox;immunosuppression;leukemia;pancreatic	no_pmcid
primary_research	Wang RN, Wen Q, He WT et al.	Optimized protocols for γδ T cell expansion and lentiviral transduction.	Molecular medicine reports	2019	30628681	10.3892/mmr.2019.9831	PMC6390064	https://pmc.ncbi.nlm.nih.gov/articles/PMC6390064/	pdfs/wang_2019_pmid30628681.pdf		phosphoantigen_BTN;adoptive_expansion	downloaded_europepmc
primary_research	Mizuta S, Tagod MSO, Iwasaki M et al.	Synthesis and Immunomodulatory Activity of Fluorine-Containing Bisphosphonates.	ChemMedChem	2019	30637982	10.1002/cmdc.201800764	PMC6818088	https://pmc.ncbi.nlm.nih.gov/articles/PMC6818088/			phosphoantigen_BTN;aminobisphosphonate;adoptive_expansion;Vd2_Vg9;mechanism_cytotox;checkpoint;leukemia	not_available_oa
primary_research	Tagod MSO, Mizuta S, Sakai Y et al.	Determination of human γδ T cell-mediated cytotoxicity using a non-radioactive assay system.	Journal of immunological methods	2019	30654042	10.1016/j.jim.2019.01.003	PMC6817948	https://pmc.ncbi.nlm.nih.gov/articles/PMC6817948/			adoptive_expansion;Vd2_Vg9;mechanism_cytotox	not_available_oa
primary_research	Rossi C, Gravelle P, Decaup E et al.	Boosting γδ T cell-mediated antibody-dependent cellular cytotoxicity by PD-1 blockade in follicular lymphoma.	Oncoimmunology	2019	30723586	10.1080/2162402X.2018.1554175	PMC6350687	https://pmc.ncbi.nlm.nih.gov/articles/PMC6350687/	pdfs/rossi_2019_pmid30723586.pdf		Vd2_Vg9;tumor_infiltrating;mechanism_cytotox;checkpoint;lymphoma	downloaded_europepmc
primary_research	Alnaggar M, Xu Y, Li J et al.	Allogenic Vγ9Vδ2 T cell as new potential immunotherapy drug for solid tumor: a case study for cholangiocarcinoma.	Journal for immunotherapy of cancer	2019	30736852	10.1186/s40425-019-0501-8	PMC6368763	https://pmc.ncbi.nlm.nih.gov/articles/PMC6368763/	pdfs/alnaggar_2019_pmid30736852.pdf		adoptive_expansion;Vd2_Vg9;leukemia	downloaded_europepmc
primary_research	Mao TL, Miao CH, Liao YJ et al.	Ex Vivo Expanded Human Vγ9Vδ2 T-Cells Can Suppress Epithelial Ovarian Cancer Cell Growth.	International journal of molecular sciences	2019	30845699	10.3390/ijms20051139	PMC6429417	https://pmc.ncbi.nlm.nih.gov/articles/PMC6429417/	pdfs/mao_2019_pmid30845699.pdf		aminobisphosphonate;adoptive_expansion;Vd2_Vg9;mechanism_cytotox;immunosuppression;leukemia;ovarian	downloaded_europepmc
primary_research	Yang Y, Li L, Yuan L et al.	A Structural Change in Butyrophilin upon Phosphoantigen Binding Underlies Phosphoantigen-Mediated Vγ9Vδ2 T Cell Activation.	Immunity	2019	30902636	10.1016/j.immuni.2019.02.016		https://doi.org/10.1016/j.immuni.2019.02.016			phosphoantigen_BTN;Vd2_Vg9;tumor_infiltrating	no_pmcid
primary_research	Bhat J, Dubin S, Dananberg A et al.	Histone Deacetylase Inhibitor Modulates NKG2D Receptor Expression and Memory Phenotype of Human Gamma/Delta T Cells Upon Interaction With Tumor Cells.	Frontiers in immunology	2019	30972064	10.3389/fimmu.2019.00569	PMC6445873	https://pmc.ncbi.nlm.nih.gov/articles/PMC6445873/	pdfs/bhat_2019_pmid30972064.pdf		Vd2_Vg9;mechanism_cytotox;pancreatic;prostate	downloaded_europepmc
primary_research	Wang X, Mou W, Han W et al.	Diminished cytolytic activity of γδ T cells with reduced DNAM-1 expression in neuroblastoma patients.	Clinical immunology (Orlando, Fla.)	2019	30999035	10.1016/j.clim.2019.04.006		https://doi.org/10.1016/j.clim.2019.04.006			adoptive_expansion;tumor_infiltrating;neuroblastoma	no_pmcid
primary_research	Tong W, Maira M, Roychoudhury R et al.	Vaccination with Tumor-Ganglioside Glycomimetics Activates a Selective Immunity that Affords Cancer Therapy.	Cell chemical biology	2019	31105061	10.1016/j.chembiol.2019.03.018		https://doi.org/10.1016/j.chembiol.2019.03.018			adoptive_expansion;tumor_infiltrating	no_pmcid
primary_research	Hoeres T, Pretscher D, Holzmann E et al.	Improving Immunotherapy Against B-Cell Malignancies Using γδ T-Cell-specific Stimulation and Therapeutic Monoclonal Antibodies.	Journal of immunotherapy (Hagerstown, Md. : 1997)	2019	31318724	10.1097/CJI.0000000000000289		https://doi.org/10.1097/CJI.0000000000000289			mechanism_cytotox;lymphoma	no_pmcid
primary_research	Zoine JT, Knight KA, Fleischer LC et al.	Ex vivo expanded patient-derived γδ T-cell immunotherapy enhances neuroblastoma tumor regression in a murine model.	Oncoimmunology	2019	31413905	10.1080/2162402X.2019.1593804	PMC6682349	https://pmc.ncbi.nlm.nih.gov/articles/PMC6682349/	pdfs/zoine_2019_pmid31413905.pdf		adoptive_expansion;mechanism_cytotox;neuroblastoma	downloaded_europepmc
primary_research	Girard P, Charles J, Cluzel C et al.	The features of circulating and tumor-infiltrating γδ T cells in melanoma patients display critical perturbations with prognostic impact on clinical outcome.	Oncoimmunology	2019	31413911	10.1080/2162402X.2019.1601483	PMC6682366	https://pmc.ncbi.nlm.nih.gov/articles/PMC6682366/	pdfs/girard_2019_pmid31413911.pdf		phosphoantigen_BTN;tumor_infiltrating;mechanism_cytotox;checkpoint;immunosuppression;melanoma	downloaded_europepmc
primary_research	Hsiao YW, Chiu LT, Chen CH et al.	Tumor-Infiltrating Leukocyte Composition and Prognostic Power in Hepatitis B- and Hepatitis C-Related Hepatocellular Carcinomas.	Genes	2019	31434354	10.3390/genes10080630	PMC6722571	https://pmc.ncbi.nlm.nih.gov/articles/PMC6722571/	pdfs/hsiao_2019_pmid31434354.pdf		tumor_infiltrating;hepatocellular	downloaded_europepmc
primary_research	Hu Y, Liu T, Li J et al.	Selenium nanoparticles as new strategy to potentiate γδ T cell anti-tumor cytotoxicity through upregulation of tubulin-α acetylation.	Biomaterials	2019	31442884	10.1016/j.biomaterials.2019.119397		https://doi.org/10.1016/j.biomaterials.2019.119397			Vd2_Vg9;mechanism_cytotox;checkpoint	no_pmcid
primary_research	Chauvin C, Joalland N, Perroteau J et al.	NKG2D Controls Natural Reactivity of Vγ9Vδ2 T Lymphocytes against Mesenchymal Glioblastoma Cells.	Clinical cancer research : an official journal of the American Association for Cancer Research	2019	31506386	10.1158/1078-0432.CCR-19-0375		https://doi.org/10.1158/1078-0432.CCR-19-0375			aminobisphosphonate;adoptive_expansion;Vd2_Vg9;mechanism_cytotox;glioma	no_pmcid
primary_research	Minculescu L, Marquart HV, Ryder LP et al.	Improved Overall Survival, Relapse-Free-Survival, and Less Graft-vs.-Host-Disease in Patients With High Immune Reconstitution of TCR Gamma Delta Cells 2 Months After Allogeneic Stem Cell Transplantation.	Frontiers in immunology	2019	31507601	10.3389/fimmu.2019.01997	PMC6714591	https://pmc.ncbi.nlm.nih.gov/articles/PMC6714591/	pdfs/minculescu_2019_pmid31507601.pdf		adoptive_expansion;Vd1;Vd2_Vg9;mechanism_cytotox	downloaded_europepmc
primary_research	Osborne N, Sundseth R, Burks J et al.	Gastrin vaccine improves response to immune checkpoint antibody in murine pancreatic cancer by altering the tumor microenvironment.	Cancer immunology, immunotherapy : CII	2019	31549214	10.1007/s00262-019-02398-6	PMC6814262	https://pmc.ncbi.nlm.nih.gov/articles/PMC6814262/	pdfs/osborne_2019_pmid31549214.pdf		tumor_infiltrating;checkpoint;pancreatic	downloaded_europepmc
primary_research	Kang SH, Hwang HJ, Yoo JW et al.	Expression of Immune Checkpoint Receptors on T-Cells and Their Ligands on Leukemia Blasts in Childhood Acute Leukemia.	Anticancer research	2019	31570447	10.21873/anticanres.13746		https://doi.org/10.21873/anticanres.13746			tumor_infiltrating;mechanism_cytotox;checkpoint;leukemia	no_pmcid
primary_research	Mikulak J, Oriolo F, Bruni E et al.	NKp46-expressing human gut-resident intraepithelial Vδ1 T cell subpopulation exhibits high antitumor activity against colorectal cancer.	JCI insight	2019	31689241	10.1172/jci.insight.125884	PMC6975269	https://pmc.ncbi.nlm.nih.gov/articles/PMC6975269/	pdfs/mikulak_2019_pmid31689241.pdf		adoptive_expansion;Vd1;tumor_infiltrating;mechanism_cytotox;colorectal	downloaded_europepmc
primary_research	Zhang SC, Hu ZQ, Long JH et al.	Clinical Implications of Tumor-Infiltrating Immune Cells in Breast Cancer.	Journal of Cancer	2019	31762828	10.7150/jca.35901	PMC6856577	https://pmc.ncbi.nlm.nih.gov/articles/PMC6856577/	pdfs/zhang_2019_pmid31762828.pdf		tumor_infiltrating;immunosuppression;leukemia;breast	downloaded_europepmc
primary_research	Lin L, He J, Li J et al.	Chitosan Nanoparticles Strengthen Vγ9Vδ2 T-Cell Cytotoxicity Through Upregulation Of Killing Molecules And Cytoskeleton Polarization.	International journal of nanomedicine	2019	31819434	10.2147/IJN.S212898	PMC6890518	https://pmc.ncbi.nlm.nih.gov/articles/PMC6890518/	pdfs/lin_2019_pmid31819434.pdf		Vd2_Vg9;mechanism_cytotox	downloaded_europepmc
primary_research	Bruni E, Cazzetta V, Donadon M et al.	Chemotherapy accelerates immune-senescence and functional impairments of Vδ2pos T cells in elderly patients affected by liver metastatic colorectal cancer.	Journal for immunotherapy of cancer	2019	31829255	10.1186/s40425-019-0825-4	PMC6907143	https://pmc.ncbi.nlm.nih.gov/articles/PMC6907143/	pdfs/bruni_2019_pmid31829255.pdf		Vd2_Vg9;tumor_infiltrating;mechanism_cytotox;colorectal	downloaded_europepmc
primary_research	Di Mascolo D, Varesano S, Benelli R et al.	Nanoformulated Zoledronic Acid Boosts the Vδ2 T Cell Immunotherapeutic Potential in Colorectal Cancer.	Cancers	2019	31906080	10.3390/cancers12010104	PMC7017311	https://pmc.ncbi.nlm.nih.gov/articles/PMC7017311/	pdfs/di_2019_pmid31906080.pdf		aminobisphosphonate;Vd2_Vg9;tumor_infiltrating;mechanism_cytotox;colorectal	downloaded_europepmc
primary_research	Baker FL, Bigley AB, Agha NH et al.	Systemic β-Adrenergic Receptor Activation Augments the ex vivo Expansion and Anti-Tumor Activity of Vγ9Vδ2 T-Cells.	Frontiers in immunology	2019	32038628	10.3389/fimmu.2019.03082	PMC6993603	https://pmc.ncbi.nlm.nih.gov/articles/PMC6993603/	pdfs/baker_2019_pmid32038628.pdf		adoptive_expansion;Vd2_Vg9;mechanism_cytotox	downloaded_europepmc
primary_research	Hamers AAJ, Joshi SK, Pillai AB	Innate Immune Determinants of Graft-Versus-Host Disease and Bidirectional Immune Tolerance in Allogeneic Transplantation.	OBM transplantation	2019	33511333	10.21926/obm.transplant.1901044	PMC7839993	https://pmc.ncbi.nlm.nih.gov/articles/PMC7839993/			adoptive_expansion;immunosuppression	not_available_oa
primary_research	Hoeres T, Wilhelm M, Smetak M et al.	Immune cells regulate VEGF signalling via release of VEGF and antagonistic soluble VEGF receptor-1.	Clinical and experimental immunology	2018	29235095	10.1111/cei.13090	PMC5842402	https://pmc.ncbi.nlm.nih.gov/articles/PMC5842402/			aminobisphosphonate;tumor_infiltrating;lymphoma	not_available_oa
primary_research	Davey MS, Malde R, Mykura RC et al.	Synthesis and Biological Evaluation of ( E)-4-Hydroxy-3-methylbut-2-enyl Phosphate (HMBP) Aryloxy Triester Phosphoramidate Prodrugs as Activators of Vγ9/Vδ2 T-Cell Immune Responses.	Journal of medicinal chemistry	2018	29457898	10.1021/acs.jmedchem.7b01824	PMC6493972	https://pmc.ncbi.nlm.nih.gov/articles/PMC6493972/	pdfs/davey_2018_pmid29457898.pdf		phosphoantigen_BTN;Vd2_Vg9	downloaded_europepmc
primary_research	de Witte MA, Sarhan D, Davis Z et al.	Early Reconstitution of NK and γδ T Cells and Its Implication for the Design of Post-Transplant Immunotherapy.	Biology of blood and marrow transplantation : journal of the American Society for Blood and Marrow Transplantation	2018	29505821	10.1016/j.bbmt.2018.02.023	PMC5993609	https://pmc.ncbi.nlm.nih.gov/articles/PMC5993609/			adoptive_expansion;Vd1;Vd2_Vg9;tumor_infiltrating;checkpoint;leukemia	not_available_oa
primary_research	Dai YM, Liu HY, Liu YF et al.	EBV transformation induces overexpression of hMSH2/3/6 on B lymphocytes and enhances γδT-cell-mediated cytotoxicity via TCR and NKG2D.	Immunology	2018	29512904	10.1111/imm.12920	PMC6050216	https://pmc.ncbi.nlm.nih.gov/articles/PMC6050216/			mechanism_cytotox;lymphoma	not_available_oa
primary_research	Tian W, Ma J, Shi R et al.	γδ T cell-mediated individualized immunotherapy for hepatocellular carcinoma considering clinicopathological characteristics and immunosuppressive factors.	Oncology letters	2018	29552184	10.3892/ol.2018.8026	PMC5840521	https://pmc.ncbi.nlm.nih.gov/articles/PMC5840521/	pdfs/tian_2018_pmid29552184.pdf		aminobisphosphonate;mechanism_cytotox;immunosuppression;hepatocellular	downloaded_europepmc
primary_research	Niu C, Li M, Zhu S et al.	Decitabine Inhibits Gamma Delta T Cell Cytotoxicity by Promoting KIR2DL2/3 Expression.	Frontiers in immunology	2018	29632540	10.3389/fimmu.2018.00617	PMC5879086	https://pmc.ncbi.nlm.nih.gov/articles/PMC5879086/	pdfs/niu_2018_pmid29632540.pdf		adoptive_expansion;mechanism_cytotox	downloaded_europepmc
primary_research	Joalland N, Chauvin C, Oliver L et al.	IL-21 Increases the Reactivity of Allogeneic Human Vγ9Vδ2 T Cells Against Primary Glioblastoma Tumors.	Journal of immunotherapy (Hagerstown, Md. : 1997)	2018	29683891	10.1097/CJI.0000000000000225		https://doi.org/10.1097/CJI.0000000000000225			adoptive_expansion;Vd2_Vg9;tumor_infiltrating;mechanism_cytotox;glioma	no_pmcid
primary_research	Van Acker HH, Anguille S, De Reu H et al.	Interleukin-15-Cultured Dendritic Cells Enhance Anti-Tumor Gamma Delta T Cell Functions through IL-15 Secretion.	Frontiers in immunology	2018	29692776	10.3389/fimmu.2018.00658	PMC5902500	https://pmc.ncbi.nlm.nih.gov/articles/PMC5902500/	pdfs/van_2018_pmid29692776.pdf		phosphoantigen_BTN;adoptive_expansion;mechanism_cytotox;leukemia	downloaded_europepmc
primary_research	Xie L, Chen W, Wang L et al.	[Establishment of the culture system of γδ T cells in vitro and the anti-tumor effect].	Zhonghua zhong liu za zhi [Chinese journal of oncology]	2018	29730909	10.3760/cma.j.issn.0253-3766.2018.04.002		https://doi.org/10.3760/cma.j.issn.0253-3766.2018.04.002			aminobisphosphonate;adoptive_expansion;mechanism_cytotox;leukemia;lung;ovarian	no_pmcid
primary_research	Wang Z, Wang Z, Li S et al.	Decitabine Enhances Vγ9Vδ2 T Cell-Mediated Cytotoxic Effects on Osteosarcoma Cells via the NKG2DL-NKG2D Axis.	Frontiers in immunology	2018	29910819	10.3389/fimmu.2018.01239	PMC5992281	https://pmc.ncbi.nlm.nih.gov/articles/PMC5992281/	pdfs/wang_2018_pmid29910819.pdf		Vd2_Vg9;mechanism_cytotox	downloaded_europepmc
primary_research	Garrido C, Clohosey ML, Whitworth CP et al.	γδ T cells: an immunotherapeutic approach for HIV cure strategies.	JCI insight	2018	29925697	10.1172/jci.insight.120121	PMC6124426	https://pmc.ncbi.nlm.nih.gov/articles/PMC6124426/	pdfs/garrido_2018_pmid29925697.pdf		aminobisphosphonate;adoptive_expansion;mechanism_cytotox;immunosuppression	downloaded_europepmc
primary_research	Overgaard NH, Principe DR, Schachtschneider KM et al.	Genetically Induced Tumors in the Oncopig Model Invoke an Antitumor Immune Response Dominated by Cytotoxic CD8β+ T Cells and Differentiated γδ T Cells Alongside a Regulatory Response Mediated by FOXP3+ T Cells and Immunoregulatory Molecules.	Frontiers in immunology	2018	29930558	10.3389/fimmu.2018.01301	PMC5999797	https://pmc.ncbi.nlm.nih.gov/articles/PMC5999797/	pdfs/overgaard_2018_pmid29930558.pdf		tumor_infiltrating;mechanism_cytotox;checkpoint;immunosuppression	downloaded_europepmc
primary_research	Abe Y, Kobayashi H, Akizawa Y et al.	Possible Application of Ascites-infiltrating Gamma-delta T Cells for Adoptive Immunotherapy.	Anticancer research	2018	29970569	10.21873/anticanres.12732		https://doi.org/10.21873/anticanres.12732			aminobisphosphonate;adoptive_expansion;Vd2_Vg9;tumor_infiltrating;mechanism_cytotox	no_pmcid
primary_research	Sawaisorn P, Tangchaikeeree T, Polpanich D et al.	Enrichment of human Vγ9Vδ2 T lymphocytes by magnetic poly(divinylbenzene-co-glycidyl methacrylate) colloidal particles conjugated with specific antibody.	RSC advances	2018	35540746	10.1039/c8ra01468j	PMC9079956	https://pmc.ncbi.nlm.nih.gov/articles/PMC9079956/	pdfs/sawaisorn_2018_pmid35540746.pdf		adoptive_expansion;Vd2_Vg9	downloaded_europepmc
primary_research	Bense RD, Sotiriou C, Piccart-Gebhart MJ et al.	Relevance of Tumor-Infiltrating Immune Cell Composition and Functionality for Disease Outcome in Breast Cancer.	Journal of the National Cancer Institute	2017	27737921	10.1093/jnci/djw192	PMC6284248	https://pmc.ncbi.nlm.nih.gov/articles/PMC6284248/	pdfs/bense_2017_pmid27737921.pdf		tumor_infiltrating;immunosuppression;leukemia;breast	downloaded_europepmc
primary_research	Ribeiro ST, Tesio M, Ribot JC et al.	Casein kinase 2 controls the survival of normal thymic and leukemic γδ T cells via promotion of AKT signaling.	Leukemia	2017	27899804	10.1038/leu.2016.363	PMC5357576	https://pmc.ncbi.nlm.nih.gov/articles/PMC5357576/	pdfs/ribeiro_2017_pmid27899804.pdf		leukemia	downloaded_europepmc
primary_research	Van Acker HH, Beretta O, Anguille S et al.	Desirable cytolytic immune effector cell recruitment by interleukin-15 dendritic cells.	Oncotarget	2017	28099143	10.18632/oncotarget.14622	PMC5355127	https://pmc.ncbi.nlm.nih.gov/articles/PMC5355127/	pdfs/van_2017_pmid28099143.pdf		mechanism_cytotox;immunosuppression	downloaded_europepmc
primary_research	Lo Presti E, Toia F, Oieni S et al.	Squamous Cell Tumors Recruit γδ T Cells Producing either IL17 or IFNγ Depending on the Tumor Stage.	Cancer immunology research	2017	28351891	10.1158/2326-6066.CIR-16-0348		https://doi.org/10.1158/2326-6066.CIR-16-0348			Vd1;Vd2_Vg9;tumor_infiltrating;immunosuppression	no_pmcid
primary_research	Chen HC, Joalland N, Bridgeman JS et al.	Synergistic targeting of breast cancer stem-like cells by human γδ T cells and CD8+ T cells.	Immunology and cell biology	2017	28356569	10.1038/icb.2017.21	PMC5550559	https://pmc.ncbi.nlm.nih.gov/articles/PMC5550559/	pdfs/chen_2017_pmid28356569.pdf		aminobisphosphonate;breast	downloaded_europepmc
primary_research	Starick L, Riano F, Karunakaran MM et al.	Butyrophilin 3A (BTN3A, CD277)-specific antibody 20.1 differentially activates Vγ9Vδ2 TCR clonotypes and interferes with phosphoantigen activation.	European journal of immunology	2017	28386905	10.1002/eji.201646818		https://doi.org/10.1002/eji.201646818			phosphoantigen_BTN;Vd2_Vg9;leukemia	no_pmcid
primary_research	Yang J, Jones MS, Ramos RI et al.	Insights into Local Tumor Microenvironment Immune Factors Associated with Regression of Cutaneous Melanoma Metastases by Mycobacterium bovis Bacille Calmette-Guérin.	Frontiers in oncology	2017	28424760	10.3389/fonc.2017.00061	PMC5380679	https://pmc.ncbi.nlm.nih.gov/articles/PMC5380679/	pdfs/yang_2017_pmid28424760.pdf		phosphoantigen_BTN;tumor_infiltrating;melanoma	downloaded_europepmc
primary_research	Hodgins NO, Al-Jamal WT, Wang JT et al.	Investigating in vitro and in vivo αvβ6 integrin receptor-targeting liposomal alendronate for combinatory γδ T cell immunotherapy.	Journal of controlled release : official journal of the Controlled Release Society	2017	28432037	10.1016/j.jconrel.2017.04.025	PMC5488751	https://pmc.ncbi.nlm.nih.gov/articles/PMC5488751/			adoptive_expansion;Vd2_Vg9;mechanism_cytotox	not_available_oa
primary_research	Fowler DW, Copier J, Dalgleish AG et al.	Zoledronic acid renders human M1 and M2 macrophages susceptible to Vδ2+ γδ T cell cytotoxicity in a perforin-dependent manner.	Cancer immunology, immunotherapy : CII	2017	28501938	10.1007/s00262-017-2011-1	PMC5579165	https://pmc.ncbi.nlm.nih.gov/articles/PMC5579165/	pdfs/fowler_2017_pmid28501938.pdf		phosphoantigen_BTN;aminobisphosphonate;Vd2_Vg9;mechanism_cytotox	downloaded_europepmc
primary_research	Domae E, Hirai Y, Ikeo T et al.	Cytokine-mediated activation of human ex vivo-expanded Vγ9Vδ2 T cells.	Oncotarget	2017	28521284	10.18632/oncotarget.17498	PMC5542238	https://pmc.ncbi.nlm.nih.gov/articles/PMC5542238/	pdfs/domae_2017_pmid28521284.pdf		phosphoantigen_BTN;adoptive_expansion;Vd2_Vg9;mechanism_cytotox	downloaded_europepmc
primary_research	Zumwalde NA, Sharma A, Xu X et al.	Adoptively transferred Vγ9Vδ2 T cells show potent antitumor effects in a preclinical B cell lymphomagenesis model.	JCI insight	2017	28679955	10.1172/jci.insight.93179	PMC5499361	https://pmc.ncbi.nlm.nih.gov/articles/PMC5499361/	pdfs/zumwalde_2017_pmid28679955.pdf		adoptive_expansion;Vd2_Vg9;tumor_infiltrating;checkpoint;immunosuppression;lymphoma	downloaded_europepmc
primary_research	Dutta I, Postovit LM, Siegers GM	"Apoptosis Induced via Gamma Delta T Cell Antigen Receptor ""Blocking"" Antibodies: A Cautionary Tale."	Frontiers in immunology	2017	28713391	10.3389/fimmu.2017.00776	PMC5492911	https://pmc.ncbi.nlm.nih.gov/articles/PMC5492911/	pdfs/dutta_2017_pmid28713391.pdf		mechanism_cytotox;breast	downloaded_europepmc
primary_research	Tanaka Y, Iwasaki M, Murata-Hirai K et al.	Anti-Tumor Activity and Immunotherapeutic Potential of a Bisphosphonate Prodrug.	Scientific reports	2017	28729550	10.1038/s41598-017-05553-0	PMC5519590	https://pmc.ncbi.nlm.nih.gov/articles/PMC5519590/	pdfs/tanaka_2017_pmid28729550.pdf		aminobisphosphonate;adoptive_expansion;Vd2_Vg9;myeloma;breast	downloaded_europepmc
primary_research	Salim M, Knowles TJ, Baker AT et al.	BTN3A1 Discriminates γδ T Cell Phosphoantigens from Nonantigenic Small Molecules via a Conformational Sensor in Its B30.2 Domain.	ACS chemical biology	2017	28862425	10.1021/acschembio.7b00694	PMC6558274	https://pmc.ncbi.nlm.nih.gov/articles/PMC6558274/	pdfs/salim_2017_pmid28862425.pdf		phosphoantigen_BTN;Vd2_Vg9	downloaded_europepmc
primary_research	Sun LL, Zhang ZL, Li YJ et al.	Zoledronic acid sensitizes rhabdomyosarcoma cells to cytolysis mediated by human γδ T cells.	Oncology letters	2017	29113188	10.3892/ol.2017.6894	PMC5656036	https://pmc.ncbi.nlm.nih.gov/articles/PMC5656036/	pdfs/sun_2017_pmid29113188.pdf		aminobisphosphonate;adoptive_expansion;mechanism_cytotox	downloaded_europepmc
primary_research	Chitadze G, Flüh C, Quabius ES et al.	In-depth immunophenotyping of patients with glioblastoma multiforme: Impact of steroid treatment.	Oncoimmunology	2017	29147621	10.1080/2162402X.2017.1358839	PMC5674968	https://pmc.ncbi.nlm.nih.gov/articles/PMC5674968/	pdfs/chitadze_2017_pmid29147621.pdf		adoptive_expansion;Vd2_Vg9;tumor_infiltrating;mechanism_cytotox;glioma	downloaded_europepmc
primary_research	Duault C, Franchini DM, Familliades J et al.	TCRVγ9 γδ T Cell Response to IL-33: A CD4 T Cell-Dependent Mechanism.	Journal of immunology (Baltimore, Md. : 1950)	2016	26608919	10.4049/jimmunol.1500260		https://doi.org/10.4049/jimmunol.1500260			phosphoantigen_BTN;aminobisphosphonate;Vd2_Vg9;tumor_infiltrating;mechanism_cytotox	no_pmcid
primary_research	Zumwalde NA, Haag JD, Sharma D et al.	Analysis of Immune Cells from Human Mammary Ductal Epithelial Organoids Reveals Vδ2+ T Cells That Efficiently Target Breast Carcinoma Cells in the Presence of Bisphosphonate.	Cancer prevention research (Philadelphia, Pa.)	2016	26811335	10.1158/1940-6207.CAPR-15-0370-T	PMC4818696	https://pmc.ncbi.nlm.nih.gov/articles/PMC4818696/			aminobisphosphonate;Vd2_Vg9;breast	not_available_oa
primary_research	Sugai S, Yoshikawa T, Iwama T et al.	Hepatocellular carcinoma cell sensitivity to Vγ9Vδ2 T lymphocyte-mediated killing is increased by zoledronate.	International journal of oncology	2016	26936487	10.3892/ijo.2016.3403	PMC4809658	https://pmc.ncbi.nlm.nih.gov/articles/PMC4809658/	pdfs/sugai_2016_pmid26936487.pdf		phosphoantigen_BTN;aminobisphosphonate;Vd2_Vg9;tumor_infiltrating;mechanism_cytotox;leukemia;hepatocellular	downloaded_europepmc
primary_research	Fisher JP, Flutter B, Wesemann F et al.	Effective combination treatment of GD2-expressing neuroblastoma and Ewing's sarcoma using anti-GD2 ch14.18/CHO antibody with Vγ9Vδ2+ γδT cells.	Oncoimmunology	2016	26942051	10.1080/2162402X.2015.1025194	PMC4760299	https://pmc.ncbi.nlm.nih.gov/articles/PMC4760299/	pdfs/fisher_2016_pmid26942051.pdf		aminobisphosphonate;adoptive_expansion;Vd2_Vg9;mechanism_cytotox;immunosuppression;neuroblastoma	downloaded_europepmc
primary_research	Dondero A, Pastorino F, Della Chiesa M et al.	PD-L1 expression in metastatic neuroblastoma as an additional mechanism for limiting immune surveillance.	Oncoimmunology	2016	26942080	10.1080/2162402X.2015.1064578	PMC4760291	https://pmc.ncbi.nlm.nih.gov/articles/PMC4760291/	pdfs/dondero_2016_pmid26942080.pdf		tumor_infiltrating;checkpoint;leukemia;neuroblastoma	downloaded_europepmc
primary_research	Vermeulen JF, van Hecke W, Spliet WG et al.	Pediatric Primitive Neuroectodermal Tumors of the Central Nervous System Differentially Express Granzyme Inhibitors.	PloS one	2016	26963506	10.1371/journal.pone.0151465	PMC4786147	https://pmc.ncbi.nlm.nih.gov/articles/PMC4786147/	pdfs/vermeulen_2016_pmid26963506.pdf		tumor_infiltrating;mechanism_cytotox	downloaded_europepmc
primary_research	Takeuchi A, Eto M, Tatsugami K et al.	Antitumor activity of recombinant Bacille Calmette-Guérin secreting interleukin-15-Ag85B fusion protein against bladder cancer.	International immunopharmacology	2016	27093372	10.1016/j.intimp.2016.03.007		https://doi.org/10.1016/j.intimp.2016.03.007			tumor_infiltrating	no_pmcid
primary_research	Chitadze G, Lettau M, Luecke S et al.	NKG2D- and T-cell receptor-dependent lysis of malignant glioma cell lines by human γδ T cells: Modulation by temozolomide and A disintegrin and metalloproteases 10 and 17 inhibitors.	Oncoimmunology	2016	27141377	10.1080/2162402X.2015.1093276	PMC4839372	https://pmc.ncbi.nlm.nih.gov/articles/PMC4839372/	pdfs/chitadze_2016_pmid27141377.pdf		adoptive_expansion;mechanism_cytotox;glioma	downloaded_europepmc
primary_research	Cao G, Wang Q, Li G et al.	mTOR inhibition potentiates cytotoxicity of Vγ4 γδ T cells via up-regulating NKG2D and TNF-α.	Journal of leukocyte biology	2016	27256566	10.1189/jlb.5A0116-053RR		https://doi.org/10.1189/jlb.5A0116-053RR			adoptive_expansion;mechanism_cytotox;immunosuppression	no_pmcid
primary_research	Yoshida Y, Naito M, Yamada T et al.	Adoptive Chemoimmunotherapy Using Activated αβ T Cells for Stage IV Colorectal Cancer.	Anticancer research	2016	27354648			https://pubmed.ncbi.nlm.nih.gov/27354648/			adoptive_expansion;colorectal	no_pmcid
primary_research	Jarry U, Chauvin C, Joalland N et al.	Stereotaxic administrations of allogeneic human Vγ9Vδ2 T cells efficiently control the development of human glioblastoma brain tumors.	Oncoimmunology	2016	27471644	10.1080/2162402X.2016.1168554	PMC4938356	https://pmc.ncbi.nlm.nih.gov/articles/PMC4938356/	pdfs/jarry_2016_pmid27471644.pdf		adoptive_expansion;Vd2_Vg9;tumor_infiltrating;glioma	downloaded_europepmc
primary_research	Odaira K, Kimura SN, Fujieda N et al.	CD27(-)CD45(+) γδ T cells can be divided into two populations, CD27(-)CD45(int) and CD27(-)CD45(hi) with little proliferation potential.	Biochemical and biophysical research communications	2016	27553282	10.1016/j.bbrc.2016.08.115		https://doi.org/10.1016/j.bbrc.2016.08.115			aminobisphosphonate;adoptive_expansion;Vd2_Vg9;immunosuppression	no_pmcid
primary_research	Hodgins NO, Al-Jamal WT, Wang JT et al.	In vitro potency, in vitro and in vivo efficacy of liposomal alendronate in combination with γδ T cell immunotherapy in mice.	Journal of controlled release : official journal of the Controlled Release Society	2016	27664328	10.1016/j.jconrel.2016.09.023	PMC5073077	https://pmc.ncbi.nlm.nih.gov/articles/PMC5073077/			aminobisphosphonate;melanoma;ovarian	not_available_oa
primary_research	Van Acker HH, Anguille S, Willemen Y et al.	Interleukin-15 enhances the proliferation, stimulatory phenotype, and antitumor effector functions of human gamma delta T cells.	Journal of hematology & oncology	2016	27686372	10.1186/s13045-016-0329-3	PMC5041439	https://pmc.ncbi.nlm.nih.gov/articles/PMC5041439/	pdfs/van_2016_pmid27686372.pdf		adoptive_expansion;mechanism_cytotox;leukemia	downloaded_europepmc
primary_research	Li Z, Zhang J, Tang J et al.	Celastrol increases osteosarcoma cell lysis by γδ T cells through up-regulation of death receptors.	Oncotarget	2016	27768597	10.18632/oncotarget.12756	PMC5356667	https://pmc.ncbi.nlm.nih.gov/articles/PMC5356667/	pdfs/li_2016_pmid27768597.pdf		adoptive_expansion;mechanism_cytotox	downloaded_europepmc
primary_research	Peters C, Häsler R, Wesch D et al.	Human Vδ2 T cells are a major source of interleukin-9.	Proceedings of the National Academy of Sciences of the United States of America	2016	27791087	10.1073/pnas.1607136113	PMC5098669	https://pmc.ncbi.nlm.nih.gov/articles/PMC5098669/	pdfs/peters_2016_pmid27791087.pdf		adoptive_expansion;Vd2_Vg9;immunosuppression	downloaded_europepmc
primary_research	Schiller CB, Braciak TA, Fenn NC et al.	CD19-specific triplebody SPM-1 engages NK and γδ T cells for rapid and efficient lysis of malignant B-lymphoid cells.	Oncotarget	2016	27825135	10.18632/oncotarget.13110	PMC5347777	https://pmc.ncbi.nlm.nih.gov/articles/PMC5347777/	pdfs/schiller_2016_pmid27825135.pdf		adoptive_expansion;mechanism_cytotox	downloaded_europepmc
primary_research	Sell S, Dietz M, Schneider A et al.	Control of murine cytomegalovirus infection by γδ T cells.	PLoS pathogens	2015	25658831	10.1371/journal.ppat.1004481	PMC4450058	https://pmc.ncbi.nlm.nih.gov/articles/PMC4450058/	pdfs/sell_2015_pmid25658831.pdf		adoptive_expansion;immunosuppression	downloaded_europepmc
primary_research	Pereboeva L, Harkins L, Wong S et al.	The safety of allogeneic innate lymphocyte therapy for glioma patients with prior cranial irradiation.	Cancer immunology, immunotherapy : CII	2015	25676710	10.1007/s00262-015-1662-z	PMC11029122	https://pmc.ncbi.nlm.nih.gov/articles/PMC11029122/	pdfs/pereboeva_2015_pmid25676710.pdf		adoptive_expansion;mechanism_cytotox;leukemia;glioma	downloaded_europepmc
primary_research	Rutkowski MR, Conejo-Garcia JR	Size does not matter: commensal microorganisms forge tumor-promoting inflammation and anti-tumor immunity.	Oncoscience	2015	25897427	10.18632/oncoscience.145	PMC4394129	https://pmc.ncbi.nlm.nih.gov/articles/PMC4394129/	pdfs/rutkowski_2015_pmid25897427.pdf		breast;ovarian	downloaded_europepmc
primary_research	Muto M, Baghdadi M, Maekawa R et al.	Myeloid molecular characteristics of human γδ T cells support their acquisition of tumor antigen-presenting capacity.	Cancer immunology, immunotherapy : CII	2015	25904200	10.1007/s00262-015-1700-x	PMC11028926	https://pmc.ncbi.nlm.nih.gov/articles/PMC11028926/	pdfs/muto_2015_pmid25904200.pdf			downloaded_europepmc
primary_research	Ba Z, Meng FL, Gostissa M et al.	A Rapid Embryonic Stem Cell-Based Mouse Model for B-cell Lymphomas Driven by Epstein-Barr Virus Protein LMP1.	Cancer immunology research	2015	25934172	10.1158/2326-6066.CIR-15-0058	PMC4456688	https://pmc.ncbi.nlm.nih.gov/articles/PMC4456688/			adoptive_expansion;lymphoma	not_available_oa
primary_research	Gonnermann D, Oberg HH, Kellner C et al.	Resistance of cyclooxygenase-2 expressing pancreatic ductal adenocarcinoma cells against γδ T cell cytotoxicity.	Oncoimmunology	2015	25949900	10.4161/2162402X.2014.988460	PMC4404835	https://pmc.ncbi.nlm.nih.gov/articles/PMC4404835/	pdfs/gonnermann_2015_pmid25949900.pdf		Vd2_Vg9;mechanism_cytotox;pancreatic	downloaded_europepmc
primary_research	Wu D, Wu P, Wu X et al.	Ex vivo expanded human circulating Vδ1 γδT cells exhibit favorable therapeutic potential for colon cancer.	Oncoimmunology	2015	25949914	10.4161/2162402X.2014.992749	PMC4404819	https://pmc.ncbi.nlm.nih.gov/articles/PMC4404819/	pdfs/wu_2015_pmid25949914.pdf		adoptive_expansion;Vd1;Vd2_Vg9;mechanism_cytotox;colorectal	downloaded_europepmc
primary_research	Bhat J, Kabelitz D	γδ T cells and epigenetic drugs: A useful merger in cancer immunotherapy?	Oncoimmunology	2015	26155411	10.1080/2162402X.2015.1006088	PMC4485805	https://pmc.ncbi.nlm.nih.gov/articles/PMC4485805/	pdfs/bhat_2015_pmid26155411.pdf			downloaded_europepmc
primary_research	Wang X, Zhao X, Feng C et al.	IL-36γ Transforms the Tumor Microenvironment and Promotes Type 1 Lymphocyte-Mediated Antitumor Immune Responses.	Cancer cell	2015	26321222	10.1016/j.ccell.2015.07.014	PMC4573903	https://pmc.ncbi.nlm.nih.gov/articles/PMC4573903/			tumor_infiltrating;immunosuppression;melanoma;lung	not_available_oa
primary_research	Niu C, Jin H, Li M et al.	In vitro analysis of the proliferative capacity and cytotoxic effects of ex vivo induced natural killer cells, cytokine-induced killer cells, and gamma-delta T cells.	BMC immunology	2015	26458364	10.1186/s12865-015-0124-x	PMC4601131	https://pmc.ncbi.nlm.nih.gov/articles/PMC4601131/	pdfs/niu_2015_pmid26458364.pdf		adoptive_expansion;mechanism_cytotox	downloaded_europepmc
primary_research	Kalyan S, Chandrasekaran V, Quabius ES et al.	Neutrophil uptake of nitrogen-bisphosphonates leads to the suppression of human peripheral blood γδ T cells.	Cellular and molecular life sciences : CMLS	2014	24162933	10.1007/s00018-013-1495-x	PMC11114071	https://pmc.ncbi.nlm.nih.gov/articles/PMC11114071/	pdfs/kalyan_2014_pmid24162933.pdf		aminobisphosphonate;Vd2_Vg9;immunosuppression	downloaded_europepmc
primary_research	Ma S, Cheng Q, Cai Y et al.	IL-17A produced by γδ T cells promotes tumor growth in hepatocellular carcinoma.	Cancer research	2014	24525743	10.1158/0008-5472.CAN-13-2534		https://doi.org/10.1158/0008-5472.CAN-13-2534			adoptive_expansion;tumor_infiltrating;immunosuppression;hepatocellular	no_pmcid
primary_research	Mao C, Mou X, Zhou Y et al.	Tumor-activated TCRγδ⁺ T cells from gastric cancer patients induce the antitumor immune response of TCRαβ⁺ T cells via their antigen-presenting cell-like effects.	Journal of immunology research	2014	24741609	10.1155/2014/593562	PMC3988731	https://pmc.ncbi.nlm.nih.gov/articles/PMC3988731/	pdfs/mao_2014_pmid24741609.pdf		mechanism_cytotox;immunosuppression	downloaded_europepmc
primary_research	Rutkowski MR, Allegrezza MJ, Svoronos N et al.	Initiation of metastatic breast carcinoma by targeting of the ductal epithelium with adenovirus-cre: a novel transgenic mouse model of breast cancer.	Journal of visualized experiments : JoVE	2014	24748051	10.3791/51171	PMC4027029	https://pmc.ncbi.nlm.nih.gov/articles/PMC4027029/	pdfs/rutkowski_2014_pmid24748051.pdf		tumor_infiltrating;breast	downloaded_europepmc
primary_research	Deniger DC, Maiti SN, Mi T et al.	Activating and propagating polyclonal gamma delta T cells with broad specificity for malignancies.	Clinical cancer research : an official journal of the American Association for Cancer Research	2014	24833662	10.1158/1078-0432.CCR-13-3451	PMC4233015	https://pmc.ncbi.nlm.nih.gov/articles/PMC4233015/			adoptive_expansion;Vd1;Vd2_Vg9;mechanism_cytotox;leukemia;pancreatic;ovarian	not_available_oa
primary_research	Dopfer EP, Hartl FA, Oberg HH et al.	The CD3 conformational change in the γδ T cell receptor is not triggered by antigens but can be enforced to enhance tumor killing.	Cell reports	2014	24857663	10.1016/j.celrep.2014.04.049		https://doi.org/10.1016/j.celrep.2014.04.049			Vd2_Vg9	no_pmcid
primary_research	Fisher JP, Yan M, Heuijerjans J et al.	Neuroblastoma killing properties of Vδ2 and Vδ2-negative γδT cells following expansion by artificial antigen-presenting cells.	Clinical cancer research : an official journal of the American Association for Cancer Research	2014	24893631	10.1158/1078-0432.CCR-13-3464	PMC4445920	https://pmc.ncbi.nlm.nih.gov/articles/PMC4445920/	pdfs/fisher_2014_pmid24893631.pdf		phosphoantigen_BTN;adoptive_expansion;Vd1;Vd2_Vg9;mechanism_cytotox;leukemia;neuroblastoma	downloaded_europepmc
primary_research	Gundermann S, Klinker E, Kimmel B et al.	A comprehensive analysis of primary acute myeloid leukemia identifies biomarkers predicting susceptibility to human allogeneic Vγ9Vδ2 T cells.	Journal of immunotherapy (Hagerstown, Md. : 1997)	2014	24911793	10.1097/CJI.0000000000000043		https://doi.org/10.1097/CJI.0000000000000043			aminobisphosphonate;adoptive_expansion;Vd2_Vg9;mechanism_cytotox;leukemia	no_pmcid
primary_research	Macho-Fernandez E, Cruz LJ, Ghinnagow R et al.	Targeted delivery of α-galactosylceramide to CD8α+ dendritic cells optimizes type I NKT cell-based antitumor responses.	Journal of immunology (Baltimore, Md. : 1950)	2014	24913977	10.4049/jimmunol.1303029		https://doi.org/10.4049/jimmunol.1303029			mechanism_cytotox	no_pmcid
primary_research	Kamigaki T, Matsuda E, Okada S et al.	Prospective evaluation of safety of immune-cell therapy for patients with various types of advanced cancer.	Anticancer research	2014	25075106			https://pubmed.ncbi.nlm.nih.gov/25075106/				no_pmcid
primary_research	Kerbout M, Mekouar F, Bahadi N et al.	A rare pediatric case of cutaneous gamma/delta T-cell lymphoma.	Annales de biologie clinique	2014	25119808	10.1684/abc.2014.0970		https://doi.org/10.1684/abc.2014.0970			tumor_infiltrating;lymphoma	no_pmcid
primary_research	Deng X, Terunuma H, Terunuma A et al.	Ex vivo-expanded natural killer cells kill cancer cells more effectively than ex vivo-expanded γδ T cells or αβ T cells.	International immunopharmacology	2014	25131561	10.1016/j.intimp.2014.07.036		https://doi.org/10.1016/j.intimp.2014.07.036			adoptive_expansion;mechanism_cytotox	no_pmcid
primary_research	Yoshikawa T, Takahara M, Tomiyama M et al.	Large-scale expansion of γδ T cells and peptide-specific cytotoxic T cells using zoledronate for adoptive immunotherapy.	International journal of oncology	2014	25189159	10.3892/ijo.2014.2634	PMC4203331	https://pmc.ncbi.nlm.nih.gov/articles/PMC4203331/	pdfs/yoshikawa_2014_pmid25189159.pdf		aminobisphosphonate;adoptive_expansion;mechanism_cytotox	downloaded_europepmc
primary_research	Dörrie J, Krug C, Hofmann C et al.	Human adenovirus-specific γ/δ and CD8+ T cells generated by T-cell receptor transfection to treat adenovirus infection after allogeneic stem cell transplantation.	PloS one	2014	25289687	10.1371/journal.pone.0109944	PMC4188623	https://pmc.ncbi.nlm.nih.gov/articles/PMC4188623/	pdfs/dörrie_2014_pmid25289687.pdf	supplements/25289687_PMC4188623/	adoptive_expansion;leukemia	downloaded_europepmc
primary_research	Parente-Pereira AC, Shmeeda H, Whilding LM et al.	Adoptive immunotherapy of epithelial ovarian cancer with Vγ9Vδ2 T cells, potentiated by liposomal alendronic acid.	Journal of immunology (Baltimore, Md. : 1950)	2014	25339667	10.4049/jimmunol.1402200		https://doi.org/10.4049/jimmunol.1402200			phosphoantigen_BTN;aminobisphosphonate;adoptive_expansion;Vd2_Vg9;ovarian	no_pmcid
primary_research	Seidel UJ, Vogt F, Grosse-Hovest L et al.	γδ T Cell-Mediated Antibody-Dependent Cellular Cytotoxicity with CD19 Antibodies Assessed by an Impedance-Based Label-Free Real-Time Cytotoxicity Assay.	Frontiers in immunology	2014	25520723	10.3389/fimmu.2014.00618	PMC4251440	https://pmc.ncbi.nlm.nih.gov/articles/PMC4251440/	pdfs/seidel_2014_pmid25520723.pdf		adoptive_expansion;mechanism_cytotox;leukemia	downloaded_europepmc
primary_research	Gruenbacher G, Nussbaumer O, Gander H et al.	Stress-related and homeostatic cytokines regulate Vγ9Vδ2 T-cell surveillance of mevalonate metabolism.	Oncoimmunology	2014	25960933	10.4161/21624011.2014.953410	PMC4368140	https://pmc.ncbi.nlm.nih.gov/articles/PMC4368140/	pdfs/gruenbacher_2014_pmid25960933.pdf		phosphoantigen_BTN;Vd2_Vg9;mechanism_cytotox;leukemia	downloaded_europepmc
primary_research	Yi Y, He HW, Wang JX et al.	The functional impairment of HCC-infiltrating γδ T cells, partially mediated by regulatory T cells in a TGFβ- and IL-10-dependent manner.	Journal of hepatology	2013	23262246	10.1016/j.jhep.2012.12.015		https://doi.org/10.1016/j.jhep.2012.12.015			tumor_infiltrating;mechanism_cytotox;immunosuppression;hepatocellular	no_pmcid
primary_research	Scheper W, van Dorp S, Kersting S et al.	γδT cells elicited by CMV reactivation after allo-SCT cross-recognize CMV and leukemia.	Leukemia	2013	23277330	10.1038/leu.2012.374		https://doi.org/10.1038/leu.2012.374			adoptive_expansion;Vd1;Vd2_Vg9;leukemia	no_pmcid
primary_research	Lamb LS, Bowersock J, Dasgupta A et al.	Engineered drug resistant γδ T cells kill glioblastoma cell lines during a chemotherapy challenge: a strategy for combining chemo- and immunotherapy.	PloS one	2013	23326319	10.1371/journal.pone.0051805	PMC3543433	https://pmc.ncbi.nlm.nih.gov/articles/PMC3543433/	pdfs/lamb_2013_pmid23326319.pdf		adoptive_expansion;mechanism_cytotox;glioma	downloaded_europepmc
primary_research	Massa C, Seliger B	Fast dendritic cells stimulated with alternative maturation mixtures induce polyfunctional and long-lasting activation of innate and adaptive effector cells with tumor-killing capabilities.	Journal of immunology (Baltimore, Md. : 1950)	2013	23447683	10.4049/jimmunol.1202024		https://doi.org/10.4049/jimmunol.1202024			mechanism_cytotox;leukemia	no_pmcid
primary_research	Armeanu-Ebinger S, Hoh A, Wenz J et al.	Targeting EpCAM (CD326) for immunotherapy in hepatoblastoma.	Oncoimmunology	2013	23482411	10.4161/onci.22620	PMC3583930	https://pmc.ncbi.nlm.nih.gov/articles/PMC3583930/	pdfs/armeanuebinger_2013_pmid23482411.pdf		mechanism_cytotox;hepatocellular	downloaded_europepmc
primary_research	Correia DV, Lopes A, Silva-Santos B	Tumor cell recognition by γδ T lymphocytes: T-cell receptor vs. NK-cell receptors.	Oncoimmunology	2013	23483102	10.4161/onci.22892	PMC3583939	https://pmc.ncbi.nlm.nih.gov/articles/PMC3583939/	pdfs/correia_2013_pmid23483102.pdf			downloaded_europepmc
primary_research	Dessarthe B, Thedrez A, Latouche JB et al.	CRTAM receptor engagement by Necl-2 on tumor cells triggers cell death of activated Vγ9Vδ2 T cells.	Journal of immunology (Baltimore, Md. : 1950)	2013	23530148	10.4049/jimmunol.1202596		https://doi.org/10.4049/jimmunol.1202596			Vd2_Vg9;mechanism_cytotox	no_pmcid
primary_research	Devaud C, Rousseau B, Netzer S et al.	Anti-metastatic potential of human Vδ1(+) γδ T cells in an orthotopic mouse xenograft model of colon carcinoma.	Cancer immunology, immunotherapy : CII	2013	23619975	10.1007/s00262-013-1402-1	PMC11028498	https://pmc.ncbi.nlm.nih.gov/articles/PMC11028498/	pdfs/devaud_2013_pmid23619975.pdf		Vd1;tumor_infiltrating;mechanism_cytotox;colorectal	downloaded_europepmc
primary_research	Das H, Wang Z, Niazi MK et al.	Impact of diffusion barriers to small cytotoxic molecules on the efficacy of immunotherapy in breast cancer.	PloS one	2013	23620747	10.1371/journal.pone.0061398	PMC3631240	https://pmc.ncbi.nlm.nih.gov/articles/PMC3631240/	pdfs/das_2013_pmid23620747.pdf		mechanism_cytotox;breast	downloaded_europepmc
primary_research	Gehrmann U, Hiltbrunner S, Georgoudaki AM et al.	Synergistic induction of adaptive antitumor immunity by codelivery of antigen with α-galactosylceramide on exosomes.	Cancer research	2013	23658368	10.1158/0008-5472.CAN-12-3918		https://doi.org/10.1158/0008-5472.CAN-12-3918			tumor_infiltrating;melanoma	no_pmcid
primary_research	Lança T, Costa MF, Gonçalves-Sousa N et al.	Protective role of the inflammatory CCR2/CCL2 chemokine pathway through recruitment of type 1 cytotoxic γδ T lymphocytes to tumor beds.	Journal of immunology (Baltimore, Md. : 1950)	2013	23686489	10.4049/jimmunol.1300434		https://doi.org/10.4049/jimmunol.1300434			Vd1;Vd2_Vg9;tumor_infiltrating;mechanism_cytotox;melanoma;breast;prostate	no_pmcid
primary_research	Nussbaumer O, Gruenbacher G, Gander H et al.	Essential requirements of zoledronate-induced cytokine and γδ T cell proliferative responses.	Journal of immunology (Baltimore, Md. : 1950)	2013	23794630	10.4049/jimmunol.1300603		https://doi.org/10.4049/jimmunol.1300603			phosphoantigen_BTN;aminobisphosphonate;adoptive_expansion;Vd2_Vg9	no_pmcid
primary_research	Kabelitz D, Kalyan S, Oberg HH et al.	Human Vδ2 versus non-Vδ2 γδ T cells in antitumor immunity.	Oncoimmunology	2013	23802074	10.4161/onci.23304	PMC3661159	https://pmc.ncbi.nlm.nih.gov/articles/PMC3661159/	pdfs/kabelitz_2013_pmid23802074.pdf		Vd1;Vd2_Vg9	downloaded_europepmc
primary_research	Santolaria T, Robard M, Léger A et al.	Repeated systemic administrations of both aminobisphosphonates and human Vγ9Vδ2 T cells efficiently control tumor development in vivo.	Journal of immunology (Baltimore, Md. : 1950)	2013	23836057	10.4049/jimmunol.1300255		https://doi.org/10.4049/jimmunol.1300255			aminobisphosphonate;adoptive_expansion;Vd2_Vg9	no_pmcid
primary_research	Du XZ, Li QY, Du FW et al.	Sodium valproate sensitizes non-small lung cancer A549 cells to γδ T-cell-mediated killing through upregulating the expression of MICA.	Journal of biochemical and molecular toxicology	2013	23918508	10.1002/jbt.21513		https://doi.org/10.1002/jbt.21513			mechanism_cytotox;lung	no_pmcid
primary_research	Lança T, Silva-Santos B	Recruitment of γδ T lymphocytes to tumors: A new role for the pleiotropic chemokine CCL2.	Oncoimmunology	2013	24179705	10.4161/onci.25461	PMC3812202	https://pmc.ncbi.nlm.nih.gov/articles/PMC3812202/	pdfs/lança_2013_pmid24179705.pdf		tumor_infiltrating	downloaded_europepmc
primary_research	Lertworapreecha M, Patumraj S, Niruthisard S et al.	Cytotoxic function of gamma delta (gamma/delta) T cells against pamidronate-treated cervical cancer cells.	Indian journal of experimental biology	2013	24228383			https://pubmed.ncbi.nlm.nih.gov/24228383/			aminobisphosphonate;adoptive_expansion;Vd2_Vg9;mechanism_cytotox	no_pmcid
primary_research	Todaro M, Meraviglia S, Caccamo N et al.	Combining conventional chemotherapy and γδ T cell-based immunotherapy to target cancer-initiating cells.	Oncoimmunology	2013	24244907	10.4161/onci.25821	PMC3825724	https://pmc.ncbi.nlm.nih.gov/articles/PMC3825724/	pdfs/todaro_2013_pmid24244907.pdf			downloaded_europepmc
primary_research	Li W, Okuda A, Yamamoto H et al.	Regulation of development of CD56 bright CD11c + NK-like cells with helper function by IL-18.	PloS one	2013	24376549	10.1371/journal.pone.0082586	PMC3869690	https://pmc.ncbi.nlm.nih.gov/articles/PMC3869690/	pdfs/li_2013_pmid24376549.pdf		adoptive_expansion;immunosuppression	downloaded_europepmc
primary_research	Zhao H, Xi X, Cui L et al.	CDR3δ -grafted γ9δ2T cells mediate effective antitumor reactivity.	Cellular & molecular immunology	2012	21909128	10.1038/cmi.2011.28	PMC4002801	https://pmc.ncbi.nlm.nih.gov/articles/PMC4002801/	pdfs/zhao_2012_pmid21909128.pdf		adoptive_expansion;tumor_infiltrating;mechanism_cytotox;immunosuppression;colorectal;ovarian;prostate;renal	downloaded_europepmc
primary_research	Altvater B, Pscherer S, Landmeier S et al.	Activated human γδ T cells induce peptide-specific CD8+ T-cell responses to tumor-associated self-antigens.	Cancer immunology, immunotherapy : CII	2012	21928126	10.1007/s00262-011-1111-6	PMC11028957	https://pmc.ncbi.nlm.nih.gov/articles/PMC11028957/	pdfs/altvater_2012_pmid21928126.pdf		aminobisphosphonate;adoptive_expansion;Vd2_Vg9;mechanism_cytotox;immunosuppression	downloaded_europepmc
primary_research	Fowler DW, Copier J, Wilson N et al.	Mycobacteria activate γδ T-cell anti-tumour responses via cytokines from type 1 myeloid dendritic cells: a mechanism of action for cancer immunotherapy.	Cancer immunology, immunotherapy : CII	2012	22002242	10.1007/s00262-011-1121-4	PMC3310139	https://pmc.ncbi.nlm.nih.gov/articles/PMC3310139/	pdfs/fowler_2012_pmid22002242.pdf	supplements/22002242_PMC3310139/	aminobisphosphonate;mechanism_cytotox	downloaded_europepmc
primary_research	Poonia B, Pauza CD	Gamma delta T cells from HIV+ donors can be expanded in vitro by zoledronate/interleukin-2 to become cytotoxic effectors for antibody-dependent cellular cytotoxicity.	Cytotherapy	2012	22029653	10.3109/14653249.2011.623693		https://doi.org/10.3109/14653249.2011.623693			phosphoantigen_BTN;aminobisphosphonate;adoptive_expansion;Vd2_Vg9;mechanism_cytotox	no_pmcid
primary_research	Lai D, Wang F, Chen Y et al.	Human ovarian cancer stem-like cells can be efficiently killed by γδ T lymphocytes.	Cancer immunology, immunotherapy : CII	2012	22120758	10.1007/s00262-011-1166-4	PMC11029003	https://pmc.ncbi.nlm.nih.gov/articles/PMC11029003/	pdfs/lai_2012_pmid22120758.pdf		tumor_infiltrating;mechanism_cytotox;immunosuppression;ovarian	downloaded_europepmc
primary_research	Hannani D, Ma Y, Yamazaki T et al.	Harnessing γδ T cells in anticancer immunotherapy.	Trends in immunology	2012	22364810	10.1016/j.it.2012.01.006		https://doi.org/10.1016/j.it.2012.01.006			adoptive_expansion;Vd2_Vg9;mechanism_cytotox	no_pmcid
primary_research	Hanagiri T, Shigematsu Y, Kuroda K et al.	Antitumor activity of human γδ T cells transducted with CD8 and with T-cell receptors of tumor-specific cytotoxic T lymphocytes.	Cancer science	2012	22621620	10.1111/j.1349-7006.2012.02337.x	PMC7659244	https://pmc.ncbi.nlm.nih.gov/articles/PMC7659244/	pdfs/hanagiri_2012_pmid22621620.pdf		adoptive_expansion;mechanism_cytotox;immunosuppression;lung	downloaded_europepmc
primary_research	Harly C, Guillaume Y, Nedellec S et al.	Key implication of CD277/butyrophilin-3 (BTN3A) in cellular stress sensing by a major human γδ T-cell subset.	Blood	2012	22767497	10.1182/blood-2012-05-430470	PMC3679641	https://pmc.ncbi.nlm.nih.gov/articles/PMC3679641/	pdfs/harly_2012_pmid22767497.pdf		phosphoantigen_BTN;aminobisphosphonate;Vd2_Vg9	downloaded_europepmc
primary_research	Knight A, Mackinnon S, Lowdell MW	Human Vdelta1 gamma-delta T cells exert potent specific cytotoxicity against primary multiple myeloma cells.	Cytotherapy	2012	22800570	10.3109/14653249.2012.700766		https://doi.org/10.3109/14653249.2012.700766			adoptive_expansion;Vd1;Vd2_Vg9;mechanism_cytotox;leukemia;myeloma	no_pmcid
primary_research	Mattarollo SR, West AC, Steegh K et al.	NKT cell adjuvant-based tumor vaccine for treatment of myc oncogene-driven mouse B-cell lymphoma.	Blood	2012	22932803	10.1182/blood-2012-04-426643	PMC3557399	https://pmc.ncbi.nlm.nih.gov/articles/PMC3557399/	pdfs/mattarollo_2012_pmid22932803.pdf		adoptive_expansion;immunosuppression;leukemia;lymphoma	downloaded_europepmc
primary_research	Nishio N, Fujita M, Tanaka Y et al.	Zoledronate sensitizes neuroblastoma-derived tumor-initiating cells to cytolysis mediated by human γδ T cells.	Journal of immunotherapy (Hagerstown, Md. : 1997)	2012	22996365	10.1097/CJI.0b013e31826a745a		https://doi.org/10.1097/CJI.0b013e31826a745a			aminobisphosphonate;adoptive_expansion;Vd2_Vg9;neuroblastoma	no_pmcid
primary_research	Guirnalda PD, Paterson Y	Vaccination with immunotherapeutic Listeria monocytogenes induces IL-17(+) γδ T cells in a murine model for HPV associated cancer.	Oncoimmunology	2012	23162749	10.4161/onci.20491	PMC3489737	https://pmc.ncbi.nlm.nih.gov/articles/PMC3489737/	pdfs/guirnalda_2012_pmid23162749.pdf	supplements/23162749_PMC3489737/	immunosuppression	downloaded_europepmc
primary_research	Silva-Santos B, Schamel WW, Fisch P et al.	γδ T-cell conference 2012: close encounters for the fifth time.	European journal of immunology	2012	23255005	10.1002/eji.201270101		https://doi.org/10.1002/eji.201270101			leukemia	no_pmcid
primary_research	Rowland CA, Laws TR, Oyston PC	An assessment of common marmoset (Callithrix jacchus) γ9(+) T cells and their response to phosphoantigen in vitro.	Cellular immunology	2012	23399838	10.1016/j.cellimm.2012.12.002		https://doi.org/10.1016/j.cellimm.2012.12.002			phosphoantigen_BTN;adoptive_expansion	no_pmcid
primary_research	Bryant NL, Gillespie GY, Lopez RD et al.	Preclinical evaluation of ex vivo expanded/activated γδ T cells for immunotherapy of glioblastoma multiforme.	Journal of neuro-oncology	2011	20532954	10.1007/s11060-010-0245-2	PMC13015848	https://pmc.ncbi.nlm.nih.gov/articles/PMC13015848/	pdfs/bryant_2011_pmid20532954.pdf		adoptive_expansion;mechanism_cytotox;leukemia;glioma	downloaded_europepmc
primary_research	Li H, Pauza CD	Rapamycin increases the yield and effector function of human γδ T cells stimulated in vitro.	Cancer immunology, immunotherapy : CII	2011	21107834	10.1007/s00262-010-0945-7	PMC3077899	https://pmc.ncbi.nlm.nih.gov/articles/PMC3077899/	pdfs/li_2011_pmid21107834.pdf		Vd2_Vg9	downloaded_europepmc
primary_research	Born WK, O'Brien RL	γδ T cells develop, respond and survive - with a little help from CD27.	European journal of immunology	2011	21182073	10.1002/eji.201041270		https://doi.org/10.1002/eji.201041270			phosphoantigen_BTN;adoptive_expansion;Vd2_Vg9	no_pmcid
primary_research	DeBarros A, Chaves-Ferreira M, d'Orey F et al.	CD70-CD27 interactions provide survival and proliferative signals that regulate T cell receptor-driven activation of human γδ peripheral blood lymphocytes.	European journal of immunology	2011	21182090	10.1002/eji.201040905		https://doi.org/10.1002/eji.201040905			phosphoantigen_BTN;adoptive_expansion;Vd2_Vg9;lymphoma	no_pmcid
primary_research	Li Z, Xu Q, Peng H et al.	IFN-γ enhances HOS and U2OS cell lines susceptibility to γδ T cell-mediated killing through the Fas/Fas ligand pathway.	International immunopharmacology	2011	21238618	10.1016/j.intimp.2011.01.001		https://doi.org/10.1016/j.intimp.2011.01.001			adoptive_expansion;mechanism_cytotox	no_pmcid
primary_research	Siegers GM, Felizardo TC, Mathieson AM et al.	Anti-leukemia activity of in vitro-expanded human gamma delta T cells in a xenogeneic Ph+ leukemia model.	PloS one	2011	21304898	10.1371/journal.pone.0016700	PMC3033392	https://pmc.ncbi.nlm.nih.gov/articles/PMC3033392/	pdfs/siegers_2011_pmid21304898.pdf	supplements/21304898_PMC3033392/	adoptive_expansion;Vd2_Vg9;mechanism_cytotox;leukemia	downloaded_europepmc
primary_research	Siegers GM, Dhamko H, Wang XH et al.	Human Vδ1 γδ T cells expanded from peripheral blood exhibit specific cytotoxicity against B-cell chronic lymphocytic leukemia-derived cells.	Cytotherapy	2011	21314241	10.3109/14653249.2011.553595		https://doi.org/10.3109/14653249.2011.553595			adoptive_expansion;Vd1;Vd2_Vg9;mechanism_cytotox;leukemia	no_pmcid
primary_research	Pauza CD, Riedel DJ, Gilliam BL et al.	Targeting γδ T cells for immunotherapy of HIV disease.	Future virology	2011	21339853	10.2217/FVL.10.78	PMC3041588	https://pmc.ncbi.nlm.nih.gov/articles/PMC3041588/			Vd2_Vg9;immunosuppression	not_available_oa
primary_research	Ma Y, Aymeric L, Locher C et al.	Contribution of IL-17-producing gamma delta T cells to the efficacy of anticancer chemotherapy.	The Journal of experimental medicine	2011	21383056	10.1084/jem.20100269	PMC3058575	https://pmc.ncbi.nlm.nih.gov/articles/PMC3058575/	pdfs/ma_2011_pmid21383056.pdf		adoptive_expansion;tumor_infiltrating;immunosuppression	downloaded_europepmc
primary_research	Kelsen J, Dige A, Schwindt H et al.	Infliximab induces clonal expansion of γδ-T cells in Crohn's disease: a predictor of lymphoma risk?	PloS one	2011	21483853	10.1371/journal.pone.0017890	PMC3069033	https://pmc.ncbi.nlm.nih.gov/articles/PMC3069033/	pdfs/kelsen_2011_pmid21483853.pdf		adoptive_expansion;lymphoma	downloaded_europepmc
primary_research	Correia DV, Fogli M, Hudspeth K et al.	Differentiation of human peripheral blood Vδ1+ T cells expressing the natural cytotoxicity receptor NKp30 for recognition of lymphoid leukemia cells.	Blood	2011	21633088	10.1182/blood-2011-02-339135		https://doi.org/10.1182/blood-2011-02-339135			Vd1;Vd2_Vg9;mechanism_cytotox;leukemia	no_pmcid
primary_research	Houot R, Kohrt HE, Marabelle A et al.	Targeting immune effector cells to promote antibody-induced cytotoxicity in cancer immunotherapy.	Trends in immunology	2011	21907000	10.1016/j.it.2011.07.003		https://doi.org/10.1016/j.it.2011.07.003			mechanism_cytotox	no_pmcid
primary_research	Kondo M, Izumi T, Fujieda N et al.	Expansion of human peripheral blood γδ T cells using zoledronate.	Journal of visualized experiments : JoVE	2011	21931292	10.3791/3182	PMC3230197	https://pmc.ncbi.nlm.nih.gov/articles/PMC3230197/	pdfs/kondo_2011_pmid21931292.pdf		phosphoantigen_BTN;aminobisphosphonate;adoptive_expansion;Vd2_Vg9;leukemia	downloaded_europepmc
primary_research	Zhou JH, Kang N, Cui LX et al.	[Selection of culture media for the mass production of gamma delta T cells used in adoptive immunotherapy].	Zhongguo yi xue ke xue yuan xue bao. Acta Academiae Medicinae Sinicae	2011	22509548			https://pubmed.ncbi.nlm.nih.gov/22509548/			adoptive_expansion;mechanism_cytotox;lymphoma	no_pmcid
primary_research	Beck BH, Kim HG, Kim H et al.	Adoptively transferred ex vivo expanded gammadelta-T cells mediate in vivo antitumor activity in preclinical mouse models of breast cancer.	Breast cancer research and treatment	2010	19763820	10.1007/s10549-009-0527-6	PMC2883655	https://pmc.ncbi.nlm.nih.gov/articles/PMC2883655/			adoptive_expansion;breast	not_available_oa
primary_research	Meuter S, Eberl M, Moser B	Prolonged antigen survival and cytosolic export in cross-presenting human gammadelta T cells.	Proceedings of the National Academy of Sciences of the United States of America	2010	20413723	10.1073/pnas.1002769107	PMC2889313	https://pmc.ncbi.nlm.nih.gov/articles/PMC2889313/	pdfs/meuter_2010_pmid20413723.pdf		Vd2_Vg9	downloaded_europepmc
primary_research	Capietto AH, Martinet L, Cendron D et al.	Phosphoantigens overcome human TCRVgamma9+ gammadelta Cell immunosuppression by TGF-beta: relevance for cancer immunotherapy.	Journal of immunology (Baltimore, Md. : 1950)	2010	20483742	10.4049/jimmunol.1000681		https://doi.org/10.4049/jimmunol.1000681			phosphoantigen_BTN;Vd2_Vg9;mechanism_cytotox;immunosuppression;lymphoma	no_pmcid
primary_research	Dokouhaki P, Han M, Joe B et al.	Adoptive immunotherapy of cancer using ex vivo expanded human gammadelta T cells: A new approach.	Cancer letters	2010	20537791	10.1016/j.canlet.2010.05.005		https://doi.org/10.1016/j.canlet.2010.05.005			adoptive_expansion;leukemia;lung	no_pmcid
primary_research	Lisowska H, Deperas-Kaminska M, Haghdoost S et al.	Radiation-induced DNA damage and repair in human gammadelta and alphabeta T-lymphocytes analysed by the alkaline comet assay.	Genome integrity	2010	20678258	10.1186/2041-9414-1-8	PMC2914012	https://pmc.ncbi.nlm.nih.gov/articles/PMC2914012/	pdfs/lisowska_2010_pmid20678258.pdf			downloaded_europepmc
primary_research	Gong W, Xiao W, Qian L et al.	Immobilized MHC class I chain-related protein A synergizes with IL-15 and soluble 4-1BB ligand to expand NK cells with high cytotoxicity ex vivo.	Cellular & molecular immunology	2010	20871627	10.1038/cmi.2010.41	PMC4002957	https://pmc.ncbi.nlm.nih.gov/articles/PMC4002957/	pdfs/gong_2010_pmid20871627.pdf		adoptive_expansion;mechanism_cytotox;leukemia	downloaded_europepmc
primary_research	Li H, Wang Y, Zhou F	Effect of ex vivo-expanded γδ-T cells combined with galectin-1 antibody on the growth of human cervical cancer xenografts in SCID mice.	Clinical and investigative medicine. Medecine clinique et experimentale	2010	20926034	10.25011/cim.v33i5.14353		https://doi.org/10.25011/cim.v33i5.14353			adoptive_expansion;tumor_infiltrating;mechanism_cytotox;immunosuppression;leukemia	no_pmcid
primary_research	Kabelitz D	Human γδ T lymphocytes for immunotherapeutic strategies against cancer.	F1000 medicine reports	2010	20948839	10.3410/M2-45	PMC2950047	https://pmc.ncbi.nlm.nih.gov/articles/PMC2950047/	pdfs/kabelitz_2010_pmid20948839.pdf		aminobisphosphonate;Vd2_Vg9;mechanism_cytotox	downloaded_europepmc
primary_research	Jiang H, Xu Q, Yang C et al.	[gammadelta T cells stimulated by zoledronate kill osteosarcoma cells].	Xi bao yu fen zi mian yi xue za zhi = Chinese journal of cellular and molecular immunology	2010	21138682			https://pubmed.ncbi.nlm.nih.gov/21138682/			aminobisphosphonate;mechanism_cytotox	no_pmcid
primary_research	Yuasa T, Sato K, Ashihara E et al.	Intravesical administration of gammadelta T cells successfully prevents the growth of bladder cancer in the murine model.	Cancer immunology, immunotherapy : CII	2009	18682944	10.1007/s00262-008-0571-9	PMC11029835	https://pmc.ncbi.nlm.nih.gov/articles/PMC11029835/	pdfs/yuasa_2009_pmid18682944.pdf		aminobisphosphonate;adoptive_expansion;leukemia	downloaded_europepmc
primary_research	Kunzmann V, Kimmel B, Herrmann T et al.	Inhibition of phosphoantigen-mediated gammadelta T-cell proliferation by CD4+ CD25+ FoxP3+ regulatory T cells.	Immunology	2009	18775028	10.1111/j.1365-2567.2008.02894.x	PMC2632687	https://pmc.ncbi.nlm.nih.gov/articles/PMC2632687/			phosphoantigen_BTN;adoptive_expansion;mechanism_cytotox;immunosuppression	not_available_oa
primary_research	Li Y, Chen S, Yang L et al.	TRGV and TRDV repertoire distribution and clonality of T cells from umbilical cord blood.	Transplant immunology	2009	19013241	10.1016/j.trim.2008.10.010		https://doi.org/10.1016/j.trim.2008.10.010			adoptive_expansion;leukemia	no_pmcid
primary_research	Puan KJ, Low JS, Tan TW et al.	Phenotypic and functional alterations of Vgamma2Vdelta2 T cell subsets in patients with active nasopharyngeal carcinoma.	Cancer immunology, immunotherapy : CII	2009	19043708	10.1007/s00262-008-0629-8	PMC2695875	https://pmc.ncbi.nlm.nih.gov/articles/PMC2695875/	pdfs/puan_2009_pmid19043708.pdf		Vd2_Vg9;mechanism_cytotox	downloaded_europepmc
primary_research	Higuchi T, Shimizu M, Owaki A et al.	A possible mechanism of intravesical BCG therapy for human bladder carcinoma: involvement of innate effector cells for the inhibition of tumor growth.	Cancer immunology, immunotherapy : CII	2009	19139883	10.1007/s00262-008-0643-x	PMC11030957	https://pmc.ncbi.nlm.nih.gov/articles/PMC11030957/	pdfs/higuchi_2009_pmid19139883.pdf		adoptive_expansion;mechanism_cytotox	downloaded_europepmc
primary_research	Brandes M, Willimann K, Bioley G et al.	Cross-presenting human gammadelta T cells induce robust CD8+ alphabeta T cell responses.	Proceedings of the National Academy of Sciences of the United States of America	2009	19171897	10.1073/pnas.0810059106	PMC2650152	https://pmc.ncbi.nlm.nih.gov/articles/PMC2650152/	pdfs/brandes_2009_pmid19171897.pdf		adoptive_expansion;Vd2_Vg9	downloaded_europepmc
primary_research	Martinet L, Fleury-Cappellesso S, Gadelorge M et al.	A regulatory cross-talk between Vgamma9Vdelta2 T lymphocytes and mesenchymal stem cells.	European journal of immunology	2009	19197941	10.1002/eji.200838812		https://doi.org/10.1002/eji.200838812			phosphoantigen_BTN;Vd2_Vg9;tumor_infiltrating;immunosuppression;lymphoma	no_pmcid
primary_research	Bryant NL, Suarez-Cuervo C, Gillespie GY et al.	Characterization and immunotherapeutic potential of gammadelta T-cells in patients with glioblastoma.	Neuro-oncology	2009	19211933	10.1215/15228517-2008-111	PMC2743216	https://pmc.ncbi.nlm.nih.gov/articles/PMC2743216/	pdfs/bryant_2009_pmid19211933.pdf		adoptive_expansion;tumor_infiltrating;mechanism_cytotox;glioma	downloaded_europepmc
primary_research	Landmeier S, Altvater B, Pscherer S et al.	Activated human gammadelta T cells as stimulators of specific CD8+ T-cell responses to subdominant Epstein Barr virus epitopes: potential for immunotherapy of cancer.	Journal of immunotherapy (Hagerstown, Md. : 1997)	2009	19242369	10.1097/CJI.0b013e31819b7c30	PMC3176339	https://pmc.ncbi.nlm.nih.gov/articles/PMC3176339/			aminobisphosphonate;adoptive_expansion;Vd2_Vg9;mechanism_cytotox;lymphoma	not_available_oa
primary_research	Hiasa A, Nishikawa H, Hirayama M et al.	Rapid alphabeta TCR-mediated responses in gammadelta T cells transduced with cancer-specific TCR genes.	Gene therapy	2009	19242528	10.1038/gt.2009.6		https://doi.org/10.1038/gt.2009.6			adoptive_expansion;mechanism_cytotox	no_pmcid
primary_research	Thedrez A, Harly C, Morice A et al.	IL-21-mediated potentiation of antitumor cytolytic and proinflammatory responses of human V gamma 9V delta 2 T cells for adoptive immunotherapy.	Journal of immunology (Baltimore, Md. : 1950)	2009	19265120	10.4049/jimmunol.0803068		https://doi.org/10.4049/jimmunol.0803068			phosphoantigen_BTN;adoptive_expansion;Vd2_Vg9;mechanism_cytotox	no_pmcid
primary_research	Gertner-Dardenne J, Bonnafous C, Bezombes C et al.	Bromohydrin pyrophosphate enhances antibody-dependent cell-mediated cytotoxicity induced by therapeutic antibodies.	Blood	2009	19278954	10.1182/blood-2008-08-172296		https://doi.org/10.1182/blood-2008-08-172296			phosphoantigen_BTN;Vd2_Vg9;mechanism_cytotox;leukemia;lymphoma	no_pmcid
primary_research	Devaud C, Bilhere E, Loizon S et al.	Antitumor activity of gammadelta T cells reactive against cytomegalovirus-infected cells in a mouse xenograft tumor model.	Cancer research	2009	19383918	10.1158/0008-5472.CAN-08-3037		https://doi.org/10.1158/0008-5472.CAN-08-3037			Vd2_Vg9;mechanism_cytotox;colorectal	no_pmcid
primary_research	Nagamine I, Yamaguchi Y, Ohara M et al.	Induction of gamma delta T cells using zoledronate plus interleukin-2 in patients with metastatic cancer.	Hiroshima journal of medical sciences	2009	19400555			https://pubmed.ncbi.nlm.nih.gov/19400555/			aminobisphosphonate;adoptive_expansion;mechanism_cytotox;colorectal	no_pmcid
primary_research	Kang N, Zhou J, Zhang T et al.	Adoptive immunotherapy of lung cancer with immobilized anti-TCRgammadelta antibody-expanded human gammadelta T-cells in peripheral blood.	Cancer biology & therapy	2009	19471115	10.4161/cbt.8.16.8950		https://doi.org/10.4161/cbt.8.16.8950			phosphoantigen_BTN;adoptive_expansion;Vd1;Vd2_Vg9;tumor_infiltrating;mechanism_cytotox;lung	no_pmcid
primary_research	Brinkrolf P, Landmeier S, Altvater B et al.	A high proportion of bone marrow T cells with regulatory phenotype (CD4+CD25hiFoxP3+) in Ewing sarcoma patients is associated with metastatic disease.	International journal of cancer	2009	19480009	10.1002/ijc.24461		https://doi.org/10.1002/ijc.24461			tumor_infiltrating;immunosuppression	no_pmcid
primary_research	Smetak M, Kimmel B, Birkmann J et al.	Clinical-scale single-step CD4(+) and CD8(+) cell depletion for donor innate lymphocyte infusion (DILI).	Bone marrow transplantation	2008	18037935	10.1038/sj.bmt.1705942		https://doi.org/10.1038/sj.bmt.1705942			adoptive_expansion;mechanism_cytotox	no_pmcid
primary_research	Boëdec A, Sicard H, Dessolin J et al.	Synthesis and biological activity of phosphonate analogues and geometric isomers of the highly potent phosphoantigen (E)-1-hydroxy-2-methylbut-2-enyl 4-diphosphate.	Journal of medicinal chemistry	2008	18303828	10.1021/jm701101g		https://doi.org/10.1021/jm701101g			phosphoantigen_BTN;mechanism_cytotox	no_pmcid
primary_research	Viey E, Lucas C, Romagne F et al.	Chemokine receptors expression and migration potential of tumor-infiltrating and peripheral-expanded Vgamma9Vdelta2 T cells from renal cell carcinoma patients.	Journal of immunotherapy (Hagerstown, Md. : 1997)	2008	18317356	10.1097/CJI.0b013e3181609988		https://doi.org/10.1097/CJI.0b013e3181609988			phosphoantigen_BTN;adoptive_expansion;Vd2_Vg9;tumor_infiltrating;mechanism_cytotox;renal	no_pmcid
primary_research	Saitoh A, Narita M, Watanabe N et al.	Anti-tumor cytotoxicity of gammadelta T cells expanded from peripheral blood cells of patients with myeloma and lymphoma.	Medical oncology (Northwood, London, England)	2008	18488155	10.1007/s12032-007-9004-4		https://doi.org/10.1007/s12032-007-9004-4			aminobisphosphonate;adoptive_expansion;mechanism_cytotox;lymphoma;myeloma	no_pmcid
primary_research	Wang Z, Zhang T, Hu H et al.	Targeting solid tumors via T cell receptor complementarity-determining region 3delta in an engineered antibody.	Cancer letters	2008	18782650	10.1016/j.canlet.2008.07.015		https://doi.org/10.1016/j.canlet.2008.07.015			adoptive_expansion;Vd2_Vg9;tumor_infiltrating;mechanism_cytotox;ovarian;hepatocellular	no_pmcid
primary_research	Schilbach K, Frommer K, Meier S et al.	Immune response of human propagated gammadelta-T-cells to neuroblastoma recommend the Vdelta1+ subset for gammadelta-T-cell-based immunotherapy.	Journal of immunotherapy (Hagerstown, Md. : 1997)	2008	18832998	10.1097/CJI.0b013e31818955ad		https://doi.org/10.1097/CJI.0b013e31818955ad			adoptive_expansion;Vd1;Vd2_Vg9;tumor_infiltrating;neuroblastoma	no_pmcid
primary_research	Murayama M, Tanaka Y, Yagi J et al.	Antitumor activity and some immunological properties of gammadelta T-cells from patients with gastrointestinal carcinomas.	Anticancer research	2008	19031935			https://pubmed.ncbi.nlm.nih.gov/19031935/			adoptive_expansion;Vd2_Vg9;mechanism_cytotox;leukemia	no_pmcid
primary_research	Tanaka Y, Kobayashi H, Terasaki T et al.	Synthesis of pyrophosphate-containing compounds that stimulate Vgamma2Vdelta2 T cells: application to cancer immunotherapy.	Medicinal chemistry (Shariqah (United Arab Emirates))	2007	17266628	10.2174/157340607779317544		https://doi.org/10.2174/157340607779317544			aminobisphosphonate;adoptive_expansion;Vd2_Vg9;mechanism_cytotox	no_pmcid
primary_research	Wrobel P, Shojaei H, Schittek B et al.	Lysis of a broad range of epithelial tumour cells by human gamma delta T cells: involvement of NKG2D ligands and T-cell receptor- versus NKG2D-dependent recognition.	Scandinavian journal of immunology	2007	17635809	10.1111/j.1365-3083.2007.01963.x		https://doi.org/10.1111/j.1365-3083.2007.01963.x			phosphoantigen_BTN;aminobisphosphonate;adoptive_expansion;mechanism_cytotox;melanoma;lung;pancreatic;ovarian	no_pmcid
primary_research	Peng G, Wang HY, Peng W et al.	Tumor-infiltrating gammadelta T cells suppress T and dendritic cell function via mechanisms controlled by a unique toll-like receptor signaling pathway.	Immunity	2007	17656116	10.1016/j.immuni.2007.05.020		https://doi.org/10.1016/j.immuni.2007.05.020			adoptive_expansion;tumor_infiltrating;immunosuppression;breast	no_pmcid
primary_research	Korematsu S, Tanaka Y, Nagakura T et al.	Human gammadelta T cells modulate the mite allergen-specific T-helper type 2-skewed immunity.	Clinical and experimental allergy : journal of the British Society for Allergy and Clinical Immunology	2007	17883427	10.1111/j.1365-2222.2007.02826.x		https://doi.org/10.1111/j.1365-2222.2007.02826.x				no_pmcid
primary_research	Burjanadzé M, Condomines M, Reme T et al.	In vitro expansion of gamma delta T cells with anti-myeloma cell activity by Phosphostim and IL-2 in patients with multiple myeloma.	British journal of haematology	2007	17897296	10.1111/j.1365-2141.2007.06754.x		https://doi.org/10.1111/j.1365-2141.2007.06754.x			phosphoantigen_BTN;adoptive_expansion;Vd2_Vg9;mechanism_cytotox;myeloma	no_pmcid
primary_research	Saito A, Narita M, Yokoyama A et al.	Enhancement of anti-tumor cytotoxicity of expanded gammadelta T Cells by stimulation with monocyte-derived dendritic cells.	Journal of clinical and experimental hematopathology : JCEH	2007	18040145	10.3960/jslrt.47.61		https://doi.org/10.3960/jslrt.47.61			adoptive_expansion;mechanism_cytotox;leukemia;myeloma	no_pmcid
primary_research	Watanabe N, Narita M, Yokoyama A et al.	Type I IFN-mediated enhancement of anti-leukemic cytotoxicity of gammadelta T cells expanded from peripheral blood cells by stimulation with zoledronate.	Cytotherapy	2006	16698685	10.1080/14653240600620200		https://doi.org/10.1080/14653240600620200			aminobisphosphonate;adoptive_expansion;mechanism_cytotox;leukemia;lymphoma	no_pmcid
primary_research	Aswald JM, Wang XH, Aswald S et al.	Flow cytometric assessment of autologous gammadelta T cells in patients with acute myeloid leukemia: potential effector cells for immunotherapy?	Cytometry. Part B, Clinical cytometry	2006	16977635	10.1002/cyto.b.20115		https://doi.org/10.1002/cyto.b.20115			adoptive_expansion;tumor_infiltrating;mechanism_cytotox;leukemia	no_pmcid
primary_research	Tanaka Y	Human gamma delta T cells and tumor immunotherapy.	Journal of clinical and experimental hematopathology : JCEH	2006	17058804	10.3960/jslrt.46.11		https://doi.org/10.3960/jslrt.46.11			aminobisphosphonate;Vd2_Vg9;lymphoma	no_pmcid
primary_research	Otto M, Barfield RC, Iyengar R et al.	Human gammadelta T cells from G-CSF-mobilized donors retain strong tumoricidal activity and produce immunomodulatory cytokines after clinical-scale isolation.	Journal of immunotherapy (Hagerstown, Md. : 1997)	2005	15614047	10.1097/00002371-200501000-00009		https://doi.org/10.1097/00002371-200501000-00009			adoptive_expansion;Vd1;Vd2_Vg9;mechanism_cytotox;leukemia;lymphoma;neuroblastoma	no_pmcid
primary_research	Sato K, Kimura S, Segawa H et al.	Cytotoxic effects of gammadelta T cells expanded ex vivo by a third generation bisphosphonate for cancer immunotherapy.	International journal of cancer	2005	15756684	10.1002/ijc.20987		https://doi.org/10.1002/ijc.20987			aminobisphosphonate;adoptive_expansion;mechanism_cytotox;lung	no_pmcid
primary_research	Liu Z, Guo BL, Gehrs BC et al.	Ex vivo expanded human Vgamma9Vdelta2+ gammadelta-T cells mediate innate antitumor activity against human prostate cancer cells in vitro.	The Journal of urology	2005	15821484	10.1097/01.ju.0000154355.45816.0b		https://doi.org/10.1097/01.ju.0000154355.45816.0b			adoptive_expansion;Vd2_Vg9;mechanism_cytotox;prostate	no_pmcid
primary_research	Rincon-Orozco B, Kunzmann V, Wrobel P et al.	Activation of V gamma 9V delta 2 T cells by NKG2D.	Journal of immunology (Baltimore, Md. : 1950)	2005	16081780	10.4049/jimmunol.175.4.2144		https://doi.org/10.4049/jimmunol.175.4.2144			phosphoantigen_BTN;aminobisphosphonate;Vd2_Vg9;mechanism_cytotox	no_pmcid
primary_research	Guo BL, Liu Z, Aldrich WA et al.	Innate anti-breast cancer immunity of apoptosis-resistant human gammadelta-T cells.	Breast cancer research and treatment	2005	16187237	10.1007/s10549-005-4792-8		https://doi.org/10.1007/s10549-005-4792-8			adoptive_expansion;Vd2_Vg9;breast	no_pmcid
primary_research	Zhang H, Hu H, Jiang X et al.	Membrane HSP70: the molecule triggering gammadelta T cells in the early stage of tumorigenesis.	Immunological investigations	2005	16302688	10.1080/08820130500265349		https://doi.org/10.1080/08820130500265349			mechanism_cytotox	no_pmcid
primary_research	Otto M, Barfield RC, Martin WJ et al.	Combination immunotherapy with clinical-scale enriched human gammadelta T cells, hu14.18 antibody, and the immunocytokine Fc-IL7 in disseminated neuroblastoma.	Clinical cancer research : an official journal of the American Association for Cancer Research	2005	16322312	10.1158/1078-0432.CCR-05-1184		https://doi.org/10.1158/1078-0432.CCR-05-1184			mechanism_cytotox;neuroblastoma	no_pmcid
primary_research	Ciavarra RP, Holterman DA, Brown RR et al.	Prostate tumor microenvironment alters immune cells and prevents long-term survival in an orthotopic mouse model following flt3-ligand/CD40-ligand immunotherapy.	Journal of immunotherapy (Hagerstown, Md. : 1997)	2004	14676630	10.1097/00002371-200401000-00002		https://doi.org/10.1097/00002371-200401000-00002			tumor_infiltrating;immunosuppression;prostate	no_pmcid
primary_research	Sanders JM, Ghosh S, Chan JM et al.	Quantitative structure-activity relationships for gammadelta T cell activation by bisphosphonates.	Journal of medicinal chemistry	2004	14711309	10.1021/jm0303709		https://doi.org/10.1021/jm0303709			phosphoantigen_BTN;aminobisphosphonate;leukemia	no_pmcid
primary_research	Lozupone F, Pende D, Burgio VL et al.	Effect of human natural killer and gammadelta T cells on the growth of human autologous melanoma xenografts in SCID mice.	Cancer research	2004	14729648	10.1158/0008-5472.can-03-1501		https://doi.org/10.1158/0008-5472.can-03-1501			Vd1;Vd2_Vg9;mechanism_cytotox;leukemia;melanoma	no_pmcid
primary_research	Qi J, Peng P, Dai MH et al.	[Cytotoxicity of MICA-reactive V delta 1 gamma delta T cells towards epithelial tumor cells].	Zhongguo yi xue ke xue yuan xue bao. Acta Academiae Medicinae Sinicae	2004	15052765			https://pubmed.ncbi.nlm.nih.gov/15052765/			adoptive_expansion;tumor_infiltrating;mechanism_cytotox	no_pmcid
primary_research	Pranzatelli MR, Travelstead AL, Tate ED et al.	B- and T-cell markers in opsoclonus-myoclonus syndrome: immunophenotyping of CSF lymphocytes.	Neurology	2004	15136676	10.1212/wnl.62.9.1526		https://doi.org/10.1212/wnl.62.9.1526			adoptive_expansion;neuroblastoma	no_pmcid
primary_research	Song Y, Zhang Y, Wang H et al.	Synthesis of chiral phosphoantigens and their activity in gamma delta T cell stimulation.	Bioorganic & medicinal chemistry letters	2004	15357974	10.1016/j.bmcl.2004.06.052		https://doi.org/10.1016/j.bmcl.2004.06.052			phosphoantigen_BTN;Vd2_Vg9	no_pmcid
primary_research	Kabelitz D, Wesch D, Pitters E et al.	Characterization of tumor reactivity of human V gamma 9V delta 2 gamma delta T cells in vitro and in SCID mice in vivo.	Journal of immunology (Baltimore, Md. : 1950)	2004	15557170	10.4049/jimmunol.173.11.6767		https://doi.org/10.4049/jimmunol.173.11.6767			phosphoantigen_BTN;aminobisphosphonate;adoptive_expansion;Vd2_Vg9;mechanism_cytotox;leukemia;melanoma;pancreatic	no_pmcid
primary_research	Qi J, Zhang J, Zhang S et al.	Immobilized MICA could expand human Vdelta1 gammadelta T cells in vitro that displayed major histocompatibility complex class I chain-related A-dependent cytotoxicity to human epithelial carcinomas.	Scandinavian journal of immunology	2003	12869143	10.1046/j.1365-3083.2003.01288.x		https://doi.org/10.1046/j.1365-3083.2003.01288.x			adoptive_expansion;Vd1;mechanism_cytotox;ovarian	no_pmcid
primary_research	Argentati K, Re F, Donnini A et al.	Numerical and functional alterations of circulating gammadelta T lymphocytes in aged people and centenarians.	Journal of leukocyte biology	2002	12101264			https://pubmed.ncbi.nlm.nih.gov/12101264/			adoptive_expansion;Vd1;Vd2_Vg9;mechanism_cytotox	no_pmcid
primary_research	Gossman W, Oldfield E	Quantitative structure--activity relations for gammadelta T cell activation by phosphoantigens.	Journal of medicinal chemistry	2002	12383012	10.1021/jm020224n		https://doi.org/10.1021/jm020224n			phosphoantigen_BTN;mechanism_cytotox	no_pmcid
primary_research	Ferrarini M, Consogno G, Rovere P et al.	Inhibition of caspases maintains the antineoplastic function of gammadelta T cells repeatedly challenged with lymphoma cells.	Cancer research	2001	11306492			https://pubmed.ncbi.nlm.nih.gov/11306492/			adoptive_expansion;mechanism_cytotox;lymphoma	no_pmcid
primary_research	Chen J, Niu H, He W et al.	Antitumor activity of expanded human tumor-infiltrating gammadelta T lymphocytes.	International archives of allergy and immunology	2001	11490159	10.1159/000053824		https://doi.org/10.1159/000053824			adoptive_expansion;tumor_infiltrating;mechanism_cytotox;lymphoma;colorectal;ovarian	no_pmcid
primary_research	Kato Y, Tanaka Y, Miyagawa F et al.	Targeting of tumor cells for human gammadelta T cells by nonpeptide antigens.	Journal of immunology (Baltimore, Md. : 1950)	2001	11673519	10.4049/jimmunol.167.9.5092		https://doi.org/10.4049/jimmunol.167.9.5092			aminobisphosphonate;Vd2_Vg9;mechanism_cytotox;breast	no_pmcid
primary_research	Golby SJ, Spencer J	Role of innate immunity in cancer.	Current opinion in gastroenterology	2001	17031220	10.1097/00001574-200111000-00015		https://doi.org/10.1097/00001574-200111000-00015			mechanism_cytotox	no_pmcid
primary_research	Thomas ML, Samant UC, Deshpande RK et al.	gammadelta T cells lyse autologous and allogenic oesophageal tumours: involvement of heat-shock proteins in the tumour cell lysis.	Cancer immunology, immunotherapy : CII	2000	10663613	10.1007/s002620050014	PMC11037190	https://pmc.ncbi.nlm.nih.gov/articles/PMC11037190/	pdfs/thomas_2000_pmid10663613.pdf		adoptive_expansion;Vd1;Vd2_Vg9;mechanism_cytotox;lymphoma	downloaded_europepmc
primary_research	Schilbach KE, Geiselhart A, Wessels JT et al.	Human gammadelta T lymphocytes exert natural and IL-2-induced cytotoxicity to neuroblastoma cells.	Journal of immunotherapy (Hagerstown, Md. : 1997)	2000	11001547	10.1097/00002371-200009000-00004		https://doi.org/10.1097/00002371-200009000-00004			adoptive_expansion;mechanism_cytotox;neuroblastoma	no_pmcid
primary_research	Lopez RD, Xu S, Guo B et al.	CD2-mediated IL-12-dependent signals render human gamma delta-T cells resistant to mitogen-induced apoptosis, permitting the large-scale ex vivo expansion of functionally distinct lymphocytes: implications for the development of adoptive immunotherapy strategies.	Blood	2000	11090067			https://pubmed.ncbi.nlm.nih.gov/11090067/			adoptive_expansion;mechanism_cytotox	no_pmcid
primary_research	Suzuki Y, Fujimiya Y, Ohno T et al.	Enhancing effect of tumor necrosis factor (TNF)-alpha, but not IFN-gamma, on the tumor-specific cytotoxicity of gammadeltaT cells from glioblastoma patients.	Cancer letters	1999	10403555	10.1016/s0304-3835(99)00067-1		https://doi.org/10.1016/s0304-3835(99)00067-1			adoptive_expansion;Vd2_Vg9;mechanism_cytotox;glioma	no_pmcid
primary_research	Simpson SJ, Holländer GA, Mizoguchi E et al.	Expression of pro-inflammatory cytokines by TCR alpha beta+ and TCR gamma delta+ T cells in an experimental model of colitis.	European journal of immunology	1997	9021993	10.1002/eji.1830270104		https://doi.org/10.1002/eji.1830270104			adoptive_expansion;tumor_infiltrating	no_pmcid
primary_research	Li X, Zhang X, Zhang Y	[Establishment of a novel culture system for specific expansion of human gamma delta T cell and study of its biological properties].	Zhonghua yi xue za zhi	1997	9596941			https://pubmed.ncbi.nlm.nih.gov/9596941/			adoptive_expansion;mechanism_cytotox	no_pmcid
primary_research	Alexandroff A, Black J, Bollina P et al.	Differential production of gamma delta T cells in the urine of bladder cancer patients receiving Bacillus Calmette Guerin immunotherapy.	International journal of oncology	1997	21533389	10.3892/ijo.10.2.387		https://doi.org/10.3892/ijo.10.2.387			leukemia	no_pmcid
primary_research	Ebina T, Isono N, Murata K et al.	[Regional adoptive immunotherapy using activated lymphocytes].	Gan to kagaku ryoho. Cancer & chemotherapy	1996	8854802			https://pubmed.ncbi.nlm.nih.gov/8854802/			adoptive_expansion;tumor_infiltrating;colorectal	no_pmcid
primary_research	Szczepanik M, Anderson LR, Ushio H et al.	Gamma delta T cells from tolerized alpha beta T cell receptor (TCR)-deficient mice inhibit contact sensitivity-effector T cells in vivo, and their interferon-gamma production in vitro.	The Journal of experimental medicine	1996	8976169	10.1084/jem.184.6.2129	PMC2196372	https://pmc.ncbi.nlm.nih.gov/articles/PMC2196372/	pdfs/szczepanik_1996_pmid8976169.pdf		adoptive_expansion;immunosuppression	downloaded_europepmc
primary_research	Malkovska V, Cigel F, Storer BE	Human T cells in hu-PBL-SCID mice proliferate in response to Daudi lymphoma and confer anti-tumour immunity.	Clinical and experimental immunology	1994	8149661	10.1111/j.1365-2249.1994.tb06246.x	PMC1534540	https://pmc.ncbi.nlm.nih.gov/articles/PMC1534540/			adoptive_expansion;mechanism_cytotox;lymphoma	not_available_oa
primary_research	Kitayama J, Atomi Y, Nagawa H et al.	Functional analysis of TCR gamma delta+ T cells in tumour-infiltrating lymphocytes (TIL) of human pancreatic cancer.	Clinical and experimental immunology	1993	8370173	10.1111/j.1365-2249.1993.tb08198.x	PMC1554920	https://pmc.ncbi.nlm.nih.gov/articles/PMC1554920/			adoptive_expansion;tumor_infiltrating;mechanism_cytotox;leukemia;pancreatic	not_available_oa
primary_research	Haak-Frendscho M, Czuprynski CJ	Use of recombinant interleukin-2 to enhance adoptive transfer of resistance to Listeria monocytogenes infection.	Infection and immunity	1992	1548066	10.1128/iai.60.4.1406-1414.1992	PMC257012	https://pmc.ncbi.nlm.nih.gov/articles/PMC257012/	pdfs/haakfrendscho_1992_pmid1548066.pdf		adoptive_expansion	downloaded_europepmc
primary_research	Ensslin AS, Formby B	Comparison of cytolytic and proliferative activities of human gamma delta and alpha beta T cells from peripheral blood against various human tumor cell lines.	Journal of the National Cancer Institute	1991	1683671	10.1093/jnci/83.21.1564		https://doi.org/10.1093/jnci/83.21.1564			adoptive_expansion	no_pmcid
review	Riffelmacher T, Kronenberg M	Metabolic control of innate-like T cells.	Nature reviews. Immunology	2026	40921738	10.1038/s41577-025-01219-5		https://doi.org/10.1038/s41577-025-01219-5			adoptive_expansion	no_pmcid
review	Jassaud M, Ziane-Chaouche L, Duhamel M et al.	Innate immune cells in chimeric antigen receptor therapy.	Molecular therapy : the journal of the American Society of Gene Therapy	2026	41058171	10.1016/j.ymthe.2025.10.003	PMC12925783	https://pmc.ncbi.nlm.nih.gov/articles/PMC12925783/	pdfs/jassaud_2026_pmid41058171.pdf		CAR_gd;adoptive_expansion;tumor_infiltrating;mechanism_cytotox	downloaded_europepmc
review	Cheema AY, Ali HM, Maryam B et al.	Under the Hood: Evidence-Based Review of Allogeneic Chimeric Antigen Receptor T Cells for Hematologic Malignancies.	Transplantation and cellular therapy	2026	41076191	10.1016/j.jtct.2025.09.044		https://doi.org/10.1016/j.jtct.2025.09.044			CAR_gd;adoptive_expansion;immunosuppression;clinical	no_pmcid
review	Hayati MJ, Yaghmoorian Khojini J, Khara F et al.	Gamma Delta T Cells in the Tumour Microenvironment: A Double-Edged Sword.	Immunology	2026	41086872	10.1111/imm.70035		https://doi.org/10.1111/imm.70035			CAR_gd;adoptive_expansion;Vd1;Vd2_Vg9;tumor_infiltrating;mechanism_cytotox;checkpoint;immunosuppression	no_pmcid
review	Cheema AY, Ali HM, Munir M et al.	"Response to ""Comment on Under the Hood: Evidence-Based Review of Allogeneic Chimeric Antigen Receptor T Cells for Hematologic Malignancies."	Transplantation and cellular therapy	2026	41242468	10.1016/j.jtct.2025.11.022		https://doi.org/10.1016/j.jtct.2025.11.022			CAR_gd;adoptive_expansion;immunosuppression;clinical	no_pmcid
review	Li S, Li Y, Hui MY et al.	Chimeric antigen receptor-based cellular therapy for T-cell malignancies.	Critical reviews in oncology/hematology	2026	41285209	10.1016/j.critrevonc.2025.105044		https://doi.org/10.1016/j.critrevonc.2025.105044			CAR_gd;clinical;leukemia;lymphoma;myeloma	no_pmcid
review	Mikulak J, Marzano P, Cazzetta V et al.	Targeting γδ T cells for immunotherapies against colorectal cancer.	Trends in immunology	2026	41423387	10.1016/j.it.2025.11.009		https://doi.org/10.1016/j.it.2025.11.009			tumor_infiltrating;mechanism_cytotox;checkpoint;colorectal	no_pmcid
review	Mathew AA, Raheja R, Ramalingam K	Redefining cell therapy: CAR-engineered innate immune cells to conquer solid and hematologic malignancies.	Molecular biology reports	2026	41493506	10.1007/s11033-025-11407-0		https://doi.org/10.1007/s11033-025-11407-0			CAR_gd;adoptive_expansion;tumor_infiltrating;mechanism_cytotox;immunosuppression	no_pmcid
review	Gao Y, Guo F, Li M et al.	Beyond αβ T cells: unlocking the potential of diverse immune cells in CAR modification.	Clinical science (London, England : 1979)	2026	41563091	10.1042/CS20256571	PMC12954532	https://pmc.ncbi.nlm.nih.gov/articles/PMC12954532/	pdfs/gao_2026_pmid41563091.pdf		CAR_gd;adoptive_expansion;tumor_infiltrating;mechanism_cytotox;immunosuppression	downloaded_europepmc
review	Shaik R, Royyala SA, Inapanuri B et al.	Decoding the tumor immune landscape: emerging TIL subsets as prognostic biomarkers and therapeutic targets.	Naunyn-Schmiedeberg's archives of pharmacology	2026	41579172	10.1007/s00210-025-04913-2		https://doi.org/10.1007/s00210-025-04913-2			adoptive_expansion;tumor_infiltrating;mechanism_cytotox;immunosuppression	no_pmcid
review	Luo Q, Jiang W, Xie Y et al.	Non-Genetically Modified Adoptive Cell Therapies for Solid Tumors: Current Landscape and Future Challenges.	Cancer immunology, immunotherapy : CII	2026	41591481	10.1007/s00262-025-04274-y	PMC12847622	https://pmc.ncbi.nlm.nih.gov/articles/PMC12847622/	pdfs/luo_2026_pmid41591481.pdf	supplements/41591481_PMC12847622/	CAR_gd;adoptive_expansion;tumor_infiltrating;mechanism_cytotox;checkpoint;immunosuppression	downloaded_europepmc
review	Silva-Santos B, Mensurado S, Blanco-Domínguez R et al.	"Follow the ""DOTs"": Vδ1+ γδ T cells as effectors of cancer immunotherapy."	The Journal of experimental medicine	2026	41670625	10.1084/jem.20252289		https://doi.org/10.1084/jem.20252289			Vd1;tumor_infiltrating	no_pmcid
review	Zhang K, Wang Z, He J et al.	Advances in T cell-based immunotherapy for osteosarcoma.	Frontiers in immunology	2026	41727478	10.3389/fimmu.2026.1769847	PMC12916640	https://pmc.ncbi.nlm.nih.gov/articles/PMC12916640/	pdfs/zhang_2026_pmid41727478.pdf	supplements/41727478_PMC12916640/	CAR_gd;tumor_infiltrating;checkpoint;immunosuppression	downloaded_europepmc
review	Stevens G, Blanco-Domínguez R, Mensurado S et al.	γδ T Cells for Cancer Immunotherapy: Unconventional Players Take the Spotlight.	Annual review of immunology	2026	41758917	10.1146/annurev-immunol-083024-024653		https://doi.org/10.1146/annurev-immunol-083024-024653			adoptive_expansion;Vd1;Vd2_Vg9;mechanism_cytotox;checkpoint;immunosuppression	no_pmcid
review	Oh WJ, Cho H, Dahanayake TK et al.	Integrative Roles of NK Receptors and γδ TCRs in γδ T Cell-Mediated Cancer Immunity.	Immune network	2026	41800030	10.4110/in.2026.26.e3	PMC12962833	https://pmc.ncbi.nlm.nih.gov/articles/PMC12962833/	pdfs/oh_2026_pmid41800030.pdf		Vd1;Vd2_Vg9;tumor_infiltrating;mechanism_cytotox	downloaded_europepmc
review	Xiao Y, Liu L, Liu S et al.	Preclinical advances and mechanistic insights of CAR-T therapy for acute myeloid leukemia: from target iteration to microenvironment regulation.	Annals of medicine	2026	41800605	10.1080/07853890.2026.2640457	PMC12973850	https://pmc.ncbi.nlm.nih.gov/articles/PMC12973850/	pdfs/xiao_2026_pmid41800605.pdf		CAR_gd;tumor_infiltrating;checkpoint;immunosuppression;leukemia	downloaded_europepmc
review	Sanjari Pour M, Nasimian A, Kazi JU	Innate-like T Cell Biology in the Tumor Microenvironment Implications for Cancer Immunotherapy.	Cells	2026	41827836	10.3390/cells15050402	PMC12985034	https://pmc.ncbi.nlm.nih.gov/articles/PMC12985034/	pdfs/sanjari_2026_pmid41827836.pdf		phosphoantigen_BTN;tumor_infiltrating;immunosuppression	downloaded_europepmc
review	Solé Casaramona A, Bachmann MF, Sevick-Muraca E et al.	γδ T cells at the interface of innate and adaptive immunity in cancer.	Journal for immunotherapy of cancer	2026	41871873	10.1136/jitc-2025-013668	PMC13052708	https://pmc.ncbi.nlm.nih.gov/articles/PMC13052708/	pdfs/solé_2026_pmid41871873.pdf		phosphoantigen_BTN;adoptive_expansion	downloaded_europepmc
review	Lim BJL, Maher J	Re-Tooling of γδ T Cells for Cancer Immunotherapy Using Advanced Manufacturing and Genetic Engineering.	Cells	2026	41892285	10.3390/cells15060494	PMC13025538	https://pmc.ncbi.nlm.nih.gov/articles/PMC13025538/	pdfs/lim_2026_pmid41892285.pdf		CAR_gd;adoptive_expansion	downloaded_europepmc
review	Karataş RB, Ayaz F, Aydemir E	WC1-mediated co-stimulation in γδ T cells: Insights from ruminants and perspectives for human immunotherapy.	International reviews of immunology	2026	41943519	10.1080/08830185.2026.2650138		https://doi.org/10.1080/08830185.2026.2650138				no_pmcid
review	Vaz-Pinto AM, Prinz I	Functional heterogeneity of γδ T cells in colorectal cancer.	Frontiers in immunology	2026	41953027	10.3389/fimmu.2026.1761668	PMC13055510	https://pmc.ncbi.nlm.nih.gov/articles/PMC13055510/	pdfs/vazpinto_2026_pmid41953027.pdf		phosphoantigen_BTN;Vd1;Vd2_Vg9;tumor_infiltrating;mechanism_cytotox;checkpoint;immunosuppression;colorectal	downloaded_europepmc
review	Burns JS, Gjeta R, Lesný P et al.	Plying potency assays for immunotherapy of solid tumors.	Frontiers in immunology	2026	41953034	10.3389/fimmu.2026.1770222	PMC13053282	https://pmc.ncbi.nlm.nih.gov/articles/PMC13053282/	pdfs/burns_2026_pmid41953034.pdf		CAR_gd;tumor_infiltrating;immunosuppression	downloaded_europepmc
review	Khalili L, Nordmann-Gomes A, Mosca M et al.	"CAR T-cell therapy ""Living drugs"" in systemic lupus erythematosus."	Best practice & research. Clinical rheumatology	2026	41956929	10.1016/j.berh.2026.102141		https://doi.org/10.1016/j.berh.2026.102141			CAR_gd;bispecific_engager;adoptive_expansion	no_pmcid
review	Smid HE, Colotti J, Nölp S et al.	Immunomodulatory functions of glutaminyl cyclases QPCTL and QPCT.	Frontiers in immunology	2026	41988205	10.3389/fimmu.2026.1760809	PMC13077600	https://pmc.ncbi.nlm.nih.gov/articles/PMC13077600/	pdfs/smid_2026_pmid41988205.pdf		phosphoantigen_BTN;tumor_infiltrating	downloaded_europepmc
review	Kabelitz D, Zeissig S	γδ T cells in colorectal and liver cancer.	Nature reviews. Gastroenterology & hepatology	2026	42020818	10.1038/s41575-026-01196-7		https://doi.org/10.1038/s41575-026-01196-7			tumor_infiltrating;mechanism_cytotox;colorectal;hepatocellular	no_pmcid
review	Gao H, Ma T, Jiang Q et al.	Advances in IL-15-Based Cancer Immunotherapy and Divergent Immunological Effects of IL-2 and IL-15 Signaling via the Shared IL-2Rβγ Receptor.	Frontiers in immunology	2026	42039157	10.3389/fimmu.2026.1791059	PMC13106419	https://pmc.ncbi.nlm.nih.gov/articles/PMC13106419/	pdfs/gao_2026_pmid42039157.pdf		CAR_gd;adoptive_expansion;tumor_infiltrating;mechanism_cytotox;checkpoint;immunosuppression;clinical	downloaded_europepmc
review	Ding L, Guo C, Qin Y et al.	Beyond HLA-Ia: A multidimensional framework for Neoantigen immunotherapy.	Cellular immunology	2026	42061113	10.1016/j.cellimm.2026.105112		https://doi.org/10.1016/j.cellimm.2026.105112			tumor_infiltrating;immunosuppression;glioma	no_pmcid
review	Nardo G, Putti F, Indini A et al.	CAR-engineering of innate and innate-like immune cells: a new horizon in adoptive cell therapy for solid tumors.	Journal for immunotherapy of cancer	2026	42082268	10.1136/jitc-2025-014592	PMC13140957	https://pmc.ncbi.nlm.nih.gov/articles/PMC13140957/	pdfs/nardo_2026_pmid42082268.pdf		CAR_gd;adoptive_expansion;tumor_infiltrating;immunosuppression	downloaded_europepmc
review	Zhou X, Zhai M, Zhang Z et al.	Translational potential of γδ T cells in hematologic diseases: from immunobiology to therapeutic innovation.	Frontiers in immunology	2026	42112388	10.3389/fimmu.2026.1775981	PMC13153045	https://pmc.ncbi.nlm.nih.gov/articles/PMC13153045/	pdfs/zhou_2026_pmid42112388.pdf		CAR_gd;adoptive_expansion;tumor_infiltrating;mechanism_cytotox;immunosuppression;leukemia;lymphoma;myeloma	downloaded_europepmc
review	Zhao N, An Y, Guo S et al.	Advances in adoptive cell therapy for ovarian cancer.	Frontiers in immunology	2026	42125650	10.3389/fimmu.2026.1794716	PMC13158199	https://pmc.ncbi.nlm.nih.gov/articles/PMC13158199/	pdfs/zhao_2026_pmid42125650.pdf		CAR_gd;adoptive_expansion;tumor_infiltrating;immunosuppression;clinical;ovarian	downloaded_europepmc
review	Fisher J, Wu Y, Abate-Daga D et al.	Harnessing the potential of γδ T cells through engineering and combination treatment for cancer therapies.	Nature communications	2026	42173864	10.1038/s41467-026-73451-z	PMC13280018	https://pmc.ncbi.nlm.nih.gov/articles/PMC13280018/				not_available_oa
review	Patra S, Shand H, Ghorai S	Beyond conventional therapies: immunotherapeutic strategies targeting HPV-associated cervical cancer.	Immunotherapy	2026	42204874	10.1080/1750743X.2026.2679883	PMC13271318	https://pmc.ncbi.nlm.nih.gov/articles/PMC13271318/			checkpoint	not_available_oa
review	Wistuba-Hamprecht K, Oberg HH, Wesch D	Function and Spatial Organization of Tumor-Invasive Human γδ T Cells-What Do We Know?	European journal of immunology	2025	39623788	10.1002/eji.202451075	PMC11739682	https://pmc.ncbi.nlm.nih.gov/articles/PMC11739682/	pdfs/wistubahamprecht_2025_pmid39623788.pdf		tumor_infiltrating;mechanism_cytotox;checkpoint;immunosuppression	downloaded_europepmc
review	Li YR, Zhou K, Zhu Y et al.	Breaking the mold: Unconventional T cells in cancer therapy.	Cancer cell	2025	39672171	10.1016/j.ccell.2024.11.010		https://doi.org/10.1016/j.ccell.2024.11.010			tumor_infiltrating	no_pmcid
review	Chen X, Sun G, Zhu X	γδ T cells in hematological malignancies: mechanisms and therapeutic strategies.	Blood science (Baltimore, Md.)	2025	39676818	10.1097/BS9.0000000000000213	PMC11637750	https://pmc.ncbi.nlm.nih.gov/articles/PMC11637750/	pdfs/chen_2025_pmid39676818.pdf		bispecific_engager;mechanism_cytotox;clinical	downloaded_europepmc
review	Park WH, Lee HK	Human γδ T cells in the tumor microenvironment: Key insights for advancing cancer immunotherapy.	Molecules and cells	2025	39778860	10.1016/j.mocell.2025.100177	PMC11833627	https://pmc.ncbi.nlm.nih.gov/articles/PMC11833627/	pdfs/park_2025_pmid39778860.pdf		bispecific_engager;Vd1;Vd2_Vg9;tumor_infiltrating	downloaded_europepmc
review	Drum DL, Jallorina AG, Wan LS et al.	Non-Genetic Biomarkers in Merkel Cell Carcinoma: Prognostic Implications and Predictive Utility for Response to Anti-PD-(L)1 Immune Checkpoint Inhibitors.	Experimental dermatology	2025	39791602	10.1111/exd.70030		https://doi.org/10.1111/exd.70030			tumor_infiltrating;mechanism_cytotox;checkpoint;immunosuppression	no_pmcid
review	Shin SK, Mishima Y, Lee Y et al.	"Current Landscape of Adoptive Cell Therapy and Challenge to Develop ""Off-The-Shelf"" Therapy for Hepatocellular Carcinoma."	Journal of gastroenterology and hepatology	2025	39865534	10.1111/jgh.16872		https://doi.org/10.1111/jgh.16872			CAR_gd;adoptive_expansion;tumor_infiltrating;immunosuppression;clinical;hepatocellular	no_pmcid
review	Zhan C, Peng C, Wei H et al.	Diverse Subsets of γδT Cells and Their Specific Functions Across Liver Diseases.	International journal of molecular sciences	2025	40141420	10.3390/ijms26062778	PMC11943347	https://pmc.ncbi.nlm.nih.gov/articles/PMC11943347/	pdfs/zhan_2025_pmid40141420.pdf		adoptive_expansion;Vd1;Vd2_Vg9;tumor_infiltrating;checkpoint;immunosuppression;hepatocellular	downloaded_europepmc
review	Cieslak SG, Shahbazi R	Gamma delta T cells and their immunotherapeutic potential in cancer.	Biomarker research	2025	40148988	10.1186/s40364-025-00762-6	PMC11951843	https://pmc.ncbi.nlm.nih.gov/articles/PMC11951843/	pdfs/cieslak_2025_pmid40148988.pdf		Vd1;Vd2_Vg9;immunosuppression;clinical	downloaded_europepmc
review	Li YR, Zhu Y, Chen Y et al.	The clinical landscape of CAR-engineered unconventional T cells.	Trends in cancer	2025	40155286	10.1016/j.trecan.2025.03.001		https://doi.org/10.1016/j.trecan.2025.03.001			CAR_gd;adoptive_expansion;tumor_infiltrating;clinical	no_pmcid
review	Subhi-Issa N, Tovar Manzano D, Pereiro Rodriguez A et al.	γδ T Cells: Game Changers in Immune Cell Therapy for Cancer.	Cancers	2025	40227601	10.3390/cancers17071063	PMC11987767	https://pmc.ncbi.nlm.nih.gov/articles/PMC11987767/	pdfs/subhiissa_2025_pmid40227601.pdf		adoptive_expansion;tumor_infiltrating;mechanism_cytotox;checkpoint	downloaded_europepmc
review	Tarannum M, Ding X, Barisa M et al.	Engineering innate immune cells for cancer immunotherapy.	Nature biotechnology	2025	40229380	10.1038/s41587-025-02629-5		https://doi.org/10.1038/s41587-025-02629-5				no_pmcid
review	Liu C, Liu N, Zhang T et al.	Adoptive immune cell therapy for colorectal cancer.	Frontiers in immunology	2025	40236691	10.3389/fimmu.2025.1557906	PMC11996668	https://pmc.ncbi.nlm.nih.gov/articles/PMC11996668/	pdfs/liu_2025_pmid40236691.pdf		CAR_gd;adoptive_expansion;tumor_infiltrating;checkpoint;immunosuppression;clinical;colorectal	downloaded_europepmc
review	Biały S, Bogunia-Kubik K	Uncovering the mysteries of human gamma delta T cells: from origins to novel therapeutics.	Frontiers in immunology	2025	40276509	10.3389/fimmu.2025.1543454	PMC12018481	https://pmc.ncbi.nlm.nih.gov/articles/PMC12018481/	pdfs/biały_2025_pmid40276509.pdf			downloaded_europepmc
review	Chauvet M, Bourges D, Scotet E	From ex vivo to in vitro models: towards a novel approach to investigate the efficacy of immunotherapies on exhausted Vγ9Vδ2 T cells?	Frontiers in immunology	2025	40330479	10.3389/fimmu.2025.1556982	PMC12052970	https://pmc.ncbi.nlm.nih.gov/articles/PMC12052970/	pdfs/chauvet_2025_pmid40330479.pdf		adoptive_expansion;Vd2_Vg9;tumor_infiltrating;immunosuppression	downloaded_europepmc
review	Wang L, Li J, Xuan Y et al.	Prospects for γδ T cells and chimeric antigen receptor γδ T cells in cancer immunotherapy.	Frontiers in immunology	2025	40370457	10.3389/fimmu.2025.1554541	PMC12075525	https://pmc.ncbi.nlm.nih.gov/articles/PMC12075525/	pdfs/wang_2025_pmid40370457.pdf		CAR_gd	downloaded_europepmc
review	De Martino S, Capasso B, Cis L et al.	Role of innate immunity in tumor microenvironment of HPV-associated anal cancer: The hypothetical beneficial role of γδ T cells.	Critical reviews in oncology/hematology	2025	40412574	10.1016/j.critrevonc.2025.104771		https://doi.org/10.1016/j.critrevonc.2025.104771			tumor_infiltrating;mechanism_cytotox;immunosuppression	no_pmcid
review	Pinco P, Facciotti F	Unconventional T Cells' Role in Cancer: Unlocking Their Hidden Potential to Guide Tumor Immunity and Therapy.	Cells	2025	40422223	10.3390/cells14100720	PMC12110390	https://pmc.ncbi.nlm.nih.gov/articles/PMC12110390/	pdfs/pinco_2025_pmid40422223.pdf		adoptive_expansion;tumor_infiltrating;immunosuppression	downloaded_europepmc
review	Yang Q, Na J, Qin S et al.	Anticancer mechanisms and applications based on γδ T cells in cancer immunotherapy.	Critical reviews in oncology/hematology	2025	40545068	10.1016/j.critrevonc.2025.104814		https://doi.org/10.1016/j.critrevonc.2025.104814			adoptive_expansion;mechanism_cytotox	no_pmcid
review	Tang J, Wu C, Na J et al.	Mechanisms and Functions of γδ T Cells in Tumor Cell Recognition.	Current oncology (Toronto, Ont.)	2025	40558272	10.3390/curroncol32060329	PMC12192272	https://pmc.ncbi.nlm.nih.gov/articles/PMC12192272/	pdfs/tang_2025_pmid40558272.pdf		phosphoantigen_BTN;Vd2_Vg9	downloaded_europepmc
review	Xian Y, Wen L	CAR Beyond αβ T Cells: Unleashing NK Cells, Macrophages, and γδ T Lymphocytes Against Solid Tumors.	Vaccines	2025	40573985	10.3390/vaccines13060654	PMC12197391	https://pmc.ncbi.nlm.nih.gov/articles/PMC12197391/	pdfs/xian_2025_pmid40573985.pdf		CAR_gd;adoptive_expansion;tumor_infiltrating;immunosuppression	downloaded_europepmc
review	McDougal LM, Baker FL, Gustafson MP et al.	Exercise-mobilized donor lymphocyte infusions enhanced with cytokine stimulation for the prevention and treatment of leukemic relapse after allogeneic hematopoietic cell transplantation.	Frontiers in immunology	2025	40574863	10.3389/fimmu.2025.1563972	PMC12198174	https://pmc.ncbi.nlm.nih.gov/articles/PMC12198174/	pdfs/mcdougal_2025_pmid40574863.pdf		adoptive_expansion;tumor_infiltrating;leukemia	downloaded_europepmc
review	Lee BW, Kwon EJ, Ju JH	Chimeric Antigen Receptor T-cell therapy in systemic autoimmune rheumatic diseases: current insights and future prospects.	Journal of rheumatic diseases	2025	40584766	10.4078/jrd.2024.0122	PMC12202281	https://pmc.ncbi.nlm.nih.gov/articles/PMC12202281/	pdfs/lee_2025_pmid40584766.pdf		CAR_gd;immunosuppression	downloaded_europepmc
review	Azeez SS, Yashooa RK, Smail SW et al.	Advancing CAR-based cell therapies for solid tumours: challenges, therapeutic strategies, and perspectives.	Molecular cancer	2025	40624498	10.1186/s12943-025-02386-8	PMC12232864	https://pmc.ncbi.nlm.nih.gov/articles/PMC12232864/	pdfs/azeez_2025_pmid40624498.pdf		CAR_gd;adoptive_expansion;tumor_infiltrating;immunosuppression	downloaded_europepmc
review	Mansuri N, Mohamed AH, Ahsan M et al.	The immunobiological functions and therapeutic applications of interleukin-17 family in cancer.	Current research in translational medicine	2025	40644929	10.1016/j.retram.2025.103527		https://doi.org/10.1016/j.retram.2025.103527			immunosuppression	no_pmcid
review	Wang T, Wang H, Lv R et al.	The role of γδ T cells and CAR-γδ T cell therapy in autoimmune diseases.	Autoimmunity reviews	2025	40681068	10.1016/j.autrev.2025.103883		https://doi.org/10.1016/j.autrev.2025.103883			CAR_gd	no_pmcid
review	Tsahouridis O, Xu M, Song F et al.	The landscape of CAR-engineered innate immune cells for cancer immunotherapy.	Nature cancer	2025	40681797	10.1038/s43018-025-01015-z		https://doi.org/10.1038/s43018-025-01015-z			CAR_gd	no_pmcid
review	Laub A, Rodrigues de Almeida N, Huang S	Unconventional T cells in anti-cancer immunity.	Frontiers in immunology	2025	40746558	10.3389/fimmu.2025.1618393	PMC12310680	https://pmc.ncbi.nlm.nih.gov/articles/PMC12310680/	pdfs/laub_2025_pmid40746558.pdf		CAR_gd;adoptive_expansion;tumor_infiltrating;checkpoint;immunosuppression;glioma;colorectal;lung	downloaded_europepmc
review	Agbuduwe C, Maher J, Anderson J	Harnessing the immunotherapeutic potentials of gamma delta T cells against hematological malignancies.	HemaSphere	2025	40785982	10.1002/hem3.70182	PMC12331877	https://pmc.ncbi.nlm.nih.gov/articles/PMC12331877/	pdfs/agbuduwe_2025_pmid40785982.pdf		aminobisphosphonate;adoptive_expansion;Vd1;Vd2_Vg9;clinical	downloaded_europepmc
review	Dieli C, Maugeri R, Corsale AM et al.	γδ T Cells in Glioblastoma Multiforme: Novel Roles and Therapeutic Opportunities.	Cancers	2025	40867289	10.3390/cancers17162660	PMC12384558	https://pmc.ncbi.nlm.nih.gov/articles/PMC12384558/	pdfs/dieli_2025_pmid40867289.pdf		adoptive_expansion;tumor_infiltrating;mechanism_cytotox;checkpoint;immunosuppression;glioma	downloaded_europepmc
review	Alturki M, Alshehri AA, Aldossary AM et al.	Unconventional Immunotherapies in Cancer: Opportunities and Challenges.	Pharmaceuticals (Basel, Switzerland)	2025	40872545	10.3390/ph18081154	PMC12389353	https://pmc.ncbi.nlm.nih.gov/articles/PMC12389353/	pdfs/alturki_2025_pmid40872545.pdf		CAR_gd;bispecific_engager;adoptive_expansion;tumor_infiltrating;checkpoint;immunosuppression	downloaded_europepmc
review	Jiang N, Yang Z, Miao H et al.	Recent advances in universal chimeric antigen receptor T cell therapy.	Journal of hematology & oncology	2025	40883768	10.1186/s13045-025-01737-8	PMC12398156	https://pmc.ncbi.nlm.nih.gov/articles/PMC12398156/	pdfs/jiang_2025_pmid40883768.pdf		CAR_gd;adoptive_expansion;tumor_infiltrating;clinical	downloaded_europepmc
review	Guo R, Chen Y, Lin P et al.	γδ T cells: Dual function in modulating inflammation-cancer transition in colorectal carcinogenesis.	Critical reviews in oncology/hematology	2025	40939913	10.1016/j.critrevonc.2025.104931		https://doi.org/10.1016/j.critrevonc.2025.104931			mechanism_cytotox;immunosuppression;clinical;colorectal	no_pmcid
review	Andreou T, Neophytou C, Mpekris F et al.	Expanding Immunotherapy Beyond CAR T Cells: Engineering Diverse Immune Cells to Target Solid Tumors.	Cancers	2025	40941014	10.3390/cancers17172917	PMC12427656	https://pmc.ncbi.nlm.nih.gov/articles/PMC12427656/	pdfs/andreou_2025_pmid40941014.pdf		CAR_gd;adoptive_expansion;tumor_infiltrating;mechanism_cytotox;immunosuppression	downloaded_europepmc
review	Wang S, Lu X	γδ T cells in prostate cancer.	International review of cell and molecular biology	2025	41110898	10.1016/bs.ircmb.2025.08.001		https://doi.org/10.1016/bs.ircmb.2025.08.001			phosphoantigen_BTN;aminobisphosphonate;tumor_infiltrating;mechanism_cytotox;immunosuppression;prostate	no_pmcid
review	Bordoni V, Guarracino F, Lorusso A et al.	The antiviral potential of Vγ9Vδ2 T cells: Therapeutic implications for immunocompromised adult and pediatric hosts.	International review of cell and molecular biology	2025	41110900	10.1016/bs.ircmb.2025.03.004		https://doi.org/10.1016/bs.ircmb.2025.03.004			CAR_gd;bispecific_engager;adoptive_expansion;Vd2_Vg9;mechanism_cytotox;immunosuppression	no_pmcid
review	Peng J, Qiu H, Bu LL et al.	γδ T cells and head and neck squamous cell carcinoma.	International review of cell and molecular biology	2025	41110901	10.1016/bs.ircmb.2025.03.005		https://doi.org/10.1016/bs.ircmb.2025.03.005			tumor_infiltrating	no_pmcid
review	Múnera-Rodríguez AM, Leiva-Castro C, Chacón P et al.	Unraveling the role of γδ T cells in inflammatory bowel disease: Development and prevention strategies.	International review of cell and molecular biology	2025	41110902	10.1016/bs.ircmb.2025.03.006		https://doi.org/10.1016/bs.ircmb.2025.03.006			immunosuppression;colorectal	no_pmcid
review	Chacón P, Múnera-Rodríguez AM, Leiva-Castro C et al.	γδ T cells: Beyond being simple actors in allergic disease.	International review of cell and molecular biology	2025	41110903	10.1016/bs.ircmb.2025.03.007		https://doi.org/10.1016/bs.ircmb.2025.03.007			tumor_infiltrating;immunosuppression	no_pmcid
review	Silva-Romeiro S, Sánchez-León ML, Jiménez-Cortegana C et al.	Gamma-delta T cells in breast cancer: Dual role in tumor immunity and emerging therapeutic approaches.	International review of cell and molecular biology	2025	41161891	10.1016/bs.ircmb.2025.08.013		https://doi.org/10.1016/bs.ircmb.2025.08.013			CAR_gd;adoptive_expansion;Vd1;tumor_infiltrating;mechanism_cytotox;checkpoint;immunosuppression;breast	no_pmcid
review	Lehman N, Zarobkiewicz M	Expansion strategies for Vδ2 γδT cells in cancer immunotherapy: Activation, cytokines, and culture conditions.	World journal of clinical oncology	2025	41178934	10.5306/wjco.v16.i10.110466	PMC12576537	https://pmc.ncbi.nlm.nih.gov/articles/PMC12576537/	pdfs/lehman_2025_pmid41178934.pdf		adoptive_expansion;Vd2_Vg9;mechanism_cytotox	downloaded_europepmc
review	Hou Y, Hu S, Liu C et al.	Beyond CAR-T Cells: exploring CAR-NK, CAR-M, and CAR-γδ T strategies in solid tumor immunotherapy.	Frontiers in immunology	2025	41181137	10.3389/fimmu.2025.1675807	PMC12571916	https://pmc.ncbi.nlm.nih.gov/articles/PMC12571916/	pdfs/hou_2025_pmid41181137.pdf		CAR_gd;adoptive_expansion;tumor_infiltrating;mechanism_cytotox;immunosuppression;glioma;pancreatic;ovarian	downloaded_europepmc
review	Chen Y, Niu S, Li YR et al.	Innovative gene engineering strategies to address tumor antigen escape in cell therapy.	Journal of translational medicine	2025	41194129	10.1186/s12967-025-07259-8	PMC12587523	https://pmc.ncbi.nlm.nih.gov/articles/PMC12587523/	pdfs/chen_2025_pmid41194129.pdf		CAR_gd;bispecific_engager;adoptive_expansion;immunosuppression	downloaded_europepmc
review	Wang Y	Advances in cancer immunotherapy and future directions in personalized medicine.	Open life sciences	2025	41211067	10.1515/biol-2025-1179	PMC12596039	https://pmc.ncbi.nlm.nih.gov/articles/PMC12596039/	pdfs/wang_2025_pmid41211067.pdf		CAR_gd;adoptive_expansion;tumor_infiltrating;checkpoint;immunosuppression;clinical	downloaded_europepmc
review	Huang ZH, He R	T-Cell Responses and T-Cell-Based Therapy in Acute Myeloid Leukemia.	Current medical science	2025	41247654	10.1007/s11596-025-00121-4		https://doi.org/10.1007/s11596-025-00121-4			CAR_gd;checkpoint;leukemia	no_pmcid
review	Lopatnikova JA, Sennikov SV	Bispecific immunotherapy based on antibodies, T-cell receptors, and aptamers: mechanisms of action, adverse effects, and future perspectives.	Frontiers in immunology	2025	41262250	10.3389/fimmu.2025.1679092	PMC12623346	https://pmc.ncbi.nlm.nih.gov/articles/PMC12623346/	pdfs/lopatnikova_2025_pmid41262250.pdf		CAR_gd;bispecific_engager;adoptive_expansion;tumor_infiltrating;checkpoint;clinical;melanoma	downloaded_europepmc
review	Zhang Y, Liu J, Yao J et al.	Mechanisms and Applications of γδ T Cells in Anti-Tumor Immunity.	Cancer control : journal of the Moffitt Cancer Center	2025	41275867	10.1177/10732748251399242	PMC12641087	https://pmc.ncbi.nlm.nih.gov/articles/PMC12641087/	pdfs/zhang_2025_pmid41275867.pdf		mechanism_cytotox;clinical	downloaded_europepmc
review	Wang B, Li Q, Wang Q	γδ T cells in diabetes mellitus: dual roles and therapeutic implications.	Frontiers in immunology	2025	41341586	10.3389/fimmu.2025.1693466	PMC12669179	https://pmc.ncbi.nlm.nih.gov/articles/PMC12669179/	pdfs/wang_2025_pmid41341586.pdf		mechanism_cytotox;pancreatic	downloaded_europepmc
review	Qian Y, Ma W, Xu XN	Breakthrough for Anticancer Immunotherapy: Current Advances in Manufacturing Protocols of Chimeric Antigen Receptor-Based Therapies.	Antibodies (Basel, Switzerland)	2025	41440494	10.3390/antib14040105	PMC12729537	https://pmc.ncbi.nlm.nih.gov/articles/PMC12729537/	pdfs/qian_2025_pmid41440494.pdf		CAR_gd;adoptive_expansion	downloaded_europepmc
review	Segura Tudela A, Geller R, Paiva B et al.	The Rise of Fine-Tuned CAR-Based Therapies Against Acute Myeloid Leukemia.	Cancers	2025	41463143	10.3390/cancers17243892	PMC12730820	https://pmc.ncbi.nlm.nih.gov/articles/PMC12730820/	pdfs/segura_2025_pmid41463143.pdf		CAR_gd;adoptive_expansion;tumor_infiltrating;leukemia	downloaded_europepmc
review	Osborne M, Maher J	Prospects for Development and Commercialisation of Allogeneic CAR-Based Therapies for Autoimmune Disease.	Biology	2025	41463563	10.3390/biology14121790	PMC12730949	https://pmc.ncbi.nlm.nih.gov/articles/PMC12730949/	pdfs/osborne_2025_pmid41463563.pdf		CAR_gd;adoptive_expansion	downloaded_europepmc
review	Bulygin A, Golikova E, Sennikov S	Development of αβ and γδ T Cells in the Thymus and Methods of Analysis.	International journal of molecular sciences	2025	41465366	10.3390/ijms262411939	PMC12732767	https://pmc.ncbi.nlm.nih.gov/articles/PMC12732767/	pdfs/bulygin_2025_pmid41465366.pdf		immunosuppression	downloaded_europepmc
review	Edwards DN, Patel S, Pagnotti GM	Cutting edge developments in bone oncology - Highlights from the Cancer and Bone Society 2024 annual meeting.	Journal of bone oncology	2025	41466841	10.1016/j.jbo.2025.100724	PMC12744723	https://pmc.ncbi.nlm.nih.gov/articles/PMC12744723/	pdfs/edwards_2025_pmid41466841.pdf		CAR_gd;aminobisphosphonate;tumor_infiltrating;myeloma;prostate;renal	downloaded_europepmc
review	Fang X, Yan S, He L et al.	CAR-γδ T cells: a new paradigm of programmable innate immune sentinels and their systemic applications in cancer and beyond.	Frontiers in immunology	2025	41488642	10.3389/fimmu.2025.1735763	PMC12757390	https://pmc.ncbi.nlm.nih.gov/articles/PMC12757390/	pdfs/fang_2025_pmid41488642.pdf		CAR_gd;tumor_infiltrating;immunosuppression	downloaded_europepmc
review	Feng Y, Yang Z, Zhou Y et al.	From innate-like to innate: the next wave of off-the-shelf CAR immunotherapies.	Frontiers in immunology	2025	41583436	10.3389/fimmu.2025.1691743	PMC12827610	https://pmc.ncbi.nlm.nih.gov/articles/PMC12827610/	pdfs/feng_2025_pmid41583436.pdf		CAR_gd;adoptive_expansion	downloaded_europepmc
review	Garcia-Robledo JE, Cabrera-Salcedo S, Brandauer AM et al.	Engineering the next generation of CAR T- cells: precision modifications, logic gates and universal strategies to overcome exhaustion and tumor resistance.	Frontiers in oncology	2025	41584599	10.3389/fonc.2025.1698442	PMC12827139	https://pmc.ncbi.nlm.nih.gov/articles/PMC12827139/	pdfs/garciarobledo_2025_pmid41584599.pdf		CAR_gd;adoptive_expansion;tumor_infiltrating;checkpoint;immunosuppression	downloaded_europepmc
review	Woessner NM, Uleri V, Stepanek O et al.	The TCR and LCK: foundations for T-cell activation and therapeutic innovation.	Frontiers in immunology	2025	41601693	10.3389/fimmu.2025.1737013	PMC12832860	https://pmc.ncbi.nlm.nih.gov/articles/PMC12832860/	pdfs/woessner_2025_pmid41601693.pdf		CAR_gd;immunosuppression	downloaded_europepmc
review	Zhao Y, Dong P, He W et al.	γδ T cells: Major advances in basic and clinical research in tumor immunotherapy.	Chinese medical journal	2024	37592858	10.1097/CM9.0000000000002781	PMC10766231	https://pmc.ncbi.nlm.nih.gov/articles/PMC10766231/	pdfs/zhao_2024_pmid37592858.pdf		mechanism_cytotox;clinical;leukemia	downloaded_europepmc
review	Miyahira AK, Soule HR	The 29th Annual Prostate Cancer Foundation Scientific Retreat Report.	The Prostate	2024	37915138	10.1002/pros.24640		https://doi.org/10.1002/pros.24640			tumor_infiltrating;clinical;prostate	no_pmcid
review	Li X, Zhu Y, Yi J et al.	Adoptive cell immunotherapy for breast cancer: harnessing the power of immune cells.	Journal of leukocyte biology	2024	37949484	10.1093/jleuko/qiad144		https://doi.org/10.1093/jleuko/qiad144			CAR_gd;adoptive_expansion;tumor_infiltrating;clinical;breast	no_pmcid
review	Wang Y, Suarez ER, Kastrunes G et al.	Evolution of cell therapy for renal cell carcinoma.	Molecular cancer	2024	38195534	10.1186/s12943-023-01911-x	PMC10775455	https://pmc.ncbi.nlm.nih.gov/articles/PMC10775455/	pdfs/wang_2024_pmid38195534.pdf		CAR_gd;adoptive_expansion;immunosuppression;renal	downloaded_europepmc
review	Papadakos SP, Arvanitakis K, Stergiou IE et al.	γδ T Cells: A Game Changer in the Future of Hepatocellular Carcinoma Immunotherapy.	International journal of molecular sciences	2024	38338658	10.3390/ijms25031381	PMC10855397	https://pmc.ncbi.nlm.nih.gov/articles/PMC10855397/	pdfs/papadakos_2024_pmid38338658.pdf		tumor_infiltrating;hepatocellular	downloaded_europepmc
review	Revesz IA, Joyce P, Ebert LM et al.	Effective γδ T-cell clinical therapies: current limitations and future perspectives for cancer immunotherapy.	Clinical & translational immunology	2024	38375329	10.1002/cti2.1492	PMC10875631	https://pmc.ncbi.nlm.nih.gov/articles/PMC10875631/	pdfs/revesz_2024_pmid38375329.pdf		tumor_infiltrating;checkpoint;immunosuppression;clinical	downloaded_europepmc
review	Rao A, Agrawal A, Borthakur G et al.	Gamma delta T cells in acute myeloid leukemia: biology and emerging therapeutic strategies.	Journal for immunotherapy of cancer	2024	38417915	10.1136/jitc-2023-007981	PMC10900322	https://pmc.ncbi.nlm.nih.gov/articles/PMC10900322/	pdfs/rao_2024_pmid38417915.pdf		phosphoantigen_BTN;bispecific_engager;adoptive_expansion;Vd1;Vd2_Vg9;mechanism_cytotox;clinical;leukemia	downloaded_europepmc
review	Yin KL, Chu KJ, Li M et al.	Immune Regulatory Networks and Therapy of γδ T Cells in Liver Cancer: Recent Trends and Advancements.	Journal of clinical and translational hepatology	2024	38426194	10.14218/JCTH.2023.00355	PMC10899867	https://pmc.ncbi.nlm.nih.gov/articles/PMC10899867/	pdfs/yin_2024_pmid38426194.pdf		mechanism_cytotox;immunosuppression;hepatocellular	downloaded_europepmc
review	Peng S, Lin A, Jiang A et al.	CTLs heterogeneity and plasticity: implications for cancer immunotherapy.	Molecular cancer	2024	38515134	10.1186/s12943-024-01972-6	PMC10956324	https://pmc.ncbi.nlm.nih.gov/articles/PMC10956324/	pdfs/peng_2024_pmid38515134.pdf		mechanism_cytotox	downloaded_europepmc
review	Conejo-Garcia JR, Anadon CM, Lopez-Bailon LU et al.	Harnessing γδ T Cells against Human Gynecologic Cancers.	Life (Basel, Switzerland)	2024	38541651	10.3390/life14030325	PMC10971800	https://pmc.ncbi.nlm.nih.gov/articles/PMC10971800/	pdfs/conejogarcia_2024_pmid38541651.pdf		CAR_gd;adoptive_expansion;tumor_infiltrating;checkpoint;immunosuppression;ovarian	downloaded_europepmc
review	Philippova J, Shevchenko J, Sennikov S	GD2-targeting therapy: a comparative analysis of approaches and promising directions.	Frontiers in immunology	2024	38558810	10.3389/fimmu.2024.1371345	PMC10979305	https://pmc.ncbi.nlm.nih.gov/articles/PMC10979305/	pdfs/philippova_2024_pmid38558810.pdf		CAR_gd;adoptive_expansion;tumor_infiltrating	downloaded_europepmc
review	Kabelitz D, Cierna L, Juraske C et al.	Empowering γδ T-cell functionality with vitamin C.	European journal of immunology	2024	38616772	10.1002/eji.202451028		https://doi.org/10.1002/eji.202451028			adoptive_expansion;mechanism_cytotox;colorectal	no_pmcid
review	Yuan G, Ye M, Zhang Y et al.	Challenges and strategies in relation to effective CAR-T cell immunotherapy for solid tumors.	Medical oncology (Northwood, London, England)	2024	38652178	10.1007/s12032-024-02310-y		https://doi.org/10.1007/s12032-024-02310-y			CAR_gd;tumor_infiltrating	no_pmcid
review	Li Y, Sharma A, Schmidt-Wolf IGH	Evolving insights into the improvement of adoptive T-cell immunotherapy through PD-1/PD-L1 blockade in the clinical spectrum of lung cancer.	Molecular cancer	2024	38659003	10.1186/s12943-023-01926-4	PMC11040940	https://pmc.ncbi.nlm.nih.gov/articles/PMC11040940/	pdfs/li_2024_pmid38659003.pdf		CAR_gd;adoptive_expansion;checkpoint;lung	downloaded_europepmc
review	Wu J	Emerging Innate Immune Cells in Cancer Immunotherapy: Promises and Challenges.	BioDrugs : clinical immunotherapeutics, biopharmaceuticals and gene therapy	2024	38700835	10.1007/s40259-024-00657-2	PMC11246812	https://pmc.ncbi.nlm.nih.gov/articles/PMC11246812/	pdfs/wu_2024_pmid38700835.pdf		CAR_gd;adoptive_expansion;checkpoint;leukemia	downloaded_europepmc
review	Tamuli B, Sharma S, Patkar M et al.	Key players of immunosuppression in epithelial malignancies: Tumor-infiltrating myeloid cells and γδ T cells.	Cancer reports (Hoboken, N.J.)	2024	38703051	10.1002/cnr2.2066	PMC11069128	https://pmc.ncbi.nlm.nih.gov/articles/PMC11069128/	pdfs/tamuli_2024_pmid38703051.pdf		tumor_infiltrating;immunosuppression	downloaded_europepmc
review	Yu X, Wang L, Niu Z et al.	Controversial role of γδ T cells in colorectal cancer.	American journal of cancer research	2024	38726287	10.62347/HWMB1163	PMC11076236	https://pmc.ncbi.nlm.nih.gov/articles/PMC11076236/	pdfs/yu_2024_pmid38726287.pdf		tumor_infiltrating;colorectal	downloaded_europepmc
review	Thomas P, Paris P, Pecqueur C	Arming Vδ2 T Cells with Chimeric Antigen Receptors to Combat Cancer.	Clinical cancer research : an official journal of the American Association for Cancer Research	2024	38747974	10.1158/1078-0432.CCR-23-3495	PMC11292201	https://pmc.ncbi.nlm.nih.gov/articles/PMC11292201/	pdfs/thomas_2024_pmid38747974.pdf		CAR_gd;Vd2_Vg9	downloaded_europepmc
review	Locatelli F, Del Bufalo F, Quintarelli C	Allogeneic chimeric antigen receptor T cells for children with relapsed/refractory B-cell precursor acute lymphoblastic leukemia.	Haematologica	2024	38832424	10.3324/haematol.2023.284604	PMC11141659	https://pmc.ncbi.nlm.nih.gov/articles/PMC11141659/	pdfs/locatelli_2024_pmid38832424.pdf		CAR_gd;adoptive_expansion;leukemia;myeloma	downloaded_europepmc
review	Liu J, Wu M, Yang Y et al.	γδ T cells and the PD-1/PD-L1 axis: a love-hate relationship in the tumor microenvironment.	Journal of translational medicine	2024	38858763	10.1186/s12967-024-05327-z	PMC11163710	https://pmc.ncbi.nlm.nih.gov/articles/PMC11163710/	pdfs/liu_2024_pmid38858763.pdf		adoptive_expansion;tumor_infiltrating;mechanism_cytotox;checkpoint;immunosuppression	downloaded_europepmc
review	Chawla SP, VAN Tine B, Federman N et al.	Proceedings of the Think Tank for Osteosarcoma Medical Advisory Board.	Anticancer research	2024	38925853	10.21873/anticanres.17139		https://doi.org/10.21873/anticanres.17139			CAR_gd;clinical	no_pmcid
review	Li W, Zhao X, Ren C et al.	The therapeutic role of γδT cells in TNBC.	Frontiers in immunology	2024	38933280	10.3389/fimmu.2024.1420107	PMC11199784	https://pmc.ncbi.nlm.nih.gov/articles/PMC11199784/	pdfs/li_2024_pmid38933280.pdf		adoptive_expansion;Vd1;Vd2_Vg9;mechanism_cytotox;breast	downloaded_europepmc
review	Mehdikhani F, Bahar A, Bashi M et al.	From immunomodulation to therapeutic prospects: Unveiling the biology of butyrophilins in cancer.	Cell biochemistry and function	2024	38934382	10.1002/cbf.4081		https://doi.org/10.1002/cbf.4081			phosphoantigen_BTN;Vd2_Vg9;tumor_infiltrating;immunosuppression	no_pmcid
review	Hua S, Gu X, Jin H et al.	Tumor-infiltrating T lymphocytes: A promising immunotherapeutic target for preventing immune escape in cholangiocarcinoma.	Biomedicine & pharmacotherapy = Biomedecine & pharmacotherapie	2024	38972151	10.1016/j.biopha.2024.117080		https://doi.org/10.1016/j.biopha.2024.117080			CAR_gd;tumor_infiltrating;mechanism_cytotox;checkpoint;immunosuppression	no_pmcid
review	Gheitasi M, Safdel S, Kumar Patra S et al.	Generation of immune cells from induced pluripotent stem cells (iPSCs): Their potential for adoptive cell therapy.	Human immunology	2024	38981248	10.1016/j.humimm.2024.110836		https://doi.org/10.1016/j.humimm.2024.110836			adoptive_expansion;immunosuppression	no_pmcid
review	Arias-Badia M, Chang R, Fong L	γδ T cells as critical anti-tumor immune effectors.	Nature cancer	2024	39060435	10.1038/s43018-024-00798-x		https://doi.org/10.1038/s43018-024-00798-x			immunosuppression	no_pmcid
review	Nguyen NTT, Müller R, Briukhovetska D et al.	The Spectrum of CAR Cellular Effectors: Modes of Action in Anti-Tumor Immunity.	Cancers	2024	39061247	10.3390/cancers16142608	PMC11274444	https://pmc.ncbi.nlm.nih.gov/articles/PMC11274444/	pdfs/nguyen_2024_pmid39061247.pdf		CAR_gd;adoptive_expansion;tumor_infiltrating	downloaded_europepmc
review	Tang C, Zhang Y	Potential alternatives to αβ-T cells to prevent graft-versus-host disease (GvHD) in allogeneic chimeric antigen receptor (CAR)-based cancer immunotherapy: A comprehensive review.	Pathology, research and practice	2024	39146830	10.1016/j.prp.2024.155518		https://doi.org/10.1016/j.prp.2024.155518			CAR_gd;adoptive_expansion;clinical	no_pmcid
review	Herrmann T, Karunakaran MM	Phosphoantigen recognition by Vγ9Vδ2 T cells.	European journal of immunology	2024	39148158	10.1002/eji.202451068		https://doi.org/10.1002/eji.202451068			phosphoantigen_BTN;aminobisphosphonate;Vd2_Vg9	no_pmcid
review	Bottino C, Picant V, Vivier E et al.	Natural killer cells and engagers: Powerful weapons against cancer.	Immunological reviews	2024	39180430	10.1111/imr.13384	PMC11659922	https://pmc.ncbi.nlm.nih.gov/articles/PMC11659922/	pdfs/bottino_2024_pmid39180430.pdf		bispecific_engager;adoptive_expansion;tumor_infiltrating;mechanism_cytotox;checkpoint;immunosuppression	downloaded_europepmc
review	Schamel WW, Zintchenko M, Nguyen T et al.	The potential of γδ CAR and TRuC T cells: An unearthed treasure.	European journal of immunology	2024	39192467	10.1002/eji.202451074		https://doi.org/10.1002/eji.202451074			CAR_gd	no_pmcid
review	Zhu D, Ren X, Xie W et al.	Potential of gamma/delta T cells for solid tumor immunotherapy.	Frontiers in immunology	2024	39253082	10.3389/fimmu.2024.1466266	PMC11381238	https://pmc.ncbi.nlm.nih.gov/articles/PMC11381238/	pdfs/zhu_2024_pmid39253082.pdf		CAR_gd;phosphoantigen_BTN;adoptive_expansion;mechanism_cytotox;checkpoint;clinical	downloaded_europepmc
review	Pellicci DG, Tavakolinia N, Perriman L et al.	Thymic development of human natural killer T cells: recent advances and implications for immunotherapy.	Frontiers in immunology	2024	39267746	10.3389/fimmu.2024.1441634	PMC11390520	https://pmc.ncbi.nlm.nih.gov/articles/PMC11390520/	pdfs/pellicci_2024_pmid39267746.pdf		Vd2_Vg9	downloaded_europepmc
review	Ng JWK, Cheung AMS	γδ T-cells in human malignancies: insights from single-cell studies and analytical considerations.	Frontiers in immunology	2024	39281674	10.3389/fimmu.2024.1438962	PMC11392790	https://pmc.ncbi.nlm.nih.gov/articles/PMC11392790/	pdfs/ng_2024_pmid39281674.pdf		tumor_infiltrating;immunosuppression	downloaded_europepmc
review	Hayday A, Dechanet-Merville J, Rossjohn J et al.	Cancer immunotherapy by γδ T cells.	Science (New York, N.Y.)	2024	39361750	10.1126/science.abq7248	PMC7616870	https://pmc.ncbi.nlm.nih.gov/articles/PMC7616870/	pdfs/hayday_2024_pmid39361750.pdf		adoptive_expansion;clinical;melanoma	downloaded_europepmc
review	Pan L, Zhou Y, Kuang Y et al.	Progress of research on γδ T cells in colorectal cancer (Review).	Oncology reports	2024	39364743	10.3892/or.2024.8819	PMC11478060	https://pmc.ncbi.nlm.nih.gov/articles/PMC11478060/	pdfs/pan_2024_pmid39364743.pdf		Vd1;Vd2_Vg9;tumor_infiltrating;checkpoint;immunosuppression;colorectal	downloaded_europepmc
review	Yu J, Yang Y, Gu Z et al.	CAR immunotherapy in autoimmune diseases: promises and challenges.	Frontiers in immunology	2024	39411714	10.3389/fimmu.2024.1461102	PMC11473342	https://pmc.ncbi.nlm.nih.gov/articles/PMC11473342/	pdfs/yu_2024_pmid39411714.pdf		CAR_gd;immunosuppression;clinical;leukemia;lymphoma;myeloma	downloaded_europepmc
review	Chaoul N, Lauricella E, Giglio A et al.	The future of cellular therapy for the treatment of renal cell carcinoma.	Expert opinion on biological therapy	2024	39485013	10.1080/14712598.2024.2418321		https://doi.org/10.1080/14712598.2024.2418321			CAR_gd;adoptive_expansion;tumor_infiltrating;checkpoint;renal	no_pmcid
review	Lv R, Guo Y, Liu W et al.	Revolutionizing cancer treatment: the emerging potential and potential challenges of in vivo self-processed CAR cell therapy.	Theranostics	2024	39659573	10.7150/thno.101941	PMC11626932	https://pmc.ncbi.nlm.nih.gov/articles/PMC11626932/	pdfs/lv_2024_pmid39659573.pdf		CAR_gd;adoptive_expansion	downloaded_europepmc
review	Lim WK, Iyer NG	A GD (Gamma-Delta) type of cancel culture.	Immuno-oncology technology	2024	39717204	10.1016/j.iotech.2024.100740	PMC11664092	https://pmc.ncbi.nlm.nih.gov/articles/PMC11664092/	pdfs/lim_2024_pmid39717204.pdf		CAR_gd;adoptive_expansion;tumor_infiltrating	downloaded_europepmc
review	Luo X, Lv Y, Yang J et al.	Gamma delta T cells in cancer therapy: from tumor recognition to novel treatments.	Frontiers in medicine	2024	39748921	10.3389/fmed.2024.1480191	PMC11693687	https://pmc.ncbi.nlm.nih.gov/articles/PMC11693687/	pdfs/luo_2024_pmid39748921.pdf		adoptive_expansion;Vd1;Vd2_Vg9;tumor_infiltrating	downloaded_europepmc
review	Ganapathy T, Radhakrishnan R, Sakshi S et al.	CAR γδ T cells for cancer immunotherapy. Is the field more yellow than green?	Cancer immunology, immunotherapy : CII	2023	35960333	10.1007/s00262-022-03260-y	PMC10992831	https://pmc.ncbi.nlm.nih.gov/articles/PMC10992831/	pdfs/ganapathy_2023_pmid35960333.pdf		CAR_gd;adoptive_expansion;clinical;lymphoma	downloaded_europepmc
review	Zhang T, Wang J, Zhao A et al.	The way of interaction between Vγ9Vδ2 T cells and tumor cells.	Cytokine	2023	36527892	10.1016/j.cyto.2022.156108		https://doi.org/10.1016/j.cyto.2022.156108			phosphoantigen_BTN;Vd2_Vg9;mechanism_cytotox	no_pmcid
review	Mensurado S, Blanco-Domínguez R, Silva-Santos B	The emerging roles of γδ T cells in cancer immunotherapy.	Nature reviews. Clinical oncology	2023	36624304	10.1038/s41571-022-00722-1		https://doi.org/10.1038/s41571-022-00722-1			Vd1;Vd2_Vg9;tumor_infiltrating	no_pmcid
review	Du Z, Zhu S, Zhang X et al.	Non-Conventional Allogeneic Anti-BCMA Chimeric Antigen Receptor-Based Immune Cell Therapies for Multiple Myeloma Treatment.	Cancers	2023	36765526	10.3390/cancers15030567	PMC9913487	https://pmc.ncbi.nlm.nih.gov/articles/PMC9913487/	pdfs/du_2023_pmid36765526.pdf		CAR_gd;adoptive_expansion;immunosuppression;clinical;leukemia;myeloma	downloaded_europepmc
review	Wu Y, Yuan M, Wang C et al.	T lymphocyte cell: A pivotal player in lung cancer.	Frontiers in immunology	2023	36776832	10.3389/fimmu.2023.1102778	PMC9911803	https://pmc.ncbi.nlm.nih.gov/articles/PMC9911803/	pdfs/wu_2023_pmid36776832.pdf		tumor_infiltrating;mechanism_cytotox;immunosuppression;clinical;lung	downloaded_europepmc
review	Gao Z, Bai Y, Lin A et al.	Gamma delta T-cell-based immune checkpoint therapy: attractive candidate for antitumor treatment.	Molecular cancer	2023	36793048	10.1186/s12943-023-01722-0	PMC9930367	https://pmc.ncbi.nlm.nih.gov/articles/PMC9930367/	pdfs/gao_2023_pmid36793048.pdf		tumor_infiltrating;mechanism_cytotox;checkpoint;immunosuppression	downloaded_europepmc
review	Corsale AM, Di Simone M, Lo Presti E et al.	γδ T cells and their clinical application in colon cancer.	Frontiers in immunology	2023	36793708	10.3389/fimmu.2023.1098847	PMC9923022	https://pmc.ncbi.nlm.nih.gov/articles/PMC9923022/	pdfs/corsale_2023_pmid36793708.pdf		adoptive_expansion;clinical;colorectal	downloaded_europepmc
review	Cazzetta V, Depierreux D, Colucci F et al.	NKG2A Immune Checkpoint in Vδ2 T Cells: Emerging Application in Cancer Immunotherapy.	Cancers	2023	36831606	10.3390/cancers15041264	PMC9954046	https://pmc.ncbi.nlm.nih.gov/articles/PMC9954046/	pdfs/cazzetta_2023_pmid36831606.pdf		Vd2_Vg9;tumor_infiltrating;checkpoint	downloaded_europepmc
review	Fang Y, Zhu Y, Kramer A et al.	Graft-versus-Host Disease Modulation by Innate T Cells.	International journal of molecular sciences	2023	36835495	10.3390/ijms24044084	PMC9962599	https://pmc.ncbi.nlm.nih.gov/articles/PMC9962599/	pdfs/fang_2023_pmid36835495.pdf		adoptive_expansion	downloaded_europepmc
review	Li YR, Dunn ZS, Yu Y et al.	Advancing cell-based cancer immunotherapy through stem cell engineering.	Cell stem cell	2023	36948187	10.1016/j.stem.2023.02.009	PMC10164150	https://pmc.ncbi.nlm.nih.gov/articles/PMC10164150/			CAR_gd;adoptive_expansion;clinical	not_available_oa
review	Ma L, Feng Y, Zhou Z	A close look at current γδ T-cell immunotherapy.	Frontiers in immunology	2023	37063836	10.3389/fimmu.2023.1140623	PMC10102511	https://pmc.ncbi.nlm.nih.gov/articles/PMC10102511/	pdfs/ma_2023_pmid37063836.pdf		adoptive_expansion;clinical;leukemia	downloaded_europepmc
review	Giannotta C, Autino F, Massaia M	Vγ9Vδ2 T-cell immunotherapy in blood cancers: ready for prime time?	Frontiers in immunology	2023	37143664	10.3389/fimmu.2023.1167443	PMC10153673	https://pmc.ncbi.nlm.nih.gov/articles/PMC10153673/	pdfs/giannotta_2023_pmid37143664.pdf		Vd2_Vg9;tumor_infiltrating;immunosuppression	downloaded_europepmc
review	Strickland LN, Faraoni EY, Ruan W et al.	The resurgence of the Adora2b receptor as an immunotherapeutic target in pancreatic cancer.	Frontiers in immunology	2023	37187740	10.3389/fimmu.2023.1163585	PMC10175829	https://pmc.ncbi.nlm.nih.gov/articles/PMC10175829/	pdfs/strickland_2023_pmid37187740.pdf		tumor_infiltrating;immunosuppression;pancreatic	downloaded_europepmc
review	Kanie K, Kaneko S	[Basic Research and Clinical Development of Regenerative Immunotherapy Using iPS Cells].	Gan to kagaku ryoho. Cancer & chemotherapy	2023	37218314			https://pubmed.ncbi.nlm.nih.gov/37218314/			CAR_gd;adoptive_expansion;immunosuppression	no_pmcid
review	Kumari R, Hosseini ES, Warrington KE et al.	Butyrophilins: Dynamic Regulators of Protective T Cell Immunity in Cancer.	International journal of molecular sciences	2023	37240071	10.3390/ijms24108722	PMC10218201	https://pmc.ncbi.nlm.nih.gov/articles/PMC10218201/	pdfs/kumari_2023_pmid37240071.pdf		phosphoantigen_BTN;Vd2_Vg9;immunosuppression	downloaded_europepmc
review	Zlatareva I, Wu Y	Local γδ T cells: translating promise to practice in cancer immunotherapy.	British journal of cancer	2023	37311978	10.1038/s41416-023-02303-0	PMC10403623	https://pmc.ncbi.nlm.nih.gov/articles/PMC10403623/	pdfs/zlatareva_2023_pmid37311978.pdf		phosphoantigen_BTN;checkpoint	downloaded_europepmc
review	Sun L, Su Y, Jiao A et al.	T cells in health and disease.	Signal transduction and targeted therapy	2023	37332039	10.1038/s41392-023-01471-y	PMC10277291	https://pmc.ncbi.nlm.nih.gov/articles/PMC10277291/	pdfs/sun_2023_pmid37332039.pdf		mechanism_cytotox;immunosuppression	downloaded_europepmc
review	Erber J, Herndler-Brandstetter D	Regulation of T cell differentiation and function by long noncoding RNAs in homeostasis and cancer.	Frontiers in immunology	2023	37346034	10.3389/fimmu.2023.1181499	PMC10281531	https://pmc.ncbi.nlm.nih.gov/articles/PMC10281531/	pdfs/erber_2023_pmid37346034.pdf		tumor_infiltrating;immunosuppression	downloaded_europepmc
review	De Re V, Tornesello ML, Racanelli V et al.	Non-Classical HLA Class 1b and Hepatocellular Carcinoma.	Biomedicines	2023	37371767	10.3390/biomedicines11061672	PMC10296335	https://pmc.ncbi.nlm.nih.gov/articles/PMC10296335/	pdfs/de_2023_pmid37371767.pdf		Vd2_Vg9;tumor_infiltrating;hepatocellular	downloaded_europepmc
review	Rimailho L, Faria C, Domagala M et al.	γδ T cells in immunotherapies for B-cell malignancies.	Frontiers in immunology	2023	37426670	10.3389/fimmu.2023.1200003	PMC10325712	https://pmc.ncbi.nlm.nih.gov/articles/PMC10325712/	pdfs/rimailho_2023_pmid37426670.pdf		adoptive_expansion;leukemia;lymphoma;myeloma	downloaded_europepmc
review	Seth P, Dubey S	IL-22 as a target for therapeutic intervention: Current knowledge on its role in various diseases.	Cytokine	2023	37441942	10.1016/j.cyto.2023.156293		https://doi.org/10.1016/j.cyto.2023.156293			immunosuppression	no_pmcid
review	Wen M, Li Y, Qin X et al.	Insight into Cancer Immunity: MHCs, Immune Cells and Commensal Microbiota.	Cells	2023	37508545	10.3390/cells12141882	PMC10378520	https://pmc.ncbi.nlm.nih.gov/articles/PMC10378520/	pdfs/wen_2023_pmid37508545.pdf		tumor_infiltrating;mechanism_cytotox;checkpoint;immunosuppression	downloaded_europepmc
review	Zheng Z, Wieder T, Mauerer B et al.	T Cells in Colorectal Cancer: Unravelling the Function of Different T Cell Subsets in the Tumor Microenvironment.	International journal of molecular sciences	2023	37511431	10.3390/ijms241411673	PMC10380781	https://pmc.ncbi.nlm.nih.gov/articles/PMC10380781/	pdfs/zheng_2023_pmid37511431.pdf		CAR_gd;tumor_infiltrating;checkpoint;immunosuppression;melanoma;colorectal;lung	downloaded_europepmc
review	Choi H, Kim TG, Jeun SS et al.	Human gamma-delta (γδ) T cell therapy for glioblastoma: A novel alternative to overcome challenges of adoptive immune cell therapy.	Cancer letters	2023	37544475	10.1016/j.canlet.2023.216335		https://doi.org/10.1016/j.canlet.2023.216335			phosphoantigen_BTN;adoptive_expansion;tumor_infiltrating;clinical;glioma	no_pmcid
review	Lin P, Yan Y, Zhang Z et al.	The γδ T cells dual function and crosstalk with intestinal flora in treating colorectal cancer is a promising area of study.	International immunopharmacology	2023	37579540	10.1016/j.intimp.2023.110733		https://doi.org/10.1016/j.intimp.2023.110733			adoptive_expansion;mechanism_cytotox;colorectal	no_pmcid
review	Aparicio C, Acebal C, González-Vallinas M	"Current approaches to develop ""off-the-shelf"" chimeric antigen receptor (CAR)-T cells for cancer treatment: a systematic review."	Experimental hematology & oncology	2023	37605218	10.1186/s40164-023-00435-w	PMC10440917	https://pmc.ncbi.nlm.nih.gov/articles/PMC10440917/	pdfs/aparicio_2023_pmid37605218.pdf		CAR_gd;adoptive_expansion;leukemia	downloaded_europepmc
review	Kent A, Crump LS, Davila E	Beyond αβ T cells: NK, iNKT, and γδT cell biology in leukemic patients and potential for off-the-shelf adoptive cell therapies for AML.	Frontiers in immunology	2023	37654497	10.3389/fimmu.2023.1202950	PMC10465706	https://pmc.ncbi.nlm.nih.gov/articles/PMC10465706/	pdfs/kent_2023_pmid37654497.pdf		CAR_gd;adoptive_expansion;tumor_infiltrating;mechanism_cytotox;immunosuppression;leukemia;lymphoma;myeloma	downloaded_europepmc
review	Keshavarz S, Wall JR, Keshavarz S et al.	Breast cancer immunotherapy: a comprehensive review.	Clinical and experimental medicine	2023	37658246	10.1007/s10238-023-01177-z		https://doi.org/10.1007/s10238-023-01177-z			CAR_gd;adoptive_expansion;breast	no_pmcid
review	Zhang X, Gao L, Meng H et al.	Obesity alters immunopathology in cancers and inflammatory diseases.	Obesity reviews : an official journal of the International Association for the Study of Obesity	2023	37724622	10.1111/obr.13638		https://doi.org/10.1111/obr.13638			tumor_infiltrating;immunosuppression	no_pmcid
review	Zappa E, Vitali A, Anders K et al.	Adoptive cell therapy in paediatric extracranial solid tumours: current approaches and future challenges.	European journal of cancer (Oxford, England : 1990)	2023	37832507	10.1016/j.ejca.2023.113347	PMC10695178	https://pmc.ncbi.nlm.nih.gov/articles/PMC10695178/			CAR_gd;adoptive_expansion;tumor_infiltrating;immunosuppression	not_available_oa
review	Zhang Q, Xu M	EBV-induced T-cell responses in EBV-specific and nonspecific cancers.	Frontiers in immunology	2023	37841280	10.3389/fimmu.2023.1250946	PMC10576448	https://pmc.ncbi.nlm.nih.gov/articles/PMC10576448/	pdfs/zhang_2023_pmid37841280.pdf		tumor_infiltrating;lymphoma	downloaded_europepmc
review	Kang I, Kim Y, Lee HK	γδ T cells as a potential therapeutic agent for glioblastoma.	Frontiers in immunology	2023	37928546	10.3389/fimmu.2023.1273986	PMC10623054	https://pmc.ncbi.nlm.nih.gov/articles/PMC10623054/	pdfs/kang_2023_pmid37928546.pdf		tumor_infiltrating;immunosuppression;glioma	downloaded_europepmc
review	Patra S, Ghosal S, Shand H et al.	Function of gamma delta (γδ) T cell in cancer with special emphasis on cervical cancer.	Human immunology	2023	37932183	10.1016/j.humimm.2023.110724		https://doi.org/10.1016/j.humimm.2023.110724			aminobisphosphonate;Vd2_Vg9;mechanism_cytotox	no_pmcid
review	Hu Y, Hu Q, Li Y et al.	γδ T cells: origin and fate, subsets, diseases and immunotherapy.	Signal transduction and targeted therapy	2023	37989744	10.1038/s41392-023-01653-8	PMC10663641	https://pmc.ncbi.nlm.nih.gov/articles/PMC10663641/	pdfs/hu_2023_pmid37989744.pdf		adoptive_expansion;Vd2_Vg9;tumor_infiltrating;immunosuppression	downloaded_europepmc
review	Costa GP, Mensurado S, Silva-Santos B	Therapeutic avenues for γδ T cells in cancer.	Journal for immunotherapy of cancer	2023	38007241	10.1136/jitc-2023-007955	PMC10680012	https://pmc.ncbi.nlm.nih.gov/articles/PMC10680012/	pdfs/costa_2023_pmid38007241.pdf		bispecific_engager;adoptive_expansion;Vd1;Vd2_Vg9;mechanism_cytotox;clinical	downloaded_europepmc
review	Amajala KC, Gudivada IP, Malla RR	Gamma Delta T Cells: Role in Immunotherapy of Hepatocellular Carcinoma.	Critical reviews in oncogenesis	2023	38050980	10.1615/CritRevOncog.2023049893		https://doi.org/10.1615/CritRevOncog.2023049893			hepatocellular	no_pmcid
review	Yan W, Dunmall LSC, Lemoine NR et al.	The capability of heterogeneous γδ T cells in cancer treatment.	Frontiers in immunology	2023	38077392	10.3389/fimmu.2023.1285801	PMC10704246	https://pmc.ncbi.nlm.nih.gov/articles/PMC10704246/	pdfs/yan_2023_pmid38077392.pdf		tumor_infiltrating;immunosuppression;clinical	downloaded_europepmc
review	Ahmedna T, Khela H, Weber-Levine C et al.	The Role of γδ T-Lymphocytes in Glioblastoma: Current Trends and Future Directions.	Cancers	2023	38136330	10.3390/cancers15245784	PMC10741533	https://pmc.ncbi.nlm.nih.gov/articles/PMC10741533/	pdfs/ahmedna_2023_pmid38136330.pdf		tumor_infiltrating;immunosuppression;glioma	downloaded_europepmc
review	Wang CQ, Lim PY, Tan AH	Gamma/delta T cells as cellular vehicles for anti-tumor immunity.	Frontiers in immunology	2023	38274800	10.3389/fimmu.2023.1282758	PMC10808317	https://pmc.ncbi.nlm.nih.gov/articles/PMC10808317/	pdfs/wang_2023_pmid38274800.pdf		CAR_gd;adoptive_expansion;tumor_infiltrating;clinical	downloaded_europepmc
review	Orumaa K, Dunne MR	The role of unconventional T cells in COVID-19.	Irish journal of medical science	2022	34050887	10.1007/s11845-021-02653-9	PMC8163591	https://pmc.ncbi.nlm.nih.gov/articles/PMC8163591/	pdfs/orumaa_2022_pmid34050887.pdf		immunosuppression	downloaded_europepmc
review	Saleh OM, Albakri KA, Alabdallat YJ et al.	The safety and efficacy of CAR-T cells in the treatment of prostate cancer: review.	Biomarkers : biochemical indicators of exposure, response, and susceptibility to chemicals	2022	34882051	10.1080/1354750X.2021.2016973		https://doi.org/10.1080/1354750X.2021.2016973			CAR_gd;tumor_infiltrating;prostate	no_pmcid
review	Zhong F, Lin Y, Jing X et al.	Innate tumor killers in colorectal cancer.	Cancer letters	2022	34952144	10.1016/j.canlet.2021.12.022		https://doi.org/10.1016/j.canlet.2021.12.022			tumor_infiltrating;mechanism_cytotox;immunosuppression;clinical;colorectal	no_pmcid
review	Sen S, Won M, Levine MS et al.	Metal-based anticancer agents as immunogenic cell death inducers: the past, present, and future.	Chemical Society reviews	2022	35099487	10.1039/d1cs00417d	PMC9398513	https://pmc.ncbi.nlm.nih.gov/articles/PMC9398513/			mechanism_cytotox;leukemia	not_available_oa
review	Deng J, Yin H	Gamma delta (γδ) T cells in cancer immunotherapy; where it comes from, where it will go?	European journal of pharmacology	2022	35131312	10.1016/j.ejphar.2022.174803		https://doi.org/10.1016/j.ejphar.2022.174803				no_pmcid
review	Luginbuehl V, Abraham E, Kovar K et al.	Better by design: What to expect from novel CAR-engineered cell therapies?	Biotechnology advances	2022	35149146	10.1016/j.biotechadv.2022.107917		https://doi.org/10.1016/j.biotechadv.2022.107917			CAR_gd;adoptive_expansion;tumor_infiltrating;leukemia	no_pmcid
review	Garnier J, Turrini O, Chretien AS et al.	Local Ablative Therapy Associated with Immunotherapy in Locally Advanced Pancreatic Cancer: A Solution to Overcome the Double Trouble?-A Comprehensive Review.	Journal of clinical medicine	2022	35407555	10.3390/jcm11071948	PMC8999652	https://pmc.ncbi.nlm.nih.gov/articles/PMC8999652/	pdfs/garnier_2022_pmid35407555.pdf		tumor_infiltrating;checkpoint;clinical;leukemia;pancreatic	downloaded_europepmc
review	Zhou Y, Li M, Zhou K et al.	Engineering Induced Pluripotent Stem Cells for Cancer Immunotherapy.	Cancers	2022	35565395	10.3390/cancers14092266	PMC9100203	https://pmc.ncbi.nlm.nih.gov/articles/PMC9100203/	pdfs/zhou_2022_pmid35565395.pdf		CAR_gd;adoptive_expansion	downloaded_europepmc
review	Dong R, Zhang Y, Xiao H et al.	Engineering γδ T Cells: Recognizing and Activating on Their Own Way.	Frontiers in immunology	2022	35603176	10.3389/fimmu.2022.889051	PMC9120431	https://pmc.ncbi.nlm.nih.gov/articles/PMC9120431/	pdfs/dong_2022_pmid35603176.pdf		adoptive_expansion;mechanism_cytotox;clinical	downloaded_europepmc
review	Jeyakumar N, Smith M	Custom CARs: Leveraging the Adaptability of Allogeneic CAR Therapies to Address Current Challenges in Relapsed/Refractory DLBCL.	Frontiers in immunology	2022	35663947	10.3389/fimmu.2022.887866	PMC9158546	https://pmc.ncbi.nlm.nih.gov/articles/PMC9158546/	pdfs/jeyakumar_2022_pmid35663947.pdf		CAR_gd;adoptive_expansion;mechanism_cytotox;lymphoma	downloaded_europepmc
review	Bhat J, Placek K, Faissner S	Contemplating Dichotomous Nature of Gamma Delta T Cells for Immunotherapy.	Frontiers in immunology	2022	35669772	10.3389/fimmu.2022.894580	PMC9163397	https://pmc.ncbi.nlm.nih.gov/articles/PMC9163397/	pdfs/bhat_2022_pmid35669772.pdf			downloaded_europepmc
review	Lee D, Rosenthal CJ, Penn NE et al.	Human γδ T Cell Subsets and Their Clinical Applications for Cancer Immunotherapy.	Cancers	2022	35740670	10.3390/cancers14123005	PMC9221220	https://pmc.ncbi.nlm.nih.gov/articles/PMC9221220/	pdfs/lee_2022_pmid35740670.pdf		adoptive_expansion;clinical	downloaded_europepmc
review	Allegra A, Casciaro M, Lo Presti E et al.	Harnessing Unconventional T Cells and Innate Lymphoid Cells to Prevent and Treat Hematological Malignancies: Prospects for New Immunotherapy.	Biomolecules	2022	35740879	10.3390/biom12060754	PMC9221132	https://pmc.ncbi.nlm.nih.gov/articles/PMC9221132/	pdfs/allegra_2022_pmid35740879.pdf		tumor_infiltrating;leukemia;myeloma	downloaded_europepmc
review	Cimini E, Agrati C	γδ T Cells in Emerging Viral Infection: An Overview.	Viruses	2022	35746638	10.3390/v14061166	PMC9230790	https://pmc.ncbi.nlm.nih.gov/articles/PMC9230790/	pdfs/cimini_2022_pmid35746638.pdf			downloaded_europepmc
review	Chitadze G, Kabelitz D	Immune surveillance in glioblastoma: Role of the NKG2D system and novel cell-based therapeutic approaches.	Scandinavian journal of immunology	2022	35778892	10.1111/sji.13201		https://doi.org/10.1111/sji.13201			adoptive_expansion;mechanism_cytotox;checkpoint;immunosuppression;glioma	no_pmcid
review	Saura-Esteller J, de Jong M, King LA et al.	Gamma Delta T-Cell Based Cancer Immunotherapy: Past-Present-Future.	Frontiers in immunology	2022	35784326	10.3389/fimmu.2022.915837	PMC9245381	https://pmc.ncbi.nlm.nih.gov/articles/PMC9245381/	pdfs/sauraesteller_2022_pmid35784326.pdf		phosphoantigen_BTN;aminobisphosphonate;adoptive_expansion;Vd1;Vd2_Vg9;tumor_infiltrating;immunosuppression	downloaded_europepmc
review	Chan KF, Duarte JDG, Ostrouska S et al.	γδ T Cells in the Tumor Microenvironment-Interactions With Other Immune Cells.	Frontiers in immunology	2022	35880177	10.3389/fimmu.2022.894315	PMC9307934	https://pmc.ncbi.nlm.nih.gov/articles/PMC9307934/	pdfs/chan_2022_pmid35880177.pdf		phosphoantigen_BTN;Vd2_Vg9;tumor_infiltrating;mechanism_cytotox	downloaded_europepmc
review	Chen D, Guo Y, Jiang J et al.	γδ T cell exhaustion: Opportunities for intervention.	Journal of leukocyte biology	2022	36000310	10.1002/JLB.5MR0722-777R	PMC9804355	https://pmc.ncbi.nlm.nih.gov/articles/PMC9804355/	pdfs/chen_2022_pmid36000310.pdf		checkpoint;immunosuppression	downloaded_europepmc
review	Wang G, Wang W	Advanced Cell Therapies for Glioblastoma.	Frontiers in immunology	2022	36052072	10.3389/fimmu.2022.904133	PMC9425637	https://pmc.ncbi.nlm.nih.gov/articles/PMC9425637/	pdfs/wang_2022_pmid36052072.pdf		CAR_gd;glioma	downloaded_europepmc
review	Simmons GL, Castaneda Puglianini O	T-Cell-Based Cellular Immunotherapy of Multiple Myeloma: Current Developments.	Cancers	2022	36077787	10.3390/cancers14174249	PMC9455067	https://pmc.ncbi.nlm.nih.gov/articles/PMC9455067/	pdfs/simmons_2022_pmid36077787.pdf		CAR_gd;adoptive_expansion;Vd2_Vg9;tumor_infiltrating;leukemia;lymphoma;myeloma	downloaded_europepmc
review	Ren H, Li W, Liu X et al.	γδ T cells: The potential role in liver disease and implications for cancer immunotherapy.	Journal of leukocyte biology	2022	36098208	10.1002/JLB.5MR0822-733RRR		https://doi.org/10.1002/JLB.5MR0822-733RRR			leukemia;hepatocellular	no_pmcid
review	Gaballa A, Arruda LCM, Uhlin M	Gamma delta T-cell reconstitution after allogeneic HCT: A platform for cell therapy.	Frontiers in immunology	2022	36105821	10.3389/fimmu.2022.971709	PMC9465162	https://pmc.ncbi.nlm.nih.gov/articles/PMC9465162/	pdfs/gaballa_2022_pmid36105821.pdf		adoptive_expansion	downloaded_europepmc
review	Cherry ABC, Gherardin NA, Sikder HI	Intracellular radar: Understanding γδ T cell immune surveillance and implications for clinical strategies in oncology.	Frontiers in oncology	2022	36212425	10.3389/fonc.2022.1011081	PMC9539555	https://pmc.ncbi.nlm.nih.gov/articles/PMC9539555/	pdfs/cherry_2022_pmid36212425.pdf			downloaded_europepmc
review	Wang L, Chen X, Zhang L et al.	CAR cell design strategies in solid tumors.	International immunopharmacology	2022	36272358	10.1016/j.intimp.2022.109345		https://doi.org/10.1016/j.intimp.2022.109345			CAR_gd;tumor_infiltrating;immunosuppression	no_pmcid
review	Li YR, Wilson M, Yang L	Target tumor microenvironment by innate T cells.	Frontiers in immunology	2022	36275727	10.3389/fimmu.2022.999549	PMC9582148	https://pmc.ncbi.nlm.nih.gov/articles/PMC9582148/	pdfs/li_2022_pmid36275727.pdf		CAR_gd;adoptive_expansion;tumor_infiltrating;mechanism_cytotox;checkpoint;immunosuppression	downloaded_europepmc
review	Kone AS, Ait Ssi S, Sahraoui S et al.	BTN3A: A Promising Immune Checkpoint for Cancer Prognosis and Treatment.	International journal of molecular sciences	2022	36362212	10.3390/ijms232113424	PMC9653866	https://pmc.ncbi.nlm.nih.gov/articles/PMC9653866/	pdfs/kone_2022_pmid36362212.pdf		phosphoantigen_BTN;tumor_infiltrating;mechanism_cytotox;checkpoint	downloaded_europepmc
review	Sanz M, Mann BT, Chitrakar A et al.	Human Vδ2 T Cells and Their Versatility for Immunotherapeutic Approaches.	Cells	2022	36429001	10.3390/cells11223572	PMC9688761	https://pmc.ncbi.nlm.nih.gov/articles/PMC9688761/	pdfs/sanz_2022_pmid36429001.pdf		adoptive_expansion;Vd2_Vg9;mechanism_cytotox	downloaded_europepmc
review	Fang KK, Lee JB, Zhang L	Adoptive Cell Therapy for T-Cell Malignancies.	Cancers	2022	36612092	10.3390/cancers15010094	PMC9817702	https://pmc.ncbi.nlm.nih.gov/articles/PMC9817702/	pdfs/fang_2022_pmid36612092.pdf		adoptive_expansion;tumor_infiltrating	downloaded_europepmc
review	Haghshenas MR, Zamir MR, Sadeghi M et al.	Clinical relevance and therapeutic potential of IL-38 in immune and non-immune-related disorders.	European cytokine network	2022	37052152	10.1684/ecn.2022.0480	PMC10134710	https://pmc.ncbi.nlm.nih.gov/articles/PMC10134710/	pdfs/haghshenas_2022_pmid37052152.pdf		tumor_infiltrating;checkpoint;immunosuppression;colorectal;lung	downloaded_europepmc
review	Malla RR, Bhamidipati P	γδ T Cell-Mediated Immune Responses for Cancer Therapy: Special Focus on Breast Cancer.	Critical reviews in immunology	2022	37082947	10.1615/CritRevImmunol.2023047363		https://doi.org/10.1615/CritRevImmunol.2023047363			tumor_infiltrating;mechanism_cytotox;immunosuppression;breast	no_pmcid
review	Wang H, Zhou H, Xu J et al.	Different T-cell subsets in glioblastoma multiforme and targeted immunotherapy.	Cancer letters	2021	33022290	10.1016/j.canlet.2020.09.028		https://doi.org/10.1016/j.canlet.2020.09.028			tumor_infiltrating;immunosuppression;glioma	no_pmcid
review	Lopes N, Silva-Santos B	Functional and metabolic dichotomy of murine γδ T cell subsets in cancer immunity.	European journal of immunology	2021	33188652	10.1002/eji.201948402	PMC7839746	https://pmc.ncbi.nlm.nih.gov/articles/PMC7839746/	pdfs/lopes_2021_pmid33188652.pdf		tumor_infiltrating;immunosuppression	downloaded_europepmc
review	Cortés-Selva D, Dasgupta B, Singh S et al.	Innate and Innate-Like Cells: The Future of Chimeric Antigen Receptor (CAR) Cell Therapy.	Trends in pharmacological sciences	2021	33250273	10.1016/j.tips.2020.11.004		https://doi.org/10.1016/j.tips.2020.11.004			CAR_gd;adoptive_expansion	no_pmcid
review	Galati D, Zanotta S, Bocchino M et al.	The subtle interplay between gamma delta T lymphocytes and dendritic cells: is there a role for a therapeutic cancer vaccine in the era of combinatorial strategies?	Cancer immunology, immunotherapy : CII	2021	33386466	10.1007/s00262-020-02805-3	PMC10991494	https://pmc.ncbi.nlm.nih.gov/articles/PMC10991494/	pdfs/galati_2021_pmid33386466.pdf		CAR_gd;aminobisphosphonate;mechanism_cytotox;immunosuppression	downloaded_europepmc
review	Morandi F, Sabatini F, Podestà M et al.	Immunotherapeutic Strategies for Neuroblastoma: Present, Past and Future.	Vaccines	2021	33450862	10.3390/vaccines9010043	PMC7828327	https://pmc.ncbi.nlm.nih.gov/articles/PMC7828327/	pdfs/morandi_2021_pmid33450862.pdf		CAR_gd;adoptive_expansion;clinical;neuroblastoma	downloaded_europepmc
review	Qin VM, D'Souza C, Neeson PJ et al.	Chimeric Antigen Receptor beyond CAR-T Cells.	Cancers	2021	33499101	10.3390/cancers13030404	PMC7865527	https://pmc.ncbi.nlm.nih.gov/articles/PMC7865527/	pdfs/qin_2021_pmid33499101.pdf		CAR_gd;mechanism_cytotox;immunosuppression;clinical	downloaded_europepmc
review	de Araújo ND, Gama FM, de Souza Barros M et al.	Translating Unconventional T Cells and Their Roles in Leukemia Antitumor Immunity.	Journal of immunology research	2021	33506055	10.1155/2021/6633824	PMC7808823	https://pmc.ncbi.nlm.nih.gov/articles/PMC7808823/	pdfs/de_2021_pmid33506055.pdf		mechanism_cytotox;immunosuppression;leukemia	downloaded_europepmc
review	Liu Y, Han Y, Zeng S et al.	In respond to commensal bacteria: γδT cells play a pleiotropic role in tumor immunity.	Cell & bioscience	2021	33653419	10.1186/s13578-021-00565-w	PMC7927236	https://pmc.ncbi.nlm.nih.gov/articles/PMC7927236/	pdfs/liu_2021_pmid33653419.pdf		Vd1;Vd2_Vg9;tumor_infiltrating;immunosuppression	downloaded_europepmc
review	Titov A, Zmievskaya E, Ganeeva I et al.	Adoptive Immunotherapy beyond CAR T-Cells.	Cancers	2021	33670139	10.3390/cancers13040743	PMC7916861	https://pmc.ncbi.nlm.nih.gov/articles/PMC7916861/	pdfs/titov_2021_pmid33670139.pdf		CAR_gd;adoptive_expansion;tumor_infiltrating;immunosuppression;leukemia;lymphoma	downloaded_europepmc
review	Park JH, Lee HK	Function of γδ T cells in tumor immunology and their application to cancer therapy.	Experimental & molecular medicine	2021	33707742	10.1038/s12276-021-00576-0	PMC8080836	https://pmc.ncbi.nlm.nih.gov/articles/PMC8080836/	pdfs/park_2021_pmid33707742.pdf		CAR_gd;adoptive_expansion;tumor_infiltrating;mechanism_cytotox;immunosuppression	downloaded_europepmc
review	Ali AK, Tarannum M, Romee R	Is Adoptive Cellular Therapy With Non-T-Cell Immune Effectors the Future?	Cancer journal (Sudbury, Mass.)	2021	33750077	10.1097/PPO.0000000000000517		https://doi.org/10.1097/PPO.0000000000000517			CAR_gd;adoptive_expansion;checkpoint	no_pmcid
review	Giraud J, Chalopin D, Blanc JF et al.	Hepatocellular Carcinoma Immune Landscape and the Potential of Immunotherapies.	Frontiers in immunology	2021	33815418	10.3389/fimmu.2021.655697	PMC8012774	https://pmc.ncbi.nlm.nih.gov/articles/PMC8012774/	pdfs/giraud_2021_pmid33815418.pdf		CAR_gd;tumor_infiltrating;checkpoint;hepatocellular	downloaded_europepmc
review	Gaballa A, Alagrafi F, Uhlin M et al.	Revisiting the Role of γδ T Cells in Anti-CMV Immune Response after Transplantation.	Viruses	2021	34072610	10.3390/v13061031	PMC8228273	https://pmc.ncbi.nlm.nih.gov/articles/PMC8228273/	pdfs/gaballa_2021_pmid34072610.pdf		tumor_infiltrating	downloaded_europepmc
review	Agerholm R, Bekiaris V	Evolved to protect, designed to destroy: IL-17-producing γδ T cells in infection, inflammation, and cancer.	European journal of immunology	2021	34224140	10.1002/eji.202049119		https://doi.org/10.1002/eji.202049119			tumor_infiltrating;immunosuppression	no_pmcid
review	Zhang C, Hu Y, Xiao W et al.	Chimeric antigen receptor- and natural killer cell receptor-engineered innate killer cells in cancer immunotherapy.	Cellular & molecular immunology	2021	34267335	10.1038/s41423-021-00732-6	PMC8429625	https://pmc.ncbi.nlm.nih.gov/articles/PMC8429625/	pdfs/zhang_2021_pmid34267335.pdf		CAR_gd;adoptive_expansion;mechanism_cytotox	downloaded_europepmc
review	Miyashita M, Shimizu T, Ashihara E et al.	Strategies to Improve the Antitumor Effect of γδ T Cell Immunotherapy for Clinical Application.	International journal of molecular sciences	2021	34445615	10.3390/ijms22168910	PMC8396358	https://pmc.ncbi.nlm.nih.gov/articles/PMC8396358/	pdfs/miyashita_2021_pmid34445615.pdf		CAR_gd;phosphoantigen_BTN;aminobisphosphonate;bispecific_engager;adoptive_expansion;tumor_infiltrating;mechanism_cytotox;checkpoint;immunosuppression	downloaded_europepmc
review	Catafal-Tardos E, Baglioni MV, Bekiaris V	Inhibiting the Unconventionals: Importance of Immune Checkpoint Receptors in γδ T, MAIT, and NKT Cells.	Cancers	2021	34572874	10.3390/cancers13184647	PMC8467786	https://pmc.ncbi.nlm.nih.gov/articles/PMC8467786/	pdfs/catafaltardos_2021_pmid34572874.pdf		checkpoint;immunosuppression	downloaded_europepmc
review	Barros MS, de Araújo ND, Magalhães-Gama F et al.	γδ T Cells for Leukemia Immunotherapy: New and Expanding Trends.	Frontiers in immunology	2021	34630403	10.3389/fimmu.2021.729085	PMC8493128	https://pmc.ncbi.nlm.nih.gov/articles/PMC8493128/	pdfs/barros_2021_pmid34630403.pdf		tumor_infiltrating;mechanism_cytotox;immunosuppression;leukemia	downloaded_europepmc
review	Corsale AM, Di Simone M, Lo Presti E et al.	Metabolic Changes in Tumor Microenvironment: How Could They Affect γδ T Cells Functions?	Cells	2021	34831116	10.3390/cells10112896	PMC8616133	https://pmc.ncbi.nlm.nih.gov/articles/PMC8616133/	pdfs/corsale_2021_pmid34831116.pdf		tumor_infiltrating;immunosuppression	downloaded_europepmc
review	Li YR, Dunn ZS, Zhou Y et al.	Development of Stem Cell-Derived Immune Cells for Off-the-Shelf Cancer Immunotherapies.	Cells	2021	34944002	10.3390/cells10123497	PMC8700013	https://pmc.ncbi.nlm.nih.gov/articles/PMC8700013/	pdfs/li_2021_pmid34944002.pdf		CAR_gd;adoptive_expansion;leukemia;lymphoma;myeloma	downloaded_europepmc
review	Schönefeldt S, Wais T, Herling M et al.	The Diverse Roles of γδ T Cells in Cancer: From Rapid Immunity to Aggressive Lymphoma.	Cancers	2021	34944832	10.3390/cancers13246212	PMC8699114	https://pmc.ncbi.nlm.nih.gov/articles/PMC8699114/	pdfs/schönefeldt_2021_pmid34944832.pdf		mechanism_cytotox;immunosuppression;lymphoma	downloaded_europepmc
review	Sebestyen Z, Prinz I, Déchanet-Merville J et al.	Translating gammadelta (γδ) T cells and their receptors into cancer cell therapies.	Nature reviews. Drug discovery	2020	31492944	10.1038/s41573-019-0038-z		https://doi.org/10.1038/s41573-019-0038-z			CAR_gd;mechanism_cytotox;checkpoint	no_pmcid
review	Katz SG, Rabinovich PM	T Cell Reprogramming Against Cancer.	Methods in molecular biology (Clifton, N.J.)	2020	31776916	10.1007/978-1-0716-0203-4_1	PMC7063988	https://pmc.ncbi.nlm.nih.gov/articles/PMC7063988/			CAR_gd;adoptive_expansion;leukemia	not_available_oa
review	Volpari T, De Santis F, Bracken AP et al.	Anticancer innovative therapy: Highlights from the ninth annual meeting.	Cytokine & growth factor reviews	2020	31862236	10.1016/j.cytogfr.2019.12.002		https://doi.org/10.1016/j.cytogfr.2019.12.002			CAR_gd;Vd2_Vg9;checkpoint;immunosuppression;myeloma	no_pmcid
review	Peters C, Kouakanou L, Kabelitz D	A comparative view on vitamin C effects on αβ- versus γδ T-cell activation and differentiation.	Journal of leukocyte biology	2020	32034803	10.1002/JLB.1MR1219-245R		https://doi.org/10.1002/JLB.1MR1219-245R			adoptive_expansion	no_pmcid
review	Lee HW, Chung YS, Kim TJ	Heterogeneity of Human γδ T Cells and Their Role in Cancer Immunity.	Immune network	2020	32158593	10.4110/in.2020.20.e5	PMC7049581	https://pmc.ncbi.nlm.nih.gov/articles/PMC7049581/	pdfs/lee_2020_pmid32158593.pdf		Vd1;Vd2_Vg9;tumor_infiltrating;mechanism_cytotox;immunosuppression	downloaded_europepmc
review	Künkele KP, Wesch D, Oberg HH et al.	Vγ9Vδ2 T Cells: Can We Re-Purpose a Potent Anti-Infection Mechanism for Cancer Therapy?	Cells	2020	32235616	10.3390/cells9040829	PMC7226769	https://pmc.ncbi.nlm.nih.gov/articles/PMC7226769/	pdfs/künkele_2020_pmid32235616.pdf		CAR_gd;bispecific_engager;adoptive_expansion;Vd2_Vg9	downloaded_europepmc
review	Liu Y, Zhang C	The Role of Human γδ T Cells in Anti-Tumor Immunity and Their Potential for Cancer Immunotherapy.	Cells	2020	32413966	10.3390/cells9051206	PMC7290839	https://pmc.ncbi.nlm.nih.gov/articles/PMC7290839/	pdfs/liu_2020_pmid32413966.pdf			downloaded_europepmc
review	Sievers NM, Dörrie J, Schaft N	CARs: Beyond T Cells and T Cell-Derived Signaling Domains.	International journal of molecular sciences	2020	32429316	10.3390/ijms21103525	PMC7279007	https://pmc.ncbi.nlm.nih.gov/articles/PMC7279007/	pdfs/sievers_2020_pmid32429316.pdf		CAR_gd	downloaded_europepmc
review	Yazdanifar M, Barbarito G, Bertaina A et al.	γδ T Cells: The Ideal Tool for Cancer Immunotherapy.	Cells	2020	32456316	10.3390/cells9051305	PMC7290982	https://pmc.ncbi.nlm.nih.gov/articles/PMC7290982/	pdfs/yazdanifar_2020_pmid32456316.pdf		adoptive_expansion	downloaded_europepmc
review	Mann BT, Sambrano E, Maggirwar SB et al.	Boosting the Immune System for HIV Cure: A γδ T Cell Perspective.	Frontiers in cellular and infection microbiology	2020	32509594	10.3389/fcimb.2020.00221	PMC7248175	https://pmc.ncbi.nlm.nih.gov/articles/PMC7248175/	pdfs/mann_2020_pmid32509594.pdf		mechanism_cytotox	downloaded_europepmc
review	Zocchi MR, Tosetti F, Benelli R et al.	Cancer Nanomedicine Special Issue Review Anticancer Drug Delivery with Nanoparticles: Extracellular Vesicles or Synthetic Nanobeads as Therapeutic Tools for Conventional Treatment or Immunotherapy.	Cancers	2020	32668783	10.3390/cancers12071886	PMC7409190	https://pmc.ncbi.nlm.nih.gov/articles/PMC7409190/	pdfs/zocchi_2020_pmid32668783.pdf		aminobisphosphonate	downloaded_europepmc
review	Zhang M, Zhang S	T Cells in Fibrosis and Fibrotic Diseases.	Frontiers in immunology	2020	32676074	10.3389/fimmu.2020.01142	PMC7333347	https://pmc.ncbi.nlm.nih.gov/articles/PMC7333347/	pdfs/zhang_2020_pmid32676074.pdf		mechanism_cytotox;immunosuppression	downloaded_europepmc
review	Lo Presti E, Dieli F, Fourniè JJ et al.	Deciphering human γδ T cell response in cancer: Lessons from tumor-infiltrating γδ T cells.	Immunological reviews	2020	32691450	10.1111/imr.12904		https://doi.org/10.1111/imr.12904			adoptive_expansion;tumor_infiltrating;immunosuppression	no_pmcid
review	Dekker L, de Koning C, Lindemans C et al.	Reconstitution of T Cell Subsets Following Allogeneic Hematopoietic Cell Transplantation.	Cancers	2020	32698396	10.3390/cancers12071974	PMC7409323	https://pmc.ncbi.nlm.nih.gov/articles/PMC7409323/	pdfs/dekker_2020_pmid32698396.pdf		adoptive_expansion;immunosuppression;leukemia	downloaded_europepmc
review	Kabelitz D, Serrano R, Kouakanou L et al.	Cancer immunotherapy with γδ T cells: many paths ahead of us.	Cellular & molecular immunology	2020	32699351	10.1038/s41423-020-0504-x	PMC7609273	https://pmc.ncbi.nlm.nih.gov/articles/PMC7609273/	pdfs/kabelitz_2020_pmid32699351.pdf		phosphoantigen_BTN;adoptive_expansion;Vd1;Vd2_Vg9;mechanism_cytotox;checkpoint	downloaded_europepmc
review	Morandi F, Yazdanifar M, Cocco C et al.	Engineering the Bridge between Innate and Adaptive Immunity for Cancer Immunotherapy: Focus on γδ T and NK Cells.	Cells	2020	32707982	10.3390/cells9081757	PMC7464083	https://pmc.ncbi.nlm.nih.gov/articles/PMC7464083/	pdfs/morandi_2020_pmid32707982.pdf		CAR_gd;adoptive_expansion;tumor_infiltrating	downloaded_europepmc
review	Suzuki T, Hayman L, Kilbey A et al.	Gut γδ T cells as guardians, disruptors, and instigators of cancer.	Immunological reviews	2020	32840001	10.1111/imr.12916		https://doi.org/10.1111/imr.12916			phosphoantigen_BTN;tumor_infiltrating;colorectal	no_pmcid
review	Tanaka Y	Cancer immunotherapy harnessing γδ T cells and programmed death-1.	Immunological reviews	2020	32888218	10.1111/imr.12917		https://doi.org/10.1111/imr.12917			CAR_gd;aminobisphosphonate;adoptive_expansion;checkpoint;clinical	no_pmcid
review	Rafia C, Harly C, Scotet E	Beyond CAR T cells: Engineered Vγ9Vδ2 T cells to fight solid tumors.	Immunological reviews	2020	32965719	10.1111/imr.12920		https://doi.org/10.1111/imr.12920			CAR_gd;adoptive_expansion;Vd2_Vg9;tumor_infiltrating;immunosuppression	no_pmcid
review	Ma R, Yuan D, Guo Y et al.	Immune Effects of γδ T Cells in Colorectal Cancer: A Review.	Frontiers in immunology	2020	33013819	10.3389/fimmu.2020.01600	PMC7509400	https://pmc.ncbi.nlm.nih.gov/articles/PMC7509400/	pdfs/ma_2020_pmid33013819.pdf		mechanism_cytotox;immunosuppression;colorectal	downloaded_europepmc
review	La Manna MP, Orlando V, Tamburini B et al.	Harnessing Unconventional T Cells for Immunotherapy of Tuberculosis.	Frontiers in immunology	2020	33013888	10.3389/fimmu.2020.02107	PMC7497315	https://pmc.ncbi.nlm.nih.gov/articles/PMC7497315/	pdfs/la_2020_pmid33013888.pdf		adoptive_expansion;leukemia	downloaded_europepmc
review	Wesch D, Kabelitz D, Oberg HH	Tumor resistance mechanisms and their consequences on γδ T cell activation.	Immunological reviews	2020	33048357	10.1111/imr.12925		https://doi.org/10.1111/imr.12925			bispecific_engager;adoptive_expansion;Vd1;Vd2_Vg9;tumor_infiltrating;mechanism_cytotox;immunosuppression	no_pmcid
review	Willcox CR, Mohammed F, Willcox BE	The distinct MHC-unrestricted immunobiology of innate-like and adaptive-like human γδ T cell subsets-Nature's CAR-T cells.	Immunological reviews	2020	33084045	10.1111/imr.12928		https://doi.org/10.1111/imr.12928			CAR_gd;immunosuppression	no_pmcid
review	Imbert C, Olive D	γδ T Cells in Tumor Microenvironment.	Advances in experimental medicine and biology	2020	33119877	10.1007/978-3-030-49270-0_5		https://doi.org/10.1007/978-3-030-49270-0_5			phosphoantigen_BTN;adoptive_expansion;Vd2_Vg9;tumor_infiltrating;mechanism_cytotox;breast;colorectal	no_pmcid
review	Bartish M, Del Rincón SV, Rudd CE et al.	Aiming for the Sweet Spot: Glyco-Immune Checkpoints and γδ T Cells in Targeted Immunotherapy.	Frontiers in immunology	2020	33133075	10.3389/fimmu.2020.564499	PMC7550643	https://pmc.ncbi.nlm.nih.gov/articles/PMC7550643/	pdfs/bartish_2020_pmid33133075.pdf		checkpoint;immunosuppression	downloaded_europepmc
review	Perez C, Gruber I, Arber C	"Off-the-Shelf Allogeneic T Cell Therapies for Cancer: Opportunities and Challenges Using Naturally Occurring ""Universal"" Donor T Cells."	Frontiers in immunology	2020	33262761	10.3389/fimmu.2020.583716	PMC7685996	https://pmc.ncbi.nlm.nih.gov/articles/PMC7685996/	pdfs/perez_2020_pmid33262761.pdf		CAR_gd;adoptive_expansion;clinical	downloaded_europepmc
review	Basar R, Daher M, Rezvani K	Next-generation cell therapies: the emerging role of CAR-NK cells.	Hematology. American Society of Hematology. Education Program	2020	33275752	10.1182/hematology.2020002547	PMC7727537	https://pmc.ncbi.nlm.nih.gov/articles/PMC7727537/	pdfs/basar_2020_pmid33275752.pdf		CAR_gd;adoptive_expansion	downloaded_europepmc
review	Han JW, Yoon SK	Tissue-Resident Lymphocytes: Implications in Immunotherapy for Hepatocellular Carcinoma.	International journal of molecular sciences	2020	33379384	10.3390/ijms22010232	PMC7796120	https://pmc.ncbi.nlm.nih.gov/articles/PMC7796120/	pdfs/han_2020_pmid33379384.pdf		checkpoint;immunosuppression;hepatocellular	downloaded_europepmc
review	Li Y, Li G, Zhang J et al.	The Dual Roles of Human γδ T Cells: Anti-Tumor or Tumor-Promoting.	Frontiers in immunology	2020	33664732	10.3389/fimmu.2020.619954	PMC7921733	https://pmc.ncbi.nlm.nih.gov/articles/PMC7921733/	pdfs/li_2020_pmid33664732.pdf		immunosuppression	downloaded_europepmc
review	Patel S, Burga RA, Powell AB et al.	Beyond CAR T Cells: Other Cell-Based Immunotherapeutic Strategies Against Cancer.	Frontiers in oncology	2019	31024832	10.3389/fonc.2019.00196	PMC6467966	https://pmc.ncbi.nlm.nih.gov/articles/PMC6467966/	pdfs/patel_2019_pmid31024832.pdf		CAR_gd	downloaded_europepmc
review	Silva-Santos B, Mensurado S, Coffelt SB	γδ T cells: pleiotropic immune effectors with therapeutic potential in cancer.	Nature reviews. Cancer	2019	31209264	10.1038/s41568-019-0153-5	PMC7614706	https://pmc.ncbi.nlm.nih.gov/articles/PMC7614706/	pdfs/silvasantos_2019_pmid31209264.pdf		tumor_infiltrating;immunosuppression;clinical	downloaded_europepmc
review	Lo Presti E, Corsale AM, Dieli F et al.	γδ cell-based immunotherapy for cancer.	Expert opinion on biological therapy	2019	31220420	10.1080/14712598.2019.1634050		https://doi.org/10.1080/14712598.2019.1634050			adoptive_expansion;tumor_infiltrating;mechanism_cytotox;clinical	no_pmcid
review	Toia F, Di Stefano AB, Meraviglia S et al.	Γδ T Cell-Based Immunotherapy in Melanoma: State of the Art.	Journal of oncology	2019	31239842	10.1155/2019/9014607	PMC6556315	https://pmc.ncbi.nlm.nih.gov/articles/PMC6556315/	pdfs/toia_2019_pmid31239842.pdf		adoptive_expansion;tumor_infiltrating;melanoma	downloaded_europepmc
review	Bertaina A, Roncarolo MG	Graft Engineering and Adoptive Immunotherapy: New Approaches to Promote Immune Tolerance After Hematopoietic Stem Cell Transplantation.	Frontiers in immunology	2019	31354695	10.3389/fimmu.2019.01342	PMC6635579	https://pmc.ncbi.nlm.nih.gov/articles/PMC6635579/	pdfs/bertaina_2019_pmid31354695.pdf		CAR_gd;adoptive_expansion;immunosuppression;leukemia	downloaded_europepmc
review	Li R, Johnson R, Yu G et al.	Preservation of cell-based immunotherapies for clinical trials.	Cytotherapy	2019	31416704	10.1016/j.jcyt.2019.07.004	PMC6746578	https://pmc.ncbi.nlm.nih.gov/articles/PMC6746578/			CAR_gd;mechanism_cytotox;immunosuppression;clinical	not_available_oa
review	Dantzler KW, de la Parte L, Jagannathan P	Emerging role of γδ T cells in vaccine-mediated protection from infectious diseases.	Clinical & translational immunology	2019	31485329	10.1002/cti2.1072	PMC6712516	https://pmc.ncbi.nlm.nih.gov/articles/PMC6712516/	pdfs/dantzler_2019_pmid31485329.pdf		adoptive_expansion;mechanism_cytotox	downloaded_europepmc
review	Rivera-Torres J, San José E	Src Tyrosine Kinase Inhibitors: New Perspectives on Their Immune, Antiviral, and Senotherapeutic Potential.	Frontiers in pharmacology	2019	31619990	10.3389/fphar.2019.01011	PMC6759511	https://pmc.ncbi.nlm.nih.gov/articles/PMC6759511/	pdfs/riveratorres_2019_pmid31619990.pdf		leukemia	downloaded_europepmc
review	Raverdeau M, Cunningham SP, Harmon C et al.	γδ T cells in cancer: a small population of lymphocytes with big implications.	Clinical & translational immunology	2019	31624593	10.1002/cti2.1080	PMC6787154	https://pmc.ncbi.nlm.nih.gov/articles/PMC6787154/	pdfs/raverdeau_2019_pmid31624593.pdf		immunosuppression	downloaded_europepmc
review	Das UN	Can Bioactive Lipids Augment Anti-cancer Action of Immunotherapy and Prevent Cytokine Storm?	Archives of medical research	2019	31677539	10.1016/j.arcmed.2019.10.004		https://doi.org/10.1016/j.arcmed.2019.10.004			tumor_infiltrating;mechanism_cytotox;immunosuppression	no_pmcid
review	Chen X, Morrissey S, Chen F et al.	Novel Insight Into the Molecular and Metabolic Mechanisms Orchestrating IL-17 Production in γδ T Cells.	Frontiers in immunology	2019	31849992	10.3389/fimmu.2019.02828	PMC6901783	https://pmc.ncbi.nlm.nih.gov/articles/PMC6901783/	pdfs/chen_2019_pmid31849992.pdf		immunosuppression	downloaded_europepmc
review	Nussbaumer O, Koslowski M	The emerging role of γδ T cells in cancer immunotherapy.	Immuno-oncology technology	2019	35755322	10.1016/j.iotech.2019.06.002	PMC9216673	https://pmc.ncbi.nlm.nih.gov/articles/PMC9216673/	pdfs/nussbaumer_2019_pmid35755322.pdf		CAR_gd;adoptive_expansion;clinical	downloaded_europepmc
review	Zhao Y, Niu C, Cui J	Gamma-delta (γδ) T cells: friend or foe in cancer development?	Journal of translational medicine	2018	29316940	10.1186/s12967-017-1378-2	PMC5761189	https://pmc.ncbi.nlm.nih.gov/articles/PMC5761189/	pdfs/zhao_2018_pmid29316940.pdf		adoptive_expansion;tumor_infiltrating;mechanism_cytotox;checkpoint;immunosuppression	downloaded_europepmc
review	Lo Presti E, Di Mitri R, Pizzolato G et al.	γδ cells and tumor microenvironment: A helpful or a dangerous liason?	Journal of leukocyte biology	2018	29345336	10.1002/JLB.5MR0717-275RR		https://doi.org/10.1002/JLB.5MR0717-275RR			adoptive_expansion;tumor_infiltrating;clinical	no_pmcid
review	Handgretinger R, Schilbach K	The potential role of γδ T cells after allogeneic HCT for leukemia.	Blood	2018	29358176	10.1182/blood-2017-08-752162		https://doi.org/10.1182/blood-2017-08-752162			adoptive_expansion;leukemia	no_pmcid
review	Vermijlen D, Gatti D, Kouzeli A et al.	γδ T cell responses: How many ligands will it take till we know?	Seminars in cell & developmental biology	2018	29402644	10.1016/j.semcdb.2017.10.009		https://doi.org/10.1016/j.semcdb.2017.10.009			leukemia	no_pmcid
review	Bronnimann MP, Skinner PJ, Connick E	The B-Cell Follicle in HIV Infection: Barrier to a Cure.	Frontiers in immunology	2018	29422894	10.3389/fimmu.2018.00020	PMC5788973	https://pmc.ncbi.nlm.nih.gov/articles/PMC5788973/	pdfs/bronnimann_2018_pmid29422894.pdf		CAR_gd;bispecific_engager;immunosuppression	downloaded_europepmc
review	Saudemont A, Jespers L, Clay T	Current Status of Gene Engineering Cell Therapeutics.	Frontiers in immunology	2018	29459866	10.3389/fimmu.2018.00153	PMC5807372	https://pmc.ncbi.nlm.nih.gov/articles/PMC5807372/	pdfs/saudemont_2018_pmid29459866.pdf		CAR_gd;adoptive_expansion;immunosuppression	downloaded_europepmc
review	Gu S, Borowska MT, Boughter CT et al.	Butyrophilin3A proteins and Vγ9Vδ2 T cell activation.	Seminars in cell & developmental biology	2018	29471037	10.1016/j.semcdb.2018.02.007	PMC6129423	https://pmc.ncbi.nlm.nih.gov/articles/PMC6129423/			phosphoantigen_BTN;Vd2_Vg9	not_available_oa
review	Godfrey DI, Le Nours J, Andrews DM et al.	Unconventional T Cell Targets for Cancer Immunotherapy.	Immunity	2018	29562195	10.1016/j.immuni.2018.03.009		https://doi.org/10.1016/j.immuni.2018.03.009				no_pmcid
review	Hoeres T, Smetak M, Pretscher D et al.	Improving the Efficiency of Vγ9Vδ2 T-Cell Immunotherapy in Cancer.	Frontiers in immunology	2018	29725332	10.3389/fimmu.2018.00800	PMC5916964	https://pmc.ncbi.nlm.nih.gov/articles/PMC5916964/	pdfs/hoeres_2018_pmid29725332.pdf		adoptive_expansion;Vd2_Vg9;tumor_infiltrating;mechanism_cytotox;checkpoint	downloaded_europepmc
review	Boutin L, Scotet E	Towards Deciphering the Hidden Mechanisms That Contribute to the Antigenic Activation Process of Human Vγ9Vδ2 T Cells.	Frontiers in immunology	2018	29731756	10.3389/fimmu.2018.00828	PMC5919976	https://pmc.ncbi.nlm.nih.gov/articles/PMC5919976/	pdfs/boutin_2018_pmid29731756.pdf		phosphoantigen_BTN;Vd2_Vg9	downloaded_europepmc
review	Van Acker HH, Campillo-Davo D, Roex G et al.	The role of the common gamma-chain family cytokines in γδ T cell-based anti-cancer immunotherapy.	Cytokine & growth factor reviews	2018	29773448	10.1016/j.cytogfr.2018.05.002		https://doi.org/10.1016/j.cytogfr.2018.05.002				no_pmcid
review	Pauza CD, Liou ML, Lahusen T et al.	Gamma Delta T Cell Therapy for Cancer: It Is Good to be Local.	Frontiers in immunology	2018	29937769	10.3389/fimmu.2018.01305	PMC6003257	https://pmc.ncbi.nlm.nih.gov/articles/PMC6003257/	pdfs/pauza_2018_pmid29937769.pdf		CAR_gd;aminobisphosphonate;Vd2_Vg9;checkpoint	downloaded_europepmc
review	Lo Presti E, Pizzolato G, Corsale AM et al.	γδ T Cells and Tumor Microenvironment: From Immunosurveillance to Tumor Evasion.	Frontiers in immunology	2018	29963061	10.3389/fimmu.2018.01395	PMC6013569	https://pmc.ncbi.nlm.nih.gov/articles/PMC6013569/	pdfs/lo_2018_pmid29963061.pdf		adoptive_expansion;tumor_infiltrating;mechanism_cytotox;immunosuppression	downloaded_europepmc
review	Fisher J, Anderson J	Engineering Approaches in Human Gamma Delta T Cells for Cancer Immunotherapy.	Frontiers in immunology	2018	29997614	10.3389/fimmu.2018.01409	PMC6028554	https://pmc.ncbi.nlm.nih.gov/articles/PMC6028554/	pdfs/fisher_2018_pmid29997614.pdf		CAR_gd	downloaded_europepmc
review	Blazquez JL, Benyamine A, Pasero C et al.	New Insights Into the Regulation of γδ T Cells by BTN3A and Other BTN/BTNL in Tumor Immunity.	Frontiers in immunology	2018	30050536	10.3389/fimmu.2018.01601	PMC6050389	https://pmc.ncbi.nlm.nih.gov/articles/PMC6050389/	pdfs/blazquez_2018_pmid30050536.pdf		phosphoantigen_BTN;Vd2_Vg9;tumor_infiltrating;leukemia;pancreatic	downloaded_europepmc
review	Stolk D, van der Vliet HJ, de Gruijl TD et al.	Positive & Negative Roles of Innate Effector Cells in Controlling Cancer Progression.	Frontiers in immunology	2018	30298063	10.3389/fimmu.2018.01990	PMC6161645	https://pmc.ncbi.nlm.nih.gov/articles/PMC6161645/	pdfs/stolk_2018_pmid30298063.pdf		immunosuppression;clinical;leukemia	downloaded_europepmc
review	Zou C, Zhao P, Xiao Z et al.	γδ T cells in cancer immunotherapy.	Oncotarget	2017	27823972	10.18632/oncotarget.13051	PMC5352452	https://pmc.ncbi.nlm.nih.gov/articles/PMC5352452/	pdfs/zou_2017_pmid27823972.pdf		adoptive_expansion;mechanism_cytotox;clinical	downloaded_europepmc
review	Ochoa MC, Minute L, Rodriguez I et al.	Antibody-dependent cell cytotoxicity: immunotherapy strategies enhancing effector NK cells.	Immunology and cell biology	2017	28138156	10.1038/icb.2017.6		https://doi.org/10.1038/icb.2017.6			adoptive_expansion;mechanism_cytotox;checkpoint	no_pmcid
review	Khairallah C, Déchanet-Merville J, Capone M	γδ T Cell-Mediated Immunity to Cytomegalovirus Infection.	Frontiers in immunology	2017	28232834	10.3389/fimmu.2017.00105	PMC5298998	https://pmc.ncbi.nlm.nih.gov/articles/PMC5298998/	pdfs/khairallah_2017_pmid28232834.pdf		adoptive_expansion;mechanism_cytotox;leukemia	downloaded_europepmc
review	Preethy S, Dedeepiya VD, Senthilkumar R et al.	Natural killer cells as a promising tool to tackle cancer-A review of sources, methodologies, and potentials.	International reviews of immunology	2017	28471248	10.1080/08830185.2017.1284209		https://doi.org/10.1080/08830185.2017.1284209			adoptive_expansion;mechanism_cytotox	no_pmcid
review	Zhang W, Jing HM, Wang JJ et al.	[Research Progress of Cell Immunotherapy in Treatment of Hematological Malignancies-Review].	Zhongguo shi yan xue ye xue za zhi	2017	28641664	10.7534/j.issn.1009-2137.2017.03.055		https://doi.org/10.7534/j.issn.1009-2137.2017.03.055				no_pmcid
review	Kabelitz D, Lettau M, Janssen O	Immunosurveillance by human γδ T lymphocytes: the emerging role of butyrophilins.	F1000Research	2017	28649364	10.12688/f1000research.11057.1	PMC5464295	https://pmc.ncbi.nlm.nih.gov/articles/PMC5464295/	pdfs/kabelitz_2017_pmid28649364.pdf		phosphoantigen_BTN	downloaded_europepmc
review	Hodgins NO, Wang JT, Al-Jamal KT	Nano-technology based carriers for nitrogen-containing bisphosphonates delivery as sensitisers of γδ T cells for anticancer immunotherapy.	Advanced drug delivery reviews	2017	28694026	10.1016/j.addr.2017.07.003		https://doi.org/10.1016/j.addr.2017.07.003			aminobisphosphonate;adoptive_expansion;mechanism_cytotox	no_pmcid
review	Chitadze G, Oberg HH, Wesch D et al.	The Ambiguous Role of γδ T Lymphocytes in Antitumor Immunity.	Trends in immunology	2017	28709825	10.1016/j.it.2017.06.004		https://doi.org/10.1016/j.it.2017.06.004			immunosuppression	no_pmcid
review	Lawand M, Déchanet-Merville J, Dieu-Nosjean MC	Key Features of Gamma-Delta T-Cell Subsets in Human Diseases and Their Immunotherapeutic Implications.	Frontiers in immunology	2017	28713381	10.3389/fimmu.2017.00761	PMC5491929	https://pmc.ncbi.nlm.nih.gov/articles/PMC5491929/	pdfs/lawand_2017_pmid28713381.pdf		mechanism_cytotox	downloaded_europepmc
review	Fleming C, Morrissey S, Cai Y et al.	γδ T Cells: Unexpected Regulators of Cancer Development and Progression.	Trends in cancer	2017	28780933	10.1016/j.trecan.2017.06.003	PMC5551453	https://pmc.ncbi.nlm.nih.gov/articles/PMC5551453/			tumor_infiltrating;checkpoint;immunosuppression	not_available_oa
review	Lo Presti E, Pizzolato G, Gulotta E et al.	Current Advances in γδ T Cell-Based Tumor Immunotherapy.	Frontiers in immunology	2017	29163482	10.3389/fimmu.2017.01401	PMC5663908	https://pmc.ncbi.nlm.nih.gov/articles/PMC5663908/	pdfs/lo_2017_pmid29163482.pdf		phosphoantigen_BTN;aminobisphosphonate;adoptive_expansion;Vd1;Vd2_Vg9;mechanism_cytotox;clinical	downloaded_europepmc
review	Hu Y, Cui Q, Luo C et al.	A promising sword of tomorrow: Human γδ T cell strategies reconcile allo-HSCT complications.	Blood reviews	2016	26654098	10.1016/j.blre.2015.11.002		https://doi.org/10.1016/j.blre.2015.11.002			adoptive_expansion;tumor_infiltrating;mechanism_cytotox;immunosuppression	no_pmcid
review	Paul S, Lal G	Regulatory and effector functions of gamma-delta (γδ) T cells and their therapeutic potential in adoptive cellular therapy for cancer.	International journal of cancer	2016	27012367	10.1002/ijc.30109		https://doi.org/10.1002/ijc.30109			adoptive_expansion;tumor_infiltrating;mechanism_cytotox;immunosuppression;clinical	no_pmcid
review	Mirzaei HR, Mirzaei H, Lee SY et al.	Prospects for chimeric antigen receptor (CAR) γδ T cells: A potential game changer for adoptive T cell cancer immunotherapy.	Cancer letters	2016	27392648	10.1016/j.canlet.2016.07.001	PMC5003697	https://pmc.ncbi.nlm.nih.gov/articles/PMC5003697/			CAR_gd;adoptive_expansion;immunosuppression;leukemia;melanoma	not_available_oa
review	Lin Y, Okada H	Cellular immunotherapy for malignant gliomas.	Expert opinion on biological therapy	2016	27434205	10.1080/14712598.2016.1214266	PMC5133460	https://pmc.ncbi.nlm.nih.gov/articles/PMC5133460/			CAR_gd;adoptive_expansion;tumor_infiltrating;immunosuppression;clinical;glioma	not_available_oa
review	Li K, Zhang Q, Zhang Y et al.	T-cell-associated cellular immunotherapy for lung cancer.	Journal of cancer research and clinical oncology	2015	25381064	10.1007/s00432-014-1867-0	PMC11823499	https://pmc.ncbi.nlm.nih.gov/articles/PMC11823499/	pdfs/li_2015_pmid25381064.pdf		tumor_infiltrating;mechanism_cytotox;lung	downloaded_europepmc
review	Fowler DW, Bodman-Smith MD	Harnessing the power of Vδ2 cells in cancer immunotherapy.	Clinical and experimental immunology	2015	25469879	10.1111/cei.12564	PMC4367088	https://pmc.ncbi.nlm.nih.gov/articles/PMC4367088/			Vd2_Vg9;mechanism_cytotox	not_available_oa
review	Mesiano G, Leuci V, Giraudo L et al.	Adoptive immunotherapy against sarcomas.	Expert opinion on biological therapy	2015	25516119	10.1517/14712598.2015.987121		https://doi.org/10.1517/14712598.2015.987121			adoptive_expansion;tumor_infiltrating;clinical;melanoma	no_pmcid
review	Woo SR, Corrales L, Gajewski TF	Innate immune recognition of cancer.	Annual review of immunology	2015	25622193	10.1146/annurev-immunol-032414-112043		https://doi.org/10.1146/annurev-immunol-032414-112043			checkpoint	no_pmcid
review	Couzi L, Pitard V, Moreau JF et al.	Direct and Indirect Effects of Cytomegalovirus-Induced γδ T Cells after Kidney Transplantation.	Frontiers in immunology	2015	25653652	10.3389/fimmu.2015.00003	PMC4301015	https://pmc.ncbi.nlm.nih.gov/articles/PMC4301015/	pdfs/couzi_2015_pmid25653652.pdf		adoptive_expansion;Vd2_Vg9;tumor_infiltrating;mechanism_cytotox;immunosuppression;leukemia	downloaded_europepmc
review	Tyler CJ, Doherty DG, Moser B et al.	Human Vγ9/Vδ2 T cells: Innate adaptors of the immune system.	Cellular immunology	2015	25659480	10.1016/j.cellimm.2015.01.008		https://doi.org/10.1016/j.cellimm.2015.01.008			adoptive_expansion;Vd2_Vg9;immunosuppression	no_pmcid
review	Rei M, Pennington DJ, Silva-Santos B	The emerging Protumor role of γδ T lymphocytes: implications for cancer immunotherapy.	Cancer research	2015	25660949	10.1158/0008-5472.CAN-14-3228		https://doi.org/10.1158/0008-5472.CAN-14-3228			tumor_infiltrating;immunosuppression	no_pmcid
review	Ribeiro ST, Ribot JC, Silva-Santos B	Five Layers of Receptor Signaling in γδ T-Cell Differentiation and Activation.	Frontiers in immunology	2015	25674089	10.3389/fimmu.2015.00015	PMC4306313	https://pmc.ncbi.nlm.nih.gov/articles/PMC4306313/	pdfs/ribeiro_2015_pmid25674089.pdf		adoptive_expansion;mechanism_cytotox;checkpoint	downloaded_europepmc
review	Kobayashi H, Tanaka Y	γδ T Cell Immunotherapy-A Review.	Pharmaceuticals (Basel, Switzerland)	2015	25686210	10.3390/ph8010040	PMC4381201	https://pmc.ncbi.nlm.nih.gov/articles/PMC4381201/	pdfs/kobayashi_2015_pmid25686210.pdf		phosphoantigen_BTN;aminobisphosphonate;adoptive_expansion;Vd2_Vg9;clinical	downloaded_europepmc
review	Minculescu L, Sengeløv H	The role of gamma delta T cells in haematopoietic stem cell transplantation.	Scandinavian journal of immunology	2015	25753378	10.1111/sji.12289		https://doi.org/10.1111/sji.12289			adoptive_expansion;mechanism_cytotox	no_pmcid
review	Zhang J, Basher F, Wu JD	NKG2D Ligands in Tumor Immunity: Two Sides of a Coin.	Frontiers in immunology	2015	25788898	10.3389/fimmu.2015.00097	PMC4349182	https://pmc.ncbi.nlm.nih.gov/articles/PMC4349182/	pdfs/zhang_2015_pmid25788898.pdf		tumor_infiltrating;mechanism_cytotox;leukemia	downloaded_europepmc
review	Legut M, Cole DK, Sewell AK	The promise of γδ T cells and the γδ T cell receptor for cancer immunotherapy.	Cellular & molecular immunology	2015	25864915	10.1038/cmi.2015.28	PMC4716630	https://pmc.ncbi.nlm.nih.gov/articles/PMC4716630/	pdfs/legut_2015_pmid25864915.pdf		leukemia	downloaded_europepmc
review	Pan Q, Li Q, Liu S et al.	Concise Review: Targeting Cancer Stem Cells Using Immunologic Approaches.	Stem cells (Dayton, Ohio)	2015	25873269	10.1002/stem.2039	PMC4478204	https://pmc.ncbi.nlm.nih.gov/articles/PMC4478204/			adoptive_expansion;tumor_infiltrating;checkpoint;immunosuppression	not_available_oa
review	Dosani T, Carlsten M, Maric I et al.	The cellular immune system in myelomagenesis: NK cells and T cells in the development of myeloma [corrected] and their uses in immunotherapies.	Blood cancer journal	2015	25885426	10.1038/bcj.2015.32	PMC4450330	https://pmc.ncbi.nlm.nih.gov/articles/PMC4450330/	pdfs/dosani_2015_pmid25885426.pdf		immunosuppression;myeloma	downloaded_europepmc
review	Shi H, Qi X, Ma B et al.	The status, limitation and improvement of adoptive cellular immunotherapy in advanced urologic malignancies.	Chinese journal of cancer research = Chung-kuo yen cheng yen chiu	2015	25937774	10.3978/j.issn.1000-9604.2014.12.15	PMC4409967	https://pmc.ncbi.nlm.nih.gov/articles/PMC4409967/	pdfs/shi_2015_pmid25937774.pdf		CAR_gd;adoptive_expansion;tumor_infiltrating;immunosuppression;clinical	downloaded_europepmc
review	Xiong Y, Bensoussan D, Decot V	Adoptive Immunotherapies After Allogeneic Hematopoietic Stem Cell Transplantation in Patients With Hematologic Malignancies.	Transfusion medicine reviews	2015	26282736	10.1016/j.tmrv.2015.07.001		https://doi.org/10.1016/j.tmrv.2015.07.001			adoptive_expansion;mechanism_cytotox;immunosuppression;clinical	no_pmcid
review	Van Acker HH, Anguille S, Van Tendeloo VF et al.	Empowering gamma delta T cells with antitumor immunity by dendritic cell-based immunotherapy.	Oncoimmunology	2015	26405575	10.1080/2162402X.2015.1021538	PMC4570126	https://pmc.ncbi.nlm.nih.gov/articles/PMC4570126/	pdfs/van_2015_pmid26405575.pdf		mechanism_cytotox;leukemia	downloaded_europepmc
review	Silva-Santos B, Serre K, Norell H	γδ T cells in cancer.	Nature reviews. Immunology	2015	26449179	10.1038/nri3904		https://doi.org/10.1038/nri3904			mechanism_cytotox	no_pmcid
review	Yamaguchi Y, Katata Y, Okawaki M et al.	[Current Cancer Immunotherapy Using Activated Lymphocytes - Do Lymphocytes Actually Recognize Cancer Cells ?].	Gan to kagaku ryoho. Cancer & chemotherapy	2015	26469157			https://pubmed.ncbi.nlm.nih.gov/26469157/			CAR_gd;adoptive_expansion;tumor_infiltrating	no_pmcid
review	Meraviglia S, Lo Presti E, Dieli F et al.	γδ T cell-based anticancer immunotherapy: progress and possibilities.	Immunotherapy	2015	26569071	10.2217/imt.15.68		https://doi.org/10.2217/imt.15.68				no_pmcid
review	Wu YL, Ding YP, Tanaka Y et al.	γδ T cells and their potential for immunotherapy.	International journal of biological sciences	2014	24520210	10.7150/ijbs.7823	PMC3920167	https://pmc.ncbi.nlm.nih.gov/articles/PMC3920167/	pdfs/wu_2014_pmid24520210.pdf		phosphoantigen_BTN;Vd2_Vg9;mechanism_cytotox;clinical	downloaded_europepmc
review	Shibata M, Gonda K, Kumamoto K et al.	[Immunological cell therapy].	Nihon rinsho. Japanese journal of clinical medicine	2014	24597347			https://pubmed.ncbi.nlm.nih.gov/24597347/			mechanism_cytotox;checkpoint;colorectal	no_pmcid
review	Marcus A, Eshhar Z	Allogeneic chimeric antigen receptor-modified cells for adoptive cell therapy of cancer.	Expert opinion on biological therapy	2014	24661086	10.1517/14712598.2014.900540		https://doi.org/10.1517/14712598.2014.900540			CAR_gd;adoptive_expansion;mechanism_cytotox;clinical	no_pmcid
review	Gustafsson K, Anderson J, Fisher JPH et al.	Regeneration of stalled immune responses to transformed and infected cells using γδ T cells.	Drug discovery today	2014	24681060	10.1016/j.drudis.2014.03.021	PMC4437461	https://pmc.ncbi.nlm.nih.gov/articles/PMC4437461/	pdfs/gustafsson_2014_pmid24681060.pdf		adoptive_expansion;mechanism_cytotox	downloaded_europepmc
review	Fisher JP, Heuijerjans J, Yan M et al.	γδ T cells for cancer immunotherapy: A systematic review of clinical trials.	Oncoimmunology	2014	24734216	10.4161/onci.27572	PMC3984269	https://pmc.ncbi.nlm.nih.gov/articles/PMC3984269/	pdfs/fisher_2014_pmid24734216.pdf	supplements/24734216_PMC3984269/	adoptive_expansion;mechanism_cytotox;clinical;lung;prostate;renal	downloaded_europepmc
review	Siegers GM, Lamb LS	Cytotoxic and regulatory properties of circulating Vδ1+ γδ T cells: a new player on the cell therapy field?	Molecular therapy : the journal of the American Society of Gene Therapy	2014	24895997	10.1038/mt.2014.104	PMC4435582	https://pmc.ncbi.nlm.nih.gov/articles/PMC4435582/	pdfs/siegers_2014_pmid24895997.pdf		phosphoantigen_BTN;adoptive_expansion;Vd1;Vd2_Vg9;mechanism_cytotox;immunosuppression	downloaded_europepmc
review	Wang J, Wang X	Beyond chemotherapy and targeted therapy: adoptive cellular therapy in non-small cell lung cancer.	Molecular biology reports	2014	24969486	10.1007/s11033-014-3514-x		https://doi.org/10.1007/s11033-014-3514-x			adoptive_expansion;tumor_infiltrating;clinical;lung	no_pmcid
review	Dar AA, Patil RS, Chiplunkar SV	Insights into the Relationship between Toll Like Receptors and Gamma Delta T Cell Responses.	Frontiers in immunology	2014	25132835	10.3389/fimmu.2014.00366	PMC4116803	https://pmc.ncbi.nlm.nih.gov/articles/PMC4116803/	pdfs/dar_2014_pmid25132835.pdf		tumor_infiltrating;mechanism_cytotox;immunosuppression	downloaded_europepmc
review	Ramutton T, Buccheri S, Dieli F et al.	γδ T cells as a potential tool in colon cancer immunotherapy.	Immunotherapy	2014	25341120	10.2217/imt.14.59		https://doi.org/10.2217/imt.14.59			mechanism_cytotox;colorectal	no_pmcid
review	Khan MW, Eberl M, Moser B	Potential Use of γδ T Cell-Based Vaccines in Cancer Immunotherapy.	Frontiers in immunology	2014	25374569	10.3389/fimmu.2014.00512	PMC4204533	https://pmc.ncbi.nlm.nih.gov/articles/PMC4204533/	pdfs/khan_2014_pmid25374569.pdf		checkpoint;clinical	downloaded_europepmc
review	Latha TS, Reddy MC, Durbaka PV et al.	γδ T Cell-Mediated Immune Responses in Disease and Therapy.	Frontiers in immunology	2014	25426120	10.3389/fimmu.2014.00571	PMC4225745	https://pmc.ncbi.nlm.nih.gov/articles/PMC4225745/	pdfs/latha_2014_pmid25426120.pdf		phosphoantigen_BTN;aminobisphosphonate;Vd2_Vg9;mechanism_cytotox	downloaded_europepmc
review	Poggi A, Zocchi MR	γδ T Lymphocytes as a First Line of Immune Defense: Old and New Ways of Antigen Recognition and Implications for Cancer Immunotherapy.	Frontiers in immunology	2014	25426121	10.3389/fimmu.2014.00575	PMC4226920	https://pmc.ncbi.nlm.nih.gov/articles/PMC4226920/	pdfs/poggi_2014_pmid25426121.pdf		phosphoantigen_BTN;aminobisphosphonate;Vd1;Vd2_Vg9;clinical	downloaded_europepmc
review	Wesch D, Peters C, Siegers GM	Human gamma delta T regulatory cells in cancer: fact or fiction?	Frontiers in immunology	2014	25477885	10.3389/fimmu.2014.00598	PMC4238407	https://pmc.ncbi.nlm.nih.gov/articles/PMC4238407/	pdfs/wesch_2014_pmid25477885.pdf		tumor_infiltrating;mechanism_cytotox;immunosuppression;breast;colorectal	downloaded_europepmc
review	Deniger DC, Moyes JS, Cooper LJ	Clinical applications of gamma delta T cells with multivalent immunity.	Frontiers in immunology	2014	25566249	10.3389/fimmu.2014.00636	PMC4263175	https://pmc.ncbi.nlm.nih.gov/articles/PMC4263175/	pdfs/deniger_2014_pmid25566249.pdf		CAR_gd;aminobisphosphonate;adoptive_expansion;Vd1;Vd2_Vg9;clinical	downloaded_europepmc
review	Oberg HH, Kellner C, Peipp M et al.	Monitoring Circulating γδ T Cells in Cancer Patients to Optimize γδ T Cell-Based Immunotherapy.	Frontiers in immunology	2014	25566256	10.3389/fimmu.2014.00643	PMC4269191	https://pmc.ncbi.nlm.nih.gov/articles/PMC4269191/	pdfs/oberg_2014_pmid25566256.pdf		aminobisphosphonate;bispecific_engager;adoptive_expansion;tumor_infiltrating;mechanism_cytotox;immunosuppression	downloaded_europepmc
review	van Beek JJ, Wimmers F, Hato SV et al.	Dendritic cell cross talk with innate and innate-like effector cells in antitumor immunity: implications for DC vaccination.	Critical reviews in immunology	2014	25597314	10.1615/critrevimmunol.2014012204		https://doi.org/10.1615/critrevimmunol.2014012204			adoptive_expansion	no_pmcid
review	Pauza CD, Poonia B, Li H et al.	γδ T Cells in HIV Disease: Past, Present, and Future.	Frontiers in immunology	2014	25688241	10.3389/fimmu.2014.00687	PMC4311680	https://pmc.ncbi.nlm.nih.gov/articles/PMC4311680/	pdfs/pauza_2014_pmid25688241.pdf		Vd2_Vg9;mechanism_cytotox;immunosuppression;clinical	downloaded_europepmc
review	Kakimi K, Matsushita H, Murakawa T et al.	γδ T cell therapy for the treatment of non-small cell lung cancer.	Translational lung cancer research	2014	25806278	10.3978/j.issn.2218-6751.2013.11.01	PMC4367606	https://pmc.ncbi.nlm.nih.gov/articles/PMC4367606/	pdfs/kakimi_2014_pmid25806278.pdf		phosphoantigen_BTN;aminobisphosphonate;adoptive_expansion;Vd2_Vg9;mechanism_cytotox;clinical;leukemia;lung	downloaded_europepmc
review	Li Z	Potential of human γδ T cells for immunotherapy of osteosarcoma.	Molecular biology reports	2013	23065272	10.1007/s11033-012-2077-y		https://doi.org/10.1007/s11033-012-2077-y			aminobisphosphonate;adoptive_expansion;renal	no_pmcid
review	Fournié JJ, Sicard H, Poupot M et al.	What lessons can be learned from γδ T cell-based cancer immunotherapy trials?	Cellular & molecular immunology	2013	23241899	10.1038/cmi.2012.39	PMC4003170	https://pmc.ncbi.nlm.nih.gov/articles/PMC4003170/	pdfs/fournié_2013_pmid23241899.pdf		clinical;leukemia;lymphoma;myeloma;breast;prostate;renal	downloaded_europepmc
review	Zheng YW, Li RM, Zhang XW et al.	Current adoptive immunotherapy in non-small cell lung cancer and potential influence of therapy outcome.	Cancer investigation	2013	23477587	10.3109/07357907.2013.775294		https://doi.org/10.3109/07357907.2013.775294			adoptive_expansion;tumor_infiltrating;lung	no_pmcid
review	Locatelli F, Merli P, Rutella S	At the Bedside: Innate immunity as an immunotherapy tool for hematological malignancies.	Journal of leukocyte biology	2013	24096380	10.1189/jlb.0613343		https://doi.org/10.1189/jlb.0613343			CAR_gd;aminobisphosphonate;adoptive_expansion;clinical;leukemia	no_pmcid
review	Norell H, Moretta A, Silva-Santos B et al.	At the Bench: Preclinical rationale for exploiting NK cells and γδ T lymphocytes for the treatment of high-risk leukemias.	Journal of leukocyte biology	2013	24108703	10.1189/jlb.0613312		https://doi.org/10.1189/jlb.0613312			leukemia	no_pmcid
review	Gogoi D, Chiplunkar SV	Targeting gamma delta T cells for cancer immunotherapy: bench to bedside.	The Indian journal of medical research	2013	24434328		PMC3928706	https://pmc.ncbi.nlm.nih.gov/articles/PMC3928706/	pdfs/gogoi_2013_pmid24434328.pdf		phosphoantigen_BTN;aminobisphosphonate;Vd2_Vg9;mechanism_cytotox;clinical	downloaded_europepmc
review	Kohrt HE, Houot R, Marabelle A et al.	Combination strategies to enhance antitumor ADCC.	Immunotherapy	2012	22642334	10.2217/imt.12.38	PMC3386352	https://pmc.ncbi.nlm.nih.gov/articles/PMC3386352/			mechanism_cytotox;immunosuppression	not_available_oa
review	Riganti C, Massaia M, Davey MS et al.	Human γδ T-cell responses in infection and immunotherapy: common mechanisms, common mediators?	European journal of immunology	2012	22806069	10.1002/eji.201242492		https://doi.org/10.1002/eji.201242492			phosphoantigen_BTN;aminobisphosphonate;Vd2_Vg9	no_pmcid
review	Marquez-Medina D, Salla-Fortuny J, Salud-Salvia A	Role of gamma-delta T-cells in cancer: another opening door to immunotherapy.	Clinical & translational oncology : official publication of the Federation of Spanish Oncology Societies and of the National Cancer Institute of Mexico	2012	23054752	10.1007/s12094-012-0935-7		https://doi.org/10.1007/s12094-012-0935-7			clinical	no_pmcid
review	Ramstead AG, Jutila MA	Complex role of γδ T-cell-derived cytokines and growth factors in cancer.	Journal of interferon & cytokine research : the official journal of the International Society for Interferon and Cytokine Research	2012	23078623	10.1089/jir.2012.0073	PMC3514002	https://pmc.ncbi.nlm.nih.gov/articles/PMC3514002/	pdfs/ramstead_2012_pmid23078623.pdf		immunosuppression	downloaded_europepmc
review	Copier J, Bodman-Smith M, Dalgleish A	Current status and future applications of cellular therapies for cancer.	Immunotherapy	2011	21463192	10.2217/imt.11.18		https://doi.org/10.2217/imt.11.18			clinical;melanoma	no_pmcid
review	Yoshida Y, Nakajima J, Wada H et al.	γδ T-cell immunotherapy for lung cancer.	Surgery today	2011	21533930	10.1007/s00595-010-4478-7		https://doi.org/10.1007/s00595-010-4478-7			phosphoantigen_BTN;mechanism_cytotox;clinical;lymphoma;myeloma;lung	no_pmcid
review	Capietto AH, Martinet L, Fournié JJ	How tumors might withstand γδ T-cell attack.	Cellular and molecular life sciences : CMLS	2011	21547501	10.1007/s00018-011-0705-7	PMC11115001	https://pmc.ncbi.nlm.nih.gov/articles/PMC11115001/	pdfs/capietto_2011_pmid21547501.pdf		phosphoantigen_BTN;Vd2_Vg9;clinical	downloaded_europepmc
review	Moser B, Eberl M	γδ T-APCs: a novel tool for immunotherapy?	Cellular and molecular life sciences : CMLS	2011	21573785	10.1007/s00018-011-0706-6	PMC11114695	https://pmc.ncbi.nlm.nih.gov/articles/PMC11114695/	pdfs/moser_2011_pmid21573785.pdf		Vd2_Vg9;leukemia	downloaded_europepmc
review	Kalyan S, Wesch D, Kabelitz D	Aminobisphosphonates and Toll-like receptor ligands: recruiting Vγ9Vδ2 T cells for the treatment of hematologic malignancy.	Current medicinal chemistry	2011	22087821	10.2174/092986711798184280		https://doi.org/10.2174/092986711798184280			aminobisphosphonate;Vd2_Vg9;mechanism_cytotox;immunosuppression	no_pmcid
review	Caccamo N, Dieli F, Meraviglia S et al.	Gammadelta T cell modulation in anticancer treatment.	Current cancer drug targets	2010	20088797	10.2174/156800910790980188		https://doi.org/10.2174/156800910790980188			phosphoantigen_BTN;adoptive_expansion;Vd2_Vg9;clinical	no_pmcid
review	Urban EM, Chapoval AI, Pauza CD	Repertoire development and the control of cytotoxic/effector function in human gammadelta T cells.	Clinical & developmental immunology	2010	20396597	10.1155/2010/732893	PMC2854522	https://pmc.ncbi.nlm.nih.gov/articles/PMC2854522/	pdfs/urban_2010_pmid20396597.pdf		phosphoantigen_BTN;Vd2_Vg9;mechanism_cytotox	downloaded_europepmc
review	Clézardin P, Massaia M	Nitrogen-containing bisphosphonates and cancer immunotherapy.	Current pharmaceutical design	2010	20722623	10.2174/138161210793563545		https://doi.org/10.2174/138161210793563545			aminobisphosphonate;adoptive_expansion;mechanism_cytotox	no_pmcid
review	Qiu FM, Li ZP, Huang J	[Research progress of gammadelta T cell-based immunotherapy].	Zhejiang da xue xue bao. Yi xue ban = Journal of Zhejiang University. Medical sciences	2010	20731045	10.3785/j.issn.1008-9292.2010.04.016		https://doi.org/10.3785/j.issn.1008-9292.2010.04.016			phosphoantigen_BTN;Vd2_Vg9;clinical;lymphoma;melanoma;breast;lung;prostate	no_pmcid
review	Meraviglia S, Caccamo N, Guggino G et al.	Optimizing tumor-reactive γδ T cells for antibody-based cancer immunotherapy.	Current molecular medicine	2010	20937023	10.2174/156652410793384150		https://doi.org/10.2174/156652410793384150			phosphoantigen_BTN;aminobisphosphonate;mechanism_cytotox;breast	no_pmcid
review	Hao J, Wu X, Xia S et al.	Current progress in γδ T-cell biology.	Cellular & molecular immunology	2010	21042298	10.1038/cmi.2010.50	PMC4002965	https://pmc.ncbi.nlm.nih.gov/articles/PMC4002965/	pdfs/hao_2010_pmid21042298.pdf		immunosuppression	downloaded_europepmc
review	Gomes AQ, Martins DS, Silva-Santos B	Targeting γδ T lymphocytes for cancer immunotherapy: from novel mechanistic insight to clinical application.	Cancer research	2010	21159627	10.1158/0008-5472.CAN-10-3236		https://doi.org/10.1158/0008-5472.CAN-10-3236			mechanism_cytotox;clinical	no_pmcid
review	Geiger C, Nössner E, Frankenberger B et al.	Harnessing innate and adaptive immunity for adoptive cell therapy of renal cell carcinoma.	Journal of molecular medicine (Berlin, Germany)	2009	19271159	10.1007/s00109-009-0455-2		https://doi.org/10.1007/s00109-009-0455-2			adoptive_expansion;immunosuppression;renal	no_pmcid
review	Martinet L, Poupot R, Fournié JJ	Pitfalls on the roadmap to gammadelta T cell-based cancer immunotherapies.	Immunology letters	2009	19465238	10.1016/j.imlet.2009.03.011		https://doi.org/10.1016/j.imlet.2009.03.011			Vd2_Vg9;mechanism_cytotox;clinical	no_pmcid
review	Lamb LS	Gammadelta T cells as immune effectors against high-grade gliomas.	Immunologic research	2009	19711198	10.1007/s12026-009-8114-9		https://doi.org/10.1007/s12026-009-8114-9			adoptive_expansion;leukemia;glioma	no_pmcid
review	Chiplunkar S, Dhar S, Wesch D et al.	gammadelta T cells in cancer immunotherapy: current status and future prospects.	Immunotherapy	2009	20635991	10.2217/imt.09.27		https://doi.org/10.2217/imt.09.27			phosphoantigen_BTN;aminobisphosphonate;adoptive_expansion;Vd2_Vg9;immunosuppression;clinical	no_pmcid
review	Percival SS, Bukowski JF, Milner J	Bioactive food components that enhance gammadelta T cell function may play a role in cancer prevention.	The Journal of nutrition	2008	18156395	10.1093/jn/138.1.1		https://doi.org/10.1093/jn/138.1.1			adoptive_expansion;mechanism_cytotox	no_pmcid
review	Kimura S	[Cancer immunotherapy using gammadelta T cells ex vivo expanded by bisphosphonate].	Clinical calcium	2008	18379032			https://pubmed.ncbi.nlm.nih.gov/18379032/			aminobisphosphonate;adoptive_expansion;clinical	no_pmcid
review	Caccamo N, Meraviglia S, Cicero G et al.	Aminobisphosphonates as new weapons for gammadelta T Cell-based immunotherapy of cancer.	Current medicinal chemistry	2008	18473809	10.2174/092986708784310468		https://doi.org/10.2174/092986708784310468			phosphoantigen_BTN;aminobisphosphonate	no_pmcid
review	Caccamo N, Meraviglia S, Scarpa F et al.	Aminobisphosphonate-activated gammadelta T cells in immunotherapy of cancer: doubts no more.	Expert opinion on biological therapy	2008	18549319	10.1517/14712598.8.7.875		https://doi.org/10.1517/14712598.8.7.875			aminobisphosphonate;clinical	no_pmcid
review	Dieli F, Caccamo N, Meraviglia S	Advances in immunotherapy of castration-resistant prostate cancer: bisphosphonates, phosphoantigens and more.	Current opinion in investigational drugs (London, England : 2000)	2008	18821471			https://pubmed.ncbi.nlm.nih.gov/18821471/			phosphoantigen_BTN;aminobisphosphonate;prostate	no_pmcid
review	Kabelitz D, Wesch D, He W	Perspectives of gammadelta T cells in tumor immunology.	Cancer research	2007	17210676	10.1158/0008-5472.CAN-06-3069		https://doi.org/10.1158/0008-5472.CAN-06-3069			phosphoantigen_BTN;aminobisphosphonate;adoptive_expansion;Vd1;Vd2_Vg9;mechanism_cytotox;leukemia;lymphoma	no_pmcid
review	Thedrez A, Sabourin C, Gertner J et al.	Self/non-self discrimination by human gammadelta T cells: simple solutions for a complex issue?	Immunological reviews	2007	17291284	10.1111/j.1600-065X.2006.00468.x		https://doi.org/10.1111/j.1600-065X.2006.00468.x			immunosuppression	no_pmcid
review	Morris ES, Hill GR	Advances in the understanding of acute graft-versus-host disease.	British journal of haematology	2007	17359368	10.1111/j.1365-2141.2007.06510.x		https://doi.org/10.1111/j.1365-2141.2007.06510.x			adoptive_expansion;immunosuppression;leukemia	no_pmcid
review	Galluzzo S, Santini D, Vincenzi B et al.	Immunomodulating role of bisphosphonates on human gamma delta T cells: an intriguing and promising aspect of their antitumour activity.	Expert opinion on therapeutic targets	2007	17614762	10.1517/14728222.11.7.941		https://doi.org/10.1517/14728222.11.7.941			aminobisphosphonate;Vd2_Vg9;leukemia	no_pmcid
review	Beetz S, Marischen L, Kabelitz D et al.	Human gamma delta T cells: candidates for the development of immunotherapeutic strategies.	Immunologic research	2007	17695246	10.1007/BF02685893		https://doi.org/10.1007/BF02685893			phosphoantigen_BTN;Vd1;Vd2_Vg9	no_pmcid
review	Bonneville M, Scotet E	Human Vgamma9Vdelta2 T cells: promising new leads for immunotherapy of infections and tumors.	Current opinion in immunology	2006	16870417	10.1016/j.coi.2006.07.002		https://doi.org/10.1016/j.coi.2006.07.002			phosphoantigen_BTN;Vd2_Vg9	no_pmcid
review	Goto S, Noguchi A, Jinguji H et al.	The therapeutic potential of immuno-cell therapy of cancer in combination with aminobisphosphonates.	Anticancer research	2006	17195447			https://pubmed.ncbi.nlm.nih.gov/17195447/			aminobisphosphonate;adoptive_expansion	no_pmcid
review	Lamb LS, Lopez RD	gammadelta T cells: a new frontier for immunotherapy?	Biology of blood and marrow transplantation : journal of the American Society for Blood and Marrow Transplantation	2005	15744234	10.1016/j.bbmt.2004.11.015		https://doi.org/10.1016/j.bbmt.2004.11.015			adoptive_expansion;mechanism_cytotox	no_pmcid
review	Holtmeier W, Kabelitz D	gammadelta T cells link innate and adaptive immune responses.	Chemical immunology and allergy	2005	15976493	10.1159/000086659		https://doi.org/10.1159/000086659			phosphoantigen_BTN;aminobisphosphonate;Vd1;Vd2_Vg9;mechanism_cytotox	no_pmcid
review	Kunzmann V, Wilhelm M	Anti-lymphoma effect of gammadelta T cells.	Leukemia & lymphoma	2005	16019504	10.1080/10428190500051893		https://doi.org/10.1080/10428190500051893			phosphoantigen_BTN;Vd2_Vg9;mechanism_cytotox;lymphoma	no_pmcid
review	Münz C, Steinman RM, Fujii S	Dendritic cell maturation by innate lymphocytes: coordinated stimulation of innate and adaptive immunity.	The Journal of experimental medicine	2005	16027234	10.1084/jem.20050810	PMC2213015	https://pmc.ncbi.nlm.nih.gov/articles/PMC2213015/	pdfs/münz_2005_pmid16027234.pdf			downloaded_europepmc
review	Kabelitz D, Wesch D, Pitters E et al.	Potential of human gammadelta T lymphocytes for immunotherapy of cancer.	International journal of cancer	2004	15386388	10.1002/ijc.20445		https://doi.org/10.1002/ijc.20445			adoptive_expansion;mechanism_cytotox	no_pmcid
review	Goldman M	[Immunotherapy based on dendritic cells: from experimentation to clinical development].	Pathologie-biologie	2003	12801806	10.1016/s0369-8114(03)00102-0		https://doi.org/10.1016/s0369-8114(03)00102-0			mechanism_cytotox	no_pmcid
review	Lopez RD	Human gammadelta-T cells in adoptive immunotherapy of malignant and infectious diseases.	Immunologic research	2002	12403359	10.1385/IR:26:1-3:207		https://doi.org/10.1385/IR:26:1-3:207			adoptive_expansion	no_pmcid
review	Krensky AM	Cytotoxic T lymphocyte recognition of non-Hodgkin's B cell lymphomas.	Immunologic research	1996	8839778	10.1007/BF02918499		https://doi.org/10.1007/BF02918499			mechanism_cytotox;lymphoma	no_pmcid
review	Büttner M	Principles of paramunization. Option and limits in veterinary medicine.	Comparative immunology, microbiology and infectious diseases	1993	8440082	10.1016/0147-9571(93)90055-a		https://doi.org/10.1016/0147-9571(93)90055-a			immunosuppression	no_pmcid
