axis	evidence	disease	resistance	authors	title	venue	year	cited	pmid	doi	pmcid	url	local_fulltext	status
myeloid_macrophage	preclinical	pan-solid	no	Noy R, Pollard JW.	Tumor-associated macrophages: from mechanisms to therapy	Immunity	2014	3309	25035953	10.1016/j.immuni.2014.06.010	PMC4137410	https://pmc.ncbi.nlm.nih.gov/articles/PMC4137410/		oa_xml
myeloid_macrophage	preclinical	breast	no	Qian BZ, Li J, Zhang H, Kitamura T, Zhang J, Campion LR, Kaiser EA, Snyder LA, Pollard JW.	CCL2 recruits inflammatory monocytes to facilitate breast-tumour metastasis	Nature	2011	2412	21654748	10.1038/nature10138	PMC3208506	https://pmc.ncbi.nlm.nih.gov/articles/PMC3208506/		oa_xml
myeloid_macrophage	review	pan-solid	no	Chen S, Saeed AFUH, Liu Q, Jiang Q, Xu H, Xiao GG, Rao L, Duo Y.	Macrophages in immunoregulation and therapeutics	Signal transduction and targeted therapy	2023	1813	37211559	10.1038/s41392-023-01452-1	PMC10200802	https://pmc.ncbi.nlm.nih.gov/articles/PMC10200802/	fulltext/chen_2023_pmid37211559.xml	oa_xml
myeloid_macrophage	preclinical	gbm_cns	no	Pyonteck SM, Akkari L, Schuhmacher AJ, Bowman RL, Sevenich L, Quail DF, Olson OC, Quick ML, Huse JT, Teijeiro V, Setty M, Leslie CS, Oei Y, Pedraza A, Zhang J, Brennan CW, Sutton JC, Holland EC, Daniel D, Joyce JA.	CSF-1R inhibition alters macrophage polarization and blocks glioma progression	Nature medicine	2013	2043	24056773	10.1038/nm.3337	PMC3840724	https://pmc.ncbi.nlm.nih.gov/articles/PMC3840724/	fulltext/pyonteck_2013_pmid24056773.xml	oa_xml
myeloid_macrophage	mechanistic	pan-solid	no	Fridlender ZG, Sun J, Kim S, Kapoor V, Cheng G, Ling L, Worthen GS, Albelda SM.	"Polarization of tumor-associated neutrophil phenotype by TGF-beta: ""N1"" versus ""N2"" TAN"	Cancer cell	2009	2822	19732719	10.1016/j.ccr.2009.06.017	PMC2754404	https://pmc.ncbi.nlm.nih.gov/articles/PMC2754404/		oa_xml
myeloid_macrophage	clinical_trial	gbm_cns	yes	Ravi VM, Neidert N, Will P, Joseph K, Maier JP, Kückelhaus J, Vollmer L, Goeldner JM, Behringer SP, Scherer F, Boerries M, Follo M, Weiss T, Delev D, Kernbach J, Franco P, Schallner N, Dierks C, Carro MS, Hofmann UG, Fung C, Sankowski R, Prinz M, Beck J, Salié H, Bengsch B, Schnell O, Heiland DH.	T-cell dysfunction in the glioblastoma microenvironment is mediated by myeloid cells releasing interleukin-10	Nature communications	2022	313	35177622	10.1038/s41467-022-28523-1	PMC8854421	https://pmc.ncbi.nlm.nih.gov/articles/PMC8854421/	fulltext/ravi_2022_pmid35177622.xml	oa_xml
myeloid_macrophage	review	pan-solid	no	Gabrilovich DI, Ostrand-Rosenberg S, Bronte V.	Coordinated regulation of myeloid cells by tumours	Nature reviews. Immunology	2012	2700	22437938	10.1038/nri3175	PMC3587148	https://pmc.ncbi.nlm.nih.gov/articles/PMC3587148/		oa_xml
myeloid_macrophage	clinical_trial	nsclc	no	Eruslanov EB, Bhojnagarwala PS, Quatromoni JG, Stephen TL, Ranganathan A, Deshpande C, Akimova T, Vachani A, Litzky L, Hancock WW, Conejo-Garcia JR, Feldman M, Albelda SM, Singhal S.	Tumor-associated neutrophils stimulate T cell responses in early-stage human lung cancer	The Journal of clinical investigation	2014	556	25384214	10.1172/jci77053	PMC4348966	https://pmc.ncbi.nlm.nih.gov/articles/PMC4348966/		oa_xml
myeloid_macrophage	translational_human	gu_other	yes	Lyu A, Fan Z, Clark M, Lea A, Luong D, Setayesh A, Starzinski A, Wolters R, Arias-Badia M, Allaire K, Wu K, Gurunathan V, Valderrábano L, Wei XX, Miller RA, Van Allen EM, Fong L.	Evolution of myeloid-mediated immunotherapy resistance in prostate cancer	Nature	2025	135	39633050	10.1038/s41586-024-08290-3	PMC11779626	https://pmc.ncbi.nlm.nih.gov/articles/PMC11779626/	fulltext/lyu_2025_pmid39633050.xml	oa_xml
myeloid_macrophage	review	pan-solid	yes	He S, Zheng L, Qi C.	Myeloid-derived suppressor cells (MDSCs) in the tumor microenvironment and their targeting in cancer therapy	Molecular cancer	2025	181	39780248	10.1186/s12943-024-02208-3	PMC11707952	https://pmc.ncbi.nlm.nih.gov/articles/PMC11707952/	fulltext/he_2025_pmid39780248.xml	oa_xml
myeloid_macrophage	review	breast	yes	Kundu M, Butti R, Panda VK, Malhotra D, Das S, Mitra T, Kapse P, Gosavi SW, Kundu GC.	Modulation of the tumor microenvironment and mechanism of immunotherapy-based drug resistance in breast cancer	Molecular cancer	2024	216	38715072	10.1186/s12943-024-01990-4	PMC11075356	https://pmc.ncbi.nlm.nih.gov/articles/PMC11075356/	fulltext/kundu_2024_pmid38715072.xml	oa_xml
myeloid_macrophage	review	pan-solid	yes	Chu X, Tian Y, Lv C.	Decoding the spatiotemporal heterogeneity of tumor-associated macrophages	Molecular cancer	2024	194	39068459	10.1186/s12943-024-02064-1	PMC11282869	https://pmc.ncbi.nlm.nih.gov/articles/PMC11282869/	fulltext/chu_2024_pmid39068459.xml	oa_xml
myeloid_macrophage	clinical_trial	crc;gi_other;gu_other	yes	Bilusic M, Heery CR, Collins JM, Donahue RN, Palena C, Madan RA, Karzai F, Marté JL, Strauss J, Gatti-Mays ME, Schlom J, Gulley JL.	Phase I trial of HuMax-IL8 (BMS-986253), an anti-IL-8 monoclonal antibody, in patients with metastatic or unresectable solid tumors	Journal for immunotherapy of cancer	2019	243	31488216	10.1186/s40425-019-0706-x	PMC6729083	https://pmc.ncbi.nlm.nih.gov/articles/PMC6729083/	fulltext/bilusic_2019_pmid31488216.xml	oa_xml
treg_suppressive_lymphoid	preclinical	gyn	no	Curiel TJ, Coukos G, Zou L, Alvarez X, Cheng P, Mottram P, Evdemon-Hogan M, Conejo-Garcia JR, Zhang L, Burow M, Zhu Y, Wei S, Kryczek I, Daniel B, Gordon A, Myers L, Lackner A, Disis ML, Knutson KL, Chen L, Zou W.	Specific recruitment of regulatory T cells in ovarian carcinoma fosters immune privilege and predicts reduced survival	Nature medicine	2004	3936	15322536	10.1038/nm1093		https://pubmed.ncbi.nlm.nih.gov/15322536/		metadata_only
treg_suppressive_lymphoid	preclinical	pan-solid	no	Sakuishi K, Apetoh L, Sullivan JM, Blazar BR, Kuchroo VK, Anderson AC.	Targeting Tim-3 and PD-1 pathways to reverse T cell exhaustion and restore anti-tumor immunity	The Journal of experimental medicine	2010	1749	20819927	10.1084/jem.20100643	PMC2947065	https://pmc.ncbi.nlm.nih.gov/articles/PMC2947065/	fulltext/sakuishi_2010_pmid20819927.xml	oa_xml
treg_suppressive_lymphoid	preclinical	gi_other	yes	Kamada T, Togashi Y, Tay C, Ha D, Sasaki A, Nakamura Y, Sato E, Fukuoka S, Tada Y, Tanaka A, Morikawa H, Kawazoe A, Kinoshita T, Shitara K, Sakaguchi S, Nishikawa H.	PD-1+ regulatory T cells amplified by PD-1 blockade promote hyperprogression of cancer	Proceedings of the National Academy of Sciences of the United States of America	2019	867	31028147	10.1073/pnas.1822001116	PMC6525547	https://pmc.ncbi.nlm.nih.gov/articles/PMC6525547/	fulltext/kamada_2019_pmid31028147.xml	oa_xml
treg_suppressive_lymphoid	mechanistic	gyn	no	Sato E, Olson SH, Ahn J, Bundy B, Nishikawa H, Qian F, Jungbluth AA, Frosina D, Gnjatic S, Ambrosone C, Kepner J, Odunsi T, Ritter G, Lele S, Chen YT, Ohtani H, Old LJ, Odunsi K.	Intraepithelial CD8+ tumor-infiltrating lymphocytes and a high CD8+/regulatory T cell ratio are associated with favorable prognosis in ovarian cancer	Proceedings of the National Academy of Sciences of the United States of America	2005	1978	16344461	10.1073/pnas.0509182102	PMC1311741	https://pmc.ncbi.nlm.nih.gov/articles/PMC1311741/		oa_xml
treg_suppressive_lymphoid	clinical_trial	rcc	no	Dannull J, Su Z, Rizzieri D, Yang BK, Coleman D, Yancey D, Zhang A, Dahm P, Chao N, Gilboa E, Vieweg J.	Enhancement of vaccine-mediated antitumor immunity in cancer patients after depletion of regulatory T cells	The Journal of clinical investigation	2005	711	16308572	10.1172/jci25947	PMC1288834	https://pmc.ncbi.nlm.nih.gov/articles/PMC1288834/		oa_xml
treg_suppressive_lymphoid	review	pan-solid	no	Li C, Jiang P, Wei S, Xu X, Wang J.	Regulatory T cells in tumor microenvironment: new mechanisms, potential therapeutic strategies and future prospects	Molecular cancer	2020	789	32680511	10.1186/s12943-020-01234-1	PMC7367382	https://pmc.ncbi.nlm.nih.gov/articles/PMC7367382/	fulltext/li_2020_pmid32680511.xml	oa_xml
treg_suppressive_lymphoid	clinical_trial	crc	yes	Bullock AJ, Schlechter BL, Fakih MG, Tsimberidou AM, Grossman JE, Gordon MS, Wilky BA, Pimentel A, Mahadevan D, Balmanoukian AS, Sanborn RE, Schwartz GK, Abou-Alfa GK, Segal NH, Bockorny B, Moser JC, Sharma S, Patel JM, Wu W, Chand D, Rosenthal K, Mednick G, Delepine C, Curiel TJ, Stebbing J, Lenz HJ, O'Day SJ, El-Khoueiry AB.	Botensilimab plus balstilimab in relapsed/refractory microsatellite stable metastatic colorectal cancer: a phase 1 trial	Nature medicine	2024	104	38871975	10.1038/s41591-024-03083-7	PMC11405281	https://pmc.ncbi.nlm.nih.gov/articles/PMC11405281/	fulltext/bullock_2024_pmid38871975.xml	oa_xml
treg_suppressive_lymphoid	clinical_trial	gu_other	no	Liakou CI, Kamat A, Tang DN, Chen H, Sun J, Troncoso P, Logothetis C, Sharma P.	CTLA-4 blockade increases IFNgamma-producing CD4+ICOShi cells to shift the ratio of effector to regulatory T cells in cancer patients	Proceedings of the National Academy of Sciences of the United States of America	2008	460	18818309	10.1073/pnas.0806075105	PMC2567480	https://pmc.ncbi.nlm.nih.gov/articles/PMC2567480/		oa_xml
treg_suppressive_lymphoid	preclinical	melanoma	no	Andrews LP, Butler SC, Cui J, Cillo AR, Cardello C, Liu C, Brunazzi EA, Baessler A, Xie B, Kunning SR, Ngiow SF, Huang YJ, Manne S, Sharpe AH, Delgoffe GM, Wherry EJ, Kirkwood JM, Bruno TC, Workman CJ, Vignali DAA.	LAG-3 and PD-1 synergize on CD8+ T cells to drive T cell exhaustion and hinder autocrine IFN-γ-dependent anti-tumor immunity	Cell	2024	258	39121848	10.1016/j.cell.2024.07.016	PMC11323044	https://pmc.ncbi.nlm.nih.gov/articles/PMC11323044/		oa_xml
treg_suppressive_lymphoid	clinical_trial	pan-solid	no	Guan X, Hu R, Choi Y, Srivats S, Nabet BY, Silva J, McGinnis L, Hendricks R, Nutsch K, Banta KL, Duong E, Dunkle A, Chang PS, Han CJ, Mittman S, Molden N, Daggumati P, Connolly W, Johnson M, Abreu DR, Cho BC, Italiano A, Gil-Bazo I, Felip E, Mellman I, Mariathasan S, Shames DS, Meng R, Chiang EY, Johnston RJ, Patil NS.	Anti-TIGIT antibody improves PD-L1 blockade through myeloid and Treg cells	Nature	2024	129	38418879	10.1038/s41586-024-07121-9	PMC11139643	https://pmc.ncbi.nlm.nih.gov/articles/PMC11139643/	fulltext/guan_2024_pmid38418879.xml	oa_xml
treg_suppressive_lymphoid	review	pan-solid	no	Zou W.	Regulatory T cells, tumour immunity and immunotherapy	Nature reviews. Immunology	2006	1565	16557261	10.1038/nri1806		https://pubmed.ncbi.nlm.nih.gov/16557261/		metadata_only
treg_suppressive_lymphoid	review	pan-solid	yes	Nishikawa H, Koyama S.	Mechanisms of regulatory T cell infiltration in tumors: implications for innovative immune precision therapies	Journal for immunotherapy of cancer	2021	253	34330764	10.1136/jitc-2021-002591	PMC8327843	https://pmc.ncbi.nlm.nih.gov/articles/PMC8327843/	fulltext/nishikawa_2021_pmid34330764.xml	oa_xml
treg_suppressive_lymphoid	clinical_trial	gyn	no	Luo Y, Xia Y, Liu D, Li X, Li H, Liu J, Zhou D, Dong Y, Li X, Qian Y, Xu C, Tao K, Li G, Pan W, Zhong Q, Liu X, Xu S, Wang Z, Liu R, Zhang W, Shan W, Fang T, Wang S, Peng Z, Jin P, Jin N, Shi S, Chen Y, Wang M, Jiao X, Luo M, Gong W, Wang Y, Yao Y, Zhao Y, Huang X, Ji X, He Z, Zhao G, Liu R, Wu M, Chen G, Hong L, COCPO Consortium, Ma D, Fang Y, Liang H, Gao Q.	Neoadjuvant PARPi or chemotherapy in ovarian cancer informs targeting effector Treg cells for homologous-recombination-deficient tumors	Cell	2024	99	38971151	10.1016/j.cell.2024.06.013		https://pubmed.ncbi.nlm.nih.gov/38971151/		metadata_only
caf_stroma_ecm	translational_human	crc	yes	Qi J, Sun H, Zhang Y, Wang Z, Xun Z, Li Z, Ding X, Bao R, Hong L, Jia W, Fang F, Liu H, Chen L, Zhong J, Zou D, Liu L, Han L, Ginhoux F, Liu Y, Ye Y, Su B.	Single-cell and spatial analysis reveal interaction of FAP+ fibroblasts and SPP1+ macrophages in colorectal cancer	Nature communications	2022	820	35365629	10.1038/s41467-022-29366-6	PMC8976074	https://pmc.ncbi.nlm.nih.gov/articles/PMC8976074/	fulltext/qi_2022_pmid35365629.xml	oa_xml
caf_stroma_ecm	preclinical	pdac	no	Öhlund D, Handly-Santana A, Biffi G, Elyada E, Almeida AS, Ponz-Sarvise M, Corbo V, Oni TE, Hearn SA, Lee EJ, Chio II, Hwang CI, Tiriac H, Baker LA, Engle DD, Feig C, Kultti A, Egeblad M, Fearon DT, Crawford JM, Clevers H, Park Y, Tuveson DA.	Distinct populations of inflammatory fibroblasts and myofibroblasts in pancreatic cancer	The Journal of experimental medicine	2017	2214	28232471	10.1084/jem.20162024	PMC5339682	https://pmc.ncbi.nlm.nih.gov/articles/PMC5339682/	fulltext/hlund_2017_pmid28232471.xml	oa_xml
caf_stroma_ecm	preclinical	pdac	no	Elyada E, Bolisetty M, Laise P, Flynn WF, Courtois ET, Burkhart RA, Teinor JA, Belleau P, Biffi G, Lucito MS, Sivajothi S, Armstrong TD, Engle DD, Yu KH, Hao Y, Wolfgang CL, Park Y, Preall J, Jaffee EM, Califano A, Robson P, Tuveson DA.	Cross-Species Single-Cell Analysis of Pancreatic Ductal Adenocarcinoma Reveals Antigen-Presenting Cancer-Associated Fibroblasts	Cancer discovery	2019	1938	31197017	10.1158/2159-8290.cd-19-0094	PMC6727976	https://pmc.ncbi.nlm.nih.gov/articles/PMC6727976/		oa_xml
caf_stroma_ecm	review	pan-solid	no	Mao X, Xu J, Wang W, Liang C, Hua J, Liu J, Zhang B, Meng Q, Yu X, Shi S.	Crosstalk between cancer-associated fibroblasts and immune cells in the tumor microenvironment: new findings and future perspectives	Molecular cancer	2021	1936	34635121	10.1186/s12943-021-01428-1	PMC8504100	https://pmc.ncbi.nlm.nih.gov/articles/PMC8504100/	fulltext/mao_2021_pmid34635121.xml	oa_xml
caf_stroma_ecm	preclinical	pdac	no	Provenzano PP, Cuevas C, Chang AE, Goel VK, Von Hoff DD, Hingorani SR.	Enzymatic targeting of the stroma ablates physical barriers to treatment of pancreatic ductal adenocarcinoma	Cancer cell	2012	1802	22439937	10.1016/j.ccr.2012.01.007	PMC3371414	https://pmc.ncbi.nlm.nih.gov/articles/PMC3371414/		oa_xml
caf_stroma_ecm	review	pan-solid	no	Sahai E, Astsaturov I, Cukierman E, DeNardo DG, Egeblad M, Evans RM, Fearon D, Greten FR, Hingorani SR, Hunter T, Hynes RO, Jain RK, Janowitz T, Jorgensen C, Kimmelman AC, Kolonin MG, Maki RG, Powers RS, Puré E, Ramirez DC, Scherz-Shouval R, Sherman MH, Stewart S, Tlsty TD, Tuveson DA, Watt FM, Weaver V, Weeraratna AT, Werb Z.	A framework for advancing our understanding of cancer-associated fibroblasts	Nature reviews. Cancer	2020	3227	31980749	10.1038/s41568-019-0238-1	PMC7046529	https://pmc.ncbi.nlm.nih.gov/articles/PMC7046529/	fulltext/sahai_2020_pmid31980749.xml	oa_xml
caf_stroma_ecm	review	pan-solid	no	Kalluri R.	The biology and function of fibroblasts in cancer	Nature reviews. Cancer	2016	3466	27550820	10.1038/nrc.2016.73		https://pubmed.ncbi.nlm.nih.gov/27550820/		metadata_only
caf_stroma_ecm	clinical_trial	breast	yes	Cazet AS, Hui MN, Elsworth BL, Wu SZ, Roden D, Chan CL, Skhinas JN, Collot R, Yang J, Harvey K, Johan MZ, Cooper C, Nair R, Herrmann D, McFarland A, Deng N, Ruiz-Borrego M, Rojo F, Trigo JM, Bezares S, Caballero R, Lim E, Timpson P, O'Toole S, Watkins DN, Cox TR, Samuel MS, Martín M, Swarbrick A.	Targeting stromal remodeling and cancer stem cell plasticity overcomes chemoresistance in triple negative breast cancer	Nature communications	2018	371	30042390	10.1038/s41467-018-05220-6	PMC6057940	https://pmc.ncbi.nlm.nih.gov/articles/PMC6057940/	fulltext/cazet_2018_pmid30042390.xml	oa_xml
caf_stroma_ecm	translational_human	nsclc	no	Cords L, Engler S, Haberecker M, Rüschoff JH, Moch H, de Souza N, Bodenmiller B.	Cancer-associated fibroblast phenotypes are associated with patient outcome in non-small cell lung cancer	Cancer cell	2024	275	38242124	10.1016/j.ccell.2023.12.021	PMC10929690	https://pmc.ncbi.nlm.nih.gov/articles/PMC10929690/	fulltext/cords_2024_pmid38242124.xml	oa_xml
caf_stroma_ecm	mechanistic	pan-solid	yes	Gao Y, Li J, Cheng W, Diao T, Liu H, Bo Y, Liu C, Zhou W, Chen M, Zhang Y, Liu Z, Han W, Chen R, Peng J, Zhu L, Hou W, Zhang Z.	Cross-tissue human fibroblast atlas reveals myofibroblast subtypes with distinct roles in immune modulation	Cancer cell	2024	240	39303725	10.1016/j.ccell.2024.08.020		https://pubmed.ncbi.nlm.nih.gov/39303725/		metadata_only
caf_stroma_ecm	translational_human	hnscc	yes	Li C, Guo H, Zhai P, Yan M, Liu C, Wang X, Shi C, Li J, Tong T, Zhang Z, Ma H, Zhang J.	Spatial and Single-Cell Transcriptomics Reveal a Cancer-Associated Fibroblast Subset in HNSCC That Restricts Infiltration and Antitumor Activity of CD8+ T Cells	Cancer research	2024	129	37930937	10.1158/0008-5472.can-23-1448	PMC10790129	https://pmc.ncbi.nlm.nih.gov/articles/PMC10790129/	fulltext/li_2024_pmid37930937.xml	oa_xml
caf_stroma_ecm	clinical_trial	pdac	yes	Melisi D, Oh DY, Hollebecque A, Calvo E, Varghese A, Borazanci E, Macarulla T, Merz V, Zecchetto C, Zhao Y, Gueorguieva I, Man M, Gandhi L, Estrem ST, Benhadji KA, Lanasa MC, Avsar E, Guba SC, Garcia-Carbonero R.	Safety and activity of the TGFβ receptor I kinase inhibitor galunisertib plus the anti-PD-L1 antibody durvalumab in metastatic pancreatic cancer	Journal for immunotherapy of cancer	2021	189	33688022	10.1136/jitc-2020-002068	PMC7944986	https://pmc.ncbi.nlm.nih.gov/articles/PMC7944986/	fulltext/melisi_2021_pmid33688022.xml	oa_xml
caf_stroma_ecm	clinical_trial	pan-solid	no	Lind H, Gameiro SR, Jochems C, Donahue RN, Strauss J, Gulley JL, Palena C, Schlom J.	Dual targeting of TGF-β and PD-L1 via a bifunctional anti-PD-L1/TGF-βRII agent: status of preclinical and clinical advances	Journal for immunotherapy of cancer	2020	219	32079617	10.1136/jitc-2019-000433	PMC7057416	https://pmc.ncbi.nlm.nih.gov/articles/PMC7057416/	fulltext/lind_2020_pmid32079617.xml	oa_xml
vasculature_hypoxia	clinical_trial	gbm_cns	no	Reardon DA, Brandes AA, Omuro A, Mulholland P, Lim M, Wick A, Baehring J, Ahluwalia MS, Roth P, Bähr O, Phuphanich S, Sepulveda JM, De Souza P, Sahebjam S, Carleton M, Tatsuoka K, Taitt C, Zwirtes R, Sampson J, Weller M.	Effect of Nivolumab vs Bevacizumab in Patients With Recurrent Glioblastoma: The CheckMate 143 Phase 3 Randomized Clinical Trial	JAMA oncology	2020	1273	32437507	10.1001/jamaoncol.2020.1024	PMC7243167	https://pmc.ncbi.nlm.nih.gov/articles/PMC7243167/	fulltext/reardon_2020_pmid32437507.xml	oa_xml
vasculature_hypoxia	clinical_trial	hcc_biliary	yes	Llovet JM, Castet F, Heikenwalder M, Maini MK, Mazzaferro V, Pinato DJ, Pikarsky E, Zhu AX, Finn RS.	Immunotherapies for hepatocellular carcinoma	Nature reviews. Clinical oncology	2022	1535	34764464	10.1038/s41571-021-00573-2		https://pubmed.ncbi.nlm.nih.gov/34764464/		metadata_only
vasculature_hypoxia	preclinical	pan-solid	no	Noman MZ, Desantis G, Janji B, Hasmim M, Karray S, Dessen P, Bronte V, Chouaib S.	PD-L1 is a novel direct target of HIF-1α, and its blockade under hypoxia enhanced MDSC-mediated T cell activation	The Journal of experimental medicine	2014	1790	24778419	10.1084/jem.20131916	PMC4010891	https://pmc.ncbi.nlm.nih.gov/articles/PMC4010891/	fulltext/noman_2014_pmid24778419.xml	oa_xml
vasculature_hypoxia	review	pan-solid	no	Chen Z, Han F, Du Y, Shi H, Zhou W.	Hypoxic microenvironment in cancer: molecular mechanisms and therapeutic interventions	Signal transduction and targeted therapy	2023	1231	36797231	10.1038/s41392-023-01332-8	PMC9935926	https://pmc.ncbi.nlm.nih.gov/articles/PMC9935926/	fulltext/chen_2023_pmid36797231.xml	oa_xml
vasculature_hypoxia	review	pan-solid	no	Jing X, Yang F, Shao C, Wei K, Xie M, Shen H, Shu Y, Shu Y.	Role of hypoxia in cancer therapy by regulating the tumor microenvironment	Molecular cancer	2019	1508	31711497	10.1186/s12943-019-1089-9	PMC6844052	https://pmc.ncbi.nlm.nih.gov/articles/PMC6844052/	fulltext/jing_2019_pmid31711497.xml	oa_xml
vasculature_hypoxia	mechanistic	pan-solid	yes	Voron T, Colussi O, Marcheteau E, Pernot S, Nizard M, Pointet AL, Latreche S, Bergaya S, Benhamouda N, Tanchot C, Stockmann C, Combe P, Berger A, Zinzindohoue F, Yagita H, Tartour E, Taieb J, Terme M.	VEGF-A modulates expression of inhibitory checkpoints on CD8+ T cells in tumors	The Journal of experimental medicine	2015	988	25601652	10.1084/jem.20140559	PMC4322048	https://pmc.ncbi.nlm.nih.gov/articles/PMC4322048/	fulltext/voron_2015_pmid25601652.xml	oa_xml
vasculature_hypoxia	preclinical	pan-solid	yes	Rouschop KM, van den Beucken T, Dubois L, Niessen H, Bussink J, Savelkouls K, Keulers T, Mujcic H, Landuyt W, Voncken JW, Lambin P, van der Kogel AJ, Koritzinsky M, Wouters BG.	The unfolded protein response protects human tumor cells during hypoxia through regulation of the autophagy genes MAP1LC3B and ATG5	The Journal of clinical investigation	2010	680	20038797	10.1172/jci40027	PMC2798689	https://pmc.ncbi.nlm.nih.gov/articles/PMC2798689/		oa_xml
vasculature_hypoxia	preclinical	gbm_cns;breast	yes	Allen E, Jabouille A, Rivera LB, Lodewijckx I, Missiaen R, Steri V, Feyen K, Tawney J, Hanahan D, Michael IP, Bergers G.	Combined antiangiogenic and anti-PD-L1 therapy stimulates tumor immunity through HEV formation	Science translational medicine	2017	679	28404866	10.1126/scitranslmed.aak9679	PMC5554432	https://pmc.ncbi.nlm.nih.gov/articles/PMC5554432/		oa_xml
vasculature_hypoxia	review	pan-solid	yes	Fukumura D, Kloepper J, Amoozgar Z, Duda DG, Jain RK.	Enhancing cancer immunotherapy using antiangiogenics: opportunities and challenges	Nature reviews. Clinical oncology	2018	1675	29508855	10.1038/nrclinonc.2018.29	PMC5921900	https://pmc.ncbi.nlm.nih.gov/articles/PMC5921900/		oa_xml
vasculature_hypoxia	clinical_trial	crc	yes	Wang F, Jin Y, Wang M, Luo HY, Fang WJ, Wang YN, Chen YX, Huang RJ, Guan WL, Li JB, Li YH, Wang FH, Hu XH, Zhang YQ, Qiu MZ, Liu LL, Wang ZX, Ren C, Wang DS, Zhang DS, Wang ZQ, Liao WT, Tian L, Zhao Q, Xu RH.	Combined anti-PD-1, HDAC inhibitor and anti-VEGF for MSS/pMMR colorectal cancer: a randomized phase 2 trial	Nature medicine	2024	166	38438735	10.1038/s41591-024-02813-1		https://pubmed.ncbi.nlm.nih.gov/38438735/		metadata_only
vasculature_hypoxia	clinical_trial	pan-solid	no	Choueiri TK, Powles T, Peltola K, de Velasco G, Burotto M, Suarez C, Ghatalia P, Iacovelli R, Lam ET, Verzoni E, Gümüş M, Stadler WM, Kollmannsberger C, Melichar B, Venugopal B, Gross-Goupil M, Poprach A, De Santis M, Schutz FA, Park SH, Nosov DA, Porta C, Lee JL, Garcia-Del-Muro X, Biscaldi E, Manneh Kopp R, Oya M, He L, Wang A, Perini RF, Vickery D, Albiges L, Rini B, LITESPARK-005 Investigators.	Belzutifan versus Everolimus for Advanced Renal-Cell Carcinoma	The New England journal of medicine	2024	155	39167807	10.1056/nejmoa2313906		https://pubmed.ncbi.nlm.nih.gov/39167807/		metadata_only
vasculature_hypoxia	translational_human	gbm_cns	no	Wang W, Li T, Cheng Y, Li F, Qi S, Mao M, Wu J, Liu Q, Zhang X, Li X, Zhang L, Qi H, Yang L, Yang K, He Z, Ding S, Qin Z, Yang Y, Yang X, Luo C, Guo Y, Wang C, Liu X, Zhou L, Liu Y, Kong W, Miao J, Ye S, Luo M, An L, Wang L, Che L, Niu Q, Ma Q, Zhang X, Zhang Z, Hu R, Feng H, Ping YF, Bian XW, Shi Y.	Identification of hypoxic macrophages in glioblastoma with therapeutic potential for vasculature normalization	Cancer cell	2024	200	38640932	10.1016/j.ccell.2024.03.013		https://pubmed.ncbi.nlm.nih.gov/38640932/		metadata_only
vasculature_hypoxia	systematic_review	hcc_biliary	no	Cappuyns S, Corbett V, Yarchoan M, Finn RS, Llovet JM.	Critical Appraisal of Guideline Recommendations on Systemic Therapies for Advanced Hepatocellular Carcinoma: A Review	JAMA oncology	2024	146	37535375	10.1001/jamaoncol.2023.2677	PMC10837331	https://pmc.ncbi.nlm.nih.gov/articles/PMC10837331/		oa_xml
metabolic_tme	review	pan-solid	no	Chen J, Huang Z, Chen Y, Tian H, Chai P, Shen Y, Yao Y, Xu S, Ge S, Jia R.	Lactate and lactylation in cancer	Signal transduction and targeted therapy	2025	386	39934144	10.1038/s41392-024-02082-x	PMC11814237	https://pmc.ncbi.nlm.nih.gov/articles/PMC11814237/	fulltext/chen_2025_pmid39934144.xml	oa_xml
metabolic_tme	translational_human	melanoma;nsclc	yes	Cascone T, McKenzie JA, Mbofung RM, Punt S, Wang Z, Xu C, Williams LJ, Wang Z, Bristow CA, Carugo A, Peoples MD, Li L, Karpinets T, Huang L, Malu S, Creasy C, Leahey SE, Chen J, Chen Y, Pelicano H, Bernatchez C, Gopal YNV, Heffernan TP, Hu J, Wang J, Amaria RN, Garraway LA, Huang P, Yang P, Wistuba II, Woodman SE, Roszik J, Davis RE, Davies MA, Heymach JV, Hwu P, Peng W.	Increased Tumor Glycolysis Characterizes Immune Resistance to Adoptive T Cell Therapy	Cell metabolism	2018	511	29628419	10.1016/j.cmet.2018.02.024	PMC5932208	https://pmc.ncbi.nlm.nih.gov/articles/PMC5932208/		oa_xml
metabolic_tme	clinical_trial	rcc	yes	Fong L, Hotson A, Powderly JD, Sznol M, Heist RS, Choueiri TK, George S, Hughes BGM, Hellmann MD, Shepard DR, Rini BI, Kummar S, Weise AM, Riese MJ, Markman B, Emens LA, Mahadevan D, Luke JJ, Laport G, Brody JD, Hernandez-Aya L, Bonomi P, Goldman JW, Berim L, Renouf DJ, Goodwin RA, Munneke B, Ho PY, Hsieh J, McCaffery I, Kwei L, Willingham SB, Miller RA.	Adenosine 2A Receptor Blockade as an Immunotherapy for Treatment-Refractory Renal Cell Cancer	Cancer discovery	2020	289	31732494	10.1158/2159-8290.cd-19-0980	PMC6954326	https://pmc.ncbi.nlm.nih.gov/articles/PMC6954326/		oa_xml
metabolic_tme	preclinical	breast	yes	Stagg J, Divisekera U, McLaughlin N, Sharkey J, Pommey S, Denoyer D, Dwyer KM, Smyth MJ.	Anti-CD73 antibody therapy inhibits breast tumor growth and metastasis	Proceedings of the National Academy of Sciences of the United States of America	2010	495	20080644	10.1073/pnas.0908801107	PMC2824381	https://pmc.ncbi.nlm.nih.gov/articles/PMC2824381/		oa_xml
metabolic_tme	review	pan-solid	no	Bian X, Liu R, Meng Y, Xing D, Xu D, Lu Z.	Lipid metabolism and cancer	The Journal of experimental medicine	2021	842	33601415	10.1084/jem.20201606	PMC7754673	https://pmc.ncbi.nlm.nih.gov/articles/PMC7754673/	fulltext/bian_2021_pmid33601415.xml	oa_xml
metabolic_tme	preclinical	breast	yes	Wan W, Ao X, Chen Q, Yu Y, Ao L, Xing W, Guo W, Wu X, Pu C, Hu X, Li Z, Yao M, Luo D, Xu X.	METTL3/IGF2BP3 axis inhibits tumor immune surveillance by upregulating N6-methyladenosine modification of PD-L1 mRNA in breast cancer	Molecular cancer	2022	371	35197058	10.1186/s12943-021-01447-y	PMC8864846	https://pmc.ncbi.nlm.nih.gov/articles/PMC8864846/	fulltext/wan_2022_pmid35197058.xml	oa_xml
metabolic_tme	preclinical	melanoma	no	Yang W, Bai Y, Xiong Y, Zhang J, Chen S, Zheng X, Meng X, Li L, Wang J, Xu C, Yan C, Wang L, Chang CC, Chang TY, Zhang T, Zhou P, Song BL, Liu W, Sun SC, Liu X, Li BL, Xu C.	Potentiating the antitumour response of CD8(+) T cells by modulating cholesterol metabolism	Nature	2016	875	26982734	10.1038/nature17412	PMC4851431	https://pmc.ncbi.nlm.nih.gov/articles/PMC4851431/		oa_xml
metabolic_tme	clinical_trial	crc	yes	Tong H, Jiang Z, Song L, Tan K, Yin X, He C, Huang J, Li X, Jing X, Yun H, Li G, Zhao Y, Kang Q, Wei Y, Li R, Long Z, Yin J, Luo Q, Liang X, Wan Y, Zheng A, Lin N, Zhang T, Xu J, Yang X, Jiang Y, Li Y, Xiang Y, Zhang Y, Feng L, Lei Z, Shi H, Ma X.	Dual impacts of serine/glycine-free diet in enhancing antitumor immunity and promoting evasion via PD-L1 lactylation	Cell metabolism	2024	120	39577415	10.1016/j.cmet.2024.10.019		https://pubmed.ncbi.nlm.nih.gov/39577415/		metadata_only
metabolic_tme	review	pan-solid	yes	Xia C, Yin S, To KKW, Fu L.	CD39/CD73/A2AR pathway and cancer immunotherapy	Molecular cancer	2023	330	36859386	10.1186/s12943-023-01733-x	PMC9979453	https://pmc.ncbi.nlm.nih.gov/articles/PMC9979453/	fulltext/xia_2023_pmid36859386.xml	oa_xml
metabolic_tme	review	pan-solid	yes	Yan J, Chen D, Ye Z, Zhu X, Li X, Jiao H, Duan M, Zhang C, Cheng J, Xu L, Li H, Yan D.	Molecular mechanisms and therapeutic significance of Tryptophan Metabolism and signaling in cancer	Molecular cancer	2024	159	39472902	10.1186/s12943-024-02164-y	PMC11523861	https://pmc.ncbi.nlm.nih.gov/articles/PMC11523861/	fulltext/yan_2024_pmid39472902.xml	oa_xml
metabolic_tme	mechanistic	pan-solid	yes	Xiao J, Wang S, Chen L, Ding X, Dang Y, Han M, Zheng Y, Shen H, Wu S, Wang M, Yang D, Li N, Dong C, Hu M, Su C, Li W, Hui L, Ye Y, Tang H, Wei B, Wang H.	25-Hydroxycholesterol regulates lysosome AMP kinase activation and metabolic reprogramming to educate immunosuppressive macrophages	Immunity	2024	172	38640930	10.1016/j.immuni.2024.03.021		https://pubmed.ncbi.nlm.nih.gov/38640930/		metadata_only
metabolic_tme	clinical_trial	melanoma	no	Long GV, Dummer R, Hamid O, Gajewski TF, Caglevic C, Dalle S, Arance A, Carlino MS, Grob JJ, Kim TM, Demidov L, Robert C, Larkin J, Anderson JR, Maleski J, Jones M, Diede SJ, Mitchell TC.	Epacadostat plus pembrolizumab versus placebo plus pembrolizumab in patients with unresectable or metastatic melanoma (ECHO-301/KEYNOTE-252): a phase 3, randomised, double-blind study	The Lancet. Oncology	2019	851	31221619	10.1016/s1470-2045(19)30274-8		https://pubmed.ncbi.nlm.nih.gov/31221619/		metadata_only
metabolic_tme	preclinical	pdac	yes	Sun K, Zhang X, Shi J, Huang J, Wang S, Li X, Lin H, Zhao D, Ye M, Zhang S, Qiu L, Yang M, Liao C, He L, Lao M, Song J, Lu N, Ji Y, Yang H, Liu L, Liu X, Chen Y, Yao S, Xu Q, Lin J, Mao Y, Zhou J, Zhi X, Sun K, Lu X, Bai X, Liang T.	Elevated protein lactylation promotes immunosuppressive microenvironment and therapeutic resistance in pancreatic ductal adenocarcinoma	The Journal of clinical investigation	2025	81	39883522	10.1172/jci187024	PMC11957693	https://pmc.ncbi.nlm.nih.gov/articles/PMC11957693/	fulltext/sun_2025_pmid39883522.xml	oa_xml
innate_agonists	preclinical	pan-solid	no	Woo SR, Fuertes MB, Corrales L, Spranger S, Furdyna MJ, Leung MY, Duggan R, Wang Y, Barber GN, Fitzgerald KA, Alegre ML, Gajewski TF.	STING-dependent cytosolic DNA sensing mediates innate immune recognition of immunogenic tumors	Immunity	2014	1599	25517615	10.1016/j.immuni.2014.10.017	PMC4384884	https://pmc.ncbi.nlm.nih.gov/articles/PMC4384884/		oa_xml
innate_agonists	preclinical	pan-solid	no	Harding SM, Benci JL, Irianto J, Discher DE, Minn AJ, Greenberg RA.	Mitotic progression following DNA damage enables pattern recognition within micronuclei	Nature	2017	1294	28759889	10.1038/nature23470	PMC5857357	https://pmc.ncbi.nlm.nih.gov/articles/PMC5857357/	fulltext/harding_2017_pmid28759889.xml	oa_xml
innate_agonists	review	pan-solid	no	Kwon J, Bakhoum SF.	The Cytosolic DNA-Sensing cGAS-STING Pathway in Cancer	Cancer discovery	2020	1047	31852718	10.1158/2159-8290.cd-19-0761	PMC7151642	https://pmc.ncbi.nlm.nih.gov/articles/PMC7151642/		oa_xml
innate_agonists	preclinical	nsclc	no	Sen T, Rodriguez BL, Chen L, Corte CMD, Morikawa N, Fujimoto J, Cristea S, Nguyen T, Diao L, Li L, Fan Y, Yang Y, Wang J, Glisson BS, Wistuba II, Sage J, Heymach JV, Gibbons DL, Byers LA.	Targeting DNA Damage Response Promotes Antitumor Immunity through STING-Mediated T-cell Activation in Small Cell Lung Cancer	Cancer discovery	2019	762	30777870	10.1158/2159-8290.cd-18-1020	PMC6563834	https://pmc.ncbi.nlm.nih.gov/articles/PMC6563834/		oa_xml
innate_agonists	mechanistic	melanoma	yes	Shae D, Becker KW, Christov P, Yun DS, Lytton-Jean AKR, Sevimli S, Ascano M, Kelley M, Johnson DB, Balko JM, Wilson JT.	Endosomolytic polymersomes increase the activity of cyclic dinucleotide STING agonists to enhance cancer immunotherapy	Nature nanotechnology	2019	528	30664751	10.1038/s41565-018-0342-5	PMC6402974	https://pmc.ncbi.nlm.nih.gov/articles/PMC6402974/	fulltext/shae_2019_pmid30664751.xml	oa_xml
innate_agonists	clinical_trial	melanoma	no	Speiser DE, Liénard D, Rufer N, Rubio-Godoy V, Rimoldi D, Lejeune F, Krieg AM, Cerottini JC, Romero P.	Rapid and strong human CD8+ T cell responses to vaccination with peptide, IFA, and CpG oligodeoxynucleotide 7909	The Journal of clinical investigation	2005	483	15696196	10.1172/jci23373	PMC546459	https://pmc.ncbi.nlm.nih.gov/articles/PMC546459/		oa_xml
innate_agonists	clinical_trial	pan-solid	no	Corrales L, McWhirter SM, Dubensky TW, Gajewski TF.	The host STING pathway at the interface of cancer and immunity	The Journal of clinical investigation	2016	400	27367184	10.1172/jci86892	PMC4922692	https://pmc.ncbi.nlm.nih.gov/articles/PMC4922692/		oa_xml
innate_agonists	clinical_trial	pan-solid	no	Lv M, Chen M, Zhang R, Zhang W, Wang C, Zhang Y, Wei X, Guan Y, Liu J, Feng K, Jing M, Wang X, Liu YC, Mei Q, Han W, Jiang Z.	Manganese is critical for antitumor immune responses via cGAS-STING and improves the efficacy of clinical immunotherapy	Cell research	2020	757	32839553	10.1038/s41422-020-00395-4	PMC7785004	https://pmc.ncbi.nlm.nih.gov/articles/PMC7785004/	fulltext/lv_2020_pmid32839553.xml	oa_xml
innate_agonists	review	pan-solid	yes	McLaughlin M, Patin EC, Pedersen M, Wilkins A, Dillon MT, Melcher AA, Harrington KJ.	Inflammatory microenvironment remodelling by tumour cells after radiotherapy	Nature reviews. Cancer	2020	749	32161398	10.1038/s41568-020-0246-1		https://pubmed.ncbi.nlm.nih.gov/32161398/		metadata_only
innate_agonists	preclinical	melanoma;nsclc;breast	yes	Wang Y, Li S, Hu M, Yang Y, McCabe E, Zhang L, Withrow AM, Ting JP, Liu R.	Universal STING mimic boosts antitumour immunity via preferential activation of tumour control signalling pathways	Nature nanotechnology	2024	77	38480836	10.1038/s41565-024-01624-2	PMC11948844	https://pmc.ncbi.nlm.nih.gov/articles/PMC11948844/		oa_xml
innate_agonists	translational_human	nsclc	no	Wang J, Li S, Wang M, Wang X, Chen S, Sun Z, Ren X, Huang G, Sumer BD, Yan N, Fu YX, Gao J.	STING licensing of type I dendritic cells potentiates antitumor immunity	Science immunology	2024	108	38363830	10.1126/sciimmunol.adj3945	PMC11822965	https://pmc.ncbi.nlm.nih.gov/articles/PMC11822965/		oa_xml
innate_agonists	preclinical	gu_other	no	Lai P, Liu L, Bancaro N, Troiani M, Calì B, Li Y, Chen J, Singh PK, Arzola RA, Attanasio G, Pernigoni N, Pasquini E, Mosole S, Rinaldi A, Sgrignani J, Qiu S, Song P, Li Y, Desbats MA, Ángel AR, Mestre RP, Cavalli A, Barile L, de Bono J, Alimonti A.	Mitochondrial DNA released by senescent tumor cells enhances PMN-MDSC-driven immunosuppression through the cGAS-STING pathway	Immunity	2025	102	40203808	10.1016/j.immuni.2025.03.005		https://pubmed.ncbi.nlm.nih.gov/40203808/		metadata_only
innate_agonists	review	pan-solid	yes	Amouzegar A, Chelvanambi M, Filderman JN, Storkus WJ, Luke JJ.	STING Agonists as Cancer Therapeutics	Cancers	2021	347	34070756	10.3390/cancers13112695	PMC8198217	https://pmc.ncbi.nlm.nih.gov/articles/PMC8198217/	fulltext/amouzegar_2021_pmid34070756.xml	oa_xml
cytokine_engineering	mechanistic	breast	no	Ruffell B, Chang-Strachan D, Chan V, Rosenbusch A, Ho CM, Pryer N, Daniel D, Hwang ES, Rugo HS, Coussens LM.	Macrophage IL-10 blocks CD8+ T cell-dependent responses to chemotherapy by suppressing IL-12 expression in intratumoral dendritic cells	Cancer cell	2014	851	25446896	10.1016/j.ccell.2014.09.006	PMC4254570	https://pmc.ncbi.nlm.nih.gov/articles/PMC4254570/		oa_xml
cytokine_engineering	clinical_trial	nsclc	no	Ridker PM, MacFadyen JG, Thuren T, Everett BM, Libby P, Glynn RJ, CANTOS Trial Group.	Effect of interleukin-1β inhibition with canakinumab on incident lung cancer in patients with atherosclerosis: exploratory results from a randomised, double-blind, placebo-controlled trial	Lancet (London, England)	2017	1121	28855077	10.1016/s0140-6736(17)32247-x		https://pubmed.ncbi.nlm.nih.gov/28855077/		metadata_only
cytokine_engineering	clinical_trial	nsclc	yes	Wrangle JM, Velcheti V, Patel MR, Garrett-Mayer E, Hill EG, Ravenel JG, Miller JS, Farhad M, Anderton K, Lindsey K, Taffaro-Neskey M, Sherman C, Suriano S, Swiderska-Syn M, Sion A, Harris J, Edwards AR, Rytlewski JA, Sanders CM, Yusko EC, Robinson MD, Krieg C, Redmond WL, Egan JO, Rhode PR, Jeng EK, Rock AD, Wong HC, Rubinstein MP.	ALT-803, an IL-15 superagonist, in combination with nivolumab in patients with metastatic non-small cell lung cancer: a non-randomised, open-label, phase 1b trial	The Lancet. Oncology	2018	365	29628312	10.1016/s1470-2045(18)30148-7	PMC6089612	https://pmc.ncbi.nlm.nih.gov/articles/PMC6089612/		oa_xml
cytokine_engineering	clinical_trial	gbm_cns	no	Chiocca EA, Yu JS, Yu JS, Lukas RV, Solomon IH, Ligon KL, Nakashima H, Triggs DA, Reardon DA, Wen P, Stopa BM, Naik A, Rudnick J, Hu JL, Kumthekar P, Yamini B, Buck JY, Demars N, Barrett JA, Gelb AB, Zhou J, Lebel F, Cooper LJN.	Regulatable interleukin-12 gene therapy in patients with recurrent high-grade glioma: Results of a phase 1 trial	Science translational medicine	2019	237	31413142	10.1126/scitranslmed.aaw5680	PMC7286430	https://pmc.ncbi.nlm.nih.gov/articles/PMC7286430/		oa_xml
cytokine_engineering	preclinical	gu_other	yes	Bhatia V, Kamat NV, Pariva TE, Wu LT, Tsao A, Sasaki K, Sun H, Javier G, Nutt S, Coleman I, Hitchcock L, Zhang A, Rudoy D, Gulati R, Patel RA, Roudier MP, True LD, Srivastava S, Morrissey CM, Haffner MC, Nelson PS, Priceman SJ, Ishihara J, Lee JK.	Targeting advanced prostate cancer with STEAP1 chimeric antigen receptor T cell and tumor-localized IL-12 immunotherapy	Nature communications	2023	126	37041154	10.1038/s41467-023-37874-2	PMC10090190	https://pmc.ncbi.nlm.nih.gov/articles/PMC10090190/	fulltext/bhatia_2023_pmid37041154.xml	oa_xml
cytokine_engineering	preclinical	gbm_cns	no	Agliardi G, Liuzzi AR, Hotblack A, De Feo D, Núñez N, Stowe CL, Friebel E, Nannini F, Rindlisbacher L, Roberts TA, Ramasawmy R, Williams IP, Siow BM, Lythgoe MF, Kalber TL, Quezada SA, Pule MA, Tugues S, Straathof K, Becher B.	Intratumoral IL-12 delivery empowers CAR-T cell immunotherapy in a pre-clinical model of glioblastoma	Nature communications	2021	264	33469002	10.1038/s41467-020-20599-x	PMC7815781	https://pmc.ncbi.nlm.nih.gov/articles/PMC7815781/	fulltext/agliardi_2021_pmid33469002.xml	oa_xml
cytokine_engineering	review	pan-solid	no	Hao NB, Lü MH, Fan YH, Cao YL, Zhang ZR, Yang SM.	Macrophages in tumor microenvironments and the progression of tumors	Clinical & developmental immunology	2012	737	22778768	10.1155/2012/948098	PMC3385963	https://pmc.ncbi.nlm.nih.gov/articles/PMC3385963/	fulltext/hao_2012_pmid22778768.xml	oa_xml
cytokine_engineering	review	melanoma;rcc	yes	Conlon KC, Miljkovic MD, Waldmann TA.	Cytokines in the Treatment of Cancer	Journal of interferon & cytokine research : the official journal of the International Society for Interferon and Cytokine Research	2019	391	29889594	10.1089/jir.2018.0019	PMC6350412	https://pmc.ncbi.nlm.nih.gov/articles/PMC6350412/		oa_xml
cytokine_engineering	preclinical	gbm_cns	yes	Weiss T, Puca E, Silginer M, Hemmerle T, Pazahr S, Bink A, Weller M, Neri D, Roth P.	Immunocytokines are a promising immunotherapeutic approach against glioblastoma	Science translational medicine	2020	112	33028706	10.1126/scitranslmed.abb2311		https://pubmed.ncbi.nlm.nih.gov/33028706/		metadata_only
cytokine_engineering	preclinical	sarcoma_peds	no	Landoni E, Woodcock MG, Barragan G, Casirati G, Cinella V, Stucchi S, Flick LM, Withers TA, Hudson H, Casorati G, Dellabona P, Genovese P, Savoldo B, Metelitsa LS, Dotti G.	IL-12 reprograms CAR-expressing natural killer T cells to long-lived Th1-polarized cells with potent antitumor activity	Nature communications	2024	66	38167707	10.1038/s41467-023-44310-y	PMC10762263	https://pmc.ncbi.nlm.nih.gov/articles/PMC10762263/	fulltext/landoni_2024_pmid38167707.xml	oa_xml
cytokine_engineering	preclinical	melanoma	yes	Zotta A, Toller-Kawahisa J, Palsson-McDermott EM, O'Carroll SM, Henry ÓC, Day EA, McGettrick AF, Ward RW, Ryan DG, Watson MA, Brand MD, Runtsch MC, Maitz K, Lueger A, Kargl J, Miljkovic JL, Lavelle EC, O'Neill LAJ.	Mitochondrial respiratory complex III sustains IL-10 production in activated macrophages and promotes tumor-mediated immune evasion	Science advances	2025	26	39841829	10.1126/sciadv.adq7307	PMC11789823	https://pmc.ncbi.nlm.nih.gov/articles/PMC11789823/	fulltext/zotta_2025_pmid39841829.xml	oa_xml
cytokine_engineering	review	pan-solid	no	Tugues S, Burkhard SH, Ohs I, Vrohlings M, Nussbaum K, Vom Berg J, Kulig P, Becher B.	New insights into IL-12-mediated tumor suppression	Cell death and differentiation	2015	456	25190142	10.1038/cdd.2014.134	PMC4291488	https://pmc.ncbi.nlm.nih.gov/articles/PMC4291488/		oa_xml
cytokine_engineering	preclinical	crc	no	Shiri AM, Zhang T, Bedke T, Zazara DE, Zhao L, Lücke J, Sabihi M, Fazio A, Zhang S, Tauriello DVF, Batlle E, Steglich B, Kempski J, Agalioti T, Nawrocki M, Xu Y, Riecken K, Liebold I, Brockmann L, Konczalla L, Bosurgi L, Mercanoglu B, Seeger P, Küsters N, Lykoudis PM, Heumann A, Arck PC, Fehse B, Busch P, Grotelüschen R, Mann O, Izbicki JR, Hackert T, Flavell RA, Gagliani N, Giannou AD, Huber S.	IL-10 dampens antitumor immunity and promotes liver metastasis via PD-L1 induction	Journal of hepatology	2024	125	38160941	10.1016/j.jhep.2023.12.015	PMC10964083	https://pmc.ncbi.nlm.nih.gov/articles/PMC10964083/	fulltext/shiri_2024_pmid38160941.xml	oa_xml
trafficking_tls	translational_human	melanoma;rcc	yes	Helmink BA, Reddy SM, Gao J, Zhang S, Basar R, Thakur R, Yizhak K, Sade-Feldman M, Blando J, Han G, Gopalakrishnan V, Xi Y, Zhao H, Amaria RN, Tawbi HA, Cogdill AP, Liu W, LeBleu VS, Kugeratski FG, Patel S, Davies MA, Hwu P, Lee JE, Gershenwald JE, Lucci A, Arora R, Woodman S, Keung EZ, Gaudreau PO, Reuben A, Spencer CN, Burton EM, Haydu LE, Lazar AJ, Zapassodi R, Hudgens CW, Ledesma DA, Ong S, Bailey M, Warren S, Rao D, Krijgsman O, Rozeman EA, Peeper D, Blank CU, Schumacher TN, Butterfield LH, Zelazowska MA, McBride KM, Kalluri R, Allison J, Petitprez F, Fridman WH, Sautès-Fridman C, Hacohen N, Rezvani K, Sharma P, Tetzlaff MT, Wang L, Wargo JA.	B cells and tertiary lymphoid structures promote immunotherapy response	Nature	2020	2224	31942075	10.1038/s41586-019-1922-8	PMC8762581	https://pmc.ncbi.nlm.nih.gov/articles/PMC8762581/		oa_xml
trafficking_tls	preclinical	pdac	yes	Feig C, Jones JO, Kraman M, Wells RJ, Deonarine A, Chan DS, Connell CM, Roberts EW, Zhao Q, Caballero OL, Teichmann SA, Janowitz T, Jodrell DI, Tuveson DA, Fearon DT.	Targeting CXCL12 from FAP-expressing carcinoma-associated fibroblasts synergizes with anti-PD-L1 immunotherapy in pancreatic cancer	Proceedings of the National Academy of Sciences of the United States of America	2013	1764	24277834	10.1073/pnas.1320318110	PMC3864274	https://pmc.ncbi.nlm.nih.gov/articles/PMC3864274/		oa_xml
trafficking_tls	preclinical	pan-solid	no	Orimo A, Gupta PB, Sgroi DC, Arenzana-Seisdedos F, Delaunay T, Naeem R, Carey VJ, Richardson AL, Weinberg RA.	Stromal fibroblasts present in invasive human breast carcinomas promote tumor growth and angiogenesis through elevated SDF-1/CXCL12 secretion	Cell	2005	2915	15882617	10.1016/j.cell.2005.02.034		https://pubmed.ncbi.nlm.nih.gov/15882617/		metadata_only
trafficking_tls	review	pan-solid	yes	Yi M, Li T, Niu M, Zhang H, Wu Y, Wu K, Dai Z.	Targeting cytokine and chemokine signaling pathways for cancer therapy	Signal transduction and targeted therapy	2024	370	39034318	10.1038/s41392-024-01868-3	PMC11275440	https://pmc.ncbi.nlm.nih.gov/articles/PMC11275440/	fulltext/yi_2024_pmid39034318.xml	oa_xml
trafficking_tls	preclinical	breast	no	Gu-Trantien C, Loi S, Garaud S, Equeter C, Libin M, de Wind A, Ravoet M, Le Buanec H, Sibille C, Manfouo-Foutsop G, Veys I, Haibe-Kains B, Singhal SK, Michiels S, Rothé F, Salgado R, Duvillier H, Ignatiadis M, Desmedt C, Bron D, Larsimont D, Piccart M, Sotiriou C, Willard-Gallo K.	CD4⁺ follicular helper T cell infiltration predicts breast cancer survival	The Journal of clinical investigation	2013	884	23778140	10.1172/jci67428	PMC3696556	https://pmc.ncbi.nlm.nih.gov/articles/PMC3696556/		oa_xml
trafficking_tls	review	pan-solid	no	Teng MW, Ngiow SF, Ribas A, Smyth MJ.	Classifying Cancers Based on T-cell Infiltration and PD-L1	Cancer research	2015	1189	25977340	10.1158/0008-5472.can-15-0255	PMC4452411	https://pmc.ncbi.nlm.nih.gov/articles/PMC4452411/		oa_xml
trafficking_tls	clinical_trial	pdac	no	Bockorny B, Semenisty V, Macarulla T, Borazanci E, Wolpin BM, Stemmer SM, Golan T, Geva R, Borad MJ, Pedersen KS, Park JO, Ramirez RA, Abad DG, Feliu J, Muñoz A, Ponz-Sarvise M, Peled A, Lustig TM, Bohana-Kashtan O, Shaw SM, Sorani E, Chaney M, Kadosh S, Vainstein Haras A, Von Hoff DD, Hidalgo M.	BL-8040, a CXCR4 antagonist, in combination with pembrolizumab and chemotherapy for pancreatic cancer: the COMBAT trial	Nature medicine	2020	470	32451495	10.1038/s41591-020-0880-x		https://pubmed.ncbi.nlm.nih.gov/32451495/		metadata_only
trafficking_tls	review	pan-solid	no	Burger JA, Kipps TJ.	CXCR4: a key receptor in the crosstalk between tumor cells and their microenvironment	Blood	2006	892	16269611	10.1182/blood-2005-08-3182		https://pubmed.ncbi.nlm.nih.gov/16269611/		metadata_only
trafficking_tls	preclinical	pdac	no	Amisaki M, Zebboudj A, Yano H, Zhang SL, Payne G, Chandra AK, Yu R, Guasp P, Sethna ZM, Ohmoto A, Rojas LA, Cheng C, Waters T, Solovyov A, Martis S, Doane AS, Reiche C, Bruno EM, Milighetti M, Soares K, Odgerel Z, Moral JA, Zhao JN, Gönen M, Gardner R, Tumanov AV, Khan AG, Vergnolle O, Nyakatura EK, Lorenz IC, Baca M, Patterson E, Greenbaum B, Artis D, Merghoub T, Balachandran VP.	IL-33-activated ILC2s induce tertiary lymphoid structures in pancreatic cancer	Nature	2025	83	39814891	10.1038/s41586-024-08426-5	PMC11864983	https://pmc.ncbi.nlm.nih.gov/articles/PMC11864983/	fulltext/amisaki_2025_pmid39814891.xml	oa_xml
trafficking_tls	clinical_trial	breast	no	Liu S, Lachapelle J, Leung S, Gao D, Foulkes WD, Nielsen TO.	CD8+ lymphocyte infiltration is an independent favorable prognostic indicator in basal-like breast cancer	Breast cancer research : BCR	2012	351	22420471	10.1186/bcr3148	PMC3446382	https://pmc.ncbi.nlm.nih.gov/articles/PMC3446382/	fulltext/liu_2012_pmid22420471.xml	oa_xml
trafficking_tls	review	pan-solid	no	Mempel TR, Lill JK, Altenburger LM.	How chemokines organize the tumour microenvironment	Nature reviews. Cancer	2024	212	38066335	10.1038/s41568-023-00635-w	PMC11480775	https://pmc.ncbi.nlm.nih.gov/articles/PMC11480775/		oa_xml
trafficking_tls	preclinical	nsclc	yes	Lim RJ, Salehi-Rad R, Tran LM, Oh MS, Dumitras C, Crosson WP, Li R, Patel TS, Man S, Yean CE, Abascal J, Huang Z, Ong SL, Krysan K, Dubinett SM, Liu B.	CXCL9/10-engineered dendritic cells promote T cell activation and enhance immune checkpoint blockade for lung cancer	Cell reports. Medicine	2024	95	38518770	10.1016/j.xcrm.2024.101479	PMC11031384	https://pmc.ncbi.nlm.nih.gov/articles/PMC11031384/	fulltext/lim_2024_pmid38518770.xml	oa_xml
trafficking_tls	clinical_trial	melanoma;breast	no	Osorio JC, Knorr DA, Weitzenfeld P, Blanchard L, Yao N, Baez M, Sevilla C, DiLillo M, Rahman J, Sharma VP, Bromberg J, Postow MA, Ariyan C, Robson ME, Ravetch JV.	Fc-optimized CD40 agonistic antibody elicits tertiary lymphoid structure formation and systemic antitumor immunity in metastatic cancer	Cancer cell	2025	35	40816292	10.1016/j.ccell.2025.07.013		https://pubmed.ncbi.nlm.nih.gov/40816292/		metadata_only
antigen_presentation_ifn	clinical_trial	pdac	yes	Rojas LA, Sethna Z, Soares KC, Olcese C, Pang N, Patterson E, Lihm J, Ceglia N, Guasp P, Chu A, Yu R, Chandra AK, Waters T, Ruan J, Amisaki M, Zebboudj A, Odgerel Z, Payne G, Derhovanessian E, Müller F, Rhee I, Yadav M, Dobrin A, Sadelain M, Łuksza M, Cohen N, Tang L, Basturk O, Gönen M, Katz S, Do RK, Epstein AS, Momtaz P, Park W, Sugarman R, Varghese AM, Won E, Desai A, Wei AC, D'Angelica MI, Kingham TP, Mellman I, Merghoub T, Wolchok JD, Sahin U, Türeci Ö, Greenbaum BD, Jarnagin WR, Drebin J, O'Reilly EM, Balachandran VP.	Personalized RNA neoantigen vaccines stimulate T cells in pancreatic cancer	Nature	2023	1139	37165196	10.1038/s41586-023-06063-y	PMC10171177	https://pmc.ncbi.nlm.nih.gov/articles/PMC10171177/	fulltext/rojas_2023_pmid37165196.xml	oa_xml
antigen_presentation_ifn	clinical_trial	nsclc	yes	Skoulidis F, Goldberg ME, Greenawalt DM, Hellmann MD, Awad MM, Gainor JF, Schrock AB, Hartmaier RJ, Trabucco SE, Gay L, Ali SM, Elvin JA, Singal G, Ross JS, Fabrizio D, Szabo PM, Chang H, Sasson A, Srinivasan S, Kirov S, Szustakowski J, Vitazka P, Edwards R, Bufill JA, Sharma N, Ou SI, Peled N, Spigel DR, Rizvi H, Aguilar EJ, Carter BW, Erasmus J, Halpenny DF, Plodkowski AJ, Long NM, Nishino M, Denning WL, Galan-Cobo A, Hamdi H, Hirz T, Tong P, Wang J, Rodriguez-Canales J, Villalobos PA, Parra ER, Kalhor N, Sholl LM, Sauter JL, Jungbluth AA, Mino-Kenudson M, Azimi R, Elamin YY, Zhang J, Leonardi GC, Jiang F, Wong KK, Lee JJ, Papadimitrakopoulou VA, Wistuba II, Miller VA, Frampton GM, Wolchok JD, Shaw AT, Jänne PA, Stephens PJ, Rudin CM, Geese WJ, Albacker LA, Heymach JV.	STK11/LKB1 Mutations and PD-1 Inhibitor Resistance in KRAS-Mutant Lung Adenocarcinoma	Cancer discovery	2018	1422	29773717	10.1158/2159-8290.cd-18-0099	PMC6030433	https://pmc.ncbi.nlm.nih.gov/articles/PMC6030433/		oa_xml
antigen_presentation_ifn	clinical_trial	melanoma	no	Ott PA, Hu Z, Keskin DB, Shukla SA, Sun J, Bozym DJ, Zhang W, Luoma A, Giobbie-Hurder A, Peter L, Chen C, Olive O, Carter TA, Li S, Lieb DJ, Eisenhaure T, Gjini E, Stevens J, Lane WJ, Javeri I, Nellaiappan K, Salazar AM, Daley H, Seaman M, Buchbinder EI, Yoon CH, Harden M, Lennon N, Gabriel S, Rodig SJ, Barouch DH, Aster JC, Getz G, Wucherpfennig K, Neuberg D, Ritz J, Lander ES, Fritsch EF, Hacohen N, Wu CJ.	An immunogenic personal neoantigen vaccine for patients with melanoma	Nature	2017	2359	28678778	10.1038/nature22991	PMC5577644	https://pmc.ncbi.nlm.nih.gov/articles/PMC5577644/		oa_xml
antigen_presentation_ifn	clinical_trial	pdac	yes	Sethna Z, Guasp P, Reiche C, Milighetti M, Ceglia N, Patterson E, Lihm J, Payne G, Lyudovyk O, Rojas LA, Pang N, Ohmoto A, Amisaki M, Zebboudj A, Odgerel Z, Bruno EM, Zhang SL, Cheng C, Elhanati Y, Derhovanessian E, Manning L, Müller F, Rhee I, Yadav M, Merghoub T, Wolchok JD, Basturk O, Gönen M, Epstein AS, Momtaz P, Park W, Sugarman R, Varghese AM, Won E, Desai A, Wei AC, D'Angelica MI, Kingham TP, Soares KC, Jarnagin WR, Drebin J, O'Reilly EM, Mellman I, Sahin U, Türeci Ö, Greenbaum BD, Balachandran VP.	RNA neoantigen vaccines prime long-lived CD8+ T cells in pancreatic cancer	Nature	2025	248	39972124	10.1038/s41586-024-08508-4	PMC11946889	https://pmc.ncbi.nlm.nih.gov/articles/PMC11946889/	fulltext/sethna_2025_pmid39972124.xml	oa_xml
antigen_presentation_ifn	translational_human	melanoma;crc	yes	Shin DS, Zaretsky JM, Escuin-Ordinas H, Garcia-Diaz A, Hu-Lieskovan S, Kalbasi A, Grasso CS, Hugo W, Sandoval S, Torrejon DY, Palaskas N, Rodriguez GA, Parisi G, Azhdam A, Chmielowski B, Cherry G, Seja E, Berent-Maoz B, Shintaku IP, Le DT, Pardoll DM, Diaz LA, Tumeh PC, Graeber TG, Lo RS, Comin-Anduix B, Ribas A.	Primary Resistance to PD-1 Blockade Mediated by JAK1/2 Mutations	Cancer discovery	2017	1133	27903500	10.1158/2159-8290.cd-16-1223	PMC5296316	https://pmc.ncbi.nlm.nih.gov/articles/PMC5296316/		oa_xml
antigen_presentation_ifn	preclinical	pdac	yes	Yamamoto K, Venida A, Yano J, Biancur DE, Kakiuchi M, Gupta S, Sohn ASW, Mukhopadhyay S, Lin EY, Parker SJ, Banh RS, Paulo JA, Wen KW, Debnath J, Kim GE, Mancias JD, Fearon DT, Perera RM, Kimmelman AC.	Autophagy promotes immune evasion of pancreatic cancer by degrading MHC-I	Nature	2020	1072	32376951	10.1038/s41586-020-2229-5	PMC7296553	https://pmc.ncbi.nlm.nih.gov/articles/PMC7296553/	fulltext/yamamoto_2020_pmid32376951.xml	oa_xml
antigen_presentation_ifn	preclinical	pan-solid	no	Reits EA, Hodge JW, Herberts CA, Groothuis TA, Chakraborty M, Wansley EK, Camphausen K, Luiten RM, de Ru AH, Neijssen J, Griekspoor A, Mesman E, Verreck FA, Spits H, Schlom J, van Veelen P, Neefjes JJ.	Radiation modulates the peptide repertoire, enhances MHC class I expression, and induces successful antitumor immunotherapy	The Journal of experimental medicine	2006	1442	16636135	10.1084/jem.20052494	PMC3212727	https://pmc.ncbi.nlm.nih.gov/articles/PMC3212727/	fulltext/reits_2006_pmid16636135.xml	oa_xml
antigen_presentation_ifn	clinical_trial	melanoma	no	Weber JS, Carlino MS, Khattak A, Meniawy T, Ansstas G, Taylor MH, Kim KB, McKean M, Long GV, Sullivan RJ, Faries M, Tran TT, Cowey CL, Pecora A, Shaheen M, Segar J, Medina T, Atkinson V, Gibney GT, Luke JJ, Thomas S, Buchbinder EI, Healy JA, Huang M, Morrissey M, Feldman I, Sehgal V, Robert-Tissot C, Hou P, Zhu L, Brown M, Aanur P, Meehan RS, Zaks T.	Individualised neoantigen therapy mRNA-4157 (V940) plus pembrolizumab versus pembrolizumab monotherapy in resected melanoma (KEYNOTE-942): a randomised, phase 2b study	Lancet (London, England)	2024	675	38246194	10.1016/s0140-6736(23)02268-7		https://pubmed.ncbi.nlm.nih.gov/38246194/		metadata_only
antigen_presentation_ifn	review	pan-solid	no	Xie N, Shen G, Gao W, Huang Z, Huang C, Fu L.	Neoantigens: promising targets for cancer therapy	Signal transduction and targeted therapy	2023	814	36604431	10.1038/s41392-022-01270-x	PMC9816309	https://pmc.ncbi.nlm.nih.gov/articles/PMC9816309/	fulltext/xie_2023_pmid36604431.xml	oa_xml
antigen_presentation_ifn	preclinical	nsclc	yes	Koyama S, Akbay EA, Li YY, Aref AR, Skoulidis F, Herter-Sprie GS, Buczkowski KA, Liu Y, Awad MM, Denning WL, Diao L, Wang J, Parra-Cuentas ER, Wistuba II, Soucheray M, Thai T, Asahina H, Kitajima S, Altabef A, Cavanaugh JD, Rhee K, Gao P, Zhang H, Fecci PE, Shimamura T, Hellmann MD, Heymach JV, Hodi FS, Freeman GJ, Barbie DA, Dranoff G, Hammerman PS, Wong KK.	STK11/LKB1 Deficiency Promotes Neutrophil Recruitment and Proinflammatory Cytokine Production to Suppress T-cell Activity in the Lung Tumor Microenvironment	Cancer research	2016	562	26833127	10.1158/0008-5472.can-15-1439	PMC4775354	https://pmc.ncbi.nlm.nih.gov/articles/PMC4775354/		oa_xml
antigen_presentation_ifn	clinical_trial	rcc	no	Braun DA, Moranzoni G, Chea V, McGregor BA, Blass E, Tu CR, Vanasse AP, Forman C, Forman J, Afeyan AB, Schindler NR, Liu Y, Li S, Southard J, Chang SL, Hirsch MS, LeBoeuf NR, Olive O, Mehndiratta A, Greenslade H, Shetty K, Klaeger S, Sarkizova S, Pedersen CB, Mossanen M, Carulli I, Tarren A, Duke-Cohan J, Howard AA, Iorgulescu JB, Shim B, Simon JM, Signoretti S, Aster JC, Elagina L, Carr SA, Leshchiner I, Getz G, Gabriel S, Hacohen N, Olsen LR, Oliveira G, Neuberg DS, Livak KJ, Shukla SA, Fritsch EF, Wu CJ, Keskin DB, Ott PA, Choueiri TK.	A neoantigen vaccine generates antitumour immunity in renal cell carcinoma	Nature	2025	167	39910301	10.1038/s41586-024-08507-5	PMC11903305	https://pmc.ncbi.nlm.nih.gov/articles/PMC11903305/	fulltext/braun_2025_pmid39910301.xml	oa_xml
antigen_presentation_ifn	review	melanoma	no	Blass E, Ott PA.	Advances in the development of personalized neoantigen-based therapeutic cancer vaccines	Nature reviews. Clinical oncology	2021	812	33473220	10.1038/s41571-020-00460-2	PMC7816749	https://pmc.ncbi.nlm.nih.gov/articles/PMC7816749/	fulltext/blass_2021_pmid33473220.xml	oa_xml
antigen_presentation_ifn	review	pan-solid	no	Wu X, Li T, Jiang R, Yang X, Guo H, Yang R.	Targeting MHC-I molecules for cancer: function, mechanism, and therapeutic prospects	Molecular cancer	2023	207	38041084	10.1186/s12943-023-01899-4	PMC10693139	https://pmc.ncbi.nlm.nih.gov/articles/PMC10693139/	fulltext/wu_2023_pmid38041084.xml	oa_xml
epigenetic_priming	mechanistic	melanoma;gyn	yes	Chiappinelli KB, Strissel PL, Desrichard A, Li H, Henke C, Akman B, Hein A, Rote NS, Cope LM, Snyder A, Makarov V, Budhu S, Slamon DJ, Wolchok JD, Pardoll DM, Beckmann MW, Zahnow CA, Merghoub T, Chan TA, Baylin SB, Strick R.	Inhibiting DNA Methylation Causes an Interferon Response in Cancer via dsRNA Including Endogenous Retroviruses	Cell	2015	1620	26317466	10.1016/j.cell.2015.07.011	PMC4556003	https://pmc.ncbi.nlm.nih.gov/articles/PMC4556003/		oa_xml
epigenetic_priming	preclinical	melanoma	yes	Sheng W, LaFleur MW, Nguyen TH, Chen S, Chakravarthy A, Conway JR, Li Y, Chen H, Yang H, Hsu PH, Van Allen EM, Freeman GJ, De Carvalho DD, He HH, Sharpe AH, Shi Y.	LSD1 Ablation Stimulates Anti-tumor Immunity and Enables Checkpoint Blockade	Cell	2018	598	29937226	10.1016/j.cell.2018.05.052	PMC6063761	https://pmc.ncbi.nlm.nih.gov/articles/PMC6063761/		oa_xml
epigenetic_priming	preclinical	melanoma	yes	Zhang SM, Cai WL, Liu X, Thakral D, Luo J, Chan LH, McGeary MK, Song E, Blenman KRM, Micevic G, Jessel S, Zhang Y, Yin M, Booth CJ, Jilaveanu LB, Damsky W, Sznol M, Kluger HM, Iwasaki A, Bosenberg MW, Yan Q.	KDM5B promotes immune evasion by recruiting SETDB1 to silence retroelements	Nature	2021	247	34671158	10.1038/s41586-021-03994-2	PMC8555464	https://pmc.ncbi.nlm.nih.gov/articles/PMC8555464/		oa_xml
epigenetic_priming	preclinical	melanoma;nsclc	no	Woods DM, Sodré AL, Villagra A, Sarnaik A, Sotomayor EM, Weber J.	HDAC Inhibition Upregulates PD-1 Ligands in Melanoma and Augments Immunotherapy with PD-1 Blockade	Cancer immunology research	2015	384	26297712	10.1158/2326-6066.cir-15-0077-t	PMC4674300	https://pmc.ncbi.nlm.nih.gov/articles/PMC4674300/		oa_xml
epigenetic_priming	clinical_trial	melanoma	no	Ny L, Jespersen H, Karlsson J, Alsén S, Filges S, All-Eriksson C, Andersson B, Carneiro A, Helgadottir H, Levin M, Ljuslinder I, Olofsson Bagge R, Sah VR, Stierner U, Ståhlberg A, Ullenhag G, Nilsson LM, Nilsson JA.	The PEMDAC phase 2 study of pembrolizumab and entinostat in patients with metastatic uveal melanoma	Nature communications	2021	156	34453044	10.1038/s41467-021-25332-w	PMC8397717	https://pmc.ncbi.nlm.nih.gov/articles/PMC8397717/	fulltext/ny_2021_pmid34453044.xml	oa_xml
epigenetic_priming	clinical_trial	pdac	yes	Baretti M, Danilova L, Durham JN, Betts CB, Cope L, Sidiropoulos DN, Tandurella JA, Charmsaz S, Gross N, Hernandez A, Ho WJ, Thoburn C, Walker R, Leatherman J, Mitchell S, Christmas B, Saeed A, Gaykalova DA, Yegnasubramanian S, Fertig EJ, Coussens LM, Yarchoan M, Jaffee E, Azad NS.	Entinostat in combination with nivolumab in metastatic pancreatic ductal adenocarcinoma: a phase 2 clinical trial	Nature communications	2024	40	39532835	10.1038/s41467-024-52528-7	PMC11557583	https://pmc.ncbi.nlm.nih.gov/articles/PMC11557583/	fulltext/baretti_2024_pmid39532835.xml	oa_xml
epigenetic_priming	clinical_trial	gyn	no	Odunsi K, Matsuzaki J, James SR, Mhawech-Fauceglia P, Tsuji T, Miller A, Zhang W, Akers SN, Griffiths EA, Miliotto A, Beck A, Batt CA, Ritter G, Lele S, Gnjatic S, Karpf AR.	Epigenetic potentiation of NY-ESO-1 vaccine therapy in human ovarian cancer	Cancer immunology research	2014	158	24535937	10.1158/2326-6066.cir-13-0126	PMC3925074	https://pmc.ncbi.nlm.nih.gov/articles/PMC3925074/		oa_xml
epigenetic_priming	mechanistic	gu_other;gyn;sarcoma_peds	no	Porazzi P, Nason S, Yang Z, Carturan A, Ghilardi G, Guruprasad P, Patel RP, Tan M, Padmanabhan AA, Lemoine J, Fardella E, Zhang Y, Pajarillo R, Chen L, Ugwuanyi O, Markowitz K, Delman D, Angelos MG, Shestova O, Isshiki Y, Blanchard T, Béguelin W, Melnick AM, Linette GP, Beatty GL, Carreno BM, Cohen IJ, Paruzzo L, Schuster SJ, Ruella M.	EZH1/EZH2 inhibition enhances adoptive T cell immunotherapy against multiple cancer models	Cancer cell	2025	62	39983725	10.1016/j.ccell.2025.01.013	PMC13312562	https://pmc.ncbi.nlm.nih.gov/articles/PMC13312562/		oa_xml
epigenetic_priming	mechanistic	rcc	no	Jiang Q, Braun DA, Clauser KR, Ramesh V, Shirole NH, Duke-Cohan JE, Nabilsi N, Kramer NJ, Forman C, Lippincott IE, Klaeger S, Phulphagar KM, Chea V, Kim N, Vanasse AP, Saad E, Parsons T, Carr-Reynolds M, Carulli I, Pinjusic K, Jiang Y, Li R, Syamala S, Rachimi S, Verzani EK, Stevens JD, Lane WJ, Camp SY, Meli K, Pappalardi MB, Herbert ZT, Qiu X, Cejas P, Long HW, Shukla SA, Van Allen EM, Choueiri TK, Churchman LS, Abelin JG, Gurer C, MacBeath G, Childs RW, Carr SA, Keskin DB, Wu CJ, Kaelin WG.	HIF regulates multiple translated endogenous retroviruses: Implications for cancer immunotherapy	Cell	2025	50	40023154	10.1016/j.cell.2025.01.046	PMC11988688	https://pmc.ncbi.nlm.nih.gov/articles/PMC11988688/	fulltext/jiang_2025_pmid40023154.xml	oa_xml
epigenetic_priming	mechanistic	breast	yes	Aine M, Nacer DF, Arbajian E, Veerla S, Karlsson A, Häkkinen J, Johansson HJ, Rosengren F, Vallon-Christersson J, Borg Å, Staaf J.	The DNA methylation landscape of primary triple-negative breast cancer	Nature communications	2025	27	40155623	10.1038/s41467-025-58158-x	PMC11953470	https://pmc.ncbi.nlm.nih.gov/articles/PMC11953470/	fulltext/aine_2025_pmid40155623.xml	oa_xml
epigenetic_priming	review	breast	yes	Zhou L, Yu CW.	Epigenetic modulations in triple-negative breast cancer: Therapeutic implications for tumor microenvironment	Pharmacological research	2024	79	38719195	10.1016/j.phrs.2024.107205		https://pubmed.ncbi.nlm.nih.gov/38719195/		metadata_only
epigenetic_priming	review	melanoma	yes	Emran AA, Chatterjee A, Rodger EJ, Tiffen JC, Gallagher SJ, Eccles MR, Hersey P.	Targeting DNA Methylation and EZH2 Activity to Overcome Melanoma Resistance to Immunotherapy	Trends in immunology	2019	181	30853334	10.1016/j.it.2019.02.004		https://pubmed.ncbi.nlm.nih.gov/30853334/		metadata_only
epigenetic_priming	review	breast	yes	Wong KK.	DNMT1: A key drug target in triple-negative breast cancer	Seminars in cancer biology	2021	157	32461152	10.1016/j.semcancer.2020.05.010		https://pubmed.ncbi.nlm.nih.gov/32461152/		metadata_only
radiation_chemo_priming	clinical_trial	nsclc	yes	Theelen WSME, Peulen HMU, Lalezari F, van der Noort V, de Vries JF, Aerts JGJV, Dumoulin DW, Bahce I, Niemeijer AN, de Langen AJ, Monkhorst K, Baas P.	Effect of Pembrolizumab After Stereotactic Body Radiotherapy vs Pembrolizumab Alone on Tumor Response in Patients With Advanced Non-Small Cell Lung Cancer: Results of the PEMBRO-RT Phase 2 Randomized Clinical Trial	JAMA oncology	2019	841	31294749	10.1001/jamaoncol.2019.1478	PMC6624814	https://pmc.ncbi.nlm.nih.gov/articles/PMC6624814/		oa_xml
radiation_chemo_priming	clinical_trial	melanoma;nsclc	yes	Formenti SC, Rudqvist NP, Golden E, Cooper B, Wennerberg E, Lhuillier C, Vanpouille-Box C, Friedman K, Ferrari de Andrade L, Wucherpfennig KW, Heguy A, Imai N, Gnjatic S, Emerson RO, Zhou XK, Zhang T, Chachoua A, Demaria S.	Radiotherapy induces responses of lung cancer to CTLA-4 blockade	Nature medicine	2018	773	30397353	10.1038/s41591-018-0232-2	PMC6286242	https://pmc.ncbi.nlm.nih.gov/articles/PMC6286242/		oa_xml
radiation_chemo_priming	clinical_trial	gbm_cns	no	Lim M, Weller M, Idbaih A, Steinbach J, Finocchiaro G, Raval RR, Ansstas G, Baehring J, Taylor JW, Honnorat J, Petrecca K, De Vos F, Wick A, Sumrall A, Sahebjam S, Mellinghoff IK, Kinoshita M, Roberts M, Slepetis R, Warad D, Leung D, Lee M, Reardon DA, Omuro A.	Phase III trial of chemoradiotherapy with temozolomide plus nivolumab or placebo for newly diagnosed glioblastoma with methylated MGMT promoter	Neuro-oncology	2022	465	35511454	10.1093/neuonc/noac116	PMC9629431	https://pmc.ncbi.nlm.nih.gov/articles/PMC9629431/	fulltext/lim_2022_pmid35511454.xml	oa_xml
radiation_chemo_priming	clinical_trial	gu_other	no	Kwon ED, Drake CG, Scher HI, Fizazi K, Bossi A, van den Eertwegh AJ, Krainer M, Houede N, Santos R, Mahammedi H, Ng S, Maio M, Franke FA, Sundar S, Agarwal N, Bergman AM, Ciuleanu TE, Korbenfeld E, Sengeløv L, Hansen S, Logothetis C, Beer TM, McHenry MB, Gagnier P, Liu D, Gerritsen WR, CA184-043 Investigators.	Ipilimumab versus placebo after radiotherapy in patients with metastatic castration-resistant prostate cancer that had progressed after docetaxel chemotherapy (CA184-043): a multicentre, randomised, double-blind, phase 3 trial	The Lancet. Oncology	2014	1200	24831977	10.1016/s1470-2045(14)70189-5	PMC4418935	https://pmc.ncbi.nlm.nih.gov/articles/PMC4418935/		oa_xml
radiation_chemo_priming	translational_human	breast	yes	Shiao SL, Gouin KH, Ing N, Ho A, Basho R, Shah A, Mebane RH, Zitser D, Martinez A, Mevises NY, Ben-Cheikh B, Henson R, Mita M, McAndrew P, Karlan S, Giuliano A, Chung A, Amersi F, Dang C, Richardson H, Shon W, Dadmanesh F, Burnison M, Mirhadi A, Zumsteg ZS, Choi R, Davis M, Lee J, Rollins D, Martin C, Khameneh NH, McArthur H, Knott SRV.	Single-cell and spatial profiling identify three response trajectories to pembrolizumab and radiation therapy in triple negative breast cancer	Cancer cell	2024	172	38194915	10.1016/j.ccell.2023.12.012		https://pubmed.ncbi.nlm.nih.gov/38194915/		metadata_only
radiation_chemo_priming	review	pan-solid	no	Zhang Z, Liu X, Chen D, Yu J.	Radiotherapy combined with immunotherapy: the dawn of cancer treatment	Signal transduction and targeted therapy	2022	536	35906199	10.1038/s41392-022-01102-y	PMC9338328	https://pmc.ncbi.nlm.nih.gov/articles/PMC9338328/	fulltext/zhang_2022_pmid35906199.xml	oa_xml
radiation_chemo_priming	preclinical	pan-solid	no	Dewan MZ, Galloway AE, Kawashima N, Dewyngaert JK, Babb JS, Formenti SC, Demaria S.	Fractionated but not single-dose radiotherapy induces an immune-mediated abscopal effect when combined with anti-CTLA-4 antibody	Clinical cancer research : an official journal of the American Association for Cancer Research	2009	1365	19706802	10.1158/1078-0432.ccr-09-0265	PMC2746048	https://pmc.ncbi.nlm.nih.gov/articles/PMC2746048/		oa_xml
radiation_chemo_priming	review	pan-solid	no	Barker HE, Paget JT, Khan AA, Harrington KJ.	The tumour microenvironment after radiotherapy: mechanisms of resistance and recurrence	Nature reviews. Cancer	2015	1633	26105538	10.1038/nrc3958	PMC4896389	https://pmc.ncbi.nlm.nih.gov/articles/PMC4896389/		oa_xml
radiation_chemo_priming	preclinical	pan-solid	yes	Kuai R, Yuan W, Son S, Nam J, Xu Y, Fan Y, Schwendeman A, Moon JJ.	Elimination of established tumors with nanodisc-based combination chemoimmunotherapy	Science advances	2018	254	29675465	10.1126/sciadv.aao1736	PMC5906077	https://pmc.ncbi.nlm.nih.gov/articles/PMC5906077/	fulltext/kuai_2018_pmid29675465.xml	oa_xml
radiation_chemo_priming	preclinical	gbm_cns;sarcoma_peds	yes	Turubanova VD, Balalaeva IV, Mishchenko TA, Catanzaro E, Alzeibak R, Peskova NN, Efimova I, Bachert C, Mitroshina EV, Krysko O, Vedunova MV, Krysko DV.	Immunogenic cell death induced by a new photodynamic therapy based on photosens and photodithazine	Journal for immunotherapy of cancer	2019	219	31842994	10.1186/s40425-019-0826-3	PMC6916435	https://pmc.ncbi.nlm.nih.gov/articles/PMC6916435/	fulltext/turubanova_2019_pmid31842994.xml	oa_xml
radiation_chemo_priming	clinical_trial	nsclc	yes	Huang J, Theelen WSME, Belcaid Z, Najjar M, van der Geest D, Singh D, Cherry C, Balan A, White JR, Wehr J, Karchin R, Niknafs N, van den Heuvel MM, Velculescu VE, Smith KN, Baas P, Anagnostou V.	Combination of pembrolizumab and radiotherapy induces systemic antitumor immune responses in immunologically cold non-small cell lung cancer	Nature cancer	2025	30	40696153	10.1038/s43018-025-01018-w	PMC12559004	https://pmc.ncbi.nlm.nih.gov/articles/PMC12559004/	fulltext/huang_2025_pmid40696153.xml	oa_xml
radiation_chemo_priming	review	pan-solid	no	Duan X, Chan C, Lin W.	Nanoparticle-Mediated Immunogenic Cell Death Enables and Potentiates Cancer Immunotherapy	Angewandte Chemie (International ed. in English)	2019	715	30016571	10.1002/anie.201804882	PMC7837455	https://pmc.ncbi.nlm.nih.gov/articles/PMC7837455/		oa_xml
radiation_chemo_priming	review	pan-solid	no	Meier P, Legrand AJ, Adam D, Silke J.	Immunogenic cell death in cancer: targeting necroptosis to induce antitumour immunity	Nature reviews. Cancer	2024	289	38454135	10.1038/s41568-024-00674-x		https://pubmed.ncbi.nlm.nih.gov/38454135/		metadata_only
intratumoral_oncolytic	clinical_trial	gbm_cns	no	Cloughesy TF, Mochizuki AY, Orpilla JR, Hugo W, Lee AH, Davidson TB, Wang AC, Ellingson BM, Rytlewski JA, Sanders CM, Kawaguchi ES, Du L, Li G, Yong WH, Gaffey SC, Cohen AL, Mellinghoff IK, Lee EQ, Reardon DA, O'Brien BJ, Butowski NA, Nghiemphu PL, Clarke JL, Arrillaga-Romany IC, Colman H, Kaley TJ, de Groot JF, Liau LM, Wen PY, Prins RM.	Neoadjuvant anti-PD-1 immunotherapy promotes a survival benefit with intratumoral and systemic immune responses in recurrent glioblastoma	Nature medicine	2019	1158	30742122	10.1038/s41591-018-0337-7	PMC6408961	https://pmc.ncbi.nlm.nih.gov/articles/PMC6408961/	fulltext/cloughesy_2019_pmid30742122.xml	oa_xml
intratumoral_oncolytic	clinical_trial	melanoma	no	Ribas A, Dummer R, Puzanov I, VanderWalde A, Andtbacka RHI, Michielin O, Olszanski AJ, Malvehy J, Cebon J, Fernandez E, Kirkwood JM, Gajewski TF, Chen L, Gorski KS, Anderson AA, Diede SJ, Lassman ME, Gansert J, Hodi FS, Long GV.	Oncolytic Virotherapy Promotes Intratumoral T Cell Infiltration and Improves Anti-PD-1 Immunotherapy	Cell	2017	1188	28886381	10.1016/j.cell.2017.08.027	PMC8034392	https://pmc.ncbi.nlm.nih.gov/articles/PMC8034392/		oa_xml
intratumoral_oncolytic	preclinical	pan-solid	no	Scharping NE, Menk AV, Moreci RS, Whetstone RD, Dadey RE, Watkins SC, Ferris RL, Delgoffe GM.	The Tumor Microenvironment Represses T Cell Mitochondrial Biogenesis to Drive Intratumoral T Cell Metabolic Insufficiency and Dysfunction	Immunity	2016	745	27496732	10.1016/j.immuni.2016.07.009	PMC5207350	https://pmc.ncbi.nlm.nih.gov/articles/PMC5207350/		oa_xml
intratumoral_oncolytic	clinical_trial	gbm_cns	no	Ling AL, Solomon IH, Landivar AM, Nakashima H, Woods JK, Santos A, Masud N, Fell G, Mo X, Yilmaz AS, Grant J, Zhang A, Bernstock JD, Torio E, Ito H, Liu J, Shono N, Nowicki MO, Triggs D, Halloran P, Piranlioglu R, Soni H, Stopa B, Bi WL, Peruzzi P, Chen E, Malinowski SW, Prabhu MC, Zeng Y, Carlisle A, Rodig SJ, Wen PY, Lee EQ, Nayak L, Chukwueke U, Gonzalez Castro LN, Dumont SD, Batchelor T, Kittelberger K, Tikhonova E, Miheecheva N, Tabakov D, Shin N, Gorbacheva A, Shumskiy A, Frenkel F, Aguilar-Cordova E, Aguilar LK, Krisky D, Wechuck J, Manzanera A, Matheny C, Tak PP, Barone F, Kovarsky D, Tirosh I, Suvà ML, Wucherpfennig KW, Ligon K, Reardon DA, Chiocca EA.	Clinical trial links oncolytic immunoactivation to survival in glioblastoma	Nature	2023	253	37853118	10.1038/s41586-023-06623-2	PMC10620094	https://pmc.ncbi.nlm.nih.gov/articles/PMC10620094/	fulltext/ling_2023_pmid37853118.xml	oa_xml
intratumoral_oncolytic	clinical_trial	hcc_biliary	yes	Shen Y, Bai X, Zhang Q, Liang X, Jin X, Zhao Z, Song W, Tan Q, Zhao R, Jia W, Gu S, Shi G, Zheng Z, Wei G, Wang Y, Fang T, Li Y, Wang Z, Yang Z, Guo S, Lin D, Wei F, Wang L, Sun X, Qin A, Xie L, Qiu Y, Bao W, Rahimian S, Singh M, Murad Y, Shang J, Chu M, Huang M, Ding J, Chen W, Ye Y, Chen Y, Li X, Liang T.	Oncolytic virus VG161 in refractory hepatocellular carcinoma	Nature	2025	68	40108464	10.1038/s41586-025-08717-5		https://pubmed.ncbi.nlm.nih.gov/40108464/		metadata_only
intratumoral_oncolytic	clinical_trial	gbm_cns	no	Friedman GK, Johnston JM, Bag AK, Bernstock JD, Li R, Aban I, Kachurak K, Nan L, Kang KD, Totsch S, Schlappi C, Martin AM, Pastakia D, McNall-Knapp R, Farouk Sait S, Khakoo Y, Karajannis MA, Woodling K, Palmer JD, Osorio DS, Leonard J, Abdelbaki MS, Madan-Swain A, Atkinson TP, Whitley RJ, Fiveash JB, Markert JM, Gillespie GY.	Oncolytic HSV-1 G207 Immunovirotherapy for Pediatric High-Grade Gliomas	The New England journal of medicine	2021	278	33838625	10.1056/nejmoa2024947	PMC8284840	https://pmc.ncbi.nlm.nih.gov/articles/PMC8284840/		oa_xml
intratumoral_oncolytic	preclinical	crc	no	Zheng JH, Nguyen VH, Jiang SN, Park SH, Tan W, Hong SH, Shin MG, Chung IJ, Hong Y, Bom HS, Choy HE, Lee SE, Rhee JH, Min JJ.	Two-step enhanced cancer immunotherapy with engineered Salmonella typhimurium secreting heterologous flagellin	Science translational medicine	2017	464	28179508	10.1126/scitranslmed.aak9537		https://pubmed.ncbi.nlm.nih.gov/28179508/		metadata_only
intratumoral_oncolytic	mechanistic	mesothelioma	no	Espinosa-Carrasco G, Chiu E, Scrivo A, Zumbo P, Dave A, Betel D, Kang SW, Jang HJ, Hellmann MD, Burt BM, Lee HS, Schietinger A.	Intratumoral immune triads are required for immunotherapy-mediated elimination of solid tumors	Cancer cell	2024	190	38906155	10.1016/j.ccell.2024.05.025	PMC11413804	https://pmc.ncbi.nlm.nih.gov/articles/PMC11413804/		oa_xml
intratumoral_oncolytic	review	melanoma	no	Lawler SE, Speranza MC, Cho CF, Chiocca EA.	Oncolytic Viruses in Cancer Treatment: A Review	JAMA oncology	2017	468	27441411	10.1001/jamaoncol.2016.2064		https://pubmed.ncbi.nlm.nih.gov/27441411/		metadata_only
intratumoral_oncolytic	review	pan-solid	yes	Bommareddy PK, Shettigar M, Kaufman HL.	Integrating oncolytic viruses in combination cancer immunotherapy	Nature reviews. Immunology	2018	541	29743717	10.1038/s41577-018-0014-6		https://pubmed.ncbi.nlm.nih.gov/29743717/		metadata_only
intratumoral_oncolytic	preclinical	pan-solid	yes	Cerullo V, Pesonen S, Diaconu I, Escutenaire S, Arstila PT, Ugolini M, Nokisalmi P, Raki M, Laasonen L, Särkioja M, Rajecki M, Kangasniemi L, Guse K, Helminen A, Ahtiainen L, Ristimäki A, Räisänen-Sokolowski A, Haavisto E, Oksanen M, Karli E, Karioja-Kallio A, Holm SL, Kouri M, Joensuu T, Kanerva A, Hemminki A.	Oncolytic adenovirus coding for granulocyte macrophage colony-stimulating factor induces antitumoral immunity in cancer patients	Cancer research	2010	191	20484030	10.1158/0008-5472.can-09-3567		https://pubmed.ncbi.nlm.nih.gov/20484030/		metadata_only
intratumoral_oncolytic	review	melanoma	no	Macedo N, Miller DM, Haq R, Kaufman HL.	Clinical landscape of oncolytic virus research in 2020	Journal for immunotherapy of cancer	2020	294	33046622	10.1136/jitc-2020-001486	PMC7552841	https://pmc.ncbi.nlm.nih.gov/articles/PMC7552841/	fulltext/macedo_2020_pmid33046622.xml	oa_xml
intratumoral_oncolytic	clinical_trial	gbm_cns	no	Galanis E, Dooley KE, Keith Anderson S, Kurokawa CB, Carrero XW, Uhm JH, Federspiel MJ, Leontovich AA, Aderca I, Viker KB, Hammack JE, Marks RS, Robinson SI, Johnson DR, Kaufmann TJ, Buckner JC, Lachance DH, Burns TC, Giannini C, Raghunathan A, Iankov ID, Parney IF.	Carcinoembryonic antigen-expressing oncolytic measles virus derivative in recurrent glioblastoma: a phase 1 trial	Nature communications	2024	66	38216554	10.1038/s41467-023-43076-7	PMC10786937	https://pmc.ncbi.nlm.nih.gov/articles/PMC10786937/	fulltext/galanis_2024_pmid38216554.xml	oa_xml
microbiome	clinical_trial	melanoma	yes	Davar D, Dzutsev AK, McCulloch JA, Rodrigues RR, Chauvin JM, Morrison RM, Deblasio RN, Menna C, Ding Q, Pagliano O, Zidi B, Zhang S, Badger JH, Vetizou M, Cole AM, Fernandes MR, Prescott S, Costa RGF, Balaji AK, Morgun A, Vujkovic-Cvijin I, Wang H, Borhani AA, Schwartz MB, Dubner HM, Ernst SJ, Rose A, Najjar YG, Belkaid Y, Kirkwood JM, Trinchieri G, Zarour HM.	Fecal microbiota transplant overcomes resistance to anti-PD-1 therapy in melanoma patients	Science (New York, N.Y.)	2021	1390	33542131	10.1126/science.abf3363	PMC8097968	https://pmc.ncbi.nlm.nih.gov/articles/PMC8097968/		oa_xml
microbiome	clinical_trial	melanoma	yes	Baruch EN, Youngster I, Ben-Betzalel G, Ortenberg R, Lahat A, Katz L, Adler K, Dick-Necula D, Raskin S, Bloch N, Rotin D, Anafi L, Avivi C, Melnichenko J, Steinberg-Silman Y, Mamtani R, Harati H, Asher N, Shapira-Frommer R, Brosh-Nissimov T, Eshet Y, Ben-Simon S, Ziv O, Khan MAW, Amit M, Ajami NJ, Barshack I, Schachter J, Wargo JA, Koren O, Markel G, Boursi B.	Fecal microbiota transplant promotes response in immunotherapy-refractory melanoma patients	Science (New York, N.Y.)	2021	1299	33303685	10.1126/science.abb5920		https://pubmed.ncbi.nlm.nih.gov/33303685/		metadata_only
microbiome	translational_human	pdac	no	Riquelme E, Zhang Y, Zhang L, Montiel M, Zoltan M, Dong W, Quesada P, Sahin I, Chandra V, San Lucas A, Scheet P, Xu H, Hanash SM, Feng L, Burks JK, Do KA, Peterson CB, Nejman D, Tzeng CD, Kim MP, Sears CL, Ajami N, Petrosino J, Wood LD, Maitra A, Straussman R, Katz M, White JR, Jenq R, Wargo J, McAllister F.	Tumor Microbiome Diversity and Composition Influence Pancreatic Cancer Outcomes	Cell	2019	1226	31398337	10.1016/j.cell.2019.07.008	PMC7288240	https://pmc.ncbi.nlm.nih.gov/articles/PMC7288240/		oa_xml
microbiome	clinical_trial	melanoma	yes	Routy B, Lenehan JG, Miller WH, Jamal R, Messaoudene M, Daisley BA, Hes C, Al KF, Martinez-Gili L, Punčochář M, Ernst S, Logan D, Belanger K, Esfahani K, Richard C, Ninkov M, Piccinno G, Armanini F, Pinto F, Krishnamoorthy M, Figueredo R, Thebault P, Takis P, Magrill J, Ramsay L, Derosa L, Marchesi JR, Parvathy SN, Elkrief A, Watson IR, Lapointe R, Segata N, Haeryfar SMM, Mullish BH, Silverman MS, Burton JP, Maleki Vareki S.	Fecal microbiota transplantation plus anti-PD-1 immunotherapy in advanced melanoma: a phase I trial	Nature medicine	2023	392	37414899	10.1038/s41591-023-02453-x		https://pubmed.ncbi.nlm.nih.gov/37414899/		metadata_only
microbiome	preclinical	pdac	no	Pushalkar S, Hundeyin M, Daley D, Zambirinis CP, Kurz E, Mishra A, Mohan N, Aykut B, Usyk M, Torres LE, Werba G, Zhang K, Guo Y, Li Q, Akkad N, Lall S, Wadowski B, Gutierrez J, Kochen Rossi JA, Herzog JW, Diskin B, Torres-Hernandez A, Leinwand J, Wang W, Taunk PS, Savadkar S, Janal M, Saxena A, Li X, Cohen D, Sartor RB, Saxena D, Miller G.	The Pancreatic Cancer Microbiome Promotes Oncogenesis by Induction of Innate and Adaptive Immune Suppression	Cancer discovery	2018	1167	29567829	10.1158/2159-8290.cd-17-1134	PMC6225783	https://pmc.ncbi.nlm.nih.gov/articles/PMC6225783/		oa_xml
microbiome	preclinical	melanoma	no	Vétizou M, Pitt JM, Daillère R, Lepage P, Waldschmitt N, Flament C, Rusakiewicz S, Routy B, Roberti MP, Duong CP, Poirier-Colame V, Roux A, Becharef S, Formenti S, Golden E, Cording S, Eberl G, Schlitzer A, Ginhoux F, Mani S, Yamazaki T, Jacquelot N, Enot DP, Bérard M, Nigou J, Opolon P, Eggermont A, Woerther PL, Chachaty E, Chaput N, Robert C, Mateus C, Kroemer G, Raoult D, Boneca IG, Carbonnel F, Chamaillard M, Zitvogel L.	Anticancer immunotherapy by CTLA-4 blockade relies on the gut microbiota	Science (New York, N.Y.)	2015	2774	26541610	10.1126/science.aad1329	PMC4721659	https://pmc.ncbi.nlm.nih.gov/articles/PMC4721659/		oa_xml
microbiome	preclinical	nsclc	yes	Huang J, Liu D, Wang Y, Liu L, Li J, Yuan J, Jiang Z, Jiang Z, Hsiao WW, Liu H, Khan I, Xie Y, Wu J, Xie Y, Zhang Y, Fu Y, Liao J, Wang W, Lai H, Shi A, Cai J, Luo L, Li R, Yao X, Fan X, Wu Q, Liu Z, Yan P, Lu J, Yang M, Wang L, Cao Y, Wei H, Leung EL.	Ginseng polysaccharides alter the gut microbiota and kynurenine/tryptophan ratio, potentiating the antitumour effect of antiprogrammed cell death 1/programmed cell death ligand 1 (anti-PD-1/PD-L1) immunotherapy	Gut	2022	448	34006584	10.1136/gutjnl-2020-321031	PMC8921579	https://pmc.ncbi.nlm.nih.gov/articles/PMC8921579/	fulltext/huang_2022_pmid34006584.xml	oa_xml
microbiome	clinical_trial	melanoma;nsclc	yes	Duttagupta S, Messaoudene M, Hunter S, Desilets A, Jamal R, Mihalcioiu C, Belkaid W, Marcoux N, Fidelle M, Suissa D, Ponce M, Geiger M, Malo J, Piccinno G, Punčochář M, Filin A, Heidrich V, Rusu D, Mbaye B, Durand S, Ben Aissa I, Puller V, de Lahondès R, Blais N, Tehfe M, Owen S, Bélanger K, Parvathy SN, Shieh B, Raphael J, Lenehan J, Breadner D, Rothenstein J, Rozza N, Maillou J, Nili S, Prifti DK, Pinto F, Armanini F, Kim-Schulze S, Marron TU, Kroemer G, Derosa L, Zitvogel L, Silverman M, Segata N, Maleki Vareki S, Routy B, Elkrief A.	Fecal microbiota transplantation plus immunotherapy in non-small cell lung cancer and melanoma: the phase 2 FMT-LUMINate trial	Nature medicine	2026	46	41606121	10.1038/s41591-025-04186-5	PMC13099432	https://pmc.ncbi.nlm.nih.gov/articles/PMC13099432/	fulltext/duttagupta_2026_pmid41606121.xml	oa_xml
microbiome	translational_human	melanoma;nsclc;crc	no	Derosa L, Iebba V, Silva CAC, Piccinno G, Wu G, Lordello L, Routy B, Zhao N, Thelemaque C, Birebent R, Marmorino F, Fidelle M, Messaoudene M, Thomas AM, Zalcman G, Friard S, Mazieres J, Audigier-Valette C, Sibilot DM, Goldwasser F, Scherpereel A, Pegliasco H, Ghiringhelli F, Bouchard N, Sow C, Darik I, Zoppi S, Ly P, Reni A, Daillère R, Deutsch E, Lee KA, Bolte LA, Björk JR, Weersma RK, Barlesi F, Padilha L, Finzel A, Isaksen ML, Escudier B, Albiges L, Planchard D, André F, Cremolini C, Martinez S, Besse B, Zhao L, Segata N, Wojcik J, Kroemer G, Zitvogel L.	Custom scoring based on ecological topology of gut microbiota associated with cancer immunotherapy outcome	Cell	2024	155	38906102	10.1016/j.cell.2024.05.029		https://pubmed.ncbi.nlm.nih.gov/38906102/		metadata_only
microbiome	preclinical	crc	no	Wang M, Rousseau B, Qiu K, Huang G, Zhang Y, Su H, Le Bihan-Benjamin C, Khati I, Artz O, Foote MB, Cheng YY, Lee KH, Miao MZ, Sun Y, Bousquet PJ, Hilmi M, Dumas E, Hamy AS, Reyal F, Lin L, Armistead PM, Song W, Vargason A, Arthur JC, Liu Y, Guo J, Zhou X, Nguyen J, He Y, Ting JP, Anselmo AC, Huang L.	Killing tumor-associated bacteria with a liposomal antibiotic generates neoantigens that induce anti-tumor immune responses	Nature biotechnology	2024	162	37749267	10.1038/s41587-023-01957-8	PMC12892252	https://pmc.ncbi.nlm.nih.gov/articles/PMC12892252/		oa_xml
microbiome	review	melanoma	yes	Routy B, Jackson T, Mählmann L, Baumgartner CK, Blaser M, Byrd A, Corvaia N, Couts K, Davar D, Derosa L, Hang HC, Hospers G, Isaksen M, Kroemer G, Malard F, McCoy KD, Meisel M, Pal S, Ronai Z, Segal E, Sepich-Poore GD, Shaikh F, Sweis RF, Trinchieri G, van den Brink M, Weersma RK, Whiteson K, Zhao L, McQuade J, Zarour H, Zitvogel L.	Melanoma and microbiota: Current understanding and future directions	Cancer cell	2024	72	38157864	10.1016/j.ccell.2023.12.003	PMC11096984	https://pmc.ncbi.nlm.nih.gov/articles/PMC11096984/		oa_xml
microbiome	review	crc	no	Wong CC, Yu J.	Gut microbiota in colorectal cancer development and therapy	Nature reviews. Clinical oncology	2023	512	37169888	10.1038/s41571-023-00766-x		https://pubmed.ncbi.nlm.nih.gov/37169888/		metadata_only
microbiome	review	pan-solid	no	Yadegar A, Bar-Yoseph H, Monaghan TM, Pakpour S, Severino A, Kuijper EJ, Smits WK, Terveer EM, Neupane S, Nabavi-Rad A, Sadeghi J, Cammarota G, Ianiro G, Nap-Hill E, Leung D, Wong K, Kao D.	Fecal microbiota transplantation: current challenges and future landscapes	Clinical microbiology reviews	2024	221	38717124	10.1128/cmr.00060-22	PMC11325845	https://pmc.ncbi.nlm.nih.gov/articles/PMC11325845/		oa_xml
tme_directed_delivery	preclinical	pan-solid	no	Wang W, Green M, Choi JE, Gijón M, Kennedy PD, Johnson JK, Liao P, Lang X, Kryczek I, Sell A, Xia H, Zhou J, Li G, Li J, Li W, Wei S, Vatan L, Zhang H, Szeliga W, Gu W, Liu R, Lawrence TS, Lamb C, Tanno Y, Cieslik M, Stone E, Georgiou G, Chan TA, Chinnaiyan A, Zou W.	CD8+ T cells regulate tumour ferroptosis during cancer immunotherapy	Nature	2019	2398	31043744	10.1038/s41586-019-1170-y	PMC6533917	https://pmc.ncbi.nlm.nih.gov/articles/PMC6533917/		oa_xml
tme_directed_delivery	mechanistic	breast	yes	Yang F, Xiao Y, Ding JH, Jin X, Ma D, Li DQ, Shi JX, Huang W, Wang YP, Jiang YZ, Shao ZM.	Ferroptosis heterogeneity in triple-negative breast cancer reveals an innovative immunotherapy combination strategy	Cell metabolism	2023	569	36257316	10.1016/j.cmet.2022.09.021		https://pubmed.ncbi.nlm.nih.gov/36257316/		metadata_only
tme_directed_delivery	review	pan-solid	no	Lei G, Zhuang L, Gan B.	The roles of ferroptosis in cancer: Tumor suppression, tumor microenvironment, and therapeutic interventions	Cancer cell	2024	487	38593779	10.1016/j.ccell.2024.03.011		https://pubmed.ncbi.nlm.nih.gov/38593779/		metadata_only
tme_directed_delivery	preclinical	pan-solid	no	Yang G, Xu L, Chao Y, Xu J, Sun X, Wu Y, Peng R, Liu Z.	Hollow MnO2 as a tumor-microenvironment-responsive biodegradable nano-platform for combination therapy favoring antitumor immune responses	Nature communications	2017	966	29026068	10.1038/s41467-017-01050-0	PMC5638920	https://pmc.ncbi.nlm.nih.gov/articles/PMC5638920/	fulltext/yang_2017_pmid29026068.xml	oa_xml
tme_directed_delivery	preclinical	nsclc	yes	Ma L, Chen C, Zhao C, Li T, Ma L, Jiang J, Duan Z, Si Q, Chuang TH, Xiang R, Luo Y.	Targeting carnitine palmitoyl transferase 1A (CPT1A) induces ferroptosis and synergizes with immunotherapy in lung cancer	Signal transduction and targeted therapy	2024	196	38453925	10.1038/s41392-024-01772-w		https://pubmed.ncbi.nlm.nih.gov/38453925/		metadata_only
tme_directed_delivery	preclinical	pan-solid	no	Kim R, Hashimoto A, Markosyan N, Tyurin VA, Tyurina YY, Kar G, Fu S, Sehgal M, Garcia-Gerique L, Kossenkov A, Gebregziabher BA, Tobias JW, Hicks K, Halpin RA, Cvetesic N, Deng H, Donthireddy L, Greenberg A, Nam B, Vonderheide RH, Nefedova Y, Kagan VE, Gabrilovich DI.	Ferroptosis of tumour neutrophils causes immune suppression in cancer	Nature	2022	475	36385526	10.1038/s41586-022-05443-0	PMC9875862	https://pmc.ncbi.nlm.nih.gov/articles/PMC9875862/		oa_xml
tme_directed_delivery	preclinical	pdac	yes	Li J, Liu J, Zhou Z, Wu R, Chen X, Yu C, Stockwell B, Kroemer G, Kang R, Tang D.	Tumor-specific GPX4 degradation enhances ferroptosis-initiated antitumor immune response in mouse models of pancreatic cancer	Science translational medicine	2023	257	37910602	10.1126/scitranslmed.adg3049		https://pubmed.ncbi.nlm.nih.gov/37910602/		metadata_only
tme_directed_delivery	review	pan-solid	no	Tong X, Tang R, Xiao M, Xu J, Wang W, Zhang B, Liu J, Yu X, Shi S.	Targeting cell death pathways for cancer therapy: recent developments in necroptosis, pyroptosis, ferroptosis, and cuproptosis research	Journal of hematology & oncology	2022	740	36482419	10.1186/s13045-022-01392-3	PMC9733270	https://pmc.ncbi.nlm.nih.gov/articles/PMC9733270/	fulltext/tong_2022_pmid36482419.xml	oa_xml
tme_directed_delivery	review	pan-solid	no	Sabit H, Pawlik TM, Radwan F, Abdel-Hakeem M, Abdel-Ghany S, Wadan AS, Elzawahri M, El-Hashash A, Arneth B.	Precision nanomedicine: navigating the tumor microenvironment for enhanced cancer immunotherapy and targeted drug delivery	Molecular cancer	2025	120	40457437	10.1186/s12943-025-02357-z	PMC12131435	https://pmc.ncbi.nlm.nih.gov/articles/PMC12131435/	fulltext/sabit_2025_pmid40457437.xml	oa_xml
tme_directed_delivery	review	pan-solid	yes	Wang H, Wang T, Yan S, Tang J, Zhang Y, Wang L, Xu H, Tu C.	Crosstalk of pyroptosis and cytokine in the tumor microenvironment: from mechanisms to clinical implication	Molecular cancer	2024	84	39614288	10.1186/s12943-024-02183-9	PMC11607834	https://pmc.ncbi.nlm.nih.gov/articles/PMC11607834/	fulltext/wang_2024_pmid39614288.xml	oa_xml
tme_directed_delivery	preclinical	crc	yes	Zhou Y, Zhang W, Wang B, Wang P, Li D, Cao T, Zhang D, Han H, Bai M, Wang X, Zhao X, Lu Y.	Mitochondria-targeted photodynamic therapy triggers GSDME-mediated pyroptosis and sensitizes anti-PD-1 therapy in colorectal cancer	Journal for immunotherapy of cancer	2024	70	38429070	10.1136/jitc-2023-008054	PMC10910688	https://pmc.ncbi.nlm.nih.gov/articles/PMC10910688/	fulltext/zhou_2024_pmid38429070.xml	oa_xml
tme_directed_delivery	translational_human	gi_other	yes	Cheng X, Dai E, Wu J, Flores NM, Chu Y, Wang R, Dang M, Xu Z, Han G, Liu Y, Chatterjee D, Hu C, Ying J, Du Y, Yang L, Guan X, Mo S, Cao X, Pei G, Jiang J, Lu X, Benitez AM, Waters RE, Pizzi MP, Shanbhag N, Fan Y, Peng F, Hanash SM, Calin G, Futreal A, Song S, Yee C, Mazur PK, Qin JJ, Ajani JA, Wang L.	Atlas of Metastatic Gastric Cancer Links Ferroptosis to Disease Progression and Immunotherapy Response	Gastroenterology	2024	60	39097198	10.1053/j.gastro.2024.07.038		https://pubmed.ncbi.nlm.nih.gov/39097198/		metadata_only
tme_directed_delivery	clinical_trial	gyn	no	Xia Y, Huang P, Qian YY, Wang Z, Jin N, Li X, Pan W, Wang SY, Jin P, Drokow EK, Li X, Zhang Q, Zhang Z, Li P, Fang Y, Yang XP, Han Z, Gao QL.	PARP inhibitors enhance antitumor immune responses by triggering pyroptosis via TNF-caspase 8-GSDMD/E axis in ovarian cancer	Journal for immunotherapy of cancer	2024	31	39366751	10.1136/jitc-2024-009032	PMC11459312	https://pmc.ncbi.nlm.nih.gov/articles/PMC11459312/	fulltext/xia_2024_pmid39366751.xml	oa_xml
cell_therapy_tme	clinical_trial	gbm_cns	no	O'Rourke DM, Nasrallah MP, Desai A, Melenhorst JJ, Mansfield K, Morrissette JJD, Martinez-Lage M, Brem S, Maloney E, Shen A, Isaacs R, Mohan S, Plesa G, Lacey SF, Navenot JM, Zheng Z, Levine BL, Okada H, June CH, Brogdon JL, Maus MV.	A single dose of peripherally infused EGFRvIII-directed CAR T cells mediates antigen loss and induces adaptive resistance in patients with recurrent glioblastoma	Science translational medicine	2017	1475	28724573	10.1126/scitranslmed.aaa0984	PMC5762203	https://pmc.ncbi.nlm.nih.gov/articles/PMC5762203/		oa_xml
cell_therapy_tme	preclinical	pan-solid	no	Klichinsky M, Ruella M, Shestova O, Lu XM, Best A, Zeeman M, Schmierer M, Gabrusiewicz K, Anderson NR, Petty NE, Cummins KD, Shen F, Shan X, Veliz K, Blouch K, Yashiro-Ohtani Y, Kenderian SS, Kim MY, O'Connor RS, Wallace SR, Kozlowski MS, Marchione DM, Shestov M, Garcia BA, June CH, Gill S.	Human chimeric antigen receptor macrophages for cancer immunotherapy	Nature biotechnology	2020	1204	32361713	10.1038/s41587-020-0462-y	PMC7883632	https://pmc.ncbi.nlm.nih.gov/articles/PMC7883632/		oa_xml
cell_therapy_tme	review	pan-solid	yes	Maalej KM, Merhi M, Inchakalody VP, Mestiri S, Alam M, Maccalli C, Cherif H, Uddin S, Steinhoff M, Marincola FM, Dermime S.	CAR-cell therapy in the era of solid tumor treatment: current challenges and emerging therapeutic advances	Molecular cancer	2023	543	36717905	10.1186/s12943-023-01723-z	PMC9885707	https://pmc.ncbi.nlm.nih.gov/articles/PMC9885707/	fulltext/maalej_2023_pmid36717905.xml	oa_xml
cell_therapy_tme	preclinical	nsclc	no	Amor C, Feucht J, Leibold J, Ho YJ, Zhu C, Alonso-Curbelo D, Mansilla-Soto J, Boyer JA, Li X, Giavridis T, Kulick A, Houlihan S, Peerschke E, Friedman SL, Ponomarev V, Piersigilli A, Sadelain M, Lowe SW.	Senolytic CAR T cells reverse senescence-associated pathologies	Nature	2020	956	32555459	10.1038/s41586-020-2403-9	PMC7583560	https://pmc.ncbi.nlm.nih.gov/articles/PMC7583560/	fulltext/amor_2020_pmid32555459.xml	oa_xml
cell_therapy_tme	review	pan-solid	yes	Zugasti I, Espinosa-Aroca L, Fidyt K, Mulens-Arias V, Diaz-Beya M, Juan M, Urbano-Ispizua Á, Esteve J, Velasco-Hernandez T, Menéndez P.	CAR-T cell therapy for cancer: current challenges and future directions	Signal transduction and targeted therapy	2025	203	40610404	10.1038/s41392-025-02269-w	PMC12229403	https://pmc.ncbi.nlm.nih.gov/articles/PMC12229403/	fulltext/zugasti_2025_pmid40610404.xml	oa_xml
cell_therapy_tme	preclinical	melanoma;pdac;crc	yes	Zhao Y, Chen J, Andreatta M, Feng B, Xie YQ, Wenes M, Wang Y, Gao M, Hu X, Romero P, Carmona S, Sun J, Guo Y, Tang L.	IL-10-expressing CAR T cells resist dysfunction and mediate durable clearance of solid tumors and metastases	Nature biotechnology	2024	250	38168996	10.1038/s41587-023-02060-8		https://pubmed.ncbi.nlm.nih.gov/38168996/		metadata_only
cell_therapy_tme	review	pan-solid	no	Sterner RC, Sterner RM.	CAR-T cell therapy: current limitations and potential strategies	Blood cancer journal	2021	2280	33824268	10.1038/s41408-021-00459-7	PMC8024391	https://pmc.ncbi.nlm.nih.gov/articles/PMC8024391/	fulltext/sterner_2021_pmid33824268.xml	oa_xml
cell_therapy_tme	clinical_trial	gu_other	no	Narayan V, Barber-Rotenberg JS, Jung IY, Lacey SF, Rech AJ, Davis MM, Hwang WT, Lal P, Carpenter EL, Maude SL, Plesa G, Vapiwala N, Chew A, Moniak M, Sebro RA, Farwell MD, Marshall A, Gilmore J, Lledo L, Dengel K, Church SE, Hether TD, Xu J, Gohil M, Buckingham TH, Yee SS, Gonzalez VE, Kulikovskaya I, Chen F, Tian L, Tien K, Gladney W, Nobles CL, Raymond HE, Prostate Cancer Cellular Therapy Program Investigators, Hexner EO, Siegel DL, Bushman FD, June CH, Fraietta JA, Haas NB.	PSMA-targeting TGFβ-insensitive armored CAR T cells in metastatic castration-resistant prostate cancer: a phase 1 trial	Nature medicine	2022	475	35314843	10.1038/s41591-022-01726-1	PMC10308799	https://pmc.ncbi.nlm.nih.gov/articles/PMC10308799/		oa_xml
cell_therapy_tme	preclinical	pan-solid	yes	Kagoya Y, Tanaka S, Guo T, Anczurowski M, Wang CH, Saso K, Butler MO, Minden MD, Hirano N.	A novel chimeric antigen receptor containing a JAK-STAT signaling domain mediates superior antitumor effects	Nature medicine	2018	533	29400710	10.1038/nm.4478	PMC5839992	https://pmc.ncbi.nlm.nih.gov/articles/PMC5839992/		oa_xml
cell_therapy_tme	clinical_trial	sarcoma_peds	yes	Ahmed N, Brawley VS, Hegde M, Robertson C, Ghazi A, Gerken C, Liu E, Dakhova O, Ashoori A, Corder A, Gray T, Wu MF, Liu H, Hicks J, Rainusso N, Dotti G, Mei Z, Grilley B, Gee A, Rooney CM, Brenner MK, Heslop HE, Wels WS, Wang LL, Anderson P, Gottschalk S.	Human Epidermal Growth Factor Receptor 2 (HER2) -Specific Chimeric Antigen Receptor-Modified T Cells for the Immunotherapy of HER2-Positive Sarcoma	Journal of clinical oncology : official journal of the American Society of Clinical Oncology	2015	841	25800760	10.1200/jco.2014.58.0225	PMC4429176	https://pmc.ncbi.nlm.nih.gov/articles/PMC4429176/		oa_xml
cell_therapy_tme	clinical_trial	nsclc	yes	Schoenfeld AJ, Lee SM, Doger de Spéville B, Gettinger SN, Häfliger S, Sukari A, Papa S, Rodríguez-Moreno JF, Graf Finckenstein F, Fiaz R, Catlett M, Chen G, Qi R, Masteller EL, Gontcharova V, He K.	Lifileucel, an Autologous Tumor-Infiltrating Lymphocyte Monotherapy, in Patients with Advanced Non-Small Cell Lung Cancer Resistant to Immune Checkpoint Inhibitors	Cancer discovery	2024	111	38563600	10.1158/2159-8290.cd-23-1334	PMC11294887	https://pmc.ncbi.nlm.nih.gov/articles/PMC11294887/	fulltext/schoenfeld_2024_pmid38563600.xml	oa_xml
cell_therapy_tme	preclinical	pan-solid	no	Chan JD, Scheffler CM, Munoz I, Sek K, Lee JN, Huang YK, Yap KM, Saw NYL, Li J, Chen AXY, Chan CW, Derrick EB, Todd KL, Tong J, Dunbar PA, Li J, Hoang TX, de Menezes MN, Petley EV, Kim JS, Nguyen D, Leung PSK, So J, Deguit C, Zhu J, House IG, Kats LM, Scott AM, Solomon BJ, Harrison SJ, Oliaro J, Parish IA, Quinn KM, Neeson PJ, Slaney CY, Lai J, Beavis PA, Darcy PK.	FOXO1 enhances CAR T cell stemness, metabolic fitness and efficacy	Nature	2024	226	38600376	10.1038/s41586-024-07242-1	PMC11062918	https://pmc.ncbi.nlm.nih.gov/articles/PMC11062918/	fulltext/chan_2024_pmid38600376.xml	oa_xml
cell_therapy_tme	clinical_trial	gbm_cns	no	Bagley SJ, Binder ZA, Lamrani L, Marinari E, Desai AS, Nasrallah MP, Maloney E, Brem S, Lustig RA, Kurtz G, Alonso-Basanta M, Bonté PE, Goudot C, Richer W, Piaggio E, Kothari S, Guyonnet L, Guerin CL, Waterfall JJ, Mohan S, Hwang WT, Tang OY, Logun M, Bhattacharyya M, Markowitz K, Delman D, Marshall A, Wherry EJ, Amigorena S, Beatty GL, Brogdon JL, Hexner E, Migliorini D, Alanio C, O'Rourke DM.	Repeated peripheral infusions of anti-EGFRvIII CAR T cells in combination with pembrolizumab show no efficacy in glioblastoma: a phase 1 trial	Nature cancer	2024	156	38216766	10.1038/s43018-023-00709-6		https://pubmed.ncbi.nlm.nih.gov/38216766/		metadata_only
physical_modulation	review	pan-solid	yes	Alzeibak R, Mishchenko TA, Shilyagina NY, Balalaeva IV, Vedunova MV, Krysko DV.	Targeting immunogenic cancer cell death by photodynamic therapy: past, present and future	Journal for immunotherapy of cancer	2021	439	33431631	10.1136/jitc-2020-001926	PMC7802670	https://pmc.ncbi.nlm.nih.gov/articles/PMC7802670/	fulltext/alzeibak_2021_pmid33431631.xml	oa_xml
physical_modulation	mechanistic	crc	yes	He C, Duan X, Guo N, Chan C, Poon C, Weichselbaum RR, Lin W.	Core-shell nanoscale coordination polymers combine chemotherapy and photodynamic therapy to potentiate checkpoint blockade cancer immunotherapy	Nature communications	2016	545	27530650	10.1038/ncomms12499	PMC4992065	https://pmc.ncbi.nlm.nih.gov/articles/PMC4992065/	fulltext/he_2016_pmid27530650.xml	oa_xml
physical_modulation	clinical_trial	melanoma;gbm_cns;breast	no	Wust P, Hildebrandt B, Sreenivasa G, Rau B, Gellermann J, Riess H, Felix R, Schlag PM.	Hyperthermia in combined treatment of cancer	The Lancet. Oncology	2002	1055	12147435	10.1016/s1470-2045(02)00818-5		https://pubmed.ncbi.nlm.nih.gov/12147435/		metadata_only
physical_modulation	preclinical	gyn	yes	Wang Y, Xu Y, Song J, Liu X, Liu S, Yang N, Wang L, Liu Y, Zhao Y, Zhou W, Zhang Y.	Tumor Cell-Targeting and Tumor Microenvironment-Responsive Nanoplatforms for the Multimodal Imaging-Guided Photodynamic/Photothermal/Chemodynamic Treatment of Cervical Cancer	International journal of nanomedicine	2024	272	38887692	10.2147/ijn.s466042	PMC11182360	https://pmc.ncbi.nlm.nih.gov/articles/PMC11182360/	fulltext/wang_2024_pmid38887692.xml	oa_xml
physical_modulation	review	pan-solid	yes	Son S, Kim JH, Wang X, Zhang C, Yoon SA, Shin J, Sharma A, Lee MH, Cheng L, Wu J, Kim JS.	Multifunctional sonosensitizers in sonodynamic cancer therapy	Chemical Society reviews	2020	736	32337527	10.1039/c9cs00648f		https://pubmed.ncbi.nlm.nih.gov/32337527/		metadata_only
physical_modulation	review	pan-solid	no	Overchuk M, Weersink RA, Wilson BC, Zheng G.	Photodynamic and Photothermal Therapies: Synergy Opportunities for Nanomedicine	ACS nano	2023	806	37129253	10.1021/acsnano.3c00891	PMC10173698	https://pmc.ncbi.nlm.nih.gov/articles/PMC10173698/	fulltext/overchuk_2023_pmid37129253.xml	oa_xml
physical_modulation	preclinical	breast;hcc_biliary	yes	Li Y, Chen W, Kang Y, Zhen X, Zhou Z, Liu C, Chen S, Huang X, Liu HJ, Koo S, Kong N, Ji X, Xie T, Tao W.	Nanosensitizer-mediated augmentation of sonodynamic therapy efficacy and antitumor immunity	Nature communications	2023	150	37914681	10.1038/s41467-023-42509-7	PMC10620173	https://pmc.ncbi.nlm.nih.gov/articles/PMC10620173/	fulltext/li_2023_pmid37914681.xml	oa_xml
physical_modulation	review	gbm_cns	yes	Obrador E, Moreno-Murciano P, Oriol-Caballo M, López-Blanch R, Pineda B, Gutiérrez-Arroyo JL, Loras A, Gonzalez-Bonet LG, Martinez-Cadenas C, Estrela JM, Marqués-Torrejón MÁ.	Glioblastoma Therapy: Past, Present and Future	International journal of molecular sciences	2024	203	38473776	10.3390/ijms25052529	PMC10931797	https://pmc.ncbi.nlm.nih.gov/articles/PMC10931797/	fulltext/obrador_2024_pmid38473776.xml	oa_xml
physical_modulation	clinical_trial	gbm_cns	no	Chen KT, Chai WY, Lin YJ, Lin CJ, Chen PY, Tsai HC, Huang CY, Kuo JS, Liu HL, Wei KC.	Neuronavigation-guided focused ultrasound for transcranial blood-brain barrier opening and immunostimulation in brain tumors	Science advances	2021	154	33547073	10.1126/sciadv.abd0772	PMC7864566	https://pmc.ncbi.nlm.nih.gov/articles/PMC7864566/	fulltext/chen_2021_pmid33547073.xml	oa_xml
physical_modulation	clinical_trial	hnscc	no	Kobayashi H, Choyke PL.	Near-Infrared Photoimmunotherapy of Cancer	Accounts of chemical research	2019	366	31335117	10.1021/acs.accounts.9b00273	PMC6704485	https://pmc.ncbi.nlm.nih.gov/articles/PMC6704485/	fulltext/kobayashi_2019_pmid31335117.xml	oa_xml
physical_modulation	preclinical	gu_other	no	Waitz R, Solomon SB, Petre EN, Trumble AE, Fassò M, Norton L, Allison JP.	Potent induction of tumor immunity by combining tumor cryoablation with anti-CTLA-4 therapy	Cancer research	2012	213	22108823	10.1158/0008-5472.can-11-1782	PMC4526218	https://pmc.ncbi.nlm.nih.gov/articles/PMC4526218/		oa_xml
physical_modulation	mechanistic	gbm_cns	yes	Li B, Chen G, Zhong H, Li T, Lin M, Wei H, Zhang Q, Chen Q, Huang J, Shuai X.	γ-Glutamyl transpeptidase-activable nanoprobe crosses the blood-brain barrier for immuno-sonodynamic therapy of glioma	Nature communications	2024	34	39613729	10.1038/s41467-024-54382-z	PMC11607351	https://pmc.ncbi.nlm.nih.gov/articles/PMC11607351/	fulltext/li_2024_pmid39613729.xml	oa_xml
physical_modulation	clinical_trial	gbm_cns;gu_other	yes	Datta P, Moolayadukkam S, Chowdhury D, Rayes A, Lee NS, Sahu RP, Zhou Q, Puri IK.	Recent Advances and Future Directions in Sonodynamic Therapy for Cancer Treatment	BME frontiers	2024	34	39735354	10.34133/bmef.0080	PMC11671681	https://pmc.ncbi.nlm.nih.gov/articles/PMC11671681/	fulltext/datta_2024_pmid39735354.xml	oa_xml
spatial_profiling	clinical_trial	breast	no	Wagner J, Rapsomaniki MA, Chevrier S, Anzeneder T, Langwieder C, Dykgers A, Rees M, Ramaswamy A, Muenst S, Soysal SD, Jacobs A, Windhager J, Silina K, van den Broek M, Dedes KJ, Rodríguez Martínez M, Weber WP, Bodenmiller B.	A Single-Cell Atlas of the Tumor and Immune Ecosystem of Human Breast Cancer	Cell	2019	675	30982598	10.1016/j.cell.2019.03.005	PMC6526772	https://pmc.ncbi.nlm.nih.gov/articles/PMC6526772/	fulltext/wagner_2019_pmid30982598.xml	oa_xml
spatial_profiling	translational_human	breast	no	Sammut SJ, Crispin-Ortuzar M, Chin SF, Provenzano E, Bardwell HA, Ma W, Cope W, Dariush A, Dawson SJ, Abraham JE, Dunn J, Hiller L, Thomas J, Cameron DA, Bartlett JMS, Hayward L, Pharoah PD, Markowetz F, Rueda OM, Earl HM, Caldas C.	Multi-omic machine learning predictor of breast cancer therapy response	Nature	2022	481	34875674	10.1038/s41586-021-04278-5	PMC8791834	https://pmc.ncbi.nlm.nih.gov/articles/PMC8791834/	fulltext/sammut_2022_pmid34875674.xml	oa_xml
spatial_profiling	translational_human	pan-solid	yes	Du Y, Shi J, Wang J, Xun Z, Yu Z, Sun H, Bao R, Zheng J, Li Z, Ye Y.	Integration of Pan-Cancer Single-Cell and Spatial Transcriptomics Reveals Stromal Cell Features and Therapeutic Targets in Tumor Microenvironment	Cancer research	2024	111	38225927	10.1158/0008-5472.can-23-1418		https://pubmed.ncbi.nlm.nih.gov/38225927/		metadata_only
spatial_profiling	mechanistic	pan-solid	no	Liu Y, Sinjab A, Min J, Han G, Paradiso F, Zhang Y, Wang R, Pei G, Dai Y, Liu Y, Cho KS, Dai E, Basi A, Burks JK, Rajapakshe KI, Chu Y, Jiang J, Zhang D, Yan X, Guerrero PA, Serrano A, Li M, Hwang TH, Futreal A, Ajani JA, Solis Soto LM, Jazaeri AA, Kadara H, Maitra A, Wang L.	Conserved spatial subtypes and cellular neighborhoods of cancer-associated fibroblasts revealed by single-cell spatial multi-omics	Cancer cell	2025	166	40154487	10.1016/j.ccell.2025.03.004	PMC12074878	https://pmc.ncbi.nlm.nih.gov/articles/PMC12074878/		oa_xml
spatial_profiling	translational_human	nsclc	no	Liu Z, Yang Z, Wu J, Zhang W, Sun Y, Zhang C, Bai G, Yang L, Fan H, Chen Y, Zhang L, Jiang B, Liu X, Ma X, Tang W, Liu C, Qu Y, Yan L, Zhao D, Wu Y, He S, Xu L, Peng L, Chen X, Zhou B, Zhao L, Zhao Z, Tan F, Zhang W, Yi D, Li X, Gao Q, Zhang G, Wang Y, Yang M, Fu H, Guo Y, Hu X, Cai Q, Qi L, Bo Y, Peng H, Tian Z, She Y, Zou C, Zhu L, Cheng S, Zhang Y, Zhong W, Chen C, Gao S, Zhang Z.	A single-cell atlas reveals immune heterogeneity in anti-PD-1-treated non-small cell lung cancer	Cell	2025	96	40147443	10.1016/j.cell.2025.03.018		https://pubmed.ncbi.nlm.nih.gov/40147443/		metadata_only
spatial_profiling	preclinical	gbm_cns	no	Yeo AT, Rawal S, Delcuze B, Christofides A, Atayde A, Strauss L, Balaj L, Rogers VA, Uhlmann EJ, Varma H, Carter BS, Boussiotis VA, Charest A.	Single-cell RNA sequencing reveals evolution of immune landscape during glioblastoma progression	Nature immunology	2022	238	35624211	10.1038/s41590-022-01215-0	PMC9174057	https://pmc.ncbi.nlm.nih.gov/articles/PMC9174057/	fulltext/yeo_2022_pmid35624211.xml	oa_xml
spatial_profiling	preclinical	gbm_cns	no	Jain S, Rick JW, Joshi RS, Beniwal A, Spatz J, Gill S, Chang AC, Choudhary N, Nguyen AT, Sudhir S, Chalif EJ, Chen JS, Chandra A, Haddad AF, Wadhwa H, Shah SS, Choi S, Hayes JL, Wang L, Yagnik G, Costello JF, Diaz A, Heiland DH, Aghi MK.	Single-cell RNA sequencing and spatial transcriptomics reveal cancer-associated fibroblasts in glioblastoma with protumoral effects	The Journal of clinical investigation	2023	169	36856115	10.1172/jci147087	PMC9974099	https://pmc.ncbi.nlm.nih.gov/articles/PMC9974099/	fulltext/jain_2023_pmid36856115.xml	oa_xml
spatial_profiling	preclinical	nsclc	yes	Zhu B, Chen P, Aminu M, Li JR, Fujimoto J, Tian Y, Hong L, Chen H, Hu X, Li C, Vokes N, Moreira AL, Gibbons DL, Solis Soto LM, Parra Cuentas ER, Shi O, Diao S, Ye J, Rojas FR, Vilar E, Maitra A, Chen K, Navin N, Nilsson M, Huang B, Heeke S, Zhang J, Haymaker CL, Velcheti V, Sterman DH, Kochat V, Padron WI, Alexandrov LB, Wei Z, Le X, Wang L, Fukuoka J, Lee JJ, Wistuba II, Pass HI, Davis M, Hanash S, Cheng C, Dubinett S, Spira A, Rai K, Lippman SM, Futreal PA, Heymach JV, Reuben A, Wu J, Zhang J.	Spatial and multiomics analysis of human and mouse lung adenocarcinoma precursors reveals TIM-3 as a putative target for precancer interception	Cancer cell	2025	29	40345189	10.1016/j.ccell.2025.04.003	PMC12151776	https://pmc.ncbi.nlm.nih.gov/articles/PMC12151776/		oa_xml
spatial_profiling	clinical_trial	nsclc	no	Song X, Xiong A, Wu F, Li X, Wang J, Jiang T, Chen P, Zhang X, Zhao Z, Liu H, Cheng L, Zhao C, Wang Z, Pan C, Cui X, Xu T, Luo H, Zhou C.	Spatial multi-omics revealed the impact of tumor ecosystem heterogeneity on immunotherapy efficacy in patients with advanced non-small cell lung cancer treated with bispecific antibody	Journal for immunotherapy of cancer	2023	62	36854570	10.1136/jitc-2022-006234	PMC9980352	https://pmc.ncbi.nlm.nih.gov/articles/PMC9980352/	fulltext/song_2023_pmid36854570.xml	oa_xml
spatial_profiling	review	gu_other	no	Feng DC, Feng DC, Zhu WZ, Wang J, Li DX, Shi X, Xiong Q, You J, Han P, Qiu S, Wei Q, Yang L.	The implications of single-cell RNA-seq analysis in prostate cancer: unraveling tumor heterogeneity, therapeutic implications and pathways towards personalized therapy	Military Medical Research	2024	101	38605399	10.1186/s40779-024-00526-7	PMC11007901	https://pmc.ncbi.nlm.nih.gov/articles/PMC11007901/	fulltext/feng_2024_pmid38605399.xml	oa_xml
spatial_profiling	clinical_trial	gi_other	yes	Zhang G, Yuan J, Pan C, Xu Q, Cui X, Zhang J, Liu M, Song Z, Wu L, Wu D, Luo H, Hu Y, Jiao S, Yang B.	Multi-omics analysis uncovers tumor ecosystem dynamics during neoadjuvant toripalimab plus nab-paclitaxel and S-1 for esophageal squamous cell carcinoma: a single-center, open-label, single-arm phase 2 trial	EBioMedicine	2023	51	36921563	10.1016/j.ebiom.2023.104515	PMC10024111	https://pmc.ncbi.nlm.nih.gov/articles/PMC10024111/	fulltext/zhang_2023_pmid36921563.xml	oa_xml
spatial_profiling	review	breast;sarcoma_peds	no	Ding S, Chen X, Shen K.	Single-cell RNA sequencing in breast cancer: Understanding tumor heterogeneity and paving roads to individualized therapy	Cancer communications (London, England)	2020	204	32654419	10.1002/cac2.12078	PMC7427308	https://pmc.ncbi.nlm.nih.gov/articles/PMC7427308/	fulltext/ding_2020_pmid32654419.xml	oa_xml
spatial_profiling	review	gbm_cns	yes	Fu Y, Yi Y, Shao Y, Jiang J, Deng Q.	Single-cell and spatial transcriptomic insights into glioma cellular heterogeneity and metabolic adaptations	Frontiers in immunology	2025	27	40255400	10.3389/fimmu.2025.1561388	PMC12006195	https://pmc.ncbi.nlm.nih.gov/articles/PMC12006195/	fulltext/fu_2025_pmid40255400.xml	oa_xml
clinical_resistance	preclinical	melanoma	yes	Dong H, Strome SE, Salomao DR, Tamura H, Hirano F, Flies DB, Roche PC, Lu J, Zhu G, Tamada K, Lennon VA, Celis E, Chen L.	Tumor-associated B7-H1 promotes T-cell apoptosis: a potential mechanism of immune evasion	Nature medicine	2002	3857	12091876	10.1038/nm730		https://pubmed.ncbi.nlm.nih.gov/12091876/		metadata_only
clinical_resistance	mechanistic	melanoma	yes	Zaretsky JM, Garcia-Diaz A, Shin DS, Escuin-Ordinas H, Hugo W, Hu-Lieskovan S, Torrejon DY, Abril-Rodriguez G, Sandoval S, Barthly L, Saco J, Homet Moreno B, Mezzadra R, Chmielowski B, Ruchalski K, Shintaku IP, Sanchez PJ, Puig-Saus C, Cherry G, Seja E, Kong X, Pang J, Berent-Maoz B, Comin-Anduix B, Graeber TG, Tumeh PC, Schumacher TN, Lo RS, Ribas A.	Mutations Associated with Acquired Resistance to PD-1 Blockade in Melanoma	The New England journal of medicine	2016	2671	27433843	10.1056/nejmoa1604958	PMC5007206	https://pmc.ncbi.nlm.nih.gov/articles/PMC5007206/		oa_xml
clinical_resistance	mechanistic	melanoma	yes	Taube JM, Anders RA, Young GD, Xu H, Sharma R, McMiller TL, Chen S, Klein AP, Pardoll DM, Topalian SL, Chen L.	Colocalization of inflammatory response with B7-h1 expression in human melanocytic lesions supports an adaptive resistance mechanism of immune escape	Science translational medicine	2012	1742	22461641	10.1126/scitranslmed.3003689	PMC3568523	https://pmc.ncbi.nlm.nih.gov/articles/PMC3568523/		oa_xml
clinical_resistance	preclinical	crc	yes	Tauriello DVF, Palomo-Ponce S, Stork D, Berenguer-Llergo A, Badia-Ramentol J, Iglesias M, Sevillano M, Ibiza S, Cañellas A, Hernando-Momblona X, Byrom D, Matarin JA, Calon A, Rivas EI, Nebreda AR, Riera A, Attolini CS, Batlle E.	TGFβ drives immune evasion in genetically reconstituted colon cancer metastasis	Nature	2018	1565	29443964	10.1038/nature25492		https://pubmed.ncbi.nlm.nih.gov/29443964/		metadata_only
clinical_resistance	preclinical	nsclc	yes	Akbay EA, Koyama S, Carretero J, Altabef A, Tchaicha JH, Christensen CL, Mikse OR, Cherniack AD, Beauchamp EM, Pugh TJ, Wilkerson MD, Fecci PE, Butaney M, Reibel JB, Soucheray M, Cohoon TJ, Janne PA, Meyerson M, Hayes DN, Shapiro GI, Shimamura T, Sholl LM, Rodig SJ, Freeman GJ, Hammerman PS, Dranoff G, Wong KK.	Activation of the PD-1 pathway contributes to immune escape in EGFR-driven lung tumors	Cancer discovery	2013	1065	24078774	10.1158/2159-8290.cd-13-0310	PMC3864135	https://pmc.ncbi.nlm.nih.gov/articles/PMC3864135/		oa_xml
clinical_resistance	review	pan-solid	yes	Jiang X, Wang J, Deng X, Xiong F, Ge J, Xiang B, Wu X, Ma J, Zhou M, Li X, Li Y, Li G, Xiong W, Guo C, Zeng Z.	Role of the tumor microenvironment in PD-L1/PD-1-mediated tumor immune escape	Molecular cancer	2019	1182	30646912	10.1186/s12943-018-0928-4	PMC6332843	https://pmc.ncbi.nlm.nih.gov/articles/PMC6332843/	fulltext/jiang_2019_pmid30646912.xml	oa_xml
clinical_resistance	review	pan-solid	yes	Galon J, Bruni D.	Approaches to treat immune hot, altered and cold tumours with combination immunotherapies	Nature reviews. Drug discovery	2019	2622	30610226	10.1038/s41573-018-0007-y		https://pubmed.ncbi.nlm.nih.gov/30610226/		metadata_only
clinical_resistance	translational_human	melanoma	yes	Chen PL, Roh W, Reuben A, Cooper ZA, Spencer CN, Prieto PA, Miller JP, Bassett RL, Gopalakrishnan V, Wani K, De Macedo MP, Austin-Breneman JL, Jiang H, Chang Q, Reddy SM, Chen WS, Tetzlaff MT, Broaddus RJ, Davies MA, Gershenwald JE, Haydu L, Lazar AJ, Patel SP, Hwu P, Hwu WJ, Diab A, Glitza IC, Woodman SE, Vence LM, Wistuba II, Amaria RN, Kwong LN, Prieto V, Davis RE, Ma W, Overwijk WW, Sharpe AH, Hu J, Futreal PA, Blando J, Sharma P, Allison JP, Chin L, Wargo JA.	Analysis of Immune Signatures in Longitudinal Tumor Samples Yields Insight into Biomarkers of Response and Mechanisms of Resistance to Immune Checkpoint Blockade	Cancer discovery	2016	815	27301722	10.1158/2159-8290.cd-15-1545	PMC5082984	https://pmc.ncbi.nlm.nih.gov/articles/PMC5082984/		oa_xml
clinical_resistance	clinical_trial	pan-solid	yes	Herrera FG, Ronet C, Ochoa de Olza M, Barras D, Crespo I, Andreatta M, Corria-Osorio J, Spill A, Benedetti F, Genolet R, Orcurto A, Imbimbo M, Ghisoni E, Navarro Rodrigo B, Berthold DR, Sarivalasis A, Zaman K, Duran R, Dromain C, Prior J, Schaefer N, Bourhis J, Dimopoulou G, Tsourti Z, Messemaker M, Smith T, Warren SE, Foukas P, Rusakiewicz S, Pittet MJ, Zimmermann S, Sempoux C, Dafni U, Harari A, Kandalaft LE, Carmona SJ, Dangaj Laniti D, Irving M, Coukos G.	Low-Dose Radiotherapy Reverses Tumor Immune Desertification and Resistance to Immunotherapy	Cancer discovery	2022	401	34479871	10.1158/2159-8290.cd-21-0003	PMC9401506	https://pmc.ncbi.nlm.nih.gov/articles/PMC9401506/	fulltext/herrera_2022_pmid34479871.xml	oa_xml
clinical_resistance	preclinical	hcc_biliary	yes	Ruiz de Galarreta M, Bresnahan E, Molina-Sánchez P, Lindblad KE, Maier B, Sia D, Puigvehi M, Miguela V, Casanova-Acebes M, Dhainaut M, Villacorta-Martin C, Singhi AD, Moghe A, von Felden J, Tal Grinspan L, Wang S, Kamphorst AO, Monga SP, Brown BD, Villanueva A, Llovet JM, Merad M, Lujambio A.	β-Catenin Activation Promotes Immune Escape and Resistance to Anti-PD-1 Therapy in Hepatocellular Carcinoma	Cancer discovery	2019	765	31186238	10.1158/2159-8290.cd-19-0074	PMC6677618	https://pmc.ncbi.nlm.nih.gov/articles/PMC6677618/		oa_xml
clinical_resistance	translational_human	pan-solid	yes	Chu Y, Dai E, Li Y, Han G, Pei G, Ingram DR, Thakkar K, Qin JJ, Dang M, Le X, Hu C, Deng Q, Sinjab A, Gupta P, Wang R, Hao D, Peng F, Yan X, Liu Y, Song S, Zhang S, Heymach JV, Reuben A, Elamin YY, Pizzi MP, Lu Y, Lazcano R, Hu J, Li M, Curran M, Futreal A, Maitra A, Jazaeri AA, Ajani JA, Swanton C, Cheng XD, Abbas HA, Gillison M, Bhat K, Lazar AJ, Green M, Litchfield K, Kadara H, Yee C, Wang L.	Pan-cancer T cell atlas links a cellular stress response state to immunotherapy resistance	Nature medicine	2023	442	37248301	10.1038/s41591-023-02371-y	PMC11421770	https://pmc.ncbi.nlm.nih.gov/articles/PMC11421770/		oa_xml
clinical_resistance	mechanistic	gbm_cns	yes	Parsa AT, Waldron JS, Panner A, Crane CA, Parney IF, Barry JJ, Cachola KE, Murray JC, Tihan T, Jensen MC, Mischel PS, Stokoe D, Pieper RO.	Loss of tumor suppressor PTEN function increases B7-H1 expression and immunoresistance in glioma	Nature medicine	2007	1105	17159987	10.1038/nm1517		https://pubmed.ncbi.nlm.nih.gov/17159987/		metadata_only
clinical_resistance	review	pan-solid	yes	Tufail M, Jiang CH, Li N.	Immune evasion in cancer: mechanisms and cutting-edge therapeutic approaches	Signal transduction and targeted therapy	2025	259	40739089	10.1038/s41392-025-02280-1	PMC12311175	https://pmc.ncbi.nlm.nih.gov/articles/PMC12311175/	fulltext/tufail_2025_pmid40739089.xml	oa_xml
clinical_resistance	preclinical	melanoma;nsclc	yes	Ikeda H, Kawase K, Nishi T, Watanabe T, Takenaga K, Inozume T, Ishino T, Aki S, Lin J, Kawashima S, Nagasaki J, Ueda Y, Suzuki S, Makinoshima H, Itami M, Nakamura Y, Tatsumi Y, Suenaga Y, Morinaga T, Honobe-Tabuchi A, Ohnuma T, Kawamura T, Umeda Y, Nakamura Y, Kiniwa Y, Ichihara E, Hayashi H, Ikeda JI, Hanazawa T, Toyooka S, Mano H, Suzuki T, Osawa T, Kawazu M, Togashi Y.	Immune evasion through mitochondrial transfer in the tumour microenvironment	Nature	2025	206	39843734	10.1038/s41586-024-08439-0	PMC11798832	https://pmc.ncbi.nlm.nih.gov/articles/PMC11798832/	fulltext/ikeda_2025_pmid39843734.xml	oa_xml
clinical_resistance	preclinical	nsclc	yes	Zhang C, Zhou L, Zhang M, Du Y, Li C, Ren H, Zheng L.	H3K18 Lactylation Potentiates Immune Escape of Non-Small Cell Lung Cancer	Cancer research	2024	252	39137401	10.1158/0008-5472.can-23-3513		https://pubmed.ncbi.nlm.nih.gov/39137401/		metadata_only
clinical_resistance	mechanistic	pan-solid	yes	Zhu R, Ye X, Lu X, Xiao L, Yuan M, Zhao H, Guo D, Meng Y, Han H, Luo S, Wu Q, Jiang X, Xu J, Tang Z, Tao YJ, Lu Z.	ACSS2 acts as a lactyl-CoA synthetase and couples KAT2A to function as a lactyltransferase for histone lactylation and tumor immune evasion	Cell metabolism	2025	217	39561764	10.1016/j.cmet.2024.10.015		https://pubmed.ncbi.nlm.nih.gov/39561764/		metadata_only
clinical_resistance	clinical_trial	rcc	yes	Derosa L, Routy B, Fidelle M, Iebba V, Alla L, Pasolli E, Segata N, Desnoyer A, Pietrantonio F, Ferrere G, Fahrner JE, Le Chatellier E, Pons N, Galleron N, Roume H, Duong CPM, Mondragón L, Iribarren K, Bonvalet M, Terrisse S, Rauber C, Goubet AG, Daillère R, Lemaitre F, Reni A, Casu B, Alou MT, Alves Costa Silva C, Raoult D, Fizazi K, Escudier B, Kroemer G, Albiges L, Zitvogel L.	Gut Bacteria Composition Drives Primary Resistance to Cancer Immunotherapy in Renal Cell Carcinoma Patients	European urology	2020	338	32376136	10.1016/j.eururo.2020.04.044		https://pubmed.ncbi.nlm.nih.gov/32376136/		metadata_only
clinical_resistance	clinical_trial	melanoma	yes	Plaschka M, Benboubker V, Grimont M, Berthet J, Tonon L, Lopez J, Le-Bouar M, Balme B, Tondeur G, de la Fouchardière A, Larue L, Puisieux A, Grinberg-Bleyer Y, Bendriss-Vermare N, Dubois B, Caux C, Dalle S, Caramel J.	ZEB1 transcription factor promotes immune escape in melanoma	Journal for immunotherapy of cancer	2022	87	35288462	10.1136/jitc-2021-003484	PMC8921918	https://pmc.ncbi.nlm.nih.gov/articles/PMC8921918/	fulltext/plaschka_2022_pmid35288462.xml	oa_xml
general_tme_modulation	clinical_trial	melanoma	no	Tumeh PC, Harview CL, Yearley JH, Shintaku IP, Taylor EJ, Robert L, Chmielowski B, Spasic M, Henry G, Ciobanu V, West AN, Carmona M, Kivork C, Seja E, Cherry G, Gutierrez AJ, Grogan TR, Mateus C, Tomasic G, Glaspy JA, Emerson RO, Robins H, Pierce RH, Elashoff DA, Robert C, Ribas A.	PD-1 blockade induces responses by inhibiting adaptive immune resistance	Nature	2014	5541	25428505	10.1038/nature13954	PMC4246418	https://pmc.ncbi.nlm.nih.gov/articles/PMC4246418/	fulltext/tumeh_2014_pmid25428505.xml	oa_xml
general_tme_modulation	translational_human	melanoma	yes	Jiang P, Gu S, Pan D, Fu J, Sahu A, Hu X, Li Z, Traugh N, Bu X, Li B, Liu J, Freeman GJ, Brown MA, Wucherpfennig KW, Liu XS.	Signatures of T cell dysfunction and exclusion predict cancer immunotherapy response	Nature medicine	2018	4309	30127393	10.1038/s41591-018-0136-1	PMC6487502	https://pmc.ncbi.nlm.nih.gov/articles/PMC6487502/		oa_xml
general_tme_modulation	clinical_trial	gu_other	no	Kantoff PW, Higano CS, Shore ND, Berger ER, Small EJ, Penson DF, Redfern CH, Ferrari AC, Dreicer R, Sims RB, Xu Y, Frohlich MW, Schellhammer PF, IMPACT Study Investigators.	Sipuleucel-T immunotherapy for castration-resistant prostate cancer	The New England journal of medicine	2010	4103	20818862	10.1056/nejmoa1001294		https://pubmed.ncbi.nlm.nih.gov/20818862/		metadata_only
general_tme_modulation	review	pan-solid	no	Binnewies M, Roberts EW, Kersten K, Chan V, Fearon DF, Merad M, Coussens LM, Gabrilovich DI, Ostrand-Rosenberg S, Hedrick CC, Vonderheide RH, Pittet MJ, Jain RK, Zou W, Howcroft TK, Woodhouse EC, Weinberg RA, Krummel MF.	Understanding the tumor immune microenvironment (TIME) for effective therapy	Nature medicine	2018	4953	29686425	10.1038/s41591-018-0014-x	PMC5998822	https://pmc.ncbi.nlm.nih.gov/articles/PMC5998822/		oa_xml
general_tme_modulation	review	pan-solid	no	de Visser KE, Joyce JA.	The evolving tumor microenvironment: From cancer initiation to metastatic outgrowth	Cancer cell	2023	3120	36917948	10.1016/j.ccell.2023.02.016		https://pubmed.ncbi.nlm.nih.gov/36917948/		metadata_only
general_tme_modulation	review	pan-solid	no	Kessenbrock K, Plaks V, Werb Z.	Matrix metalloproteinases: regulators of the tumor microenvironment	Cell	2010	3913	20371345	10.1016/j.cell.2010.03.015	PMC2862057	https://pmc.ncbi.nlm.nih.gov/articles/PMC2862057/		oa_xml
general_tme_modulation	review	pan-solid	no	Gajewski TF, Schreiber H, Fu YX.	Innate and adaptive immune cells in the tumor microenvironment	Nature immunology	2013	3300	24048123	10.1038/ni.2703	PMC4118725	https://pmc.ncbi.nlm.nih.gov/articles/PMC4118725/		oa_xml
general_tme_modulation	clinical_trial	gu_other	no	Powles T, Eder JP, Fine GD, Braiteh FS, Loriot Y, Cruz C, Bellmunt J, Burris HA, Petrylak DP, Teng SL, Shen X, Boyd Z, Hegde PS, Chen DS, Vogelzang NJ.	MPDL3280A (anti-PD-L1) treatment leads to clinical activity in metastatic bladder cancer	Nature	2014	1904	25428503	10.1038/nature13904		https://pubmed.ncbi.nlm.nih.gov/25428503/		metadata_only
general_tme_modulation	review	pan-solid	no	Hanahan D, Coussens LM.	Accessories to the crime: functions of cells recruited to the tumor microenvironment	Cancer cell	2012	3572	22439926	10.1016/j.ccr.2012.02.022		https://pubmed.ncbi.nlm.nih.gov/22439926/		metadata_only
general_tme_modulation	preclinical	pan-solid	yes	Böttcher JP, Bonavita E, Chakravarty P, Blees H, Cabeza-Cabrerizo M, Sammicheli S, Rogers NC, Sahai E, Zelenay S, Reis e Sousa C.	NK Cells Stimulate Recruitment of cDC1 into the Tumor Microenvironment Promoting Cancer Immune Control	Cell	2018	1574	29429633	10.1016/j.cell.2018.01.004	PMC5847168	https://pmc.ncbi.nlm.nih.gov/articles/PMC5847168/	fulltext/bttcher_2018_pmid29429633.xml	oa_xml
general_tme_modulation	review	melanoma	no	Mellman I, Coukos G, Dranoff G.	Cancer immunotherapy comes of age	Nature	2011	2974	22193102	10.1038/nature10673	PMC3967235	https://pmc.ncbi.nlm.nih.gov/articles/PMC3967235/		oa_xml
general_tme_modulation	translational_human	melanoma	yes	Jerby-Arnon L, Shah P, Cuoco MS, Rodman C, Su MJ, Melms JC, Leeson R, Kanodia A, Mei S, Lin JR, Wang S, Rabasha B, Liu D, Zhang G, Margolais C, Ashenberg O, Ott PA, Buchbinder EI, Haq R, Hodi FS, Boland GM, Sullivan RJ, Frederick DT, Miao B, Moll T, Flaherty KT, Herlyn M, Jenkins RW, Thummalapalli R, Kowalczyk MS, Cañadas I, Schilling B, Cartwright ANR, Luoma AM, Malu S, Hwu P, Bernatchez C, Forget MA, Barbie DA, Shalek AK, Tirosh I, Sorger PK, Wucherpfennig K, Van Allen EM, Schadendorf D, Johnson BE, Rotem A, Rozenblatt-Rosen O, Garraway LA, Yoon CH, Izar B, Regev A.	A Cancer Cell Program Promotes T Cell Exclusion and Resistance to Checkpoint Blockade	Cell	2018	1245	30388455	10.1016/j.cell.2018.09.006	PMC6410377	https://pmc.ncbi.nlm.nih.gov/articles/PMC6410377/		oa_xml
general_tme_modulation	clinical_trial	sarcoma_peds	no	Petitprez F, de Reyniès A, Keung EZ, Chen TW, Sun CM, Calderaro J, Jeng YM, Hsiao LP, Lacroix L, Bougoüin A, Moreira M, Lacroix G, Natario I, Adam J, Lucchesi C, Laizet YH, Toulmonde M, Burgess MA, Bolejack V, Reinke D, Wani KM, Wang WL, Lazar AJ, Roland CL, Wargo JA, Italiano A, Sautès-Fridman C, Tawbi HA, Fridman WH.	B cells are associated with survival and immunotherapy response in sarcoma	Nature	2020	1601	31942077	10.1038/s41586-019-1906-8		https://pubmed.ncbi.nlm.nih.gov/31942077/		metadata_only
general_tme_modulation	clinical_trial	crc	no	Cercek A, Lumish M, Sinopoli J, Weiss J, Shia J, Lamendola-Essel M, El Dika IH, Segal N, Shcherba M, Sugarman R, Stadler Z, Yaeger R, Smith JJ, Rousseau B, Argiles G, Patel M, Desai A, Saltz LB, Widmar M, Iyer K, Zhang J, Gianino N, Crane C, Romesser PB, Pappou EP, Paty P, Garcia-Aguilar J, Gonen M, Gollub M, Weiser MR, Schalper KA, Diaz LA.	PD-1 Blockade in Mismatch Repair-Deficient, Locally Advanced Rectal Cancer	The New England journal of medicine	2022	1206	35660797	10.1056/nejmoa2201445	PMC9492301	https://pmc.ncbi.nlm.nih.gov/articles/PMC9492301/		oa_xml
general_tme_modulation	translational_human	melanoma	yes	Peng W, Chen JQ, Liu C, Malu S, Creasy C, Tetzlaff MT, Xu C, McKenzie JA, Zhang C, Liang X, Williams LJ, Deng W, Chen G, Mbofung R, Lazar AJ, Torres-Cabala CA, Cooper ZA, Chen PL, Tieu TN, Spranger S, Yu X, Bernatchez C, Forget MA, Haymaker C, Amaria R, McQuade JL, Glitza IC, Cascone T, Li HS, Kwong LN, Heffernan TP, Hu J, Bassett RL, Bosenberg MW, Woodman SE, Overwijk WW, Lizée G, Roszik J, Gajewski TF, Wargo JA, Gershenwald JE, Radvanyi L, Davies MA, Hwu P.	Loss of PTEN Promotes Resistance to T Cell-Mediated Immunotherapy	Cancer discovery	2016	1293	26645196	10.1158/2159-8290.cd-15-0283	PMC4744499	https://pmc.ncbi.nlm.nih.gov/articles/PMC4744499/		oa_xml
general_tme_modulation	preclinical	pdac	no	Özdemir BC, Pentcheva-Hoang T, Carstens JL, Zheng X, Wu CC, Simpson TR, Laklai H, Sugimoto H, Kahlert C, Novitskiy SV, De Jesus-Acosta A, Sharma P, Heidari P, Mahmood U, Chin L, Moses HL, Weaver VM, Maitra A, Allison JP, LeBleu VS, Kalluri R.	Depletion of carcinoma-associated fibroblasts and fibrosis induces immunosuppression and accelerates pancreas cancer with reduced survival	Cancer cell	2014	2153	24856586	10.1016/j.ccr.2014.04.005	PMC4180632	https://pmc.ncbi.nlm.nih.gov/articles/PMC4180632/		oa_xml
general_tme_modulation	preclinical	sarcoma_peds	no	Chang CH, Qiu J, O'Sullivan D, Buck MD, Noguchi T, Curtis JD, Chen Q, Gindin M, Gubin MM, van der Windt GJ, Tonc E, Schreiber RD, Pearce EJ, Pearce EL.	Metabolic Competition in the Tumor Microenvironment Is a Driver of Cancer Progression	Cell	2015	2715	26321679	10.1016/j.cell.2015.08.016	PMC4864363	https://pmc.ncbi.nlm.nih.gov/articles/PMC4864363/		oa_xml
general_tme_modulation	review	pan-solid	no	Hinshaw DC, Shevde LA.	The Tumor Microenvironment Innately Modulates Cancer Progression	Cancer research	2019	2524	31350295	10.1158/0008-5472.can-18-3962	PMC6744958	https://pmc.ncbi.nlm.nih.gov/articles/PMC6744958/		oa_xml
general_tme_modulation	clinical_trial	hcc_biliary	no	Pfister D, Núñez NG, Pinyol R, Govaere O, Pinter M, Szydlowska M, Gupta R, Qiu M, Deczkowska A, Weiner A, Müller F, Sinha A, Friebel E, Engleitner T, Lenggenhager D, Moncsek A, Heide D, Stirm K, Kosla J, Kotsiliti E, Leone V, Dudek M, Yousuf S, Inverso D, Singh I, Teijeiro A, Castet F, Montironi C, Haber PK, Tiniakos D, Bedossa P, Cockell S, Younes R, Vacca M, Marra F, Schattenberg JM, Allison M, Bugianesi E, Ratziu V, Pressiani T, D'Alessio A, Personeni N, Rimassa L, Daly AK, Scheiner B, Pomej K, Kirstein MM, Vogel A, Peck-Radosavljevic M, Hucke F, Finkelmeier F, Waidmann O, Trojan J, Schulze K, Wege H, Koch S, Weinmann A, Bueter M, Rössler F, Siebenhüner A, De Dosso S, Mallm JP, Umansky V, Jugold M, Luedde T, Schietinger A, Schirmacher P, Emu B, Augustin HG, Billeter A, Müller-Stich B, Kikuchi H, Duda DG, Kütting F, Waldschmidt DT, Ebert MP, Rahbari N, Mei HE, Schulz AR, Ringelhan M, Malek N, Spahn S, Bitzer M, Ruiz de Galarreta M, Lujambio A, Dufour JF, Marron TU, Kaseb A, Kudo M, Huang YH, Djouder N, Wolter K, Zender L, Marche PN, Decaens T, Pinato DJ, Rad R, Mertens JC, Weber A, Unger K, Meissner F, Roth S, Jilkova ZM, Claassen M, Anstee QM, Amit I, Knolle P, Becher B, Llovet JM, Heikenwalder M.	NASH limits anti-tumour surveillance in immunotherapy-treated HCC	Nature	2021	1101	33762733	10.1038/s41586-021-03362-0	PMC8046670	https://pmc.ncbi.nlm.nih.gov/articles/PMC8046670/	fulltext/pfister_2021_pmid33762733.xml	oa_xml
general_tme_modulation	review	pan-solid	no	Wu B, Zhang B, Li B, Wu H, Jiang M.	Cold and hot tumors: from molecular mechanisms to targeted therapy	Signal transduction and targeted therapy	2024	551	39420203	10.1038/s41392-024-01979-x	PMC11491057	https://pmc.ncbi.nlm.nih.gov/articles/PMC11491057/	fulltext/wu_2024_pmid39420203.xml	oa_xml
general_tme_modulation	review	pan-solid	yes	Zhang M, Liu C, Tu J, Tang M, Ashrafizadeh M, Nabavi N, Sethi G, Zhao P, Liu S.	Advances in cancer immunotherapy: historical perspectives, current developments, and future directions	Molecular cancer	2025	183	40336045	10.1186/s12943-025-02305-x	PMC12057291	https://pmc.ncbi.nlm.nih.gov/articles/PMC12057291/	fulltext/zhang_2025_pmid40336045.xml	oa_xml
general_tme_modulation	clinical_trial	breast;gi_other	no	Reiss KA, Angelos MG, Dees EC, Yuan Y, Ueno NT, Pohlmann PR, Johnson ML, Chao J, Shestova O, Serody JS, Schmierer M, Kremp M, Ball M, Qureshi R, Schott BH, Sonawane P, DeLong SC, Christiano M, Swaby RF, Abramson S, Locke K, Barton D, Kennedy E, Gill S, Cushing D, Klichinsky M, Condamine T, Abdou Y.	CAR-macrophage therapy for HER2-overexpressing advanced solid tumors: a phase 1 trial	Nature medicine	2025	175	39920391	10.1038/s41591-025-03495-z		https://pubmed.ncbi.nlm.nih.gov/39920391/		metadata_only
