category	evidence	authors	title	venue	year	pmid	doi	pmcid	url	local_pdf	fulltext_xml	topics	status
immunotherapy	preclinical_synergy	Hung et al.	Pemetrexed potentiates γδ T cell-based immunotherapy in NSCLC through ATM-STING-NF-κB-mediated induction of NKG2D ligands.	International immunopharmacology	2026	42447803	10.1016/j.intimp.2026.117115		https://doi.org/10.1016/j.intimp.2026.117115			pemetrexed;folate_pathway;nsclc;preclinical	metadata_only
immunotherapy	preclinical_synergy	Kucukoner et al.	The Role of EZH2 ın Malıgnant Pleural Mesothelıoma and Beyond: Current Practıce and Future Perspectıves.	Current oncology reports	2026	42257802	10.1007/s11912-026-01754-x	PMC13246576	https://doi.org/10.1007/s11912-026-01754-x		kucukoner_2026_pmid42257802.xml	pemetrexed;immunotherapy;parp_ddr;bcl2_apoptosis;mesothelioma;preclinical;resistance	fulltext_xml
immunotherapy	clinical_landmark	Wu et al.	Five-year outcomes of pembrolizumab versus chemotherapy in Chinese patients with non-small-cell lung cancer and programmed cell death ligand 1 tumor proportion score ≥1%: KEYNOTE-042 China study.	International journal of cancer	2026	41474069	10.1002/ijc.70265	PMC12963706	https://doi.org/10.1002/ijc.70265		wu_2026_pmid41474069.xml	pemetrexed;carboplatin;immunotherapy;egfr_tki;alk_met;nsclc;clinical_trial	fulltext_xml
immunotherapy	clinical_landmark	Vukovac et al.	Complete response in disseminated EGFR-mutated lung adenocarcinoma through chemosensitivity-guided chemotherapy, osimertinib, and stereotactic ablative body radiotherapy: a case report.	Translational lung cancer research	2026	42433231	10.21037/tlcr-2026-1-0020	PMC13351874	https://doi.org/10.21037/tlcr-2026-1-0020			pemetrexed;immunotherapy;egfr_tki;radiosensitization;nsclc	metadata_only
immunotherapy	clinical_landmark	Ma et al.	Case Report: Successful conversion surgery following chemo-antiangiogenic therapy in a lung adenocarcinoma patient with active rheumatoid arthritis and rare EGFR mutation after immunotherapy-triggered flare.	Frontiers in oncology	2026	42339122	10.3389/fonc.2026.1795914	PMC13283880	https://doi.org/10.3389/fonc.2026.1795914		ma_2026_pmid42339122.xml	pemetrexed;carboplatin;immunotherapy;egfr_tki;antiangiogenic;mapk;nsclc	fulltext_xml
immunotherapy	clinical_landmark	Bojić et al.	Clinical Outcomes and Immune-Related Adverse Events in Metastatic Non-Squamous NSCLC Treated with First-Line Pembrolizumab-Chemotherapy: A Real-World Study from Serbia.	Current oncology (Toronto, Ont.)	2026	42187584	10.3390/curroncol33050267	PMC13205886	https://doi.org/10.3390/curroncol33050267		bojić_2026_pmid42187584.xml	pemetrexed;immunotherapy;nsclc	fulltext_xml
immunotherapy	clinical_landmark	Socinski et al.	Tiragolumab Plus Atezolizumab and Chemotherapy for Advanced Nonsquamous Non-Small Cell Lung Cancer: The Phase 3 SKYSCRAPER-06 Randomized Clinical Trial.	JAMA oncology	2026	42060297	10.1001/jamaoncol.2026.0818	PMC13133723	https://doi.org/10.1001/jamaoncol.2026.0818		socinski_2026_pmid42060297.xml	pemetrexed;cisplatin;carboplatin;immunotherapy;nsclc;clinical_trial	fulltext_xml
immunotherapy	clinical_landmark	Lin et al.	Maintenance therapy for metastatic non-squamous non-small cell lung cancer: efficacy and biomarker analysis of pemetrexed discontinuation.	Translational lung cancer research	2026	41808717	10.21037/tlcr-2025-aw-1244	PMC12969177	https://doi.org/10.21037/tlcr-2025-aw-1244		lin_2026_pmid41808717.xml	pemetrexed;immunotherapy;nsclc	fulltext_xml
immunotherapy	clinical_landmark	Yoshioka et al.	Atezolizumab + Chemotherapy for Advanced Non-Small Cell Lung Cancer in Japanese Clinical Practice (J-TAIL-2).	Cancer science	2026	41378717	10.1111/cas.70242	PMC12951125	https://doi.org/10.1111/cas.70242		yoshioka_2026_pmid41378717.xml	pemetrexed;cisplatin;carboplatin;immunotherapy;antiangiogenic;nsclc;clinical_trial	fulltext_xml
immunotherapy	preclinical_synergy	Zhang et al.	Cisplatin potentiates PD-L1 expression more robustly than pemetrexed in malignant pleural mesothelioma: Temporal dynamics revealed by cellular and xenograft analyses.	Pathology, research and practice	2025	40441085	10.1016/j.prp.2025.156048		https://doi.org/10.1016/j.prp.2025.156048			pemetrexed;cisplatin;immunotherapy;bcl2_apoptosis;mesothelioma;preclinical	metadata_only
immunotherapy	preclinical_synergy	Cavazzoni et al.	Correction: Cavazzoni et al. Pemetrexed Enhances Membrane PD-L1 Expression and Potentiates T Cell-Mediated Cytotoxicity by Anti-PD-L1 Antibody Therapy in Non-Small-Cell Lung Cancer. Cancers 2020, 12, 666.	Cancers	2025	40282559	10.3390/cancers17081254	PMC12025483	https://doi.org/10.3390/cancers17081254		cavazzoni_2025_pmid40282559.xml	pemetrexed;immunotherapy	fulltext_xml
immunotherapy	preclinical_synergy	Felip et al.	A randomised phase III study of bevacizumab and carboplatin-pemetrexed chemotherapy with or without atezolizumab as first-line treatment for advanced pleural mesothelioma: results of the ETOP 13-18 BEAT-meso trial.	Annals of oncology : official journal of the European Society for Medical Oncology	2025	39814199	10.1016/j.annonc.2024.12.014		https://doi.org/10.1016/j.annonc.2024.12.014			pemetrexed;carboplatin;immunotherapy;antiangiogenic;mesothelioma;clinical_trial;preclinical	metadata_only
immunotherapy	preclinical_synergy	Echepare et al.	DSTYK Inhibition Sensitizes NSCLC to Taxane-Based Chemotherapy.	Journal of thoracic oncology : official publication of the International Association for the Study of Lung Cancer	2025	39536877	10.1016/j.jtho.2024.11.003		https://doi.org/10.1016/j.jtho.2024.11.003			pemetrexed;cisplatin;carboplatin;immunotherapy;mapk;nsclc;preclinical;resistance	metadata_only
immunotherapy	preclinical_synergy	Qiu et al.	Biomimetic polymeric nanoreactors with photooxidation-initiated therapies and reinvigoration of antigen-dependent and antigen-free immunity.	Biomaterials	2025	39405823	10.1016/j.biomaterials.2024.122884		https://doi.org/10.1016/j.biomaterials.2024.122884			pemetrexed;immunotherapy;bcl2_apoptosis;folate_pathway;preclinical	metadata_only
immunotherapy	preclinical_synergy	Hu et al.	Case Report: Tail-of-the-curve advantage from immune checkpoint inhibitor-anti-VEGF combination therapy: extended survival in a patient with metastatic lung adenocarcinoma.	Frontiers in medicine	2025	41458510	10.3389/fmed.2025.1714486	PMC12740750	https://doi.org/10.3389/fmed.2025.1714486		hu_2025_pmid41458510.xml	pemetrexed;cisplatin;immunotherapy;antiangiogenic;radiosensitization;repurposed;nsclc	fulltext_xml
immunotherapy	preclinical_synergy	Ge et al.	Overcoming therapeutic resistance in driver-negative NSCLC: Immunomodulatory mechanisms and clinical efficacy of Camrelizumab-chemotherapy combination in a real-world cohort.	Discover oncology	2025	40533655	10.1007/s12672-025-02926-0	PMC12176700	https://doi.org/10.1007/s12672-025-02926-0		ge_2025_pmid40533655.xml	pemetrexed;cisplatin;immunotherapy;nsclc;resistance	fulltext_xml
immunotherapy	clinical_landmark	Kogure et al.	Pembrolizumab and Pemetrexed for Older Patients With Nonsquamous NSCLC and Programmed Cell Death-Ligand 1 Tumor Proportion Scores of Less Than 50.	JTO clinical and research reports	2025	40007549	10.1016/j.jtocrr.2024.100784	PMC11850748	https://doi.org/10.1016/j.jtocrr.2024.100784		kogure_2025_pmid40007549.xml	pemetrexed;cisplatin;carboplatin;immunotherapy;egfr_tki;alk_met;nsclc;clinical_trial	fulltext_xml
immunotherapy	clinical_landmark	Yoshida et al.	Immunotherapy for pleural mesothelioma: from innovation to the frontlines of core clinical questions.	Discover oncology	2025	41342969	10.1007/s12672-025-04200-9	PMC12779787	https://doi.org/10.1007/s12672-025-04200-9		yoshida_2025_pmid41342969.xml	pemetrexed;cisplatin;immunotherapy;mesothelioma	fulltext_xml
immunotherapy	clinical_landmark	Ohiwa et al.	Real-World Comparative Study of Atezolizumab-Based Chemotherapy Regimens in Advanced Non-Small Cell Lung Cancer.	Cancers	2025	41300997	10.3390/cancers17223630	PMC12651714	https://doi.org/10.3390/cancers17223630		ohiwa_2025_pmid41300997.xml	pemetrexed;carboplatin;immunotherapy;egfr_tki;antiangiogenic;mapk;nsclc	fulltext_xml
immunotherapy	clinical_landmark	Lim et al.	Long-term Survival Analysis From PERLA, A Phase II Randomized Trial of Dostarlimab With Chemotherapy Versus Pembrolizumab With Chemotherapy in Metastatic Nonsquamous NSCLC.	JTO clinical and research reports	2025	41080090	10.1016/j.jtocrr.2025.100900	PMC12509971	https://doi.org/10.1016/j.jtocrr.2025.100900		lim_2025_pmid41080090.xml	pemetrexed;cisplatin;carboplatin;immunotherapy;nsclc;clinical_trial	fulltext_xml
immunotherapy	clinical_landmark	Resuli et al.	Treatment Strategies for First-Line PD-L1-Unselected Advanced NSCLC: A Comparative Review of Immunotherapy-Based Regimens by PD-L1 Expression and Clinical Indication.	Diagnostics (Basel, Switzerland)	2025	40804900	10.3390/diagnostics15151937	PMC12345754	https://doi.org/10.3390/diagnostics15151937		resuli_2025_pmid40804900.xml	pemetrexed;immunotherapy;antiangiogenic;nsclc;clinical_trial	fulltext_xml
immunotherapy	clinical_landmark	Kijima et al.	KEYNOTE-A17: First-Line Pembrolizumab Plus Cisplatin-Pemetrexed in Japanese Participants With Advanced Pleural Mesothelioma.	Cancer science	2025	40407381	10.1111/cas.70082	PMC12317397	https://doi.org/10.1111/cas.70082		kijima_2025_pmid40407381.xml	pemetrexed;cisplatin;immunotherapy;mesothelioma;clinical_trial	fulltext_xml
immunotherapy	clinical_landmark	Zhou et al.	Atezolizumab plus bevacizumab and chemotherapy in metastatic nonsquamous NSCLC: the randomized double-blind phase 3 IMpower151 trial.	Nature medicine	2025	40379995	10.1038/s41591-025-03658-y	PMC12283377	https://doi.org/10.1038/s41591-025-03658-y		zhou_2025_pmid40379995.xml	pemetrexed;carboplatin;immunotherapy;egfr_tki;antiangiogenic;mapk;nsclc;clinical_trial	fulltext_xml
immunotherapy	clinical_landmark	Su et al.	Comparative Survival Analysis of Anti-Angiogenic Agent Plus Immunochemotherapy in NSCLC Patients After Frontline EGFR-TKI Treatment: A Retrospective Cohort Study.	The Kaohsiung journal of medical sciences	2025	40289745	10.1002/kjm2.70023	PMC12245087	https://doi.org/10.1002/kjm2.70023		su_2025_pmid40289745.xml	pemetrexed;immunotherapy;egfr_tki;nsclc	fulltext_xml
immunotherapy	clinical_landmark	Wu et al.	Atezolizumab, bevacizumab, pemetrexed and platinum for EGFR-mutant NSCLC patients after EGFR TKI failure: A phase II study with immune cell profile analysis.	Clinical and translational medicine	2025	39715697	10.1002/ctm2.70149	PMC11666332	https://doi.org/10.1002/ctm2.70149		wu_2025_pmid39715697.xml	pemetrexed;immunotherapy;egfr_tki;antiangiogenic;nsclc;clinical_trial;resistance	fulltext_xml
immunotherapy	clinical_landmark	Wasamoto et al.	Efficacy and Safety of First-line Pembrolizumab Plus Platinum and Pemetrexed in Elderly Patients with Non-squamous Non-small-cell Lung Cancer.	Internal medicine (Tokyo, Japan)	2025	38749728	10.2169/internalmedicine.3649-24	PMC11781924	https://doi.org/10.2169/internalmedicine.3649-24		wasamoto_2025_pmid38749728.xml	pemetrexed;immunotherapy;nsclc	fulltext_xml
immunotherapy	clinical_landmark	Kicken et al.	Opportunities for Precision Dosing of Cytotoxic Drugs in Non-Small Cell Lung Cancer: Bridging the Gap in Precision Medicine.	Clinical pharmacokinetics	2025	40045151	10.1007/s40262-025-01492-6	PMC12041064	https://doi.org/10.1007/s40262-025-01492-6		kicken_2025_pmid40045151.xml	pemetrexed;cisplatin;carboplatin;repurposed;nsclc	fulltext_xml
immunotherapy	preclinical_synergy	Li et al.	PD-L1 induces autophagy and primary resistance to EGFR-TKIs in EGFR-mutant lung adenocarcinoma via the MAPK signaling pathway.	Cell death & disease	2024	39090096	10.1038/s41419-024-06945-7	PMC11294607	https://doi.org/10.1038/s41419-024-06945-7		li_2024_pmid39090096.xml	pemetrexed;immunotherapy;egfr_tki;bcl2_apoptosis;autophagy;nsclc;preclinical;resistance	fulltext_xml
immunotherapy	preclinical_synergy	Van den Bossche et al.	Integration of the PD-L1 inhibitor atezolizumab and WT1/DC vaccination into standard-of-care first-line treatment for patients with epithelioid malignant pleural mesothelioma-Protocol of the Immuno-MESODEC study.	PloS one	2024	39008481	10.1371/journal.pone.0307204	PMC11249236	https://doi.org/10.1371/journal.pone.0307204		van_2024_pmid39008481.xml	pemetrexed;cisplatin;immunotherapy;mesothelioma;clinical_trial;preclinical	fulltext_xml
immunotherapy	preclinical_synergy	Wang et al.	Centipeda minima and 6-O-angeloylplenolin enhance the efficacy of immune checkpoint inhibitors in non-small cell lung cancer.	Phytomedicine : international journal of phytotherapy and phytopharmacology	2024	38968790	10.1016/j.phymed.2024.155825		https://doi.org/10.1016/j.phymed.2024.155825			pemetrexed;cisplatin;immunotherapy;nsclc;preclinical	metadata_only
immunotherapy	preclinical_synergy	Ferrari et al.	HER2-Altered Non-Small Cell Lung Cancer: A Journey from Current Approaches to Emerging Strategies.	Cancers	2024	38893138	10.3390/cancers16112018	PMC11171190	https://doi.org/10.3390/cancers16112018		ferrari_2024_pmid38893138.xml	pemetrexed;mapk;nsclc;clinical_trial;preclinical	fulltext_xml
immunotherapy	preclinical_synergy	Sicard et al.	Overcoming immuno-resistance by rescheduling anti-VEGF/cytotoxics/anti-PD-1 combination in lung cancer model.	Cancer drug resistance (Alhambra, Calif.)	2024	38510749	10.20517/cdr.2023.146	PMC10951825	https://doi.org/10.20517/cdr.2023.146		sicard_2024_pmid38510749.xml	pemetrexed;cisplatin;immunotherapy;antiangiogenic;preclinical;resistance	fulltext_xml
immunotherapy	clinical_landmark	Carbone et al.	Four-year clinical update and treatment switching-adjusted outcomes with first-line nivolumab plus ipilimumab with chemotherapy for metastatic non-small cell lung cancer in the CheckMate 9LA randomized trial.	Journal for immunotherapy of cancer	2024	38346853	10.1136/jitc-2023-008189	PMC10862253	https://doi.org/10.1136/jitc-2023-008189		carbone_2024_pmid38346853.xml	pemetrexed;immunotherapy;egfr_tki;alk_met;nsclc;clinical_trial	fulltext_xml
immunotherapy	clinical_landmark	Schmid et al.	Real-World Outcomes of Patients With Malignant Pleural Mesothelioma Receiving a Combination of Ipilimumab and Nivolumab as First- or Later-Line Treatment.	JTO clinical and research reports	2024	39624250	10.1016/j.jtocrr.2024.100735	PMC11609637	https://doi.org/10.1016/j.jtocrr.2024.100735		schmid_2024_pmid39624250.xml	pemetrexed;immunotherapy;mesothelioma	fulltext_xml
immunotherapy	clinical_landmark	Zhou et al.	Camrelizumab plus carboplatin and pemetrexed as first-line therapy for advanced non-squamous non-small-cell lung cancer: 5-year outcomes of the CameL randomized phase 3 study.	Journal for immunotherapy of cancer	2024	39608979	10.1136/jitc-2024-009240	PMC11603811	https://doi.org/10.1136/jitc-2024-009240		zhou_2024_pmid39608979.xml	pemetrexed;carboplatin;egfr_tki;alk_met;nsclc;clinical_trial	fulltext_xml
immunotherapy	clinical_landmark	Lu et al.	Tislelizumab plus chemotherapy as first-line treatment of locally advanced or metastatic nonsquamous non-small-cell lung cancer (final analysis of RATIONALE-304: a randomized phase III trial).	ESMO open	2024	39461773	10.1016/j.esmoop.2024.103728	PMC11549519	https://doi.org/10.1016/j.esmoop.2024.103728		lu_2024_pmid39461773.xml	pemetrexed;nsclc;clinical_trial	fulltext_xml
immunotherapy	preclinical_synergy	Ibraheem et al.	Prospective effect of linkers type on the anticancer activity of pemetrexed-monoclonal antibody (atezolizumab) conjugates.	F1000Research	2023	39140089	10.12688/f1000research.140284.2	PMC11320184	https://doi.org/10.12688/f1000research.140284.2		ibraheem_2023_pmid39140089.xml	pemetrexed;immunotherapy	fulltext_xml
immunotherapy	preclinical_synergy	Douma et al.	Pembrolizumab plus lenvatinib in second-line and third-line patients with pleural mesothelioma (PEMMELA): a single-arm phase 2 study.	The Lancet. Oncology	2023	37844598	10.1016/S1470-2045(23)00446-1		https://doi.org/10.1016/S1470-2045(23)00446-1			pemetrexed;immunotherapy;mesothelioma;clinical_trial;preclinical	metadata_only
immunotherapy	preclinical_synergy	Tariq et al.	Radiation Therapies in Cancer.	Cancer treatment and research	2023	37306904	10.1007/978-3-031-27156-4_4		https://doi.org/10.1007/978-3-031-27156-4_4			pemetrexed;mapk;radiosensitization	metadata_only
immunotherapy	preclinical_synergy	Verma et al.	A phase II study of metformin plus pemetrexed and carboplatin in patients with non-squamous non-small cell lung cancer (METALUNG).	Medical oncology (Northwood, London, England)	2023	37261532	10.1007/s12032-023-02057-y		https://doi.org/10.1007/s12032-023-02057-y			pemetrexed;carboplatin;immunotherapy;repurposed;nsclc;clinical_trial;preclinical;resistance	metadata_only
immunotherapy	preclinical_synergy	Saar et al.	Exploring the Molecular Players behind the Potentiation of Chemotherapy Effects by Durvalumab in Lung Adenocarcinoma Cell Lines.	Pharmaceutics	2023	37242727	10.3390/pharmaceutics15051485	PMC10221650	https://doi.org/10.3390/pharmaceutics15051485		saar_2023_pmid37242727.xml	pemetrexed;cisplatin;immunotherapy;parp_ddr;nsclc;preclinical;resistance	fulltext_xml
immunotherapy	preclinical_synergy	Tada et al.	Combination therapy with anti-programmed cell death 1 antibody plus angiokinase inhibitor exerts synergistic antitumor effect against malignant mesothelioma via tumor microenvironment modulation.	Lung cancer (Amsterdam, Netherlands)	2023	37146474	10.1016/j.lungcan.2023.107219		https://doi.org/10.1016/j.lungcan.2023.107219			pemetrexed;cisplatin;immunotherapy;antiangiogenic;mesothelioma;preclinical	metadata_only
immunotherapy	preclinical_synergy	Yu et al.	Multi-target angiogenesis inhibitor combined with PD-1 inhibitors may benefit advanced non-small cell lung cancer patients in late line after failure of EGFR-TKI therapy.	International journal of cancer	2023	37078587	10.1002/ijc.34536		https://doi.org/10.1002/ijc.34536			pemetrexed;immunotherapy;egfr_tki;antiangiogenic;nsclc;preclinical;resistance	metadata_only
immunotherapy	preclinical_synergy	Chen et al.	Pemetrexed combined with dual immune checkpoint blockade enhances cytotoxic T lymphocytes against lung cancer.	Cancer science	2023	37017116	10.1111/cas.15806	PMC10323078	https://doi.org/10.1111/cas.15806		chen_2023_pmid37017116.xml	pemetrexed;carboplatin;immunotherapy;egfr_tki;nsclc;preclinical	fulltext_xml
immunotherapy	preclinical_synergy	Saar et al.	Immune checkpoint inhibitors modulate the cytotoxic effect of chemotherapy in lung adenocarcinoma cells.	Oncology letters	2023	36936028	10.3892/ol.2023.13738	PMC10018276	https://doi.org/10.3892/ol.2023.13738		saar_2023_pmid36936028.xml	pemetrexed;cisplatin;immunotherapy;parp_ddr;mapk;nsclc;preclinical	fulltext_xml
immunotherapy	preclinical_synergy	Nguyen et al.	S-1 eliminates MDSCs and enhances the efficacy of PD-1 blockade via regulation of tumor-derived Bv8 and S100A8 in thoracic tumor.	Cancer science	2023	36285504	10.1111/cas.15620	PMC9899614	https://doi.org/10.1111/cas.15620		nguyen_2023_pmid36285504.xml	pemetrexed;carboplatin;immunotherapy;mesothelioma;preclinical	fulltext_xml
immunotherapy	preclinical_synergy	Bouzas et al.	Phenolic diterpenes from Rosemary supercritical extract inhibit non-small cell lung cancer lipid metabolism and synergise with therapeutic drugs in the clinic.	Frontiers in oncology	2022	36439419	10.3389/fonc.2022.1046369	PMC9682134	https://doi.org/10.3389/fonc.2022.1046369		bouzas_2022_pmid36439419.xml	pemetrexed;cisplatin;immunotherapy;nsclc;preclinical;resistance	fulltext_xml
immunotherapy	preclinical_synergy	Yoshida et al.	MET-Induced CD73 Restrains STING-Mediated Immunogenicity of EGFR-Mutant Lung Cancer.	Cancer research	2022	36066413	10.1158/0008-5472.CAN-22-0770	PMC9627131	https://doi.org/10.1158/0008-5472.CAN-22-0770			pemetrexed;egfr_tki;preclinical;resistance	metadata_only
immunotherapy	preclinical_synergy	Ao et al.	Sequence-dependent synergistic effect of aumolertinib-pemetrexed combined therapy on EGFR-mutant non-small-cell lung carcinoma with pre-clinical and clinical evidence.	Journal of experimental & clinical cancer research : CR	2022	35501907	10.1186/s13046-022-02369-3	PMC9063085	https://doi.org/10.1186/s13046-022-02369-3		ao_2022_pmid35501907.xml	pemetrexed;egfr_tki;antiangiogenic;nsclc;preclinical;resistance	fulltext_xml
immunotherapy	preclinical_synergy	Tsvetkova et al.	Application of Approved Cisplatin Derivatives in Combination Therapy against Different Cancer Diseases.	Molecules (Basel, Switzerland)	2022	35458666	10.3390/molecules27082466	PMC9031877	https://doi.org/10.3390/molecules27082466		tsvetkova_2022_pmid35458666.xml	pemetrexed;cisplatin;carboplatin;immunotherapy;egfr_tki;antiangiogenic;parp_ddr;mtor_pi3k;mapk;proteasome;preclinical;resistance	fulltext_xml
immunotherapy	preclinical_synergy	Ciunci et al.	Phase II Trial of Combination Nab-paclitaxel and Gemcitabine in Non-squamous Non-small Cell Lung Cancer After Progression on Platinum and Pemetrexed.	Clinical lung cancer	2022	35393247	10.1016/j.cllc.2022.02.004		https://doi.org/10.1016/j.cllc.2022.02.004			pemetrexed;nsclc;clinical_trial;preclinical	metadata_only
immunotherapy	preclinical_synergy	Limagne et al.	MEK inhibition overcomes chemoimmunotherapy resistance by inducing CXCL10 in cancer cells.	Cancer cell	2022	35051357	10.1016/j.ccell.2021.12.009		https://doi.org/10.1016/j.ccell.2021.12.009			pemetrexed;cisplatin;immunotherapy;mapk;autophagy;nsclc;preclinical;resistance	metadata_only
immunotherapy	preclinical_synergy	Pan et al.	Selenium-containing nanoparticles synergistically enhance Pemetrexed&NK cell-based chemoimmunotherapy.	Biomaterials	2022	34922271	10.1016/j.biomaterials.2021.121321		https://doi.org/10.1016/j.biomaterials.2021.121321			pemetrexed;preclinical	metadata_only
immunotherapy	preclinical_synergy	Yu et al.	Sequential administration of pemetrexed and cisplatin reprograms tumor immune microenvironment and potentiates PD-1/PD-L1 treatment in a lung cancer model.	Journal of investigative medicine : the official publication of the American Federation for Clinical Research	2022	34872935	10.1136/jim-2021-002159		https://doi.org/10.1136/jim-2021-002159			pemetrexed;cisplatin;immunotherapy;bcl2_apoptosis;nsclc;preclinical	metadata_only
immunotherapy	preclinical_synergy	Biswas et al.	Adding Base-Excision Repair Inhibitor TRC102 to Standard Pemetrexed-Platinum-Radiation in Patients with Advanced Nonsquamous Non-Small Cell Lung Cancer: Results of a Phase I Trial.	Clinical cancer research : an official journal of the American Association for Cancer Research	2022	34740922	10.1158/1078-0432.CCR-21-2025	PMC8866206	https://doi.org/10.1158/1078-0432.CCR-21-2025			pemetrexed;cisplatin;radiosensitization;nsclc;clinical_trial;resistance	metadata_only
immunotherapy	preclinical_synergy	Maharjan et al.	Metronomic delivery of orally available pemetrexed-incorporated colloidal dispersions for boosting tumor-specific immunity.	Drug delivery	2021	34730056	10.1080/10717544.2021.1995077	PMC8567874	https://doi.org/10.1080/10717544.2021.1995077		maharjan_2021_pmid34730056.xml	pemetrexed;immunotherapy;preclinical	fulltext_xml
immunotherapy	preclinical_synergy	Furukawa et al.	Cytotoxic chemotherapeutic agents and the EGFR-TKI osimertinib induce calreticulin exposure in non-small cell lung cancer.	Lung cancer (Amsterdam, Netherlands)	2021	33819860	10.1016/j.lungcan.2021.03.018		https://doi.org/10.1016/j.lungcan.2021.03.018			pemetrexed;immunotherapy;egfr_tki;bcl2_apoptosis;nsclc;preclinical	metadata_only
immunotherapy	preclinical_synergy	Okimoto et al.	Pemetrexed sensitizes human lung cancer cells to cytotoxic immune cells.	Cancer science	2020	32232903	10.1111/cas.14401	PMC7293070	https://doi.org/10.1111/cas.14401		okimoto_2020_pmid32232903.xml	pemetrexed;immunotherapy;mapk;bcl2_apoptosis;nsclc;preclinical	fulltext_xml
immunotherapy	preclinical_synergy	Cavazzoni et al.	Pemetrexed Enhances Membrane PD-L1 Expression and Potentiates T Cell-Mediated Cytotoxicity by Anti-PD-L1 Antibody Therapy in Non-Small-Cell Lung Cancer.	Cancers	2020	32178474	10.3390/cancers12030666	PMC7139811	https://doi.org/10.3390/cancers12030666		cavazzoni_2020_pmid32178474.xml	pemetrexed;immunotherapy;mtor_pi3k;nsclc;preclinical	fulltext_xml
immunotherapy	preclinical_synergy	Kato et al.	Propensity score-weighted analysis of chemotherapy after PD-1 inhibitors versus chemotherapy alone in patients with non-small cell lung cancer (WJOG10217L).	Journal for immunotherapy of cancer	2020	32066647	10.1136/jitc-2019-000350	PMC7057433	https://doi.org/10.1136/jitc-2019-000350		kato_2020_pmid32066647.xml	pemetrexed;immunotherapy;egfr_tki;alk_met;antiangiogenic;nsclc;preclinical	fulltext_xml
immunotherapy	preclinical_synergy	Pangeni et al.	Intestinal transport mechanism and in vivo anticancer efficacy of a solid oral formulation incorporating an ion-pairing complex of pemetrexed with deoxycholic acid derivative.	International journal of nanomedicine	2019	31496690	10.2147/IJN.S209722	PMC6690926	https://doi.org/10.2147/IJN.S209722		pangeni_2019_pmid31496690.xml	pemetrexed;immunotherapy;mapk;preclinical	fulltext_xml
immunotherapy	preclinical_synergy	Singhi et al.	Advanced Non-Small Cell Lung Cancer: Sequencing Agents in the EGFR-Mutated/ALK-Rearranged Populations.	American Society of Clinical Oncology educational book. American Society of Clinical Oncology. Annual Meeting	2019	31099642	10.1200/EDBK_237821		https://doi.org/10.1200/EDBK_237821			pemetrexed;carboplatin;immunotherapy;egfr_tki;alk_met;antiangiogenic;radiosensitization;nsclc;preclinical;resistance	metadata_only
immunotherapy	preclinical_synergy	Papachristofilou et al.	Phase Ib evaluation of a self-adjuvanted protamine formulated mRNA-based active cancer immunotherapy, BI1361849 (CV9202), combined with local radiation treatment in patients with stage IV non-small cell lung cancer.	Journal for immunotherapy of cancer	2019	30736848	10.1186/s40425-019-0520-5	PMC6368815	https://doi.org/10.1186/s40425-019-0520-5		papachristofilou_2019_pmid30736848.xml	pemetrexed;immunotherapy;egfr_tki;nsclc;clinical_trial;preclinical	fulltext_xml
immunotherapy	preclinical_synergy	Patki et al.	Chronic p27Kip1 Induction by Dexamethasone Causes Senescence Phenotype and Permanent Cell Cycle Blockade in Lung Adenocarcinoma Cells Over-expressing Glucocorticoid Receptor.	Scientific reports	2018	30375484	10.1038/s41598-018-34475-8	PMC6207728	https://doi.org/10.1038/s41598-018-34475-8		patki_2018_pmid30375484.xml	pemetrexed;mapk;nsclc;preclinical	fulltext_xml
immunotherapy	preclinical_synergy	Yang et al.	Elevation of tumor mutation burden in ROS1-fusion lung adenocarcinoma resistant to crizotinib: A case report.	Medicine	2018	30593165	10.1097/MD.0000000000013797	PMC6314749	https://doi.org/10.1097/MD.0000000000013797		yang_2018_pmid30593165.xml	pemetrexed;cisplatin;carboplatin;alk_met;antiangiogenic;mapk;nsclc;resistance	fulltext_xml
immunotherapy	clinical_landmark	Gandhi et al.	Pembrolizumab plus Chemotherapy in Metastatic Non-Small-Cell Lung Cancer.	The New England journal of medicine	2018	29658856	10.1056/NEJMoa1801005		https://doi.org/10.1056/NEJMoa1801005			pemetrexed;immunotherapy;nsclc;clinical_trial;overall_survival	metadata_only
immunotherapy	preclinical_synergy	McDonnell et al.	Serial immunomonitoring of cancer patients receiving combined antagonistic anti-CD40 and chemotherapy reveals consistent and cyclical modulation of T cell and dendritic cell parameters.	BMC cancer	2017	28619093	10.1186/s12885-017-3403-5	PMC5472884	https://doi.org/10.1186/s12885-017-3403-5		mcdonnell_2017_pmid28619093.xml	pemetrexed;cisplatin;mesothelioma;preclinical	fulltext_xml
immunotherapy	preclinical_synergy	Maleki Vareki et al.	IDO Downregulation Induces Sensitivity to Pemetrexed, Gemcitabine, FK866, and Methoxyamine in Human Cancer Cells.	PloS one	2015	26579709	10.1371/journal.pone.0143435	PMC4651508	https://doi.org/10.1371/journal.pone.0143435		maleki_2015_pmid26579709.xml	pemetrexed;thymidylate_synthase;folate_pathway;nsclc;resistance	fulltext_xml
immunotherapy	preclinical_synergy	Nowak et al.	A phase 1b clinical trial of the CD40-activating antibody CP-870,893 in combination with cisplatin and pemetrexed in malignant pleural mesothelioma.	Annals of oncology : official journal of the European Society for Medical Oncology	2015	26386124	10.1093/annonc/mdv387		https://doi.org/10.1093/annonc/mdv387			pemetrexed;cisplatin;parp_ddr;mesothelioma;clinical_trial;preclinical	metadata_only
immunotherapy	preclinical_synergy	Segatori et al.	Preclinical evaluation of racotumomab, an anti-idiotype monoclonal antibody to N-glycolyl-containing gangliosides, with or without chemotherapy in a mouse model of non-small cell lung cancer.	Frontiers in oncology	2012	23162791	10.3389/fonc.2012.00160	PMC3492861	https://doi.org/10.3389/fonc.2012.00160		segatori_2012_pmid23162791.xml	pemetrexed;nsclc;preclinical	fulltext_xml
antiangiogenic	preclinical_synergy	Zhang et al.	[Efficacy and Safety Evaluation of Intrathecal Pemetrexed in EGFR-mutated NSCLC Patients  with Leptomeningeal Metastases].	Zhongguo fei ai za zhi = Chinese journal of lung cancer	2025	41158038	10.3779/j.issn.1009-3419.2025.106.23	PMC12580389	https://doi.org/10.3779/j.issn.1009-3419.2025.106.23		zhang_2025_pmid41158038.xml	pemetrexed;egfr_tki;antiangiogenic;mapk;nsclc;preclinical	fulltext_xml
antiangiogenic	preclinical_synergy	Yu et al.	Translational Selenium Nanoparticles Promotes Clinical Non-small-cell Lung Cancer Chemotherapy via Activating Selenoprotein-driven Immune Manipulation.	Advanced materials (Deerfield Beach, Fla.)	2025	40095246	10.1002/adma.202415818		https://doi.org/10.1002/adma.202415818			pemetrexed;cisplatin;antiangiogenic;mtor_pi3k;nsclc	metadata_only
antiangiogenic	preclinical_synergy	Gesmundo et al.	Antagonist of Growth Hormone-Releasing Hormone Potentiates the Antitumor Effect of Pemetrexed and Cisplatin in Pleural Mesothelioma.	International journal of molecular sciences	2022	36232554	10.3390/ijms231911248	PMC9569772	https://doi.org/10.3390/ijms231911248		gesmundo_2022_pmid36232554.xml	pemetrexed;cisplatin;antiangiogenic;mapk;bcl2_apoptosis;mesothelioma;preclinical	fulltext_xml
antiangiogenic	preclinical_synergy	Atallah et al.	Green self-assembled lactoferrin carboxymethyl cellulose nanogels for synergistic chemo/herbal breast cancer therapy.	Colloids and surfaces. B, Biointerfaces	2022	35803031	10.1016/j.colsurfb.2022.112657		https://doi.org/10.1016/j.colsurfb.2022.112657			pemetrexed;antiangiogenic;preclinical	metadata_only
antiangiogenic	preclinical_synergy	Fan et al.	Trojan-Horse Diameter-Reducible Nanotheranostics for Macroscopic/Microscopic Imaging-Monitored Chemo-Antiangiogenic Therapy.	ACS applied materials & interfaces	2022	35045703	10.1021/acsami.1c22350		https://doi.org/10.1021/acsami.1c22350			pemetrexed;preclinical	metadata_only
antiangiogenic	clinical_landmark	Xue et al.	Efficacy and Safety of Epidermal Growth Factor Receptor (EGFR)-Tyrosine Kinase Inhibitor Combination Therapy as First-Line Treatment for Patients with Advanced EGFR-Mutated, Non-Small Cell Lung Cancer: A Systematic Review and Bayesian Network Meta-Analysis.	Cancers	2022	36230817	10.3390/cancers14194894	PMC9563574	https://doi.org/10.3390/cancers14194894		xue_2022_pmid36230817.xml	pemetrexed;carboplatin;egfr_tki;antiangiogenic;nsclc;clinical_trial	fulltext_xml
antiangiogenic	clinical_landmark	Zhou et al.	Efficacy and Safety of Different Doses of Bevacizumab Combined With Pemetrexed and Platinum in First-Line Treatment of Advanced NSCLC: A Retrospective-Real World Study.	Frontiers in pharmacology	2021	34867332	10.3389/fphar.2021.727102	PMC8635804	https://doi.org/10.3389/fphar.2021.727102		zhou_2021_pmid34867332.xml	pemetrexed;antiangiogenic;nsclc	fulltext_xml
antiangiogenic	preclinical_synergy	Abdelaziz et al.	Inhalable Lactoferrin/Chondroitin-Functionalized Monoolein Nanocomposites for Localized Lung Cancer Targeting.	ACS biomaterials science & engineering	2020	33464839	10.1021/acsbiomaterials.9b01639		https://doi.org/10.1021/acsbiomaterials.9b01639			pemetrexed;antiangiogenic;parp_ddr;repurposed;preclinical	metadata_only
antiangiogenic	clinical_landmark	Jun et al.	Treatment with or without bevacizumab as a first-line and maintenance therapy for advanced non-squamous non-small cell lung cancer: A retrospective study.	Thoracic cancer	2020	32406994	10.1111/1759-7714.13469	PMC7327679	https://doi.org/10.1111/1759-7714.13469		jun_2020_pmid32406994.xml	pemetrexed;antiangiogenic;nsclc	fulltext_xml
antiangiogenic	preclinical_synergy	Liu et al.	The effect of apatinib combined with chemotherapy or targeted therapy on non-small cell lung cancer in vitro and vivo.	Thoracic cancer	2019	31486270	10.1111/1759-7714.13162	PMC6775003	https://doi.org/10.1111/1759-7714.13162		liu_2019_pmid31486270.xml	pemetrexed;egfr_tki;antiangiogenic;mtor_pi3k;mapk;nsclc;preclinical;resistance	fulltext_xml
antiangiogenic	preclinical_synergy	Schneider et al.	Optimal Scheduling of Bevacizumab and Pemetrexed/Cisplatin Dosing in Non-Small Cell Lung Cancer.	CPT: pharmacometrics & systems pharmacology	2019	31004380	10.1002/psp4.12415	PMC6709425	https://doi.org/10.1002/psp4.12415		schneider_2019_pmid31004380.xml	pemetrexed;cisplatin;antiangiogenic;nsclc	fulltext_xml
antiangiogenic	clinical_landmark	Chang et al.	First-line pemetrexed/carboplatin or cisplatin/bevacizumab compared with paclitaxel/carboplatin/bevacizumab in patients with advanced non-squamous non-small cell lung cancer with wild-type driver genes: A real-world study in China.	Thoracic cancer	2019	30900826	10.1111/1759-7714.13025	PMC6501044	https://doi.org/10.1111/1759-7714.13025			pemetrexed;cisplatin;carboplatin;antiangiogenic;nsclc	metadata_only
antiangiogenic	clinical_landmark	Takeoka et al.	Phase II Trial of Carboplatin and Pemetrexed Plus Bevacizumab with Maintenance Bevacizumab as a First-line Treatment for Advanced Non-squamous Non-small Cell Lung Cancer in Elderly Patients.	Anticancer research	2018	29848743	10.21873/anticanres.12661		https://doi.org/10.21873/anticanres.12661			pemetrexed;carboplatin;antiangiogenic;nsclc;clinical_trial	metadata_only
antiangiogenic	clinical_landmark	Fukushima et al.	Phase II study of cisplatin/pemetrexed combined with bevacizumab followed by pemetrexed/bevacizumab maintenance therapy in patients with EGFR-wild advanced non-squamous non-small cell lung cancer.	Cancer chemotherapy and pharmacology	2018	29644460	10.1007/s00280-018-3573-0		https://doi.org/10.1007/s00280-018-3573-0			pemetrexed;cisplatin;egfr_tki;antiangiogenic;nsclc;clinical_trial	metadata_only
antiangiogenic	clinical_landmark	Zhao et al.	Bevacizumab in combination with different platinum-based doublets in the first-line treatment for advanced nonsquamous non-small-cell lung cancer: A network meta-analysis.	International journal of cancer	2018	29171009	10.1002/ijc.31175		https://doi.org/10.1002/ijc.31175			pemetrexed;carboplatin;antiangiogenic;nsclc;clinical_trial	metadata_only
antiangiogenic	clinical_landmark	Schuette et al.	65Plus: open-label study of bevacizumab in combination with pemetrexed or pemetrexed/carboplatin as first-line treatment of patients with advanced or recurrent nonsquamous non-small-cell lung cancer.	Lung Cancer (Auckland, N.Z.)	2017	29158696	10.2147/LCTT.S142972	PMC5683796	https://doi.org/10.2147/LCTT.S142972		schuette_2017_pmid29158696.xml	pemetrexed;carboplatin;antiangiogenic;nsclc;clinical_trial	fulltext_xml
antiangiogenic	clinical_landmark	Spence et al.	Treatment Patterns and Overall Survival Associated with First-Line Systemic Therapy for Patients with Advanced Non-Small Cell Lung Cancer.	Journal of managed care & specialty pharmacy	2017	28125366	10.18553/jmcp.2017.23.2.195	PMC10397706	https://doi.org/10.18553/jmcp.2017.23.2.195			pemetrexed;carboplatin;antiangiogenic;mapk;nsclc	metadata_only
antiangiogenic	clinical_landmark	Wang et al.	Efficacy of cisplatin/pemetrexed with bevacizumab to treat advanced lung adenocarcinoma with different drive genes: case report and literature review.	OncoTargets and therapy	2016	27555784	10.2147/OTT.S101241	PMC4968850	https://doi.org/10.2147/OTT.S101241		wang_2016_pmid27555784.xml	pemetrexed;cisplatin;egfr_tki;alk_met;antiangiogenic;nsclc	fulltext_xml
antiangiogenic	clinical_landmark	Kozuki et al.	Feasibility study of first-line chemotherapy using Pemetrexed and Bevacizumab for advanced or recurrent nonsquamous non-small cell lung cancer in elderly patients: TORG1015.	BMC cancer	2016	27177035	10.1186/s12885-016-2338-6	PMC4866483	https://doi.org/10.1186/s12885-016-2338-6		kozuki_2016_pmid27177035.xml	pemetrexed;antiangiogenic;radiosensitization;nsclc	fulltext_xml
antiangiogenic	preclinical_synergy	Cioce et al.	Butein impairs the protumorigenic activity of malignant pleural mesothelioma cells.	Cell cycle (Georgetown, Tex.)	2012	22185775	10.4161/cc.11.1.18474		https://doi.org/10.4161/cc.11.1.18474			pemetrexed;antiangiogenic;mesothelioma;preclinical;resistance	metadata_only
antiangiogenic	clinical_landmark	Jardim et al.	Bevacizumab as first-line therapy in advanced non-small-cell lung cancer: a brazilian center experience.	Drugs in R&D	2012	23199211	10.2165/11636760-000000000-00000	PMC3585834	https://doi.org/10.2165/11636760-000000000-00000		jardim_2012_pmid23199211.xml	pemetrexed;carboplatin;antiangiogenic;nsclc	fulltext_xml
antiangiogenic	preclinical_synergy	Bareford et al.	Sorafenib enhances pemetrexed cytotoxicity through an autophagy-dependent mechanism in cancer cells.	Cancer research	2011	21622715	10.1158/0008-5472.CAN-11-0898	PMC3139015	https://doi.org/10.1158/0008-5472.CAN-11-0898			pemetrexed;antiangiogenic;mtor_pi3k;bcl2_apoptosis;autophagy;folate_pathway;nsclc;preclinical	metadata_only
antiangiogenic	preclinical_synergy	Argiris et al.	Phase II trial of pemetrexed and bevacizumab in patients with recurrent or metastatic head and neck cancer.	Journal of clinical oncology : official journal of the American Society of Clinical Oncology	2011	21343546	10.1200/JCO.2010.33.3591	PMC3083869	https://doi.org/10.1200/JCO.2010.33.3591			pemetrexed;antiangiogenic;thymidylate_synthase;folate_pathway;clinical_trial	metadata_only
antiangiogenic	preclinical_synergy	Giovannetti et al.	Pharmacological aspects of the enzastaurin-pemetrexed combination in non-small cell lung cancer (NSCLC).	Current drug targets	2010	19839931	10.2174/138945010790031009		https://doi.org/10.2174/138945010790031009			pemetrexed;antiangiogenic;mtor_pi3k;bcl2_apoptosis;thymidylate_synthase;folate_pathway;nsclc;preclinical	metadata_only
antiangiogenic	preclinical_synergy	Tekle et al.	Molecular pathways involved in the synergistic interaction of the PKC beta inhibitor enzastaurin with the antifolate pemetrexed in non-small cell lung cancer cells.	British journal of cancer	2008	18728666	10.1038/sj.bjc.6604566	PMC2528136	https://doi.org/10.1038/sj.bjc.6604566		tekle_2008_pmid18728666.xml	pemetrexed;antiangiogenic;mtor_pi3k;mapk;bcl2_apoptosis;thymidylate_synthase;folate_pathway;nsclc;preclinical	fulltext_xml
antiangiogenic	preclinical_synergy	Huber et al.	Trimodal cancer treatment: beneficial effects of combined antiangiogenesis, radiation, and chemotherapy.	Cancer research	2005	15867359	10.1158/0008-5472.CAN-04-1668		https://doi.org/10.1158/0008-5472.CAN-04-1668			pemetrexed;mtor_pi3k;bcl2_apoptosis;folate_pathway;radiosensitization;preclinical	metadata_only
antiangiogenic	preclinical_synergy	Kindler et al.	The role of gemcitabine in the treatment of malignant mesothelioma.	Seminars in oncology	2002	11836671	10.1053/sonc.2002.30232		https://doi.org/10.1053/sonc.2002.30232			pemetrexed;cisplatin;carboplatin;antiangiogenic;mesothelioma;clinical_trial;preclinical	metadata_only
egfr_tki	preclinical_synergy	Hu et al.	A Mechanistic Pharmacokinetic/Pharmacodynamic Model for Sequence-Dependent Synergy in Pemetrexed-Osimertinib Combinations Against Non-Small Cell Lung Cancer (NSCLC): Translational Insights.	Pharmaceutics	2026	42076061	10.3390/pharmaceutics18040408	PMC13118741	https://doi.org/10.3390/pharmaceutics18040408		hu_2026_pmid42076061.xml	pemetrexed;egfr_tki;parp_ddr;mapk;bcl2_apoptosis;folate_pathway;nsclc;preclinical	fulltext_xml
egfr_tki	clinical_landmark	Gray et al.	Patient-Reported Outcomes in FLAURA2: Osimertinib with or without Chemotherapy in Patients with Previously Untreated EGFR-Mutated Advanced Non-Small Cell Lung Cancer.	Clinical cancer research : an official journal of the American Association for Cancer Research	2026	41801128	10.1158/1078-0432.CCR-25-3431	PMC13223547	https://doi.org/10.1158/1078-0432.CCR-25-3431		gray_2026_pmid41801128.xml	pemetrexed;egfr_tki;nsclc	fulltext_xml
egfr_tki	preclinical_synergy	Hu et al.	Pharmacodynamic-Driven Sequence-Dependent Synergy Effects in Pemetrexed-Osimertinib Combination Against Non-Small Cell Lung Cancer (NSCLC): Optimizing Synergy Through Sequential Interval.	Pharmaceutics	2025	40871064	10.3390/pharmaceutics17081044	PMC12389513	https://doi.org/10.3390/pharmaceutics17081044		hu_2025_pmid40871064.xml	pemetrexed;egfr_tki;parp_ddr;mapk;bcl2_apoptosis;thymidylate_synthase;nsclc;clinical_trial;preclinical	fulltext_xml
egfr_tki	clinical_landmark	Yang et al.	What is the best first-line combination regimen for advanced EGFR-mutated non-small cell lung cancer: a network meta-analysis and systemic review.	Frontiers in pharmacology	2025	40860888	10.3389/fphar.2025.1572115	PMC12375486	https://doi.org/10.3389/fphar.2025.1572115		yang_2025_pmid40860888.xml	pemetrexed;egfr_tki;antiangiogenic;nsclc;clinical_trial;resistance	fulltext_xml
egfr_tki	clinical_landmark	Kanda et al.	Randomized Phase III Study of EGFR Tyrosine Kinase Inhibitor and Intercalated Platinum-Doublet Chemotherapy for Non-Small Cell Lung Cancer Harboring EGFR Mutation.	Clinical cancer research : an official journal of the American Association for Cancer Research	2025	40162917	10.1158/1078-0432.CCR-24-3532	PMC12163600	https://doi.org/10.1158/1078-0432.CCR-24-3532		kanda_2025_pmid40162917.xml	pemetrexed;cisplatin;egfr_tki;nsclc;clinical_trial	fulltext_xml
egfr_tki	clinical_landmark	Li et al.	Aumolertinib plus chemotherapy as first-line treatment for advanced NSCLC with EGFR exon 19 deletion or exon 21 L858R: a phase II trial.	The oncologist	2025	40088185	10.1093/oncolo/oyae336	PMC11909725	https://doi.org/10.1093/oncolo/oyae336		li_2025_pmid40088185.xml	pemetrexed;carboplatin;egfr_tki;nsclc;clinical_trial	fulltext_xml
egfr_tki	preclinical_synergy	Chen et al.	Pemetrexed induces ROS generation and cellular senescence by attenuating TS-mediated thymidylate metabolism to reverse gefitinib resistance in NSCLC.	Journal of cellular and molecular medicine	2023	37278440	10.1111/jcmm.17799	PMC10339075	https://doi.org/10.1111/jcmm.17799		chen_2023_pmid37278440.xml	pemetrexed;egfr_tki;parp_ddr;nsclc;resistance	fulltext_xml
egfr_tki	clinical_landmark	Zhu et al.	Front-line therapy for brain metastases and non-brain metastases in advanced epidermal growth factor receptor-mutated non-small cell lung cancer: a network meta-analysis.	Chinese medical journal	2023	37160733	10.1097/CM9.0000000000002468	PMC10617931	https://doi.org/10.1097/CM9.0000000000002468		zhu_2023_pmid37160733.xml	pemetrexed;egfr_tki;antiangiogenic;nsclc;clinical_trial	fulltext_xml
egfr_tki	preclinical_synergy	Takano et al.	A Novel Molecular Target in EGFR-mutant Lung Cancer Treated With the Combination of Osimertinib and Pemetrexed.	Anticancer research	2022	35093869	10.21873/anticanres.15529		https://doi.org/10.21873/anticanres.15529			pemetrexed;egfr_tki;bcl2_apoptosis;preclinical;resistance	metadata_only
egfr_tki	clinical_landmark	Chan et al.	Overall Survival Benefits of First-Line Treatments for Asian Patients With Advanced EGFR-Mutated NSCLC Harboring L858R Mutation: A Systematic Review and Network Meta-Analysis.	JTO clinical and research reports	2022	35516725	10.1016/j.jtocrr.2022.100322	PMC9065903	https://doi.org/10.1016/j.jtocrr.2022.100322		chan_2022_pmid35516725.xml	pemetrexed;egfr_tki;antiangiogenic;nsclc;clinical_trial;resistance	fulltext_xml
egfr_tki	clinical_landmark	Wang et al.	The efficacy and tolerability of combining pemetrexed-based chemotherapy with gefitinib in the first-line treatment of non-small cell lung cancer with mutated EGFR: A pooled analysis of randomized clinical trials.	PloS one	2022	36215289	10.1371/journal.pone.0275919	PMC9550038	https://doi.org/10.1371/journal.pone.0275919		wang_2022_pmid36215289.xml	pemetrexed;egfr_tki;nsclc;clinical_trial	fulltext_xml
egfr_tki	clinical_landmark	Guan et al.	Cost-Effectiveness of 12 First-Line Treatments for Patients With Advanced EGFR Mutated NSCLC in the United Kingdom and China.	Frontiers in oncology	2022	35785198	10.3389/fonc.2022.819674	PMC9241581	https://doi.org/10.3389/fonc.2022.819674		guan_2022_pmid35785198.xml	pemetrexed;egfr_tki;nsclc	fulltext_xml
egfr_tki	preclinical_synergy	Wu et al.	Induction of Apoptosis and Inhibition of EGFR/NF-κB Signaling Are Associated With Regorafenib-sensitized Non-small Cell Lung Cancer to Cisplatin.	In vivo (Athens, Greece)	2021	34410944	10.21873/invivo.12539	PMC8408713	https://doi.org/10.21873/invivo.12539			pemetrexed;cisplatin;egfr_tki;bcl2_apoptosis;nsclc	metadata_only
egfr_tki	clinical_landmark	You et al.	EGFR mutation-guided use of afatinib, erlotinib and gefitinib for advanced non-small-cell lung cancer in Hong Kong - A cost-effectiveness analysis.	PloS one	2021	33647045	10.1371/journal.pone.0247860	PMC7920377	https://doi.org/10.1371/journal.pone.0247860		you_2021_pmid33647045.xml	pemetrexed;cisplatin;egfr_tki;nsclc	fulltext_xml
egfr_tki	preclinical_synergy	Lou et al.	Chemotherapy Plus EGFR-TKI as First-Line Treatment Provides Better Survival for Advanced EGFR-Positive Lung Adenocarcinoma Patients: Updated Data and Exploratory In Vitro Study.	Targeted oncology	2020	32170554	10.1007/s11523-020-00708-y		https://doi.org/10.1007/s11523-020-00708-y			pemetrexed;carboplatin;egfr_tki;mtor_pi3k;nsclc;preclinical	metadata_only
egfr_tki	clinical_landmark	Brat et al.	Real-life effectiveness of first-line anticancer treatments in stage IIIB/IV NSCLC patients: Data from the Czech TULUNG Registry.	Thoracic cancer	2020	33016001	10.1111/1759-7714.13679	PMC7606010	https://doi.org/10.1111/1759-7714.13679		brat_2020_pmid33016001.xml	pemetrexed;egfr_tki;antiangiogenic;nsclc	fulltext_xml
egfr_tki	preclinical_synergy	Giordano et al.	p65BTK is a novel potential actionable target in KRAS-mutated/EGFR-wild type lung adenocarcinoma.	Journal of experimental & clinical cancer research : CR	2019	31200752	10.1186/s13046-019-1199-7	PMC6570906	https://doi.org/10.1186/s13046-019-1199-7		giordano_2019_pmid31200752.xml	pemetrexed;cisplatin;egfr_tki;alk_met;mapk;nsclc;preclinical;resistance	fulltext_xml
egfr_tki	preclinical_synergy	Liu et al.	Sequence-dependent synergistic cytotoxicity of icotinib and pemetrexed in human lung cancer cell lines in vitro and in vivo.	Journal of experimental & clinical cancer research : CR	2019	30953548	10.1186/s13046-019-1133-z	PMC6451286	https://doi.org/10.1186/s13046-019-1133-z		liu_2019_pmid30953548.xml	pemetrexed;egfr_tki;mtor_pi3k;bcl2_apoptosis;nsclc;preclinical	fulltext_xml
egfr_tki	preclinical_synergy	Booth et al.	Fingolimod augments Pemetrexed killing of non-small cell lung cancer and overcomes resistance to ERBB inhibition.	Cancer biology & therapy	2019	30388910	10.1080/15384047.2018.1538616	PMC6605998	https://doi.org/10.1080/15384047.2018.1538616			pemetrexed;egfr_tki;mtor_pi3k;mapk;autophagy;nsclc;preclinical;resistance	metadata_only
egfr_tki	preclinical_synergy	Bradbury et al.	Canadian Cancer Trials Group (CCTG) IND211: A randomized trial of pelareorep (Reolysin) in patients with previously treated advanced or metastatic non-small cell lung cancer receiving standard salvage therapy.	Lung cancer (Amsterdam, Netherlands)	2018	29748010	10.1016/j.lungcan.2018.03.005		https://doi.org/10.1016/j.lungcan.2018.03.005			pemetrexed;egfr_tki;mapk;nsclc;clinical_trial;preclinical	metadata_only
egfr_tki	preclinical_synergy	Yang et al.	A Review of Regimens Combining Pemetrexed With an Epidermal Growth Factor Receptor Tyrosine Kinase Inhibitor in the Treatment of Advanced Nonsquamous Non-Small-Cell Lung Cancer.	Clinical lung cancer	2018	28743421	10.1016/j.cllc.2017.06.013		https://doi.org/10.1016/j.cllc.2017.06.013			pemetrexed;egfr_tki;nsclc;preclinical	metadata_only
egfr_tki	clinical_landmark	Graham et al.	Budget Impact Analysis of Afatinib for First-Line Treatment of Patients with Metastatic Non-Small Cell Lung Cancer with Epidermal Growth Factor Receptor Exon 19 Deletions or Exon 21 Substitution Mutations in a U.S. Health Plan.	Journal of managed care & specialty pharmacy	2018	29799327	10.18553/jmcp.2018.24.6.544	PMC10397768	https://doi.org/10.18553/jmcp.2018.24.6.544			pemetrexed;cisplatin;egfr_tki;nsclc	metadata_only
egfr_tki	clinical_landmark	Tan et al.	Cost effectiveness analysis of afatinib versus pemetrexed-cisplatin for first-line treatment of locally advanced or metastatic EGFR mutation positive non-small-cell lung cancer from the Singapore healthcare payer's perspective.	BMC cancer	2018	29587666	10.1186/s12885-018-4223-y	PMC5872570	https://doi.org/10.1186/s12885-018-4223-y		tan_2018_pmid29587666.xml	pemetrexed;cisplatin;egfr_tki;nsclc	fulltext_xml
egfr_tki	preclinical_synergy	Feng et al.	Sequentially administrated of pemetrexed with icotinib/erlotinib in lung adenocarcinoma cell lines in vitro.	Oncotarget	2017	29371987	10.18632/oncotarget.23224	PMC5768404	https://doi.org/10.18632/oncotarget.23224		feng_2017_pmid29371987.xml	pemetrexed;egfr_tki;bcl2_apoptosis;nsclc;clinical_trial;preclinical	fulltext_xml
egfr_tki	preclinical_synergy	Yang et al.	Erlotinib intercalating pemetrexed/cisplatin versus erlotinib alone in Chinese patients with brain metastases from lung adenocarcinoma: a prospective, non-randomised, concurrent controlled trial (NCT01578668).	ESMO open	2017	29147576	10.1136/esmoopen-2016-000112	PMC5682358	https://doi.org/10.1136/esmoopen-2016-000112		yang_2017_pmid29147576.xml	pemetrexed;cisplatin;egfr_tki;nsclc;clinical_trial;preclinical	fulltext_xml
egfr_tki	preclinical_synergy	Li et al.	Randomized Phase 2 Trial of Pharmacodynamic Separation of Pemetrexed and Intercalated Erlotinib Versus Pemetrexed Alone for Advanced Nonsquamous, Non-small-cell Lung Cancer.	Clinical lung cancer	2017	27919627	10.1016/j.cllc.2016.10.003	PMC5497702	https://doi.org/10.1016/j.cllc.2016.10.003			pemetrexed;egfr_tki;mapk;nsclc;clinical_trial;preclinical;resistance	metadata_only
egfr_tki	clinical_landmark	Zhou et al.	A multicenter survey of first-line treatment patterns and gene aberration test status of patients with unresectable Stage IIIB/IV nonsquamous non-small cell lung cancer in China (CTONG 1506).	BMC cancer	2017	28673332	10.1186/s12885-017-3451-x	PMC5496179	https://doi.org/10.1186/s12885-017-3451-x		zhou_2017_pmid28673332.xml	pemetrexed;egfr_tki;nsclc	fulltext_xml
egfr_tki	clinical_landmark	Lu et al.	Cost-effectiveness of gefitinib, icotinib, and pemetrexed-based chemotherapy as first-line treatments for advanced non-small cell lung cancer in China.	Oncotarget	2017	28036283	10.18632/oncotarget.14310	PMC5354787	https://doi.org/10.18632/oncotarget.14310		lu_2017_pmid28036283.xml	pemetrexed;cisplatin;egfr_tki;nsclc	fulltext_xml
egfr_tki	clinical_landmark	Huang et al.	Epidermal growth factor receptor (EGFR)-tyrosine kinase inhibitors combined with chemotherapy in first-line treatment in an advanced non-small cell lung cancer patient with EGFR sensitive mutation.	Thoracic cancer	2016	27766772	10.1111/1759-7714.12364	PMC5193016	https://doi.org/10.1111/1759-7714.12364		huang_2016_pmid27766772.xml	pemetrexed;cisplatin;egfr_tki;nsclc	fulltext_xml
egfr_tki	preclinical_synergy	Yoshimura et al.	Phase II study of a combination regimen of gefitinib and pemetrexed as first-line treatment in patients with advanced non-small cell lung cancer harboring a sensitive EGFR mutation.	Lung cancer (Amsterdam, Netherlands)	2015	26238424	10.1016/j.lungcan.2015.06.002		https://doi.org/10.1016/j.lungcan.2015.06.002			pemetrexed;egfr_tki;mapk;nsclc;clinical_trial;preclinical	metadata_only
egfr_tki	preclinical_synergy	McKenzie et al.	In vitro screen of a small molecule inhibitor drug library identifies multiple compounds that synergize with oncolytic myxoma virus against human brain tumor-initiating cells.	Neuro-oncology	2015	25605818	10.1093/neuonc/nou359	PMC4490869	https://doi.org/10.1093/neuonc/nou359			pemetrexed;egfr_tki;antiangiogenic;folate_pathway;preclinical	metadata_only
egfr_tki	preclinical_synergy	Yang et al.	Erlotinib in combination with pemetrexed/cisplatin for leptomeningeal metastases and cerebrospinal fluid drug concentrations in lung adenocarcinoma patients after gefitinib faliure.	Targeted oncology	2015	24985049	10.1007/s11523-014-0326-9		https://doi.org/10.1007/s11523-014-0326-9			pemetrexed;cisplatin;egfr_tki;nsclc;preclinical;resistance	metadata_only
egfr_tki	clinical_landmark	Gentzler et al.	Complex decisions for first-line and maintenance treatment of advanced wild-type non-small cell lung cancer.	The oncologist	2015	25660158	10.1634/theoncologist.2014-0212	PMC4350796	https://doi.org/10.1634/theoncologist.2014-0212			pemetrexed;egfr_tki;antiangiogenic;nsclc	metadata_only
egfr_tki	preclinical_synergy	Chu et al.	A phase I, dose-escalation trial of continuous- and pulsed-dose afatinib combined with pemetrexed in patients with advanced solid tumors.	Investigational new drugs	2014	25037863	10.1007/s10637-014-0139-9		https://doi.org/10.1007/s10637-014-0139-9			pemetrexed;egfr_tki;mapk;clinical_trial;preclinical	metadata_only
egfr_tki	preclinical_synergy	Wang et al.	Icotinib antagonizes ABCG2-mediated multidrug resistance, but not the pemetrexed resistance mediated by thymidylate synthase and ABCG2.	Oncotarget	2014	24980828	10.18632/oncotarget.2102	PMC4147343	https://doi.org/10.18632/oncotarget.2102		wang_2014_pmid24980828.xml	pemetrexed;egfr_tki;mtor_pi3k;thymidylate_synthase;nsclc;preclinical;resistance	fulltext_xml
egfr_tki	preclinical_synergy	Wu et al.	Combined gefitinib and pemetrexed overcome the acquired resistance to epidermal growth factor receptor tyrosine kinase inhibitors in non-small cell lung cancer.	Molecular medicine reports	2014	24840891	10.3892/mmr.2014.2243		https://doi.org/10.3892/mmr.2014.2243			pemetrexed;egfr_tki;mtor_pi3k;mapk;bcl2_apoptosis;nsclc;preclinical;resistance	metadata_only
egfr_tki	preclinical_synergy	Zhang et al.	Erlotinib with pemetrexed/cisplatin for patients with EGFR wild-type lung adenocarcinoma with brain metastases.	Molecular and clinical oncology	2014	24772316	10.3892/mco.2014.256	PMC3999131	https://doi.org/10.3892/mco.2014.256			pemetrexed;cisplatin;egfr_tki;nsclc;preclinical	metadata_only
egfr_tki	preclinical_synergy	Ito et al.	Synergistic cell growth inhibition by the combination of amrubicin and Akt-suppressing agents in K-ras mutation-harboring lung adenocarcinoma cells: implication of EGFR tyrosine kinase inhibitors.	International journal of oncology	2014	24399305	10.3892/ijo.2014.2249		https://doi.org/10.3892/ijo.2014.2249			pemetrexed;cisplatin;egfr_tki;mtor_pi3k;mapk;nsclc;preclinical	metadata_only
egfr_tki	preclinical_synergy	Kim et al.	Phase II study of pemetrexed and erlotinib in pretreated nonsquamous, non-small-cell lung cancer patients without an EGFR mutation.	Chemotherapy	2013	25034625	10.1159/000363731		https://doi.org/10.1159/000363731			pemetrexed;egfr_tki;nsclc;clinical_trial;preclinical	metadata_only
egfr_tki	preclinical_synergy	Tsai et al.	Combined epidermal growth factor receptor (EGFR)-tyrosine kinase inhibitor and chemotherapy in non-small-cell lung cancer: chemo-refractoriness of cells harboring sensitizing-EGFR mutations in the presence of gefitinib.	Lung cancer (Amsterdam, Netherlands)	2013	24055492	10.1016/j.lungcan.2013.08.028		https://doi.org/10.1016/j.lungcan.2013.08.028			pemetrexed;cisplatin;egfr_tki;mapk;nsclc;preclinical;resistance	metadata_only
egfr_tki	preclinical_synergy	Aerts et al.	A randomized phase II study comparing erlotinib versus erlotinib with alternating chemotherapy in relapsed non-small-cell lung cancer patients: the NVALT-10 study.	Annals of oncology : official journal of the European Society for Medical Oncology	2013	23986090	10.1093/annonc/mdt341		https://doi.org/10.1093/annonc/mdt341			pemetrexed;egfr_tki;mapk;nsclc;clinical_trial;preclinical	metadata_only
egfr_tki	preclinical_synergy	Zhang et al.	Effects of pemetrexed, gefitinib, and their combination on human colorectal cancer cells.	Cancer chemotherapy and pharmacology	2013	23959460	10.1007/s00280-013-2251-5		https://doi.org/10.1007/s00280-013-2251-5			pemetrexed;egfr_tki;mtor_pi3k;mapk;bcl2_apoptosis;thymidylate_synthase;preclinical	metadata_only
egfr_tki	preclinical_synergy	Jiang et al.	The inhibition of the pemetrexed-activated MAPK pathway via sorafenib is involved in the synergistic mechanism of sorafenib subsequent potentiation of pemetrexed cytotoxicity in EGFR TKI-resistant cell lines.	Clinical laboratory	2012	22783588			https://pubmed.ncbi.nlm.nih.gov/22783588/			pemetrexed;egfr_tki;mapk;nsclc;preclinical;resistance	metadata_only
egfr_tki	preclinical_synergy	Swami et al.	Eribulin -- a review of preclinical and clinical studies.	Critical reviews in oncology/hematology	2012	21493087	10.1016/j.critrevonc.2011.03.002	PMC3954568	https://doi.org/10.1016/j.critrevonc.2011.03.002			pemetrexed;cisplatin;carboplatin;egfr_tki;mapk;nsclc;clinical_trial;preclinical	metadata_only
egfr_tki	preclinical_synergy	Petrelli et al.	Biological agents alone or in combination as second-line therapy in advanced non-small-cell lung cancer: systematic review of randomized studies.	Expert review of anticancer therapy	2012	23176618	10.1586/era.12.110		https://doi.org/10.1586/era.12.110			pemetrexed;egfr_tki;alk_met;clinical_trial;resistance	metadata_only
egfr_tki	preclinical_synergy	Wang et al.	Schedule-dependent cytotoxic synergism of pemetrexed and erlotinib in BXPC-3 and PANC-1 human pancreatic cancer cells.	Experimental and therapeutic medicine	2011	22977607	10.3892/etm.2011.293	PMC3440689	https://doi.org/10.3892/etm.2011.293			pemetrexed;egfr_tki;alk_met;mtor_pi3k;mapk;preclinical	metadata_only
egfr_tki	preclinical_synergy	Giovannetti et al.	Preclinical emergence of vandetanib as a potent antitumour agent in mesothelioma: molecular mechanisms underlying its synergistic interaction with pemetrexed and carboplatin.	British journal of cancer	2011	21970874	10.1038/bjc.2011.400	PMC3242521	https://doi.org/10.1038/bjc.2011.400		giovannetti_2011_pmid21970874.xml	pemetrexed;carboplatin;egfr_tki;parp_ddr;mtor_pi3k;mapk;bcl2_apoptosis;thymidylate_synthase;mesothelioma;preclinical	fulltext_xml
egfr_tki	preclinical_synergy	Takezawa et al.	Enhanced anticancer effect of the combination of BIBW2992 and thymidylate synthase-targeted agents in non-small cell lung cancer with the T790M mutation of epidermal growth factor receptor.	Molecular cancer therapeutics	2010	20530710	10.1158/1535-7163.MCT-09-1009		https://doi.org/10.1158/1535-7163.MCT-09-1009			pemetrexed;egfr_tki;thymidylate_synthase;nsclc;preclinical;resistance	metadata_only
egfr_tki	preclinical_synergy	Ranson et al.	Erlotinib in combination with pemetrexed for patients with advanced non-small-cell lung cancer (NSCLC): a phase I dose-finding study.	Annals of oncology : official journal of the European Society for Medical Oncology	2010	20444843	10.1093/annonc/mdq246		https://doi.org/10.1093/annonc/mdq246			pemetrexed;egfr_tki;mapk;nsclc;clinical_trial;preclinical	metadata_only
egfr_tki	preclinical_synergy	Giovannetti et al.	Molecular mechanisms underlying the synergistic interaction of erlotinib, an epidermal growth factor receptor tyrosine kinase inhibitor, with the multitargeted antifolate pemetrexed in non-small-cell lung cancer cells.	Molecular pharmacology	2008	18187583	10.1124/mol.107.042382		https://doi.org/10.1124/mol.107.042382			pemetrexed;egfr_tki;mtor_pi3k;mapk;bcl2_apoptosis;thymidylate_synthase;folate_pathway;nsclc;preclinical	metadata_only
egfr_tki	preclinical_synergy	Cabebe et al.	Role of anti-angiogenesis agents in treating NSCLC: focus on bevacizumab and VEGFR tyrosine kinase inhibitors.	Current treatment options in oncology	2007	17634832	10.1007/s11864-007-0022-4		https://doi.org/10.1007/s11864-007-0022-4			pemetrexed;carboplatin;egfr_tki;antiangiogenic;mapk;nsclc;clinical_trial;preclinical	metadata_only
egfr_tki	preclinical_synergy	Li et al.	Schedule-dependent cytotoxic synergism of pemetrexed and erlotinib in human non-small cell lung cancer cells.	Clinical cancer research : an official journal of the American Association for Cancer Research	2007	17545550	10.1158/1078-0432.CCR-06-2923		https://doi.org/10.1158/1078-0432.CCR-06-2923			pemetrexed;egfr_tki;mtor_pi3k;mapk;bcl2_apoptosis;nsclc;clinical_trial;preclinical;resistance	metadata_only
alk_ros1_met_tki	clinical_landmark	Waliany et al.	Efficacy and Safety of Continuing Next-Generation ALK TKIs With Chemotherapy for Advanced ALK-Positive NSCLC: A Multicenter Retrospective Study.	Journal of the National Comprehensive Cancer Network : JNCCN	2025	41671458	10.6004/jnccn.2025.7071	PMC13062745	https://doi.org/10.6004/jnccn.2025.7071			pemetrexed;alk_met;nsclc	metadata_only
alk_ros1_met_tki	preclinical_synergy	Luukkainen et al.	ALK Inhibitor and Chemotherapy Combinations in Models of ALK-Translocated NSCLC.	Anticancer research	2024	38925827	10.21873/anticanres.17092		https://doi.org/10.21873/anticanres.17092			pemetrexed;cisplatin;alk_met;bcl2_apoptosis;nsclc;clinical_trial;preclinical;resistance	metadata_only
alk_ros1_met_tki	preclinical_synergy	Booth et al.	Cellular responses after (neratinib plus pemetrexed) exposure in NSCLC cells.	Anti-cancer drugs	2023	37703296	10.1097/CAD.0000000000001442		https://doi.org/10.1097/CAD.0000000000001442			pemetrexed;alk_met;mtor_pi3k;mapk;nsclc;preclinical;resistance	metadata_only
alk_ros1_met_tki	clinical_landmark	Zhou et al.	Interim survival analysis of the randomized phase III GEMSTONE-302 trial: sugemalimab or placebo plus chemotherapy as first-line treatment for metastatic NSCLC.	Nature cancer	2023	37322367	10.1038/s43018-023-00578-z		https://doi.org/10.1038/s43018-023-00578-z			pemetrexed;egfr_tki;alk_met;nsclc;clinical_trial	metadata_only
alk_ros1_met_tki	preclinical_synergy	Yang et al.	Identification of Novel Alectinib-Resistant ALK Mutation G1202K with Sensitization to Lorlatinib: A Case Report and in silico Structural Modelling.	OncoTargets and therapy	2021	33790576	10.2147/OTT.S293901	PMC8007639	https://doi.org/10.2147/OTT.S293901		yang_2021_pmid33790576.xml	pemetrexed;cisplatin;alk_met;antiangiogenic;nsclc;resistance	fulltext_xml
alk_ros1_met_tki	clinical_landmark	Claxton et al.	Ceritinib for Untreated Anaplastic Lymphoma Kinase-Positive Advanced Non-Small-Cell Lung Cancer: An Evidence Review Group Evaluation of a NICE Single Technology Appraisal.	PharmacoEconomics	2019	30298279	10.1007/s40273-018-0720-8		https://doi.org/10.1007/s40273-018-0720-8			pemetrexed;cisplatin;alk_met;nsclc;clinical_trial	metadata_only
alk_ros1_met_tki	preclinical_synergy	Sosa Iglesias et al.	Synergistic Effects of NOTCH/γ-Secretase Inhibition and Standard of Care Treatment Modalities in Non-small Cell Lung Cancer Cells.	Frontiers in oncology	2018	30464927	10.3389/fonc.2018.00460	PMC6234899	https://doi.org/10.3389/fonc.2018.00460		sosa_2018_pmid30464927.xml	pemetrexed;cisplatin;alk_met;radiosensitization;nsclc;preclinical;resistance	fulltext_xml
alk_ros1_met_tki	preclinical_synergy	Leon et al.	Synergistic activity of the c-Met and tubulin inhibitor tivantinib (ARQ197) with pemetrexed in mesothelioma cells.	Current drug targets	2014	25483224	10.2174/1389450116666141205160924		https://doi.org/10.2174/1389450116666141205160924			pemetrexed;alk_met;thymidylate_synthase;mesothelioma;preclinical	metadata_only
alk_ros1_met_tki	clinical_landmark	Solomon et al.	First-line crizotinib versus chemotherapy in ALK-positive lung cancer.	The New England journal of medicine	2014	25470694	10.1056/NEJMoa1408440		https://doi.org/10.1056/NEJMoa1408440			pemetrexed;cisplatin;carboplatin;alk_met;nsclc;clinical_trial	metadata_only
ddr_inhibitor	preclinical_synergy	Kulkarni et al.	Efficient activity of uracil DNA glycosylase (UNG2) in proliferating cells requires binding to proliferating cell nuclear antigen (PCNA) and replication protein A (RPA).	DNA repair	2026	41468733	10.1016/j.dnarep.2025.103918	PMC13292882	https://doi.org/10.1016/j.dnarep.2025.103918		kulkarni_2026_pmid41468733.xml	pemetrexed;parp_ddr	fulltext_xml
ddr_inhibitor	preclinical_synergy	Johnson et al.	Two Phase II Trials of Adavosertib, a Wee1 Inhibitor with Docetaxel or Carboplatin plus Pemetrexed in Non-small-cell Lung Cancer.	Targeted oncology	2025	41212474	10.1007/s11523-025-01177-x	PMC12669328	https://doi.org/10.1007/s11523-025-01177-x		johnson_2025_pmid41212474.xml	pemetrexed;carboplatin;parp_ddr;nsclc;clinical_trial	fulltext_xml
ddr_inhibitor	preclinical_synergy	Iveland et al.	Cytotoxic mechanisms of pemetrexed and HDAC inhibition in non-small cell lung cancer cells involving ribonucleotides in DNA.	Scientific reports	2025	39814799	10.1038/s41598-025-86007-w	PMC11736037	https://doi.org/10.1038/s41598-025-86007-w		iveland_2025_pmid39814799.xml	pemetrexed;parp_ddr;hdac;thymidylate_synthase;folate_pathway;nsclc	fulltext_xml
ddr_inhibitor	preclinical_synergy	Chen et al.	Synergistic effects of MK-1775 and gemcitabine on cytotoxicity in non-small cell lung cancer.	Heliyon	2024	39605823	10.1016/j.heliyon.2024.e40299	PMC11600051	https://doi.org/10.1016/j.heliyon.2024.e40299		chen_2024_pmid39605823.xml	pemetrexed;parp_ddr;bcl2_apoptosis;nsclc;preclinical	fulltext_xml
ddr_inhibitor	preclinical_synergy	Li et al.	Survivin degradation by bergenin overcomes pemetrexed resistance.	Cellular oncology (Dordrecht, Netherlands)	2023	37542022	10.1007/s13402-023-00850-5	PMC12974698	https://doi.org/10.1007/s13402-023-00850-5			pemetrexed;parp_ddr;mtor_pi3k;bcl2_apoptosis;nsclc;preclinical;resistance	metadata_only
ddr_inhibitor	preclinical_synergy	Ko et al.	Nitroglycerin-induced downregulation of AKT- and ERK1/2-mediated radiation-sensitive 52 expression to enhance pemetrexed-induced cytotoxicity in human lung cancer cells.	Toxicology research	2022	35510237	10.1093/toxres/tfac013	PMC9052323	https://doi.org/10.1093/toxres/tfac013			pemetrexed;parp_ddr;mtor_pi3k;mapk;folate_pathway;nsclc;preclinical	metadata_only
ddr_inhibitor	clinical_landmark	Govindan et al.	Veliparib Plus Carboplatin and Paclitaxel Versus Investigator's Choice of Standard Chemotherapy in Patients With Advanced Non-Squamous Non-Small Cell Lung Cancer.	Clinical lung cancer	2022	35331641	10.1016/j.cllc.2022.01.005		https://doi.org/10.1016/j.cllc.2022.01.005			pemetrexed;carboplatin;parp_ddr;nsclc;clinical_trial	metadata_only
ddr_inhibitor	preclinical_synergy	Mumblat et al.	Tumor Treating Fields (TTFields) downregulate the Fanconi Anemia-BRCA pathway and increase the efficacy of chemotherapy in malignant pleural mesothelioma preclinical models.	Lung cancer (Amsterdam, Netherlands)	2021	34482104	10.1016/j.lungcan.2021.08.011		https://doi.org/10.1016/j.lungcan.2021.08.011			pemetrexed;cisplatin;parp_ddr;mesothelioma;preclinical	metadata_only
ddr_inhibitor	preclinical_synergy	Xu et al.	CRISPR Screening Identifies WEE1 as a Combination Target for Standard Chemotherapy in Malignant Pleural Mesothelioma.	Molecular cancer therapeutics	2020	31694888	10.1158/1535-7163.MCT-19-0724		https://doi.org/10.1158/1535-7163.MCT-19-0724			pemetrexed;cisplatin;parp_ddr;bcl2_apoptosis;mesothelioma;preclinical;resistance	metadata_only
ddr_inhibitor	preclinical_synergy	Oleinick et al.	Radiosensitization of non-small-cell lung cancer cells and xenografts by the interactive effects of pemetrexed and methoxyamine.	Radiotherapy and oncology : journal of the European Society for Therapeutic Radiology and Oncology	2016	27838149	10.1016/j.radonc.2016.10.007		https://doi.org/10.1016/j.radonc.2016.10.007			pemetrexed;parp_ddr;folate_pathway;radiosensitization;nsclc;preclinical	metadata_only
ddr_inhibitor	preclinical_synergy	Dorn et al.	Schedule-dependent increased efficiency of pemetrexed-ionizing radiation combination therapy elicits a differential DNA damage response in lung cancer cells.	Cancer cell international	2016	27594806	10.1186/s12935-016-0346-x	PMC5010745	https://doi.org/10.1186/s12935-016-0346-x		dorn_2016_pmid27594806.xml	pemetrexed;parp_ddr;radiosensitization;nsclc	fulltext_xml
ddr_inhibitor	preclinical_synergy	Chan et al.	Synergy between the NAMPT inhibitor GMX1777(8) and pemetrexed in non-small cell lung cancer cells is mediated by PARP activation and enhanced NAD consumption.	Cancer research	2014	25145669	10.1158/0008-5472.CAN-14-0809		https://doi.org/10.1158/0008-5472.CAN-14-0809			pemetrexed;parp_ddr;mapk;folate_pathway;nsclc;preclinical	metadata_only
ddr_inhibitor	preclinical_synergy	Grabauskiene et al.	Checkpoint kinase 1 protein expression indicates sensitization to therapy by checkpoint kinase 1 inhibition in non-small cell lung cancer.	The Journal of surgical research	2014	24418519	10.1016/j.jss.2013.12.016	PMC4073630	https://doi.org/10.1016/j.jss.2013.12.016			pemetrexed;parp_ddr;radiosensitization;nsclc;preclinical;resistance	metadata_only
ddr_inhibitor	preclinical_synergy	Indovina et al.	Abrogating G₂/M checkpoint through WEE1 inhibition in combination with chemotherapy as a promising therapeutic approach for mesothelioma.	Cancer biology & therapy	2014	24365782	10.4161/cbt.27623	PMC3979815	https://doi.org/10.4161/cbt.27623			pemetrexed;cisplatin;parp_ddr;bcl2_apoptosis;mesothelioma;preclinical	metadata_only
ddr_inhibitor	preclinical_synergy	Grabauskiene et al.	CHK1 levels correlate with sensitization to pemetrexed by CHK1 inhibitors in non-small cell lung cancer cells.	Lung cancer (Amsterdam, Netherlands)	2013	24113549	10.1016/j.lungcan.2013.09.010	PMC4073640	https://doi.org/10.1016/j.lungcan.2013.09.010			pemetrexed;parp_ddr;nsclc;preclinical;resistance	metadata_only
ddr_inhibitor	preclinical_synergy	Chen et al.	Pemetrexed downregulates ERCC1 expression and enhances cytotoxicity effected by resveratrol in human nonsmall cell lung cancer cells.	Naunyn-Schmiedeberg's archives of pharmacology	2013	23912706	10.1007/s00210-013-0905-9		https://doi.org/10.1007/s00210-013-0905-9			pemetrexed;parp_ddr;folate_pathway;repurposed;nsclc;preclinical;resistance	metadata_only
ddr_inhibitor	preclinical_synergy	Rytelewski et al.	Inhibition of BRCA2 and Thymidylate Synthase Creates Multidrug Sensitive Tumor Cells via the Induction of Combined "Complementary Lethality".	Molecular therapy. Nucleic acids	2013	23481354	10.1038/mtna.2013.7	PMC3615817	https://doi.org/10.1038/mtna.2013.7		rytelewski_2013_pmid23481354.xml	pemetrexed;cisplatin;parp_ddr;thymidylate_synthase;preclinical	fulltext_xml
ddr_inhibitor	preclinical_synergy	Røe et al.	Molecular resistance fingerprint of pemetrexed and platinum in a long-term survivor of mesothelioma.	PloS one	2012	22905093	10.1371/journal.pone.0040521	PMC3414492	https://doi.org/10.1371/journal.pone.0040521		røe_2012_pmid22905093.xml	pemetrexed;carboplatin;parp_ddr;folate_pathway;mesothelioma;preclinical;resistance	fulltext_xml
ddr_inhibitor	preclinical_synergy	Wilson et al.	Constitutive and treatment-induced CXCL8-signalling selectively modulates the efficacy of anti-metabolite therapeutics in metastatic prostate cancer.	PloS one	2012	22590561	10.1371/journal.pone.0036545	PMC3348872	https://doi.org/10.1371/journal.pone.0036545		wilson_2012_pmid22590561.xml	pemetrexed;parp_ddr;mapk;bcl2_apoptosis;thymidylate_synthase;resistance	fulltext_xml
ddr_inhibitor	preclinical_synergy	Hirai et al.	MK-1775, a small molecule Wee1 inhibitor, enhances anti-tumor efficacy of various DNA-damaging agents, including 5-fluorouracil.	Cancer biology & therapy	2010	20107315	10.4161/cbt.9.7.11115		https://doi.org/10.4161/cbt.9.7.11115			pemetrexed;cisplatin;carboplatin;parp_ddr;clinical_trial;preclinical	metadata_only
ddr_inhibitor	preclinical_synergy	Nannizzi et al.	Cellular and molecular mechanisms for the synergistic cytotoxicity elicited by oxaliplatin and pemetrexed in colon cancer cell lines.	Cancer chemotherapy and pharmacology	2010	20020129	10.1007/s00280-009-1195-2	PMC2886085	https://doi.org/10.1007/s00280-009-1195-2		nannizzi_2010_pmid20020129.xml	pemetrexed;parp_ddr;mtor_pi3k;mapk;bcl2_apoptosis;thymidylate_synthase;folate_pathway;preclinical	fulltext_xml
ddr_inhibitor	preclinical_synergy	Min et al.	Caffeine markedly sensitizes human mesothelioma cell lines to pemetrexed.	Cancer chemotherapy and pharmacology	2008	17594092	10.1007/s00280-007-0539-z	PMC3885239	https://doi.org/10.1007/s00280-007-0539-z			pemetrexed;parp_ddr;folate_pathway;nsclc;mesothelioma;preclinical	metadata_only
ddr_inhibitor	preclinical_synergy	Giovannetti et al.	In vitro studies on gemcitabine combinations with other antiblastics.	Annals of oncology : official journal of the European Society for Medical Oncology	2006	16807450	10.1093/annonc/mdj943		https://doi.org/10.1093/annonc/mdj943			pemetrexed;cisplatin;parp_ddr;preclinical	metadata_only
ddr_inhibitor	preclinical_synergy	Kanzawa et al.	In vitro effects of combinations of cis-amminedichloro (2-methylpyridine) platinum (II) (ZD0473) with other novel anticancer drugs on the growth of SBC-3, a human small cell lung cancer cell line.	Lung cancer (Amsterdam, Netherlands)	2003	12781432	10.1016/s0169-5002(03)00072-2		https://doi.org/10.1016/s0169-5002(03)00072-2			pemetrexed;cisplatin;parp_ddr;preclinical;resistance	metadata_only
targeted_signaling	preclinical_synergy	Karim et al.	A Phase I Study of the Non-Receptor Kinase Inhibitor Bosutinib in Combination with Pemetrexed in Patients with Selected Metastatic Solid Tumors.	Current oncology (Toronto, Ont.)	2022	36547158	10.3390/curroncol29120744	PMC9776616	https://doi.org/10.3390/curroncol29120744		karim_2022_pmid36547158.xml	pemetrexed;folate_pathway;nsclc;clinical_trial;preclinical	fulltext_xml
targeted_signaling	preclinical_synergy	Ke et al.	Combining a CDK4/6 Inhibitor With Pemetrexed Inhibits Cell Proliferation and Metastasis in Human Lung Adenocarcinoma.	Frontiers in oncology	2022	35686110	10.3389/fonc.2022.880153	PMC9172583	https://doi.org/10.3389/fonc.2022.880153		ke_2022_pmid35686110.xml	pemetrexed;bcl2_apoptosis;nsclc;preclinical	fulltext_xml
targeted_signaling	preclinical_synergy	Bi et al.	miR-6077 promotes cisplatin/pemetrexed resistance in lung adenocarcinoma via CDKN1A/cell cycle arrest and KEAP1/ferroptosis pathways.	Molecular therapy. Nucleic acids	2022	35505963	10.1016/j.omtn.2022.03.020	PMC9035384	https://doi.org/10.1016/j.omtn.2022.03.020		bi_2022_pmid35505963.xml	pemetrexed;cisplatin;ferroptosis;nsclc;preclinical;resistance	fulltext_xml
targeted_signaling	preclinical_synergy	Amiri et al.	Restoration of MiR-34a Expression by 5-Azacytidine Augments Alimta -Induced Cell Death in Non-Small Lung Cancer Cells by Downregulation of HMG B1, A2 and Bcl-2 Pathway.	Cell journal	2021	34939761	10.22074/cellj.2021.7332	PMC8665979	https://doi.org/10.22074/cellj.2021.7332		amiri_2021_pmid34939761.xml	pemetrexed;mapk;bcl2_apoptosis;folate_pathway;preclinical	fulltext_xml
targeted_signaling	preclinical_synergy	Nguyen et al.	Serine hydroxymethyltransferase 2 expression promotes tumorigenesis in rhabdomyosarcoma with 12q13-q14 amplification.	The Journal of clinical investigation	2021	34166228	10.1172/JCI138022	PMC8321571	https://doi.org/10.1172/JCI138022			pemetrexed;mapk;folate_pathway;nsclc;preclinical	metadata_only
targeted_signaling	preclinical_synergy	Chiu et al.	Combination treatment of Src inhibitor Saracatinib with GMI, a Ganoderma microsporum immunomodulatory protein, induce synthetic lethality via autophagy and apoptosis in lung cancer cells.	Journal of cellular physiology	2021	32686156	10.1002/jcp.29924		https://doi.org/10.1002/jcp.29924			pemetrexed;bcl2_apoptosis;autophagy;preclinical;resistance	metadata_only
targeted_signaling	preclinical_synergy	Arulananda et al.	BCL-XL is an actionable target for treatment of malignant pleural mesothelioma.	Cell death discovery	2020	33298868	10.1038/s41420-020-00348-1	PMC7603509	https://doi.org/10.1038/s41420-020-00348-1		arulananda_2020_pmid33298868.xml	pemetrexed;cisplatin;bcl2_apoptosis;mesothelioma;preclinical	fulltext_xml
targeted_signaling	preclinical_synergy	Li et al.	A Cereblon Modulator CC-885 Induces CRBN- and p97-Dependent PLK1 Degradation and Synergizes with Volasertib to Suppress Lung Cancer.	Molecular therapy oncolytics	2020	32728610	10.1016/j.omto.2020.06.013	PMC7369516	https://doi.org/10.1016/j.omto.2020.06.013		li_2020_pmid32728610.xml	pemetrexed;nsclc;clinical_trial;preclinical;resistance	fulltext_xml
targeted_signaling	preclinical_synergy	Mao et al.	Circular RNA CDR1-AS contributes to pemetrexed and cisplatin chemoresistance through EGFR/PI3K signaling pathway in lung adenocarcinoma.	Biomedicine & pharmacotherapy = Biomedecine & pharmacotherapie	2020	31881486	10.1016/j.biopha.2019.109771		https://doi.org/10.1016/j.biopha.2019.109771			pemetrexed;cisplatin;egfr_tki;mtor_pi3k;nsclc;preclinical;resistance	metadata_only
targeted_signaling	preclinical_synergy	Ku et al.	Synergistic anticancer effect of combined use of Trichosanthes kirilowii with cisplatin and pemetrexed enhances apoptosis of H1299 non-small-cell lung cancer cells via modulation of ErbB3.	Phytomedicine : international journal of phytotherapy and phytopharmacology	2020	31790894	10.1016/j.phymed.2019.153109		https://doi.org/10.1016/j.phymed.2019.153109			pemetrexed;cisplatin;mtor_pi3k;mapk;bcl2_apoptosis;nsclc;preclinical;resistance	metadata_only
targeted_signaling	preclinical_synergy	Bu et al.	Organic anion transporters and PI3K-AKT-mTOR pathway mediate the synergistic anticancer effect of pemetrexed and rhein.	Journal of cellular physiology	2020	31587272	10.1002/jcp.29218		https://doi.org/10.1002/jcp.29218			pemetrexed;mtor_pi3k;bcl2_apoptosis;autophagy;nsclc;preclinical	metadata_only
targeted_signaling	preclinical_synergy	Xu et al.	Accumulated cytotoxicity of CDK inhibitor dinaciclib with first-line chemotherapy drugs in salivary adenoid cystic carcinoma cells.	Odontology	2020	31529315	10.1007/s10266-019-00451-5		https://doi.org/10.1007/s10266-019-00451-5			pemetrexed;cisplatin;bcl2_apoptosis	metadata_only
targeted_signaling	preclinical_synergy	Zhao et al.	DHFR/TYMS are positive regulators of glioma cell growth and modulate chemo-sensitivity to temozolomide.	European journal of pharmacology	2019	31542479	10.1016/j.ejphar.2019.172665		https://doi.org/10.1016/j.ejphar.2019.172665			pemetrexed;mtor_pi3k;folate_pathway;preclinical;resistance	metadata_only
targeted_signaling	preclinical_synergy	Li et al.	Overexpression of PTEN may increase the effect of pemetrexed on A549 cells via inhibition of the PI3K/AKT/mTOR pathway and carbohydrate metabolism.	Molecular medicine reports	2019	31485626	10.3892/mmr.2019.10617	PMC6755145	https://doi.org/10.3892/mmr.2019.10617		li_2019_pmid31485626.xml	pemetrexed;cisplatin;mtor_pi3k;bcl2_apoptosis;folate_pathway;nsclc;preclinical	fulltext_xml
targeted_signaling	preclinical_synergy	Yang et al.	HSP90/AXL/eIF4E-regulated unfolded protein response as an acquired vulnerability in drug-resistant KRAS-mutant lung cancer.	Oncogenesis	2019	31431614	10.1038/s41389-019-0158-7	PMC6702198	https://doi.org/10.1038/s41389-019-0158-7		yang_2019_pmid31431614.xml	pemetrexed;mapk;preclinical;resistance	fulltext_xml
targeted_signaling	preclinical_synergy	Komiya et al.	A phase I/II study of pemetrexed with sirolimus in advanced, previously treated non-small cell lung cancer.	Translational lung cancer research	2019	31367538	10.21037/tlcr.2019.04.19	PMC6626857	https://doi.org/10.21037/tlcr.2019.04.19			pemetrexed;mtor_pi3k;nsclc;clinical_trial;preclinical	metadata_only
targeted_signaling	preclinical_synergy	Hsu et al.	Identification of Withaferin A as a Potential Candidate for Anti-Cancer Therapy in Non-Small Cell Lung Cancer.	Cancers	2019	31319622	10.3390/cancers11071003	PMC6678286	https://doi.org/10.3390/cancers11071003		hsu_2019_pmid31319622.xml	pemetrexed;cisplatin;egfr_tki;mtor_pi3k;bcl2_apoptosis;autophagy;nsclc;preclinical;resistance	fulltext_xml
targeted_signaling	preclinical_synergy	Oien et al.	Cisplatin and Pemetrexed Activate AXL and AXL Inhibitor BGB324 Enhances Mesothelioma Cell Death from Chemotherapy.	Frontiers in pharmacology	2017	29375377	10.3389/fphar.2017.00970	PMC5768913	https://doi.org/10.3389/fphar.2017.00970		oien_2017_pmid29375377.xml	pemetrexed;cisplatin;mtor_pi3k;folate_pathway;mesothelioma;preclinical;resistance	fulltext_xml
targeted_signaling	preclinical_synergy	Zhao et al.	c-FLIP and the NOXA/Mcl-1 axis participate in the synergistic effect of pemetrexed plus cisplatin in human choroidal melanoma cells.	PloS one	2017	28863158	10.1371/journal.pone.0184135	PMC5581197	https://doi.org/10.1371/journal.pone.0184135		zhao_2017_pmid28863158.xml	pemetrexed;cisplatin;bcl2_apoptosis;preclinical	fulltext_xml
targeted_signaling	preclinical_synergy	Gandara et al.	A Phase 1/1b Study Evaluating Trametinib Plus Docetaxel or Pemetrexed in Patients With Advanced Non-Small Cell Lung Cancer.	Journal of thoracic oncology : official publication of the International Association for the Study of Lung Cancer	2017	27876675	10.1016/j.jtho.2016.11.2218		https://doi.org/10.1016/j.jtho.2016.11.2218			pemetrexed;mapk;nsclc;clinical_trial;preclinical	metadata_only
targeted_signaling	preclinical_synergy	Monica et al.	Dasatinib modulates sensitivity to pemetrexed in malignant pleural mesothelioma cell lines.	Oncotarget	2016	27391433	10.18632/oncotarget.10428	PMC5363531	https://doi.org/10.18632/oncotarget.10428		monica_2016_pmid27391433.xml	pemetrexed;mtor_pi3k;bcl2_apoptosis;thymidylate_synthase;mesothelioma;preclinical;resistance	fulltext_xml
targeted_signaling	preclinical_synergy	Li et al.	Synergistic effects of sorafenib in combination with gemcitabine or pemetrexed in lung cancer cell lines with K-ras mutations.	Contemporary oncology (Poznan, Poland)	2016	27095937	10.5114/wo.2016.58499	PMC4829747	https://doi.org/10.5114/wo.2016.58499		li_2016_pmid27095937.xml	pemetrexed;mtor_pi3k;mapk;nsclc;preclinical	fulltext_xml
targeted_signaling	preclinical_synergy	Barbone et al.	Analysis of Gene Expression in 3D Spheroids Highlights a Survival Role for ASS1 in Mesothelioma.	PloS one	2016	26982031	10.1371/journal.pone.0150044	PMC4794185	https://doi.org/10.1371/journal.pone.0150044		barbone_2016_pmid26982031.xml	pemetrexed;cisplatin;proteasome;mesothelioma;preclinical;resistance	fulltext_xml
targeted_signaling	preclinical_synergy	Hwang et al.	Inhibition of autophagy potentiates pemetrexed and simvastatin-induced apoptotic cell death in malignant mesothelioma and non-small cell lung cancer cells.	Oncotarget	2015	26334320	10.18632/oncotarget.5022	PMC4745741	https://doi.org/10.18632/oncotarget.5022		hwang_2015_pmid26334320.xml	pemetrexed;mtor_pi3k;bcl2_apoptosis;autophagy;folate_pathway;repurposed;nsclc;mesothelioma	fulltext_xml
targeted_signaling	preclinical_synergy	Tong et al.	Inhibition of MEK/ERK activation attenuates autophagy and potentiates pemetrexed-induced activity against HepG2 hepatocellular carcinoma cells.	Biochemical and biophysical research communications	2015	25446102	10.1016/j.bbrc.2014.11.038		https://doi.org/10.1016/j.bbrc.2014.11.038			pemetrexed;mapk;bcl2_apoptosis;autophagy;folate_pathway;preclinical;resistance	metadata_only
targeted_signaling	preclinical_synergy	Del Bufalo et al.	Histone deacetylase inhibition synergistically enhances pemetrexed cytotoxicity through induction of apoptosis and autophagy in non-small cell lung cancer.	Molecular cancer	2014	25301686	10.1186/1476-4598-13-230	PMC4198757	https://doi.org/10.1186/1476-4598-13-230		del_2014_pmid25301686.xml	pemetrexed;bcl2_apoptosis;hdac;autophagy;thymidylate_synthase;folate_pathway;nsclc;preclinical;resistance	fulltext_xml
targeted_signaling	preclinical_synergy	Zhu et al.	C6 ceramide sensitizes pemetrexed-induced apoptosis and cytotoxicity in osteosarcoma cells.	Biochemical and biophysical research communications	2014	25152399	10.1016/j.bbrc.2014.08.065		https://doi.org/10.1016/j.bbrc.2014.08.065			pemetrexed;mtor_pi3k;bcl2_apoptosis;folate_pathway;preclinical;resistance	metadata_only
targeted_signaling	preclinical_synergy	Hwang et al.	Enhanced apoptosis by pemetrexed and simvastatin in malignant mesothelioma and lung cancer cells by reactive oxygen species-dependent mitochondrial dysfunction and Bim induction.	International journal of oncology	2014	25096993	10.3892/ijo.2014.2584		https://doi.org/10.3892/ijo.2014.2584			pemetrexed;bcl2_apoptosis;folate_pathway;repurposed;nsclc;mesothelioma	metadata_only
targeted_signaling	preclinical_synergy	Cioce et al.	Autocrine CSF-1R signaling drives mesothelioma chemoresistance via AKT activation.	Cell death & disease	2014	24722292	10.1038/cddis.2014.136	PMC5424113	https://doi.org/10.1038/cddis.2014.136		cioce_2014_pmid24722292.xml	pemetrexed;mtor_pi3k;mesothelioma;preclinical;resistance	fulltext_xml
targeted_signaling	preclinical_synergy	Kawabata et al.	Rapamycin downregulates thymidylate synthase and potentiates the activity of pemetrexed in non-small cell lung cancer.	Oncotarget	2014	24658085	10.18632/oncotarget.1760	PMC4011583	https://doi.org/10.18632/oncotarget.1760		kawabata_2014_pmid24658085.xml	pemetrexed;mtor_pi3k;thymidylate_synthase;folate_pathway;nsclc;clinical_trial;preclinical;resistance	fulltext_xml
targeted_signaling	preclinical_synergy	Agarwal et al.	Proteomic (antibody microarray) exploration of the molecular mechanism of action of the specific COX-2 inhibitor DuP 697.	International journal of oncology	2013	23338544	10.3892/ijo.2013.1784		https://doi.org/10.3892/ijo.2013.1784			pemetrexed;bcl2_apoptosis;mesothelioma;preclinical	metadata_only
targeted_signaling	preclinical_synergy	Reid et al.	Restoring expression of miR-16: a novel approach to therapy for malignant pleural mesothelioma.	Annals of oncology : official journal of the European Society for Medical Oncology	2013	24148817	10.1093/annonc/mdt412		https://doi.org/10.1093/annonc/mdt412			pemetrexed;egfr_tki;bcl2_apoptosis;mesothelioma;preclinical	metadata_only
targeted_signaling	preclinical_synergy	Barbone et al.	Vorinostat eliminates multicellular resistance of mesothelioma 3D spheroids via restoration of Noxa expression.	PloS one	2012	23300762	10.1371/journal.pone.0052753	PMC3530471	https://doi.org/10.1371/journal.pone.0052753		barbone_2012_pmid23300762.xml	pemetrexed;cisplatin;bcl2_apoptosis;hdac;proteasome;mesothelioma;resistance	fulltext_xml
targeted_signaling	preclinical_synergy	Vansteenkiste et al.	A phase II randomized study of cisplatin-pemetrexed plus either enzastaurin or placebo in chemonaive patients with advanced non-small cell lung cancer.	Oncology	2012	22269428	10.1159/000335268		https://doi.org/10.1159/000335268			pemetrexed;cisplatin;mtor_pi3k;nsclc;clinical_trial;preclinical	metadata_only
targeted_signaling	preclinical_synergy	Markova et al.	Pharmacologic inhibition of mTOR antagonizes the cytotoxic activity of pemetrexed in non-small cell lung cancer.	Journal of cancer research and clinical oncology	2012	22203472	10.1007/s00432-011-1123-9	PMC11824544	https://doi.org/10.1007/s00432-011-1123-9			pemetrexed;mtor_pi3k;bcl2_apoptosis;thymidylate_synthase;folate_pathway;nsclc;preclinical;resistance	metadata_only
targeted_signaling	preclinical_synergy	Ceppi et al.	Expression and pharmacological inhibition of thymidylate synthase and Src kinase in nonsmall cell lung cancer.	International journal of cancer	2012	21618517	10.1002/ijc.26188		https://doi.org/10.1002/ijc.26188			pemetrexed;bcl2_apoptosis;thymidylate_synthase;folate_pathway;nsclc;preclinical;resistance	metadata_only
targeted_signaling	preclinical_synergy	Bareford et al.	Sorafenib enhances pemetrexed cytotoxicity through an autophagy-dependent mechanism in cancer cells.	Autophagy	2011	21814046	10.4161/auto.7.10.17029	PMC3210312	https://doi.org/10.4161/auto.7.10.17029			pemetrexed;egfr_tki;antiangiogenic;mtor_pi3k;bcl2_apoptosis;autophagy;folate_pathway;nsclc;preclinical	metadata_only
targeted_signaling	preclinical_synergy	Kuznetsov et al.	AMPK and Akt determine apoptotic cell death following perturbations of one-carbon metabolism by regulating ER stress in acute lymphoblastic leukemia.	Molecular cancer therapeutics	2011	21262957	10.1158/1535-7163.MCT-10-0777	PMC3053424	https://doi.org/10.1158/1535-7163.MCT-10-0777			pemetrexed;mtor_pi3k;bcl2_apoptosis;folate_pathway;preclinical	metadata_only
targeted_signaling	preclinical_synergy	Tanai et al.	A phase I study of enzastaurin combined with pemetrexed in advanced non-small cell lung cancer.	Journal of thoracic oncology : official publication of the International Association for the Study of Lung Cancer	2010	20453691	10.1097/JTO.0b013e3181da3899		https://doi.org/10.1097/JTO.0b013e3181da3899			pemetrexed;mtor_pi3k;nsclc;clinical_trial;preclinical	metadata_only
targeted_signaling	preclinical_synergy	Morgillo et al.	Sequence-dependent, synergistic antiproliferative and proapoptotic effects of the combination of cytotoxic drugs and enzastaurin, a protein kinase Cbeta inhibitor, in non-small cell lung cancer cells.	Molecular cancer therapeutics	2008	18566241	10.1158/1535-7163.MCT-07-0547		https://doi.org/10.1158/1535-7163.MCT-07-0547			pemetrexed;mtor_pi3k;mapk;bcl2_apoptosis;nsclc;preclinical	metadata_only
targeted_signaling	preclinical_synergy	Palumbo et al.	Molecular targets and targeted therapies for malignant mesothelioma.	Current medicinal chemistry	2008	18473795	10.2174/092986708783955446		https://doi.org/10.2174/092986708783955446			pemetrexed;cisplatin;bcl2_apoptosis;proteasome;radiosensitization;mesothelioma	metadata_only
targeted_signaling	preclinical_synergy	Gordon et al.	Preclinical studies of the proteasome inhibitor bortezomib in malignant pleural mesothelioma.	Cancer chemotherapy and pharmacology	2008	17522864	10.1007/s00280-007-0500-1		https://doi.org/10.1007/s00280-007-0500-1			pemetrexed;cisplatin;bcl2_apoptosis;proteasome;mesothelioma;preclinical;resistance	metadata_only
targeted_signaling	preclinical_synergy	Scott et al.	Imexon-based combination chemotherapy in A375 human melanoma and RPMI 8226 human myeloma cell lines.	Cancer chemotherapy and pharmacology	2007	17333195	10.1007/s00280-006-0329-z	PMC3665286	https://doi.org/10.1007/s00280-006-0329-z			pemetrexed;cisplatin;mapk;proteasome;preclinical	metadata_only
targeted_signaling	preclinical_synergy	Bertino et al.	Preliminary data suggestive of a novel translational approach to mesothelioma treatment: imatinib mesylate with gemcitabine or pemetrexed.	Thorax	2007	17311837	10.1136/thx.2006.069872	PMC2117287	https://doi.org/10.1136/thx.2006.069872			pemetrexed;mtor_pi3k;bcl2_apoptosis;mesothelioma;preclinical	metadata_only
targeted_signaling	preclinical_synergy	Neukirchen et al.	The proteasome inhibitor bortezomib acts differently in combination with p53 gene transfer or cytotoxic chemotherapy on NSCLC cells.	Cancer gene therapy	2007	17235352	10.1038/sj.cgt.7701029		https://doi.org/10.1038/sj.cgt.7701029			pemetrexed;mapk;bcl2_apoptosis;proteasome;nsclc;preclinical	metadata_only
targeted_signaling	preclinical_synergy	Mey et al.	In vitro synergistic cytotoxicity of gemcitabine and pemetrexed and pharmacogenetic evaluation of response to gemcitabine in bladder cancer patients.	British journal of cancer	2006	16868547	10.1038/sj.bjc.6603242	PMC2360654	https://doi.org/10.1038/sj.bjc.6603242		mey_2006_pmid16868547.xml	pemetrexed;mtor_pi3k;bcl2_apoptosis;preclinical	fulltext_xml
targeted_signaling	preclinical_synergy	Giovannetti et al.	Cellular and pharmacogenetics foundation of synergistic interaction of pemetrexed and gemcitabine in human non-small-cell lung cancer cells.	Molecular pharmacology	2005	15795320	10.1124/mol.104.009373		https://doi.org/10.1124/mol.104.009373			pemetrexed;mtor_pi3k;mapk;bcl2_apoptosis;thymidylate_synthase;folate_pathway;nsclc;preclinical	metadata_only
folate_ts_modulation	preclinical_synergy	Niu et al.	Molecular Dynamics Simulations of Plasma-Antifolate Drug Synergy in Cancer Therapy.	Biomolecules	2025	40563414	10.3390/biom15060773	PMC12191190	https://doi.org/10.3390/biom15060773		niu_2025_pmid40563414.xml	pemetrexed;bcl2_apoptosis;folate_pathway;preclinical	fulltext_xml
folate_ts_modulation	preclinical_synergy	Chang et al.	Development of Potent and Selective Inhibitors of Methylenetetrahydrofolate Dehydrogenase 2 for Targeting Acute Myeloid Leukemia: SAR, Structural Insights, and Biological Characterization.	Journal of medicinal chemistry	2024	39591507	10.1021/acs.jmedchem.4c01775	PMC11647893	https://doi.org/10.1021/acs.jmedchem.4c01775		chang_2024_pmid39591507.xml	pemetrexed;mapk;folate_pathway;preclinical	fulltext_xml
folate_ts_modulation	preclinical_synergy	Peters et al.	The role of l-leucovorin uptake and metabolism in the modulation of 5-fluorouracil efficacy and antifolate toxicity.	Frontiers in pharmacology	2024	39234107	10.3389/fphar.2024.1450418	PMC11371747	https://doi.org/10.3389/fphar.2024.1450418		peters_2024_pmid39234107.xml	pemetrexed;parp_ddr;thymidylate_synthase;folate_pathway;preclinical	fulltext_xml
folate_ts_modulation	preclinical_synergy	Belhadj et al.	Cancer sensitizing effect of deazaflavin analogs is associated with increased intracellular drug accumulation.	European journal of pharmaceutical sciences : official journal of the European Federation for Pharmaceutical Sciences	2024	38159687	10.1016/j.ejps.2023.106686		https://doi.org/10.1016/j.ejps.2023.106686			pemetrexed;mapk;folate_pathway;nsclc;resistance	metadata_only
folate_ts_modulation	preclinical_synergy	Rather et al.	Anti-Tumor Effects of a Penetratin Peptide Targeting Transcription of E2F-1, 2 and 3a Is Enhanced When Used in Combination with Pemetrexed or Cisplatin.	Cancers	2021	33652640	10.3390/cancers13050972	PMC7956530	https://doi.org/10.3390/cancers13050972		rather_2021_pmid33652640.xml	pemetrexed;cisplatin;thymidylate_synthase;nsclc;preclinical	fulltext_xml
folate_ts_modulation	preclinical_synergy	Shukla et al.	MTHFD2 Blockade Enhances the Efficacy of β-Lapachone Chemotherapy With Ionizing Radiation in Head and Neck Squamous Cell Cancer.	Frontiers in oncology	2020	33262939	10.3389/fonc.2020.536377	PMC7685994	https://doi.org/10.3389/fonc.2020.536377		shukla_2020_pmid33262939.xml	pemetrexed;cisplatin;parp_ddr;folate_pathway;radiosensitization;resistance	fulltext_xml
folate_ts_modulation	preclinical_synergy	Shen et al.	BMI1-Mediated Pemetrexed Resistance in Non-Small Cell Lung Cancer Cells Is Associated with Increased SP1 Activation and Cancer Stemness.	Cancers	2020	32726929	10.3390/cancers12082069	PMC7463866	https://doi.org/10.3390/cancers12082069		shen_2020_pmid32726929.xml	pemetrexed;thymidylate_synthase;folate_pathway;nsclc;resistance	fulltext_xml
folate_ts_modulation	preclinical_synergy	Fennell et al.	Ganetespib in Combination with Pemetrexed-Platinum Chemotherapy in Patients with Pleural Mesothelioma (MESO-02): A Phase Ib Trial.	Clinical cancer research : an official journal of the American Association for Cancer Research	2020	32669375	10.1158/1078-0432.CCR-20-1306		https://doi.org/10.1158/1078-0432.CCR-20-1306			pemetrexed;cisplatin;carboplatin;folate_pathway;mesothelioma;clinical_trial;preclinical	metadata_only
folate_ts_modulation	preclinical_synergy	Kim et al.	Evaluation of pemetrexed and etoposide as therapeutic regimens for human papillomavirus-positive oral and oropharyngeal cancer.	PloS one	2018	29995943	10.1371/journal.pone.0200509	PMC6040768	https://doi.org/10.1371/journal.pone.0200509		kim_2018_pmid29995943.xml	pemetrexed;cisplatin;mapk;thymidylate_synthase;radiosensitization;preclinical	fulltext_xml
folate_ts_modulation	preclinical_synergy	Pangeni et al.	Enhanced oral absorption of pemetrexed by ion-pairing complex formation with deoxycholic acid derivative and multiple nanoemulsion formulations: preparation, characterization, and in vivo oral bioavailability and anticancer effect.	International journal of nanomedicine	2018	29922055	10.2147/IJN.S167958	PMC5995301	https://doi.org/10.2147/IJN.S167958		pangeni_2018_pmid29922055.xml	pemetrexed;folate_pathway;preclinical	fulltext_xml
folate_ts_modulation	preclinical_synergy	Yan et al.	Loss of Uracil DNA Glycosylase Selectively Resensitizes p53-Mutant and -Deficient Cells to 5-FdU.	Molecular cancer research : MCR	2018	29117941	10.1158/1541-7786.MCR-17-0215		https://doi.org/10.1158/1541-7786.MCR-17-0215			pemetrexed;bcl2_apoptosis;thymidylate_synthase;folate_pathway;resistance	metadata_only
folate_ts_modulation	preclinical_synergy	Liao et al.	Astaxanthin enhances pemetrexed-induced cytotoxicity by downregulation of thymidylate synthase expression in human lung cancer cells.	Regulatory toxicology and pharmacology : RTP	2016	27693704	10.1016/j.yrtph.2016.09.031		https://doi.org/10.1016/j.yrtph.2016.09.031			pemetrexed;mapk;thymidylate_synthase;folate_pathway;nsclc;preclinical;resistance	metadata_only
folate_ts_modulation	preclinical_synergy	Abu Lila et al.	Systemically Administered RNAi Molecule Sensitizes Malignant Pleural Mesotheliomal Cells to Pemetrexed Therapy.	Molecular pharmaceutics	2016	27740765	10.1021/acs.molpharmaceut.6b00728		https://doi.org/10.1021/acs.molpharmaceut.6b00728			pemetrexed;thymidylate_synthase;mesothelioma;preclinical	metadata_only
folate_ts_modulation	preclinical_synergy	Maehara et al.	Combination effect of photodynamic therapy using NPe6 with pemetrexed for human malignant pleural mesothelioma cells.	International journal of oncology	2015	25385189	10.3892/ijo.2014.2746		https://doi.org/10.3892/ijo.2014.2746			pemetrexed;thymidylate_synthase;radiosensitization;mesothelioma;preclinical;resistance	metadata_only
folate_ts_modulation	preclinical_synergy	Allen et al.	Prognostic and therapeutic impact of argininosuccinate synthetase 1 control in bladder cancer as monitored longitudinally by PET imaging.	Cancer research	2014	24285724	10.1158/0008-5472.CAN-13-1702		https://doi.org/10.1158/0008-5472.CAN-13-1702			pemetrexed;mapk;thymidylate_synthase;folate_pathway	metadata_only
folate_ts_modulation	preclinical_synergy	Reber et al.	177Lu-EC0800 combined with the antifolate pemetrexed: preclinical pilot study of folate receptor targeted radionuclide tumor therapy.	Molecular cancer therapeutics	2013	24030631	10.1158/1535-7163.MCT-13-0422-T		https://doi.org/10.1158/1535-7163.MCT-13-0422-T			pemetrexed;folate_pathway;radiosensitization;preclinical	metadata_only
folate_ts_modulation	preclinical_synergy	Gordon et al.	A phase 1 study of TRC102, an inhibitor of base excision repair, and pemetrexed in patients with advanced solid tumors.	Investigational new drugs	2013	23054206	10.1007/s10637-012-9876-9	PMC6662598	https://doi.org/10.1007/s10637-012-9876-9			pemetrexed;mapk;bcl2_apoptosis;thymidylate_synthase;clinical_trial	metadata_only
folate_ts_modulation	clinical_landmark	Grønberg et al.	Associations between TS, TTF-1, FR-α, FPGS, and overall survival in patients with advanced non-small-cell lung cancer receiving pemetrexed plus carboplatin or gemcitabine plus carboplatin as first-line chemotherapy.	Journal of thoracic oncology : official publication of the International Association for the Study of Lung Cancer	2013	24457236	10.1097/JTO.0b013e3182a406a3		https://doi.org/10.1097/JTO.0b013e3182a406a3			pemetrexed;carboplatin;thymidylate_synthase;folate_pathway;clinical_trial	metadata_only
folate_ts_modulation	preclinical_synergy	Kitazono-Saitoh et al.	Interaction and cross-resistance of cisplatin and pemetrexed in malignant pleural mesothelioma cell lines.	Oncology reports	2012	22562354	10.3892/or.2012.1799		https://doi.org/10.3892/or.2012.1799			pemetrexed;cisplatin;mapk;thymidylate_synthase;mesothelioma;preclinical;resistance	metadata_only
folate_ts_modulation	preclinical_synergy	Wilson et al.	Inhibition of dUTPase induces synthetic lethality with thymidylate synthase-targeted therapies in non-small cell lung cancer.	Molecular cancer therapeutics	2012	22172489	10.1158/1535-7163.MCT-11-0781		https://doi.org/10.1158/1535-7163.MCT-11-0781			pemetrexed;bcl2_apoptosis;thymidylate_synthase;folate_pathway;nsclc;preclinical;resistance	metadata_only
folate_ts_modulation	clinical_landmark	Then et al.	Toxic epidermal necrolysis after pemetrexed and cisplatin for non-small cell lung cancer in a patient with sharp syndrome.	Onkologie	2012	23207626	10.1159/000345109		https://doi.org/10.1159/000345109			pemetrexed;cisplatin;folate_pathway;nsclc	metadata_only
folate_ts_modulation	preclinical_synergy	Yoshida et al.	Interaction of radiation and pemetrexed on a human malignant mesothelioma cell line in vitro.	Anticancer research	2011	21868528			https://pubmed.ncbi.nlm.nih.gov/21868528/			pemetrexed;bcl2_apoptosis;thymidylate_synthase;radiosensitization;mesothelioma;preclinical	metadata_only
folate_ts_modulation	preclinical_synergy	Di Cresce et al.	Combining small interfering RNAs targeting thymidylate synthase and thymidine kinase 1 or 2 sensitizes human tumor cells to 5-fluorodeoxyuridine and pemetrexed.	The Journal of pharmacology and experimental therapeutics	2011	21673071	10.1124/jpet.111.183178		https://doi.org/10.1124/jpet.111.183178			pemetrexed;thymidylate_synthase;preclinical;resistance	metadata_only
folate_ts_modulation	preclinical_synergy	Wouters et al.	In vitro study on the schedule-dependency of the interaction between pemetrexed, gemcitabine and irradiation in non-small cell lung cancer and head and neck cancer cells.	BMC cancer	2010	20723210	10.1186/1471-2407-10-441	PMC2931492	https://doi.org/10.1186/1471-2407-10-441		wouters_2010_pmid20723210.xml	pemetrexed;folate_pathway;radiosensitization;nsclc;preclinical	fulltext_xml
folate_ts_modulation	preclinical_synergy	Adema et al.	Cell cycle effects of fatty acid derivatives of cytarabine, CP-4055, and of gemcitabine, CP-4126, as basis for the interaction with oxaliplatin and docetaxel.	International journal of oncology	2010	19956857			https://pubmed.ncbi.nlm.nih.gov/19956857/			pemetrexed;bcl2_apoptosis;folate_pathway;clinical_trial;preclinical;resistance	metadata_only
folate_ts_modulation	preclinical_synergy	Ngeow et al.	The role of pemetrexed combined with gemcitabine for non-small-cell lung cancer.	Current drug targets	2010	19839926	10.2174/138945010790031081		https://doi.org/10.2174/138945010790031081			pemetrexed;folate_pathway;nsclc;clinical_trial;preclinical	metadata_only
folate_ts_modulation	preclinical_synergy	Wagner et al.	The role of chemotherapy and radiation in the treatment of locally advanced non-small cell lung cancer (NSCLC).	Current drug targets	2010	19839925	10.2174/138945010790030956		https://doi.org/10.2174/138945010790030956			pemetrexed;folate_pathway;radiosensitization;nsclc;clinical_trial	metadata_only
folate_ts_modulation	clinical_landmark	Paz-Ares et al.	Treatment rationale and study design for a phase III, double-blind, placebo-controlled study of maintenance pemetrexed plus best supportive care versus best supportive care immediately following induction treatment with pemetrexed plus cisplatin for advanced nonsquamous non-small cell lung cancer.	BMC cancer	2010	20211022	10.1186/1471-2407-10-85	PMC2847958	https://doi.org/10.1186/1471-2407-10-85		pazares_2010_pmid20211022.xml	pemetrexed;cisplatin;thymidylate_synthase;folate_pathway;nsclc;clinical_trial	fulltext_xml
folate_ts_modulation	clinical_landmark	Joerger et al.	The role of pemetrexed in advanced non small-cell lung cancer: special focus on pharmacology and mechanism of action.	Current drug targets	2010	19839929	10.2174/138945010790030974		https://doi.org/10.2174/138945010790030974			pemetrexed;cisplatin;mapk;folate_pathway;nsclc;clinical_trial	metadata_only
folate_ts_modulation	preclinical_synergy	Bräutigam et al.	Combination of enzastaurin and pemetrexed inhibits cell growth and induces apoptosis of chemoresistant ovarian cancer cells regulating extracellular signal-regulated kinase 1/2 phosphorylation.	Translational oncology	2009	19701501	10.1593/tlo.09121	PMC2730140	https://doi.org/10.1593/tlo.09121			pemetrexed;cisplatin;bcl2_apoptosis;folate_pathway;preclinical;resistance	metadata_only
folate_ts_modulation	clinical_landmark	Rossi et al.	Pemetrexed in the treatment of advanced non-squamous lung cancer.	Lung cancer (Amsterdam, Netherlands)	2009	19577816	10.1016/j.lungcan.2009.06.006		https://doi.org/10.1016/j.lungcan.2009.06.006			pemetrexed;cisplatin;thymidylate_synthase;folate_pathway;nsclc;mesothelioma;clinical_trial	metadata_only
folate_ts_modulation	preclinical_synergy	Nagai et al.	Schedule-dependent synergistic effect of pemetrexed combined with gemcitabine against malignant pleural mesothelioma and non-small cell lung cancer cell lines.	Chemotherapy	2008	18560222	10.1159/000140360		https://doi.org/10.1159/000140360			pemetrexed;thymidylate_synthase;folate_pathway;nsclc;mesothelioma;preclinical	metadata_only
folate_ts_modulation	preclinical_synergy	Meriggi et al.	The potential role of pemetrexed in gastrointestinal cancer.	Chemotherapy	2008	18063861	10.1159/000112311		https://doi.org/10.1159/000112311			pemetrexed;folate_pathway;nsclc;mesothelioma;clinical_trial;preclinical	metadata_only
folate_ts_modulation	clinical_landmark	Monnerat et al.	Review of the pemetrexed and gemcitabine combination in patients with advanced-stage non-small cell lung cancer.	Annals of oncology : official journal of the European Society for Medical Oncology	2006	16807472	10.1093/annonc/mdj958		https://doi.org/10.1093/annonc/mdj958			pemetrexed;cisplatin;carboplatin;mapk;folate_pathway;nsclc;clinical_trial;preclinical	metadata_only
folate_ts_modulation	preclinical_synergy	Kim et al.	Cytotoxic effects of pemetrexed in gastric cancer cells.	Cancer science	2005	15958060	10.1111/j.1349-7006.2005.00058.x	PMC11160028	https://doi.org/10.1111/j.1349-7006.2005.00058.x			pemetrexed;cisplatin;thymidylate_synthase;folate_pathway;preclinical;resistance	metadata_only
folate_ts_modulation	preclinical_synergy	Seitz et al.	Pemetrexed in pancreatic cancer.	Oncology (Williston Park, N.Y.)	2004	15655936			https://pubmed.ncbi.nlm.nih.gov/15655936/			pemetrexed;folate_pathway;clinical_trial;preclinical	metadata_only
folate_ts_modulation	preclinical_synergy	Hanauske et al.	Overview of phase I/II pemetrexed studies.	Oncology (Williston Park, N.Y.)	2004	15655932			https://pubmed.ncbi.nlm.nih.gov/15655932/			pemetrexed;carboplatin;mapk;thymidylate_synthase;folate_pathway;clinical_trial;preclinical	metadata_only
folate_ts_modulation	preclinical_synergy	Kano et al.	Schedule-dependent synergism and antagonism between pemetrexed and paclitaxel in human carcinoma cell lines in vitro.	Cancer chemotherapy and pharmacology	2004	15340759	10.1007/s00280-004-0839-5		https://doi.org/10.1007/s00280-004-0839-5			pemetrexed;folate_pathway;preclinical	metadata_only
folate_ts_modulation	preclinical_synergy	Longley et al.	The roles of thymidylate synthase and p53 in regulating Fas-mediated apoptosis in response to antimetabolites.	Clinical cancer research : an official journal of the American Association for Cancer Research	2004	15161716	10.1158/1078-0432.CCR-03-0532		https://doi.org/10.1158/1078-0432.CCR-03-0532			pemetrexed;bcl2_apoptosis;thymidylate_synthase;folate_pathway;preclinical	metadata_only
folate_ts_modulation	preclinical_synergy	Giovannetti et al.	Synergistic cytotoxicity and pharmacogenetics of gemcitabine and pemetrexed combination in pancreatic cancer cell lines.	Clinical cancer research : an official journal of the American Association for Cancer Research	2004	15131028	10.1158/1078-0432.ccr-03-0520		https://doi.org/10.1158/1078-0432.ccr-03-0520			pemetrexed;bcl2_apoptosis;folate_pathway;preclinical	metadata_only
folate_ts_modulation	preclinical_synergy	Kindler	Pemetrexed in pancreatic cancer.	Seminars in oncology	2002	12571811	10.1053/sonc.2002.37472		https://doi.org/10.1053/sonc.2002.37472			pemetrexed;mapk;thymidylate_synthase;folate_pathway;clinical_trial;preclinical	metadata_only
folate_ts_modulation	preclinical_synergy	Adjei	Preclinical and clinical studies with combinations of pemetrexed and gemcitabine.	Seminars in oncology	2002	12571808	10.1053/sonc.2002.37468		https://doi.org/10.1053/sonc.2002.37468			pemetrexed;mapk;thymidylate_synthase;folate_pathway;nsclc;mesothelioma;clinical_trial;preclinical	metadata_only
folate_ts_modulation	preclinical_synergy	Kindler	The pemetrexed/gemcitabine combination in pancreatic cancer.	Cancer	2002	12209673	10.1002/cncr.10755		https://doi.org/10.1002/cncr.10755			pemetrexed;mapk;thymidylate_synthase;folate_pathway;clinical_trial;preclinical	metadata_only
folate_ts_modulation	preclinical_synergy	Raymond et al.	Pemetrexed disodium combined with oxaliplatin, SN38, or 5-fluorouracil, based on the quantitation of drug interactions in human HT29 colon cancer cells.	International journal of oncology	2002	12118332			https://pubmed.ncbi.nlm.nih.gov/12118332/			pemetrexed;mapk;thymidylate_synthase;folate_pathway;preclinical;resistance	metadata_only
folate_ts_modulation	preclinical_synergy	Tripathy	Gemcitabine in breast cancer: future directions.	Clinical breast cancer	2002	12057046	10.3816/cbc.2002.s.010		https://doi.org/10.3816/cbc.2002.s.010			pemetrexed;mapk;folate_pathway;clinical_trial;preclinical	metadata_only
folate_ts_modulation	preclinical_synergy	Adjei	Pemetrexed (Alimta) and gemcitabine in breast cancer patients previously treated with anthracyclines and taxanes.	Clinical breast cancer	2002	12057041	10.3816/cbc.2002.s.005		https://doi.org/10.3816/cbc.2002.s.005			pemetrexed;folate_pathway;clinical_trial;preclinical	metadata_only
folate_ts_modulation	preclinical_synergy	de Gramont et al.	Pemetrexed in patients with gastrointestinal carcinoma.	Seminars in oncology	2002	12023792	10.1053/sonc.2002.30763		https://doi.org/10.1053/sonc.2002.30763			pemetrexed;cisplatin;folate_pathway;preclinical	metadata_only
folate_ts_modulation	preclinical_synergy	Rosell et al.	Pemetrexed combination therapy in the treatment of non-small cell lung cancer.	Seminars in oncology	2002	12023789	10.1053/sonc.2002.30768		https://doi.org/10.1053/sonc.2002.30768			pemetrexed;cisplatin;carboplatin;thymidylate_synthase;nsclc;clinical_trial;preclinical;resistance	metadata_only
folate_ts_modulation	preclinical_synergy	Bischof et al.	Interaction of pemetrexed disodium (ALIMTA, multitargeted antifolate) and irradiation in vitro.	International journal of radiation oncology, biology, physics	2002	11955753	10.1016/s0360-3016(01)02794-8		https://doi.org/10.1016/s0360-3016(01)02794-8			pemetrexed;folate_pathway;radiosensitization;preclinical	metadata_only
folate_ts_modulation	preclinical_synergy	Schultz et al.	Sequence dependence of Alimta (LY231514, MTA) combined with doxorubicin in ZR-75-1 human breast carcinoma cells.	Anticancer research	2001	11848474			https://pubmed.ncbi.nlm.nih.gov/11848474/			pemetrexed;mapk;thymidylate_synthase;folate_pathway;clinical_trial;preclinical	metadata_only
folate_ts_modulation	preclinical_synergy	Adjei	Gemcitabine and pemetrexed disodium combinations in vitro and in vivo.	Lung cancer (Amsterdam, Netherlands)	2001	11742712	10.1016/s0169-5002(01)00395-6		https://doi.org/10.1016/s0169-5002(01)00395-6			pemetrexed;mapk;thymidylate_synthase;folate_pathway;nsclc;clinical_trial;preclinical	metadata_only
folate_ts_modulation	preclinical_synergy	Smith et al.	In vitro and in vivo properties of novel nucleoside transport inhibitors with improved pharmacological properties that potentiate antifolate activity.	Clinical cancer research : an official journal of the American Association for Cancer Research	2001	11448930			https://pubmed.ncbi.nlm.nih.gov/11448930/			pemetrexed;folate_pathway;preclinical	metadata_only
folate_ts_modulation	preclinical_synergy	van der Wilt et al.	Modulation of both endogenous folates and thymidine enhance the therapeutic efficacy of thymidylate synthase inhibitors.	Cancer research	2001	11325838			https://pubmed.ncbi.nlm.nih.gov/11325838/			pemetrexed;mapk;thymidylate_synthase;folate_pathway;resistance	metadata_only
radiosensitization	preclinical_synergy	Xu et al.	Study on combination therapy for lung cancer through pemetrexed-loaded mesoporous polydopamine nanoparticles.	Journal of biomedical materials research. Part A	2023	36479812	10.1002/jbm.a.37436	PMC10087741	https://doi.org/10.1002/jbm.a.37436		xu_2023_pmid36479812.xml	pemetrexed;radiosensitization;nsclc;preclinical	fulltext_xml
radiosensitization	preclinical_synergy	Wang et al.	Decitabine Sensitizes the Radioresistant Lung Adenocarcinoma to Pemetrexed Through Upregulation of Folate Receptor Alpha.	Frontiers in oncology	2021	34079760	10.3389/fonc.2021.668798	PMC8165306	https://doi.org/10.3389/fonc.2021.668798		wang_2021_pmid34079760.xml	pemetrexed;folate_pathway;radiosensitization;nsclc;preclinical;resistance	fulltext_xml
radiosensitization	clinical_landmark	Noronha et al.	Practice Patterns and Outcomes for Pemetrexed Plus Platinum Doublet as Neoadjuvant Chemotherapy in Adenocarcinomas of Lung: Looking Beyond the Usual Paradigm.	Clinical oncology (Royal College of Radiologists (Great Britain))	2018	29239731	10.1016/j.clon.2017.11.001		https://doi.org/10.1016/j.clon.2017.11.001			pemetrexed;radiosensitization;nsclc	metadata_only
radiosensitization	clinical_landmark	Girard et al.	Systemic treatment for thymic malignancies.	Current opinion in oncology	2017	28027106	10.1097/CCO.0000000000000355		https://doi.org/10.1097/CCO.0000000000000355			pemetrexed;carboplatin;radiosensitization;clinical_trial	metadata_only
radiosensitization	preclinical_synergy	Kuryk et al.	Synergistic anti-tumor efficacy of immunogenic adenovirus ONCOS-102 (Ad5/3-D24-GM-CSF) and standard of care chemotherapy in preclinical mesothelioma model.	International journal of cancer	2016	27287512	10.1002/ijc.30228		https://doi.org/10.1002/ijc.30228			pemetrexed;cisplatin;carboplatin;radiosensitization;mesothelioma;clinical_trial;preclinical	metadata_only
radiosensitization	preclinical_synergy	Choy et al.	Concurrent pemetrexed and radiation therapy in the treatment of patients with inoperable stage III non-small cell lung cancer: a systematic review of completed and ongoing studies.	Lung cancer (Amsterdam, Netherlands)	2015	25650301	10.1016/j.lungcan.2014.12.003		https://doi.org/10.1016/j.lungcan.2014.12.003			pemetrexed;cisplatin;carboplatin;radiosensitization;nsclc;clinical_trial;preclinical	metadata_only
radiosensitization	clinical_landmark	Zhang et al.	Full-dose pemetrexed plus cisplatin combined with concurrent thoracic radiotherapy for previously untreated advanced nonsquamous non-small cell lung cancer.	Anti-cancer drugs	2015	25646743	10.1097/CAD.0000000000000215		https://doi.org/10.1097/CAD.0000000000000215			pemetrexed;cisplatin;radiosensitization;nsclc	metadata_only
radiosensitization	clinical_landmark	Giladi et al.	Alternating electric fields (tumor-treating fields therapy) can improve chemotherapy treatment efficacy in non-small cell lung cancer both in vitro and in vivo.	Seminars in oncology	2014	25213867	10.1053/j.seminoncol.2014.09.006		https://doi.org/10.1053/j.seminoncol.2014.09.006			pemetrexed;cisplatin;radiosensitization;nsclc;preclinical	metadata_only
radiosensitization	preclinical_synergy	Argiris et al.	Pemetrexed in head and neck cancer: a systematic review.	Oral oncology	2013	23466170	10.1016/j.oraloncology.2013.01.007		https://doi.org/10.1016/j.oraloncology.2013.01.007			pemetrexed;cisplatin;radiosensitization;clinical_trial	metadata_only
radiosensitization	preclinical_synergy	Mantini et al.	Low-dose radiotherapy as a chemo-potentiator of a chemotherapy regimen with pemetrexed for recurrent non-small-cell lung cancer: a prospective phase II study.	Radiotherapy and oncology : journal of the European Society for Therapeutic Radiology and Oncology	2012	23068709	10.1016/j.radonc.2012.09.006		https://doi.org/10.1016/j.radonc.2012.09.006			pemetrexed;radiosensitization;nsclc;clinical_trial;preclinical	metadata_only
radiosensitization	preclinical_synergy	Fury et al.	A phase 2 study of pemetrexed plus gemcitabine every 2 weeks for patients with recurrent or metastatic head and neck squamous cell cancer.	Cancer	2011	20922785	10.1002/cncr.25464		https://doi.org/10.1002/cncr.25464			pemetrexed;folate_pathway;radiosensitization;clinical_trial;preclinical	metadata_only
radiosensitization	clinical_landmark	Barlesi et al.	Pemetrexed and cisplatin as first-line chemotherapy for advanced non-small-cell lung cancer (NSCLC) with asymptomatic inoperable brain metastases: a multicenter phase II trial (GFPC 07-01).	Annals of oncology : official journal of the European Society for Medical Oncology	2011	21321089	10.1093/annonc/mdr003		https://doi.org/10.1093/annonc/mdr003			pemetrexed;cisplatin;radiosensitization;nsclc;clinical_trial	metadata_only
radiosensitization	preclinical_synergy	Ris	Photodynamic therapy as an adjunct to surgery for malignant pleural mesothelioma.	Lung cancer (Amsterdam, Netherlands)	2005	15916831	10.1016/j.lungcan.2005.03.024		https://doi.org/10.1016/j.lungcan.2005.03.024			pemetrexed;radiosensitization;mesothelioma;preclinical	metadata_only
radiosensitization	preclinical_synergy	Oettle et al.	A phase III trial of pemetrexed plus gemcitabine versus gemcitabine in patients with unresectable or metastatic pancreatic cancer.	Annals of oncology : official journal of the European Society for Medical Oncology	2005	16087696	10.1093/annonc/mdi309		https://doi.org/10.1093/annonc/mdi309			pemetrexed;radiosensitization;clinical_trial	metadata_only
radiosensitization	clinical_landmark	Spásová	[Treatment of the unresectable non small cell lung carcinoma].	Casopis lekaru ceskych	2005	16193938			https://pubmed.ncbi.nlm.nih.gov/16193938/			pemetrexed;cisplatin;carboplatin;radiosensitization;nsclc;resistance	metadata_only
radiosensitization	preclinical_synergy	Zinner et al.	Pemetrexed in advanced NSCLC: a review of the clinical data.	Oncology (Williston Park, N.Y.)	2004	15339061			https://pubmed.ncbi.nlm.nih.gov/15339061/			pemetrexed;cisplatin;carboplatin;radiosensitization;nsclc;mesothelioma;clinical_trial	metadata_only
radiosensitization	preclinical_synergy	Zinner et al.	Pemetrexed in the treatment of advanced non-small-cell lung cancer: a review of the clinical data.	Clinical lung cancer	2004	15117428	10.3816/clc.2004.s.006		https://doi.org/10.3816/clc.2004.s.006			pemetrexed;cisplatin;carboplatin;radiosensitization;nsclc;mesothelioma;clinical_trial	metadata_only
radiosensitization	preclinical_synergy	Bischof et al.	Radiosensitization by pemetrexed of human colon carcinoma cells in different cell cycle phases.	International journal of radiation oncology, biology, physics	2003	12909245	10.1016/s0360-3016(03)00595-9		https://doi.org/10.1016/s0360-3016(03)00595-9			pemetrexed;bcl2_apoptosis;folate_pathway;radiosensitization;preclinical;resistance	metadata_only
chemo_partner	clinical_landmark	Jänne et al.	First-Line Mobocertinib Versus Platinum-Based Chemotherapy in Patients With EGFR Exon 20 Insertion-Positive Metastatic Non-Small Cell Lung Cancer in the Phase III EXCLAIM-2 Trial.	Journal of clinical oncology : official journal of the American Society of Clinical Oncology	2025	39879577	10.1200/JCO-24-01269	PMC12054980	https://doi.org/10.1200/JCO-24-01269		jänne_2025_pmid39879577.xml	pemetrexed;cisplatin;carboplatin;egfr_tki;nsclc;clinical_trial	fulltext_xml
chemo_partner	preclinical_synergy	Karatkevich et al.	Chemotherapy increases CDA expression and sensitizes malignant pleural mesothelioma cells to capecitabine treatment.	Scientific reports	2024	39107509	10.1038/s41598-024-69347-x	PMC11303810	https://doi.org/10.1038/s41598-024-69347-x		karatkevich_2024_pmid39107509.xml	pemetrexed;cisplatin;mesothelioma;preclinical;resistance	fulltext_xml
chemo_partner	clinical_landmark	Zhou et al.	Amivantamab plus Chemotherapy in NSCLC with EGFR Exon 20 Insertions.	The New England journal of medicine	2023	37870976	10.1056/NEJMoa2306441		https://doi.org/10.1056/NEJMoa2306441			pemetrexed;carboplatin;egfr_tki;nsclc;clinical_trial	metadata_only
chemo_partner	preclinical_synergy	Sun et al.	Picropodophyllin inhibits the growth of pemetrexed-resistant malignant pleural mesothelioma via microtubule inhibition and IGF-1R-, caspase-independent pathways.	Translational lung cancer research	2022	35529797	10.21037/tlcr-21-765	PMC9073748	https://doi.org/10.21037/tlcr-21-765		sun_2022_pmid35529797.xml	pemetrexed;mesothelioma;preclinical;resistance	fulltext_xml
chemo_partner	preclinical_synergy	Oien et al.	Quinacrine Has Preferential Anticancer Effects on Mesothelioma Cells With Inactivating NF2 Mutations.	Frontiers in pharmacology	2021	34621176	10.3389/fphar.2021.750352	PMC8490927	https://doi.org/10.3389/fphar.2021.750352		oien_2021_pmid34621176.xml	pemetrexed;cisplatin;mesothelioma;preclinical;resistance	fulltext_xml
chemo_partner	preclinical_synergy	Lin et al.	MiR-30a sensitized lung cancer against neoadjuvant chemotherapy by depressing autophagy.	Japanese journal of clinical oncology	2021	33537721	10.1093/jjco/hyaa272		https://doi.org/10.1093/jjco/hyaa272			pemetrexed;cisplatin;bcl2_apoptosis;autophagy;nsclc;preclinical;resistance	metadata_only
chemo_partner	preclinical_synergy	Szlosarek et al.	Expansion Phase 1 Study of Pegargiminase Plus Pemetrexed and Cisplatin in Patients With Argininosuccinate Synthetase 1-Deficient Mesothelioma: Safety, Efficacy, and Resistance Mechanisms.	JTO clinical and research reports	2020	34589965	10.1016/j.jtocrr.2020.100093	PMC8474273	https://doi.org/10.1016/j.jtocrr.2020.100093		szlosarek_2020_pmid34589965.xml	pemetrexed;cisplatin;mesothelioma;clinical_trial;resistance	fulltext_xml
chemo_partner	preclinical_synergy	Wu et al.	Personalized drug testing in a patient with non-small-cell lung cancer using cultured cancer cells from pleural effusion.	The Journal of international medical research	2020	32954884	10.1177/0300060520955058	PMC7509736	https://doi.org/10.1177/0300060520955058		wu_2020_pmid32954884.xml	pemetrexed;cisplatin;nsclc;preclinical;resistance	fulltext_xml
chemo_partner	preclinical_synergy	Li Petri et al.	Impact of hypoxia on chemoresistance of mesothelioma mediated by the proton-coupled folate transporter, and preclinical activity of new anti-LDH-A compounds.	British journal of cancer	2020	32493992	10.1038/s41416-020-0912-9	PMC7434895	https://doi.org/10.1038/s41416-020-0912-9		li_2020_pmid32493992.xml	pemetrexed;folate_pathway;mesothelioma;preclinical;resistance	fulltext_xml
chemo_partner	preclinical_synergy	Suzuki et al.	Inhibition of miR-18a-3p reduces proliferation of mesothelioma cells and sensitizes them to cisplatin.	Oncology letters	2020	32382354	10.3892/ol.2020.11504	PMC7202271	https://doi.org/10.3892/ol.2020.11504			pemetrexed;cisplatin;bcl2_apoptosis;mesothelioma;preclinical;resistance	metadata_only
chemo_partner	preclinical_synergy	Cao et al.	Gemcitabine inhibits cisplatin resistance in cisplatin-resistant A549 cells by upregulating trx-interacting protein and inducing cell cycle arrest.	Biochemical and biophysical research communications	2020	32014255	10.1016/j.bbrc.2020.01.130		https://doi.org/10.1016/j.bbrc.2020.01.130			pemetrexed;cisplatin;preclinical;resistance	metadata_only
chemo_partner	preclinical_synergy	Zheng et al.	CircPVT1 contributes to chemotherapy resistance of lung adenocarcinoma through miR-145-5p/ABCC1 axis.	Biomedicine & pharmacotherapy = Biomedecine & pharmacotherapie	2020	31986409	10.1016/j.biopha.2020.109828		https://doi.org/10.1016/j.biopha.2020.109828			pemetrexed;cisplatin;mapk;nsclc;preclinical;resistance	metadata_only
chemo_partner	preclinical_synergy	Milosevic et al.	Wnt/IL-1β/IL-8 autocrine circuitries control chemoresistance in mesothelioma initiating cells by inducing ABCB5.	International journal of cancer	2020	31107974	10.1002/ijc.32419		https://doi.org/10.1002/ijc.32419			pemetrexed;cisplatin;mesothelioma;preclinical;resistance	metadata_only
chemo_partner	clinical_landmark	Magali et al.	Better survival in impaired renal function patients with metastatic non-small cell lung cancer treated by cisplatin-pemetrexed.	European journal of clinical pharmacology	2020	32564117	10.1007/s00228-020-02935-8		https://doi.org/10.1007/s00228-020-02935-8			pemetrexed;cisplatin;nsclc	metadata_only
chemo_partner	clinical_landmark	Zhang et al.	Comparative clinical study on microwave ablation combined with gemcitabine and cisplatin or combined with pemetrexed and cisplatin in treatment of advanced NSCLC.	The clinical respiratory journal	2020	32445215	10.1111/crj.13219		https://doi.org/10.1111/crj.13219			pemetrexed;cisplatin;nsclc	metadata_only
chemo_partner	preclinical_synergy	Pulito et al.	Dropwort-induced metabolic reprogramming restrains YAP/TAZ/TEAD oncogenic axis in mesothelioma.	Journal of experimental & clinical cancer research : CR	2019	31399037	10.1186/s13046-019-1352-3	PMC6689183	https://doi.org/10.1186/s13046-019-1352-3		pulito_2019_pmid31399037.xml	pemetrexed;cisplatin;mesothelioma;preclinical	fulltext_xml
chemo_partner	preclinical_synergy	Gerogianni et al.	2-Deoxy-glucose Enhances the Effect of Cisplatin and Pemetrexed in Reducing Malignant Pleural Mesothelioma Cell Proliferation But Not Spheroid Growth.	Anticancer research	2019	31262908	10.21873/anticanres.13530		https://doi.org/10.21873/anticanres.13530			pemetrexed;cisplatin;mesothelioma;preclinical;resistance	metadata_only
chemo_partner	preclinical_synergy	Chouquet et al.	Mutagenicity assessment of environmental contaminations in a hospital centralized reconstitution unit.	Ecotoxicology and environmental safety	2018	30195999	10.1016/j.ecoenv.2018.09.002		https://doi.org/10.1016/j.ecoenv.2018.09.002			pemetrexed;preclinical	metadata_only
chemo_partner	preclinical_synergy	de Fonseka et al.	Zoledronic acid in the management of mesothelioma - a feasibility study (Zol-A Trial): study protocol for a randomised controlled trial.	Trials	2018	30157910	10.1186/s13063-018-2851-9	PMC6116562	https://doi.org/10.1186/s13063-018-2851-9		de_2018_pmid30157910.xml	pemetrexed;cisplatin;mesothelioma;clinical_trial;preclinical	fulltext_xml
chemo_partner	preclinical_synergy	Tatsuta et al.	Sialic acid-binding lectin from bullfrog eggs inhibits human malignant mesothelioma cell growth in vitro and in vivo.	PloS one	2018	29298350	10.1371/journal.pone.0190653	PMC5752036	https://doi.org/10.1371/journal.pone.0190653		tatsuta_2018_pmid29298350.xml	pemetrexed;cisplatin;bcl2_apoptosis;mesothelioma;preclinical	fulltext_xml
chemo_partner	clinical_landmark	Paik et al.	Pemetrexed Continuation Maintenance versus Conventional Platinum-Based Doublet Chemotherapy in EGFR-Negative Lung Adenocarcinoma: Retrospective Analysis.	Tuberculosis and respiratory diseases	2018	29527843	10.4046/trd.2017.0090	PMC5874144	https://doi.org/10.4046/trd.2017.0090		paik_2018_pmid29527843.xml	pemetrexed;cisplatin;egfr_tki;nsclc	fulltext_xml
chemo_partner	preclinical_synergy	Satoh et al.	Synergistic anti-tumor effect of bullfrog sialic acid-binding lectin and pemetrexed in malignant mesothelioma.	Oncotarget	2017	28476017	10.18632/oncotarget.17198	PMC5522080	https://doi.org/10.18632/oncotarget.17198		satoh_2017_pmid28476017.xml	pemetrexed;cisplatin;bcl2_apoptosis;mesothelioma;preclinical	fulltext_xml
chemo_partner	clinical_landmark	Spigel et al.	First-Line Carboplatin, Pemetrexed, and Panitumumab in Patients with Advanced Non-Squamous KRAS Wild Type (WT) Non-Small-Cell Lung Cancer (NSCLC).	Cancer investigation	2017	28762849	10.1080/07357907.2017.1344698		https://doi.org/10.1080/07357907.2017.1344698			pemetrexed;carboplatin;mapk;nsclc	metadata_only
chemo_partner	preclinical_synergy	Tièche et al.	Prolonged pemetrexed pretreatment augments persistence of cisplatin-induced DNA damage and eliminates resistant lung cancer stem-like cells associated with EMT.	BMC cancer	2016	26895954	10.1186/s12885-016-2117-4	PMC4759918	https://doi.org/10.1186/s12885-016-2117-4		tièche_2016_pmid26895954.xml	pemetrexed;cisplatin;parp_ddr;bcl2_apoptosis;nsclc;resistance	fulltext_xml
chemo_partner	clinical_landmark	Rimner et al.	Phase II Study of Hemithoracic Intensity-Modulated Pleural Radiation Therapy (IMPRINT) As Part of Lung-Sparing Multimodality Therapy in Patients With Malignant Pleural Mesothelioma.	Journal of clinical oncology : official journal of the American Society of Clinical Oncology	2016	27325859	10.1200/JCO.2016.67.2675	PMC5019761	https://doi.org/10.1200/JCO.2016.67.2675			pemetrexed;cisplatin;carboplatin;mesothelioma;clinical_trial	metadata_only
chemo_partner	clinical_landmark	Kimura et al.	Phase II Study of Carboplatin and Pemetrexed in Advanced EGFR-wild-type Non-squamous Non-small Cell Lung Cancer: The Central Japan Lung Study Group Trial 0906.	Anticancer research	2016	27069157			https://pubmed.ncbi.nlm.nih.gov/27069157/			pemetrexed;carboplatin;egfr_tki;nsclc;clinical_trial	metadata_only
chemo_partner	preclinical_synergy	Vandana et al.	Synergistic activity of combination therapy with PEGylated pemetrexed and gemcitabine for an effective cancer treatment.	European journal of pharmaceutics and biopharmaceutics : official journal of Arbeitsgemeinschaft fur Pharmazeutische Verfahrenstechnik e.V	2015	25968494	10.1016/j.ejpb.2015.04.017		https://doi.org/10.1016/j.ejpb.2015.04.017			pemetrexed;nsclc;preclinical	metadata_only
chemo_partner	preclinical_synergy	Ryu et al.	A case of advanced malignant pleural mesothelioma treatment with chemotherapy and photodynamic therapy.	Tuberculosis and respiratory diseases	2015	25653696	10.4046/trd.2015.78.1.36	PMC4311034	https://doi.org/10.4046/trd.2015.78.1.36		ryu_2015_pmid25653696.xml	pemetrexed;cisplatin;mesothelioma;preclinical;resistance	fulltext_xml
chemo_partner	clinical_landmark	Yamaguchi et al.	[Efficacy and safety of cisplatin plus pemetrexed as a first-line treatment for Japanese patients with advanced non-squamous non-small-cell lung cancer -- a retrospective analysis].	Gan to kagaku ryoho. Cancer & chemotherapy	2015	25743136			https://pubmed.ncbi.nlm.nih.gov/25743136/			pemetrexed;cisplatin;egfr_tki;mapk;nsclc	metadata_only
chemo_partner	preclinical_synergy	Pinton et al.	Agonist activation of estrogen receptor beta (ERβ) sensitizes malignant pleural mesothelioma cells to cisplatin cytotoxicity.	Molecular cancer	2014	25277603	10.1186/1476-4598-13-227	PMC4197308	https://doi.org/10.1186/1476-4598-13-227		pinton_2014_pmid25277603.xml	pemetrexed;cisplatin;bcl2_apoptosis;mesothelioma;preclinical	fulltext_xml
chemo_partner	preclinical_synergy	Hassan et al.	Phase II clinical trial of amatuximab, a chimeric antimesothelin antibody with pemetrexed and cisplatin in advanced unresectable pleural mesothelioma.	Clinical cancer research : an official journal of the American Association for Cancer Research	2014	25231400	10.1158/1078-0432.CCR-14-0804	PMC4252585	https://doi.org/10.1158/1078-0432.CCR-14-0804			pemetrexed;cisplatin;mesothelioma;clinical_trial;preclinical	metadata_only
chemo_partner	preclinical_synergy	Hassan et al.	Phase 1 study of the antimesothelin immunotoxin SS1P in combination with pemetrexed and cisplatin for front-line therapy of pleural mesothelioma and correlation of tumor response with serum mesothelin, megakaryocyte potentiating factor, and cancer antigen 125.	Cancer	2014	24989332	10.1002/cncr.28875	PMC6334650	https://doi.org/10.1002/cncr.28875			pemetrexed;cisplatin;mesothelioma;clinical_trial	metadata_only
chemo_partner	preclinical_synergy	Pasello et al.	Synergistic antitumor activity of recombinant human Apo2L/tumor necrosis factor-related apoptosis-inducing ligand (TRAIL) in combination with carboplatin and pemetrexed in malignant pleural mesothelioma.	Journal of thoracic oncology : official publication of the International Association for the Study of Lung Cancer	2014	24922007	10.1097/JTO.0000000000000198		https://doi.org/10.1097/JTO.0000000000000198			pemetrexed;carboplatin;bcl2_apoptosis;mesothelioma;preclinical	metadata_only
chemo_partner	preclinical_synergy	Li et al.	Interferon-β produces synergistic combinatory anti-tumor effects with cisplatin or pemetrexed on mesothelioma cells.	PloS one	2013	23977343	10.1371/journal.pone.0072709	PMC3745385	https://doi.org/10.1371/journal.pone.0072709		li_2013_pmid23977343.xml	pemetrexed;cisplatin;mesothelioma;preclinical	fulltext_xml
chemo_partner	preclinical_synergy	Gervais et al.	Pemetrexed and carboplatin, an active option in first-line treatment of elderly patients with advanced non-small cell lung cancer (NSCLC): a phase II trial.	Lung cancer (Amsterdam, Netherlands)	2013	23434351	10.1016/j.lungcan.2013.01.008		https://doi.org/10.1016/j.lungcan.2013.01.008			pemetrexed;carboplatin;nsclc;clinical_trial;preclinical	metadata_only
chemo_partner	preclinical_synergy	Oguri et al.	Preclinical rationale for synergistic interaction of pemetrexed and cytotoxic nucleoside analogues.	Oncology letters	2012	22970056	10.3892/ol.2012.773	PMC3439182	https://doi.org/10.3892/ol.2012.773			pemetrexed;preclinical;resistance	metadata_only
chemo_partner	preclinical_synergy	Li et al.	Upregulated p53 expression activates apoptotic pathways in wild-type p53-bearing mesothelioma and enhances cytotoxicity of cisplatin and pemetrexed.	Cancer gene therapy	2012	22223137	10.1038/cgt.2011.86		https://doi.org/10.1038/cgt.2011.86			pemetrexed;cisplatin;mesothelioma;preclinical	metadata_only
chemo_partner	preclinical_synergy	Su et al.	Death receptor 5 and cellular FLICE-inhibitory protein regulate pemetrexed-induced apoptosis in human lung cancer cells.	European journal of cancer (Oxford, England : 1990)	2011	21726997	10.1016/j.ejca.2011.06.003		https://doi.org/10.1016/j.ejca.2011.06.003			pemetrexed;cisplatin;bcl2_apoptosis;folate_pathway;nsclc;mesothelioma;preclinical	metadata_only
chemo_partner	preclinical_synergy	De Pas et al.	Optimizing pemetrexed-gemcitabine combination in patients with advanced non-small cell lung cancer: a pharmacogenetic approach.	Journal of thoracic oncology : official publication of the International Association for the Study of Lung Cancer	2011	21336182	10.1097/JTO.0b013e31820d7818		https://doi.org/10.1097/JTO.0b013e31820d7818			pemetrexed;mapk;nsclc;preclinical	metadata_only
chemo_partner	preclinical_synergy	Bräutigam et al.	Combined treatment with TRAIL and PPARγ ligands overcomes chemoresistance of ovarian cancer cell lines.	Journal of cancer research and clinical oncology	2011	20878528	10.1007/s00432-010-0952-2	PMC11827910	https://doi.org/10.1007/s00432-010-0952-2			pemetrexed;cisplatin;bcl2_apoptosis;preclinical;resistance	metadata_only
chemo_partner	preclinical_synergy	Richards et al.	Phase I study of pemetrexed and pegylated liposomal doxorubicin in patients with refractory breast, ovarian, primary peritoneal, or fallopian tube cancer.	Investigational new drugs	2011	20352294	10.1007/s10637-010-9414-6		https://doi.org/10.1007/s10637-010-9414-6			pemetrexed;clinical_trial;preclinical	metadata_only
chemo_partner	clinical_landmark	Gridelli et al.	Pemetrexed in advanced non-small cell lung cancer.	Expert opinion on drug safety	2011	21261558	10.1517/14740338.2011.553281		https://doi.org/10.1517/14740338.2011.553281			pemetrexed;cisplatin;nsclc	metadata_only
chemo_partner	preclinical_synergy	Zhu et al.	[Effects of gemcitabine and pemetrexed on the proliferation of pancreatic cancer cell lines BXPC-3 and PANC-1 in vitro].	Nan fang yi ke da xue xue bao = Journal of Southern Medical University	2010	20118008			https://pubmed.ncbi.nlm.nih.gov/20118008/			pemetrexed;preclinical	metadata_only
chemo_partner	preclinical_synergy	Nguyen et al.	Extended use dexamethasone-associated posterior reversible encephalopathy syndrome with cisplatin-based chemotherapy.	Journal of clinical neuroscience : official journal of the Neurosurgical Society of Australasia	2009	19800799	10.1016/j.jocn.2009.05.012		https://doi.org/10.1016/j.jocn.2009.05.012			pemetrexed;cisplatin;mesothelioma	metadata_only
chemo_partner	preclinical_synergy	Ray et al.	Malignant pleural mesothelioma: an update on biomarkers and treatment.	Chest	2009	19736192	10.1378/chest.08-2665		https://doi.org/10.1378/chest.08-2665			pemetrexed;cisplatin;carboplatin;mesothelioma	metadata_only
chemo_partner	preclinical_synergy	Martin et al.	A multicenter, single-arm phase II study of pemetrexed plus doxorubicin administered every 21 days in patients with advanced breast cancer.	Clinical breast cancer	2009	19661038	10.3816/CBC.2009.n.025		https://doi.org/10.3816/CBC.2009.n.025			pemetrexed;clinical_trial;preclinical	metadata_only
chemo_partner	preclinical_synergy	Kano et al.	Schedule-dependent synergism and antagonism between pemetrexed and docetaxel in human lung cancer cell lines in vitro.	Cancer chemotherapy and pharmacology	2009	19306094	10.1007/s00280-009-0974-0		https://doi.org/10.1007/s00280-009-0974-0			pemetrexed;preclinical	metadata_only
chemo_partner	preclinical_synergy	Simon et al.	Pemetrexed plus gemcitabine as first-line chemotherapy for patients with peritoneal mesothelioma: final report of a phase II trial.	Journal of clinical oncology : official journal of the American Society of Clinical Oncology	2008	18640937	10.1200/JCO.2007.15.2868		https://doi.org/10.1200/JCO.2007.15.2868			pemetrexed;cisplatin;mesothelioma;clinical_trial;preclinical	metadata_only
chemo_partner	preclinical_synergy	Miller et al.	Evaluation of pemetrexed (Alimta, LY231514) as second line chemotherapy in persistent or recurrent carcinoma of the cervix: a phase II study of the Gynecologic Oncology Group.	Gynecologic oncology	2008	18455781	10.1016/j.ygyno.2008.03.009		https://doi.org/10.1016/j.ygyno.2008.03.009			pemetrexed;cisplatin;clinical_trial;preclinical	metadata_only
chemo_partner	preclinical_synergy	Dudek et al.	Phase 1/2 dose escalating study of twice-monthly pemetrexed and gemcitabine in patients with advanced cancer and non-small cell lung cancer.	Journal of thoracic oncology : official publication of the International Association for the Study of Lung Cancer	2008	18379358	10.1097/JTO.0b013e318169cdc4		https://doi.org/10.1097/JTO.0b013e318169cdc4			pemetrexed;nsclc;clinical_trial;preclinical	metadata_only
chemo_partner	preclinical_synergy	Bertino et al.	Imatinib mesylate enhances therapeutic effects of gemcitabine in human malignant mesothelioma xenografts.	Clinical cancer research : an official journal of the American Association for Cancer Research	2008	18223230	10.1158/1078-0432.CCR-07-1388		https://doi.org/10.1158/1078-0432.CCR-07-1388			pemetrexed;mapk;mesothelioma;preclinical	metadata_only
chemo_partner	preclinical_synergy	Garin et al.	A phase II study of pemetrexed and carboplatin in patients with locally advanced or metastatic breast cancer.	Breast cancer research and treatment	2008	17851759	10.1007/s10549-007-9722-5		https://doi.org/10.1007/s10549-007-9722-5			pemetrexed;carboplatin;mapk;clinical_trial;preclinical	metadata_only
chemo_partner	preclinical_synergy	Mercalli et al.	A preclinical evaluation of pemetrexed and irinotecan combination as second-line chemotherapy in pancreatic cancer.	British journal of cancer	2007	17426706	10.1038/sj.bjc.6603726	PMC2360188	https://doi.org/10.1038/sj.bjc.6603726		mercalli_2007_pmid17426706.xml	pemetrexed;bcl2_apoptosis;preclinical	fulltext_xml
chemo_partner	preclinical_synergy	Kano et al.	Schedule-dependent interactions between pemetrexed and cisplatin in human carcinoma cell lines in vitro.	Oncology research	2006	16898269	10.3727/000000006783981215		https://doi.org/10.3727/000000006783981215			pemetrexed;cisplatin;mesothelioma;preclinical	metadata_only
chemo_partner	preclinical_synergy	Atagi	[Combination therapy with S-1 plus docetaxel (DOC) for previously treated patients with non-small cell lung cancer].	Gan to kagaku ryoho. Cancer & chemotherapy	2006	16898002			https://pubmed.ncbi.nlm.nih.gov/16898002/			pemetrexed;nsclc;clinical_trial;preclinical	metadata_only
chemo_partner	preclinical_synergy	Treat et al.	Administration of pemetrexed immediately following gemcitabine as front-line therapy in advanced non-small cell lung cancer: a phase II trial.	Lung cancer (Amsterdam, Netherlands)	2006	16730854	10.1016/j.lungcan.2006.04.005		https://doi.org/10.1016/j.lungcan.2006.04.005			pemetrexed;nsclc;clinical_trial;preclinical	metadata_only
chemo_partner	preclinical_synergy	Perry et al.	Human splicing factor SPF45 (RBM17) confers broad multidrug resistance to anticancer drugs when overexpressed--a phenotype partially reversed by selective estrogen receptor modulators.	Cancer research	2005	16061639	10.1158/0008-5472.CAN-03-3675		https://doi.org/10.1158/0008-5472.CAN-03-3675			pemetrexed;carboplatin;preclinical;resistance	metadata_only
chemo_partner	preclinical_synergy	Rodenbach et al.	Combination treatment of CC531-lac-Z rat liver metastases by chemoembolization with pemetrexed disodium and gemcitabine.	Journal of cancer research and clinical oncology	2005	15657768	10.1007/s00432-004-0643-y	PMC12161237	https://doi.org/10.1007/s00432-004-0643-y			pemetrexed;preclinical	metadata_only
chemo_partner	preclinical_synergy	Boyer et al.	Pemetrexed: single-agent and combination phase I study overview.	Seminars in oncology	2002	12571806	10.1053/sonc.2002.37464		https://doi.org/10.1053/sonc.2002.37464			pemetrexed;cisplatin;carboplatin;mapk;clinical_trial;preclinical	metadata_only
repurposed_natural	preclinical_synergy	Wang et al.	Pemetrexed sensitizes cisplatin therapy by inducing ferroptosis in NSCLC cells.	Frontiers in pharmacology	2025	41646938	10.3389/fphar.2025.1764937	PMC12868191	https://doi.org/10.3389/fphar.2025.1764937		wang_2025_pmid41646938.xml	pemetrexed;cisplatin;ferroptosis;repurposed;nsclc;preclinical	fulltext_xml
repurposed_natural	preclinical_synergy	Salah et al.	Sequential Delivery of Novel Triple Drug Combination via Crosslinked Alginate/Lactoferrin Nanohybrids for Enhanced Breast Cancer Treatment.	Pharmaceutics	2022	36365222	10.3390/pharmaceutics14112404	PMC9693489	https://doi.org/10.3390/pharmaceutics14112404		salah_2022_pmid36365222.xml	pemetrexed;repurposed;preclinical	fulltext_xml
repurposed_natural	preclinical_synergy	Pangeni et al.	Preparation, Characterization, and In Vivo Evaluation of an Oral Multiple Nanoemulsive System for Co-Delivery of Pemetrexed and Quercetin.	Pharmaceutics	2018	30213140	10.3390/pharmaceutics10030158	PMC6161295	https://doi.org/10.3390/pharmaceutics10030158		pangeni_2018_pmid30213140.xml	pemetrexed;preclinical	fulltext_xml
repurposed_natural	preclinical_synergy	Zhang et al.	Metformin synergistic pemetrexed suppresses non-small-cell lung cancer cell proliferation and invasion in vitro.	Cancer medicine	2017	28719077	10.1002/cam4.1133	PMC5548881	https://doi.org/10.1002/cam4.1133		zhang_2017_pmid28719077.xml	pemetrexed;bcl2_apoptosis;repurposed;nsclc;preclinical	fulltext_xml
repurposed_natural	preclinical_synergy	Jacobson et al.	Triptolide and its prodrug minnelide suppress Hsp70 and inhibit in vivo growth in a xenograft model of mesothelioma.	Genes & cancer	2015	26000097	10.18632/genesandcancer.55	PMC4426951	https://doi.org/10.18632/genesandcancer.55		jacobson_2015_pmid26000097.xml	pemetrexed;bcl2_apoptosis;repurposed;mesothelioma;preclinical	fulltext_xml
repurposed_natural	clinical_landmark	Fleeman et al.	Pemetrexed for the first-line treatment of locally advanced or metastatic non-small cell lung cancer.	Health technology assessment (Winchester, England)	2010	20507803	10.3310/hta14Suppl1/07		https://doi.org/10.3310/hta14Suppl1/07			pemetrexed;cisplatin;carboplatin;repurposed;nsclc;clinical_trial	metadata_only
