kind	pmid	year	first_author	sentence
purity	42208977	2026	Carreira M	Only DOT cell expansions reaching ≥65% Vδ1+ T cells were used for experiments.
purity	42008532	2026	David J	At the time of use in experiments, Vδ1 T cells accounted for 13.9–51% (mean 29.2%) of the cells, whereas Vδ2 T cells accounted for 18.5–82.0% (mean 45.7%) and Vδ3 T cells accounted for 1.3–25.0% (mean 8.3%).
et	42008532	2026	David J	The E:T ratios of 20:1, 10: and 5:1 used in other studies [24,25,27] also differ from the E:T ratio of 1:1 used in our study and may explain why no significant killing was observed.
purity	42008532	2026	David J	Besides the E:T ratio and complementary assays for CD107a, the negative results may also reflect (a) the need of subset purification/priming, Vδ1 T cells ranged from 13.9 to 51%, which means in some cases, Vδ1 could be too diluted to show changes.
purity	42103354	2026	Fraietta JA	The resulting cell product was >95% pure Vδ1 T cells and genetically modified with the CAR, plus a safety switch (truncated epidermal growth factor receptor (EGFR)) for potential clinical use.
dn	41993168	2026	Goto Y	Among the CBM588-induced Vδ2+ T-cells, the majority were CD4 and CD8 double negative, with approximately 15% expressing CD8 (Supplementary Figure 6C).
purity	41993168	2026	Goto Y	Combined priming experiments using PBMCs from 28 donors in the UK and Japan confirmed that CBM588 tablet suspension significantly expanded Vδ2+ T-cells after 12 days, increasing the median frequency from 1.31% in unprimed cultures to 50.7% following stimulation (p < 0.0001;
purity	41993168	2026	Goto Y	Notably, Vδ2+ T-cell frequencies were generally higher in the donors from Japan, with ~30% of UK donors showing no expansion.
purity	41993168	2026	Goto Y	CBM588-primed T-cells demonstrated a median of 0.38% CD107a+/TNF+ responses among total CD3+ T-cells in response to wild-type A549 cells compared to 0.064% against BTN3A-deficient targets (Figure 2B; **** p < 0.0001), confirming robust and reproducible BTN3A-dependent activation.
et	41993168	2026	Goto Y	At a 1:1 effector-to-target ratio over 72 hours, CBM588 priming resulted in a median of 22.5% BTN3A-specific killing, calculated by subtracting killing of BTN3A-deficient targets from killing of wild-type A549 cells (p < 0.01;
et	41993168	2026	Goto Y	This effect was observed consistently across donors and increased further at a 2:1 effector-to-target ratio supporting a dose-dependent cytotoxic response.
purity	41558811	2026	Herold N	PD-1 expression on patients’ peripheral blood γδ T cells at baseline (BL) before the start of therapy was comparable to HD with a median of 23.8% for Vδ1 and 12.0% for Vδ2 T cells online supplemental figure S6A.
purity	41558811	2026	Herold N	Using an indirect staining approach using therapeutic antibodies, we found a significant decrease in the frequency of PD-1+ Vδ1 (9.3%) and Vδ2 T cells (4.8%) early during anti-PD-1 immunotherapy (at a median of 46 days after starting therapy; figure 1A and online supplemental figure S6B).
purity	41558811	2026	Herold N	(B) Overall survival of patients with late-stage melanoma dichotomized based on the BL median Vδ1 frequency (0.56%) determined by mass cytometry.
purity	41558811	2026	Herold N	(B) Overall survival of patients with late-stage melanoma dichotomized based on the BL median Vδ1 frequency (0.56%) determined by mass cytometry.
purity	41558811	2026	Herold N	Among all T cells, the median frequencies of Vδ1 and Vδ2 T cells were 0.56% and 0.88%, respectively, online supplemental figure S7.
purity	41558811	2026	Herold N	Of particular note is the patient P1 in the bottom row of the Vδ1high heatmap with a phenotypic profile similar to the Vδ1low group and having the lowest Vδ1 frequency (0.68%) within the Vδ1high group: this patient had an above-median OS of 657 days.
purity	41558811	2026	Herold N	Quantitative analysis revealed a low abundance of γδ T cells (figure 5B), which represented less than 2.0% of infiltrating T cells (figure 5C).
et	42382978	2026	Yu M	The γδ T cell cytotoxicity assay was set up by co-culturing 2 × 105 expanded Vδ1 or Vδ2 T cells and 1 × 105 CDH17-expressing tumor cells (2:1 E:T ratio) along with γδ TCE on 96-well plates.
purity	40785982	2025	Agbuduwe C	Gamma delta (γδ) T cells, which constitute about 5%–10% of peripheral blood lymphocytes, play key roles in tumor immunosurveillance and are often enriched within epithelial tissues.
purity	40785982	2025	Agbuduwe C	70 Recent updated results released by IN8bio indicated remarkable clinical responses in the AML cohort with 100% of trial participants remaining in complete remission after a median follow‐up of 20.1 months with the observation of γδ T‐cell persistence beyond 12 months.
purity	40785982	2025	Agbuduwe C	The γδ T cells (>90% Vδ2) infused were obtained from the same stem cell donors, expanded ex vivo with ZOL and IL‐2, and further cultured with artificial antigen‐presenting cells.
purity	40190167	2025	Boutin L	1 × 105 target cells were co-cultured for 4 h with amplified γδT cells (E/T ratio 1:1) in RPMI-1640 supplemented with 10% FBS containing Golgi Stop (BD Biosciences 554724) and anti-CD107a mAb for 4 h.
purity	40190167	2025	Boutin L	Target cells were treated for 18 h with zoledronic acid (Sigma, SML0223), followed by co-culture with amplified γδT cells (E/T ratio 10:1) in RPMI-1640 supplemented with 5% Human serum (Sigma, H5667) for 8 h.
purity	40897471	2025	Castenmiller SM	Of the remaining immune cells, CD3+ T cells were with a median of 64.5% most abundant (Fig 1D).
purity	40897471	2025	Castenmiller SM	CD3+ T-cell infiltrates in neuroblastoma lesions primarily consisted of αβ CD8+ T cells and conventional αβ CD4+ T cells (Tconv), together accounting for a median of 80% of CD3+ T cells (Figs 1E and S1A).
purity	40897471	2025	Castenmiller SM	We also detected γδ T cell infiltrates with a median of 9.2%, comprising up to 36% of the CD3+ T cells in one tumor lesion (Figs 1E and S1A).
purity	40897471	2025	Castenmiller SM	In contrast, well-expanding TIL products contained 64.0–91.7% CD45+ cells, and in nine samples, >90% of the CD45+ cells were CD3+ T cells (Fig 2D and E, black dots;
purity	40897471	2025	Castenmiller SM	Most strikingly, the production of IL-2 upon PMA/ionomycin stimulation was below 20% for CD8+ T cells and γδ T cells, and only four TIL products contained >20% IL-2–producing Tconv cells (Fig S3A and B).
purity	40148988	2025	Cieslak SG	However, over time and due to sequential infections during childhood, Vδ2 T cells expand and eventually constitute a significant portion (60–95%) of γδ T cells in adult peripheral blood (Fig.
purity	40236710	2025	Jiang S	A decreased percentage of γδ T cells was found in the AML-DN group compared to HIs (median: 3.88% vs.
dn	40236710	2025	Jiang S	A decreased percentage of γδ T cells was found in the AML-DN group compared to HIs (median: 3.88% vs.
purity	40236710	2025	Jiang S	In addition, the proportion of Vδ1 cells was higher in the AML-DN group when compared with HIs (median: 14.80% vs.
dn	40236710	2025	Jiang S	In addition, the proportion of Vδ1 cells was higher in the AML-DN group when compared with HIs (median: 14.80% vs.
purity	40236710	2025	Jiang S	A lower frequency of Vδ2 cells was found in the AML-DN group compared with the HIs (median: 53.20% vs.
dn	40236710	2025	Jiang S	A lower frequency of Vδ2 cells was found in the AML-DN group compared with the HIs (median: 53.20% vs.
purity	40236710	2025	Jiang S	First, the similar expression pattern of NKG2D on γδ T and its subset cells was AML-DN (median: 27.90%) < AML-CR (median: 64.00%) < HIs (median: 82.40%).
dn	40236710	2025	Jiang S	First, the similar expression pattern of NKG2D on γδ T and its subset cells was AML-DN (median: 27.90%) < AML-CR (median: 64.00%) < HIs (median: 82.40%).
purity	40236710	2025	Jiang S	Lower frequencies of NKG2D+ γδ (median: 27.90%), NKG2D+ Vδ1 (median: 19.50%), and NKG2D+ Vδ2 (median: 22.50%) in the AML-DN group were found compared with those in HIs and the CR group ( Figure 2C ;
dn	40236710	2025	Jiang S	Lower frequencies of NKG2D+ γδ (median: 27.90%), NKG2D+ Vδ1 (median: 19.50%), and NKG2D+ Vδ2 (median: 22.50%) in the AML-DN group were found compared with those in HIs and the CR group ( Figure 2C ;
purity	40236710	2025	Jiang S	Furthermore, the frequency of NKG2D+ Vδ2 in CR was statistically decreased compared with that of HIs (median: 78.50% vs.
purity	40236710	2025	Jiang S	Second, the expression patterns of TIGIT on γδ T and its subset cells were different from NKG2D expression, which showed HIs (median: 19.50%) < AML-CR (median: 27.1%) < AML-DN group (median: 58.20%) ( Figure 2D ;
dn	40236710	2025	Jiang S	Second, the expression patterns of TIGIT on γδ T and its subset cells were different from NKG2D expression, which showed HIs (median: 19.50%) < AML-CR (median: 27.1%) < AML-DN group (median: 58.20%) ( Figure 2D ;
purity	40236710	2025	Jiang S	A higher tendency of TIGIT+ γδ (median: 58.20% vs.
purity	40236710	2025	Jiang S	19.50%, p = 0.000), TIGIT+ Vδ1 (median: 79.90% vs.
purity	40236710	2025	Jiang S	76.60%, p = 0.193), and TIGIT+ Vδ2 (median: 46.70% vs.
dn	40236710	2025	Jiang S	12.20%, p = 0.000) was found in the AML-DN group compared with HIs ( Figure 2D ).
purity	40236710	2025	Jiang S	Similar expression patterns of Foxp3 on γδ T and its subset cells were also found in AML, which showed HIs (median: 0.83%) < AML-CR (median: 2.62%) < AML-DN (median: 4.51%) ( Figure 2E ;
dn	40236710	2025	Jiang S	Similar expression patterns of Foxp3 on γδ T and its subset cells were also found in AML, which showed HIs (median: 0.83%) < AML-CR (median: 2.62%) < AML-DN (median: 4.51%) ( Figure 2E ;
purity	40236710	2025	Jiang S	In the AML-DN group, there was a dramatically increased trend in Foxp3+ Vδ1 in the γδ T-cell subset (median: 4.21% vs.
dn	40236710	2025	Jiang S	In the AML-DN group, there was a dramatically increased trend in Foxp3+ Vδ1 in the γδ T-cell subset (median: 4.21% vs.
purity	40236710	2025	Jiang S	1.31%, p = 0.000) and Foxp3+ Vδ2 in the γδ T-cell subset (median: 6.74% vs.
purity	40236710	2025	Jiang S	In the CR group, the Foxp3+ population was also found to be higher than these three subgroups in γδ T cells (median: 2.90% vs.
purity	40236710	2025	Jiang S	Compared to the HIs, the percentage of NKG2D+ non-Vδ1/Vδ2 T cells was significantly decreased in the AML-DN group (median: 27.50% vs.
dn	40236710	2025	Jiang S	Compared to the HIs, the percentage of NKG2D+ non-Vδ1/Vδ2 T cells was significantly decreased in the AML-DN group (median: 27.50% vs.
purity	40236710	2025	Jiang S	72.00%, p < 0.001), while the percentages of TIGIT+ non-Vδ1/Vδ2 T cells (median: 53.00% vs.
purity	40236710	2025	Jiang S	35.40%, p < 0.001) and Foxp3+ non-Vδ1/Vδ2 T cells (median: 5.87% vs.
purity	40236710	2025	Jiang S	Interestingly, we observed a significant decrease in the frequency of NKG2D+TIGIT− subsets within the total γδ T cells (median: 7.18% vs.
purity	40236710	2025	Jiang S	64.10%, p = 0.000), as well as in the Vδ1 T cells (median: 3.08% vs.
purity	40236710	2025	Jiang S	17.20%, p = 0.000) and Vδ2 T cells (median: 6.55% vs.
dn	40236710	2025	Jiang S	77.30%, p = 0.000) in the AML-DN group compared to HIs ( Figure 3D ).
purity	40236710	2025	Jiang S	In contrast, the frequency of NKG2D−TIGIT+ subsets was significantly higher in the total γδ T cells (median: 26.00% vs.
purity	40236710	2025	Jiang S	3.33%, p = 0.000), as well as in the Vδ1 T cells (median: 60.30% vs.
purity	40236710	2025	Jiang S	11.40%, p = 0.000) and Vδ2 T cells (median: 31.40% vs.
dn	40236710	2025	Jiang S	0.62%, p = 0.000) in the AML-DN group compared to HIs ( Figure 3D ).
purity	40236710	2025	Jiang S	Compared with the CR group, the tendency of NKG2D+TIGIT− subsets expressing on the surface of total γδ T cells (median: 7.18% vs.
purity	40236710	2025	Jiang S	35.60%, p = 0.000), Vδ1 T cells (median: 3.08% vs.
purity	40236710	2025	Jiang S	35.30%, p = 0.000), and Vδ2 T cells (median: 6.55% vs.
dn	40236710	2025	Jiang S	52.00%, p = 0.000) was lower in the AML-DN group ( Figure 3D ).
purity	40236710	2025	Jiang S	Likewise, the frequencies of NKG2D−TIGIT+ subsets expressing on the surface of total γδ T cells (median: 26.0% vs.
purity	40236710	2025	Jiang S	7.73%, p = 0.000), Vδ1 T cells (median: 60.30% vs.
purity	40236710	2025	Jiang S	10.30%, p = 0.000), and Vδ2 T cells (median: 31.40% vs.
dn	40236710	2025	Jiang S	3.95%, p = 0.000) were higher in the AML-DN group compared with the CR group ( Figure 3D ).
purity	40236710	2025	Jiang S	Compared to AML-DN group, the percentage of NKG2D+TIGIT− non-Vδ1/Vδ2 T-cell subset was significantly increased in HIs (median: 23.90% vs.
dn	40236710	2025	Jiang S	Compared to AML-DN group, the percentage of NKG2D+TIGIT− non-Vδ1/Vδ2 T-cell subset was significantly increased in HIs (median: 23.90% vs.
purity	40236710	2025	Jiang S	7.50%, p < 0.001), whereas the proportion of NKG2D−TIGIT+ non-Vδ1/Vδ2 T-cell subset was significantly decreased (median: 31.10% vs.
purity	40236710	2025	Jiang S	We discovered that NKG2D+Foxp3− decreased in all γδ T subgroups: total γδ T cells (median: 19.80% vs.
purity	40236710	2025	Jiang S	82.50%, p = 0.000), Vδ1 T cells (median: 14.30% vs.
purity	40236710	2025	Jiang S	78.20%, p = 0.000), and Vδ2 T cells (median: 22.60% vs.
dn	40236710	2025	Jiang S	88.20%, p = 0.000) in the AML-DN group compared with the HIs ( Figure 3E ).
purity	40236710	2025	Jiang S	Inversely, the frequency of NKG2D−Foxp3+ was increased in total γδ T cells (median: 4.25% vs.
purity	40236710	2025	Jiang S	0.32%, p = 0.000), Vδ1 T cells (median: 4.07% vs.
purity	40236710	2025	Jiang S	0.17%, p = 0.000), and Vδ2 T cells (median: 4.60% vs.
dn	40236710	2025	Jiang S	0.35%, p = 0.000) in the AML-DN group compared with the HIs ( Figure 3E ).
purity	40236710	2025	Jiang S	Comparably, the lower tendency of NKG2D+Foxp3− subsets has been showed in total γδ T cells (median: 19.80% vs.
purity	40236710	2025	Jiang S	59.00%, p = 0.000), Vδ1 T cells (median: 14.30% vs.
purity	40236710	2025	Jiang S	61.60%, p = 0.000), and Vδ2 T cells (median: 22.60% vs.
dn	40236710	2025	Jiang S	75.00%, p = 0.000) in the AML-DN group compared with the CR group ( Figure 3E ).
purity	40236710	2025	Jiang S	Simultaneously, a higher tendency of NKG2D−Foxp3+ subsets has been shown in total γδ T cells (median: 4.25% vs.
purity	40236710	2025	Jiang S	1.64%, p = 0.009), Vδ1 T cells (median: 4.07% vs.
purity	40236710	2025	Jiang S	1.28%, p = 0.025), and Vδ2 T cells (median: 4.60% vs.
dn	40236710	2025	Jiang S	1.05%, p = 0.000) in the AML-DN group compared with the CR group ( Figure 3E ).
purity	40236710	2025	Jiang S	The results showed that the percentage of NKG2D+Foxp3− non-Vδ1/Vδ2 T cells was significantly reduced in both the AML-DN group (median: 26.80% vs.
dn	40236710	2025	Jiang S	The results showed that the percentage of NKG2D+Foxp3− non-Vδ1/Vδ2 T cells was significantly reduced in both the AML-DN group (median: 26.80% vs.
purity	40236710	2025	Jiang S	In contrast, the percentage of NKG2D−Foxp3+ non-Vδ1/Vδ2 T cells was significantly increased in both the AML-DN group (median: 4.90% vs.
dn	40236710	2025	Jiang S	In contrast, the percentage of NKG2D−Foxp3+ non-Vδ1/Vδ2 T cells was significantly increased in both the AML-DN group (median: 4.90% vs.
purity	41453774	2025	Liu W	For instance, the TcBuster system19 has demonstrated approximately 50% stable CAR integration into pan-γδ T cells, alongside robust expansion exceeding 5,000-fold during manufacturing.5
purity	40592738	2025	Nishimoto KP	Effector cells (Vδ1+CAR+ viable cells) were cocultured with target cells at various E:T ratios in RPMI 1640 medium (Gibco) containing 10% FBS.
purity	40592738	2025	Nishimoto KP	To activate and specifically expand the Vδ1 T cell subset, which represents a small fraction of PBMCs (0.2%–1.0%), a similar CAR-T manufacturing process as previously described was used8 (figure 2A), including transduction with a γ-RV encoding the CAR construct depicted in figure 2B.
purity	40592738	2025	Nishimoto KP	Flow cytometry analysis of ADI-270 final product averaged across both small and large-scale productions found a high purity of Vδ1 T cells (92.5%±2.1%), of which 72.0%±7.5% were CAR+ (figure 2D).
et	40592738	2025	Nishimoto KP	(B) The cytotoxic potential of ADI-270 was measured against a panel of cells derived from hematologic and solid tumors with varying levels of CD70 expression at a 1:1 E:T ratio for 72 hours.
et	40592738	2025	Nishimoto KP	(C) Comparison of cytotoxicity between ADI-270 and anti-CD70 CAR αβ T cell references against A498 and ACHN tumor cells at a 1:1 E:T ratio for 24 hours.
et	40592738	2025	Nishimoto KP	The cytotoxicity of ADI-270 against CD70 KO A498 cells alone (light blue) and in a mixture with CD70+ A498 cells (CD70+/−, dark blue) at a 1:1 E:T ratio for 48 hours.
et	40592738	2025	Nishimoto KP	(B) The cytotoxic potential of ADI-270 was measured against a panel of cells derived from hematologic and solid tumors with varying levels of CD70 expression at a 1:1 E:T ratio for 72 hours.
et	40592738	2025	Nishimoto KP	(C) Comparison of cytotoxicity between ADI-270 and anti-CD70 CAR αβ T cell references against A498 and ACHN tumor cells at a 1:1 E:T ratio for 24 hours.
et	40592738	2025	Nishimoto KP	The cytotoxicity of ADI-270 against CD70 KO A498 cells alone (light blue) and in a mixture with CD70+ A498 cells (CD70+/−, dark blue) at a 1:1 E:T ratio for 48 hours.
purity	39778860	2025	Park WH	Additionally, research on patients with Merkel cell carcinoma (MCC) revealed that the 4 predominant TCR clonotypes, comprising 69% of the total γδ TIL population, are Vδ1 TCR clones, indicating TCR-driven clonal expansion (Gherardin et al., 2021).
purity	40996786	2025	Portillo AL	All expanded γδ T cell and NK cell cultures were maintained in complete RPMI 1640 media supplemented with human IL-2 (100 U/mL) and cultured at 37°C and 5% CO2.
et	40996786	2025	Portillo AL	For transwell cytotoxicity assays, effector cells were seeded in the apical surface of the 0.4 μm transwell (Sarstedt) at 4:1 E:T ratio and CFSE+ OVCAR8 cells were seeded in the basolateral surface.
et	40996786	2025	Portillo AL	Expanded γδ T cells were incubated for 1 h at 37°C and 5% CO2 with blocking antibodies and then co-cultured with CFSE-labeled OVCAR8 or MDA-MB-231 cells in duplicates at a 4:1 E:T ratio in a 5 h cytotoxicity assay.
purity	40996786	2025	Portillo AL	Expanded γδ T cells were incubated for 1 h at 37°C and 5% CO2 with blocking antibodies and then co-cultured with CFSE-labeled OVCAR8 or MDA-MB-231 cells in duplicates at a 4:1 E:T ratio in a 5 h cytotoxicity assay.
purity	40996786	2025	Portillo AL	The percentage of Vδ1 T cells significantly increased from mean 6.14 ± 3.99% at pre-expansion to mean 70.20 ± 11.37% after eight weeks (Figure 1J).
purity	40996786	2025	Portillo AL	The Vδ2 T cells became almost completely absent after the expansion, significantly deceasing from mean 81.50 ± 7.60% to mean 3.79 ± 2.91%.
et	40996786	2025	Portillo AL	Expanded Vδ1 T cells exhibited a trend for greater killing at the 2.5:1 and 5:1 E:T ratios compared to Vδ2 T cells (Fig.
et	40996786	2025	Portillo AL	However, there was an overall lack of improvement in cytotoxicity at the 10:1 E:T from the 5:1 E:T ratio.
purity	40996786	2025	Portillo AL	NRG mice were injected intraperitoneally with OVCAR8-Luciferase cells (OVCAR8-Luc) and then administered either PBS (tumor only) or 20x106 expanded γδ T cells from a donor with > 95% Vδ1 T cells at multiple time points (Figure 3A).
purity	40996786	2025	Portillo AL	This is followed by delivery of AAVs containing a DNA template encoding the transgene of interest, which is incorporated via homologous recombination during the cell’s intrinsic DNA-repair process.27 For this study, we chose a HER2-specific second-generation CAR with a CD28 co-stimulatory domain and CD3ξ that was previously shown to enhance tumor targeting of human expanded NK cells and αβ T cells.28,36 Using this method, the HER2 CAR was integrated at the AAVS1 safe harbor locus of expanded Vδ1 T cells producing HER2 CAR/AAVS1 KO-Vδ1 T cells with 62% CAR expression (Figure 6A).
purity	40112194	2025	Zhu G	A final culture predominantly consisting of Vδ1 T cells (the proportion was ≈70%) was obtained using a combination of T cell activators and cytokine mix B.
purity	40112194	2025	Zhu G	These results are in contrast to the <40% purity obtained in the single cytokine group (Figure 4C,D, and Figure S6A, Supporting Information).
purity	40112194	2025	Zhu G	Consistent transduction efficiency (32.01%–58.64%) was observed across eight γδ T cell groups cultured from four different donors (activated with T cell activators or Lymactin) (Figure 4G and Figure S7A, Supporting Information).
purity	38321065	2024	Lien SC	Surprisingly, we found almost 10-fold expansion (3.68 to 35.8%) in the frequency of γδ T cells in patient E-013 who experienced a complete response to therapy (Fig.
purity	38321065	2024	Lien SC	Analysis of the peripheral blood from patient E-013 also showed a four-fold expansion of γδ T cells (1.4 to 7.28%) that peaked at week 12 and then subsequently declined (Fig.
purity	38321065	2024	Lien SC	Individual TRG and TRD genes were transduced into Jurkat76 using spinfection and after 5 days, TCR transfectants were selected to purity (>95% purity) using CD3 Microbeads (Miltenyi Biotec, Catalog #130-050-101).
et	38437507	2024	Mensurado S	For killing assays, AML cell lines or primary samples were stained with a dye and washed before coincubation with DOT cells at an effector-to-target ratio of 5:1, for 3 or 24 hours, in the presence of 100 ng/mL of interleukin-15 (Peprotech).
purity	38426099	2024	Verkerk T	Here, we investigated whether γδ T cells directly isolated from blood could be efficiently expanded while maintaining function. γδ T cell subsets were isolated using MACS separation, followed by FACS sorting, yielding >99% pure γδ T cells.
purity	38426099	2024	Verkerk T	Zoledronate based expansion of Vδ2 T cells in total PBMCs can generate over 90% pure Vδ2 T cells, but shows strong variation in yields between donors (59–63).
purity	38426099	2024	Verkerk T	Here, we report an isolation and expansion method which reproducibly generates high and >99% pure Vδ1 and Vδ2 T cell numbers after 14 days of expansion using PBMC as starting material.
purity	38426099	2024	Verkerk T	In short, γδ T cells per well were expanded in IMDM containing feeder cells (0.1x106 irradiated EBV-LCLs (50Gy) and 1x106 PBMCs (30Gy) per ml), 5% heat inactivated human serum (HS, Sanquin), 5% FCS and antibiotics supplemented with 120 U/mL IL-2 (Peprotech), 20 ng/mL IL-7 (Research grade, Miltenyi), 20 ng/mL IL-15 (Peprotech) and 1 μg/mL Phytohaemagglutinin (PHA, HA16 Remel™, Thermo Fisher Scientific) at the start of the culture.
purity	38426099	2024	Verkerk T	During expansion, the percentage of Vδ2+ T cells remained stable with a >98% purity with a minor reduction to approx.
purity	38426099	2024	Verkerk T	Direct isolation targeting the Vδ2 TCR thus yields pure Vδ2+ T cells populations (>99%) which can successfully be expanded.
purity	38426099	2024	Verkerk T	The percentage of CD3+Vδ2+ T cells significantly increased to 93-97% after a 14-day expansion period ( Figure 1E ).
purity	38426099	2024	Verkerk T	From two donors, γδ T cells were isolated from PBMCs using the TCRγ/δ+ T Cell Isolation Kit (Miltenyi), which comprised of 49% and 80% Vδ2+ T cells.
purity	38426099	2024	Verkerk T	Expansion of these γδ T cells yielded 20-27 million cells of which 76-96% were Vδ2+ T cells and 3-20% are CD3+Vδ2- cells ( Supplementary Figures 1E–G ).
purity	38426099	2024	Verkerk T	Before expansion, 38-54% of the Vδ2+ T cells were primarily of a central memory (TCM;
purity	38426099	2024	Verkerk T	After expansion, most Vδ2+ T cells exhibited a TEM phenotype which comprised 60-79% of the cells, followed by a TCM phenotype containing 17-28% of the cells ( Figures 1I, J ).
purity	38426099	2024	Verkerk T	90% Vδ1+ or Vδ2+ pure populations, with purity being increased to > 99% purity by additional FACS sort ( Supplementary Figure 1H ).
purity	38426099	2024	Verkerk T	Expansion of the MACS+FACS sorted cells generated >99% pure CD3+ T cells ( Figure 2B ).
purity	38426099	2024	Verkerk T	In contrast, plate bound activation of PBMCs yielded between 75-96% CD3+ cells, which still consisted of a significant number of conventional αβ T cells ( Supplementary Figures 2A–C ).
purity	38426099	2024	Verkerk T	Expansion of directly isolated Vδ1+ and Vδ2+ T cells (purity >95%) from three donors with an initial seeding density of 150 cells per well showed expansion ratios of >1000 fold at day 17 of expansion ( Figure 5 ).
purity	38426099	2024	Verkerk T	We described a methodology to directly isolate γδ T cells from PBMCs using MACS enrichment followed by FACS-based sorting, generating >99% pure γδ T cells.
purity	38426099	2024	Verkerk T	Again, a steady >99% purity is guaranteed with γδ specific MACS/FACS sort prior to expansion in contrast to other methods showing donor dependent γδ T cell frequencies.
purity	38426099	2024	Verkerk T	The pre-enrichment of γδ T cells by MACS isolation (purity γδ T cells of total cells: 80-90%) as described here, greatly reduces the time necessary to FACS sort the cells.
purity	36851283	2023	Hur G	RPMI 1640 medium (Lonza, Walkersville, MD, USA) supplemented with 10% fetal bovine serum (Gibco, Grand Island, NY, USA), 1% L-glutamine (Lonza, Walkersville, MD, USA), and 1% penicillin/streptomycin (Lonza, Walkersville, MD, USA) was used as a basic culture medium for γδ T cells. γδ T cells, at 5 × 105 cells/mL, were co-cultured in a 24-well plate with irradiated (100 Gy) aAPCs at a 2:1 T cell:aAPCs ratio with 200 U/mL of IL-2 (Proleukin;
purity	36851283	2023	Hur G	After one week of additional culture, Vδ1+ T cells accounted for 93.2% ± 4.4% of all cells (Figure 2a,b).
purity	36851283	2023	Hur G	Most cultured Vδ1+ T cells had differentiated into central memory cells (TCM, CD45RA-CD27+, 54.4% ± 18.4%) and effector memory cells (TEM, CD45RA-CD27−, 37.4% ± 22.2%).
et	36851283	2023	Hur G	U937 cells showed significantly higher susceptibility to killing by cord blood Vδ1+ T cells (77.7 ± 10.54%, E:T ratio = 10:1) than adult Vδ2+ T cells (63.8% ± 12.8%, E:T ratio = 10:1).
et	36851283	2023	Hur G	Meanwhile, K562 cells showed lower susceptibility to killing by cord blood Vδ1+ T cells (49.5% ± 17.4%, E:T ratio = 10:1) than adult Vδ2+ T cells (57.2% ± 34%, E:T ratio = 10:1), and Daudi cells showed susceptibility only to adult Vδ2+ T cells (87.5% ± 11.6%, 6% ± 6.9%, E:T ratio = 10:1).
purity	36851283	2023	Hur G	Meanwhile, K562 cells showed lower susceptibility to killing by cord blood Vδ1+ T cells (49.5% ± 17.4%, E:T ratio = 10:1) than adult Vδ2+ T cells (57.2% ± 34%, E:T ratio = 10:1), and Daudi cells showed susceptibility only to adult Vδ2+ T cells (87.5% ± 11.6%, 6% ± 6.9%, E:T ratio = 10:1).
purity	36851283	2023	Hur G	Peripheral blood Vδ1+ T cells cultured in the presence or absence of IL-2, soluble anti-CD3 antibody (clone OKT3), and IL-15, showed the highest NKp30 expression (28%) in Vδ1+ T cells cultured with the OKT3/IL-2/IL-15 combination [38].
purity	36376516	2023	Knight A	A small subset of Vδ3 T cells has been described, which plays a role in anti-cytomegalovirus (CMV) immunity [13]. γδ T cells account for 1–10% of all CD3 + circulating T cells but have been shown to expand in patients with hematological malignancies, such as lymphoma [14, 15], myeloma [16] and leukemia [17–20].
purity	36376516	2023	Knight A	The cell purity was routinely greater 97%.
purity	36376516	2023	Knight A	No significant differences were found for Vδ1 T cells in CML patients at diagnosis (0.03–32.9%, median 0.7) compared to HD (0.2–6.1%, median 1.1).
purity	36376516	2023	Knight A	Similar results were detected for frequencies of Vδ2 T cells in HD (0.4–18.5%, median 2.8) and CML patients at diagnosis (0.2–21.7%, median 2.0) as shown in Fig.
purity	36376516	2023	Knight A	Additionally, Vδ1 T cells (0.3–5.5%, median 0.6) and Vδ2 T cells (0.7–5.7%, median 2.1) found in EURO-SKI patients were not significantly different to HD.Fig.
et	36376516	2023	Knight A	Percentage of specific lysis at 5:1 ranged between K652 (mean 15.3%, SD 1.1%), LAMA-84 (mean 12.3%, SD 0.3%), KYO-1 (mean 13.2%, SD 0.4%).
purity	36376516	2023	Knight A	However, the same effector Vδ1 γδ T cells killed efficiently the multiple myeloma U266 tumor targets (mean 64.2%, SD 8.8%) at the same 5:1 E:T ratio.
et	36376516	2023	Knight A	We observed higher percentage of specific lysis at 5:1 ratio (mean 22.6%, SD 0.3%) and at 10:1 (mean 30.1%, SD 3.0%) compared to CML cell lines.
purity	36376516	2023	Knight A	All of the eight tested patient Vδ1 T cell samples were able to lyse CML tumor at low 5:1 ratio (mean 18.4%, SD 3.3%).
et	36376516	2023	Knight A	Also, we determined the cytotoxic reactivity of CML patients’ Vδ1 γδ T cells against allogeneic primary CML cells at 5:1 ratio (mean 40.4%, SD 7.5%) shown in Fig.
purity	36376516	2023	Knight A	Also, we determined the cytotoxic reactivity of CML patients’ Vδ1 γδ T cells against allogeneic primary CML cells at 5:1 ratio (mean 40.4%, SD 7.5%) shown in Fig.
et	36376516	2023	Knight A	Freshly sorted Vδ1 γδ T cells from healthy donors were co-cultured with CML targets for 4 h, and specific lysis was determined at 5:1 (white bars) and 10:1 (gray bars) effector/ target (E:T) ratio.
et	36376516	2023	Knight A	Freshly sorted Vδ1 γδ T cells from healthy donors were co-cultured with CML targets for 4 h, and specific lysis was determined at 5:1 (white bars) and 10:1 (gray bars) effector/ target (E:T) ratio.
et	36376516	2023	Knight A	Freshly sorted Vδ1 γδ T cells from healthy donors were co-cultured with CML targets for 4 h, and specific lysis was determined at 5:1 (white bars) and 10:1 (gray bars) effector/ target (E:T) ratio.
purity	36928415	2023	Rancan C	Hence, we confirmed the presence of Vδ2− cells co-expressing PD-1, TIGIT and TIM3, which overall represented about 8% of tumor-infiltrating Vδ2− cells (Fig.
et	36928415	2023	Rancan C	P values by Student’s t-test are shown beneath each marker name. d, Representative time-course tumor cell killing (n = 2 independent experiments with different donors) in cultures of primary RCC tumor cells cultured alone (gray) or with autologous sorted αβ CD8+ (green) or γδ Vδ2− TILs (red) (E:T 40:1).
et	36928415	2023	Rancan C	Values at time 0 from cultures with TILs alone were subtracted for normalization. e, Tumor cell killing in cultures with autologous Vδ2− TILs with or without anti-PD-L1 (showing one of two independent experiments). f, IFNγ+ ELISpot counts from ex vivo cultures (n = 2 independent experiments with n = 2 different donors) with γδ or αβ sorted TILs stimulated with autologous kidney tumor cells (E:T 2:1) in the presence or absence of anti-PD-L1.
et	36928415	2023	Rancan C	P values by Student’s t-test are shown beneath each marker name. d, Representative time-course tumor cell killing (n = 2 independent experiments with different donors) in cultures of primary RCC tumor cells cultured alone (gray) or with autologous sorted αβ CD8+ (green) or γδ Vδ2− TILs (red) (E:T 40:1).
et	36928415	2023	Rancan C	Values at time 0 from cultures with TILs alone were subtracted for normalization. e, Tumor cell killing in cultures with autologous Vδ2− TILs with or without anti-PD-L1 (showing one of two independent experiments). f, IFNγ+ ELISpot counts from ex vivo cultures (n = 2 independent experiments with n = 2 different donors) with γδ or αβ sorted TILs stimulated with autologous kidney tumor cells (E:T 2:1) in the presence or absence of anti-PD-L1.
purity	36928415	2023	Rancan C	Vδ2− cells showed comparable degree of TCR expansion to Vδ2+ cells, with 59% and 65% of expanded cells, respectively (Fig.
purity	36928415	2023	Rancan C	Most Vδ2− subsets showed comparable degrees of expansion ranging from 40% to 60%, with Vδ1 at 55.6% (Fig.
purity	37063856	2023	Sanz M	Vδ2 T cells represent the majority of circulating γδ T cells whereas the Vδ1 subpopulation is rare in the blood of healthy adults (0.1-0.3% of T cells) and instead primarily reside in barrier tissues such as the gut mucosa, lungs, and female reproductive system (4, 5).
purity	37063856	2023	Sanz M	Gene expression profiles of purified, in vitro expanded Vδ1 and Vδ2 T cell subsets revealed specific changes in approximately 50% of genes suggesting non-redundant roles following activation (21).
purity	37063856	2023	Sanz M	Purity of the isolated populations was greater than 99% ( Supplemental Figure 1 ).
purity	37063856	2023	Sanz M	Among total CD3+ T cells, a median of 0.4% (range 0-4.4) were Vδ1 T cells, and a median of 2.6% (range 0.3-19.20) were Vδ2 T cells (p<0.001, Figure 1A ), and had a similar representation between women and men (p>0.05, Figure 1A ).
purity	37063856	2023	Sanz M	A median of 0.4% (range 0-4.4) were Vδ1 T cells, and a median of 2.6% (range 0.3-19.20) were Vδ2 T cells (p<0.001).
purity	37063856	2023	Sanz M	A median of 0.4% (range 0-4.4) were Vδ1 T cells, and a median of 2.6% (range 0.3-19.20) were Vδ2 T cells (p<0.001).
purity	37063856	2023	Sanz M	The frequency of alive Daudi cells upon coculture with γδ T cell populations was similar (mean of alive Daudi cells of 46.87% p= 0.016 vs.
purity	37063856	2023	Sanz M	Vδ1, Vδ2 and CD4 T cell frequencies within total CD3+ T cells in this subgroup of donors were the expected (median frequency of 0.9%, 1.8% and 39.7%, respectively, Figure 4B ).
purity	37063856	2023	Sanz M	CD247 expression was the highest within Vδ2 T cells followed by CD4+ T cells and finally Vδ1 T cells (median of 99.75%, 86.4%, and 37.25% respectively, Figure 4C ).
purity	38259448	2023	Schadeck J	The percentage of Vδ1 T cells within PBMC ranged between 0.1 and 3% (median 0.5%), and in TIL between 0.5 and 5% (median 1%), whereas the percentage of Vδ2 T cells within PBMC ranged between 0.1 and 10% (median 1.7%), and in TIL between 0.1 and 2.5% (median 0.9%).
purity	38259448	2023	Schadeck J	At a purity of >95%, γδ T cells were used for functional assays or preserved in liquid nitrogen, while they were subjected to a positive magnetic separation by using anti-Vγ2,3,4 mAb clone 23D12 or anti-Vδ1 mAb clone R9.12 followed by anti-Mouse IgG MicroBeads (Miltenyi Biotec) at a purity <95%.
purity	38259448	2023	Schadeck J	Purity of γδ T cells was >95% as analyzed by flow cytometry.
purity	36631610	2023	de Vries NL	(2) WGS data passing standard quality controls (as defined previously, including a sequencing-based tumour purity of ≥20%)25; and (3) available RNA-seq data (Supplementary Table 1).
purity	36631610	2023	de Vries NL	(2) had available WGS data passing standard quality controls (as defined before, including a sequencing-based tumour purity ≥20%)25;
et	36631610	2023	de Vries NL	For organoid surface staining, tumour organoids were dissociated into single cells using TrypLE Express (Gibco), washed twice in cold FACS buffer (PBS, 5 mM EDTA, 1% bovine serum antigen), and stained with anti-HLA-A/B/C-PE (1:20, W6/32, BD Biosciences), anti-B2M-FITC (1:100, 2M2, BioLegend), anti-PD-L1-APC (1:200, MIH1, eBioscience) and 1:2,000 near-infrared (NIR) viability dye (Life Technologies), or isotype controls (1:1,000 FITC;
purity	36631610	2023	de Vries NL	The reactivity of γδ T cells to the different cancer cell lines was assessed by a co-culture reactivity assay. γδ T cells were thawed and cultured in IMDM + GlutaMax (Gibco)/8% nHS medium with penicillin (100 IU ml−1) and streptomycin (100 μg ml−1) in the presence of low-dose IL-2 (25 IU ml−1) and IL-15 (5 ng ml−1) overnight at 37 °C.
purity	36631610	2023	de Vries NL	On day 2, γδ T cells were thawed and cultured in IMDM + GlutaMax/8% nHS medium with penicillin (100 IU ml−1) and streptomycin (100 μg ml−1) in the presence of low-dose IL-2 (25 IU ml−1) and IL-15 (5 ng ml−1) overnight at 37 °C.
et	36631610	2023	de Vries NL	After 4 h of incubation at 37 °C, γδ T cells were washed twice in cold FACS buffer (PBS, 5 mM EDTA, 1% bovine serum antigen) and stained with anti-CD3-PerCP-Cy5.5 (1:20, BD Biosciences), anti-TCRγδ-PE (1:20, BD Bioscience), anti-CD4-FITC (1:20, BD Bioscience) (not added in experiments with NKG2D ligand blocking), anti-CD8-BV421 (1:200, BD Biosciences) and 1:2,000 near-infrared (NIR) viability dye (Life Technologies) for 30 min at 4 °C.
purity	35863820	2022	Bruni E	(H) Kaplan-Meier curves showing postsurgical OS (%) of patients with CLM based on the median frequencies (%) of CD69+CD27− (cut-off ≤2%; left panel) and CD69+CD28− liver Vδ1 T cells in PT (cut-off ≤5%; right panel) (n=63) Statistically significant p values are represented with the following number of asterisks (*): *p ≤ 0.05; ***p ≤ 0.001; ****p ≤ 0.0001.
purity	35863820	2022	Bruni E	(H) Kaplan-Meier curves showing postsurgical OS (%) of patients with CLM based on the median frequencies (%) of CD69+CD27− (cut-off ≤2%; left panel) and CD69+CD28− liver Vδ1 T cells in PT (cut-off ≤5%; right panel) (n=63) Statistically significant p values are represented with the following number of asterisks (*): *p ≤ 0.05; ***p ≤ 0.001; ****p ≤ 0.0001.
purity	35863820	2022	Bruni E	(E) Kaplan-Meier curve showing postoperative disease-free survival (%) ranking in TCGA cohorts of low-frequency microsatellite instability (MSI-L) and microsatellite stability (MSS) patients with CLM stratified by the low (blue curve) or high (red curve) Vδ1-Cy-SI expression (HR 0.5; median high cut-off 50%–50%; n=110).
purity	35863820	2022	Bruni E	(F) Kaplan-Meier curve (left panel) showing the OS (%) in TCGA cohorts of MSI-L and MSS patients with CLM stratified by the low (blue curve) or high (red curve) Vδ1-Cy-SI ranking (HR 0.5; median 50%–50% high cut-off; n=110).
purity	35863820	2022	Bruni E	The cox proportional HR of the Vδ1-Cy-SI high and low-expression cohort was calculated by GEPIA2, while 95% CI was calculated as ‘exp [ln(HR)±z×SE], with SE’.51 Statistically significant p values are represented with the following number of asterisks (*): *p ≤ 0.05; ***p ≤ 0.001; ****p ≤ 0.0001; ns, not statistically significant.
purity	35863820	2022	Bruni E	(E) Kaplan-Meier curve showing postoperative disease-free survival (%) ranking in TCGA cohorts of low-frequency microsatellite instability (MSI-L) and microsatellite stability (MSS) patients with CLM stratified by the low (blue curve) or high (red curve) Vδ1-Cy-SI expression (HR 0.5; median high cut-off 50%–50%; n=110).
purity	35863820	2022	Bruni E	(F) Kaplan-Meier curve (left panel) showing the OS (%) in TCGA cohorts of MSI-L and MSS patients with CLM stratified by the low (blue curve) or high (red curve) Vδ1-Cy-SI ranking (HR 0.5; median 50%–50% high cut-off; n=110).
purity	35863820	2022	Bruni E	The cox proportional HR of the Vδ1-Cy-SI high and low-expression cohort was calculated by GEPIA2, while 95% CI was calculated as ‘exp [ln(HR)±z×SE], with SE’.51 Statistically significant p values are represented with the following number of asterisks (*): *p ≤ 0.05; ***p ≤ 0.001; ****p ≤ 0.0001; ns, not statistically significant.
purity	35863820	2022	Bruni E	This phenomenon is mainly due to the expansion of PB CD69+ TEMRA Vδ1 T cells that account up to 70% of total Vδ1 TEMRA cells in CLM (figure 7C, D).
purity	35863820	2022	Bruni E	(I) Kaplan-Meier curve showing postoperative OS (%) of patients with CLM stratified on the basis of the median frequency (%) of the PB CD69+CD28− Vδ1 T cells in patients with CLM (cut-off ≤10%; n=53).
purity	35863820	2022	Bruni E	(I) Kaplan-Meier curve showing postoperative OS (%) of patients with CLM stratified on the basis of the median frequency (%) of the PB CD69+CD28− Vδ1 T cells in patients with CLM (cut-off ≤10%; n=53).
purity	35711450	2022	Ferry GM	In these donors, a pre-initiation Vδ1:Vδ2 ratio of greater than 0.4:1 was associated with at least 50% Vδ1 cell purity at harvest (R2 = 0.74) ( Figure 1L ).
purity	35711450	2022	Ferry GM	Product Vδ2 depletion midway was highly efficacious; at harvest it yielded a ~77% pure Vδ1 cell product, with a ~17% non-Vδ1/Vδ2 γδT cell presence ( Figure 1Q ).
purity	35711450	2022	Ferry GM	Product depletion at harvest yielded a similar purity of ~72% Vδ1 cells and ~20% non-Vδ1/Vδ2 γδT cells ( Figures 1R, S ).
purity	35711450	2022	Ferry GM	We note that, while initially negative, also 50-70% of Vδ1 cells upregulated CD56 upon expansion ( Supplementary Figure 4C ), negating the possibility of a CD56-based contaminant depletion at harvest.
purity	35390227	2022	He W	Vγ9Vδ2 T cells with >90% purity were used in our experiments (e.g. in vitro functional phenotyping and scRNA‐seq).
purity	35390227	2022	He W	(A) Flow cytometry showed ex vivo‐expanded γδ2+ T cells from healthy donors achieved over 90% purity in the overall CD3 population.
purity	35390227	2022	He W	(A) Flow cytometry showed ex vivo‐expanded γδ2+ T cells from healthy donors achieved over 90% purity in the overall CD3 population.
purity	34462572	2022	Khairallah C	The canonical and the public Vδ1 TCRs represented the majority of (~85%) the repertoire of STm primary and STm recall samples, regardless of prior exposure to Lm (Fig.
purity	34462572	2022	Khairallah C	CDR3 clonotypes expressing mTRDV4 in the V region were selected for analysis. mTRDV4 sequences represented 96.04 to 99.89% of the total TCRδ reads analyzed.
purity	35784326	2022	Saura-Esteller J	Healthy individuals typically harbor in the order of 50-500 million Vγ9Vδ2 T-cells in the peripheral blood alone (1-10% of the total CD3+ T-cell population), which can rapidly expand upon stimulation.
purity	35784326	2022	Saura-Esteller J	In 2016, Almeida et al. described a 3 week culture protocol based on stimulation of γδ T-cells from healthy donors or CLL patients with a combination of cytokines and anti-CD3 monoclonal antibody (mAb) clone OKT-3, resulting in 2000-fold expansion and 60-80% enrichment of Vδ1 T-cells (59).
purity	35637401	2022	Wu Y	Similar to their presence in peripheral blood (median, interquartile range (IQR): 2.49%, 0.80–6.76%), γδ T cells detected by flow cytometry comprised a small fraction of total T cells in both NT lung tissues (2.22%, 1.39–5.26%) and tumors (1.15%, 0.85–3.05%), with considerable interindividual variation (Fig.
purity	35637401	2022	Wu Y	In contrast to peripheral blood, where most γδ T cells expressed Vδ2, most γδ T cells found in lung tissues and tumors expressed Vδ1 (47.6%, 30.8–74.4% and 46.8%, 32.1–70.0% respectively), consistent with a well-established enrichment of Vδ1 T cells in other tissues29 (Fig.
purity	35637401	2022	Wu Y	Compared with NT lung tissues, tumors harbored a greater proportion of CD8+ (median, IQR: 65.6%, 57.7–75.3%), Vδ1 (66.6%, 34.4–78.5%) and Vδ2 T cells (10.3%, 5.03–18.2%) expressing CD103 whereas the proportion of CD103 expressing CD4+ T cells was reduced (Fig.
purity	35637401	2022	Wu Y	On average, approximately a quarter of unique Vδ1 CDR3 sequences present in tumors were found in paired NT tissues (median, IQR: 27.3%, 16.5–35.4%) (Fig.
purity	36591503	2022	Zheng J	A decreased trend for the total γδ T cell proportion in CD3+ T cells from 21 patients with de novo AML when compared with 15 HIs ( Figures 2A, B ) (median: 5.5% vs.
purity	36591503	2022	Zheng J	8.8%, P = 0.049) was found together with an increased proportion of the Vδ1 subgroup (median: 52.3% vs 17.7%, P = 0.004) and a decreased proportion of the Vδ2 T cell subgroup in the total γδ T cell population (median: 31.0% vs.
purity	36591503	2022	Zheng J	A significantly higher percentage of Foxp3+ γδ T cells in the CD3+ T cell population (median: 6.7% vs.
purity	36591503	2022	Zheng J	4.2%, P = 0.007) and Foxp3+ Vδ1 in the γδ T cell population (median: 4.7% vs.
purity	36591503	2022	Zheng J	A high tendency for Foxp3+ Vδ2 in γδ T cells was also found; however, this did not appear to be statistically significant (median: 2.5% vs.
purity	36591503	2022	Zheng J	It was noted that there was a dramatically increased trend in total PD-1+ γδ T cells in the CD3+ T cell population (median: 5.8% vs.2.4%), PD-1+ Vδ1 cells in the γδ T cell population (median: 18.4% vs.
purity	36591503	2022	Zheng J	6.6%), and PD-1+ Vδ2 cells in the γδ T cells population (median: 14.2% vs.
purity	36591503	2022	Zheng J	Compared with HIs, the PD-1 proportion in the Foxp3+ γδ T cell population was significantly increased (median: 1.2% vs.
purity	36591503	2022	Zheng J	0.1%, P < 0.001), and the Foxp3+ Vδ2 subset was also increased in AML patients (median: 0.7% vs.
purity	36591503	2022	Zheng J	However, there was no significant difference in the Foxp3+ Vδ1 subset (median: 1.2% vs.
purity	34691070	2021	Hudecek R	Human gamma-delta (γδ) T lymphocytes play critical roles in immune surveillance mediating potent inflammatory response and contributing to prominent tumor killing (18, 19). γδ T cells account for 1%–10% of T cells in the peripheral blood in adults and are often enriched as resident cells within the solid organs and mucosal tissues.
purity	34691070	2021	Hudecek R	The cell purity was routinely greater at 97%.
purity	34691070	2021	Hudecek R	We found significantly low percentages of Vδ1 T cells in PB (p = 0.008) (median 0.5%, range 0.1%–2.4%) in endometriosis patients compared with HD (median 0.9%, range 0.1%–3.8%), as shown in Figure 2A , whereas Vδ2 T cells showed no difference between the endometriosis patients (median 1.5%, range 0.2%–7.9%) and healthy controls (median 2.4%, range 0.3%–11.9%), as shown in Figure 2B .
purity	34691070	2021	Hudecek R	We found most patients with dramatically reduced Vδ1 T cells in PF (median 0.1%, range 0%–2.8%) compared with PB samples (median 0.5%, range 0.1–2.4%) (p = 0.001) in Figure 2E .
purity	34691070	2021	Hudecek R	Similarly, no significant differences were identified for circulating Vδ2 T cells (median 1.5%, range 0.2%–7.9%) compared with PF samples (median 2.0%, range 0%–11.5%), in Figure 2F .
et	34691070	2021	Hudecek R	We determined the 4-h killing reactivity shown as percentages of specific lysis of Vδ1 and Vδ2 γδ T cells at 5:1 and 10:1 E:T ratio.
et	34691070	2021	Hudecek R	First, the summary of Vδ1 T cell-mediated killing (n = 4) at 5:1 E:T against KLE (mean 29.8%, SD 4.2%), RL95-2 (mean 28.4%, SD 12.7%) and Ishikawa (n = 3, mean 25.1%, SD 3.8%) in Figure 4 is shown.
purity	34691070	2021	Hudecek R	First, the summary of Vδ1 T cell-mediated killing (n = 4) at 5:1 E:T against KLE (mean 29.8%, SD 4.2%), RL95-2 (mean 28.4%, SD 12.7%) and Ishikawa (n = 3, mean 25.1%, SD 3.8%) in Figure 4 is shown.
purity	34691070	2021	Hudecek R	Importantly, significant antiendometrial reactivity of Vδ1 T cells was detected at 10:1 E:T against KLE (mean 34.8%, SD 1.3%), RL95-2 (35.9%, SD 14.2%), and Ishikawa (mean 37.8%, SD 4.3%).
et	34691070	2021	Hudecek R	Freshly sorted γδ T cells from three to five healthy donors (numbered anonymously) were co-cultured with tumor targets for 4 h, and specific lysis was determined at 5:1 and 10:1 E:T ratio.
et	34691070	2021	Hudecek R	Freshly sorted γδ T cells from three to five healthy donors (numbered anonymously) were co-cultured with tumor targets for 4 h, and specific lysis was determined at 5:1 and 10:1 E:T ratio.
et	34691070	2021	Hudecek R	At low E:T ratio of 5:1, the specific lysis was detected against KLE (n = 5, mean 44.4%, SD 10.3%), RL95-2 (n = 4, mean 26.0%, SD 8.6%), and Ishikawa (n = 4, mean 34.4%, SD 6.4%).
purity	34691070	2021	Hudecek R	Prominent ability of Vδ2 γδ T cells to recognize and kill endometrial tumor targets was observed at 10:1 E:T against KLE (mean 49.8%, SD 11.1%), RL95-2 (mean 33.2%, SD 8.8%) and Ishikawa (mean 40.7%, SD 10%).
et	34691070	2021	Hudecek R	Interestingly, all Vδ1 T cells isolated from healthy donors killed efficiently both tumor cell lines at 5:1 and 10:1 E:T ratios; however, the cytotoxicity was reduced when the EphA2 receptor was blocked.
et	34691070	2021	Hudecek R	The target cells were preincubated with the EphA2 antibody prior to 4 h cytotoxicity assays and the specific lysis of KLE (A) and RL95-2 (B) cells was determined at 5:1 and 10:1 E:T ratios.
et	34691070	2021	Hudecek R	Dose-dependent inhibition of cytotoxicity by Vδ1 T cells is shown at 5:1 (pale grey bars) and 10:1 (dark grey bars) E:T ratios.
et	34691070	2021	Hudecek R	(D) Vδ1 T-cell-mediated killing of EphA2-negative Ishikawa endometrial cell line was analyzed at 10:1 E:T with/without the presence of small-molecule inhibitor ALW-II-41-27 (1 µM) and is shown as the mean ± SD of independent experiments performed in duplicates.
et	34691070	2021	Hudecek R	The target cells were preincubated with the EphA2 antibody prior to 4 h cytotoxicity assays and the specific lysis of KLE (A) and RL95-2 (B) cells was determined at 5:1 and 10:1 E:T ratios.
et	34691070	2021	Hudecek R	Dose-dependent inhibition of cytotoxicity by Vδ1 T cells is shown at 5:1 (pale grey bars) and 10:1 (dark grey bars) E:T ratios.
et	34691070	2021	Hudecek R	(D) Vδ1 T-cell-mediated killing of EphA2-negative Ishikawa endometrial cell line was analyzed at 10:1 E:T with/without the presence of small-molecule inhibitor ALW-II-41-27 (1 µM) and is shown as the mean ± SD of independent experiments performed in duplicates.
et	34691070	2021	Hudecek R	We incubated the KLE target cells with ALW-II-41-27 inhibitor at 1 and 10 µM concentrations and showed the specific lysis significantly reduced at both 5:1 and 10:1 E:T ratios in the range 50%–80% (median 71%) ( Figure 6C ).
et	34691070	2021	Hudecek R	Next, we used the EphA2-negative Ishikawa cell line and determined the specific lysis at 10:1 E:T in the presence of ALW-II-41-27 (1 µM).
et	34691070	2021	Hudecek R	The loss of EPHA2 significantly reduced specific lysis by 35%–90% (median 45%) by Vδ1 T cells in knockout versus wild type (WT) at 5:1 E:T ratio is shown in Figure 7A .
purity	34691070	2021	Hudecek R	The loss of EPHA2 significantly reduced specific lysis by 35%–90% (median 45%) by Vδ1 T cells in knockout versus wild type (WT) at 5:1 E:T ratio is shown in Figure 7A .
et	34691070	2021	Hudecek R	Next, we observed the Vδ1 T-cell cytotoxicity inhibition of RL95-2 WT versus KO cells and also in the addition of ALW-II-41-27 inhibitor (1 µM) at 10:1 E:T in Figure 7B .
et	34691070	2021	Hudecek R	(A) Freshly sorted Vδ1 T cells were co-cultured with tumor targets for 4 h, and cytotoxicity was determined at 5:1 E:T ratio for the wild type (WT, white bars) and the EPHA2 knockout (KO, grey bars) shown as the mean ± SD of independent experiments performed in duplicates (HD numbered anonymously).
et	34691070	2021	Hudecek R	(B) Similarly, inhibition of specific lysis by Vδ1 T cells was determined at 10:1 E:T ratio for the wild type (WT, white bars) and the EPHA2 knockout (KO, dark grey bars) with/without the presence of small-molecule inhibitor ALW-II-41-27 (1uM) and is shown as the mean ± SD of independent experiments performed in duplicates.
et	34691070	2021	Hudecek R	(A) Freshly sorted Vδ1 T cells were co-cultured with tumor targets for 4 h, and cytotoxicity was determined at 5:1 E:T ratio for the wild type (WT, white bars) and the EPHA2 knockout (KO, grey bars) shown as the mean ± SD of independent experiments performed in duplicates (HD numbered anonymously).
et	34691070	2021	Hudecek R	(B) Similarly, inhibition of specific lysis by Vδ1 T cells was determined at 10:1 E:T ratio for the wild type (WT, white bars) and the EPHA2 knockout (KO, dark grey bars) with/without the presence of small-molecule inhibitor ALW-II-41-27 (1uM) and is shown as the mean ± SD of independent experiments performed in duplicates.
et	34691070	2021	Hudecek R	The A-498 KO cells showed significant protection from specific lysis mediated by Vδ1 T cells compared with WT cells at 10:1 ratio between 40% and 77% (median 61%).
purity	34691070	2021	Hudecek R	The A-498 KO cells showed significant protection from specific lysis mediated by Vδ1 T cells compared with WT cells at 10:1 ratio between 40% and 77% (median 61%).
et	34691070	2021	Hudecek R	Similarly, HT-29 KO cells presented significant reduction of tumor killing than WT cells at 10:1 ratio between 42% and 75% (median 44%).
et	34691070	2021	Hudecek R	Both Vδ1 and Vδ2 γδ T cells were able to lyse tumor cell lines at low 5:1 E:T ratios with specific lysis ranging between 20% and 68% in the 4-h killing assays.
et	34691070	2021	Hudecek R	Second, we used the EPHA2 small-molecule inhibitor ALW-II-41-27 on KLE endometrial tumor cells and also showed specific lysis significantly reduced at both 5:1 and 10:1 E:T ratios.
et	34691070	2021	Hudecek R	Third, to confirm the effect of EphA2 inhibition, we generated EPHA2 knockout in endometrial cell line RL95-2 by the CRISPR/Cas9 method and showed significantly reduced specific lysis by Vδ1 T cells in knockout versus wild type at 5:1 and 10:1 E:T ratios.
purity	33777007	2021	Minculescu L	In the T cell compartment, the fraction of TCR γδ decreased from median 2.6 to 2.4% which was statistically significant in the non-parametric Wilcoxon signed rank test.
purity	33777007	2021	Minculescu L	18%, p=0.006) and lower fractions of Vδ2 cells (mean 52 vs.76%, p=0.01) of out of total TCR γδ cells compared to CMV negative donors.
purity	33777007	2021	Minculescu L	49%, p=0.05) and the fraction of TEMRA TCR γδ cells was higher (mean 53 vs.
purity	33865435	2021	Muller CKS	They usually comprise 0.5–16% of all CD3+ T cells in the peripheral blood (PB) but can expand to up to 60% during bacterial and viral infections [40–42].
purity	33846331	2021	Weng RR	First, we found that in vitro coculture of untreated lung cancer and γδ T cells at an effector to target (E:T) ratio of 3:1 caused merely 20–30% cytolysis of A549 human lung cancer cells (Supplementary Fig.
purity	32699351	2020	Kabelitz D	Such investigations (usually combined with functional analysis of isolated TILs) have been performed in several types of cancer, including melanoma, pancreatic adenocarcinoma, glioblastoma multiforme, colorectal carcinoma, hepatocellular carcinoma, breast cancer, and others.65–70 In some studies, γδ T cells comprised up to 20% of CD3+ TILs.68 Due to the limited availability of antibodies suitable for immunohistological analysis of paraffin-embedded tissue or frozen sections, most studies have focused on the detection of all γδ T cells using a pan-TCRγδ mAb.
purity	31833593	2020	Oberg HH	After 2 wk, most γδ T cell lines had a purity between 60% and 99% γδ T cells. γδ T cells with a purity <98% were labeled with anti‐TCR αβ mAb clone IP26 (BioLegend) and subjected to magnetic separation to deplete remaining αβ T cells. αβ T cells were labeled with either anti‐CD4 mAb clone OKT4 (BioLegend) or anti‐CD8 mAb clone SK1 (BioLegend) and subjected to magnetic separation to deplete CD4 or CD8 αβ T cells.
purity	31833593	2020	Oberg HH	Another crucial factor is the enrichment of ascites with tumor‐promoting soluble factors, extracellular vesicles and suppressive tumor‐derived immune cells.43 We cultured our propagated tumor cells out of tumor tissue and ascites with 10% ascites supernatant, and in several experiments we added 10 to 20% of ascites supernatant, which did not negatively influence the efficacy of the bsscFv [HER2xCD3] or tribody [(HER2)2xVγ9].
purity	31273218	2019	Di Lorenzo B	Peripheral blood was collected from buffy coat cells, diluted with 1 volume of PBS (Invitrogen Life Technologies), and separated on a Histopaque-1077 density gradient. γδ T cells were first isolated by magnetic cell sorting (MACS) using a negative selection strategy (αβ depletion kit by Miltenyi Biotech); and then stained with anti-TCRVδ1 (clone TS8.2), anti-TCRVδ2 (clone B6), anti-CD3 (clone HIT3a) and anti-TCRαβ (clone IP26) mAbs; and FACS-sorted (CD3+ TCRVδ1+) to >98% purity in FACS Aria III (BD Biosciences).
purity	31273218	2019	Di Lorenzo B	CD3+ TCRαβ− TCRVδ1+ TCRVδ2− cells were sorted to > 98% final purity.
purity	31273218	2019	Di Lorenzo B	CD3+ TCRαβ− TCRVδ1+ TCRVδ2− cells were sorted to > 98% final purity.
purity	31824502	2019	Polito VA	Since we never obtained a purity higher than 60%, a γδ-T cell selection was performed before carrying out the functional assays.
purity	31824502	2019	Polito VA	Cells were sorted to a purity of ≥94% with the MoFlo Astrios sorter (Beckman Coulter, Brea, CA, USA) using the Summit software (Beckman Coulter).
purity	31824502	2019	Polito VA	Purity was assessed after selection, showing 96.9% ± 1.4% γδ-T cells, 0.3% ± 0.2% TCR-αβ+, and 0.9% ± 0.3% Natural Killer (NK) cells (Figures 1B,C).
purity	31824502	2019	Polito VA	As shown in Figure 2A, both products maintain purity (CD3/TCR-γδ+) at the end of the expansion, with a maximum of 0.8% ± 0.6% and 1.9% ± 0.2% (n = 7) residual TCR-αβ T and NK cells, respectively; no statistical differences were observed between the two groups.
purity	31824502	2019	Polito VA	At day+28, pp65-stimulated γδ-T cells maintained the same cell composition compared to that observed at the beginning of the culture (90.6% ± 3.7% of CD4neg/CD8neg and 3.4% ± 1.4% of CD8+), whereas CD40L/pp65-stimulated cells significantly reduced the percentage of CD4neg/CD8neg, increasing the CD8+ subset (40.2% ± 9% and 53.1% ± 8.6%, respectively; p < 0.001) (Figure 2B).
et	31824502	2019	Polito VA	(C) shows long-term cytotoxic activity of γδ CD40L/pp65 T cells against Daudi tumour cells in 3 or 6 days of co-culture at E:T ratios of 1:1 and 5:1 compared to polyclonally activated αβ-T cells.
et	31824502	2019	Polito VA	(C) shows long-term cytotoxic activity of γδ CD40L/pp65 T cells against Daudi tumour cells in 3 or 6 days of co-culture at E:T ratios of 1:1 and 5:1 compared to polyclonally activated αβ-T cells.
et	31824502	2019	Polito VA	We hypothesised that this effect could be related to cytokine consumption, and therefore IL2/15 were added at day+3, leading to a re-acquisition of killing capacity on day+6 also at 1:1 E:T ratio (p < 0.001) (Figure 3C).
purity	31824502	2019	Polito VA	Although both freshly-isolated and polyclonally-expanded αβ- and γδ-T cells share more than 74% of their proteins and biological processes, each population shows a peculiar profile.
purity	31824502	2019	Polito VA	Therefore, we optimised the selection protocol using the autoMACS Pro-separator, which faithfully reproduces the separation procedure used by the Clinimacs Prodigy. γδ-T cells isolated through this approach exhibited a similar phenotype compared to those manually isolated (Figure 7A). γδ-T cells (purity > 92.3% ± 4.1%) were then co-cultured with CD40L/pp65_aAPCs in bioreactors as described above.
purity	29310916	2018	Capsomidis A	As expected, ZOL preferentially expanded the Vδ2 subtype (more than 80% purity by day 13 post-activation) (Figures 1C and 1F).
et	29310916	2018	Capsomidis A	Efficient cytotoxicity of LAN1 targets was observed using either stimulation protocol (Figures 2F and 2G), and the level of killing by γδ CAR-T cells at an effector-to-target (E:T) ratio of 10:1 was broadly equivalent to that observed with αβ CAR-T cells transduced with the same receptor following CD3/CD28 stimulation (Figure 2E).
purity	29310916	2018	Capsomidis A	To evaluate the relative antigen-specific killing properties of specific γδT cell subsets, bulk cell populations underwent fluorescence-activated cell sorting (FACS) to greater than 95% purity to generate populations of CAR-expressing Vδ1+ and Vγ9Vδ2 subtype (Vδ2+) cells, as well as control αβ CAR-T cells.
purity	29310916	2018	Capsomidis A	Purified Populations of Vδ1+ and Vδ2+ T Cells Transduced with GD2-CAR Are Each Capable of Antigen-Specific Lysis of LAN1 Neuroblastoma CellsGD2-CAR-transduced (TD) αβ, Vδ1+, and Vδ2+ T cells were sorted to >95% purity by fluorescence-activated cell sorting (FACS).
purity	29310916	2018	Capsomidis A	(D–F) ConA-activated NTD and GD2-CAR-transduced αβ, Vδ1+, and Vδ2+ CAR+ T cells underwent FACS to >95% purity and were cocultured with LAN1 for 4-hr 51Cr release assay (data represented as mean ± SEM;
purity	29310916	2018	Capsomidis A	GD2-CAR-transduced (TD) αβ, Vδ1+, and Vδ2+ T cells were sorted to >95% purity by fluorescence-activated cell sorting (FACS).
purity	29310916	2018	Capsomidis A	(D–F) ConA-activated NTD and GD2-CAR-transduced αβ, Vδ1+, and Vδ2+ CAR+ T cells underwent FACS to >95% purity and were cocultured with LAN1 for 4-hr 51Cr release assay (data represented as mean ± SEM;
purity	29310916	2018	Capsomidis A	First, for selective expansion of the Vγ9Vδ2 subtype (Vδ2+), PBMCs were resuspended in medium (RPMI, 10% fetal calf serum [FCS], 1% penicillin/streptomycin [PS]) supplemented with 100 IU/mL IL-2 (Proleukin, Prometheus, Switzerland) and 1 μg/mL ZOL (Zerlinda at 4 mg/100 mL, Actavis).
purity	29310916	2018	Capsomidis A	Second, for the expansion of polyclonal γδT cells, including those bearing the Vδ1+ and Vδ2+ TCR, PBMCs were resuspended in medium (RPMI, 10% FCS, 1% PS) supplemented with 100 IU/mL IL-2, 10 ng/mL recombinant IL-4 (Cellgenix), and 1 μg/mL ConA (Sigma-Aldrich). αβ T cells were activated and expanded using 1 μg/mL soluble anti-CD3 (clone OKT3, Miltenyi) and anti-CD28 antibodies (clone 15E8, Miltenyi) (CD3/CD28).
purity	29680462	2018	Davey MS	Similarly, phycoerythrin (PE) [62], a model BCR antigen derived from a marine alga, was also convincingly demonstrated to be a direct γδ TCR ligand in mice, and for an extremely low proportion of the human Vδ1 T cell repertoire (<0.025% of CD3+ T cells, Table 1), excluding recognition by expanded Vδ1 Teffector clonotypes.
purity	30013562	2018	Willcox CR	The most prevalent of these, CALWEVQELGKKIKVF, highlighted in many previous studies (7, 11, 15, 16, 18), comprised between 4 and 45% of the Vγ9 repertoire (20–22).
purity	30013562	2018	Willcox CR	While most healthy donors have similar Vγ9 repertoires composed of up to 80% public Vγ9 clonotypes and diverse Vδ2 clonotypes (23), a minority of healthy donors have one or several expanded Vγ9 and Vδ2 clonotypes reminiscent of Vδ1 expansions (21), with the top clone comprising 20–40% of all Vγ9 and Vδ2 CDR3s (23).
purity	29582851	2018	Yue C	The specific procedure was: a 24-well cell culture plate was coated by anti-pan-TCRγδ mAb (10 μL of 0.05 mg/mL anti-pan-TCRγδ mAb and 500 μL of serum-free RPMI 1640 medium were added to each well and incubated at 37°C for 2 h); the prepared PBMC suspension was added to the coated wells (3~5×106 cells/well) and incubated in an incubator (37°C, 5% CO2).
purity	29582851	2018	Yue C	We added 0.2 ml of RPMI-1640 medium containing 0.125 μg of anti-TCR Vδ1 monoclonal antibody to each well of a 48-well plastic culture plate, and incubated it in a saturated wet environment (37°C, 5%CO2) for 2 h.
purity	29582851	2018	Yue C	The PBMC suspension re-suspended with complete medium (RPI-1640 + 10% FBS) was added to a 48-well plate (1.0 ml per well) coated with anti-TCR Vδ1 monoclonal antibody and cultured in a saturated wet environment (37°C, 5%CO2).
purity	29582851	2018	Yue C	The solution was replaced or divided to wells every 1 to 3 days according to the cell growth state, cultured for 2 weeks, then the Vδ1 T cells with purity higher than 90% were sorted out by flow cytometry.
purity	29582851	2018	Yue C	The amplified Vδ2 T cells were sorted by flow cytometry to obtain Vδ2 T cells with purity greater than 90%.
purity	29582851	2018	Yue C	The amplified Vδ1 T cells were sorted by flow cytometry to obtain Vδ1 T cells with purity greater than 90%.
purity	29582851	2018	Yue C	After in vitro culture for 14 days after anti-TCR γδ antibody stimulation and in the presence of IL-2, the purity of γδ T cells in healthy controls and patients with glioma was over 80%; in the healthy controls, the Vδ2 T cells dominated and Vδ1 T cells were scarce, while in the patients with glioma, the Vδ1 T cells dominated and the Vδ2 T cells were scarce.
purity	28248310	2017	Davey MS	TCRδ D75 values (the percentage of unique sequences required to account for 75% of total reads) were <6% in this grouping (mean 2.23±s.e.m.
purity	28248310	2017	Davey MS	2.76%), in contrast to focused adult Vδ1 repertoires (mean 2.23±s.e.m.
purity	28248310	2017	Davey MS	3c), and comprised numerous low frequency clonotypes, the most prevalent of which represented <1.30% and <2.17% of the total unique CDR3s detected, for TCRγ and TCRδ respectively (see cumulative frequency plots accounting for the 10 highest prevalence clonotypes, Fig.
purity	28248310	2017	Davey MS	From this perspective, while unequivocal binding and/or structural data have been determined for phycoerythrin (PE) - and CD1d-reactive Vδ2neg TCRs33,35,37, both PE and CD1d reagents published to date stain a small percentage (<0.1%) of Vδ1 T cells in peripheral blood in the absence of in vitro expansion, and the naïve/effector phenotype of such cells is unclear.
purity	25566249	2014	Deniger DC	These trials established safety of large Vγ9Vδ2 T cell expansions in vivo and generated a total of nine objective responses (11.3%;
purity	25426121	2014	Poggi A	The subset bearing the Vδ1 chain of the TCR is <1–2% of circulating T cells and is mostly represented in the mucosal-associated lymphoid tissue, known to play an important role in the first-line defense against viral, bacterial, and fungal pathogens (1–5). γδT cells recognize a wide variety of antigens, such as lipids, proteins, and phosphoantigens (P-Ag), without the need of HLA-restricted antigen presentation (6–9): circulating Vδ2 T lymphocytes are involved in the response to mycobacteria, EBV, and some solid tumors, while resident Vδ1 T cells contribute to the immunity against Listeria monocytogenes, CMV, and certain hematological malignancies (2–4, 10).
purity	23189169	2012	Cordova A	Ruggero De Maria, Istituto Superiore di Sanità, Rome, Italy), growing in adhesion in Dulbecco’s Modified Eagle’s Medium (DME) with 10% FCS, was used as target in cocultures with polyclonal Vδ1+ and Vδ2+ T cell lines obtained from 8 patients affected by melanoma.
purity	23189169	2012	Cordova A	The greatest numbers of infiltrating immune cells were macrophages (CD14+ cells), while CD3+ T cells were scarcely represented within the analyzed primary melanomas (4.3%). γδ T cells were the major lymphocyte subset and accounted for approximately 50% of the total CD3+ population ( Figure 1 ).
purity	23189169	2012	Cordova A	Conversely, the TCM cell subset was very poorly represented in the infiltrating γδ T cell population (approximately 3.7%).
purity	23189169	2012	Cordova A	An opposite pattern was found for Vδ2+ γδ T cells with a TEM phenotype, which were poorly represented amongst circulating Vδ2+ γδ T cells of healthy subjects (13%) and melanoma patients (21%), while being the predominant population (84.5%) in the melanoma-infiltrating γδ T cells.
et	23189169	2012	Cordova A	Of the eight tested Vδ1+ T cell lines, five exerted robust cytotoxic responses against the melanoma cell line A375, resulting in up to 70% target cell death at an E:T cell ratio of 25∶1; one line had poor, yet detectable cytotoxic activity, whereas two lines failed to kill ( Figure 5C ).
et	23189169	2012	Cordova A	Remarkably, and in clear contrast to Vδ1+ T cell lines, only two out of eight tested Vδ2+ T cell lines demonstrated clear cytotoxic activity against A375 melanoma cells, with an average of 75% target cell lysis at an E:T cell ratio of 25∶1 ( Figure 5D ); two cell lines had low cytotoxic activity, while four lines completely failed to kill.
purity	23189169	2012	Cordova A	Accordingly, more than 90% of melanoma-infiltrating Vδ2+ T cells have a TEM and TEMRA phenotype, indicative of cells that home to sites of inflammation and that display immediate effector functions as cytokine production or cytotoxic activity [41].
purity	23243593	2012	Donia M	All such products contained > 97% of CD3+ cells (data not shown).
purity	23243593	2012	Donia M	The Vδ1+ subset represented the majority of γδ T cells detected, accounting for 60 ± 35%.
purity	23243593	2012	Donia M	(A) Responses of Vδ1 T cells (from patient 11, > 90% of Vδ1 T cells) evaluated with the production of tumor necrosis factor α (TNFα) and interferon γ (IFNγ) when unstimulated (control), or stimulated with autologous or an HLA-A-unmatched allogeneic melanoma cells.
purity	23243593	2012	Donia M	(A) Responses of Vδ1 T cells (from patient 11, > 90% of Vδ1 T cells) evaluated with the production of tumor necrosis factor α (TNFα) and interferon γ (IFNγ) when unstimulated (control), or stimulated with autologous or an HLA-A-unmatched allogeneic melanoma cells.
purity	23243593	2012	Donia M	IFNγ production by cells from patient 11 (exhibiting > 90% of Vδ1+ cells, see Table 1) was further confirmed by ELISPOT (Fig.
purity	23243593	2012	Donia M	Recognition of healthy non-transformed cells by Vδ1 T cells was excluded, because of the absent or very low (< 0.1%) cytokine production when the TILs from patient 11 against autologous tumor cells were incubated with allogeneic irradiated peripheral blood mononuclear cells (PBMCs) from two different donors (data not shown).
purity	23243593	2012	Donia M	In contrast, stimulation with the leukocyte activation cocktail (LAC) led to the production of Type 1 cytokines on > 95% of Vδ1 T cells (Fig.
purity	23243593	2012	Donia M	Data indicate that Vδ1+ T cells proliferate significantly more than αβ T cells in the same culture, with 45% undivided cells vs.
purity	15897274	2005	Halary F	The mean ± SD percentages of CMV/HT29-reactive Vδ2neg γδ T cells for the five tested patients were 16.9 ± 13.1% and 11.3 ± 13.7%, respectively (Fig.
purity	15897274	2005	Halary F	7 B (bottom), CMV/HT29-reactive Vδ2neg γδ T cells were virtually absent from the three CMV seronegative blood donors analyzed (mean ± SD of CD107apos cells: 2.1 ± 1.8% and 2.1 ± 1.6%, respectively).
dn	15686597	2005	Re F	T lymphocytes bearing the γδ T cell receptor (TCR) represent a minor population of human peripheral lymphocytes (1–10%), the majority of them expressing the CD3+CD4-CD8- phenotype [1-4].
et	41694338	2026	Morandi F	The GADEKILL γδ T and NK cells were analyzed by flow cytometry for the expression of activating and inhibitory receptors and for cytotoxicity against NB, both with and without dinutuximab-β, at a 1:1 effector-to-target ratio.
purity	41694338	2026	Morandi F	Furthermore, all the inhibitory receptors assessed were found to be expressed on γδ T lymphocytes present in the cell product (mean % of Programmed cell death protein 1 (PD-1): 69.1%, range: 41.5% to 96.7%;
et	41694338	2026	Morandi F	Notably, the effector-to-target ratio used in the cytotoxicity studies was highly challenging for the cell product, as it did not account for the relative proportion of NK cells within GADEKILL, which ranged from 64.1% to 78.2% (data not shown).
et	41694338	2026	Morandi F	Notably, the effector-to-target ratio used in our cytotoxicity studies was very challenging for the cell product, as it did not account for the relative proportion of NK cells in the GADEKILL, which ranged from 64.1% to 78.2% (Morandi et al. in press).
purity	42035083	2026	Su Z	Baseline analysis revealed that γδ T cells represent the most reactive subset within expanded TILs, with 12.3% expressing CD137 compared to 3.49% of CD8+ T cells (p = 0.0118).
purity	42035083	2026	Su Z	Notably, autologous BCO–TIL coculture preferentially enhanced γδ T-cell activation, reaching 24.85% CD137+—a frequency significantly higher than that of CD8 (9.15%, p = 0.0062) and CD4 (9.99%) subsets.
et	42035083	2026	Su Z	Maximal cell death (RFU fold-change: 5.2 ± 0.5) was achieved at an effector-to-target (E:T) ratio of 10:1 (p < 0.0001).
purity	42035083	2026	Su Z	Autologous γδ T cells exhibit superior baseline reactivity and achieve preferential tumor-induced activation (24.85% CD137+) after BCO coculture.
et	42035083	2026	Su Z	Allogeneic Vγ9Vδ2 T cells mediate potent, dose-dependent cytotoxicity against BCOs (maximal efficacy at 10:1 E:T ratio).
purity	42035083	2026	Su Z	The cocultures were incubated at 37 °C in 5% CO2 for a period of 24 hours to allow sufficient interaction between the BCOs and Vγ9Vδ2 T cells.
purity	42035083	2026	Su Z	To investigate the cytotoxic potential of γδ T cells against tumor organoids, we first collected γδ T cells with a purity exceeding 85% after ex vivo expansion.
purity	42035083	2026	Su Z	Notably, γδ T cells reached 24.85% CD137+ under coculture conditions, and the CD137+ fraction within γδ T cells was significantly higher than that in CD8+ T cells (24.85% vs.
purity	42035083	2026	Su Z	When we subtracted the baseline values of the TIL-alone group from those of the coculture group to calculate the fold increase in CD137+ positivity, we found that the increase in γδ T cells was significantly greater than that in CD8+ T cells (12.55% vs.
et	42035083	2026	Su Z	We then cocultured these enriched Vγ9 Vδ2 T cells with BCOs at various effector-to-target (E:T) ratios (1:1, 5:1, and 10:1) to evaluate their cytotoxic potential.
et	42035083	2026	Su Z	At lower E:T ratios (1:1 and 5:1), the cytotoxic effect was less pronounced, confirming that a higher density of effector cells leads to enhanced tumor killing.
et	42035083	2026	Su Z	Relative fluorescence unit (RFU) values at 0 h (C) and 24 h (D) showing a significant increase in cell death at higher E:T ratios (0:1, 1:1, 5:1, and 10:1), confirming γδ T-cell-mediated cytotoxicity.
et	42035083	2026	Su Z	Relative fluorescence unit (RFU) values at 0 h (C) and 24 h (D) showing a significant increase in cell death at higher E:T ratios (0:1, 1:1, 5:1, and 10:1), confirming γδ T-cell-mediated cytotoxicity.
et	42035083	2026	Su Z	Relative fluorescence unit (RFU) values at 0 h (C) and 24 h (D) showing a significant increase in cell death at higher E:T ratios (0:1, 1:1, 5:1, and 10:1), confirming γδ T-cell-mediated cytotoxicity.
dn	41097694	2025	Eckstrom A	41.32% ± 9.29%; p = 0.0004), while the mean percentage of CD4-CD8- T cells was significantly higher (14.84% ± 19.37% vs.
dn	41097694	2025	Eckstrom A	However, within the CD4-CD8- T cells, the percentage of γδ T cell population was significantly smaller in AML patients than in healthy donors (39.62% ± 21.14% vs.
et	41097694	2025	Eckstrom A	In contrast, Vγ9Vδ2 T cells alone efficiently induced apoptosis in OCI-AML3 in an E:T ratio-dependent manner (7.31% ± 1.15 at 0:1, 56.80% ± 3.67 at 2:1, and 88.73 ± 2.42 for 5:1) (Figure 5B), suggesting that the killing mechanism of Vγ9Vδ2 T cells is effective against venetoclax-resistant cells.
et	40489497	2025	Kitidee K	At concentrations of 180 and 360 nM, the CD3/GD2 BiTE significantly enhanced the killing ability of human Vγ9Vδ2 T cells against SH-SY5Y cells at an E:T ratio of 1:1.
et	40489497	2025	Kitidee K	The combination of CD3/GD2 BiTE and human Vγ9Vδ2 T cells also exhibited cytotoxic activity against a three-dimensional tumor spheroid model of SH-SY5Y GFP at an E:T ratio of 1:1.
purity	40489497	2025	Kitidee K	After 14 days of expansion culture, the Vγ9Vδ2 T cell phenotype increased to 88.56 ± 10.32%, with a fold expansion of 103.29 ± 50.76.
purity	40489497	2025	Kitidee K	The purity of the expanded Vγ9Vδ2 T cells was 82.32 ± 8.92%.
et	40489497	2025	Kitidee K	To evaluate whether the CD3/GD2 BiTE enhances the cytotoxicity of Vγ9Vδ2 T cells in vitro, SH-SY5Y neuroblastoma cells were used as target cells, while activated Vγ9Vδ2 T cells served as effector cells at different effector-to-target (E:T) ratios of 1:1, 5:1, and 10:1.
purity	40489497	2025	Kitidee K	As shown in Fig 4B, the mean percentage of dead tumor cells at E:T ratios of 1:1, 5:1, and 10:1 with Vγ9Vδ2 T cells alone was 21.43±2.57%, 40.00±10.12%, and 45.03±13.07%, respectively.
et	40489497	2025	Kitidee K	The combination of CD3/GD2 BiTE with activated Vγ9Vδ2 T cells increased the percentage of dead tumor cells at all E:T ratios, with significant enhancement in cytotoxicity effect observed only at E:T ratio of 1:1.
et	40489497	2025	Kitidee K	At E:T ratios of 5:1 and 10:1, the combination did not significantly improve cytotoxicity against SH-SY5Y cells (Fig 4B).
et	40489497	2025	Kitidee K	Therefore, the combination of CD3/GD2 BiTE and activated Vγ9Vδ2 T cells at E:T ratio of 1:1 was selected to perform further cytotoxicity assay.
et	40489497	2025	Kitidee K	Notably, cytotoxicity of CD3/GD2 BiTE at 360 nM with an E:T ratio of 1:1 (Fig 4C) was comparable to that of activated Vγ9Vδ2 T cells alone at E:T ratios of 5:1 and 10:1 (Fig 4B), demonstrating that CD3/GD2 BiTE enhanced tumor cell killing with 5-10 times fewer effector cells.
et	40489497	2025	Kitidee K	At an E:T ratio of 1:1, CD3/GD2 BiTE at concentrations of 180 and 360 nM increased cytotoxicity of activated Vγ9Vδ2 T cells to 38.10±4.20% and 42.30±4.45%, respectively, (Figs 4B and C) Notably, these concentrations achieved cytotoxicity effects equivalent to those seen with effector cells alone at E:T ratios of 5:1 and 10:1, respectively, indicating that CD3/GD2 BiTE reduces the required number of Vγ9Vδ2 T cells by five- to ten-fold.
et	40489497	2025	Kitidee K	Typically, high E:T ratios are needed to achieve effective tumor cell killing, which is a challenge since Vγ9Vδ2 T cells constitute only about 0.5-5%. of peripheral blood lymphocytes.
et	40489497	2025	Kitidee K	In vitro cytotoxicity of CD3/GD2 BiTE and PBMC on neuroblastoma cell line and PBMC activation by CD3/GD2 BiTE.(A) The mean percentage of dead tumor cells from PBMC armed with CD3/GD2 BiTE at E:T ratios of 1:1 and 10:1.
et	40489497	2025	Kitidee K	In vitro cytotoxicity of CD3/GD2 BiTE and PBMC on neuroblastoma cell line and PBMC activation by CD3/GD2 BiTE.(A) The mean percentage of dead tumor cells from PBMC armed with CD3/GD2 BiTE at E:T ratios of 1:1 and 10:1.
et	40755782	2025	Oberg HH	Adherent tumor cells and autologous PBL were cultured in the presence of 1 nM ETA-067 and 50 IU/mL rIL-2 with an E/T ratio of 1:13 over 4 days to determine Vδ2 T cells cytotoxicity, expansion and the percentage of activation (CD69, CD25) and inhibitory check point molecules (PD-1 and TIGIT) on Vδ2 T cells and other T cells (CD4, CD8, Treg).
et	40755782	2025	Oberg HH	Adherent tumor cells and autologous PBL were cultured in the presence of 1 nM ETA-067 and 50 IU/mL rIL-2 with an E/T ratio of 1:13 over 4 days to determine Vδ2 T cells cytotoxicity, expansion and the percentage of activation (CD69, CD25) and inhibitory check point molecules (PD-1 and TIGIT) on Vδ2 T cells and other T cells (CD4, CD8, Treg).
purity	40755782	2025	Oberg HH	AF488-labeled anti-Vγ9 clone 7A5 (62) flow cytometry to determine purity. γδ T cells with a purity of >95% were used for functional assays.
purity	40755782	2025	Oberg HH	The next day, frozen pre-expanded Vγ9Vδ2 T cells were thawed and cultured overnight in complete medium supplemented with 20% FCS and 25 IU/ml of rhIL-2 (Peprotech, Cranbury, NJ, USA) for recovery.
purity	40755782	2025	Oberg HH	On day 2, autologous PBMC samples donor-matched to the pre-expanded Vγ9Vδ2 T cells were also thawed and cultured for 1h in complete medium with 20% FCS.
et	40289760	2025	Qiu S	Cytotoxicity was assessed in different effector‐to‐target ratios (E:T) at 5:1, 10:1, and 20:1 subsequent to coculture.
et	40289760	2025	Qiu S	The effects on tumor growth, mouse body weight, and γδT cell accumulation in the spleen were then determined. γδΤ cells at E:T of 10:1 exhibited significant cytotoxicity against all three TNBC cell lines, indicating a statistically significant difference compared to the control group (p < 0.0001).
purity	40289760	2025	Qiu S	Initial culture medium for γδΤ cell containing Zoledronic acid (Zol) (Servicebio, Wuhan, China), recombinant human interleukin‐2 (IL‐2) (Beijing Tongli Haiyuan Biotechnology Co), GT‐T551 H3 medium (Baoribio‐biotechnology, Beijing), and PBS was prepared as 0% FBS, IL‐2100 IU/mL, Zol 50 μmol/mL GT‐T551 H3.
purity	40289760	2025	Qiu S	This expansion corresponded to a substantial rise in the proportion of γδT cells from 3.67% to 92.97% of the viable cell population (Figure 1).
purity	40289760	2025	Qiu S	Postsorting purity of γδΤ cells was reached up to 99% (Figure 2).
et	40289760	2025	Qiu S	Interestingly, γδΤ cells at an E:T ratio of 10:1 exhibited stronger cytotoxicity against MDA‐MB‐231 cells compared to the 5:1 and 20:1 ratios (p < 0.001 and p < 0.01 respectively).
et	40289760	2025	Qiu S	Similarly, the cytotoxicity of γδΤ cells at an E:T ratio of 10:1 on MDA‐MB‐468 cells was considerably higher than the PBS control group (p < 0.0001), whereas cytotoxicity at ratios of 5:1 and 20:1 was weaker and not significantly different (p > 0.05).
et	40289760	2025	Qiu S	Furthermore, γδΤ cells at an E:T ratio of 10:1 demonstrated significantly greater cytotoxicity against BT‐549 cells compared to ratios of 5:1 and 20:1 (p < 0.01 or p < 0.001), and their cytotoxicity effect on BT‐549 cells was also substantially higher than that of the PBS control group (p < 0.0001).
et	40289760	2025	Qiu S	While the cytotoxicity of γδΤ cells at 5:1 and 20:1 ratios against BT‐549 cells was significantly greater than that of the PBS control group (p < 0.001, p < 0.01), it was less potent than that observed at an E:T ratio of 10:1, with no significant difference between the 5:1 and 20:1 ratios (p > 0.05) (Figure 3).
et	40289760	2025	Qiu S	In this study, the variable cytotoxic effects of γδT cells on TNBC cells at different effector‐to‐target (E:T) ratios, particularly the enhanced cytotoxicity observed at a 10:1 ratio compared to 5:1 and 20:1 in a dose‐dependent way.
et	40289760	2025	Qiu S	Specifically, we hypothesize that the superior cytotoxicity at an E:T ratio of 10:1 may be attributed to an optimal balance between effector cell density and target cell accessibility.
et	39199623	2024	Jones AB	Gamma delta T cell-mediated cytotoxicity at a 10:1 effector-to-target ratio was significantly increased upon pretreatment of cells derived from a GBM PDX with TMZ and niraparib in comparison to the control or either drug alone.
et	39199623	2024	Jones AB	Gamma delta T cells were used at a 10:1 effector-to-target ratio (Figure 5), as previously published research by Lamb et al., demonstrated a 10:1 effector-to-target ratio was optimal for GBM killing post-TMZ treatment [13].
purity	32793196	2020	Okuno D	We have previously demonstrated that a novel bisphosphonate prodrug, tetrakis-pivaloyloxymethyl 2-(thiazole-2-ylamino)ethylidene-1,1-bisphosphonate (PTA), efficiently expands peripheral blood Vγ2Vδ2 T cells to purities up to 95–99% in 10–11 days.
purity	32793196	2020	Okuno D	PBMC and PTA-expanded cells (2 × 105 cells) were dispensed into a 96-well round bottom plate (Corning Inc.) and incubated with 50 μl of PBS containing 2% FCS and monoclonal antibodies (mAbs), including fluorescein isothiocyanate (FITC)-conjugated anti-TCR Vδ2 mAb (BD Biosciences, San Diego, CA) or anti-CD27 mAb (BioLegend, San Diego, CA) and phycoerythrin (PE)-conjugated anti-CD3, CD86, CD94, or CD161 mAbs (BD Biosciences), or anti-CD25 mAb (Tombo Biosciences, Co., Ltd., Kobe, Hyogo, Japan), or anti-CD45RO, CD69, NKG2D, DNAM-1, TRAIL, Fas-L, CD56, HLA-DR, HLA-DQ, or CD45RA mAbs (BioLegend), on ice for 15 min.
purity	32793196	2020	Okuno D	For determination of NK-like activity of PTA-expanded Vγ2Vδ2 T cells, PC-9, PC-6, H1975, and H520 human lung cancer cell suspensions (2 × 104 cells/200 μl) were dispensed into a 96-well flat bottom plate, which was incubated at 37°C with 5% CO2 for 16 h.
purity	32793196	2020	Okuno D	After the culture supernatants were aspirated, PTA-expanded Vγ2Vδ2 T cells were added to each well at effector-to-target (E/T) ratios of 0.3125:1, 0.625:1, 1.25:1, 2.5:1, 5:1, 10:1, 20:1, 40:1, or 80:1, and incubated at 37°C with 5% CO2 for 4 or 16 h.
purity	32793196	2020	Okuno D	For determination of cellular cytotoxicity of PTA-expanded Vγ2Vδ2 T cells against PTA- or ZOL-treated PC-9, PC-6, H1975, and H520, the human lung cancer cell suspensions (2 × 104 cells/200 μl) were dispensed into a 96-well flat bottom plate, which was incubated at 37°C with 5% CO2 for 16 h.
purity	32793196	2020	Okuno D	After expansion by ZOL in RPMI1640 medium, the proportion of Vδ2 T cells was increased up to 39.3% on day 6 and 42.8% on day 7.
purity	32793196	2020	Okuno D	In case of Yssel's medium, the proportion was 43.0% on day 6 and 65.8% on day 7, respectively (Figure S1B), indicating that YM medium supported the specific expansion of Vγ2Vδ2 T cells.
purity	32793196	2020	Okuno D	As shown in Figure 3B, the proportions of Vγ2Vδ2 T cells on day 8 were 3.87, 12.6, 54.5, and 70.1% when stimulated with 0, 156.25 nM, 1.25 μM, and 5 μM of ZOL, and 69.6, 86.7, and 94.8% with 31.25, 125 nM, and 1 μM of PTA, respectively, demonstrating that PTA induced the specific expansion of Vγ2Vδ2 T cells to a greater degree than ZOL.
purity	32793196	2020	Okuno D	As shown in Figure S2, the purity of Vγ2Vδ2 T cells after expansion with PTA and IL-2 for 11 days was 99.2 and 98.5% in healthy adult volunteers HD01 and HD02, respectively.
et	32793196	2020	Okuno D	When PC-9 human lung adenocarcinoma, PC-6 human lung small cell carcinoma, H1975 human lung adenocarcinoma, and H520 human lung squamous cell carcinoma cells were challenged by Vγ2Vδ2 T cells, no explicit cytotoxicity was observed in 40 min as shown in Figure S3, indicating that Vγ2Vδ2 T cells could not kill lung cancer cells in an early phase (within 40 min) even at an effector-to-target (E/T) ratio of 80:1.
et	32793196	2020	Okuno D	When the incubation was extended to 4 h, 20–30% of specific lysis was observed in all the four lung cancer cell lines at an E/T ratio of 80:1.
et	32793196	2020	Okuno D	Further extension of the culture to 16 h gave more extensive cellular cytotoxicity even at an E/T ratio of 10:1 as shown in the left panels of Figure 4.
et	32793196	2020	Okuno D	When PTA- or ZOL-pulsed lung cancer cell lines were challenged by Vγ2Vδ2 T cells for 40 min at an E/T ratio of 80:1, the specific lysis rate attained to around 30% in all the lung cancer cell lines as shown in the middle panels of Figure 4.
et	32793196	2020	Okuno D	When the incubation was extended to 4 h, more than 50% of PTA- or ZOL-pulsed lung cancer cells were killed by Vγ2Vδ2 T cells at an E/T ratio of 15:1, with the drug concentrations required for the half-maximal specific lysis rates being essentially the same as those for 40 min as shown in the right panels of Figure 4.
et	32793196	2020	Okuno D	Vγ2Vδ2 T cells-mediated NK-like cytotoxicity against lung cancer cells became apparent after 4 h of incubation at an E/T ratio of 80:1, based on luminescence-based assay.
et	32793196	2020	Okuno D	Further extension of the incubation increased the specific lysis rates even at an E/T ratio of 2.5:1.
purity	42253960	2026	Kuska J	Using a GMP-grade lentiviral vector pseudotyped with the envelope protein from baboon endogenous virus (BaEV) encoding a CD123 chimeric antigen receptor (CAR) at a multiplicity of infection (MOI) of 0.12, we achieved a mean γδ T cell transduction efficiency of 57.4%.
purity	42253960	2026	Kuska J	Flow cytometry analysis of the final cell product showed an average composition of 89.83% γδ T cells, 9.82% NK cells, and 0.012% residual αβ T cells.
purity	42253960	2026	Kuska J	The γδ T cells were subsequently maintained in TexMACS GMP medium with the same supplement of 5% human AB serum, 500 IU/mL IL-2, and 140 IU/mL IL-15 for the remainder of the 14-day culture period, with regular monitoring of cell viability, pH, lactate and glucose levels.
purity	42253960	2026	Kuska J	Transduced γδ T cells were co-cultured with the human lymphoblastic acute leukemia cell line RS4;11 (DSMZ Germany) in RPMI 1640 medium supplemented with 2 mM L-Glutamine and 10% fetal bovine serum (FBS).
purity	42253960	2026	Kuska J	On average, 3.67% of the seeded leukocytes were γδ T cells, and of this small population, 71.57% were Vγ9Vδ2 T cells that can be activated and expanded by zoledronate (Figures 1D, E).
purity	42253960	2026	Kuska J	These optimizations allowed us to obtain a mean transduction efficiency of 57.4% for the γδ T cells, and a 79.2% transduction efficiency for the lower number of NK cells remaining in the culture (Figure 5A).
et	42253960	2026	Kuska J	The killing capacity was enhanced against CD123+ target cells, leading to a specific lysis of >85% even with an E:T ratio as low as 0.3:1 (Figure 5F).
purity	40506704	2025	Mair KM	In addition, we found that T cells using the γδ T cell receptor comprised up to 66%.
purity	40506704	2025	Mair KM	CD8+CD3+ cytotoxic T cells comprise a median number of 47.46% of all CD3+ T cells in the parenchyma.
purity	40506704	2025	Mair KM	The number of infiltrating CD4+CD3+ T cells ranged from 0 to 57.7 cells/mm² (median 7.4 cells/mm²) and comprised a median number of 11.87% of all CD3+ T cells.
purity	40506704	2025	Mair KM	Interestingly, also the proportion of TRM increased significantly from stage 1 with a median of 28.11% of all CD3+ T cells to stage 3–4 (median 48.89% of all CD3+ T cells) (Fig.
purity	40506704	2025	Mair KM	CD8+CD3+ T cells with a TRM phenotype (CD103+CD8+CD3+ T cells) ranged from 0.1 to 123.7 cells/mm² and comprised a median of 43.75% of all CD8+CD3+ T cells.
purity	40506704	2025	Mair KM	The expression of CD103, which is not a faithful marker for CD4+ TRM [17, 36, 37], within the CD4+CD3+ T cell population comprised a median of 0.66% (accounting for a median of 0.58% of all CD103+ T cells).
purity	40506704	2025	Mair KM	The proportion of CD69+ among all CD3+ T cells increased significantly from stage 1 (median = 5.14%) to stage 2 (median = 23.37%).
purity	40506704	2025	Mair KM	The proportion of CD3+ T cells expressing both CD103 and CD69 significantly increased in stage 2 (median = 21.55%) compared to stage 1 (median = 4.69%).
purity	40506704	2025	Mair KM	Quantification of six samples revealed that a median of 80.7% of GrB+CD3+ T cells express CD103+ (Fig.
purity	40506704	2025	Mair KM	Notably, the proportion of CD3+ T cells expressing PD-1 increased from stage 1 (median = 3.57%) and stage 2 (median = 17.94%) to stage 3–4 (median = 33.1%) (Fig.
purity	40506704	2025	Mair KM	A similar trend was observed in CD3+CD8+ T cells, with significantly higher PD-1 expression on CD3+CD8+ T cells in stage 3–4 (median = 29.24%) compared to stage 1 (median 3.73%) (Fig.
et	40506704	2025	Mair KM	Similarly, CD3+CD8+ cytotoxic T cells expressing LAG-3 ranged from 0 to 53.85%, showing no stage-specific change (Supplementary Fig.
purity	40506704	2025	Mair KM	A median proportion of 1.96% (range: 0-20.4%) of all CD3+ T cells were positive for both markers (Fig.
purity	40506704	2025	Mair KM	The γδ+CD3+ T cells accounted for a median of 18.75% of all CD3+ T cells (Fig.
purity	40506704	2025	Mair KM	In addition, within the γδ+CD3+ T cell population, a median proportion of 11.11% was also CD8+ while CD4+ expression of these γδ+CD3+ T cells was rare (median < 1%) (not shown).
purity	40506704	2025	Mair KM	The majority (median = 71.51%, range = 33.3–100%) of all γδ+CD3+ T cells also stained positive for CD103 compared to a median of 43.75% in CD8+CD3+ T cells (Supplementary Fig.
purity	40506704	2025	Mair KM	A median of 73.10% (range = 32.26 − 94.28%) of all CD103+GrB+CD3+ T cells expressed the γδ T cell receptor (Fig.
purity	40520575	2025	Sanz M	Previous work developed protocols to expand Vδ2 T cells, although to our knowledge, ours is the first comprehensive study that has produced a simple, antigen-presenting feeder-free culture that produced an average expansion of 3,000-fold and more than 95% pure Vδ2 T cells avoiding additional isolation steps.
purity	40520575	2025	Sanz M	Here, we show the in vitro expansion of cytotoxic Vδ2 T cells expressing CD16 and NKG2A enriched in granzyme B that displayed enhanced antitumor activity of up to 40% against leukemia and ovarian, breast, and lung cancer cells.
purity	40520575	2025	Sanz M	Among total CD3+ T cells, a median of 1.95% (range 0.05–12.40) were Vδ2 T cells and had a similar representation between women and men (Figure 1A).
purity	40520575	2025	Sanz M	We did not detect a decline of Vδ2 T cell frequency with age in this cohort (Figure 1B), most likely due to the absence of an even distribution of ages among the donors, which was observed in our previous study.61 Among Vδ2 T cells, the median basal frequency of CD16 expression was 7.9%, 1.9% for CD56, 6.6% for CD8, 15.9% for NKG2D, and 9.8% for NKG2A (Figure 1C), and these markers were similarly distributed in women and men, except for a tendency of higher levels of CD8 expression among men (p = 0.06, Figure 1D).
purity	40520575	2025	Sanz M	Our results showed that a concentration of 3 μM ALN induced the highest Vδ2 T cell expansion (median of 70.3%) compared to all the other tested ALN concentrations, and ZOL (highest median of 54.9% at 2.5 μM) or PAM (highest median of 33.0% at 9 μM) (Figure 2A;
purity	40520575	2025	Sanz M	Our results showed that depletion of αβ-TCR+ cells prior to exposure to ALN and IL-2 induced greater Vδ2 T cell expansion compared to total PBMC, with a mean Vδ2 T cell frequency of 86.1% and 53.8%, respectively (Figure 2C).
purity	40520575	2025	Sanz M	Our cultures originally contained an average of 2.3% Vδ2 T cells within αβ-TCR-depleted PBMCs.
purity	40520575	2025	Sanz M	The absolute number of Vδ2 T cells increased from a mean of 1.8 × 105 cells to 57.1 × 106 cells (Figure 4B), with an average purity of 94.1%.
purity	40520575	2025	Sanz M	Our results showed increased killing of Vδ2 T cells expanded with ALN+IL-2+IL-12+CD137L compared to ALN+IL-2 against all of the cell lines analyzed including K562 (mean 64% vs.
purity	40520575	2025	Sanz M	Our results showed that Vδ2 T cells generated with ALN+IL-2 compared to our protocol had reduced overnight cytotoxicity against each target cell line including K562 (mean 26% vs.
purity	40520575	2025	Sanz M	In summary, our results demonstrate that Vδ2 T cells expanded with ALN, CD137L, and IL-2/IL-12 supplementation increased tumor killing up to 40% in tumors of different origins.
purity	40520575	2025	Sanz M	Our protocol produced a final product with a mean purity above 94% and higher cytotoxic profile and function against several cancer cell lines.
purity	40520575	2025	Sanz M	This simple step induced the highest median Vδ2 T cell frequency while enhancing the purity of the final product to a mean of 94%.
purity	40520575	2025	Sanz M	The purity of our final cell product after a mean culture of 19 days was 94.1% with an average 3,105-fold expansion.
purity	40520575	2025	Sanz M	In a recent study, ZOL and IL-2 in combination with genetically engineered K-562 artificial APCs achieved a 633-fold expansion after 10 days of culture.63 Additional studies using the same protocol in Good Manufacturing Practices developed a process that could potentially expand Vδ2 T cells by more than 200,700-fold with a purity of 99% and a viability of 95%.60
purity	40520575	2025	Sanz M	In addition, donor variability may also impact the expansion efficiency shown in previous studies.89 Nonetheless, the frequency of Vδ2 T cells after expansion was above 94%, and the viability was consistently above 95%.
purity	40520575	2025	Sanz M	Vδ2 T cells were expanded following the indicated protocol until they reached >90% of the total cells in culture when they were harvested and washed.
purity	38420118	2024	Linti AE	Notably, after 21 days of culture, most cells were γδ T cells, reaching frequencies up to 90%.
purity	38420118	2024	Linti AE	The purity of the sort-purified cells was higher than 95% for all populations ( Figure 3A ).
purity	39110273	2024	Ying W	Despite his low CD4+ T-cell count, the patient had normal counts of CD3+ cells, predominantly double-negative T cells (67.4%), which turned out to be Vδ2+ γδ T cells. γδ T-cell expansion has frequently been observed in the 33 reported cases with STK4 deficiency.
dn	39110273	2024	Ying W	Despite his low CD4+ T-cell count, the patient had normal counts of CD3+ cells, predominantly double-negative T cells (67.4%), which turned out to be Vδ2+ γδ T cells. γδ T-cell expansion has frequently been observed in the 33 reported cases with STK4 deficiency.
dn	39110273	2024	Ying W	Interestingly, the patient had a significantly higher than normal proportion of double-negative T cells (DN 67.4% among CD3+ T cells, Fig.
dn	39110273	2024	Ying W	Most of these DN T cells were CD3+ Vδ2+ γδ T cells, which accounted for 89.1% of all DN T cells (Fig.
purity	39110273	2024	Ying W	Five of the seven patients tested displayed a 13–46% expansion of the γδ T-cell population relative to the normal level of 2–8% among PBMCs.
purity	37539052	2023	Bold A	It reliably leads to a cell product with a purity of more than 90% γδ T cells and improved in vitro anti-tumor activity compared to our previous standard procedure.
purity	37539052	2023	Bold A	When stimulating MNC with this cultivation method, γδ T cell counts increased more than 400-fold on average and the cell product consisted of over 90% γδ T cells.
purity	36275712	2022	Liou ML	After a minimum of two weeks in culture, the mixed cell population contained 20-90% Vδ2 T cells as determined by flow cytometry.
purity	36275712	2022	Liou ML	The 96-well U-bottom plate containing the co-cultured cells was centrifuged, followed by removal of the supernatant and resuspension in 50 µL of flow staining buffer (1X PBS magnesium/calcium depleted + 1% FBS) containing PE-labeled anti-human Vδ2 antibody (BioLegend, San Diego, CA, USA).
purity	36275712	2022	Liou ML	To determine maximum cell lysis, 5 X 104 cells cultured without Vδ2 T cells were completely lysed by the addition of 1% Triton-X-100 (Sigma-Aldrich) to the culture medium.
purity	36275712	2022	Liou ML	Donor-specific variation was controlled by testing expanded Vδ2 T cells (60-80%) from multiple, unrelated donors.
et	36275712	2022	Liou ML	At an E:T ratio of 2.5:1 for Vδ2 T cells to PC3 cells, the percent lysis was 22.2 ± 1.1% (LV), 45.1 ± 1.4% (LV + ZA), 38.8 ± 2.8% (LV-shFDPS), and 70.9 ± 3.1% (LV-shFDPS + ZA) ( Figure 2D ).
et	36275712	2022	Liou ML	At an E:T ratio of 2.5:1 for Vδ2 T cells to Huh-7 cells, % lysis was 15.6 ± 5.6% (LV), 31.0 ± 1.0% (LV + ZA), 37.3 ± 1.4% (LV-shFDPS), and 48.4 ± 6.1% (LV-shFDPS + ZA) ( Figure 2E ).
purity	36275712	2022	Liou ML	The frequency of Vδ2 T cells expressing IFNγ was higher when tumor cells were cultured with LV-shFDPS-IL2 (16.6%) compared to tumor cells transduced with LV-shFDPS (10.7%) ( Figure 4B ).
purity	34785653	2021	Chang YC	Primary γδT cells were isolated using magnetic bead approaches according to the manufacturer’s protocol. γδT cells were isolated (to 95% purity) by negative selection.
purity	34785653	2021	Chang YC	Indeed, γδT co-cultured with BCR-ABL-knockdown (KD) KCL22 cells substantially boosted γδT proliferation (14.6%, p = 0.01), compared to γδT co-cultured with untreated KCL22 cells (4.2%) (Fig.
purity	34785653	2021	Chang YC	Co-culture with BCR-ABL-KD KCL22 cells similarly promoted naïve γδT expansion (10.4% [BCR-ABL-KD KCL22] vs 4.3% [untreated KCL22], p = 0.01).
purity	34785653	2021	Chang YC	Interestingly, ~90% LGL expansion by dasatinib was the γδT population in dasatinib-treated patients [52].
purity	34149689	2021	Holmen Olofsson G	Vγ9Vδ2 T cells were cultured in X-vivo 15 medium (Lonza) supplemented with 5% human serum (X-vivo +5% HS) (Sigma-Aldrich).
purity	34149689	2021	Holmen Olofsson G	Purity >90% for Vγ9Vδ2 T cell cultures was verified by flow cytometry (data not shown, see gating strategy in Supplementary Figure 1A ).
purity	34149689	2021	Holmen Olofsson G	Purity >90% for Vγ9Vδ2 T cell cultures was verified by flow cytometry (data not shown, see gating strategy in Supplementary Figure 1A ).
purity	34149689	2021	Holmen Olofsson G	All peptides were obtained from KJ Ross Petersen, with a purity >70%.
purity	34149689	2021	Holmen Olofsson G	To detect apoptotic and dead cells after incubation with proteasome inhibitor Lactacystin, 0.5 x 106 day-9 expanded Vγ9Vδ2 T cells were seeded in a round-bottom 96-well plate in X-vivo + 5% HS.
purity	34149689	2021	Holmen Olofsson G	Exemplified in Figure 1C , the killing of PC-3/ZOL cancer cells by Vγ9Vδ2 T cells increased with expansion time; with Vγ9Vδ2 T cells expanded for 25 days being most efficient reaching almost 100% lysis, compared to ~45% lysis and ~0-5% lysis forVγ9Vδ2 T cells expanded for 14 days or 9 days, respectively.
purity	34149689	2021	Holmen Olofsson G	The enhanced killing capacity was most evident at 24 h of co-culture, with Vγ9Vδ2 T cell cultures expanded for 25 days reaching on average ~90% lysis, compared to ~50% lysis and ~30% lysis for T cells expanded for 14 days or 9 days, respectively.
purity	34149689	2021	Holmen Olofsson G	Altogether, 60-80% Vγ9Vδ2 T cells expressed one or more of the cytokines upon engagement with PC-3/ZOL – this was compared to Vγ9Vδ2 T cells cocultured with PC-3 without ZOL.
purity	34149689	2021	Holmen Olofsson G	After 11 days of expansion, frequency of CD3-positive T cells was above 90% for all cultures and more than 95% of these cells were Vγ9 positive).
purity	34149689	2021	Holmen Olofsson G	CD16, a molecule involved in antibody dependent cell cytotoxicity (ADCC), was also expressed but a high degree of variance (20-60%) was observed between the Vγ9Vδ2 T cell cultures – though an increase in expression from day 9 and onwards, was observed.
purity	34092966	2021	Khan MWA	14-day cultures showed highly pure (91.6 ± 5.1%) and live (96.5 ± 2.5%) expanded γδ T cells.
purity	34092966	2021	Khan MWA	γδT cell in isolated PBMCs were stimulated using 1µM zoledronate and were cultured in complete RPMI 1640 medium at a density of 106 cells/ml in 24-well plate and kept in CO2 (5%) incubator at 37°C.
purity	34011536	2021	Ou L	A cut-off level of 0.82% γδT cells in PBMC stratifies good versus poor γδT cell expansion with a sensitivity of 97.78%, specificity of 90.48% and area under the curve of 0.968 in a healthy individual.
purity	34011536	2021	Ou L	Using 0.82% of γδT cells in PBMC as a cut-off level, the assay has a sensitivity of 97.78% and specificity of 90.48% to determine whether γδT cells can be well expanded in a healthy individual.
purity	34011536	2021	Ou L	Anti-TCRγδ Ab expanded both Vδ2 and Vδ1 cells and the ratio of Vδ2:Vδ1 is 50%–250%, while ZOL preferentially expanded Vδ2 cells and the ratio of Vδ2:Vδ1 is 173%–3500% (online supplemental figure S1C).
purity	34011536	2021	Ou L	These donors were separated into two groups, good expansion group (γδT cell purity ≥50%) and poor expansion group (γδT cell purity <50%), as previously reported.27 Absolute cell number, the fold change of expansion and the viability of expanded γδT cells in the two groups are illustrated in figure 1C. γδT cell expansion fold ranged from 200-fold to 5000-fold in the good expanders and 60-fold to 600-fold in the poor expanders.
purity	34011536	2021	Ou L	Using logistic regression and LASSO models, we calculated a baseline Vδ2 T cell cut-off of 0.82% to separate good expanders from poor expanders (figure 4D, E).
purity	34011536	2021	Ou L	Nevertheless, similar to ZOL-induced γδT cell expansion, anti-γδ TCR antibody induced significantly better γδT cell expansion in the basal Vδ2 T cells ≥0.82% group than that in the <0.82% group (figure 6A, B).
purity	34011536	2021	Ou L	We also measured immune checkpoint protein expression on the anti-γδ TCR antibody-expanded γδT cells, and found that the Vδ2 T cells in the ≥0.82% group expressed lower PD-1 and CTLA-4 and higher Granzyme B than those in the <0.82% group (figure 6C), consistent with ZOL-expanded cells.
purity	34011536	2021	Ou L	(A) Logistic regression analysis of proportion of circulating Vδ2 cells in individuals is to determine the optimal cut-off value of 0.82% for γδT cell expansion with area under the curve (AUC)=0.968.
purity	34011536	2021	Ou L	(A) Logistic regression analysis of proportion of circulating Vδ2 cells in individuals is to determine the optimal cut-off value of 0.82% for γδT cell expansion with area under the curve (AUC)=0.968.
purity	34011536	2021	Ou L	The probability P that an individual’s γδT cells can be expanded ≥50% was calculated as
purity	34011536	2021	Ou L	Using Vδ2 Index Score of ≥0, it has a sensitivity of 97.78% and specificity of 90.48% with AUC of 0.968 to determine whether γδT cell can expand well in a healthy donor.
purity	34011536	2021	Ou L	Briefly, expanded Vγ9Vδ2 T cells (2×105 cells/well) suspended in 200 µl RPMI 1640 containing 0.5% FBS were placed in the upper chamber, and RPMI 1640 (600 µl) containing 10% FBS was added to the lower chamber of the transwell.
purity	34011536	2021	Ou L	Logistic regression models were applied to explore if initial γδT cell proportion, each surface marker expression of γδT cell or their combination would be useful to predict whether γδT cells can be well expanded ≥50% in an individual blood sample.
purity	32527033	2020	Herrmann T	HMBPP is the driving force of a massive Vγ9Vδ2 T cell expansion in infections with HMBPP-producing parasites or bacteria, which can lead to an increase of Vγ9Vδ2 T cells from 1–5% of blood T cells to more than 50%.
purity	32733462	2020	Laplagne C	Purity of the Vγ9Vδ2 T cells was >95% as determined by flow cytometry using an anti-TCRVγ9Vδ2 mAb.
purity	32038628	2019	Baker FL	We found that exercise mobilized TCR-γδ cells to blood and augmented their ex vivo expansion by ~182% compared to resting blood when stimulated with IL-2 and ZOL for 14-days.
purity	32038628	2019	Baker FL	Exercise also increased the proportion of CD56+, NKG2D+/CD62L–, CD158a/b/e+ and NKG2A− cells among the expanded TCR-γδ cells, and increased their cytotoxic activity against several tumor target cells (K562, U266, 221.AEH) in vitro by 40–60%.
purity	32038628	2019	Baker FL	However, post-HCT ZOL+IL-2 therapy fails to expand TCR-γδ cells in vivo to levels associated with increased survival in ~58% of alloHCT patients (9), while the ex vivo expansion of Vγ9Vδ2 with ZOL+IL-2 for adoptive transfer therapy is sometimes unsuccessful due to low numbers of TCR-γδ T-cells in peripheral blood (10).
purity	32038628	2019	Baker FL	The composition of the expanded TCR-γδ T-cells was primarily Vγ9Vδ2 T-cells (>93%) and exercise had no effect on the percentage and differentiation of Vγ9Vδ2 T-cells among the expanded cell products (p > 0.05;
purity	32038628	2019	Baker FL	Regardless of whether blood samples were collected at rest, during, or in the recovery phase of exercise, the 14-day ex vivo expansion with ZOL+IL-2 generated a cell product that was >98% pure for CD3+ T-cells.
purity	32038628	2019	Baker FL	This expanded cell product consisted primarily of CD3+/CD4–/CD8– Vγ9Vδ2 T-cells with few CD8+ and CD4+ T-cells and almost no NK-cells (<1%).
purity	32038628	2019	Baker FL	However, expanding TCR-γδ T-cells ex vivo overrode these phenotypic shifts of exercise, as similar proportions of naïve (~5%), EM (~71%), CM (~21%), and EMRA (~3%) cells were found among the expanded Vγ9Vδ2+ T-cells regardless of whether blood samples were collected before, during, or in the recovery phase of exercise.
purity	30845699	2019	Mao TL	In this study, we successfully enriched and expanded γδ-T-cells up to ~78% from peripheral blood mononuclear cells (PBMCs) with mostly the Vγ9Vδ2-T-cell subtype in the circulation.
purity	30845699	2019	Mao TL	Ex vivo expanded γδ-T cells gradually increased and reached a peak level on day 14, which was an approximately 20-fold (78.91%) induction after stimulation compared to normal levels (3.86%) on day 0, see Figure 1A,B.
purity	30845699	2019	Mao TL	Around 90% of expanded γδ-T-cells expressed NKG2D, see Figure S4A, which plays an important role in γδ-T-cells recognition and activation.
purity	30845699	2019	Mao TL	Therefore, we also found that 90% of the expanded γδ-T-cells expressed NKG2D, whereas MICA/B, ULBP2/5/6, and ULBP3 were over-expressed by the targeted EOC lines, OVCAR3 and HTB75, to enact the efficient cytotoxic responses by Vγ9Vδ2 T-cells.
purity	30845699	2019	Mao TL	In addition, the clinical trials completed to date, particularly those with in vivo γδ-T cells stimulation, have shown only around 10–30% efficacy due to inefficient γδ-T expansion in vivo, as well as the lack of “susceptible” tumor profiles.
purity	31413905	2019	Zoine JT	Overall, the percentage of γδ T cells from NB patient donors during 2-week cultures increased from 1.15 ± 0.90% to greater than 75% of the population (Figure 1(a)).
purity	31413905	2019	Zoine JT	(c) The cellular distribution of a starting PBMC product on day 0 differs from the cellular components on day 14 of expansion, and the change is not dependent on the donor being healthy or having NB. γδ T cells comprise less than 5% of the starting cellular product and increases to 60–90% of the expanded cells.
purity	31413905	2019	Zoine JT	(c) The cellular distribution of a starting PBMC product on day 0 differs from the cellular components on day 14 of expansion, and the change is not dependent on the donor being healthy or having NB. γδ T cells comprise less than 5% of the starting cellular product and increases to 60–90% of the expanded cells.
purity	31413905	2019	Zoine JT	Specifically, by day 14 of expansion, the myeloid/lymphoid non-T-cell population (CD3−, CD56−) comprised 2–10% of the population, NK cells (CD3−, CD56+) accounted for 4–12%, the non-γδ lymphocytes range from 4% to 26%, with the γδ lymphocytes constituting the majority of the population, at 60–82% (Figure 1(c), Supplemental Table 1).
et	31413905	2019	Zoine JT	To evaluate the cytotoxicity of patient-derived γδ T cells against a standard K562, chronic myelogenous leukemia cell line, expanded γδ T cells were co-incubated at a 5:1 effector to target ratio.
purity	31413905	2019	Zoine JT	CD16 expression at the start of expansion was <20% and increased to 80% by day 6 on the total and γδ T cell populations.
et	31413905	2019	Zoine JT	To assess the cytotoxicity potential of patient-derived γδ T cells against human-derived NB cell lines, three separate patient-derived γδ T-cell expansions were used in cytotoxicity assays with high GD2-expressing NB cell lines at 5:1 effector to target ratios, with and without dinutuximab (Figure 4(a)).
et	31413905	2019	Zoine JT	From top to bottom, panel A shows killing for non-treated cells or cells treated with DTX, TMZ, γδ T cells (5:1 effector:target), γδ T cells (5:1 effector:target) with DTX, or γδ T cells (5:1 effector:target) with DTX and TMZ.
et	31413905	2019	Zoine JT	From top to bottom, panel A shows killing for non-treated cells or cells treated with DTX, TMZ, γδ T cells (5:1 effector:target), γδ T cells (5:1 effector:target) with DTX, or γδ T cells (5:1 effector:target) with DTX and TMZ.
purity	31413905	2019	Zoine JT	Cells were cultured and sorted using a Sony SH800 to collect the top 5% of GFP+ cells by MFI. γδ T cells were labeled using Violet Proliferation Dye 450.
purity	31413905	2019	Zoine JT	On day 12 of expansion, the population was determined to be 70% pan-γδ T cells, as measured by flow cytometry.
purity	35540746	2018	Sawaisorn P	Using fluorescence-activated cell sorting (FACS) analysis, separation of Vγ9Vδ2 T cells from peripheral blood mononuclear cells of healthy donors was confirmed with high purity [89.77% (range 87.00–91.80, n = 3)].
purity	35540746	2018	Sawaisorn P	By using separation kits, the purity of these cells is more than 90% after separation from peripheral blood mononuclear cells (PBMCs).17–19 However, the process is complex and time-consuming.
purity	35540746	2018	Sawaisorn P	It was noticed that at 10 × 106 PBMCs, the highest purity (mean = 85.60%) of Vγ9Vδ2 T cells was obtained with the use of 200 μg of antibody-immobilized epoxy-functionalized mPDGs (p < 0.001).
purity	35540746	2018	Sawaisorn P	Decreases in the amount of the particles (20 and 100 μg) were associated with the purity of the separated Vγ9Vδ2 T cells, all less than 85.60% (as shown in Fig.
purity	35540746	2018	Sawaisorn P	Regarding variation of incubation time, it was shown that at 30 min of co-incubation the separation reaction of Vγ9Vδ2 T cells was started and that the purity of the separated Vγ9Vδ2 T cells was significantly greater (p = 0.0014) than that of controls (mean = 66.97%) (Fig.
purity	35540746	2018	Sawaisorn P	For positive selection, the target cells are obtained through the direct binding of anti-TCR γ/δ hapten-antibody labelling and anti-hapten microbeads along with the magnetic isolation.19 This method has proved successful for many researchers and often yields greater than 90% purity of the Vγ9Vδ2 T cells.
purity	35540746	2018	Sawaisorn P	The results from FACS analyses revealed that the purity of Vγ9Vδ2 T cells was 67.88% (as shown in Fig.
purity	35540746	2018	Sawaisorn P	Regarding the small size of mPDGs, they could be phagocytosed by antigen presenting cells including macrophages and dendritic cells which are crucial cells for adaptive immune system activation by phagocytosis.41,42 B cells, a type of lymphocytes, constitute only 1–7% in peripheral blood also function as antigen presenting cells.43,44 This did not effect the T cells separation as the high purity (mean = 85.60%) of Vγ9Vδ2 T cells was found with the use of highest amount of mPDGs (Fig.
purity	27598655	2016	Du SH	A 21-day culture of PBMCs with this method yielded nearly 20,000-fold expansion of CIKZ cells with γδ T cells making up over 20% of the expanded population.
purity	27598655	2016	Du SH	After comparing isopentenyl pyrophosphate (IPP) and Zometa for their potency in Vγ9Vδ2 T-cell expansion, we observed that 5 μM Zometa displayed a relatively high efficiency in activating and expanding Vγ9Vδ2 T cells– 600 fold expansion within 10 days and 48% Vγ9Vδ2 T cells in the expanded cell population (data not shown).
purity	27598655	2016	Du SH	We then analyzed the composition of the ex vivo expanded cells after 21 days of expansion. αβ T-cell population (CD3+Vδ2-) was amplified from ~60% in PBMCs on day 0 to over 90% with the anti-CD3/CD28-beads and CIK methods and ~74% with the CIKZ method (Fig 1B).
purity	27598655	2016	Du SH	On the other hand, the population of γδ T cells (CD3+Vδ2+) was expanded from ~1% in PBMCs to over 70% with the Zometa method and over 20% with the CIKZ method; it remained unchanged after expansion with either the anti-CD3/CD28 beads or the CIK method.
purity	27598655	2016	Du SH	Among the CD3+ αβ T cells, the proportion of CD8+ T cells increased after expansion with each of the four methods over 21 days; especially with the CIK and CIKZ methods, the CD8+ T-cell population increased from the initial 30% to 60% (Fig 1C).
et	27598655	2016	Du SH	With Raji cells as the target, the killing efficacy of CIKZ cells post anti-CD19 CAR mRNA modification significantly increased to over 90% from the approximately 60% cytotoxicity observed for the mock and mGFP CAR controls at an effector to target ratio of 20:1 (Fig 4B).
et	27598655	2016	Du SH	It is also noted from Fig 4B that anti-CD19/CD27 CAR- and anti-CD19/CD28-41BB CAR-modified CIKZ cells exhibit relatively higher killing efficacy than anti-CD19/CD28 CAR against Raji cells at higher effector to target ratios (10:1 and 20:1).
purity	27598655	2016	Du SH	Deniger et al. have published a method describing how to activate and propagate polyclonal gamma delta T cells with broad specificity for malignancies. [26,27] To prepare Vγ9Vδ2 T cells for adoptive cell immunotherapy, patient PBMCs typically isolated via leukapheresis, which yield around 1 x 109 PBMCs, undergo expansion stimulated by a Vγ9Vδ2 ligand to produce Vγ9Vδ2 T cells necessary for multiple injections.[11,18,20] Since Vγ9Vδ2 T cells represent only a small fraction, approximately 0.5–5%, of peripheral blood T cells, extensive expansion of Vγ9Vδ2 T cells is necessary to provide the large number of cells required for many adoptive immunotherapy applications to achieve clinical benefit.
et	27684826	2016	Pressey JG	Widely accepted standard therapy for high-risk NB includes 5 to 7 cycles of intensive cytotoxic chemotherapy, surgery, consolidative autologous stem cell transplantation (SCT), radiation therapy, and maintenance immunotherapy with anti-GD2 antibodies.[1] Such therapy carries considerable toxicity while survival remains generally poor as NB accounts for 15% of deaths attributable to cancer in childhood.
purity	27684826	2016	Pressey JG	Expanded/activated γδ T cells are then added to the tubes at ratios of 0:1 (Background), 5:1, and 10:1 effectors/NB targets, incubated for 4 hours at 37 °C and 5% CO2, washed 1 time and resuspended in 1 mL HBSS, and labeled with 20 μL membrane-permeable dye To-Pro Iodide (Molecular Probes;
purity	27825135	2016	Schiller CB	Of the 6 samples from different donors that were analyzed, 4 had a γδ T cell content above 2 % in their PBMC compartments and each of these responded to exposure to SPM-1 plus target cells by increased cytokine production and increased surface exposure of the degranulation marker in comparison to treatment with the control triplebody SPM-2 or exposure to the target cells alone without mediator proteins.
purity	27825135	2016	Schiller CB	Of the 6 samples from different donors that were analyzed, 4 had a γδ T cell content above 2 % in their PBMC compartments and each of these responded to exposure to SPM-1 plus target cells by increased cytokine production and increased surface exposure of the degranulation marker in comparison to treatment with the control triplebody SPM-2 or exposure to the target cells alone without mediator proteins.
purity	27825135	2016	Schiller CB	The γδ T cells were enriched in one case by positive selection with immunomagnetic (MACS) beads and reached a purity of 97 %, but the absolute number of cells collected in this manner was low.
et	27825135	2016	Schiller CB	Specific lysis was obtained in combination with both SPM-1 and the CD19 antibody 4G7SDIE, in particular at high E : T ratios of 10 : 1 and 20 : 1, but not with the control triplebody SPM-2 (data not shown).
purity	27825135	2016	Schiller CB	After 12 -14 d in culture the total number of expanded cells was increased only marginally (by about 30 %), but the fraction of γδ T cells within the expanded population was increased by about 20 - 30-fold from typically 2 - 3 % to 35.9 – 60.6 %.
purity	27825135	2016	Schiller CB	The fraction of CD16-bearing γδ T cells in the expanded cell population was around 36 % for the sample from Donor 2. γδ T cells were then isolated from this population with immunomagnetic beads, which resulted in highly pure γδ T cells in sufficient numbers.
purity	27825135	2016	Schiller CB	After 13 - 14 d of culture, expanded populations containing 35.9 - 60.6 % of γδ T cells were positively selected using a Hapten-modified TCR-γδ antibody and FITC-conjugated anti-Hapten MicroBeads with the autoMACS system (Miltenyi, Bergisch Gladbach, Germany).
dn	39675430	2025	Oon ML	Gamma-delta T-cell lymphomas (GDTCL) are rare T-cell neoplasms, accounting for only 2%–4% of T-cell lymphomas (TCL).1 These neoplasms originate presumably from gamma-delta (γδ) T lymphocytes, which are mostly CD4−/CD8−, express one or more natural killer (NK) cell antigens, and play a role in cytotoxicity when activated.2,3 Although some γδ T-cells home to the lymph nodes, many migrate directly to tissues such as the epidermis (in murine species), dermis, intestine, lungs, and uterus.
purity	39675430	2025	Oon ML	Recently, Mark et al12 described 26 cases of lymphomatoid papulosis with γδ expression, expanding the spectrum of T-cell lymphoproliferative diseases (LPD) with γδ phenotype.11,13 Epstein-Barr virus (EBV)+ nodal T- and NK-cell lymphoma, also known as primary nodal EBV+ T/NK-cell lymphoma in the 2022 ICC, is a newly recognized nodal peripheral T-cell lymphoma (PTCL) associated with EBV.9,14 Up to 13% of EBV+ nodal T- and NK-cell lymphoma expresses the γδ phenotype.15
dn	39675430	2025	Oon ML	Similar to our cases, 57.1% (4/7) of the reported cases showed a CD4+/CD8− phenotype, whereas 42.9% (3/7) of cases were CD4−/CD8−.
et	40149332	2025	Zhao Y	To compare the antitumor activity of CAR-αβ T and CAR-γδ T cells in-depth, we compared the killing activity against SNU-601-CLDN18.2+ cells by LDH at more challenging E:T ratios (1:1,1:5, and 1:10).
purity	38788176	2024	Le Floch AC	Only cell cultures that reached >80% of Vγ9Vδ2 T-cell purity on day 14 were selected and frozen until use.
et	37387794	2023	Becker SA	However, differences between the groups were more substantial at the higher E:T ratios of 2:1 and 5:1, with a lower average cytotoxicity of cells engineered before freezing, compared to engineered after freezing.
et	37387794	2023	Becker SA	First, mock-electroporated γδ T cells or CD19 CAR-expressing γδ T cells were cocultured with 697 cells for 4 h at E:T ratios of 0.5:1, 1:1, 2:1, and 5:1 and the percent cytotoxicity was measured by flow cytometry (Figure 3A).
et	37387794	2023	Becker SA	The percent cytotoxicity of the CD19 CAR-expressing γδ T cells increased with increasing effector cells, reaching 85% at the 5:1 E:T ratio, while the mock-electroporated γδ T cells remained constant at <20%.
et	37387794	2023	Becker SA	Similar to the CD19 CAR-expressing γδ T cells, the cytotoxicity of the CD22 CAR-expressing γδ T cells increased with increasing E:T ratios, reaching 82% at the 5:1 E:T ratio.Figure 3CD19 CAR- and CD22 CAR-expressing γδ T cells enhances cytotoxicity against two B-ALL cell linesEffector and target cells were cocultured at the specified E:T ratio for 4 h and the percent cytotoxicity was determined by flow cytometry.
purity	37387794	2023	Becker SA	Similar to the CD19 CAR-expressing γδ T cells, the cytotoxicity of the CD22 CAR-expressing γδ T cells increased with increasing E:T ratios, reaching 82% at the 5:1 E:T ratio.Figure 3CD19 CAR- and CD22 CAR-expressing γδ T cells enhances cytotoxicity against two B-ALL cell linesEffector and target cells were cocultured at the specified E:T ratio for 4 h and the percent cytotoxicity was determined by flow cytometry.
et	37387794	2023	Becker SA	Mock-electroporated γδ T cells again had a constant cytotoxicity percentage across all E:T ratios and averaged approximately 6%.
et	37387794	2023	Becker SA	In contrast, CD19 CAR- and CD22 CAR-expressing γδ T cells exhibited a dose-dependent increase in cytotoxicity, reaching 76% and 43% at the 5:1 ratio, respectively, demonstrating (1) the CD19 CAR-engineered γδ T cells effectively kill B-ALL cell lines in vitro and (2) CD19 CAR-engineered γδ T cells are slightly more effective than CD22-based CARs against Nalm6 cells.
et	37387794	2023	Becker SA	(B) Unmodified and CD19 sBite-modified γδ T cells were cocultured with several CD19+ cancer cells lines to test their cytotoxic capabilities. sBite-modified γδ T cells showed increased cytotoxicity at all E:T ratios and reached about 90% at the 5:1 ratio.
purity	37387794	2023	Becker SA	(B) Unmodified and CD19 sBite-modified γδ T cells were cocultured with several CD19+ cancer cells lines to test their cytotoxic capabilities. sBite-modified γδ T cells showed increased cytotoxicity at all E:T ratios and reached about 90% at the 5:1 ratio.
et	37387794	2023	Becker SA	(B) Unmodified and CD19 sBite-modified γδ T cells were cocultured with several CD19+ cancer cells lines to test their cytotoxic capabilities. sBite-modified γδ T cells showed increased cytotoxicity at all E:T ratios and reached about 90% at the 5:1 ratio.
purity	37387794	2023	Becker SA	(B) Unmodified and CD19 sBite-modified γδ T cells were cocultured with several CD19+ cancer cells lines to test their cytotoxic capabilities. sBite-modified γδ T cells showed increased cytotoxicity at all E:T ratios and reached about 90% at the 5:1 ratio.
et	37387794	2023	Becker SA	(B) Unmodified and CD19 sBite-modified γδ T cells were cocultured with several CD19+ cancer cells lines to test their cytotoxic capabilities. sBite-modified γδ T cells showed increased cytotoxicity at all E:T ratios and reached about 90% at the 5:1 ratio.
purity	37387794	2023	Becker SA	(B) Unmodified and CD19 sBite-modified γδ T cells were cocultured with several CD19+ cancer cells lines to test their cytotoxic capabilities. sBite-modified γδ T cells showed increased cytotoxicity at all E:T ratios and reached about 90% at the 5:1 ratio.
et	37387794	2023	Becker SA	In addition, the engineered cells were also tested for their cytotoxic capability against the Nalm6 cell line using an in vitro cytotoxicity assay at E:T ratios of 1:2 and 2:1, which showed consistent killing with our previous in vitro experiments (Figure 7B).
et	37387794	2023	Becker SA	(B) The cytotoxicity of the unmodified and modified γδ T cells were also examined before injection at E:T ratios of 1:2 and 2:1.
et	37387794	2023	Becker SA	(B) The cytotoxicity of the unmodified and modified γδ T cells were also examined before injection at E:T ratios of 1:2 and 2:1.
et	37387794	2023	Becker SA	(B) The cytotoxicity of the unmodified and modified γδ T cells were also examined before injection at E:T ratios of 1:2 and 2:1.
purity	37387794	2023	Becker SA	To preferentially expand γδ T cells, PBMCs were cultured in OpTmizer containing OpTmizer supplement, 1% penicillin/streptomycin, and 2 mM L-glutamine (complete OpTmizer).
purity	37387794	2023	Becker SA	In addition, on day 6 of expansion, an αβ depletion step was performed, as previously published.18 On day 12 of expansion, γδ T cells were either used fresh for experiments or frozen in PBS containing 5% human serum albumin (HSA) and 10% DMSO.
purity	37387794	2023	Becker SA	Successful expansions resulted in cultures containing about 90% γδ T cells and 10% natural killer cells (Figure S8).
purity	38077396	2023	Lui KS	The purity of CD3+Vδ2+ cells were achieved to >95% before used for subsequent experiments.
purity	38077396	2023	Lui KS	The purity of the CD3+Vδ2+ cells reached approximately 80% after expansion and was further enriched to >95% using microbeads ( Supplementary Figures 1C–F ).
purity	38077396	2023	Lui KS	The median expression of PD-1 was found to be ~5.99%, which was used as the cut-off to distinguish PD-1lo and PD-1hi Vδ2 T cells.
purity	38077396	2023	Lui KS	Moreover, we considered the expression of PD-1 on the mesothelioma cells (33), but it was found in only ~10% of cells ( Figure 3G ), and the expanded Vδ2 T cells exhibited an average 1.7±2.2% PD-L1 expression.
purity	38077396	2023	Lui KS	Our work here demonstrated that PTA-expanded Vδ2 T cells from different donors exhibited varying levels of PD-1 expression, ranging from 0.5% to 30.9% of the cells.
purity	35587609	2022	Singh P	However, γδ T cell median value in males was higher: 2.52% ranging from 0.31 to 16.09%, than females: 1.79% (p value 0.0155), ranging from 0.078 to 12.49% and each gender was negatively correlated with age (male p value 0.0003 and female p value 0.0007).
purity	35587609	2022	Singh P	The median percentage of γδ T cells among T cells was 2.52%, ranging from 0.31 to 16.09% and the median absolute number was 38 cells/μl, ranging from 3 to 249 cells/μl.
purity	35587609	2022	Singh P	The median percentage of γδ T cells among T cells was 1.79%, ranging from 0.078 to 12.49% and the median absolute number was 26 cells/μl, ranging from 1 to 203 cells/μl.
purity	32671190	2020	Fleischer LC	The CD5-negative fraction of cells were isolated using FACS with >98% purity and expanded under standard Jurkat T cell culture conditions, as described previously.6 Jurkat T cells transduced at an MOI 0.5 were, on average, 25% NSCAR-positive, whereas Jurkat T cells transduced at an MOI 1 were, on average, 70% NSCAR-positive.
et	32671190	2020	Fleischer LC	On average, at the 5:1 E:T ratio, the CD5-NSCAR-modified γδ T cells cultured with Jurkat T cells or Molt-4 cells resulted in 40% and 35% dead target cells, respectively, both of which correspond to a 50%–60% increase in cytotoxicity compared to that of naive γδ T cells.
purity	32671190	2020	Fleischer LC	On average, at the 5:1 E:T ratio, the CD5-NSCAR-modified γδ T cells cultured with Jurkat T cells or Molt-4 cells resulted in 40% and 35% dead target cells, respectively, both of which correspond to a 50%–60% increase in cytotoxicity compared to that of naive γδ T cells.
et	32671190	2020	Fleischer LC	Furthermore, the CD19-NSCAR enhanced cytotoxicity against 697 cells compared to that of naive γδ T cells, killing on average 32% of the target cells at the 5:1 E:T ratio, which was a 450% increase in killing compared to that of non-modified cells (Figure 5C).
et	32671190	2020	Fleischer LC	Moreover, the CD19-NSCAR expressed on γδ T cells demonstrates similar cytotoxicity against 697 cells as compared to CD19-CAR-modified γδ T cells (p = 0.905 and p = 0.857 at 3:1 and 5:1 E:T ratios, respectively;
et	32671190	2020	Fleischer LC	There was a high degree of donor variability in baseline cytotoxicity, consistent with previous findings;46, 47, 48 however, an increase in cytotoxicity by NSCAR-modified γδ T cells was routinely observed.Figure 5NSCAR-Modified γδ T Cell Cytotoxicity against T-ALL and B-ALL Cell LinesEffector cells and target cells were cultured at 3:1 (black bars) and 5:1 (white bars) effector to target (E:T) ratios for 4 h.
et	32671190	2020	Fleischer LC	NSCAR-Modified γδ T Cell Cytotoxicity against T-ALL and B-ALL Cell LinesEffector cells and target cells were cultured at 3:1 (black bars) and 5:1 (white bars) effector to target (E:T) ratios for 4 h.
et	32671190	2020	Fleischer LC	To test our hypothesis that NSCAR expression requires MHC-independent mechanisms of cytotoxicity in order to affect cellular killing in an antigen-specific manner, we performed a cytotoxicity assay culturing CD5-NSCAR-modified αβ T cells with Jurkat target cells at 3:1 and 5:1 E:T ratios.
et	32671190	2020	Fleischer LC	Others have previously published studies using constructs similar to the NSCAR and demonstrated that the truncated CAR does not increase T cell activation as measured by CD25,49 nor does it affect cellular proliferation or viability.11 Our data demonstrate that there was no difference in naive αβ T cell cytotoxicity against Jurkat T cells compared to the cytotoxicity of CD5-NSCAR-modified αβ T cells against Jurkat T cells, with both resulting in 40%–45% dead targets at each E:T ratio (3:1 E:T ratio: p = 0.618;
et	32671190	2020	Fleischer LC	CD5-CAR-modified αβ T cells killed 80% of the Jurkat target cells (Figure S4B), a 78% increase in cytotoxicity compared to that of naive αβ T cells.Figure 6CD5-NSCAR-Modified αβ T Cell Cytotoxic ActivityEffector cells and target cells were cultured at 3:1 (black bars) and 5:1 (white bars) effector to target (E:T) ratios for 12 h.
et	32671190	2020	Fleischer LC	CD5-NSCAR-Modified αβ T Cell Cytotoxic ActivityEffector cells and target cells were cultured at 3:1 (black bars) and 5:1 (white bars) effector to target (E:T) ratios for 12 h.
purity	32671190	2020	Fleischer LC	However, Jurkat T cells cultured in the supernatant of CD5-CAR- or CD5-NSCAR-modified γδ T cells demonstrated a significant reduction in CD5 antigen detection to ~25%.
purity	32671190	2020	Fleischer LC	CD19 expression had been reduced to 40% of 697 cells cultured in supernatant from CD19-NSCAR-modified γδ T cells.
purity	32671190	2020	Fleischer LC	CD19 was detected in ~80% of the cells cultured in CD19-Fc pre-incubated supernatant from CD19-NSCAR-modified γδ T cells.
et	32671190	2020	Fleischer LC	Effector (E) and target (T) cells were mixed in 12 × 75 mm FACS tubes at E:T ratios of 3:1 and 5:1 in a total volume of 250 μL. γδ T cell cytotoxicity assays were incubated for 4 h at 37°C in 5% CO2 and αβ T cell cytotoxicity assays were incubated for 12 h at 37°C in 5% CO2.
purity	32671190	2020	Fleischer LC	CD19-CAR- and CD19-NSCAR-modified γδ T cells were cultured with 697 cells in 12 × 75 mm FACS tubes at an E:T ratio of 5:1 in a total volume of 250 μL and incubated for 12 h at 37°C in 5% CO2.
dn	41822474	2026	Shichkin VP.	The single-cell clonal analysis revealed that the major pool of SC-1+PNA+Thy-1-CD4-CD8- TLPs, corresponding presumably to the activated CD117+/- Sca-1+ DN1 ETPs, remained predominant (about 75-80%) and stable in the composition of the TC.SC-1/2.0 cell line.
dn	41822474	2026	Shichkin VP.	In contrast, by day 90, the majority of cells (74-76%) exhibited a CD4-CD8-CD25-CD44- phenotype characteristic of DN4 TLPs.
et	40246580	2025	Tin E	CD8+ T cells from the co-cultures were isolated using a CD8+ selection kit (StemCell Technologies) and were used as effector cells against live, allogeneic, DNT targets in an overnight cytotoxicity assay at an E:T ratio of 1:1.
purity	40246580	2025	Tin E	Recent longitudinal studies monitored CAR T cells in patients with various cancers, who achieved durable remission for 5–10 years.1820 CD3+CD4–CD8– DNTs were the dominant population within CAR+ T cells persisting in circulation at time points up to ~5 years despite the initial infusion of conventional CAR T cells, which contained less than 10% CD3+CD4–CD8– cells.1820 Using proteomic and transcriptomic data collected from these CAR T-cell studies,1820 we observed that ex vivo expanded DNTs expressed genetic patterns found in these persisting CAR DNTs to a greater degree than Vδ2 T cells (figure 7C).
purity	40246580	2025	Tin E	Given that over 60% of DNTs express Vγ9Vδ2, we compared the TRDV2+ subset in DNTs with donor-matched Vδ2 T cells expanded with zoledronic acid, the most common method to expand clinical Vγ9Vδ2+ T cells.12 As reported by others, differences in ex vivo expansion methods and co-stimulation can influence T-cell effector function.44 Here, we observed that TRGV9+TRDV2+ DNTs are enriched in cell-killing genes and pathways, similar to Vδ2 T cells.
purity	38255272	2024	Poddighe D	Indeed, these (TCRαβ+) DNT cells initially attracted medical interest since their expansion represents a specific hallmark of the autoimmune lymphoproliferative syndrome (ALPS), wherein (TCRαβ+) DNT cell count >1.5% of total lymphocytes and/or >2.5% of CD3+ lymphocytes represent one of the diagnostic criteria [5,6].
purity	38255272	2024	Poddighe D	23M:F = 5:18Mean ± SD(range)13 ± 5 yrs.(2–25)n/a- - -n = 28M:F = 7:21Mean ± SD(range)17 ± 5 yrs.(7–25)CD3+CD56−CD4−CD8−TCRαβ+TCRγδ−Mean ± SD (range)SLE: 2.2 ± 0.9 (0.4–4.5)n/a- No cytotoxic drugs(n = 19)- Cytotoxic drugs(n = 17)- Steroids only (n = 3)- Steroids + cytotoxic drug (n = 15)- A portion (34.8%, slightly higher than other rheumatic disease, but not significantly) of SLE patients showed increased number of DNT cells.
dn	38255272	2024	Poddighe D	23M:F = 5:18Mean ± SD(range)13 ± 5 yrs.(2–25)n/a- - -n = 28M:F = 7:21Mean ± SD(range)17 ± 5 yrs.(7–25)CD3+CD56−CD4−CD8−TCRαβ+TCRγδ−Mean ± SD (range)SLE: 2.2 ± 0.9 (0.4–4.5)n/a- No cytotoxic drugs(n = 19)- Cytotoxic drugs(n = 17)- Steroids only (n = 3)- Steroids + cytotoxic drug (n = 15)- A portion (34.8%, slightly higher than other rheumatic disease, but not significantly) of SLE patients showed increased number of DNT cells.
purity	39720695	2024	Wang D	Notably, the viability and purity (CD3+CD4−CD8−) of CD19‐CAR‐DNTs remained above 85% from Day 7 to Day 17, similar to that of non‐transduced DNTs (NT‐DNTs) (Figure 2b).
dn	39720695	2024	Wang D	Notably, the viability and purity (CD3+CD4−CD8−) of CD19‐CAR‐DNTs remained above 85% from Day 7 to Day 17, similar to that of non‐transduced DNTs (NT‐DNTs) (Figure 2b).
et	39720695	2024	Wang D	Remarkably, these cells also retain their cytotoxic activity against Raji cells (E: T = 4:1) during these storage periods (n = 3).
et	39720695	2024	Wang D	Remarkably, these cells also retain their cytotoxic activity against Raji cells (E: T = 4:1) during these storage periods (n = 3).
et	39720695	2024	Wang D	To investigate the capacity of CD19‐CAR‐DNTs to enhance the cytotoxic activity of DNTs against CD19+ target cells, we conducted co‐culture experiments with Hela‐CD19 cells at E:T ratios of 2:1 for 22 h and NALM‐6 cells at various E:T ratios for 3 h (Figure 5a, b).
et	39720695	2024	Wang D	Dots represent the mean percent specific killing of duplicates at E:T ratios of 1:1.
et	39720695	2024	Wang D	Dots represent the mean percent specific killing of duplicates at E:T ratios of 1:1.
et	39720695	2024	Wang D	(a) CD19‐CAR‐DNTs induce superior cytotoxicity against B‐ALL cell lines (SUP‐B15, NALM‐6) at E: T ratio of 1:1 and B‐NHL cell lines (JeKo‐1, Raji) at E: T ratio of 4:1.
et	39720695	2024	Wang D	(a) CD19‐CAR‐DNTs induce superior cytotoxicity against B‐ALL cell lines (SUP‐B15, NALM‐6) at E: T ratio of 1:1 and B‐NHL cell lines (JeKo‐1, Raji) at E: T ratio of 4:1.
purity	39720695	2024	Wang D	This method successfully isolated NDTs with > 85% purity, and DNTs were cultured with anti‐CD3 antibody (GMP‐grade OKT3;
et	39720695	2024	Wang D	To evaluate the cytotoxicity of fresh or cryopreserved CD19‐CAR‐DNTs, they were co‐cultured with PKH‐26 (Sigma, St Louis, MO, USA) labelled target cells at different E:T ratios in 1640 medium (ThermoFisher Scientific) containing 10% FBS (ExCell Bio.) for 3 h.
purity	35894707	2022	Wang M	The purity of DNT (CD3+CD4‐CD8‐) cells obtained from HBs was above 90% (Figure 2A).
et	35894707	2022	Wang M	And the average specifical killing ratio of DNT cells reached 20.34% when the E:T was 10:1 (Figure 2C–E), suggesting that TNBC patients may benefit from DNT cell therapy.
dn	32753607	2020	Kupz A	Up to 10% of CD8+ T cells and DN T Cells and up to 50% of all NK cells stained IFN-γ+, particularly following inoculation with 40 and 100 cysts.
purity	30857561	2019	Fang L	However, DNT cells expanded from peripheral blood of lung cancer patients resulted in high purity (> 90%) but with a lower yield than those derived from healthy donors (Additional file 2: Figure S1).
dn	30670085	2019	Yao J	Double negative T cells (DNTs) comprise 3–5% of the peripheral blood mature T lymphocyte pool as defined by expression of CD3 in the absence of CD4 and CD8.
purity	30670085	2019	Yao J	The mean purity of DNTs used in the study was ~ 94%.
purity	30670085	2019	Yao J	Effectively, from 1 ml of blood, 15.18 ± 4.64 × 103 DNTs on day 0 were expanded to 6.29 ± 2.49 × 106 cells by day 14, with a purity of 93.63 ± 4.93% (Fig.
purity	30670085	2019	Yao J	As seen previously, the majority of expanded DNTs contained a mixture of αβ- (~ 10%) and γδ-T cells (> 80%), with minor populations (< 1%) of DNTs expressing known mucosal associated invariant T (MAIT) and invariant natural killer T (iNKT) cell receptors (Fig.
purity	40930745	2025	Li Z	Our Vδ1 T cell enrichment and expansion protocol resulted in a significant increase in Vδ1 T cells, from 0.4% to 9.1% of PBMCs after 21 days of enrichment and expansion (online supplemental figure 1B), representing a more than 1500-fold increase in the absolute number of Vδ1 T cells (figure 1B and C).
purity	40930745	2025	Li Z	To generate CAR-Vδ1 T cells, enriched Vδ1 T cells (≥95% purity) were transduced with a retrovirus-based PSCA CAR construct (figure 2A), previously validated for its PSCA-specific antitumor efficacy in CAR-NK cells and CAR-macrophages.43 46 To assess the PSCA CAR-dependent cytotoxicity against pancreatic cancer (PC) cells in vitro, we selected PSCA-high expressing (PSCAhigh) tumor cells (Capan-1 and MIA PaCa-2) and PSCA-low expressing (PSCAlow) tumor cells (PANC-1) for functional validation (figure 2B).
purity	40930745	2025	Li Z	Prior to co-culture with PC cells, the purity of PSCA CAR-Vδ1 T cell exceeded 95% and CAR expression. as determined by expression of the tEGFR marker, ranged from 40-60% across all donors (figure 2C and D, online supplemental figure 2A).
et	40930745	2025	Li Z	(F) Cytotoxicity of PSCA CAR-Vδ1 T cells against PSCAhigh Capan-1 cells and PSCAhigh MIA PaCa-2 cells and PSCAlow PANC-1 cells at E:T ratio of 2:1, 1:1, and 1:2 measured after 24 hours co-culture (n=4); ns, not significant. p>0.05, *p<0.05, **p<0.01 (unpaired t test).
et	40930745	2025	Li Z	(H) Killing assay was performed using a real-time cytotoxicity assay with an E:T ratio of 1:1 (4,000 PSCA CAR-Vδ1 T or PSCA CAR-Vδ2 T or PSCA CAR-αβ T effector cells to 4000 Capan-1 cells added at each of the three indicated intervals) and presented as the growth index of the residual Capan-1 cells (n=3).
et	40930745	2025	Li Z	(F) Cytotoxicity of PSCA CAR-Vδ1 T cells against PSCAhigh Capan-1 cells and PSCAhigh MIA PaCa-2 cells and PSCAlow PANC-1 cells at E:T ratio of 2:1, 1:1, and 1:2 measured after 24 hours co-culture (n=4); ns, not significant. p>0.05, *p<0.05, **p<0.01 (unpaired t test).
et	40930745	2025	Li Z	(H) Killing assay was performed using a real-time cytotoxicity assay with an E:T ratio of 1:1 (4,000 PSCA CAR-Vδ1 T or PSCA CAR-Vδ2 T or PSCA CAR-αβ T effector cells to 4000 Capan-1 cells added at each of the three indicated intervals) and presented as the growth index of the residual Capan-1 cells (n=3).
purity	40930745	2025	Li Z	Freshly isolated PBMCs were either cryopreserved in 90% FBS with 10% dimethyl sulfoxide (DMSO) for future use or resuspended at a density of 4×10⁶ cells/mL in Vδ1 T cell expansion medium.
purity	40930745	2025	Li Z	An additional PBMC aliquot was resuspended in Vδ2 T cell expansion medium, composed of RPMI 1640 with 10% FBS (v/v), 1% penicillin/streptomycin, 1% MEM NEAA, 10 mM HEPES, 1 mM sodium pyruvate, 50 µM β-ME, 2.5 µg/mL Plasmocin Prophylactic, 200 IU/mL IL-2, and 5 µM zoledronic acid monohydrate, also at 4×10⁶ cells/mL.
et	40930745	2025	Li Z	To evaluate T cell–mediated tumor cell death, GFP+ Capan-1 tumor cells (5,000 cells per well) were co-cultured for 24 hours with either mock or PSCA CAR-engineered Vδ1, Vδ2, or αβ T effector cells at varying E:T ratios (1:2, 1:1, 2:1; n=3 donors).
purity	39493452	2024	King LA	Purity of Vγ9Vδ2 T-cells used in experiments was ≥95%.
purity	39493452	2024	King LA	As shown in Supplementary Figure S1A , the Vγ9Vδ2 T-cell frequency varied substantially between individuals and was significantly higher in healthy donor compared to cancer patient PBMC (3.5 ± 0.3% versus 2.2 ± 0.4% of total T cells; mean ± SEM, P = 0.01).
purity	39493452	2024	King LA	Of interest, the frequency of Vγ9Vδ2 T-cells was comparable in cancer patients and healthy donors with age ≥ 39 yr (Vγ9Vδ2 T-cell frequency 2.0 ± 1.9% versus 2.3 ± 3.3% of total T cells in healthy donors ≥ 39 yr and cancer patients ≥ 39 yr respectively; mean ± SEM;
purity	39493452	2024	King LA	All six constructs bound with similar EC50 values of 0.2-0.5 nM to Vγ9Vδ2 T-cells ( Figure 2B ) and supported significant Vγ9Vδ2 T-cell enrichment (median 20.6-58.6% of total T cells, versus 2.9% in IL-2 control) and expansion (median 12.2-32.4 fold expansion, versus 1.4 fold in IL-2 control) when added at a concentration of 1 nM (TAA-Vδ2hi-lo bsVHH) or 100 nM (TAA-Vδ2hi-lo bsVHH-Fc) to healthy donor derived PBMC for 8 days (optimal concentrations determined by titration, not shown), illustrating that the ability to induce Vγ9Vδ2 T-cell expansion was retained in these molecular formats ( Figure 2C ).
purity	39493452	2024	King LA	(B–E) Vγ9Vδ2 T-cell CD25 expression (A; n=4-12), CD107a expression (B; n=4-12), specific tumor cell lysis (C; n=4-12) and levels of IL-2, TNF and IFN-γ (pg/ml, D; n=4-5) in 24hr co-cultures of SW480 (EGFR+), 22Rv1 (PSMA+) or MM.1s.CD1d (CD1d+) tumor cells with Vγ9Vδ2 T-cells enriched (purity > 60%) from 8 day cultures of healthy donor PBMC in the presence or absence of 1 nM TAA-Vδ2hi-lo bsVHH, 100 nM TAA-Vδ2hi-lo bsVHH-Fc or 10 µM pamidronate (1:1 E:T ratio).
purity	39493452	2024	King LA	(B–E) Vγ9Vδ2 T-cell CD25 expression (A; n=4-12), CD107a expression (B; n=4-12), specific tumor cell lysis (C; n=4-12) and levels of IL-2, TNF and IFN-γ (pg/ml, D; n=4-5) in 24hr co-cultures of SW480 (EGFR+), 22Rv1 (PSMA+) or MM.1s.CD1d (CD1d+) tumor cells with Vγ9Vδ2 T-cells enriched (purity > 60%) from 8 day cultures of healthy donor PBMC in the presence or absence of 1 nM TAA-Vδ2hi-lo bsVHH, 100 nM TAA-Vδ2hi-lo bsVHH-Fc or 10 µM pamidronate (1:1 E:T ratio).
purity	39493452	2024	King LA	Enrichment (55.9 ± 33.2%; median ± IQR) and expansion (69.8 ± 79.5 fold; median ± IQR) was most pronounced with the CD1d-Vδ2hi-lo bsVHH and less striking when the Fc domain was connected to this bsVHH.
purity	39493452	2024	King LA	At baseline, most Vγ9Vδ2 T-cells in healthy donor PBMC had a central memory (CD27+CD45RA-, 47.1 ± 4.5%; mean ± SEM) phenotype with naïve (CD27+CD45RA+, 23.6 ± 4.2%; mean ± SEM), effector memory (CD27- CD45RA-, 17.1 ± 4.6%; mean ± SEM) and terminally differentiated (CD27-CD45RA+, 12.1 ± 1.9%; mean ± SEM) Vγ9Vδ2 T-cell populations representing smaller fractions ( Figure 4B ).
purity	39493452	2024	King LA	When compared to Vγ9Vδ2 T-cells in healthy donor PBMC, the proportion of central memory Vγ9Vδ2 T-cells was increased in cancer patient PBMC at baseline (72.2 ± 6.8% versus 47.1 ± 4.4% in healthy donors; mean ± SEM, P = 0.001; unpaired t test).
purity	39493452	2024	King LA	This was accompanied by a lower proportion of Vγ9Vδ2 T-cells with a naïve phenotype (9.7 ± 2.6% versus 23.6 ± 4.2% in healthy donors; mean ± SEM, P = 0.02; unpaired t test), which may suggest their priming and involvement in the antitumor immune response ( Figure 4C ).
purity	39493452	2024	King LA	CD1d-Vδ2hi-lo bsVHH expanded Vγ9Vδ2 T-cells isolated from spleen, liver and lungs all expressed a central or effector memory phenotype, whereas 4.8% (± 1.0; mean ± SEM) of the Vγ9Vδ2 T-cells in peripheral blood retained a naïve phenotype ( Figure 5D ).
purity	35136603	2022	Nishimoto KP	The large‐scale manufacturing process resulted in an average of a 23 983‐fold expansion (range 9569–34 321) of Vδ1 γδ T cells (Figure 2c), of which approximately 64% (range 40–86%) expressed the CD20 CAR (Figure 2d).
purity	35136603	2022	Nishimoto KP	During the expansion process, the average percentage of Vδ1 γδ T cells at Day 0 of culture was 0.6% (range 0.3–1.0%) and increased to 77% (range 68–84%) at Day 14 prior to αβ T‐cell depletion (Figure 2e).
purity	35136603	2022	Nishimoto KP	Flow cytometric analyses of three donor final cell products showed that, on average, 93% are Vδ1+ γδ T cells, 0.2% are Vδ2+ γδ T cells, 0.9% are Vδ1−Vδ2− γδ T cells, 1.8% are NK cells, and 0.03% are αβ T cells (Figure 2f).
purity	35136603	2022	Nishimoto KP	33 Phenotypic analysis of cell products from three donors revealed that > 50% of CD20 CAR+ Vδ1 γδ T cells possess a naïve‐like T‐cell memory phenotype, as they co‐express markers associated with both naïve (CD27, CD45RA and CD62L) and memory T cells (CD95 and CD45RO) (Figure 4a and b).
et	35136603	2022	Nishimoto KP	Cytotoxic potentials of untransduced Vδ1 γδ T cells, CD20 CAR‐transduced Vδ1 γδ T cells (71.5% CAR+) and CD20 CAR‐transduced αβ T cells (68% CAR+), all derived from the same healthy donor, were evaluated against CD20+ target cells in a 48‐h IncuCyte Immune Cell Killing Assay, in which T cells were co‐cultured with NucR‐expressing Raji or Mino target cells at E:T ratios of 10:1, 3:3:1 and 1.1:1.
purity	35136603	2022	Nishimoto KP	Cytotoxic potentials of untransduced Vδ1 γδ T cells, CD20 CAR‐transduced Vδ1 γδ T cells (71.5% CAR+) and CD20 CAR‐transduced αβ T cells (68% CAR+), all derived from the same healthy donor, were evaluated against CD20+ target cells in a 48‐h IncuCyte Immune Cell Killing Assay, in which T cells were co‐cultured with NucR‐expressing Raji or Mino target cells at E:T ratios of 10:1, 3:3:1 and 1.1:1.
et	35136603	2022	Nishimoto KP	Cytotoxic potentials of untransduced Vδ1 γδ T cells, CD20 CAR‐transduced Vδ1 γδ T cells (71.5% CAR+) and CD20 CAR‐transduced αβ T cells (68% CAR+), all derived from the same healthy donor, were evaluated against CD20+ target cells in a 48‐h IncuCyte Immune Cell Killing Assay, in which T cells were co‐cultured with NucR‐expressing Raji or Mino target cells at E:T ratios of 10:1, 3:3:1 and 1.1:1.
purity	35136603	2022	Nishimoto KP	Cytotoxic potentials of untransduced Vδ1 γδ T cells, CD20 CAR‐transduced Vδ1 γδ T cells (71.5% CAR+) and CD20 CAR‐transduced αβ T cells (68% CAR+), all derived from the same healthy donor, were evaluated against CD20+ target cells in a 48‐h IncuCyte Immune Cell Killing Assay, in which T cells were co‐cultured with NucR‐expressing Raji or Mino target cells at E:T ratios of 10:1, 3:3:1 and 1.1:1.
et	35136603	2022	Nishimoto KP	Cytotoxic potential was assessed at a 1:2 E:T ratio in a 120‐h cytotoxicity assay in which CD20 CAR+ Vδ1 γδ T cells were co‐cultured with NucR‐expressing Raji cells ± 20 IU of human IL‐2.
et	35136603	2022	Nishimoto KP	Cytotoxic potential was assessed at a 1:2 E:T ratio in a 120‐h cytotoxicity assay in which CD20 CAR+ Vδ1 γδ T cells were co‐cultured with NucR‐expressing Raji cells ± 20 IU of human IL‐2.
purity	35136603	2022	Nishimoto KP	Phenotypic analysis of clinical‐scale cell product revealed that 79% of CD20 CAR+ Vδ1 γδ T cells displayed the desirable, naïve‐like T‐cell memory phenotype (Figure 8a).
purity	35136603	2022	Nishimoto KP	(b) Cytotoxic potential of, and IFN‐γ production by, clinical‐scale CD20 CAR+ Vδ1 γδ T cells (49% CAR+) against Raji cells in an 18‐h cytotoxicity assay.
et	35136603	2022	Nishimoto KP	Cytotoxic potential was assessed at a 1:2 E:T ratio in a 120‐h cytotoxicity assay in which CD20 CAR+ Vδ1 γδ T‐cell effectors were co‐cultured with NucR‐expressing Raji cells in the presence or absence of 20 IU of human IL‐2.
purity	35136603	2022	Nishimoto KP	(b) Cytotoxic potential of, and IFN‐γ production by, clinical‐scale CD20 CAR+ Vδ1 γδ T cells (49% CAR+) against Raji cells in an 18‐h cytotoxicity assay.
et	35136603	2022	Nishimoto KP	Cytotoxic potential was assessed at a 1:2 E:T ratio in a 120‐h cytotoxicity assay in which CD20 CAR+ Vδ1 γδ T‐cell effectors were co‐cultured with NucR‐expressing Raji cells in the presence or absence of 20 IU of human IL‐2.
purity	35136603	2022	Nishimoto KP	The Vδ1 γδ T‐cell subset, which represents less than 1% of PBMCs, 24 underwent a > 20 000‐fold expansion during the manufacturing process.
et	35136603	2022	Nishimoto KP	For the long‐term cytotoxicity assays, CD20 CAR+ Vδ1 γδ T cells were co‐cultured with NucR‐expressing Raji cells at a fixed 1:2 ratio ±20 IU of human IL‐2 or with NucR‐expressing Raji or Mino cells at titrated E:T ratios.
purity	36162920	2022	Sánchez Martínez D	CD123CAR transduction/expression did not impact γδ TCR+ and Vδ1+ T cell percentages, which were ~97% and ~70%, respectively, as in the original ‘naked’ DOT product.10 14 Likewise, total and Vδ1+ T-cell numbers at the end of the process were similar for mock-DOTs and CAR-DOTs (figure 1C).
et	36162920	2022	Sánchez Martínez D	(C) Absolute counts of alive eFluor+CD123+ AML blasts measured by FACS in 48-hour cytotoxicity assays at 1:1/2:1 E:T ratios.
et	36162920	2022	Sánchez Martínez D	(C) Absolute counts of alive eFluor+CD123+ AML blasts measured by FACS in 48-hour cytotoxicity assays at 1:1/2:1 E:T ratios.
purity	36685546	2022	van Diest E	After production and purification, a sample of the γδECTO-αCD3G4S was analyzed by SEC ( Figure 4C ), showing an increase in the relative amount of dimeric γδECTO-αCD3G4S to over 50% of the total protein.
purity	34916256	2021	Makkouk A	GPC-3.CAR/sIL-15 Vδ1 T cells expanded from PBMCs on average 20,000-fold and routinely reached >80% purity.
et	34916256	2021	Makkouk A	For the short-term cytotoxicity assays, GPC-3.CAR, GPC-3.CAR/sIL-15, non-targeting control CAR/sIL-15 (NT.CAR/sIL15) Vδ1 T cells and/or untransduced (UT) Vδ1 T cells were co-cultured for 18–24 hours with RFluc-expressing tumor target cells at titrated effector:target (E:T) ratios in triplicate in 96 well plates in RPMI 1640 medium (Gibco) supplemented with 10% HyClone FBS (Cytiva).
purity	34916256	2021	Makkouk A	For the short-term cytotoxicity assays, GPC-3.CAR, GPC-3.CAR/sIL-15, non-targeting control CAR/sIL-15 (NT.CAR/sIL15) Vδ1 T cells and/or untransduced (UT) Vδ1 T cells were co-cultured for 18–24 hours with RFluc-expressing tumor target cells at titrated effector:target (E:T) ratios in triplicate in 96 well plates in RPMI 1640 medium (Gibco) supplemented with 10% HyClone FBS (Cytiva).
purity	34916256	2021	Makkouk A	The following day, CAR Vδ1 T cell effectors were co-cultured with the NucR-expressing PLC/PRF/5 cells at a 2.5:1 E:T ratio in RPMI 1640 medium (Gibco) supplemented with 10% HyClone FBS (Cytiva).
purity	34916256	2021	Makkouk A	GPC-3.CAR and GPC-3.CAR/sIL-15 Vδ1 T cells were co-cultured for 24 hours with HepG2 or PLC/PRF/5 cells at a 2:1 E:T ratio in RPMI 1640 medium (Gibco) supplemented with 10% HyClone FBS (Cytiva).
purity	34916256	2021	Makkouk A	Flow cytometric analyses throughout expansion showed the median starting Vδ1 was 0.36% (range 0.02%–0.71%), increased to 72.4% (range 35.3%–92.6%), and reached approximately 90% (range 83.3%–96.2%) in final culture following αβ T cell depletion.
purity	34916256	2021	Makkouk A	Approximately 30% (range 13.9%–59.3%) of expanded Vδ1 T cells expressed GPC-3.CAR/sIL15 (figure 1E).
et	34916256	2021	Makkouk A	Notably, significant increases in cytotoxicity were observed with the GPC-3.CAR and GPC-3.CAR/sIL15 compared with the NT.CAR/sIL-15 or UT controls across all E:T ratios tested, with cytotoxicity ranging from 14.5% to 30.6% at a 2:1 E:T, 42% to 64.8% at a 7:1 E:T and 73.5% to 93.5% at a 20:1 E:T.
et	34916256	2021	Makkouk A	(A) Cytotoxic potential of GPC-3.CAR and GPC-3.CAR/sIL-15 Vδ1 T cells against PLC cells in a long-term cytotoxicity assay (2.5:1 E:T ratio).
et	34916256	2021	Makkouk A	(B) Cytotoxic potential of GPC-3.CAR and GPC-3.CAR/sIL-15 Vδ1 T cells against PLC spheroids in a long-term cytotoxicity assay (2:1 E:T ratio).
et	34916256	2021	Makkouk A	(A) Cytotoxic potential of GPC-3.CAR and GPC-3.CAR/sIL-15 Vδ1 T cells against PLC cells in a long-term cytotoxicity assay (2.5:1 E:T ratio).
et	34916256	2021	Makkouk A	(B) Cytotoxic potential of GPC-3.CAR and GPC-3.CAR/sIL-15 Vδ1 T cells against PLC spheroids in a long-term cytotoxicity assay (2:1 E:T ratio).
purity	32462079	2020	Ang WX	To introduce CAR-encoding mRNA into Vγ9Vδ2 T cells, we used a K562 artificial antigen-presenting cell (aAPC)-based method previously established in the lab for the expansion of Vγ9Vδ2 T cells and electroporated the expanded cells.21 RNA electroporation was optimized using the mGFP CAR, with the transfection efficiency reaching 96%, the cell viability being approximately 65%, and the transgene expression lasting for at least 7 days in Vγ9Vδ2 T cells (Figure S1).
et	32462079	2020	Ang WX	Although GFP and NKG2D expression levels on the thawed cells were slightly lower compared to ones on freshly manipulated cells (Figure 2A), the cytolytic activities of fresh and thawed NKG2Dz-modified Vγ9Vδ2 T cells were similar when HCT116-Luc human colorectal cancer and SKOV3-Luc human ovarian cancer cells, the two cell lines used for the following animal experiments were tested, both mediating 100% killing of the tumor cells at E:T ratio of 20:1 (Figure 2B).
purity	32462079	2020	Ang WX	The repeated injections of the NKG2Dz RNA CAR-modified Vγ9Vδ2 T cells resulted in median survival of 57 days, prolonging median survival time by 44% as compared to that in the PBS group (p < 0.0001).
et	32462079	2020	Ang WX	We examined the effects of Zometa pre-treatment on Vγ9Vδ2 T cell- and NKG2Dz RNA CAR-mediated in vitro tumor cell killing at an E:T ratio of 10:1 (Figure 5A).
et	32462079	2020	Ang WX	Delfia EuTDA cytotoxicity assay (3 h EuTDA culturing) was used to assess tumor cell lysis efficiency at an effector to target ratio of 10:1.
et	32462079	2020	Ang WX	Delfia EuTDA cytotoxicity assay (3 h EuTDA culturing) was used to assess tumor cell lysis efficiency at an effector to target ratio of 10:1.
purity	32462079	2020	Ang WX	Thus, the NKG2D-γδ T-Z treatment prolonged median survival by 73% and 41% as compared to the PBS group and the γδ T-Z group, respectively.
purity	32462079	2020	Ang WX	Our previous publication demonstrated that including K562 aAPC/OKT3 can significantly promote numerical expansion of Vγ9Vδ2 T cells (approximately 500,000-fold expansion), assist the maintenance of the TEM cell population, and promote the downregulation of immune checkpoint receptor on cell surface.21 Using this method, Vγ9Vδ2 T, with an initial frequency of approximately 2% in PBMCs, could be enriched to 89% in 17 days (NK cells: 1.0% and αβ T cells: 7.4% by day 17).
purity	32714329	2020	Rozenbaum M	Here, we describe a 14-day production process initiated from peripheral-blood mononuclear cells, leading to a median 185-fold expansion of γδ T cells with high purity (>98% CD3+ and >99% γδTCR+).
purity	32714329	2020	Rozenbaum M	On average, γδT cells consisted of 3.4% (± 0.73%) of CD3-positive cells in the initial starting material of PBMCs (Figure 1B).
purity	32714329	2020	Rozenbaum M	The final products of transduced as well as un-transduced γδT cells contained 98% (±1.77%) and 98.1% (±1.49%) CD3 positive cells, respectively, with high purity of γδT cells, accounting for 99.5% (±0.5%) of the CD3+ cells (n = 6, Figures 1C,D).
purity	32714329	2020	Rozenbaum M	Final products had an average of 1.15% γδT and 0.77% γδCAR-T (Figure 1G).
purity	32714329	2020	Rozenbaum M	The leukemic burden in the bone marrow of non-treated mice and of γδT cell treated mice was substantial (a median of 62 and 55% of bone marrow cells, respectively).
et	41194247	2025	Batatinha H	Across all E: T ratios and time points, PBHCs collected after G-CSF + ISO mobilization exhibited at least a 20% increase in cytotoxicity compared to PBHCs mobilized with G-CSF alone for each donor (Fig.
purity	38247820	2024	Nakashima M	γδ T cells derived from the peripheral blood of young, healthy donors (hereafter referred to as HDs) can be efficiently expanded up to 95–99% for 10–11 days with tetrakis-pivaloyloxymethyl 2-(thiazole-2-ylamino) ethylidene-1,1-bisphosphonate (PTA), a nitrogen-containing bisphosphonate prodrug, and interleukin (IL)-2 [50].
purity	38247820	2024	Nakashima M	γδ T cells were expanded from peripheral blood mononuclear cells (PBMCs) in Yssel’s medium supplemented with 10% heat-inactivated human AB serum [60], as described in Supplementary Figure S1.
purity	38247820	2024	Nakashima M	It is of note that a large number of highly purified γδ T cells were obtained by using a PTA/IL-2 expansion system [50], when the initial proportion of γδ T cells in the CD3+ lymphocyte fractions was well above 1%.
et	38247820	2024	Nakashima M	As shown in Figure 1 (left panels), the γδ T cells exhibited potent cytotoxic activity against KK1 and HuT102 cells in an E/T ratio-dependent manner, with the specific lysis reaching approximately 20% in 60 min at an E/T ratio of 1:200.
et	38247820	2024	Nakashima M	As shown in Figure 2 (left panels), the specific lysis of NK cells against KK1 or HuT102 reached 20% to 70% in 60 min at an E/T ratio of 1:100.
purity	38247820	2024	Nakashima M	In the group with a γδ T-cell frequency of less than 0.1%, the purity of the γδ T cells after expansion with PTA/IL-2/IL-18 for 11 days was significantly lower than that for the other group, as shown in Figure 4A.
et	38247820	2024	Nakashima M	When KK1 or HuT102 cells were challenged by PTA/IL-2/IL-18-stimulated/expanded PBMCs containing various proportions of γδ T cells and NK cells, the specific lysis (%) reached 30% to 80% in 60 min at an E/T ratio of 1:200 (Figure 7).
purity	38247820	2024	Nakashima M	When KK1 or HuT102 cells were challenged by PTA/IL-2/IL-18-stimulated/expanded PBMCs containing various proportions of γδ T cells and NK cells, the specific lysis (%) reached 30% to 80% in 60 min at an E/T ratio of 1:200 (Figure 7).
et	38247820	2024	Nakashima M	By adding 0.5 or 10 µg/mL of anti-CCR4 mAb, the specific lysis increased up to 40–80%, even at an E/T ratio of 1:100.
et	38247820	2024	Nakashima M	When KK1 and HuT102 were challenged by IL-2/IL-18-expanded NK cells derived from ATL patients, the specific lysis reached to 20% to 80% in 60 min at an E/T ratio of 1:100.
et	38247820	2024	Nakashima M	By addition of 0.5 or 10 µg/mL of anti-CCR4 mAb, the specific lysis was increased to 60–90% at an E/T ratio of 1:100 as shown in Figure 8.
purity	38247820	2024	Nakashima M	It was noteworthy that the proportion of peripheral blood γδ T cells from ATL patients was extremely low, with the median proportion of γδ T cells being 0.29% (range: 0.0–7.41%).
et	38247820	2024	Nakashima M	After HTLV-1-infected cell lines were pretreated with 0, 0.5, or 10 μg/mL of anti-CCR4 mAb for 15 min, the sensitized cells were challenged with PTA/IL-2-stimulated/expanded γδ T cells derived from four HDs at E/T ratios of 3.90625:1, 7.8125:1, 15.625:1, 31.25:1, 62.5:1, 125:1, and 250:1 or 3.125:1, 6.25:1, 12.5:1, 25:1, 50:1, 100:1, and 200:1 for 60 min, and the specific lysis was determined using a time-resolved fluorescence-based assay based on an europium–terpyridine derivative chelate.
et	38247820	2024	Nakashima M	After HTLV-1-infected cell lines were pretreated with 0, 0.5, or 10 μg/mL of anti-CCR4 mAb for 15 min, the sensitized cells were challenged with PTA/IL-2-stimulated/expanded γδ T cells derived from four HDs at E/T ratios of 3.90625:1, 7.8125:1, 15.625:1, 31.25:1, 62.5:1, 125:1, and 250:1 or 3.125:1, 6.25:1, 12.5:1, 25:1, 50:1, 100:1, and 200:1 for 60 min, and the specific lysis was determined using a time-resolved fluorescence-based assay based on an europium–terpyridine derivative chelate.
et	38247820	2024	Nakashima M	After HTLV-1-infected cell lines were pretreated with 0, 0.5, or 10 μg/mL of anti-CCR4 mAb for 15 min, the sensitized cells were challenged with PTA/IL-2-stimulated/expanded γδ T cells derived from four HDs at E/T ratios of 2.5:1, 5:1, 10:1, 20:1, 40:1, 80:1, and 160:1 or 1.875:1, 3.75:1, 7.5:1, 15:1, 30:1, 60:1, and 120:1 for 60 min, and the specific lysis was determined using a time-resolved fluorescence-based assay based on an europium–terpyridine derivative chelate.
et	38247820	2024	Nakashima M	After HTLV-1-infected cell lines were pretreated with 0, 0.5, or 10 μg/mL of anti-CCR4 mAb for 15 min, the sensitized cells were challenged with PTA/IL-2-stimulated/expanded γδ T cells derived from four HDs at E/T ratios of 2.5:1, 5:1, 10:1, 20:1, 40:1, 80:1, and 160:1 or 1.875:1, 3.75:1, 7.5:1, 15:1, 30:1, 60:1, and 120:1 for 60 min, and the specific lysis was determined using a time-resolved fluorescence-based assay based on an europium–terpyridine derivative chelate.
purity	38247820	2024	Nakashima M	Effect of the initial proportion of Vδ2+ T cells in CD3 cells on the expansion of γδ T cells and comparison of blood test results between ATL patients with relatively high levels of initial Vδ2/CD3 ratio (greater than 0.1%) and those with low levels (less than 0.1%).
purity	38247820	2024	Nakashima M	Effect of the initial proportion of Vδ2+ T cells in CD3 cells on the expansion of γδ T cells and comparison of blood test results between ATL patients with relatively high levels of initial Vδ2/CD3 ratio (greater than 0.1%) and those with low levels (less than 0.1%).
et	38247820	2024	Nakashima M	After HTLV-1-infected cell lines were pretreated with 0, 0.5, or 10 μg/mL of anti-CCR4 mAb for 15 min, the sensitized cells were challenged with PTA/IL-2/IL-18-stimulated/expanded γδ T cells and NK cells derived from patients ATL-P04 and ATL-P08-14 at E/T ratios of 3.75:1, 7.5:1, 15:1, 30:1, 60:1, 120:1, and 250:1 or 3.125:1, 6.25:1, 12.5:1, 25:1, 50:1, 100:1, and 200:1 for 60 min, and the specific lysis was determined through a time-resolved fluorescence-based assay based on an europium–terpyridine derivative chelate.
et	38247820	2024	Nakashima M	After HTLV-1-infected cell lines were pretreated with 0, 0.5, or 10 μg/mL of anti-CCR4 mAb for 15 min, the sensitized cells were challenged with PTA/IL-2/IL-18-stimulated/expanded γδ T cells and NK cells derived from patients ATL-P04 and ATL-P08-14 at E/T ratios of 3.75:1, 7.5:1, 15:1, 30:1, 60:1, 120:1, and 250:1 or 3.125:1, 6.25:1, 12.5:1, 25:1, 50:1, 100:1, and 200:1 for 60 min, and the specific lysis was determined through a time-resolved fluorescence-based assay based on an europium–terpyridine derivative chelate.
et	38247820	2024	Nakashima M	After HTLV-1-infected cell lines were pretreated with 0, 0.5, or 10 μg/mL of anti-CCR4 mAb for 15 min, the sensitized cells were challenged with IL-2/IL-18-stimulated/expanded NK cells derived from patients ATL-P08-10 andATL-P12-13 at E/T ratios of 1.875:1, 3.75:1, 7.5:1, 15:1, 30:1, 60:1, and 120:1 or 2.5:1, 5:1, 10:1, 20:1, 40:1, 80:1, and 160:1 for 60 min, and the specific lysis was determined using a time-resolved fluorescence-based assay based on an europium–terpyridine derivative chelate.
et	38247820	2024	Nakashima M	After HTLV-1-infected cell lines were pretreated with 0, 0.5, or 10 μg/mL of anti-CCR4 mAb for 15 min, the sensitized cells were challenged with IL-2/IL-18-stimulated/expanded NK cells derived from patients ATL-P08-10 andATL-P12-13 at E/T ratios of 1.875:1, 3.75:1, 7.5:1, 15:1, 30:1, 60:1, and 120:1 or 2.5:1, 5:1, 10:1, 20:1, 40:1, 80:1, and 160:1 for 60 min, and the specific lysis was determined using a time-resolved fluorescence-based assay based on an europium–terpyridine derivative chelate.
purity	38417915	2024	Rao A	Healthy adults have approximately a median of 63 γδ T cells/µL (9–253 cells/µL), representing 4.3% (1.2%–15.4%) of all T cells in the peripheral blood.25 Vδ2 T cells comprise approximately 1%–10% of all T cells in the peripheral blood, with absolute counts of nearly 39 cells/µL (6–243 cells/µL),25 and more than 60% of γδ T cells.
purity	38417915	2024	Rao A	Of all the Vδ2 T cell subtypes, Vγ9Vδ2 occupies the largest proportion, constituting 50%–95% of Vδ2 T cells.26 In contrast, Vδ1 T cells comprise only 10%–30% of γδ T cells in the peripheral blood, suggesting absolute counts of nearly a median of 16 cells/µL (2–75 cells/µL).25 The distribution of γδ T cells in the lymphoid tissue, including the gut and skin-associated lymphoid systems, is similar to that seen in the peripheral blood.27
purity	32948652	2020	Kakimi K	Vγ9Vδ2 T-cells ≥0.5% of peripheral blood mononuclear cells (PBMC) and expandable in vitro;
purity	32948652	2020	Kakimi K	Cutoffs for purity were defined as the percentage of Vγ9Vδ2 T-cells >70% and >90% of these positive for NKG2D, with upregulated CD69 expression.
purity	32948652	2020	Kakimi K	Fourteen days after in vitro stimulation, ex vivo expanded Vγ9Vδ2 T-cells were harvested and screened for their sterility (negative for endotoxin, bacteria, fungi and mycoplasma contamination) and purity (>70%).
purity	32948652	2020	Kakimi K	To guarantee a minimal quality of Vγ9Vδ2 T-cell therapy, we performed a small-scale Vγ9Vδ2 T-cell culture screening test in all 68 recruited patients to determine whether it was likely that a sufficient number of cells (>1×109) of sufficient purity (>70%) would likely be possible on scale-up to large-scale culture for generating the therapeutic product.
purity	32948652	2020	Kakimi K	As shown in online supplemental tables S3-7, high-quality Vγ9Vδ2 T-cell preparations were invariably obtained, the purity of which was around 90% (online supplemental table S3).
purity	32948652	2020	Kakimi K	In cultured Vγ9Vδ2 T-cells, the clonotype TRDV2 TRDJ1 CACDTAFQTEGGEYTDKLIF was expanded and accounted for 37.7% of TRD clonotypes (online supplemental table S13).
purity	32948652	2020	Kakimi K	However, TRDV3 TRDJ1 CAFTWGFTDKLIF clonotype remained in cultured Vγ9Vδ2 T-cells (9.49%) and detected in PBMC after injections (15.3%).
purity	32948652	2020	Kakimi K	It has been reported that there is a substantial diversity of Vγ9Vδ2 TCR, the majority of which are of low-affinity.45 In this particular patient, cultured Vγ9Vδ2 T-cells contained TRDV3 TRDJ1 CAFTWGFTDKLIF clonotype (9.49%) in addition to TRDV2 TRDJ1 CACDTAFQTEGGEYTDKLIF (37.74%) (figure 5 and online supplemental table S13).
purity	31507601	2019	Minculescu L	Patients with low TCR γδ cells at day 56 had over a 5 times greater risk of death compared to those with TCR γδ cells above the median (HR 5.16, 95% CI 1.94–13.7, p = 0.001) Similar associations were observed for relapse free survival where patients with low concentrations of TCR γδ cells at day 56 had a 2.7 (95% CI 1.32–5.53, p = 0.007) times greater risk of death or relapse compared to patients with high concentrations, this also remained significant after adjustment for pre-transplant factors, as indicated in Table 5A.
purity	31507601	2019	Minculescu L	After including a further adjustment for other significant cell subtypes in the multivariable analysis, only median day 56 concentrations of TCR γδ cells remained significant associated with an increased risk of death (HR 4.20, 95% CI 1.55–11.4, p = 0.005) and death or relapse (HR 2.26, 95% CI 1.08–4.77, p = 0.03), Table 6.
purity	31507601	2019	Minculescu L	[TABLE] Table 6Multivariate analyses of the impact of day 56 TCR γδ cell concentration (median cut-off values) including other significant cell subtypes, n = 104.Cell subsetOverall survivalRelapse-free survivalHR (95% CI)P-valueHR (95% CI)P-valueTCR γδ cell concentrationHigh1.001.00Low4.20 (1.55–11.4)0.0052.26 (1.08–4.77)0.03CD4 T cell concentrationHigh1.001.00Low1.82 (0.74–4.44)0.191.36 (0.63–2.92)0.42CD16CD56 cell concentrationHigh1.00Low–1.64 (0.77–3.49)0.20CD56b cell concentrationHigh1.00–Low1.68 (0.72–3.95)0.23The italic values represent p-values equal to or below 0.05.
purity	31507601	2019	Minculescu L	Cumulative incidence (Gray's test for competing risk) of death from relapse with death from transplant-related-mortality as a competing event in patients with high vs. low (A) concentrations of TCR γδ cells (median 21 × 106/L), p = 0.003, and (B) TCR γδ cell fraction of the total CD3 T cell concentration (median 4.5%), p = 0.02, 56 days after transplantation, n = 104.
purity	31507601	2019	Minculescu L	Cumulative incidence (Gray's test for competing risk) of death from relapse with death from transplant-related-mortality as a competing event in patients with high vs. low (A) concentrations of TCR γδ cells (median 21 × 106/L), p = 0.003, and (B) TCR γδ cell fraction of the total CD3 T cell concentration (median 4.5%), p = 0.02, 56 days after transplantation, n = 104.
purity	31507601	2019	Minculescu L	Cumulative incidence (Gray's test for competing risk) of acute GVHD with death as competing event in patients with high vs. low (A) concentrations of TCR γδ cells (median 18 × 106/L), p = 0.01, and (B) TCR γδ cell fraction of the total CD3 T cell concentration (median 4.6%), p < 0.001, 28 days after transplantation, n = 97.
purity	31507601	2019	Minculescu L	Cumulative incidence (Gray's test for competing risk) of acute GVHD with death as competing event in patients with high vs. low (A) concentrations of TCR γδ cells (median 18 × 106/L), p = 0.01, and (B) TCR γδ cell fraction of the total CD3 T cell concentration (median 4.6%), p < 0.001, 28 days after transplantation, n = 97.
purity	31507601	2019	Minculescu L	The TCR γδ cell compartment 56 days after transplantation in all patients consisted of a median of 1.6% naive cells, 0.9% central memory cells, 48% effector memory cells, and 49% TEMRA cells, Table 2, Figure 3.
purity	31507601	2019	Minculescu L	A median of 40 (IQR 22–57) % of all TCR γδ cells were HLA-DR positive, and >99% of both total TCR γδ cells, Vδ1, and TCR Vδ2 cells were positive for the activating receptor NKG2D.
purity	30804948	2019	Rådestad E	The median log depletion of αβ T-cells was −4.3 and the median yield of γδ T-cells was 73.5%.
purity	30804948	2019	Rådestad E	Patient 10 and 12 also received a CD34-selected product, (patient 10: 79 mL product with 86% purity; patient 12: 42 mL product with 97.0% purity), total CD34 dose for both products (αβ T-cell depleted and CD34-selected target fractions) is presented.
purity	30804948	2019	Rådestad E	The log depletion of αβ T-cells varied between −3.2 and −5.1 (median −4.3) and the yield of γδ T-cells between 31.9 and 101% (median 73.5%) (Figure 1A, Table 2).
purity	30804948	2019	Rådestad E	When analyzing the αβ T-cell depleted cell products for various subsets of lymphocytes, CD3+ T-cells comprised of 4.9–32.6% (median 9.9%) of all lymphocytes.
purity	30804948	2019	Rådestad E	A clear majority of cells gated on CD3+ T-cells expressed the γδ TCR (88.1–99.5%, median 98.4%).
purity	30804948	2019	Rådestad E	Only 0.02–2.8% (median 0.5%) of the CD3+ T-cells expressed the αβ TCR (Figure 1B, Table 2).
purity	30804948	2019	Rådestad E	The vast majority of γδ T-cells expressed Vδ2 (8.3–86.8%, median 68.8%) and/or Vγ9 (16.7–91.6%, median 76.9%).
purity	30804948	2019	Rådestad E	Vδ1 was expressed by 5.6–39.7%, median 15.6% of total T-cells (Figure 1C) and Vα24 was expressed by a small proportion T-cells (0.2–6.4%, median 3.8%) known as invariant NKT-cells.
purity	30804948	2019	Rådestad E	Of all lymphocytes, the proportion of CD3+ T-cells varied from 15.7–94.3% (median 43.0%).
purity	30804948	2019	Rådestad E	The majority of T-cells were at this time αβ T-cells (median 83.0%, range 11.8–95.6%) and the proportion of γδ T-cells varied from 1.9–80.0% (median 11.5%) (Figure 2D).
purity	30804948	2019	Rådestad E	Similar to the infusion product, Vγ9 was the most abundant γδ subset among patients at 3–5 weeks post infusion (1.4–73.9%, median 9.4%).
purity	30804948	2019	Rådestad E	Of all T-cells, median 3.2% comprised of the Vδ1 subset (range 0.9–15.3%), 2.2% of the Vδ2 subset (0.2–69.2%) and limited presence of the Vα24 subset was observed in peripheral blood of these patients (median 0.6%, range 0.1–2.2%) (Figure 2D).
purity	29867961	2018	Pistoia V	Controversial results have been reported regarding the expression and function of NKp44 on a minor subset (less than 10%) of γδ T-cells after culture in the presence of IL-15 (40).
purity	25371909	2014	Rådestad E	As expected, the original apheresis products contained a vast majority of αβ T-cells (91.5–98.6%, median 94.6%) when gated on CD3+ cells (Figure 1(a)).
purity	25371909	2014	Rådestad E	The αβ depletion was efficient, with only a small population (0.1–1.4%, median 1.02%) of αβ T-cells remaining when gated on CD3+ cells (Table 2) (Figure 1(a)).
purity	25371909	2014	Rådestad E	The grafts contained 12.3–39.7% Vδ1+ T-cells (median 24.9%).
purity	25371909	2014	Rådestad E	The majority of γδ T-cells expressed Vδ2 (8.3–70.5%, median 45.5%) and/or Vγ9 (16.7–77.6%, median 48.1%).
purity	25371909	2014	Rådestad E	Log depletion of αβ T-cells in the products was between −3.24 and −4.46 (median 3.72) and the γδ T-cells yield was between 44 and 100% (median 84.4%) (Figure 1(d)).
purity	25371909	2014	Rådestad E	The results of the long-term follow-up blood samples from four out of five patients showed a median of 13.4% γδ+CD3+ T-cells (13.1–16.0%) and a median of 77.5% αβ T-cells (72.5–89.8%) (Figure 5(a)).
purity	25371909	2014	Rådestad E	The patients had comparable frequencies of the different γδ subsets where the expression of Vδ1 and Vδ2 was similar (median 6.5%, range 4.9-7% and median 6.1%, range 2.9–7.7%, resp.).
purity	25371909	2014	Rådestad E	The frequency of Vγ9 ranged from 6.7 to 10.3% (median 8.4%) and the frequency of Vα24+ was limited in all patients (median 0.6%, range 0.4–1.3%).
purity	25371909	2014	Rådestad E	The cumulative frequency of T-cells after depletion expressing either αβ, Vδ1, Vδ2, or Vα24 was in all five separations considerably lower than 100% (median 80%) (Figure 1).
purity	24528541	2014	Wilhelm M	On average, patients received 2.17 × 106/kg (range 0.9-3.48) γδ T cells with <1% CD4- or CD8-positive cells remaining in the product.
purity	32188103	2020	Fonseca S	In humans, the size of the circulating pool of γδ Tc is small at birth, and it expands during the first decade of life, from less than 2% of cord blood (CB) Tc to around 5% of PB Tc in adults [38].
purity	32188103	2020	Fonseca S	The median percentage of γδ Tc among Tc was of 4.3%, ranging from 1.2% to 15.4%, and the median absolute number of γδ Tc was 63/μL, ranging from 9 to 253 cells/μL (Table 1).
purity	32188103	2020	Fonseca S	CD5 and CD8 were also expressed in a variable fraction of γδ Tc, with median and range values of 93.2% (57.1–98.9%) and 28.6% (11.5–66.9%), respectively (Figure 2B and Table S2).
purity	32188103	2020	Fonseca S	The percentage of CD28- cells among γδ Tc (median: 58.4%; range: 19.4–91.1%) was significantly higher than that observed in the αβ Tc compartment (median: 14.0%; range: 1.6–52.4%) (MWUT: p < 0.001), and correlated positively with the percentages of CD5- (SRCT: p = 0.001; r = 0.554), CD8+ (SRCT: p = 0.018; r = 0.430), CD16+ (SRCT: p < 0.001; r = 0.665) and CD56+ (SRCT: p = 0.026; r = 0.406) γδ Tc (Figure 3).
purity	32188103	2020	Fonseca S	As expected, most peripheral blood γδ Tc were Vδ2+ and Vγ9+ (median values: 66.4% and 69.1%, respectively), and most of the remaining γδ Tc were Vδ1+ (median value: 24.6%) (Table 1 and Figure 4A).
purity	32188103	2020	Fonseca S	The median fraction of γδ Tc that were negative for Vδ1 and Vδ2 was 9.2%, ranging from 0.0% to 52.2%, corresponding to cells expressing Vδ chains that were not tested, such as Vδ3 and Vδ5, because the mAbs with these specificities are no longer available in the market (Figure 4).
purity	32188103	2020	Fonseca S	Similarly, the median fraction of Vγ9 negative γδ Tc was 30.9%, ranging from 5.5% to 72.8%, probably corresponding to cells expressing other Vγ regions (e.g., Vγ2, Vγ3, Vγ4, Vγ5, and Vγ8) that were not tested for the same reasons.
purity	32188103	2020	Fonseca S	5.0 ± 3.6), were similar to those obtained in a series of 157 Spanish healthy adults (78 males median age of 57 years), who had a median percentage of γδ Tc of 3.1% (among total lymphocytes), ranging from 0.2 to 14.0, and a median count of 70 γδ Tc/μL, varying from 5 to 319 [63].
purity	32188103	2020	Fonseca S	(1996) investigated the frequency of γδ Tc in the PB of 26 Turkish, 24 Swedish, 35 Asian Japanese and 14 Asian non-Japanese, healthy volunteers, and they found that the median percentages of γδ Tc (among Tc) in the Turkish and Asian non-Japanese were significantly higher than those observed in the Swedish and Asian Japanese groups, with Turkish and Asian non-Japanese having a higher incidence of cases with >10% γδ Tc compared to Swedish and Asian Japanese [71].
purity	32188103	2020	Fonseca S	(2010) obtained PB specimens from 32 African American (13 males median age of 47 years) and 33 Caucasian American (14 males median age of 41 years) blood donors [54], and they found significantly higher fractions of Vδ2 Tc in the first group, with mean ± SD percentages of Vδ2 cells in total lymphocytes of 3.7% ± 4.4% and 1.2% ± 2.1%, respectively.
purity	32188103	2020	Fonseca S	In the Michishita’ series (2011) of Asian Japanese healthy adults mentioned above, the mean percentages of Vδ2 Tc among total lymphocytes were 3.0% ± 3.1% [55]; thus, they were between those observed by Cairo et al. for African American and Caucasian American adults [54].
purity	32188103	2020	Fonseca S	In accordance, in the early 90s, Parker et al. reported that proportion of Tc expressing TCR-γδ in CB was quite similar in all cases tested (mean of 1.7%) and threefold lower than the proportion of Tc expressing TCR-γδ in adult PB (mean of 5.7%); besides, they observed that in the CB from neonates, γδ Tc use predominantly Vδ1 (50% of γδ Tc) and less frequently express Vδ2 (25% of γδ Tc), as compared to values of <30% and >70% in the PB from adults, respectively [38].
purity	32188103	2020	Fonseca S	(2006) studied 320 Italian healthy subjects aged from 2 to 70 years-old, and they observed that the percentage of peripheral blood Vγ9Vδ2 Tc (in total Tc) raised from birth to puberty, and gradually decreased beyond the age of 20–30 years [53]; they analyzed separately, three age groups (2–15, 20–30 and 30–60 years-old), and they found that the percentages of Vγ9Vδ2 Tc (among total Tc) decreased progressively in children, younger adults and older adults (mean values of 3.5%, 3.0% and 1.5%) [53].
purity	32188103	2020	Fonseca S	(2008) considered arbitrarily γδ Tc to be increased when they comprised more than 5% of PB lymphocytes and/or when their absolute number exceeded 200 cells/μL [3].
purity	32188103	2020	Fonseca S	Previous studies have reported that 20%–30% of peripheral blood γδ Tc are CD8+low, [188,194] expressing CD8α and CD8β polypeptides in all possible combinations, with the largest proportion of cells (44% ± 17%) exhibiting CD8ββ homodimers and smaller fractions expressing CD8αα homodimers (14% ± 12%) or CD8αβ heterodimers (14% ± 12%, and that the mean fluorescence intensity of CD8 expression is much lower in CD8αα and CD8ββ γδ Tc [181].
purity	32188103	2020	Fonseca S	Vδ1 Tc (A, red dots) represented 5.6% of γδ Tc, 0.9% of Tc and 0.2% of WBC, whereas Vδ2 Tc (B, red dots) were 94.4% of γδ Tc, 14.5% of Tc and 2.7% of WBC.
purity	32188103	2020	Fonseca S	Vδ1 Tc (A, red dots) represented 5.6% of γδ Tc, 0.9% of Tc and 0.2% of WBC, whereas Vδ2 Tc (B, red dots) were 94.4% of γδ Tc, 14.5% of Tc and 2.7% of WBC.
purity	24734216	2014	Fisher JP	Treating patients with aminobisphosphonates or synthetic phosphoantigens leads to an increase in circulating Vγ9Vδ2 T cells that are able to kill autologous tumor cells in vitro.22 The 3rd generation aminobisphosphonate zoledronate has been the most commonly used agent for the activation/expansion of γδ T cells in clinical trials, as it has been administered to 61/80 (72%) of patients.
purity	24734216	2014	Fisher JP	Following the administration of 4 mg zoledronate in cancer patients with normal renal function, mean peak plasma concentration was 1.13 µM.26 A pharmacokinetic study of zoledronate infusions in patients with renal impairment showed that plasma concentrations 24 h upon infusion were < 1% of peak concentrations, but were still sufficient to elicit consistent γδ T-cell activation in vitro.
purity	24734216	2014	Fisher JP	83.8% of patients enrolled into trials testing in vivo γδ T-cell expansion had previously received myelosuppressive chemotherapy, as compared with only 41.6% of patients allocated to γδ T-cell transfer.
purity	24734216	2014	Fisher JP	Conversely, 41.6% of the participants in adoptive γδ T-cell transfer trial had previously received some form of immunotherapy, as compared with only 16.3% of patients receiving γδ T cell-expanding drugs (Fig.
purity	24734216	2014	Fisher JP	It is not possible to compare the overall efficacy of these IL-2 delivery techniques from this study as patients were enrolled in the cohort treated under the altered protocol only if they had a significant expansion of γδ T cells in vitro (> 20% proliferation at D8 of culture with pamidronate and IL-2) (Table S1).
purity	24734216	2014	Fisher JP	Expansion protocols varied substantially, and in some studies they involved a very high concentration of IL-2 (1000 U/mL).45-47 The expansion of γδ T cells from the peripheral blood is clearly feasible, while studies involving leukopheresis did not achieve significantly higher numbers of γδ T cells than those based on γδ T-cell expansion from the whole blood (leukopheresis, mean 11.3 x 109 cells, 95% CI 5.8–16.9 x 109 cells: whole blood, mean 16.2 × 109 cells;
purity	24734216	2014	Fisher JP	Comparison of clinical trials using adoptively transferred γδ T cellsPapernDisease (n)Cell sourceExpansion conditionsCyclesCumulative cell dose (x109)Additional treatments IL-2 (U/mL)[aBP or PAg]Cycle length (d)Mean no. of cyclesLower 95% CIUpper 95% CIMeanLower 95% CIUpper 95% CIZOL (mg)IL-2 (MU/m2)[d/cycle]Bennouna et al.
purity	24734216	2014	Fisher JP	In one study, γδ T cells from 88% (14/16) healthy donors expanded in vitro in response to IL-2 + pamidronate, whereas γδ T cells from only 49% (20/41) cancer patients (including multiple myeloma, MM, non-Hodgkin’s lymphoma, NHL and, B-cell chronic lymphocytic leukemia (B-CLL) expanded following the same stimuli.38 There is an inverse correlation between the frequency of circulating Tregs and the ability of γδ T cells from cancer patients to proliferate upon phosphoantigen stimulation in vitro.
purity	24734216	2014	Fisher JP	In a cohort of melanoma patients, lymphodepletion followed by adoptive T-cell transfer resulted in a response rate of 56% and many patients still remain disease-free at follow up (4–10 y).65 Interestingly, autologous γδ T cells expanded ex vivo have been shown to persist in the circulation of cancer patients receiving IL-2 but no prior lymphodepletion for over 12 wk.45,66
