category	authors	title	venue	year	pmid	doi	pmcid	url	fulltext_xml	topics	status
vd1_products	Bandala-Sanchez E, Scolamiero L, Chatelier J, Ramsay KA, Morey A, Tsang S, Forde M, Bosco JJ, Pumar M, Sanchez-Ramon S, Guevara-Hoyer K, Fuentes-Antrás J, Godsell J, Spriggs K, von Borstel A, Chan S, Howson LJ.	Oligoclonal expansion of atypical Vδ2- γδ T cells in Good's Syndrome	Nature communications	2026	42277046	10.1038/s41467-026-74273-9		https://doi.org/10.1038/s41467-026-74273-9		comparator;expansion_product;phenotype_subsets;vdelta1	metadata_only
vd1_products	Carreira M, Barros L, Cruz RM, Ferreira C, Costa C, Ferreira CM, Mensurado S, Silva-Santos B, Blanco-Domínguez R.	CXCR3 signaling promotes Delta One T cell recruitment and antitumor efficacy in colorectal cancer	Journal for immunotherapy of cancer	2026	42208977	10.1136/jitc-2025-014668	PMC13223943	https://pmc.ncbi.nlm.nih.gov/articles/PMC13223943/	fulltext/carreira_2026_pmid42208977.xml	expansion_product;target_disease;vdelta1	fulltext_xml
vd1_products	David J, Walsh A, Seow KS, Walsh E, Elekes S, Upadhyay R, Taher NAB, Al Siyabi S, Melo AM, Waldron C, Vandenberghe E, McElligott AM, Doherty DG.	Upregulation of CD1d and ULBP3 on B cells from healthy donors and chronic lymphocytic leukaemia patients does not prime them for killing by γδ T cells	PloS one	2026	42008532	10.1371/journal.pone.0346684	PMC13095099	https://pmc.ncbi.nlm.nih.gov/articles/PMC13095099/	fulltext/david_2026_pmid42008532.xml	comparator;cytotoxicity_et;expansion_product;phenotype_subsets;target_disease;vdelta1	fulltext_xml
vd1_products	DeMatteo R, ZENG S, Sussman J, Morris M, Fu Y, Perez J, Rong J, Tardy K, Kwak H, Hartlein T, Liu S, Do K, Rossi F, Zhang J, Xu X.	Effector Vδ1 γδT cells mediate anti-tumor immunity and are reprogrammed by imatinib in human gastrointestinal stromal tumor	Research Square	2026		10.21203/rs.3.rs-9557741/v1		https://doi.org/10.21203/rs.3.rs-9557741/v1		expansion_product;phenotype_subsets;target_disease;vdelta1	metadata_only
vd1_products	Fraietta JA, Lohmueller JJ.	PSCA CAR Vδ1 T cells: a safer off-the-shelf CAR T therapy for pancreatic cancer?	Journal for immunotherapy of cancer	2026	42103354	10.1136/jitc-2025-014088	PMC13157800	https://pmc.ncbi.nlm.nih.gov/articles/PMC13157800/	fulltext/fraietta_2026_pmid42103354.xml	comparator;engineered;expansion_product;phenotype_subsets;quantitative;target_disease;vdelta1	fulltext_xml
vd1_products	Goto Y, Dolton G, Thomas H, Morin T, Tajima Y, Imamura K, Sakata S, Oka K, Hayashi A, Takahashi M, Ueno T, Sakagami T, Tomita Y, Sewell AK, Motozono C.	A probiotic bacterium modulates antitumour γδ T-cell responses in lung cancer	Frontiers in immunology	2026	41993168	10.3389/fimmu.2026.1750569	PMC13079699	https://pmc.ncbi.nlm.nih.gov/articles/PMC13079699/	fulltext/goto_2026_pmid41993168.xml	clinical;phenotype_subsets;quantitative;vdelta1	fulltext_xml
vd1_products	Hayati MJ, Yaghmoorian Khojini J, Khara F, Heydari A, Vousooghi N, Abootorabi SMS, Barkhordar M, Mousavi MJ.	Gamma Delta T Cells in the Tumour Microenvironment: A Double-Edged Sword	Immunology	2026	41086872	10.1111/imm.70035		https://doi.org/10.1111/imm.70035		engineered;phenotype_subsets;review;vdelta1	metadata_only
vd1_products	Herold N, Bochem J, Leyens J, Wingerter S, Forchhammer S, Spreuer J, Deseke M, Yurttas C, Nocerino P, Antunes Dos Reis R, Amaral T, Wagner NB, Thiel K, Soffel D, Bieber K, Terheyden P, Wesch D, Oberg HH, Sebens S, Claassen M, Königsrainer A, Garbe C, Pawelec G, Meier F, Löffler MW, Weide B, Prinz I, Ravens S, Kordasti S, Eigentler T, Wistuba-Hamprecht K.	Vδ1 T-cell subset appears to be responsive to PD-1 blockade therapy and is associated with survival in melanoma	Journal for immunotherapy of cancer	2026	41558811	10.1136/jitc-2024-011224	PMC12820842	https://pmc.ncbi.nlm.nih.gov/articles/PMC12820842/	fulltext/herold_2026_pmid41558811.xml	clinical;comparator;phenotype_subsets;target_disease;vdelta1	fulltext_xml
vd1_products	Mandal S, Dhali A, Maji M, Aithal G.	Relevance of Chemokines in Mobilizing γδ T Cells in the Biliary Tract Cancer Microenvironment: Potential for γδ T-Cell-Based Adoptive Cell Therapy	American journal of clinical oncology	2026	41711559	10.1097/coc.0000000000001306		https://doi.org/10.1097/coc.0000000000001306		expansion_product;target_disease;vdelta1	metadata_only
vd1_products	Stirblyte K, Ghanem Y, Bates M, Gray SG, Saadeh FA, Martin C, O'Toole S, O'Leary JJ, Doherty DG, Mohamed BM.	Lipid metabolism in γδ T-cell activation: Implications for immunotherapy in ovarian cancer	Translational oncology	2026	42520474	10.1016/j.tranon.2026.102953		https://doi.org/10.1016/j.tranon.2026.102953		engineered;expansion_product;phenotype_subsets;review;target_disease;vdelta1	metadata_only
vd1_products	Wang F, Zhao J, Zhang T, Shi J.	Harnessing Vδ1+ T cells for next-generation immunotherapy: from mechanistic insights to clinical translation	Frontiers in immunology	2026	42344895	10.3389/fimmu.2026.1827307	PMC13286967	https://pmc.ncbi.nlm.nih.gov/articles/PMC13286967/	fulltext/wang_2026_pmid42344895.xml	comparator;engineered;review;target_disease;vdelta1	fulltext_xml
vd1_products	Yu M, Mu G, Chen P, Bi H, Zhou F, Zha Z, Huang S, Jiang H, Jin Y, Chen Y, Chiu ML, Zhang D.	Novel ADC and γδ T cell engager targeting CDH17 for the therapy of gastrointestinal cancers	Antibody therapeutics	2026	42382978	10.1093/abt/tbag012	PMC13317742	https://pmc.ncbi.nlm.nih.gov/articles/PMC13317742/	fulltext/yu_2026_pmid42382978.xml	engineered;expansion_product;phenotype_subsets;vdelta1	fulltext_xml
vd1_products	Agbuduwe C, Maher J, Anderson J.	Harnessing the immunotherapeutic potentials of gamma delta T cells against hematological malignancies	HemaSphere	2025	40785982	10.1002/hem3.70182	PMC12331877	https://pmc.ncbi.nlm.nih.gov/articles/PMC12331877/	fulltext/agbuduwe_2025_pmid40785982.xml	clinical;expansion_product;quantitative;review;vdelta1	fulltext_xml
vd1_products	Berthelot I, McNally A, Hart V, Fukazawa Y, Batada N, Rout N.	Optimized In Vitro Expansion of Vδ1+ γδT Cells from Nonhuman Primate Peripheral Blood	bioRxiv	2025		10.64898/2025.12.03.692135		https://doi.org/10.64898/2025.12.03.692135		expansion_product;phenotype_subsets;quantitative;vdelta1	metadata_only
vd1_products	Boutin L, Liu M, Déchanet Merville J, Bedoya-Reina O, Wilhelm MT.	EphA2 and phosphoantigen-mediated selective killing of medulloblastoma by γδT cells preserves neuronal and stem cell integrity	Oncoimmunology	2025	40190167	10.1080/2162402x.2025.2485535	PMC11980450	https://pmc.ncbi.nlm.nih.gov/articles/PMC11980450/	fulltext/boutin_2025_pmid40190167.xml	engineered;expansion_product;quantitative;target_disease;vdelta1	fulltext_xml
vd1_products	Castenmiller SM, Borst AL, Wardak L, Molenaar JJ, Papadopoulou M, de Krijger RR, van der Steeg AF, van Noesel MM, Vermijlen D, de Groot R, Wienke J, Wolkers MC.	γδ T cells are the prime antitumoral T cells in pediatric neuroblastoma	Life science alliance	2025	40897471	10.26508/lsa.202503249	PMC12405002	https://pmc.ncbi.nlm.nih.gov/articles/PMC12405002/	fulltext/castenmiller_2025_pmid40897471.xml	comparator;expansion_product;target_disease;vdelta1	fulltext_xml
vd1_products	Cieslak SG, Shahbazi R.	Gamma delta T cells and their immunotherapeutic potential in cancer	Biomarker research	2025	40148988	10.1186/s40364-025-00762-6	PMC11951843	https://pmc.ncbi.nlm.nih.gov/articles/PMC11951843/	fulltext/cieslak_2025_pmid40148988.xml	clinical;review;vdelta1	fulltext_xml
vd1_products	Gatti LC, Nicolasen MJ, Keramati F, Brazda P, Meringa AD, De Bont DA, Aarts-Riemens T, Brandwijk WJC, van der Wijst MI, Stuut AH, Gasull Celades L, Zawal D, Vazaios K, Daudeij A, Huismans MA, Parigiani MA, Straetemans T, Beringer DX, Kranenburg O, Berlin C, Minguet S, Kesselring R, Stunnenberg HG, Roodhart JM, Sebestyen Z, Kuball J.	Functional γδT-omics pipeline reveals compartmentalization of Vδ1⁺ T cell migration, tumor-reactivity, and clonality in human colorectal cancer	bioRxiv	2025		10.1101/2025.08.19.671055		https://doi.org/10.1101/2025.08.19.671055		expansion_product;phenotype_subsets;target_disease;vdelta1	metadata_only
vd1_products	Hsu AT, O'Donoghue RJJ, Tsantikos E, Gottschalk TA, Borger JG, Gherardin NA, Xu C, Koay HF, Godfrey DI, Ernst M, Anderson GP, Hibbs ML.	An unconventional T cell nexus drives HCK-mediated chronic obstructive pulmonary disease in mice	EBioMedicine	2025	40245497	10.1016/j.ebiom.2025.105707	PMC12143211	https://pmc.ncbi.nlm.nih.gov/articles/PMC12143211/	fulltext/hsu_2025_pmid40245497.xml	engineered;expansion_product;target_disease;vdelta1	fulltext_xml
vd1_products	Jiang S, Zheng S, Yao C, Ning D, Zou S, Zhan J, Lan T, Yi T, Jin Z, Wu X.	Heterogeneity of γδ T-cell subsets and their clinical correlation in patients with AML	Frontiers in immunology	2025	40236710	10.3389/fimmu.2025.1552235	PMC11996841	https://pmc.ncbi.nlm.nih.gov/articles/PMC11996841/	fulltext/jiang_2025_pmid40236710.xml	clinical;comparator;phenotype_subsets;target_disease;vdelta1	fulltext_xml
vd1_products	Liu W, Moriarity BS, Webber BR.	Genetic engineering and allogeneic optimization of Vδ1 γδ CAR-T cells (ADI-270) for cancer immunotherapy	Journal for immunotherapy of cancer	2025	41453774	10.1136/jitc-2025-013537	PMC12742126	https://pmc.ncbi.nlm.nih.gov/articles/PMC12742126/	fulltext/liu_2025_pmid41453774.xml	comparator;engineered;vdelta1	fulltext_xml
vd1_products	Mysona DP, Shah A, Jaeger N, Almadadi A, Orr B, McIndoe R, Johnson M, Higgins R, Rungruang B, Ghamande S, Hedrick C, Ley K.	The protective role of γδ T cells in endometrial cancer	Cancer immunology, immunotherapy : CII	2025	41021035	10.1007/s00262-025-04177-y	PMC12480308	https://pmc.ncbi.nlm.nih.gov/articles/PMC12480308/	fulltext/mysona_2025_pmid41021035.xml	expansion_product;phenotype_subsets;target_disease;vdelta1	fulltext_xml
vd1_products	Nishimoto KP, Lamture G, Chanthery Y, Teague AG, Verma Y, Au M, Smith-Boeck M, Salum M, Murthy P, Gundurao SRY, Kaur R, Zhang J, Azameera A, Wong JTS, Speltz EB, Wang KM, Doan A, Sethuraman J, Bhatwala D, Giner-Rubio A, Puligujja P, Budworth H, Rold CJ, Panuganti S, Jakobovits A, Herrman M, Bhat A, Green S, Aftab BT.	ADI-270: an armored allogeneic gamma delta T cell therapy designed to target CD70-expressing solid and hematologic malignancies	Journal for immunotherapy of cancer	2025	40592738	10.1136/jitc-2025-011704	PMC12215124	https://pmc.ncbi.nlm.nih.gov/articles/PMC12215124/	fulltext/nishimoto_2025_pmid40592738.xml	comparator;engineered;expansion_product;phenotype_subsets;vdelta1	fulltext_xml
vd1_products	Park WH, Lee HK.	Human γδ T cells in the tumor microenvironment: Key insights for advancing cancer immunotherapy	Molecules and cells	2025	39778860	10.1016/j.mocell.2025.100177	PMC11833627	https://pmc.ncbi.nlm.nih.gov/articles/PMC11833627/	fulltext/park_2025_pmid39778860.xml	comparator;engineered;phenotype_subsets;review;vdelta1	fulltext_xml
vd1_products	Portillo AL, Mehboob M, Snyder G, Moinuddin A, Ritchie TM, Balint E, Moore AE, Sookhaklari M, Bramson JL, Lee DA, Naeimi Kararoudi M, Ashkar AA.	IL-21-reprogrammed Vδ1 T cells exert killing against solid tumors which is enhanced by CAR arming for off-the-shelf immunotherapy	Oncoimmunology	2025	40996786	10.1080/2162402x.2025.2562210	PMC12477882	https://pmc.ncbi.nlm.nih.gov/articles/PMC12477882/	fulltext/portillo_2025_pmid40996786.xml	comparator;engineered;expansion_product;phenotype_subsets;target_disease;vdelta1	fulltext_xml
vd1_products	Safavi A, Samir J, Singh M, Bonomi M, Louie RY, Micklethwaite K, Luciani F.	Identification of clonally expanded γδ T-cell populations during CAR-T cell therapy	Immunology and cell biology	2025	39500484	10.1111/imcb.12834		https://doi.org/10.1111/imcb.12834		engineered;expansion_product;vdelta1	metadata_only
vd1_products	Silva-Romeiro S, Sánchez-León ML, Jiménez-Cortegana C, de Toro-Salas R, Machuca Aguado J, Sánchez-Margalet V, de la Cruz-Merino L.	Gamma-delta T cells in breast cancer: Dual role in tumor immunity and emerging therapeutic approaches	International review of cell and molecular biology	2025	41161891	10.1016/bs.ircmb.2025.08.013		https://doi.org/10.1016/bs.ircmb.2025.08.013		engineered;review;target_disease;vdelta1	metadata_only
vd1_products	Zhu G, Sun Z, Liu Y, Liu J, Guo L, Pei G, Jiang Y, Miao B, Li Z, Zhang P, Tang D, Zhang W, Wang C.	Rational Design and Organoid-Based Evaluation of a Cocktail CAR-γδ T Cell Therapy for Heterogeneous Glioblastoma	Advanced science (Weinheim, Baden-Wurttemberg, Germany)	2025	40112194	10.1002/advs.202501772	PMC12097020	https://pmc.ncbi.nlm.nih.gov/articles/PMC12097020/	fulltext/zhu_2025_pmid40112194.xml	engineered;expansion_product;phenotype_subsets;target_disease;vdelta1	fulltext_xml
vd1_products	Di Simone M, Corsale AM, Toia F, Shekarkar Azgomi M, Di Stefano AB, Lo Presti E, Cordova A, Montesano L, Dieli F, Meraviglia S.	Tumor-infiltrating γδ T cells as targets of immune checkpoint blockade in melanoma	Journal of leukocyte biology	2024	38324004	10.1093/jleuko/qiae023		https://doi.org/10.1093/jleuko/qiae023		clinical;expansion_product;phenotype_subsets;target_disease;vdelta1	metadata_only
vd1_products	Gray JI, Caron DP, Wells SB, Guyer R, Szabo P, Rainbow D, Ergen C, Rybkina K, Bradley MC, Matsumoto R, Pethe K, Kubota M, Teichmann S, Jones J, Yosef N, Atkinson M, Brusko M, Brusko TM, Connors TJ, Sims PA, Farber DL.	Human γδ T cells in diverse tissues exhibit site-specific maturation dynamics across the life span	Science immunology	2024	38848342	10.1126/sciimmunol.adn3954	PMC11425769	https://pmc.ncbi.nlm.nih.gov/articles/PMC11425769/		comparator;cytotoxicity_et;expansion_product;phenotype_subsets;vdelta1	metadata_only
vd1_products	Juraske C, Krissmer SM, Teuber ES, Parigiani MA, Strietz J, Wesch D, Kabelitz D, Minguet S, Schamel WW.	Reprogramming of human γδ T cells by expression of an anti-CD19 TCR fusion construct (εTRuC) to enhance tumor killing	Journal of leukocyte biology	2024	38149982	10.1093/jleuko/qiad128		https://doi.org/10.1093/jleuko/qiad128		comparator;engineered;expansion_product;vdelta1	metadata_only
vd1_products	Li W, Zhao X, Ren C, Gao S, Han Q, Lu M, Li X.	The therapeutic role of γδT cells in TNBC	Frontiers in immunology	2024	38933280	10.3389/fimmu.2024.1420107	PMC11199784	https://pmc.ncbi.nlm.nih.gov/articles/PMC11199784/	fulltext/li_2024_pmid38933280.xml	clinical;expansion_product;review;target_disease;vdelta1	fulltext_xml
vd1_products	Lien SC, Ly D, Yang SYC, Wang BX, Clouthier DL, St Paul M, Gadalla R, Noamani B, Garcia-Batres CR, Boross-Harmer S, Bedard PL, Pugh TJ, Spreafico A, Hirano N, Razak ARA, Ohashi PS.	Tumor reactive γδ T cells contribute to a complete response to PD-1 blockade in a Merkel cell carcinoma patient	Nature communications	2024	38321065	10.1038/s41467-024-45449-y	PMC10848161	https://pmc.ncbi.nlm.nih.gov/articles/PMC10848161/	fulltext/lien_2024_pmid38321065.xml	comparator;expansion_product;phenotype_subsets;vdelta1	fulltext_xml
vd1_products	Mensurado S, Condeço C, Sánchez-Martínez D, Shirley S, Coelho RML, Tirado N, Vinyoles M, Blanco-Domínguez R, Barros L, Galvão B, Custódio N, Gomes da Silva M, Menéndez P, Silva-Santos B.	CD155/PVR determines acute myeloid leukemia targeting by Delta One T cells	Blood	2024	38437507	10.1182/blood.2023022992	PMC11033583	https://pmc.ncbi.nlm.nih.gov/articles/PMC11033583/	fulltext/mensurado_2024_pmid38437507.xml	clinical;cytotoxicity_et;engineered;phenotype_subsets;target_disease;vdelta1	fulltext_xml
vd1_products	Reinstein ZZ, Zhang Y, Ospina OE, Nichols MD, Chu VA, Pulido AM, Prieto K, Nguyen JV, Yin R, Moran Segura C, Usman A, Sell B, Ng S, de la Iglesia JV, Chandra S, Sosman JA, Cho RJ, Cheng JB, Ivanova E, Koralov SB, Slebos RJC, Chung CH, Khushalani NI, Messina JL, Sarnaik AA, Zager JS, Sondak VK, Vaske C, Kim S, Brohl AS, Mi X, Pierce BG, Wang X, Fridley BL, Tsai KY, Choi J.	Preexisting Skin-Resident CD8 and γδ T-cell Circuits Mediate Immune Response in Merkel Cell Carcinoma and Predict Immunotherapy Efficacy	Cancer discovery	2024	39058036	10.1158/2159-8290.cd-23-0798	PMC11954000	https://pmc.ncbi.nlm.nih.gov/articles/PMC11954000/		expansion_product;quantitative;vdelta1	metadata_only
vd1_products	Safavi A, Samir J, Singh M, Bonomi M, Louie RHY, Micklethwaite K, Luciani F.	Identification of clonally expanded Tγδ populations during CAR-T cell therapy	Authorea Preprints	2024		10.22541/au.172525996.65227889/v1		https://doi.org/10.22541/au.172525996.65227889/v1		engineered;expansion_product;vdelta1	metadata_only
vd1_products	Verkerk T, Pappot AT, Jorritsma T, King LA, Duurland MC, Spaapen RM, van Ham SM.	Isolation and expansion of pure and functional γδ T cells	Frontiers in immunology	2024	38426099	10.3389/fimmu.2024.1336870	PMC10902048	https://pmc.ncbi.nlm.nih.gov/articles/PMC10902048/	fulltext/verkerk_2024_pmid38426099.xml	cytotoxicity_et;expansion_product;phenotype_subsets;quantitative;vdelta1	fulltext_xml
vd1_products	Wang C, Lai AY, Baiu DC, Smith KA, Odorico JS, Wilson K, Schreiber T, de Silva S, Gumperz JE.	Analysis of Butyrophilin-Mediated Activation of γδ T Cells from Human Spleen	Journal of immunology (Baltimore, Md. : 1950)	2024	37991420	10.4049/jimmunol.2300588		https://doi.org/10.4049/jimmunol.2300588		comparator;expansion_product;phenotype_subsets;vdelta1	metadata_only
vd1_products	Zhao RD, Liu DJ, Li JW, Wang Y, Lin JH, Zhang YT, Li Y, Zhan MX, Yin ZN, Lu LG, Liu B.	Landscape and prognostic values of lymphocytes in patients with hepatocellular carcinoma undergoing transarterial embolization	Journal of leukocyte biology	2024	38648512	10.1093/jleuko/qiae094		https://doi.org/10.1093/jleuko/qiae094		clinical;target_disease;vdelta1	metadata_only
vd1_products	Costa GP, Mensurado S, Silva-Santos B.	Therapeutic avenues for γδ T cells in cancer	Journal for immunotherapy of cancer	2023	38007241	10.1136/jitc-2023-007955	PMC10680012	https://pmc.ncbi.nlm.nih.gov/articles/PMC10680012/	fulltext/costa_2023_pmid38007241.xml	clinical;comparator;engineered;expansion_product;review;vdelta1	fulltext_xml
vd1_products	Harmon C, Zaborowski A, Moore H, St Louis P, Slattery K, Duquette D, Scanlan J, Kane H, Kunkemoeller B, McIntyre CL, Scannail AN, Moran B, Anderson AC, Winter D, Brennan D, Brehm MA, Lynch L.	γδ T cell dichotomy with opposing cytotoxic and wound healing functions in human solid tumors	Nature cancer	2023	37474835	10.1038/s43018-023-00589-w		https://doi.org/10.1038/s43018-023-00589-w		clinical;comparator;expansion_product;phenotype_subsets;target_disease;vdelta1	metadata_only
vd1_products	Hur G, Choi H, Lee Y, Sohn HJ, Kim SY, Kim TG.	In Vitro Expansion of Vδ1+ T Cells from Cord Blood by Using Artificial Antigen-Presenting Cells and Anti-CD3 Antibody	Vaccines	2023	36851283	10.3390/vaccines11020406	PMC9961230	https://pmc.ncbi.nlm.nih.gov/articles/PMC9961230/	fulltext/hur_2023_pmid36851283.xml	comparator;expansion_product;phenotype_subsets;vdelta1	fulltext_xml
vd1_products	Knight A, Piskacek M, Jurajda M, Prochazkova J, Racil Z, Zackova D, Mayer J.	Expansions of tumor-reactive Vdelta1 gamma-delta T cells in newly diagnosed patients with chronic myeloid leukemia	Cancer immunology, immunotherapy : CII	2023	36376516	10.1007/s00262-022-03312-3	PMC10110709	https://pmc.ncbi.nlm.nih.gov/articles/PMC10110709/	fulltext/knight_2023_pmid36376516.xml	comparator;cytotoxicity_et;expansion_product;phenotype_subsets;quantitative;target_disease;vdelta1	fulltext_xml
vd1_products	Li R, Xu J, Wu M, Liu S, Fu X, Shang W, Wang T, Jia X, Wang F.	Circulating CD4+ Treg, CD8+ Treg, and CD3+ γδ T Cell Subpopulations in Ovarian Cancer	Medicina (Kaunas, Lithuania)	2023	36837407	10.3390/medicina59020205	PMC9958753	https://pmc.ncbi.nlm.nih.gov/articles/PMC9958753/	fulltext/li_2023_pmid36837407.xml	comparator;expansion_product;phenotype_subsets;target_disease;vdelta1	fulltext_xml
vd1_products	Mensurado S, Blanco-Domínguez R, Silva-Santos B.	The emerging roles of γδ T cells in cancer immunotherapy	Nature reviews. Clinical oncology	2023	36624304	10.1038/s41571-022-00722-1		https://doi.org/10.1038/s41571-022-00722-1		comparator;expansion_product;review;vdelta1	metadata_only
vd1_products	Rancan C, Arias-Badia M, Dogra P, Chen B, Aran D, Yang H, Luong D, Ilano A, Li J, Chang H, Kwek SS, Zhang L, Lanier LL, Meng MV, Farber DL, Fong L.	Exhausted intratumoral Vδ2- γδ T cells in human kidney cancer retain effector function	Nature immunology	2023	36928415	10.1038/s41590-023-01448-7	PMC10063448	https://pmc.ncbi.nlm.nih.gov/articles/PMC10063448/	fulltext/rancan_2023_pmid36928415.xml	cytotoxicity_et;expansion_product;phenotype_subsets;vdelta1	fulltext_xml
vd1_products	Sanz M, Mann BT, Ryan PL, Bosque A, Pennington DJ, Hackstein H, Soriano-Sarabia N.	Deep characterization of human γδ T cell subsets defines shared and lineage-specific traits	Frontiers in immunology	2023	37063856	10.3389/fimmu.2023.1148988	PMC10102470	https://pmc.ncbi.nlm.nih.gov/articles/PMC10102470/	fulltext/sanz_2023_pmid37063856.xml	expansion_product;phenotype_subsets;quantitative;vdelta1	fulltext_xml
vd1_products	Schadeck J, Oberg HH, Peipp M, Hedemann N, Schamel WW, Bauerschlag D, Wesch D.	Vdelta1 T cells are more resistant than Vdelta2 T cells to the immunosuppressive properties of galectin-3	Frontiers in immunology	2023	38259448	10.3389/fimmu.2023.1286097	PMC10800970	https://pmc.ncbi.nlm.nih.gov/articles/PMC10800970/	fulltext/schadeck_2023_pmid38259448.xml	expansion_product;phenotype_subsets;target_disease;vdelta1	fulltext_xml
vd1_products	de Vries NL, van de Haar J, Veninga V, Chalabi M, Ijsselsteijn ME, van der Ploeg M, van den Bulk J, Ruano D, van den Berg JG, Haanen JB, Zeverijn LJ, Geurts BS, de Wit GF, Battaglia TW, Gelderblom H, Verheul HMW, Schumacher TN, Wessels LFA, Koning F, de Miranda NFCC, Voest EE.	γδ T cells are effectors of immunotherapy in cancers with HLA class I defects	Nature	2023	36631610	10.1038/s41586-022-05593-1	PMC9876799	https://pmc.ncbi.nlm.nih.gov/articles/PMC9876799/	fulltext/de_2023_pmid36631610.xml	comparator;engineered;phenotype_subsets;quantitative;target_disease;vdelta1	fulltext_xml
vd1_products	Belghali MY, Belghali MY, Admou B, Brahimi M, Khouchani M, Ba-M'hamed S.	Immune tumoral microenvironment in gliomas: focus on CD3+ T cells, Vδ1+ T cells, and microglia/macrophages	Immunologic research	2022	35006549	10.1007/s12026-022-09260-5		https://doi.org/10.1007/s12026-022-09260-5		comparator;expansion_product;quantitative;target_disease;vdelta1	metadata_only
vd1_products	Bruni E, Cimino MM, Donadon M, Carriero R, Terzoli S, Piazza R, Ravens S, Prinz I, Cazzetta V, Marzano P, Kunderfranco P, Peano C, Soldani C, Franceschini B, Colombo FS, Garlanda C, Mantovani A, Torzilli G, Mikulak J, Mavilio D.	Intrahepatic CD69+Vδ1 T cells re-circulate in the blood of patients with metastatic colorectal cancer and limit tumor progression	Journal for immunotherapy of cancer	2022	35863820	10.1136/jitc-2022-004579	PMC9310256	https://pmc.ncbi.nlm.nih.gov/articles/PMC9310256/	fulltext/bruni_2022_pmid35863820.xml	clinical;expansion_product;phenotype_subsets;quantitative;target_disease;vdelta1	fulltext_xml
vd1_products	Ferry GM, Agbuduwe C, Forrester M, Dunlop S, Chester K, Fisher J, Anderson J, Barisa M.	A Simple and Robust Single-Step Method for CAR-Vδ1 γδT Cell Expansion and Transduction for Cancer Immunotherapy	Frontiers in immunology	2022	35711450	10.3389/fimmu.2022.863155	PMC9197253	https://pmc.ncbi.nlm.nih.gov/articles/PMC9197253/	fulltext/ferry_2022_pmid35711450.xml	comparator;engineered;expansion_product;vdelta1	fulltext_xml
vd1_products	He W, Hu Y, Chen D, Li Y, Ye D, Zhao Q, Lin L, Shi X, Lu L, Yin Z, He X, Gao Y, Wu Y.	Hepatocellular carcinoma-infiltrating γδ T cells are functionally defected and allogenic Vδ2+ γδ T cell can be a promising complement	Clinical and translational medicine	2022	35390227	10.1002/ctm2.800	PMC8989380	https://pmc.ncbi.nlm.nih.gov/articles/PMC8989380/	fulltext/he_2022_pmid35390227.xml	clinical;expansion_product;phenotype_subsets;vdelta1	fulltext_xml
vd1_products	Khairallah C, Bettke JA, Gorbatsevych O, Qiu Z, Zhang Y, Cho K, Kim KS, Chu TH, Imperato JN, Hatano S, Romanov G, Yoshikai Y, Puddington L, Surh CD, Bliska JB, van der Velden AWM, Sheridan BS.	A blend of broadly-reactive and pathogen-selected Vγ4 Vδ1 T cell receptors confer broad bacterial reactivity of resident memory γδ T cells	Mucosal immunology	2022	34462572	10.1038/s41385-021-00447-x	PMC8738109	https://pmc.ncbi.nlm.nih.gov/articles/PMC8738109/	fulltext/khairallah_2022_pmid34462572.xml	expansion_product;vdelta1	fulltext_xml
vd1_products	Li P, Yuan W, Wu R, Zeng C, Li K, Lu L.	Androgens in Patients With Luminal B and HER2 Breast Cancer Might Be a Biomarker Promoting Anti-PD-1 Efficacy	Frontiers in oncology	2022	35880165	10.3389/fonc.2022.917400	PMC9307975	https://pmc.ncbi.nlm.nih.gov/articles/PMC9307975/	fulltext/li_2022_pmid35880165.xml	clinical;phenotype_subsets;target_disease;vdelta1	fulltext_xml
vd1_products	Nguyen S, Chevalier MF, Benmerzoug S, Cesson V, Schneider AK, Rodrigues-Dias SC, Dartiguenave F, Lucca I, Jichlinski P, Roth B, Nardelli-Haefliger D, Derré L.	Vδ2 T cells are associated with favorable clinical outcomes in patients with bladder cancer and their tumor reactivity can be boosted by BCG and zoledronate treatments	Journal for immunotherapy of cancer	2022	36002184	10.1136/jitc-2022-004880	PMC9413168	https://pmc.ncbi.nlm.nih.gov/articles/PMC9413168/	fulltext/nguyen_2022_pmid36002184.xml	comparator;cytotoxicity_et;expansion_product;phenotype_subsets;vdelta1	fulltext_xml
vd1_products	Saura-Esteller J, de Jong M, King LA, Ensing E, Winograd B, de Gruijl TD, Parren PWHI, van der Vliet HJ.	Gamma Delta T-Cell Based Cancer Immunotherapy: Past-Present-Future	Frontiers in immunology	2022	35784326	10.3389/fimmu.2022.915837	PMC9245381	https://pmc.ncbi.nlm.nih.gov/articles/PMC9245381/	fulltext/sauraesteller_2022_pmid35784326.xml	clinical;expansion_product;quantitative;review;vdelta1	fulltext_xml
vd1_products	Wu Y, Biswas D, Usaite I, Angelova M, Boeing S, Karasaki T, Veeriah S, Czyzewska-Khan J, Morton C, Joseph M, Hessey S, Reading J, Georgiou A, Al-Bakir M, TRACERx Consortium, McGranahan N, Jamal-Hanjani M, Hackshaw A, Quezada SA, Hayday AC, Swanton C.	A local human Vδ1 T cell population is associated with survival in nonsmall-cell lung cancer	Nature cancer	2022	35637401	10.1038/s43018-022-00376-z	PMC9236901	https://pmc.ncbi.nlm.nih.gov/articles/PMC9236901/	fulltext/wu_2022_pmid35637401.xml	comparator;expansion_product;phenotype_subsets;vdelta1	fulltext_xml
vd1_products	Zheng J, Qiu D, Jiang X, Zhao Y, Zhao H, Wu X, Chen J, Lai J, Zhang W, Li X, Li Y, Wu X, Jin Z.	Increased PD-1+Foxp3+ γδ T cells associate with poor overall survival for patients with acute myeloid leukemia	Frontiers in oncology	2022	36591503	10.3389/fonc.2022.1007565	PMC9799959	https://pmc.ncbi.nlm.nih.gov/articles/PMC9799959/	fulltext/zheng_2022_pmid36591503.xml	clinical;comparator;phenotype_subsets;target_disease;vdelta1	fulltext_xml
vd1_products	Hudecek R, Kohlova B, Siskova I, Piskacek M, Knight A.	Blocking of EphA2 on Endometrial Tumor Cells Reduces Susceptibility to Vδ1 Gamma-Delta T-Cell-Mediated Killing	Frontiers in immunology	2021	34691070	10.3389/fimmu.2021.752646	PMC8529280	https://pmc.ncbi.nlm.nih.gov/articles/PMC8529280/	fulltext/hudecek_2021_pmid34691070.xml	cytotoxicity_et;engineered;target_disease;vdelta1	fulltext_xml
vd1_products	Kim M, Kim H, Han M, Hwang HJ, Kim H, Im HJ, Kim N, Koh KN.	Characteristics of Human Peripheral Blood γδ T Cells Expanded With Zoledronate	Anticancer research	2021	34848457	10.21873/anticanres.15422		https://doi.org/10.21873/anticanres.15422		engineered;expansion_product;phenotype_subsets;target_disease;vdelta1	metadata_only
vd1_products	Lee HW, Park C, Joung JG, Kang M, Chung YS, Oh WJ, Yeom SY, Park WY, Kim TJ, Seo SI.	Renal Cell Carcinoma-Infiltrating CD3low Vγ9Vδ1 T Cells Represent Potentially Novel Anti-Tumor Immune Players	Current issues in molecular biology	2021	34071865	10.3390/cimb43010019	PMC8929056	https://pmc.ncbi.nlm.nih.gov/articles/PMC8929056/	fulltext/lee_2021_pmid34071865.xml	expansion_product;phenotype_subsets;vdelta1	fulltext_xml
vd1_products	Minculescu L, Sengelov H, Marquart HV, Ryder LP, Fischer-Nielsen A, Haastrup E.	Granulocyte Colony-Stimulating Factor Effectively Mobilizes TCR γδ and NK Cells Providing an Allograft Potentially Enhanced for the Graft-Versus-Leukemia Effect for Allogeneic Stem Cell Transplantation	Frontiers in immunology	2021	33777007	10.3389/fimmu.2021.625165	PMC7988077	https://pmc.ncbi.nlm.nih.gov/articles/PMC7988077/	fulltext/minculescu_2021_pmid33777007.xml	clinical;comparator;phenotype_subsets;target_disease;vdelta1	fulltext_xml
vd1_products	Muller CKS, Spagnuolo J, Audigé A, Chancellor A, Russenberger D, Scherrer AU, Hoffmann M, Kouyos R, Battegay M, De Libero G, Speck RF, Swiss HIV Cohort Study.	Immunophenotypic characterization of TCR γδ T cells and MAIT cells in HIV-infected individuals developing Hodgkin's lymphoma	Infectious agents and cancer	2021	33865435	10.1186/s13027-021-00365-4	PMC8052713	https://pmc.ncbi.nlm.nih.gov/articles/PMC8052713/	fulltext/muller_2021_pmid33865435.xml	comparator;engineered;phenotype_subsets;target_disease;vdelta1	fulltext_xml
vd1_products	Tan L, Fichtner AS, Bruni E, Odak I, Sandrock I, Bubke A, Borchers A, Schultze-Florey C, Koenecke C, Förster R, Jarek M, von Kaisenberg C, Schulz A, Chu X, Zhang B, Li Y, Panzer U, Krebs CF, Ravens S, Prinz I.	A fetal wave of human type 3 effector γδ cells with restricted TCR diversity persists into adulthood	Science immunology	2021	33893173	10.1126/sciimmunol.abf0125		https://doi.org/10.1126/sciimmunol.abf0125		expansion_product;vdelta1	metadata_only
vd1_products	Weng RR, Lu HH, Lin CT, Fan CC, Lin RS, Huang TC, Lin SY, Huang YJ, Juan YH, Wu YC, Hung ZC, Liu C, Lin XH, Hsieh WC, Chiu TY, Liao JC, Chiu YL, Chen SY, Yu CJ, Tsai HC.	Epigenetic modulation of immune synaptic-cytoskeletal networks potentiates γδ T cell-mediated cytotoxicity in lung cancer	Nature communications	2021	33846331	10.1038/s41467-021-22433-4	PMC8042060	https://pmc.ncbi.nlm.nih.gov/articles/PMC8042060/	fulltext/weng_2021_pmid33846331.xml	expansion_product;target_disease;vdelta1	fulltext_xml
vd1_products	Kabelitz D, Serrano R, Kouakanou L, Peters C, Kalyan S.	Cancer immunotherapy with γδ T cells: many paths ahead of us	Cellular & molecular immunology	2020	32699351	10.1038/s41423-020-0504-x	PMC7609273	https://pmc.ncbi.nlm.nih.gov/articles/PMC7609273/	fulltext/kabelitz_2020_pmid32699351.xml	comparator;expansion_product;phenotype_subsets;review;vdelta1	fulltext_xml
vd1_products	Kamijo H, Miyagaki T, Norimatsu Y, Awaji K, Oka T, Suga H, Sugaya M, Sato S.	Primary cutaneous γδ T-cell lymphoma with unusual immunophenotype: A case report and review of published work	The Journal of dermatology	2020	31912565	10.1111/1346-8138.15215		https://doi.org/10.1111/1346-8138.15215		double_negative;phenotype_subsets;quantitative;review;target_disease;vdelta1	metadata_only
vd1_products	McIntyre CL, Monin L, Rop JC, Otto TD, Goodyear CS, Hayday AC, Morrison VL.	β2 Integrins differentially regulate γδ T cell subset thymic development and peripheral maintenance	Proceedings of the National Academy of Sciences of the United States of America	2020	32848068	10.1073/pnas.1921930117	PMC7486781	https://pmc.ncbi.nlm.nih.gov/articles/PMC7486781/		comparator;expansion_product;phenotype_subsets;vdelta1	metadata_only
vd1_products	Oberg HH, Janitschke L, Sulaj V, Weimer J, Gonnermann D, Hedemann N, Arnold N, Kabelitz D, Peipp M, Bauerschlag D, Wesch D.	Bispecific antibodies enhance tumor-infiltrating T cell cytotoxicity against autologous HER-2-expressing high-grade ovarian tumors	Journal of leukocyte biology	2020	31833593	10.1002/jlb.5ma1119-265r	PMC7318294	https://pmc.ncbi.nlm.nih.gov/articles/PMC7318294/	fulltext/oberg_2020_pmid31833593.xml	comparator;engineered;phenotype_subsets;target_disease;vdelta1	fulltext_xml
vd1_products	Ravens S, Fichtner AS, Willers M, Torkornoo D, Pirr S, Schöning J, Deseke M, Sandrock I, Bubke A, Wilharm A, Dodoo D, Egyir B, Flanagan KL, Steinbrück L, Dickinson P, Ghazal P, Adu B, Viemann D, Prinz I.	Microbial exposure drives polyclonal expansion of innate γδ T cells immediately after birth	Proceedings of the National Academy of Sciences of the United States of America	2020	32690687	10.1073/pnas.1922588117	PMC7414158	https://pmc.ncbi.nlm.nih.gov/articles/PMC7414158/		expansion_product;phenotype_subsets;target_disease;vdelta1	metadata_only
vd1_products	Weng RR, Lu H, Lin C, Fan C, Lin R, Huang T, Lin S, Huang Y, Juan Y, Wu Y, Hung Z, Liu C, Lin X, Hsieh W, Chiu T, Liao J, Chiu Y, Chen S, Yu C, Tsai H.	Epigenetic therapy remodels the immune synaptic cytoskeleton to potentiate cancer susceptibility to γδ T cells	bioRxiv	2020		10.1101/2020.04.30.069955		https://doi.org/10.1101/2020.04.30.069955		expansion_product;target_disease;vdelta1	metadata_only
vd1_products	Wesch D, Kabelitz D, Oberg HH.	Tumor resistance mechanisms and their consequences on γδ T cell activation	Immunological reviews	2020	33048357	10.1111/imr.12925		https://doi.org/10.1111/imr.12925		engineered;phenotype_subsets;review;vdelta1	metadata_only
vd1_products	Di Lorenzo B, Ravens S, Silva-Santos B.	High-throughput analysis of the human thymic Vδ1+ T cell receptor repertoire	Scientific data	2019	31273218	10.1038/s41597-019-0118-2	PMC6609709	https://pmc.ncbi.nlm.nih.gov/articles/PMC6609709/	fulltext/di_2019_pmid31273218.xml	expansion_product;phenotype_subsets;vdelta1	fulltext_xml
vd1_products	Di Lorenzo B, Simões AE, Caiado F, Tieppo P, Correia DV, Carvalho T, da Silva MG, Déchanet-Merville J, Schumacher TN, Prinz I, Norell H, Ravens S, Vermijlen D, Silva-Santos B.	Broad Cytotoxic Targeting of Acute Myeloid Leukemia by Polyclonal Delta One T Cells	Cancer immunology research	2019	30894378	10.1158/2326-6066.cir-18-0647		https://doi.org/10.1158/2326-6066.cir-18-0647		clinical;expansion_product;phenotype_subsets;target_disease;vdelta1	metadata_only
vd1_products	Mikulak J, Oriolo F, Bruni E, Roberto A, Colombo FS, Villa A, Bosticardo M, Bortolomai I, Lo Presti E, Meraviglia S, Dieli F, Vetrano S, Danese S, Della Bella S, Carvello MM, Sacchi M, Cugini G, Colombo G, Klinger M, Spaggiari P, Roncalli M, Prinz I, Ravens S, di Lorenzo B, Marcenaro E, Silva-Santos B, Spinelli A, Mavilio D.	NKp46-expressing human gut-resident intraepithelial Vδ1 T cell subpopulation exhibits high antitumor activity against colorectal cancer	JCI insight	2019	31689241	10.1172/jci.insight.125884	PMC6975269	https://pmc.ncbi.nlm.nih.gov/articles/PMC6975269/		expansion_product;phenotype_subsets;target_disease;vdelta1	metadata_only
vd1_products	Polito VA, Cristantielli R, Weber G, Del Bufalo F, Belardinilli T, Arnone CM, Petretto A, Antonucci L, Giorda E, Tumino N, Pitisci A, De Angelis B, Quintarelli C, Locatelli F, Caruana I.	Universal Ready-to-Use Immunotherapeutic Approach for the Treatment of Cancer: Expanded and Activated Polyclonal γδ Memory T Cells	Frontiers in immunology	2019	31824502	10.3389/fimmu.2019.02717	PMC6883509	https://pmc.ncbi.nlm.nih.gov/articles/PMC6883509/	fulltext/polito_2019_pmid31824502.xml	engineered;expansion_product;phenotype_subsets;target_disease;vdelta1	fulltext_xml
vd1_products	Simões C, Silva I, Carvalho A, Silva S, Santos S, Marques G, Ribeiro A, Roque A, Carda J, Sarmento-Ribeiro AB, Domingues MDR, Ribeiro L, Paiva A.	Quantification and phenotypic characterization of peripheral blood Vδ1 + T cells in chronic lymphocytic leukemia and monoclonal B cell lymphocytosis	Cytometry. Part B, Clinical cytometry	2019	30334339	10.1002/cyto.b.21645		https://doi.org/10.1002/cyto.b.21645		expansion_product;phenotype_subsets;target_disease;vdelta1	metadata_only
vd1_products	Wu Y, Kyle-Cezar F, Woolf RT, Naceur-Lombardelli C, Owen J, Biswas D, Lorenc A, Vantourout P, Gazinska P, Grigoriadis A, Tutt A, Hayday A.	An innate-like Vδ1+ γδ T cell compartment in the human breast is associated with remission in triple-negative breast cancer	Science translational medicine	2019	31597756	10.1126/scitranslmed.aax9364	PMC6877350	https://pmc.ncbi.nlm.nih.gov/articles/PMC6877350/		clinical;comparator;phenotype_subsets;target_disease;vdelta1	metadata_only
vd1_products	Capsomidis A, Benthall G, Van Acker HH, Fisher J, Kramer AM, Abeln Z, Majani Y, Gileadi T, Wallace R, Gustafsson K, Flutter B, Anderson J.	Chimeric Antigen Receptor-Engineered Human Gamma Delta T Cells: Enhanced Cytotoxicity with Retention of Cross Presentation	Molecular therapy : the journal of the American Society of Gene Therapy	2018	29310916	10.1016/j.ymthe.2017.12.001	PMC5835118	https://pmc.ncbi.nlm.nih.gov/articles/PMC5835118/	fulltext/capsomidis_2018_pmid29310916.xml	engineered;expansion_product;target_disease;vdelta1	fulltext_xml
vd1_products	Davey MS, Willcox CR, Baker AT, Hunter S, Willcox BE.	Recasting Human Vδ1 Lymphocytes in an Adaptive Role	Trends in immunology	2018	29680462	10.1016/j.it.2018.03.003	PMC5980997	https://pmc.ncbi.nlm.nih.gov/articles/PMC5980997/	fulltext/davey_2018_pmid29680462.xml	comparator;expansion_product;phenotype_subsets;review;vdelta1	fulltext_xml
vd1_products	McCarthy NE, Eberl M.	Human γδ T-Cell Control of Mucosal Immunity and Inflammation	Frontiers in immunology	2018	29867962	10.3389/fimmu.2018.00985	PMC5949325	https://pmc.ncbi.nlm.nih.gov/articles/PMC5949325/	fulltext/mccarthy_2018_pmid29867962.xml	clinical;expansion_product;review;vdelta1	fulltext_xml
vd1_products	Willcox CR, Davey MS, Willcox BE.	Development and Selection of the Human Vγ9Vδ2+ T-Cell Repertoire	Frontiers in immunology	2018	30013562	10.3389/fimmu.2018.01501	PMC6036166	https://pmc.ncbi.nlm.nih.gov/articles/PMC6036166/	fulltext/willcox_2018_pmid30013562.xml	comparator;expansion_product;phenotype_subsets;review;vdelta1	fulltext_xml
vd1_products	Yue C, Yang K, Dong W, Hu F, Zhao S, Liu S.	γδ T Cells in Peripheral Blood of Glioma Patients	Medical science monitor : international medical journal of experimental and clinical research	2018	29582851	10.12659/msm.905932	PMC5884064	https://pmc.ncbi.nlm.nih.gov/articles/PMC5884064/	fulltext/yue_2018_pmid29582851.xml	comparator;cytotoxicity_et;expansion_product;target_disease;vdelta1	fulltext_xml
vd1_products	Davey MS, Willcox CR, Joyce SP, Ladell K, Kasatskaya SA, McLaren JE, Hunter S, Salim M, Mohammed F, Price DA, Chudakov DM, Willcox BE.	Clonal selection in the human Vδ1 T cell repertoire indicates γδ TCR-dependent adaptive immune surveillance	Nature communications	2017	28248310	10.1038/ncomms14760	PMC5337994	https://pmc.ncbi.nlm.nih.gov/articles/PMC5337994/	fulltext/davey_2017_pmid28248310.xml	expansion_product;phenotype_subsets;vdelta1	fulltext_xml
vd1_products	Peipp M, Wesch D, Oberg HH, Lutz S, Muskulus A, van de Winkel JGJ, Parren PWHI, Burger R, Humpe A, Kabelitz D, Gramatzki M, Kellner C.	CD20-Specific Immunoligands Engaging NKG2D Enhance γδ T Cell-Mediated Lysis of Lymphoma Cells	Scandinavian journal of immunology	2017	28708284	10.1111/sji.12581		https://doi.org/10.1111/sji.12581		engineered;expansion_product;phenotype_subsets;target_disease;vdelta1	metadata_only
vd1_products	Almeida AR, Correia DV, Fernandes-Platzgummer A, da Silva CL, da Silva MG, Anjos DR, Silva-Santos B.	Delta One T Cells for Immunotherapy of Chronic Lymphocytic Leukemia: Clinical-Grade Expansion/Differentiation and Preclinical Proof of Concept	Clinical cancer research : an official journal of the American Association for Cancer Research	2016	27307596	10.1158/1078-0432.ccr-16-0597		https://doi.org/10.1158/1078-0432.ccr-16-0597		expansion_product;phenotype_subsets;quantitative;target_disease;vdelta1	metadata_only
vd1_products	Mao Y, Yin S, Zhang J, Hu Y, Huang B, Cui L, Kang N, He W.	A new effect of IL-4 on human γδ T cells: promoting regulatory Vδ1 T cells via IL-10 production and inhibiting function of Vδ2 T cells	Cellular & molecular immunology	2016	25942601	10.1038/cmi.2015.07	PMC4786628	https://pmc.ncbi.nlm.nih.gov/articles/PMC4786628/		expansion_product;phenotype_subsets;vdelta1	metadata_only
vd1_products	Rong L, Li K, Li R, Liu HM, Sun R, Liu XY.	Analysis of tumor-infiltrating gamma delta T cells in rectal cancer	World journal of gastroenterology	2016	27053849	10.3748/wjg.v22.i13.3573	PMC4814643	https://pmc.ncbi.nlm.nih.gov/articles/PMC4814643/		cytotoxicity_et;expansion_product;phenotype_subsets;quantitative;vdelta1	metadata_only
vd1_products	Beck BH, Kim H, O'Brien R, Jadus MR, Gillespie GY, Cloud GA, Hoa NT, Langford CP, Lopez RD, Harkins LE, Lamb LS.	Dynamics of Circulating γδ T Cell Activity in an Immunocompetent Mouse Model of High-Grade Glioma	PloS one	2015	25955158	10.1371/journal.pone.0122387	PMC4425513	https://pmc.ncbi.nlm.nih.gov/articles/PMC4425513/	fulltext/beck_2015_pmid25955158.xml	expansion_product;phenotype_subsets;quantitative;target_disease;vdelta1	fulltext_xml
vd1_products	Dimova T, Brouwer M, Gosselin F, Tassignon J, Leo O, Donner C, Marchant A, Vermijlen D.	Effector Vγ9Vδ2 T cells dominate the human fetal γδ T-cell repertoire	Proceedings of the National Academy of Sciences of the United States of America	2015	25617367	10.1073/pnas.1412058112	PMC4330771	https://pmc.ncbi.nlm.nih.gov/articles/PMC4330771/		comparator;expansion_product;phenotype_subsets;quantitative;target_disease;vdelta1	metadata_only
vd1_products	Fisher J, Kramer AM, Gustafsson K, Anderson J.	Non-V delta 2 gamma delta T lymphocytes as effectors of cancer immunotherapy	Oncoimmunology	2015	25949890	10.4161/2162402x.2014.973808	PMC4404791	https://pmc.ncbi.nlm.nih.gov/articles/PMC4404791/	fulltext/fisher_2015_pmid25949890.xml	clinical;vdelta1	fulltext_xml
vd1_products	Welker C, Handgretinger R, Schilbach K.	Isolation and Ex Vivo Culture of Vδ1+CD4+γδ T Cells, an Extrathymic αβT-cell Progenitor	Journal of visualized experiments : JoVE	2015	26709831	10.3791/53482	PMC4692788	https://pmc.ncbi.nlm.nih.gov/articles/PMC4692788/		comparator;expansion_product;phenotype_subsets;vdelta1	metadata_only
vd1_products	Wu D, Wu P, Wu X, Ye J, Wang Z, Zhao S, Ni C, Hu G, Xu J, Han Y, Zhang T, Qiu F, Yan J, Huang J.	Ex vivo expanded human circulating Vδ1 γδT cells exhibit favorable therapeutic potential for colon cancer	Oncoimmunology	2015	25949914	10.4161/2162402x.2014.992749	PMC4404819	https://pmc.ncbi.nlm.nih.gov/articles/PMC4404819/		cytotoxicity_et;expansion_product;target_disease;vdelta1	metadata_only
vd1_products	Deniger DC, Maiti SN, Mi T, Switzer KC, Ramachandran V, Hurton LV, Ang S, Olivares S, Rabinovich BA, Huls MH, Lee DA, Bast RC, Champlin RE, Cooper LJ.	Activating and propagating polyclonal gamma delta T cells with broad specificity for malignancies	Clinical cancer research : an official journal of the American Association for Cancer Research	2014	24833662	10.1158/1078-0432.ccr-13-3451	PMC4233015	https://pmc.ncbi.nlm.nih.gov/articles/PMC4233015/		clinical;comparator;expansion_product;phenotype_subsets;target_disease;vdelta1	metadata_only
vd1_products	Deniger DC, Moyes JS, Cooper LJ.	Clinical applications of gamma delta T cells with multivalent immunity	Frontiers in immunology	2014	25566249	10.3389/fimmu.2014.00636	PMC4263175	https://pmc.ncbi.nlm.nih.gov/articles/PMC4263175/	fulltext/deniger_2014_pmid25566249.xml	clinical;engineered;expansion_product;phenotype_subsets;quantitative;review;vdelta1	fulltext_xml
vd1_products	Fisher JP, Yan M, Heuijerjans J, Carter L, Abolhassani A, Frosch J, Wallace R, Flutter B, Capsomidis A, Hubank M, Klein N, Callard R, Gustafsson K, Anderson J.	Neuroblastoma killing properties of Vδ2 and Vδ2-negative γδT cells following expansion by artificial antigen-presenting cells	Clinical cancer research : an official journal of the American Association for Cancer Research	2014	24893631	10.1158/1078-0432.ccr-13-3464	PMC4445920	https://pmc.ncbi.nlm.nih.gov/articles/PMC4445920/		expansion_product;phenotype_subsets;target_disease;vdelta1	metadata_only
vd1_products	Poggi A, Zocchi MR.	γδ T Lymphocytes as a First Line of Immune Defense: Old and New Ways of Antigen Recognition and Implications for Cancer Immunotherapy	Frontiers in immunology	2014	25426121	10.3389/fimmu.2014.00575	PMC4226920	https://pmc.ncbi.nlm.nih.gov/articles/PMC4226920/	fulltext/poggi_2014_pmid25426121.xml	clinical;expansion_product;review;target_disease;vdelta1	fulltext_xml
vd1_products	Siegers GM, Lamb LS.	Cytotoxic and regulatory properties of circulating Vδ1+ γδ T cells: a new player on the cell therapy field?	Molecular therapy : the journal of the American Society of Gene Therapy	2014	24895997	10.1038/mt.2014.104	PMC4435582	https://pmc.ncbi.nlm.nih.gov/articles/PMC4435582/		expansion_product;review;vdelta1	metadata_only
vd1_products	Hua F, Kang N, Gao YA, Cui LX, Ba DN, He W.	Potential regulatory role of in vitro-expanded Vδ1 T cells from human peripheral blood	Immunologic research	2013	23532670	10.1007/s12026-013-8390-2		https://doi.org/10.1007/s12026-013-8390-2		comparator;expansion_product;phenotype_subsets;vdelta1	metadata_only
vd1_products	Scheper W, van Dorp S, Kersting S, Pietersma F, Lindemans C, Hol S, Heijhuurs S, Sebestyen Z, Gründer C, Marcu-Malina V, Marchant A, Donner C, Plachter B, Vermijlen D, van Baarle D, Kuball J.	γδT cells elicited by CMV reactivation after allo-SCT cross-recognize CMV and leukemia	Leukemia	2013	23277330	10.1038/leu.2012.374		https://doi.org/10.1038/leu.2012.374		clinical;engineered;expansion_product;target_disease;vdelta1	metadata_only
vd1_products	Siegers GM, Ribot EJ, Keating A, Foster PJ.	Extensive expansion of primary human gamma delta T cells generates cytotoxic effector memory cells that can be labeled with Feraheme for cellular MRI	Cancer immunology, immunotherapy : CII	2013	23100099	10.1007/s00262-012-1353-y	PMC11029191	https://pmc.ncbi.nlm.nih.gov/articles/PMC11029191/		comparator;cytotoxicity_et;expansion_product;phenotype_subsets;quantitative;target_disease;vdelta1	metadata_only
vd1_products	Cordova A, Toia F, La Mendola C, Orlando V, Meraviglia S, Rinaldi G, Todaro M, Cicero G, Zichichi L, Donni PL, Caccamo N, Stassi G, Dieli F, Moschella F.	Characterization of human γδ T lymphocytes infiltrating primary malignant melanomas	PloS one	2012	23189169	10.1371/journal.pone.0049878	PMC3506540	https://pmc.ncbi.nlm.nih.gov/articles/PMC3506540/	fulltext/cordova_2012_pmid23189169.xml	expansion_product;phenotype_subsets;target_disease;vdelta1	fulltext_xml
vd1_products	Donia M, Ellebaek E, Andersen MH, Straten PT, Svane IM.	Analysis of Vδ1 T cells in clinical grade melanoma-infiltrating lymphocytes	Oncoimmunology	2012	23243593	10.4161/onci.21659	PMC3518502	https://pmc.ncbi.nlm.nih.gov/articles/PMC3518502/	fulltext/donia_2012_pmid23243593.xml	clinical;comparator;expansion_product;phenotype_subsets;target_disease;vdelta1	fulltext_xml
vd1_products	Knight A, Mackinnon S, Lowdell MW.	Human Vdelta1 gamma-delta T cells exert potent specific cytotoxicity against primary multiple myeloma cells	Cytotherapy	2012	22800570	10.3109/14653249.2012.700766		https://doi.org/10.3109/14653249.2012.700766		cytotoxicity_et;expansion_product;phenotype_subsets;target_disease;vdelta1	metadata_only
vd1_products	Siegers GM.	Anti-leukemia activity of human gamma delta T cells	Oncoimmunology	2012	22720255	10.4161/onci.1.2.18231	PMC3376996	https://pmc.ncbi.nlm.nih.gov/articles/PMC3376996/	fulltext/siegers_2012_pmid22720255.xml	expansion_product;target_disease;vdelta1	fulltext_xml
vd1_products	Zhou J, Kang N, Cui L, Ba D, He W.	Anti-γδ TCR antibody-expanded γδ T cells: a better choice for the adoptive immunotherapy of lymphoid malignancies	Cellular & molecular immunology	2012	21666706	10.1038/cmi.2011.16	PMC4002925	https://pmc.ncbi.nlm.nih.gov/articles/PMC4002925/		clinical;comparator;expansion_product;phenotype_subsets;target_disease;vdelta1	metadata_only
vd1_products	Bendersky A, Markovits N, Bank I.	Vgamma9+ gammadelta T cells in systemic sclerosis patients are numerically and functionally preserved and induce fibroblast apoptosis	Immunobiology	2010	19589616	10.1016/j.imbio.2009.05.012		https://doi.org/10.1016/j.imbio.2009.05.012		expansion_product;vdelta1	metadata_only
vd1_products	Kong W, Li S, Lorenz HP.	Germ plasm-like Dot cells maintain their wound regenerative function after in vitro expansion	Clinical and experimental pharmacology & physiology	2010	20409081	10.1111/j.1440-1681.2010.05343.x	PMC2892187	https://pmc.ncbi.nlm.nih.gov/articles/PMC2892187/		expansion_product;vdelta1	metadata_only
vd1_products	Kang N, Zhou J, Zhang T, Wang L, Lu F, Cui Y, Cui L, He W.	Adoptive immunotherapy of lung cancer with immobilized anti-TCRgammadelta antibody-expanded human gammadelta T-cells in peripheral blood	Cancer biology & therapy	2009	19471115	10.4161/cbt.8.16.8950		https://doi.org/10.4161/cbt.8.16.8950		cytotoxicity_et;expansion_product;phenotype_subsets;quantitative;vdelta1	metadata_only
vd1_products	Pietschmann K, Beetz S, Welte S, Martens I, Gruen J, Oberg HH, Wesch D, Kabelitz D.	Toll-like receptor expression and function in subsets of human gammadelta T lymphocytes	Scandinavian journal of immunology	2009	19703014	10.1111/j.1365-3083.2009.02290.x		https://doi.org/10.1111/j.1365-3083.2009.02290.x		comparator;expansion_product;vdelta1	metadata_only
vd1_products	Li S, Kishihara K, Akashi N, Hara H, Yoshikai Y, Maekawa Y, Yasutomo K.	Vdelta1+ T cells are crucial for repertoire formation of gammadelta T cells in the lung	Biochemical and biophysical research communications	2008	17981152	10.1016/j.bbrc.2007.10.163		https://doi.org/10.1016/j.bbrc.2007.10.163		comparator;expansion_product;phenotype_subsets;vdelta1	metadata_only
vd1_products	Schilbach K, Frommer K, Meier S, Handgretinger R, Eyrich M.	Immune response of human propagated gammadelta-T-cells to neuroblastoma recommend the Vdelta1+ subset for gammadelta-T-cell-based immunotherapy	Journal of immunotherapy (Hagerstown, Md. : 1997)	2008	18832998	10.1097/cji.0b013e31818955ad		https://doi.org/10.1097/cji.0b013e31818955ad		expansion_product;phenotype_subsets;target_disease;vdelta1	metadata_only
vd1_products	Beetz S, Marischen L, Kabelitz D, Wesch D.	Human gamma delta T cells: candidates for the development of immunotherapeutic strategies	Immunologic research	2007	17695246	10.1007/bf02685893		https://doi.org/10.1007/bf02685893		comparator;expansion_product;review;vdelta1	metadata_only
vd1_products	Catellani S, Poggi A, Bruzzone A, Dadati P, Ravetti JL, Gobbi M, Zocchi MR.	Expansion of Vdelta1 T lymphocytes producing IL-4 in low-grade non-Hodgkin lymphomas expressing UL-16-binding proteins	Blood	2007	16973957	10.1182/blood-2006-06-028985		https://doi.org/10.1182/blood-2006-06-028985		comparator;expansion_product;target_disease;vdelta1	metadata_only
vd1_products	Kabelitz D, Wesch D, He W.	Perspectives of gammadelta T cells in tumor immunology	Cancer research	2007	17210676	10.1158/0008-5472.can-06-3069		https://doi.org/10.1158/0008-5472.can-06-3069		comparator;expansion_product;review;target_disease;vdelta1	metadata_only
vd1_products	Wu H, Wang YM, Wang Y, Hu M, Zhang GY, Knight JF, Knight JF, Harris DC, Alexander SI.	Depletion of gammadelta T cells exacerbates murine adriamycin nephropathy	Journal of the American Society of Nephrology : JASN	2007	17329577	10.1681/asn.2006060622		https://doi.org/10.1681/asn.2006060622		expansion_product;phenotype_subsets;quantitative;vdelta1	metadata_only
vd1_products	Fujishima N, Hirokawa M, Fujishima M, Wada C, Toyoshima I, Watanabe S, Sawada K.	Oligoclonal T cell expansion in blood but not in the thymus from a patient with thymoma-associated pure red cell aplasia	Haematologica	2006	17194653			https://pubmed.ncbi.nlm.nih.gov/17194653/		expansion_product;phenotype_subsets;vdelta1	metadata_only
vd1_products	Li Furong, Xu Hongxian, Xiao Xuelu, Qi Hui, Ren Lili, Wang Xingen.	Influence of gammaDeltaT cell lines on apoptosis and activity of peripheral blood monocytes from patients with systenuc lupus erythematosus	Zhongguo mian yi xue za zhi = Chinese journal of immunology	2006						expansion_product;quantitative;vdelta1	metadata_only
vd1_products	Meeh PF, King M, O'Brien RL, Muga S, Buckhalts P, Neuberg R, Lamb LS.	Characterization of the gammadelta T cell response to acute leukemia	Cancer immunology, immunotherapy : CII	2006	16328383	10.1007/s00262-005-0094-6	PMC11031079	https://pmc.ncbi.nlm.nih.gov/articles/PMC11031079/		clinical;cytotoxicity_et;expansion_product;phenotype_subsets;quantitative;target_disease;vdelta1	metadata_only
vd1_products	Zhao J, Huang J, Chen H, Cui L, He W.	Vdelta1 T cell receptor binds specifically to MHC I chain related A: molecular and biochemical evidences	Biochemical and biophysical research communications	2006	16297874	10.1016/j.bbrc.2005.10.198		https://doi.org/10.1016/j.bbrc.2005.10.198		cytotoxicity_et;expansion_product;vdelta1	metadata_only
vd1_products	Halary F, Pitard V, Dlubek D, Krzysiek R, de la Salle H, Merville P, Dromer C, Emilie D, Moreau JF, Déchanet-Merville J.	Shared reactivity of V{delta}2(neg) {gamma}{delta} T cells against cytomegalovirus-infected cells and tumor intestinal epithelial cells	The Journal of experimental medicine	2005	15897274	10.1084/jem.20041851	PMC2212929	https://pmc.ncbi.nlm.nih.gov/articles/PMC2212929/	fulltext/halary_2005_pmid15897274.xml	expansion_product;phenotype_subsets;vdelta1	fulltext_xml
vd1_products	Holtmeier W, Kabelitz D.	gammadelta T cells link innate and adaptive immune responses	Chemical immunology and allergy	2005	15976493	10.1159/000086659		https://doi.org/10.1159/000086659		expansion_product;review;vdelta1	metadata_only
vd1_products	Re F, Donnini A, Bartozzi B, Bernardini G, Provinciali M.	Circulating gammadelta T cells in young/adult and old patients with cutaneous primary melanoma	Immunity & ageing : I & A	2005	15686597	10.1186/1742-4933-2-2	PMC549530	https://pmc.ncbi.nlm.nih.gov/articles/PMC549530/	fulltext/re_2005_pmid15686597.xml	expansion_product;phenotype_subsets;target_disease;vdelta1	fulltext_xml
vd1_products	Wadia P, Atre N, Pradhan T, Mistry R, Chiplunkar S.	Heat shock protein induced TCR gammadelta gene rearrangements in patients with oral cancer	Oral oncology	2005	15695120	10.1016/j.oraloncology.2004.08.007		https://doi.org/10.1016/j.oraloncology.2004.08.007		comparator;expansion_product;phenotype_subsets;vdelta1	metadata_only
vd1_products	Kode J, Dudhal N, Banavali S, Advani S, Chiplunkar S.	Clonal T-cell receptor gamma and delta gene rearrangements in T-cell acute lymphoblastic leukemia at diagnosis: predictor of prognosis and response to chemotherapy	Leukemia & lymphoma	2004	15061208	10.1080/1042819031000139657		https://doi.org/10.1080/1042819031000139657		clinical;comparator;phenotype_subsets;quantitative;target_disease;vdelta1	metadata_only
vd1_products	Nishimura H, Hirokawa M, Fujishima N, Fujishima M, Miura I, Sawada K.	Contribution of Complementarity-Determining Region 3 of the T-Cell Receptor Vδ2 Chain to the Recognition of Aminobisphosphonates by Human γδ T-Cells	International journal of hematology	2004	15218968	10.1532/ijh97.03157		https://doi.org/10.1532/ijh97.03157		expansion_product;phenotype_subsets;vdelta1	metadata_only
vd1_products	Poggi A, Venturino C, Catellani S, Clavio M, Miglino M, Gobbi M, Steinle A, Ghia P, Stella S, Caligaris-Cappio F, Zocchi MR.	Vdelta1 T lymphocytes from B-CLL patients recognize ULBP3 expressed on leukemic B cells and up-regulated by trans-retinoic acid	Cancer research	2004	15604289	10.1158/0008-5472.can-04-2417		https://doi.org/10.1158/0008-5472.can-04-2417		comparator;cytotoxicity_et;phenotype_subsets;target_disease;vdelta1	metadata_only
vd1_products	Bank I, Cohen L, Kneller A, De Rosbo NK, Book M, Ben-Nun A.	Aberrant T-cell receptor signalling of interferon-gamma- and tumour necrosis factor-alpha-producing cytotoxic CD8+ Vdelta1/Vbeta16 T cells in a patient with chronic neutropenia	Scandinavian journal of immunology	2003	12828563	10.1046/j.1365-3083.2003.01272.x		https://doi.org/10.1046/j.1365-3083.2003.01272.x		expansion_product;vdelta1	metadata_only
vd1_products	Narazaki H, Watari E, Shimizu M, Owaki A, Das H, Fukunaga Y, Takahashi H, Sugita M.	Perforin-dependent killing of tumor cells by Vgamma1Vdelta1-bearing T-cells	Immunology letters	2003	12600753	10.1016/s0165-2478(02)00292-4		https://doi.org/10.1016/s0165-2478(02)00292-4		expansion_product;phenotype_subsets;vdelta1	metadata_only
vd1_products	Oyoshi MK, Nagata H, Kimura N, Zhang Y, Demachi A, Hara T, Kanegane H, Matsuo Y, Yamaguchi T, Morio T, Hirano A, Shimizu N, Yamamoto K.	Preferential expansion of Vgamma9-JgammaP/Vdelta2-Jdelta3 gammadelta T cells in nasal T-cell lymphoma and chronic active Epstein-Barr virus infection	The American journal of pathology	2003	12707047	10.1016/s0002-9440(10)64297-6	PMC1851204	https://pmc.ncbi.nlm.nih.gov/articles/PMC1851204/		expansion_product;phenotype_subsets;target_disease;vdelta1	metadata_only
vd1_products	Bartkowiak J, Kulczyck-Wojdala D, Blonski JZ, Robak T.	Molecular diversity of gammadelta T cells in peripheral blood from patients with B-cell chronic lymphocytic leukaemia	Neoplasma	2002	12088111			https://pubmed.ncbi.nlm.nih.gov/12088111/		comparator;expansion_product;quantitative;target_disease;vdelta1	metadata_only
vd1_products	Suemizu H, Radosavljevic M, Kimura M, Sadahiro S, Yoshimura S, Bahram S, Inoko H.	A basolateral sorting motif in the MICA cytoplasmic tail	Proceedings of the National Academy of Sciences of the United States of America	2002	11854468	10.1073/pnas.052701099	PMC122457	https://pmc.ncbi.nlm.nih.gov/articles/PMC122457/		comparator;expansion_product;phenotype_subsets;vdelta1	metadata_only
vd1_products	Giacomelli R, Cipriani P, Fulminis A, Barattelli G, Matucci-Cerinic M, D'Alò S, Cifone G, Tonietti G.	Circulating gamma/delta T lymphocytes from systemic sclerosis (SSc) patients display a T helper (Th) 1 polarization	Clinical and experimental immunology	2001	11529924	10.1046/j.1365-2249.2001.01603.x		https://doi.org/10.1046/j.1365-2249.2001.01603.x		comparator;expansion_product;quantitative;target_disease;vdelta1	metadata_only
vd1_products	Wu H, Clarkson AR, Knight JF.	Restricted gammadelta T-cell receptor repertoire in IgA nephropathy renal biopsies	Kidney international	2001	11576346	10.1046/j.1523-1755.2001.00937.x		https://doi.org/10.1046/j.1523-1755.2001.00937.x		expansion_product;phenotype_subsets;vdelta1	metadata_only
vd1_products	Thomas ML, Samant UC, Deshpande RK, Chiplunkar SV.	gammadelta T cells lyse autologous and allogenic oesophageal tumours: involvement of heat-shock proteins in the tumour cell lysis	Cancer immunology, immunotherapy : CII	2000	10663613	10.1007/s002620050014	PMC11037190	https://pmc.ncbi.nlm.nih.gov/articles/PMC11037190/		cytotoxicity_et;phenotype_subsets;target_disease;vdelta1	metadata_only
vd1_products	Jouen-Beades F, Halary F, Drouot L, Peyrat MA, Paris E, Joly P, Gilbert D, Bonneville M, Tron F.	Expansion of circulating V gamma 9/V delta 1 T cells in a patient with a syndrome of recurrent fever: evidence for an unusual antigen-driven process leading to selection of recurrent motifs within TCR junctional loops of diverse lengths	European journal of immunology	1999	10540346	10.1002/(sici)1521-4141(199910)29:10<3338::aid-immu3338>3.0.co;2-b		https://doi.org/10.1002/(sici)1521-4141(199910)29:10<3338::aid-immu3338>3.0.co;2-b		comparator;expansion_product;phenotype_subsets;quantitative;target_disease;vdelta1	metadata_only
vd1_products	Langerak AW, Wolvers-Tettero IL, van den Beemd MW, van Wering ER, Ludwig WD, Hählen K, Necker A, van Dongen JJ.	Immunophenotypic and immunogenotypic characteristics of TCRgammadelta+ T cell acute lymphoblastic leukemia	Leukemia	1999	10025894	10.1038/sj.leu.2401276		https://doi.org/10.1038/sj.leu.2401276		comparator;phenotype_subsets;quantitative;target_disease;vdelta1	metadata_only
vd1_products	Yu S, He W, Chen J, Zhang F, Ba D.	Expansion and immunological study of human tumor infiltrating gamma/delta T lymphocytes in vitro	International archives of allergy and immunology	1999	10341318	10.1159/000024172		https://doi.org/10.1159/000024172		expansion_product;quantitative;vdelta1	metadata_only
vd1_products	Giacomelli R, Matucci-Cerinic M, Cipriani P, Ghersetich I, Lattanzio R, Pavan A, Pignone A, Cagnoni ML, Lotti T, Tonietti G.	Circulating Vdelta1+ T cells are activated and accumulate in the skin of systemic sclerosis patients	Arthritis and rheumatism	1998	9485091	10.1002/1529-0131(199802)41:2<327::aid-art17>3.0.co;2-s		https://doi.org/10.1002/1529-0131(199802)41:2<327::aid-art17>3.0.co;2-s		comparator;expansion_product;phenotype_subsets;quantitative;review;vdelta1	metadata_only
vd1_products	Olofsson K, Hellström S, Hammarström ML.	The surface epithelium of recurrent infected palatine tonsils is rich in gammadelta T cells	Clinical and experimental immunology	1998	9472659	10.1046/j.1365-2249.1998.00446.x		https://doi.org/10.1046/j.1365-2249.1998.00446.x		comparator;expansion_product;vdelta1	metadata_only
vd1_products	Shen J, Andrews DM, Pandolfi F, Boyle LA, Kersten CM, Blatman RN, Kurnick JT.	Oligoclonality of Vdelta1 and Vdelta2 cells in human peripheral blood mononuclear cells: TCR selection is not altered by stimulation with gram-negative bacteria	Journal of immunology (Baltimore, Md. : 1950)	1998	9510210			https://pubmed.ncbi.nlm.nih.gov/9510210/		expansion_product;phenotype_subsets;vdelta1	metadata_only
vd1_products	Maeurer MJ, Martin D, Walter W, Liu K, Zitvogel L, Halusczcak K, Rabinowich H, Duquesnoy R, Storkus W, Lotze MT.	Human intestinal Vdelta1+ lymphocytes recognize tumor cells of epithelial origin	The Journal of experimental medicine	1996	8666926	10.1084/jem.183.4.1681	PMC2192504	https://pmc.ncbi.nlm.nih.gov/articles/PMC2192504/	fulltext/maeurer_1996_pmid8666926.xml	comparator;cytotoxicity_et;expansion_product;phenotype_subsets;target_disease;vdelta1	fulltext_xml
vd1_products	Forrester JM, Newman LS, Wang Y, King TE, Kotzin BL.	Clonal expansion of lung V delta 1+ T cells in pulmonary sarcoidosis	The Journal of clinical investigation	1993	8423227	10.1172/jci116184	PMC330026	https://pmc.ncbi.nlm.nih.gov/articles/PMC330026/		expansion_product;vdelta1	metadata_only
gdt_cytotoxicity_benchmarks	Morandi F, Della Lastra M, Pastorino F, Ciampi E, Faraci M, Brignole C, Giardino S, Airoldi I.	The gamma delta T/NK cell product GADEKILL as a novel immunotherapeutic tool for neuroblastoma patients: role of B7H6 and BTN2A1 in tumor cell killing	Frontiers in immunology	2026	41694338	10.3389/fimmu.2026.1755500	PMC12901508	https://pmc.ncbi.nlm.nih.gov/articles/PMC12901508/	fulltext/morandi_2026_pmid41694338.xml	comparator;cytotoxicity_et;et_ratio_reported;expansion_product;phenotype_subsets;quantitative;target_disease	fulltext_xml
gdt_cytotoxicity_benchmarks	Su Z, Li H, Zhang D, Shi N, Song C, Huang Y, He W, Yin Z, Li L.	Analysis of the tumor reactivity of autologous TILs and allogeneic γδ T cells via tumor organoid-immune cell coculture	Journal of translational medicine	2026	42035083	10.1186/s12967-026-07706-0	PMC13123169	https://pmc.ncbi.nlm.nih.gov/articles/PMC13123169/	fulltext/su_2026_pmid42035083.xml	comparator;cytotoxicity_et;et_ratio_reported;expansion_product;phenotype_subsets;quantitative;target_disease	fulltext_xml
gdt_cytotoxicity_benchmarks	Eckstrom A, Tyagi A, Siddiqui M, Borgman J, Zeng J, Rao A, Maiti A, Battula VL.	"Donor-Derived Vγ9Vδ2 T Cells for Acute Myeloid Leukemia: A Promising ""Off-the-Shelf"" Immunotherapy Approach"	Cancers	2025	41097694	10.3390/cancers17193166	PMC12524236	https://pmc.ncbi.nlm.nih.gov/articles/PMC12524236/	fulltext/eckstrom_2025_pmid41097694.xml	comparator;cytotoxicity_et;et_ratio_reported;phenotype_subsets;target_disease	fulltext_xml
gdt_cytotoxicity_benchmarks	Kitidee K, Amonyingcharoen S, Preedagasamzin S, Atjanasuppat K, Sawaisorn P, Srimorkun P, Petvises S, Chaicumpa W, Borwornpinyo S, Anurathapan U, Hongeng S.	Combining CD3/GD2 bispecific T cell engager with human Vγ9Vδ2 T cells facilitates neuroblastoma cell targeting and killing in vitro	PloS one	2025	40489497	10.1371/journal.pone.0325389	PMC12148185	https://pmc.ncbi.nlm.nih.gov/articles/PMC12148185/	fulltext/kitidee_2025_pmid40489497.xml	cytotoxicity_et;engineered;et_ratio_reported;expansion_product;quantitative;target_disease	fulltext_xml
gdt_cytotoxicity_benchmarks	Oberg HH, Deseke M, Krohn S, Winterberg D, Peipp M, Bauerschlag D, Künkele KP, Wesch D, Baumann C.	Tumor-restricted activation of Vγ9Vδ2 T cells via bispecific Evobodies: a novel strategy for safe and potent immunotherapy in ovarian cancer	Frontiers in immunology	2025	40755782	10.3389/fimmu.2025.1628501	PMC12314882	https://pmc.ncbi.nlm.nih.gov/articles/PMC12314882/	fulltext/oberg_2025_pmid40755782.xml	cytotoxicity_et;engineered;et_ratio_reported;phenotype_subsets;target_disease	fulltext_xml
gdt_cytotoxicity_benchmarks	Qiu S, Han QY, Zhao X, Li WJ, Li XQ.	A Preliminary Study on the Therapeutic Role of γδT Cells in Triple-Negative Breast Cancer	The Kaohsiung journal of medical sciences	2025	40289760	10.1002/kjm2.70029	PMC12407383	https://pmc.ncbi.nlm.nih.gov/articles/PMC12407383/	fulltext/qiu_2025_pmid40289760.xml	clinical;comparator;cytotoxicity_et;et_ratio_reported;quantitative;target_disease	fulltext_xml
gdt_cytotoxicity_benchmarks	li l, Su Z, Li H, Zhan D, Shi N, Song C, Huang Y, He W, Yin Z.	Detecting Tumor Reactivity of Autologous and Allogeneic γδ T Cells via Tumor Organoid-Immune Cells Co-Culture	Research Square	2025		10.21203/rs.3.rs-7233730/v1		https://doi.org/10.21203/rs.3.rs-7233730/v1		comparator;cytotoxicity_et;et_ratio_reported;phenotype_subsets;target_disease	metadata_only
gdt_cytotoxicity_benchmarks	Jones AB, Tuy K, Hawkins CC, Quinn CH, Saad J, Gary SE, Beierle EA, Ding L, Rochlin KM, Lamb LS, Hjelmeland AB.	Temozolomide and the PARP Inhibitor Niraparib Enhance Expression of Natural Killer Group 2D Ligand ULBP1 and Gamma-Delta T Cell Cytotoxicity in Glioblastoma	Cancers	2024	39199623	10.3390/cancers16162852	PMC11352900	https://pmc.ncbi.nlm.nih.gov/articles/PMC11352900/	fulltext/jones_2024_pmid39199623.xml	cytotoxicity_et;et_ratio_reported;expansion_product;quantitative;target_disease	fulltext_xml
gdt_cytotoxicity_benchmarks	Williams L, Dery KJ, Lee WH, Li H, Shively JE, Kujawski M.	Isolation and expansion of murine γδ T cells from mouse splenocytes	Journal of immunological methods	2022	35843266	10.1016/j.jim.2022.113322		https://doi.org/10.1016/j.jim.2022.113322		cytotoxicity_et;double_negative;et_ratio_reported;expansion_product;phenotype_subsets;quantitative;target_disease	metadata_only
gdt_cytotoxicity_benchmarks	Miyashita M, Shimizu T, Ashihara E, Ukimura O.	Strategies to Improve the Antitumor Effect of γδ T Cell Immunotherapy for Clinical Application	International journal of molecular sciences	2021	34445615	10.3390/ijms22168910	PMC8396358	https://pmc.ncbi.nlm.nih.gov/articles/PMC8396358/	fulltext/miyashita_2021_pmid34445615.xml	cytotoxicity_et;engineered;et_ratio_reported;expansion_product;phenotype_subsets;review	fulltext_xml
gdt_cytotoxicity_benchmarks	Story JY, Zoine JT, Burnham RE, Hamilton JAG, Spencer HT, Doering CB, Raikar SS.	Bortezomib enhances cytotoxicity of ex vivo-expanded gamma delta T cells against acute myeloid leukemia and T-cell acute lymphoblastic leukemia	Cytotherapy	2021	33168453	10.1016/j.jcyt.2020.09.010	PMC8075174	https://pmc.ncbi.nlm.nih.gov/articles/PMC8075174/		cytotoxicity_et;et_ratio_reported;expansion_product;phenotype_subsets;quantitative;target_disease	metadata_only
gdt_cytotoxicity_benchmarks	de Weerdt I, Lameris R, Ruben JM, de Boer R, Kloosterman J, King LA, Levin MD, Parren PWHI, de Gruijl TD, Kater AP, van der Vliet HJ.	A Bispecific Single-Domain Antibody Boosts Autologous Vγ9Vδ2-T Cell Responses Toward CD1d in Chronic Lymphocytic Leukemia	Clinical cancer research : an official journal of the American Association for Cancer Research	2021	33451981	10.1158/1078-0432.ccr-20-4576		https://doi.org/10.1158/1078-0432.ccr-20-4576		cytotoxicity_et;engineered;et_ratio_reported;expansion_product;phenotype_subsets;target_disease	metadata_only
gdt_cytotoxicity_benchmarks	Okuno D, Sugiura Y, Sakamoto N, Tagod MSO, Iwasaki M, Noda S, Tamura A, Senju H, Umeyama Y, Yamaguchi H, Suematsu M, Morita CT, Tanaka Y, Mukae H.	Comparison of a Novel Bisphosphonate Prodrug and Zoledronic Acid in the Induction of Cytotoxicity in Human Vγ2Vδ2 T Cells	Frontiers in immunology	2020	32793196	10.3389/fimmu.2020.01405	PMC7385076	https://pmc.ncbi.nlm.nih.gov/articles/PMC7385076/	fulltext/okuno_2020_pmid32793196.xml	clinical;cytotoxicity_et;et_ratio_reported;expansion_product;quantitative	fulltext_xml
gdt_cytotoxicity_benchmarks	Jiang H, Yang Z, Song Z, Green M, Song H, Shao Q.	γδ T cells in hepatocellular carcinoma patients present cytotoxic activity but are reduced in potency due to IL-2 and IL-21 pathways	International immunopharmacology	2019	30802679	10.1016/j.intimp.2019.02.019		https://doi.org/10.1016/j.intimp.2019.02.019		cytotoxicity_et;et_ratio_reported;expansion_product;phenotype_subsets;target_disease	metadata_only
gdt_cytotoxicity_benchmarks	Shimizu T, Tomogane M, Miyashita M, Ukimura O, Ashihara E.	Low dose gemcitabine increases the cytotoxicity of human Vγ9Vδ2 T cells in bladder cancer cells in vitro and in an orthotopic xenograft model	Oncoimmunology	2018	29721384	10.1080/2162402x.2018.1424671	PMC5927545	https://pmc.ncbi.nlm.nih.gov/articles/PMC5927545/		clinical;cytotoxicity_et;et_ratio_reported;expansion_product;target_disease	metadata_only
expansion_protocols	Galy-Fauroux I, Asif-Laidin A, Evain M, Goncalves Araujo J, Campani C, Cremolini C, Larrey E, Lonardi S, Chaibi S, Taieb J, Furia L, Tougeron D, Mouri S, Selves J, Reiss C, Laurent-Puig P, Zucman-Rossi J, Desdouets C, Nault JC, Couty JP, Allaire M.	Baseline circulating and tumor γδ T cells and early circulating CD8⁺PD1⁺ expansion predict response to Atezolizumab-bevacizumab in HCC	Clinical cancer research : an official journal of the American Association for Cancer Research	2026	42606323	10.1158/1078-0432.ccr-26-1102		https://doi.org/10.1158/1078-0432.ccr-26-1102		clinical;expansion_product;phenotype_subsets;quantitative;target_disease	metadata_only
expansion_protocols	Kuska J, Kostyra J, Pinot L, Egorov E, Jelveh N, Martinez Carrera LA, Zhang C, Khorkova S, Assenmacher M, Orentas R, Mueller S, Hidalgo JV.	A clinical-grade automated platform for the manufacturing of CAR-γδ T cells for immunotherapy	Frontiers in immunology	2026	42253960	10.3389/fimmu.2026.1779035	PMC13236643	https://pmc.ncbi.nlm.nih.gov/articles/PMC13236643/	fulltext/kuska_2026_pmid42253960.xml	comparator;engineered;expansion_product;quantitative;target_disease	fulltext_xml
expansion_protocols	Le QV, Matsubayashi M, Hatabu T.	γδ T cells induced by zoledronate under macrophage-depleted conditions reduce disease severity and parasite number in Eimeria tenella-infected chicks	Research in veterinary science	2025	40450955	10.1016/j.rvsc.2025.105730		https://doi.org/10.1016/j.rvsc.2025.105730		comparator;engineered;expansion_product;phenotype_subsets;quantitative	metadata_only
expansion_protocols	Mair KM, Guggenberger V, Verdú de Juan L, Köck U, Lassmann H, Liblau RS, Bien CG, Bauer J.	The dynamics of brain T cell populations during the course of rasmussen encephalitis: from expansion to exhaustion	Journal of neuroinflammation	2025	40506704	10.1186/s12974-025-03477-5	PMC12164096	https://pmc.ncbi.nlm.nih.gov/articles/PMC12164096/	fulltext/mair_2025_pmid40506704.xml	expansion_product;phenotype_subsets;quantitative	fulltext_xml
expansion_protocols	Sanz M, Mann BT, McMahon EK, Bosque A, Simmens S, Soriano-Sarabia N.	Targeted expansion of cytotoxic T cells using IL-12 and CD137L supplementation enhances antitumor efficacy	Molecular therapy. Oncology	2025	40520575	10.1016/j.omton.2025.200996	PMC12166812	https://pmc.ncbi.nlm.nih.gov/articles/PMC12166812/	fulltext/sanz_2025_pmid40520575.xml	expansion_product;phenotype_subsets;quantitative;target_disease	fulltext_xml
expansion_protocols	Herrmann T, Karunakaran MM.	Phosphoantigen recognition by Vγ9Vδ2 T cells	European journal of immunology	2024	39148158	10.1002/eji.202451068		https://doi.org/10.1002/eji.202451068		expansion_product;quantitative;review	metadata_only
expansion_protocols	Linti AE, Göbel TW, Früh SP.	Chicken γδ T cells proliferate upon IL-2 and IL-12 treatment and show a restricted receptor repertoire in cell culture	Frontiers in immunology	2024	38420118	10.3389/fimmu.2024.1325024	PMC10900522	https://pmc.ncbi.nlm.nih.gov/articles/PMC10900522/	fulltext/linti_2024_pmid38420118.xml	expansion_product;phenotype_subsets;quantitative	fulltext_xml
expansion_protocols	Ying W, Long X, Vandergriff T, Karnati H, Heberton M, Chen M, Wang X, Wysocki C, Kong XF.	Epidermodysplasia Verruciformis and Vδ2 γδ T-cell Expansion in STK4 Deficiency	Journal of clinical immunology	2024	39110273	10.1007/s10875-024-01780-z	PMC11306306	https://pmc.ncbi.nlm.nih.gov/articles/PMC11306306/	fulltext/ying_2024_pmid39110273.xml	double_negative;expansion_product;phenotype_subsets;quantitative;target_disease	fulltext_xml
expansion_protocols	Bold A, Gross H, Holzmann E, Knop S, Hoeres T, Wilhelm M.	An optimized cultivation method for future in vivo application of γδ T cells	Frontiers in immunology	2023	37539052	10.3389/fimmu.2023.1185564	PMC10394837	https://pmc.ncbi.nlm.nih.gov/articles/PMC10394837/	fulltext/bold_2023_pmid37539052.xml	comparator;expansion_product;phenotype_subsets;quantitative	fulltext_xml
expansion_protocols	Boucher JC, Yu B, Li G, Shrestha B, Sallman D, Landin AM, Cox C, Karyampudi K, Anasetti C, Davila ML, Bejanyan N.	Large Scale Ex Vivo Expansion of γδ T cells Using Artificial Antigen-presenting Cells	Journal of immunotherapy (Hagerstown, Md. : 1997)	2023	36378147	10.1097/cji.0000000000000445	PMC9722378	https://pmc.ncbi.nlm.nih.gov/articles/PMC9722378/		expansion_product;phenotype_subsets;quantitative	metadata_only
expansion_protocols	Sano Y, Kuwabara N, Nakagawa S, Toda Y, Hosogi S, Sato S, Ashihara E.	Hypoxia-adapted Multiple Myeloma Stem Cells Resist γδ-T-Cell-mediated Killing by Modulating the Mevalonate Pathway	Anticancer research	2023	36697063	10.21873/anticanres.16191		https://doi.org/10.21873/anticanres.16191		expansion_product;quantitative;target_disease	metadata_only
expansion_protocols	Liou ML, Lahusen T, Li H, Xiao L, Pauza CD.	Reducing farnesyl diphosphate synthase levels activates Vγ9Vδ2 T cells and improves tumor suppression in murine xenograft cancer models	Frontiers in immunology	2022	36275712	10.3389/fimmu.2022.1012051	PMC9581136	https://pmc.ncbi.nlm.nih.gov/articles/PMC9581136/	fulltext/liou_2022_pmid36275712.xml	comparator;engineered;expansion_product;quantitative	fulltext_xml
expansion_protocols	Chang YC, Chiang YH, Hsu K, Chuang CK, Kao CW, Chang YF, Chang MC, Lim KH, Cheng HI, Hsu YN, Chen CG.	Activated naïve γδ T cells accelerate deep molecular response to BCR-ABL inhibitors in patients with chronic myeloid leukemia	Blood cancer journal	2021	34785653	10.1038/s41408-021-00572-7	PMC8595379	https://pmc.ncbi.nlm.nih.gov/articles/PMC8595379/	fulltext/chang_2021_pmid34785653.xml	expansion_product;phenotype_subsets;quantitative;target_disease	fulltext_xml
expansion_protocols	Holmen Olofsson G, Idorn M, Carnaz Simões AM, Aehnlich P, Skadborg SK, Noessner E, Debets R, Moser B, Met Ö, Met Ö, Thor Straten P.	Vγ9Vδ2 T Cells Concurrently Kill Cancer Cells and Cross-Present Tumor Antigens	Frontiers in immunology	2021	34149689	10.3389/fimmu.2021.645131	PMC8208807	https://pmc.ncbi.nlm.nih.gov/articles/PMC8208807/	fulltext/holmen_2021_pmid34149689.xml	expansion_product;phenotype_subsets;quantitative	fulltext_xml
expansion_protocols	Khan MWA, Otaibi AA, Sherwani S, Alshammari EM, Al-Zahrani SA, Khan WA, Alsukaibi AKD, Alouffi S, Khan SN.	Optimization of methods for peripheral blood mononuclear cells isolation and expansion of human gamma delta T cells	Bioinformation	2021	34092966	10.6026/97320630017460	PMC8131572	https://pmc.ncbi.nlm.nih.gov/articles/PMC8131572/	fulltext/khan_2021_pmid34092966.xml	comparator;expansion_product;quantitative	fulltext_xml
expansion_protocols	Landin AM, Cox C, Yu B, Bejanyan N, Davila M, Kelley L.	Expansion and Enrichment of Gamma-Delta (γδ) T Cells from Apheresed Human Product	Journal of visualized experiments : JoVE	2021	34633380	10.3791/62622		https://doi.org/10.3791/62622		clinical;comparator;cytotoxicity_et;expansion_product;phenotype_subsets;quantitative;target_disease	metadata_only
expansion_protocols	Ou L, Wang H, Liu Q, Zhang J, Lu H, Luo L, Shi C, Lin S, Dong L, Guo Y, Huang L, Zhu J, Yin X, Huang AC, Karakousis G, Schuchter L, Amaravadi R, Zheng C, Fan Y, Guo W, Xu X.	Dichotomous and stable gamma delta T-cell number and function in healthy individuals	Journal for immunotherapy of cancer	2021	34011536	10.1136/jitc-2020-002274	PMC8137237	https://pmc.ncbi.nlm.nih.gov/articles/PMC8137237/	fulltext/ou_2021_pmid34011536.xml	comparator;expansion_product;phenotype_subsets;quantitative;target_disease	fulltext_xml
expansion_protocols	Herrmann T, Fichtner AS, Karunakaran MM.	An Update on the Molecular Basis of Phosphoantigen Recognition by Vγ9Vδ2 T Cells	Cells	2020	32527033	10.3390/cells9061433	PMC7348870	https://pmc.ncbi.nlm.nih.gov/articles/PMC7348870/	fulltext/herrmann_2020_pmid32527033.xml	expansion_product;quantitative;review	fulltext_xml
expansion_protocols	Laplagne C, Meddour S, Figarol S, Michelas M, Calvayrac O, Favre G, Laurent C, Fournié JJ, Cabantous S, Poupot M.	Vγ9Vδ2 T Cells Activation Through Phosphoantigens Can Be Impaired by a RHOB Rerouting in Lung Cancer	Frontiers in immunology	2020	32733462	10.3389/fimmu.2020.01396	PMC7358576	https://pmc.ncbi.nlm.nih.gov/articles/PMC7358576/	fulltext/laplagne_2020_pmid32733462.xml	clinical;expansion_product;phenotype_subsets;quantitative	fulltext_xml
expansion_protocols	Baker FL, Bigley AB, Agha NH, Pedlar CR, O'Connor DP, Bond RA, Bollard CM, Katsanis E, Simpson RJ.	Systemic β-Adrenergic Receptor Activation Augments the ex vivo Expansion and Anti-Tumor Activity of Vγ9Vδ2 T-Cells	Frontiers in immunology	2019	32038628	10.3389/fimmu.2019.03082	PMC6993603	https://pmc.ncbi.nlm.nih.gov/articles/PMC6993603/	fulltext/baker_2019_pmid32038628.xml	clinical;comparator;expansion_product;phenotype_subsets;quantitative	fulltext_xml
expansion_protocols	Hoeres T, Holzmann E, Smetak M, Birkmann J, Wilhelm M.	PD-1 signaling modulates interferon-γ production by Gamma Delta (γδ) T-Cells in response to leukemia	Oncoimmunology	2019	30723581	10.1080/2162402x.2018.1550618	PMC6350692	https://pmc.ncbi.nlm.nih.gov/articles/PMC6350692/		clinical;expansion_product;phenotype_subsets;quantitative;target_disease	metadata_only
expansion_protocols	Mao TL, Miao CH, Liao YJ, Chen YJ, Yeh CY, Liu CL.	Ex Vivo Expanded Human Vγ9Vδ2 T-Cells Can Suppress Epithelial Ovarian Cancer Cell Growth	International journal of molecular sciences	2019	30845699	10.3390/ijms20051139	PMC6429417	https://pmc.ncbi.nlm.nih.gov/articles/PMC6429417/	fulltext/mao_2019_pmid30845699.xml	expansion_product;phenotype_subsets;quantitative;target_disease	fulltext_xml
expansion_protocols	Zoine JT, Knight KA, Fleischer LC, Sutton KS, Goldsmith KC, Doering CB, Spencer HT.	Ex vivo expanded patient-derived γδ T-cell immunotherapy enhances neuroblastoma tumor regression in a murine model	Oncoimmunology	2019	31413905	10.1080/2162402x.2019.1593804	PMC6682349	https://pmc.ncbi.nlm.nih.gov/articles/PMC6682349/	fulltext/zoine_2019_pmid31413905.xml	comparator;expansion_product;phenotype_subsets;quantitative;target_disease	fulltext_xml
expansion_protocols	Hsiao CC, Wiemer AJ.	A power law function describes the time- and dose-dependency of Vγ9Vδ2 T cell activation by phosphoantigens	Biochemical pharmacology	2018	30391478	10.1016/j.bcp.2018.10.035	PMC6258176	https://pmc.ncbi.nlm.nih.gov/articles/PMC6258176/		expansion_product;quantitative;target_disease	metadata_only
expansion_protocols	Sawaisorn P, Tangchaikeeree T, Polpanich D, Midoeng P, Udomsangpetch R, Elaissari A, Jangpatarapongsa K.	Enrichment of human Vγ9Vδ2 T lymphocytes by magnetic poly(divinylbenzene-co-glycidyl methacrylate) colloidal particles conjugated with specific antibody	RSC advances	2018	35540746	10.1039/c8ra01468j	PMC9079956	https://pmc.ncbi.nlm.nih.gov/articles/PMC9079956/	fulltext/sawaisorn_2018_pmid35540746.xml	expansion_product;quantitative	fulltext_xml
expansion_protocols	Du SH, Li Z, Chen C, Tan WK, Chi Z, Kwang TW, Xu XH, Wang S.	Co-Expansion of Cytokine-Induced Killer Cells and Vγ9Vδ2 T Cells for CAR T-Cell Therapy	PloS one	2016	27598655	10.1371/journal.pone.0161820	PMC5012695	https://pmc.ncbi.nlm.nih.gov/articles/PMC5012695/	fulltext/du_2016_pmid27598655.xml	engineered;expansion_product;quantitative	fulltext_xml
expansion_protocols	Pressey JG, Adams J, Harkins L, Kelly D, You Z, Lamb LS.	In vivo expansion and activation of γδ T cells as immunotherapy for refractory neuroblastoma: A phase 1 study	Medicine	2016	27684826	10.1097/md.0000000000004909	PMC5265919	https://pmc.ncbi.nlm.nih.gov/articles/PMC5265919/	fulltext/pressey_2016_pmid27684826.xml	clinical;comparator;expansion_product;phenotype_subsets;quantitative;target_disease	fulltext_xml
expansion_protocols	Schiller CB, Braciak TA, Fenn NC, Seidel UJ, Roskopf CC, Wildenhain S, Honegger A, Schubert IA, Schele A, Lämmermann K, Fey GH, Jacob U, Lang P, Hopfner KP, Oduncu FS.	CD19-specific triplebody SPM-1 engages NK and γδ T cells for rapid and efficient lysis of malignant B-lymphoid cells	Oncotarget	2016	27825135	10.18632/oncotarget.13110	PMC5347777	https://pmc.ncbi.nlm.nih.gov/articles/PMC5347777/	fulltext/schiller_2016_pmid27825135.xml	comparator;cytotoxicity_et;expansion_product;phenotype_subsets;quantitative	fulltext_xml
expansion_protocols	Gogoi D, Chiplunkar SV.	Targeting gamma delta T cells for cancer immunotherapy: bench to bedside	The Indian journal of medical research	2013	24434328		PMC3928706	https://pmc.ncbi.nlm.nih.gov/articles/PMC3928706/	fulltext/gogoi_2013_pmid24434328.xml	clinical;expansion_product;quantitative;review	fulltext_xml
expansion_protocols	Cabillic F, Toutirais O, Lavoué V, de La Pintière CT, Daniel P, Rioux-Leclerc N, Turlin B, Mönkkönen H, Mönkkönen J, Boudjema K, Catros V, Bouet-Toussaint F.	Aminobisphosphonate-pretreated dendritic cells trigger successful Vgamma9Vdelta2 T cell amplification for immunotherapy in advanced cancer patients	Cancer immunology, immunotherapy : CII	2010	20582413	10.1007/s00262-010-0887-0	PMC11030894	https://pmc.ncbi.nlm.nih.gov/articles/PMC11030894/		expansion_product;quantitative;target_disease	metadata_only
expansion_protocols	Chargui J, Combaret V, Scaglione V, Iacono I, Péri V, Valteau-Couanet D, Dubrel M, Angevin E, Puisieux A, Romagne F, Bergeron C.	Bromohydrin pyrophosphate-stimulated Vgamma9delta2 T cells expanded ex vivo from patients with poor-prognosis neuroblastoma lyse autologous primary tumor cells	Journal of immunotherapy (Hagerstown, Md. : 1997)	2010	20551838	10.1097/cji.0b013e3181dda207		https://doi.org/10.1097/cji.0b013e3181dda207		clinical;expansion_product;quantitative;target_disease	metadata_only
expansion_protocols	Mahan CS, Thomas JJ, Boom WH, Rojas RE.	CD4+ CD25(high) Foxp3+ regulatory T cells downregulate human Vdelta2+ T-lymphocyte function triggered by anti-CD3 or phosphoantigen	Immunology	2009	19019089	10.1111/j.1365-2567.2008.02982.x		https://doi.org/10.1111/j.1365-2567.2008.02982.x		et_ratio_reported;expansion_product;quantitative	metadata_only
expansion_protocols	Fiore F, Castella B, Nuschak B, Bertieri R, Mariani S, Bruno B, Pantaleoni F, Foglietta M, Boccadoro M, Massaia M.	Enhanced ability of dendritic cells to stimulate innate and adaptive immunity on short-term incubation with zoledronic acid	Blood	2007	17403919	10.1182/blood-2006-09-044321		https://doi.org/10.1182/blood-2006-09-044321		comparator;expansion_product;phenotype_subsets;quantitative	metadata_only
expansion_protocols	Mattarollo SR, Kenna T, Nieda M, Nicol AJ.	Chemotherapy and zoledronate sensitize solid tumour cells to Vgamma9Vdelta2 T cell cytotoxicity	Cancer immunology, immunotherapy : CII	2007	17265022	10.1007/s00262-007-0279-2	PMC11030464	https://pmc.ncbi.nlm.nih.gov/articles/PMC11030464/		cytotoxicity_et;expansion_product;phenotype_subsets;quantitative;target_disease	metadata_only
expansion_protocols	Mariani S, Muraro M, Pantaleoni F, Fiore F, Nuschak B, Peola S, Foglietta M, Palumbo A, Coscia M, Castella B, Bruno B, Bertieri R, Boano L, Boccadoro M, Massaia M.	Effector gammadelta T cells and tumor cells as immune targets of zoledronic acid in multiple myeloma	Leukemia	2005	15744346	10.1038/sj.leu.2403693		https://doi.org/10.1038/sj.leu.2403693		expansion_product;phenotype_subsets;quantitative;target_disease	metadata_only
expansion_protocols	Rischer M, Pscherer S, Duwe S, Vormoor J, Jürgens H, Rossig C.	Human gammadelta T cells as mediators of chimaeric-receptor redirected anti-tumour immunity	British journal of haematology	2004	15287953	10.1111/j.1365-2141.2004.05077.x		https://doi.org/10.1111/j.1365-2141.2004.05077.x		engineered;expansion_product;quantitative	metadata_only
expansion_protocols	Klimpel GR, Matthias MA, Vinetz JM.	Leptospira interrogans activation of human peripheral blood mononuclear cells: preferential expansion of TCR gamma delta+ T cells vs TCR alpha beta+ T cells	Journal of immunology (Baltimore, Md. : 1950)	2003	12874237	10.4049/jimmunol.171.3.1447		https://doi.org/10.4049/jimmunol.171.3.1447		comparator;expansion_product;phenotype_subsets;quantitative;target_disease	metadata_only
expansion_protocols	Jouen-Beades F, Paris E, Dieulois C, Lemeland JF, Barre-Dezelus V, Marret S, Humbert G, Leroy J, Tron F.	In vivo and in vitro activation and expansion of gammadelta T cells during Listeria monocytogenes infection in humans	Infection and immunity	1997	9317036	10.1128/iai.65.10.4267-4272.1997	PMC175612	https://pmc.ncbi.nlm.nih.gov/articles/PMC175612/		comparator;expansion_product;phenotype_subsets;quantitative	metadata_only
expansion_protocols	Hara T, Mizuno Y, Takaki K, Takada H, Akeda H, Aoki T, Nagata M, Ueda K, Matsuzaki G, Yoshikai Y.	Predominant activation and expansion of V gamma 9-bearing gamma delta T cells in vivo as well as in vitro in Salmonella infection	The Journal of clinical investigation	1992	1386086	10.1172/jci115837	PMC443082	https://pmc.ncbi.nlm.nih.gov/articles/PMC443082/		comparator;expansion_product;quantitative;target_disease	metadata_only
expansion_protocols	Lynch F, Shevach EM.	Activation requirements of newborn thymic gamma delta T cells	Journal of immunology (Baltimore, Md. : 1950)	1992	1388190	10.4049/jimmunol.149.7.2307		https://doi.org/10.4049/jimmunol.149.7.2307		comparator;double_negative;expansion_product;phenotype_subsets;quantitative	metadata_only
phenotype_subsets	Khalili L, Nordmann-Gomes A, Mosca M, Askanase A.	"CAR T-cell therapy ""Living drugs"" in systemic lupus erythematosus"	Best practice & research. Clinical rheumatology	2026	41956929	10.1016/j.berh.2026.102141		https://doi.org/10.1016/j.berh.2026.102141		engineered;quantitative;review	metadata_only
phenotype_subsets	Liu L, Wang H, Shi L, Zhang C, Zhang L, Lv L, Wang Y.	Development of super Vδ2 T cells for relapsed/refractory acute myeloid Leukemia via non-viral site-specific integration	International immunopharmacology	2026	42284763	10.1016/j.intimp.2026.116981		https://doi.org/10.1016/j.intimp.2026.116981		comparator;engineered;expansion_product;phenotype_subsets;quantitative;target_disease	metadata_only
phenotype_subsets	Ma X, Wu Y, He F, Yao H, Cao L, Zhu C.	Profound immune suppression and exhaustion characterize refractory mycoplasma pneumoniae pneumonia in children	Frontiers in immunology	2026	42344891	10.3389/fimmu.2026.1839837	PMC13286768	https://pmc.ncbi.nlm.nih.gov/articles/PMC13286768/	fulltext/ma_2026_pmid42344891.xml	comparator;phenotype_subsets;quantitative	fulltext_xml
phenotype_subsets	Oh WJ, Park J, Dahanayake TK, Yeom SY, Ryu H, Il Seo S, Kim TJ.	Divergent cytotoxic and inflammatory functions of intratumoral Vδ2+ γδ T cells in renal cell carcinoma	Frontiers in immunology	2026	42539629	10.3389/fimmu.2026.1864165		https://doi.org/10.3389/fimmu.2026.1864165		phenotype_subsets;quantitative	metadata_only
phenotype_subsets	Buermann LE, Stanton L, Rose-Zerilli MJJ, Thorne K, Coleman A, Turaj AH, Caddy J, Wignall C, Keyworth N, Konn Z, McKay P, Osborne W, Linton K, Medd P, Lown R, Davies AJ, Johnson PWM, Al-Shamkhani A, Cragg MS, Collins GP, Keler T, Yellin M, Gentles AJ, Griffiths G, Lim SH.	CD27 Agonist Antibodies Mediate Clinical Responses through Intratumoral Stimulation in B-cell Malignancies: Multicenter RiVa Trial	Clinical cancer research : an official journal of the American Association for Cancer Research	2025	40920567	10.1158/1078-0432.ccr-25-2029	PMC7618221	https://pmc.ncbi.nlm.nih.gov/articles/PMC7618221/		clinical;comparator;phenotype_subsets;quantitative;target_disease	metadata_only
phenotype_subsets	Cimini E, Tartaglia E, Messina F, Coppola A, Mazzotta V, Tempestilli M, Matusali G, Notari S, Mondi A, Prota G, Oliva A, Fontana C, Girardi E, Maggi F, Antinori A.	Vδ2 T-cells response in people with Mpox infection: a three-month longitudinal assessment	Emerging microbes & infections	2025	39817429	10.1080/22221751.2025.2455585	PMC11792154	https://pmc.ncbi.nlm.nih.gov/articles/PMC11792154/	fulltext/cimini_2025_pmid39817429.xml	expansion_product;phenotype_subsets;quantitative	fulltext_xml
phenotype_subsets	Kowli S, Minocherhomji S, Martinez OM, Busque S, Lebrec H, Maecker HT.	Characterization of immune phenotypes in peripheral blood of adult renal transplant recipients using mass cytometry (CyTOF)	ImmunoHorizons	2025	39965168	10.1093/immhor/vlae013	PMC11841977	https://pmc.ncbi.nlm.nih.gov/articles/PMC11841977/	fulltext/kowli_2025_pmid39965168.xml	comparator;phenotype_subsets;quantitative	fulltext_xml
phenotype_subsets	Oon ML, Lim JQ, Bosch-Schips J, Climent F, Au-Yeung RKH, Hutchison B, Sohani AR, Eren OC, Kumar J, Dogan A, Ong CK, Quintanilla-Martinez L, Ng SB.	Characterizing Nodal Gamma-Delta T-Cell Lymphoma: Clinicopathological and Molecular Insights	Modern pathology : an official journal of the United States and Canadian Academy of Pathology, Inc	2025	39675430	10.1016/j.modpat.2024.100685	PMC12954509	https://pmc.ncbi.nlm.nih.gov/articles/PMC12954509/	fulltext/oon_2025_pmid39675430.xml	phenotype_subsets;quantitative;target_disease	fulltext_xml
phenotype_subsets	Zhang D, Liu G, Ye J, Li K, Zhang G, Quan Q, Zhu X, Li P.	Low-exhaustion peripheral circulating γδ T cells serve as a biomarker for predicting the clinical benefit rate of non-small cell lung cancer (NSCLC) patients to chemotherapy or targeted therapy: a single-center retrospective study	BMC cancer	2025	39885493	10.1186/s12885-025-13497-2	PMC11783800	https://pmc.ncbi.nlm.nih.gov/articles/PMC11783800/	fulltext/zhang_2025_pmid39885493.xml	comparator;phenotype_subsets;quantitative	fulltext_xml
phenotype_subsets	Zhao Y, Li Y, Wang S, Han J, Lu M, Xu Y, Qiao W, Cai M, Xu Y, Hu Y, Zhang J, Chen H, He W.	CAR-γδ T Cells Targeting Claudin18.2 Show Superior Cytotoxicity Against Solid Tumor Compared to Traditional CAR-αβ T Cells	Cancers	2025	40149332	10.3390/cancers17060998	PMC11940616	https://pmc.ncbi.nlm.nih.gov/articles/PMC11940616/	fulltext/zhao_2025_pmid40149332.xml	comparator;engineered;phenotype_subsets;quantitative;target_disease	fulltext_xml
phenotype_subsets	Zheng L, Xue R, Ma X, Huang Y, Gu Y, Zou W, An G, You F, Yang L.	Study on the anti-tumor effect of PDL1-CAR-γδT cells constructed with nanobody sequences on glioblastoma	American journal of cancer research	2025	41395274	10.62347/umii4942	PMC12696534	https://pmc.ncbi.nlm.nih.gov/articles/PMC12696534/		comparator;engineered;phenotype_subsets;quantitative;target_disease	metadata_only
phenotype_subsets	Baginska J, Nau A, Gomez Diaz I, Giobbie-Hurder A, Weirather J, Vergara J, Abrecht C, Hallisey M, Dennis J, Severgnini M, Huezo J, Marciello I, Rahma O, Manos M, Brohl AS, Bedard PL, Renouf DJ, Sharon E, Streicher H, Ott PA, Buchbinder EI, Hodi FS.	Ziv-aflibercept plus pembrolizumab in patients with advanced melanoma resistant to anti-PD-1 treatment	Cancer immunology, immunotherapy : CII	2024	38236249	10.1007/s00262-023-03593-2	PMC10796592	https://pmc.ncbi.nlm.nih.gov/articles/PMC10796592/	fulltext/baginska_2024_pmid38236249.xml	phenotype_subsets;quantitative;target_disease	fulltext_xml
phenotype_subsets	Le Floch AC, Orlanducci F, Béné MC, Ben Amara A, Rouviere MS, Salem N, Le Roy A, Cordier C, Demerlé C, Granjeaud S, Hamel JF, Ifrah N, Cornillet-Lefebvre P, Delaunay J, Récher C, Delabesse E, Pigneux A, Vey N, Chretien AS, Olive D.	Low frequency of Vγ9Vδ2 T cells predicts poor survival in newly diagnosed acute myeloid leukemia	Blood advances	2024	38788176	10.1182/bloodadvances.2023011594	PMC11372596	https://pmc.ncbi.nlm.nih.gov/articles/PMC11372596/	fulltext/le_2024_pmid38788176.xml	clinical;comparator;expansion_product;phenotype_subsets;quantitative;target_disease	fulltext_xml
phenotype_subsets	Tran K, Kumari AN, Raghu D, Cox DRA, Goh SK, Perini MV, Muralidharan V, Tebbutt NC, Behren A, Mariadason J, Williams DS, Mielke LA.	T cell factor 1 (TCF-1) defines T cell differentiation in colorectal cancer	iScience	2024	39280606	10.1016/j.isci.2024.110754	PMC11401206	https://pmc.ncbi.nlm.nih.gov/articles/PMC11401206/	fulltext/tran_2024_pmid39280606.xml	phenotype_subsets;quantitative;target_disease	fulltext_xml
phenotype_subsets	Zhang S, Li L, Liu C, Pu M, Ma Y, Zhang T, Chai J, Li H, Yang J, Chen M, Kong L, Xia T.	The use of peripheral CD3+γδ+Vδ2+ T lymphocyte cells in combination with the ALBI score to predict immunotherapy response in patients with advanced hepatocellular carcinoma: a retrospective study	Journal of cancer research and clinical oncology	2024	39052085	10.1007/s00432-024-05896-y	PMC11272815	https://pmc.ncbi.nlm.nih.gov/articles/PMC11272815/	fulltext/zhang_2024_pmid39052085.xml	phenotype_subsets;quantitative	fulltext_xml
phenotype_subsets	Becker SA, Petrich BG, Yu B, Knight KA, Brown HC, Raikar SS, Doering CB, Spencer HT.	Enhancing the effectiveness of γδ T cells by mRNA transfection of chimeric antigen receptors or bispecific T cell engagers	Molecular therapy oncolytics	2023	37387794	10.1016/j.omto.2023.05.007	PMC10300408	https://pmc.ncbi.nlm.nih.gov/articles/PMC10300408/	fulltext/becker_2023_pmid37387794.xml	engineered;quantitative	fulltext_xml
phenotype_subsets	Lui KS, Ye Z, Chan HC, Tanaka Y, Cheung AKL.	Anti-PD1 does not improve pyroptosis induced by γδ T cells but promotes tumor regression in a pleural mesothelioma mouse model	Frontiers in immunology	2023	38077396	10.3389/fimmu.2023.1282710	PMC10701743	https://pmc.ncbi.nlm.nih.gov/articles/PMC10701743/	fulltext/lui_2023_pmid38077396.xml	clinical;comparator;expansion_product;phenotype_subsets;quantitative	fulltext_xml
phenotype_subsets	Singh P, Szaraz-Szeles M, Mezei Z, Barath S, Hevessy Z.	Gender-dependent frequency of unconventional T cells in a healthy adult Caucasian population: A combinational study of invariant NKT cells, γδ T cells, and mucosa-associated invariant T cells	Journal of leukocyte biology	2022	35587609	10.1002/jlb.5a1121-583rr	PMC9790664	https://pmc.ncbi.nlm.nih.gov/articles/PMC9790664/	fulltext/singh_2022_pmid35587609.xml	phenotype_subsets;quantitative	fulltext_xml
phenotype_subsets	Ding L, Lamb L.	EXTH-39. DUAL CHLOROTOXIN CAR AND MGMT ΓΔ T CELLS FOR DRUG RESISTANT IMMUNOTHERAPY OF GLIOBLASTOMA MULTIFORME	Neuro-oncology	2021			PMC8598488	https://pmc.ncbi.nlm.nih.gov/articles/PMC8598488/		comparator;engineered;meeting_abstract;quantitative;target_disease	metadata_only
phenotype_subsets	Jarvis EM, Collings S, Authier-Hall A, Dasyam N, Luey B, Nacey J, Painter GF, Delahunt B, Hermans IF, Weinkove R.	Mucosal-Associated Invariant T (MAIT) Cell Dysfunction and PD-1 Expression in Prostate Cancer: Implications for Immunotherapy	Frontiers in immunology	2021	34737749	10.3389/fimmu.2021.748741	PMC8560687	https://pmc.ncbi.nlm.nih.gov/articles/PMC8560687/	fulltext/jarvis_2021_pmid34737749.xml	phenotype_subsets;quantitative;target_disease	fulltext_xml
phenotype_subsets	Fleischer LC, Becker SA, Ryan RE, Fedanov A, Doering CB, Spencer HT.	Non-signaling Chimeric Antigen Receptors Enhance Antigen-Directed Killing by γδ T Cells in Contrast to αβ T Cells	Molecular therapy oncolytics	2020	32671190	10.1016/j.omto.2020.06.003	PMC7341062	https://pmc.ncbi.nlm.nih.gov/articles/PMC7341062/	fulltext/fleischer_2020_pmid32671190.xml	comparator;engineered;phenotype_subsets;quantitative;target_disease	fulltext_xml
phenotype_subsets	Chan WK, Kang S, Youssef Y, Glankler EN, Barrett ER, Carter AM, Ahmed EH, Prasad A, Chen L, Zhang J, Benson DM, Caligiuri MA, Yu J.	A CS1-NKG2D Bispecific Antibody Collectively Activates Cytolytic Immune Cells against Multiple Myeloma	Cancer immunology research	2018	29769244	10.1158/2326-6066.cir-17-0649	PMC6030494	https://pmc.ncbi.nlm.nih.gov/articles/PMC6030494/		comparator;cytotoxicity_et;engineered;phenotype_subsets;quantitative;target_disease	metadata_only
double_negative_t	Ding Z, Fang B, Peng J, Wang S, Tian X, Chen G, Wei Y, Gao Y, Li Y, Sun J.	Single-cell CyTOF profiling reveals alterations in B, T and macrophage subsets during murine hepatic aging	Frontiers in immunology	2026	42131337	10.3389/fimmu.2026.1787641	PMC13160732	https://pmc.ncbi.nlm.nih.gov/articles/PMC13160732/	fulltext/ding_2026_pmid42131337.xml	double_negative;engineered;expansion_product	fulltext_xml
double_negative_t	Shichkin VP.	Radioresistant intrathymic stem cells: retrospective analysis and concept of the role in thymic oncogenesis and post-irradiation regeneration	Frontiers in immunology	2026	41822474	10.3389/fimmu.2026.1748485	PMC12975953	https://pmc.ncbi.nlm.nih.gov/articles/PMC12975953/	fulltext/shichkin_2026_pmid41822474.xml	double_negative;expansion_product;phenotype_subsets;review	fulltext_xml
double_negative_t	Lei J, Ni Z, Zhang R.	Universal CAR-T Cell Therapy for Cancer Treatment: Advances and Challenges	Oncology research	2025	41179303	10.32604/or.2025.067445	PMC12573205	https://pmc.ncbi.nlm.nih.gov/articles/PMC12573205/	fulltext/lei_2025_pmid41179303.xml	comparator;double_negative;engineered;expansion_product;phenotype_subsets;review;target_disease	fulltext_xml
double_negative_t	Sadasivam M, Noel S, Lee K, Gharaie S, Rabb H, Hamad ARA.	Renal Tubular Epithelial Cell-Derived IL-7 Drives Expansion and Protective Effects of Double-Negative T Cells in Acute Kidney Injury	Immunological investigations	2025	39912351	10.1080/08820139.2025.2462537	PMC12197847	https://pmc.ncbi.nlm.nih.gov/articles/PMC12197847/		comparator;double_negative;engineered;expansion_product;phenotype_subsets	metadata_only
double_negative_t	Schramm-Luc AI, Mikolajczyk TP, Siedlinski M, Jasiewicz-Honkisz B, Sliwa T, Batko B, Guzik TJ.	Influence of anti-tumor necrosis factor (TNF) treatments on T cell cytokine production in patients with inflammatory joint diseases - comparison of etanercept and anti-TNF monoclonal antibodies. A double-blind, prospective, placebo-controlled study	Journal of physiology and pharmacology : an official journal of the Polish Physiological Society	2025	41364167	10.26402/jpp.2025.5.03		https://doi.org/10.26402/jpp.2025.5.03		clinical;comparator;double_negative;expansion_product;phenotype_subsets;quantitative;target_disease	metadata_only
double_negative_t	Tajima T, Zhang W, Han S, Reitsma A, Harden JT, Fuentes S, Sonehara A, Esquivel CO, Martinez OM, Krams SM.	IL-17A-producing γδ T cells and classical monocytes are associated with a rapid alloimmune response following vascularized composite allotransplantation in mice	Frontiers in immunology	2025	40534856	10.3389/fimmu.2025.1584916	PMC12173932	https://pmc.ncbi.nlm.nih.gov/articles/PMC12173932/	fulltext/tajima_2025_pmid40534856.xml	double_negative;expansion_product;phenotype_subsets	fulltext_xml
double_negative_t	Tin E, Khatri I, Fang K, Na Y, Nawata M, Arteaga J, Minden MD, Rutella S, Lee J, Zhang L.	Single-cell RNA sequencing of human double-negative T cells reveals a favorable cellular signature for cancer therapy	Journal for immunotherapy of cancer	2025	40246580	10.1136/jitc-2024-010684	PMC12007110	https://pmc.ncbi.nlm.nih.gov/articles/PMC12007110/	fulltext/tin_2025_pmid40246580.xml	comparator;cytotoxicity_et;double_negative;engineered;expansion_product;phenotype_subsets;target_disease	fulltext_xml
double_negative_t	Wu Y, Han X, Zhou L, Liu X, Zhang D, Sun G.	The T-box transcription factor plays an important role in regulating the immunoregulatory function of double-negative T cells	Biochemical and biophysical research communications	2025	39955950	10.1016/j.bbrc.2025.151492		https://doi.org/10.1016/j.bbrc.2025.151492		comparator;double_negative;engineered;expansion_product	metadata_only
double_negative_t	Okamura K, Wang L, Nagayama S, Yamashita M, Tate T, Matsumoto S, Takamatsu M, Kitano S, Kiyotani K, Nakamura Y.	Characterization of double-negative T cells in colorectal cancers and their corresponding lymph nodes	Oncoimmunology	2024	38979545	10.1080/2162402x.2024.2373530	PMC11229752	https://pmc.ncbi.nlm.nih.gov/articles/PMC11229752/	fulltext/okamura_2024_pmid38979545.xml	comparator;double_negative;expansion_product;phenotype_subsets;target_disease	fulltext_xml
double_negative_t	Poddighe D, Dossybayeva K, Kozhakhmetov S, Rozenson R, Assylbekova M.	Double-Negative T (DNT) Cells in Patients with Systemic Lupus Erythematosus	Biomedicines	2024	38255272	10.3390/biomedicines12010166	PMC10812956	https://pmc.ncbi.nlm.nih.gov/articles/PMC10812956/	fulltext/poddighe_2024_pmid38255272.xml	comparator;double_negative;expansion_product;phenotype_subsets;review	fulltext_xml
double_negative_t	Wang D, Wang L, Liu S, Tong J, Zhu H, Xu M, Li X, Xiang Z, Sun Q, Wang H, Wang Y, Wang S, Yang L.	A preclinical study of allogeneic CD19 chimeric antigen receptor double-negative T cells as an off-the-shelf immunotherapy drug against B-cell malignancies	Clinical & translational immunology	2024	39720695	10.1002/cti2.70022	PMC11667769	https://pmc.ncbi.nlm.nih.gov/articles/PMC11667769/	fulltext/wang_2024_pmid39720695.xml	clinical;comparator;double_negative;engineered;expansion_product;target_disease	fulltext_xml
double_negative_t	Lu J, Huang C, He R, Xie R, Li Y, Guo X, Zhang Q, Xu Q.	CD4-/CD8- double-negative tumor-infiltrating lymphocytes expanded from solid tumor tissue suppress the proliferation of tumor cells in an MHC-independent way	Journal of cancer research and clinical oncology	2023	37165118	10.1007/s00432-023-04823-x	PMC11796526	https://pmc.ncbi.nlm.nih.gov/articles/PMC11796526/		clinical;double_negative;expansion_product;phenotype_subsets;quantitative;target_disease	metadata_only
double_negative_t	Wang M, Wei Y, Li Y, Li H, Jin J, Lu Y, Li Q.	Targeting breast cancer with a combination of DNT and LAG3 checkpoint blockage and its mechanism	Immunity, inflammation and disease	2022	35894707	10.1002/iid3.626	PMC9274802	https://pmc.ncbi.nlm.nih.gov/articles/PMC9274802/	fulltext/wang_2022_pmid35894707.xml	double_negative;expansion_product;phenotype_subsets;target_disease	fulltext_xml
double_negative_t	Kupz A, Pai S, Giacomin PR, Whan JA, Walker RA, Hammoudi PM, Smith NC, Miller CM.	Treatment of mice with S4B6 IL-2 complex prevents lethal toxoplasmosis via IL-12- and IL-18-dependent interferon-gamma production by non-CD4 immune cells	Scientific reports	2020	32753607	10.1038/s41598-020-70102-1	PMC7403597	https://pmc.ncbi.nlm.nih.gov/articles/PMC7403597/	fulltext/kupz_2020_pmid32753607.xml	comparator;double_negative;expansion_product	fulltext_xml
double_negative_t	Vardi I, Chermesh I, Werner L, Barel O, Freund T, McCourt C, Fisher Y, Pinsker M, Javasky E, Weiss B, Rechavi G, Hagin D, Snapper SB, Somech R, Konnikova L, Shouval DS.	Monogenic Inflammatory Bowel Disease: It's Never Too Late to Make a Diagnosis	Frontiers in immunology	2020	33013830	10.3389/fimmu.2020.01775	PMC7509434	https://pmc.ncbi.nlm.nih.gov/articles/PMC7509434/	fulltext/vardi_2020_pmid33013830.xml	double_negative;expansion_product;phenotype_subsets	fulltext_xml
double_negative_t	Fang L, Ly D, Wang SS, Lee JB, Kang H, Xu H, Yao J, Tsao MS, Liu W, Zhang L.	Targeting late-stage non-small cell lung cancer with a combination of DNT cellular therapy and PD-1 checkpoint blockade	Journal of experimental & clinical cancer research : CR	2019	30857561	10.1186/s13046-019-1126-y	PMC6413451	https://pmc.ncbi.nlm.nih.gov/articles/PMC6413451/	fulltext/fang_2019_pmid30857561.xml	clinical;double_negative;expansion_product;phenotype_subsets;target_disease	fulltext_xml
double_negative_t	Yao J, Ly D, Dervovic D, Fang L, Lee JB, Kang H, Wang YH, Pham NA, Pan H, Tsao MS, Zhang L.	Human double negative T cells target lung cancer via ligand-dependent mechanisms that can be enhanced by IL-15	Journal for immunotherapy of cancer	2019	30670085	10.1186/s40425-019-0507-2	PMC6343266	https://pmc.ncbi.nlm.nih.gov/articles/PMC6343266/	fulltext/yao_2019_pmid30670085.xml	clinical;double_negative;engineered;expansion_product;phenotype_subsets;target_disease	fulltext_xml
double_negative_t	Lee J, Minden MD, Chen WC, Streck E, Chen B, Kang H, Arruda A, Ly D, Der SD, Kang S, Achita P, D'Souza C, Li Y, Childs RW, Dick JE, Zhang L.	Allogeneic Human Double Negative T Cells as a Novel Immunotherapy for Acute Myeloid Leukemia and Its Underlying Mechanisms	Clinical cancer research : an official journal of the American Association for Cancer Research	2018	29074605	10.1158/1078-0432.ccr-17-2228	PMC8487012	https://pmc.ncbi.nlm.nih.gov/articles/PMC8487012/		cytotoxicity_et;double_negative;expansion_product;phenotype_subsets;target_disease	metadata_only
double_negative_t	Chenery AL, Antignano F, Hughes MR, Burrows K, McNagny KM, Zaph C.	Chronic Trichuris muris infection alters hematopoiesis and causes IFN-γ-expressing T-cell accumulation in the mouse bone marrow	European journal of immunology	2016	27594558	10.1002/eji.201646326		https://doi.org/10.1002/eji.201646326		double_negative;expansion_product;phenotype_subsets	metadata_only
double_negative_t	Richer L, Potula HH, Melo R, Vieira A, Gomes-Solecki M.	Mouse model for sublethal Leptospira interrogans infection	Infection and immunity	2015	26416909	10.1128/iai.01115-15	PMC4645400	https://pmc.ncbi.nlm.nih.gov/articles/PMC4645400/		double_negative;expansion_product;phenotype_subsets	metadata_only
double_negative_t	Oreshkova T, Wang H, Seier AM, Sindrilaru A, Varga G, Grabbe S, Scharffetter-Kochanek K, Peters T.	Beta(2) integrin deficiency yields unconventional double-negative T cells distinct from mature classical natural killer T cells in mice	Immunology	2009	19740384	10.1111/j.1365-2567.2009.03116.x		https://doi.org/10.1111/j.1365-2567.2009.03116.x		clinical;double_negative;expansion_product;phenotype_subsets	metadata_only
double_negative_t	Bleesing JJ, Brown MR, Straus SE, Dale JK, Siegel RM, Johnson M, Lenardo MJ, Puck JM, Fleisher TA.	Immunophenotypic profiles in families with autoimmune lymphoproliferative syndrome	Blood	2001	11588044	10.1182/blood.v98.8.2466		https://doi.org/10.1182/blood.v98.8.2466		comparator;double_negative;expansion_product;phenotype_subsets;target_disease	metadata_only
double_negative_t	Kawamura T, Seki S, Takeda K, Narita J, Ebe Y, Naito M, Hiraide H, Abo T.	Protective effect of NK1.1(+) T cells as well as NK cells against intraperitoneal tumors in mice	Cellular immunology	1999	10222065	10.1006/cimm.1999.1477		https://doi.org/10.1006/cimm.1999.1477		comparator;double_negative;expansion_product	metadata_only
double_negative_t	Ishiguro N, Matsui T, Shinagawa M.	Differentiation analysis of bovine T-lymphosarcoma	Veterinary immunology and immunopathology	1994	8066987	10.1016/0165-2427(94)90053-1		https://doi.org/10.1016/0165-2427(94)90053-1		double_negative;phenotype_subsets;target_disease	metadata_only
engineered_gdt	Su Y, Liu C, Li C, Cai M, Xu Y, Hu Y, Chen H, Zhang J, He W.	Vδ1 T cells exhibit high lactic acid resistance and antitumor activity in solid tumors	Journal of translational medicine	2026	42106736	10.1186/s12967-026-08234-7		https://doi.org/10.1186/s12967-026-08234-7		comparator;cytotoxicity_et;engineered;expansion_product;phenotype_subsets;target_disease;vdelta1	metadata_only
engineered_gdt	de Bont DA, Straetemans T, Sebestyén Z, Kuball J.	"Commentary on ""Comparative efficacy and safety of PSCA CAR-engineered Vδ1 γδ T cells for immunotherapy of pancreatic cancer"""	Journal for immunotherapy of cancer	2026	41735001	10.1136/jitc-2025-014199	PMC12933776	https://pmc.ncbi.nlm.nih.gov/articles/PMC12933776/	fulltext/de_2026_pmid41735001.xml	clinical;comparator;engineered;expansion_product;phenotype_subsets;target_disease;vdelta1	fulltext_xml
engineered_gdt	Li Z, Liu N, Shah Z, Jin L, Tian L, Sun X, Zhang J, Li Z, Caligiuri MA, Yu J.	Comparative efficacy and safety of PSCA CAR-engineered Vδ1 γδ T cells for immunotherapy of pancreatic cancer	Journal for immunotherapy of cancer	2025	40930745	10.1136/jitc-2025-011890	PMC12421624	https://pmc.ncbi.nlm.nih.gov/articles/PMC12421624/	fulltext/li_2025_pmid40930745.xml	comparator;cytotoxicity_et;engineered;expansion_product;phenotype_subsets;target_disease;vdelta1	fulltext_xml
engineered_gdt	King LA, de Jong M, Veth M, Lutje Hulsik D, Yousefi P, Iglesias-Guimarais V, van Helden PM, de Gruijl TD, van der Vliet HJ.	Vδ2 T-cell engagers bivalent for Vδ2-TCR binding provide anti-tumor immunity and support robust Vγ9Vδ2 T-cell expansion	Frontiers in oncology	2024	39493452	10.3389/fonc.2024.1474007	PMC11527600	https://pmc.ncbi.nlm.nih.gov/articles/PMC11527600/	fulltext/king_2024_pmid39493452.xml	clinical;engineered;expansion_product;phenotype_subsets;quantitative	fulltext_xml
engineered_gdt	Xu X, Zu C, Zhang M, Xiao P, Hong R, Feng J, Xu H, Cui J, Yu J, Shi J, Wei G, Chang AH, Huang H, Hu Y.	HLA Fully-Mismatched Sibling-Derived CD7 CAR-T Therapy Bridging to Haploidentical Hematopoietic Stem Cell Transplantation for Hepatosplenic γδ T-cell Lymphoma	Cell transplantation	2023	37667507	10.1177/09636897231194265	PMC10481705	https://pmc.ncbi.nlm.nih.gov/articles/PMC10481705/	fulltext/xu_2023_pmid37667507.xml	clinical;engineered;quantitative;target_disease	fulltext_xml
engineered_gdt	Jeyakumar N, Smith M.	Custom CARs: Leveraging the Adaptability of Allogeneic CAR Therapies to Address Current Challenges in Relapsed/Refractory DLBCL	Frontiers in immunology	2022	35663947	10.3389/fimmu.2022.887866	PMC9158546	https://pmc.ncbi.nlm.nih.gov/articles/PMC9158546/	fulltext/jeyakumar_2022_pmid35663947.xml	clinical;comparator;engineered;expansion_product;phenotype_subsets;quantitative;review;target_disease	fulltext_xml
engineered_gdt	Nishimoto KP, Barca T, Azameera A, Makkouk A, Romero JM, Bai L, Brodey MM, Kennedy-Wilde J, Shao H, Papaioannou S, Doan A, Masri C, Hoang NT, Tessman H, Ramanathan VD, Giner-Rubio A, Delfino F, Sharma K, Bray K, Hoopes M, Satpayev D, Sengupta R, Herrman M, Abbot SE, Aftab BT, An Z, Panuganti S, Hayes SM.	Allogeneic CD20-targeted γδ T cells exhibit innate and adaptive antitumor activities in preclinical B-cell lymphoma models	Clinical & translational immunology	2022	35136603	10.1002/cti2.1373	PMC8809437	https://pmc.ncbi.nlm.nih.gov/articles/PMC8809437/	fulltext/nishimoto_2022_pmid35136603.xml	clinical;comparator;engineered;expansion_product;target_disease;vdelta1	fulltext_xml
engineered_gdt	Sánchez Martínez D, Tirado N, Mensurado S, Martínez-Moreno A, Romecín P, Gutiérrez Agüera F, Correia DV, Silva-Santos B, Menéndez P.	Generation and proof-of-concept for allogeneic CD123 CAR-Delta One T (DOT) cells in acute myeloid leukemia	Journal for immunotherapy of cancer	2022	36162920	10.1136/jitc-2022-005400	PMC9516293	https://pmc.ncbi.nlm.nih.gov/articles/PMC9516293/	fulltext/snchez_2022_pmid36162920.xml	clinical;engineered;phenotype_subsets;quantitative;target_disease;vdelta1	fulltext_xml
engineered_gdt	van Diest E, Nicolasen MJT, Kramer L, Zheng J, Hernández-López P, Beringer DX, Kuball J.	The making of multivalent gamma delta TCR anti-CD3 bispecific T cell engagers	Frontiers in immunology	2022	36685546	10.3389/fimmu.2022.1052090	PMC9851377	https://pmc.ncbi.nlm.nih.gov/articles/PMC9851377/	fulltext/van_2022_pmid36685546.xml	comparator;cytotoxicity_et;engineered;expansion_product;quantitative	fulltext_xml
engineered_gdt	Makkouk A, Yang XC, Barca T, Lucas A, Turkoz M, Wong JTS, Nishimoto KP, Brodey MM, Tabrizizad M, Gundurao SRY, Bai L, Bhat A, An Z, Abbot S, Satpayev D, Aftab BT, Herrman M.	Off-the-shelf Vδ1 gamma delta T cells engineered with glypican-3 (GPC-3)-specific chimeric antigen receptor (CAR) and soluble IL-15 display robust antitumor efficacy against hepatocellular carcinoma	Journal for immunotherapy of cancer	2021	34916256	10.1136/jitc-2021-003441	PMC8679077	https://pmc.ncbi.nlm.nih.gov/articles/PMC8679077/	fulltext/makkouk_2021_pmid34916256.xml	comparator;cytotoxicity_et;engineered;expansion_product;phenotype_subsets;quantitative;target_disease;vdelta1	fulltext_xml
engineered_gdt	Morandi F, Sabatini F, Podestà M, Airoldi I.	Immunotherapeutic Strategies for Neuroblastoma: Present, Past and Future	Vaccines	2021	33450862	10.3390/vaccines9010043	PMC7828327	https://pmc.ncbi.nlm.nih.gov/articles/PMC7828327/	fulltext/morandi_2021_pmid33450862.xml	clinical;comparator;engineered;quantitative;review;target_disease	fulltext_xml
engineered_gdt	Ang WX, Ng YY, Xiao L, Chen C, Li Z, Chi Z, Tay JC, Tan WK, Zeng J, Toh HC, Wang S.	Electroporation of NKG2D RNA CAR Improves Vγ9Vδ2 T Cell Responses against Human Solid Tumor Xenografts	Molecular therapy oncolytics	2020	32462079	10.1016/j.omto.2020.04.013	PMC7240063	https://pmc.ncbi.nlm.nih.gov/articles/PMC7240063/	fulltext/ang_2020_pmid32462079.xml	clinical;comparator;engineered;phenotype_subsets;quantitative;target_disease	fulltext_xml
engineered_gdt	Rozenbaum M, Meir A, Aharony Y, Itzhaki O, Schachter J, Bank I, Jacoby E, Besser MJ.	Gamma-Delta CAR-T Cells Show CAR-Directed and Independent Activity Against Leukemia	Frontiers in immunology	2020	32714329	10.3389/fimmu.2020.01347	PMC7343910	https://pmc.ncbi.nlm.nih.gov/articles/PMC7343910/	fulltext/rozenbaum_2020_pmid32714329.xml	clinical;comparator;engineered;expansion_product;quantitative;target_disease	fulltext_xml
engineered_gdt	He K, You H, Li Y, Cui L, Zhang J, He W.	TCRγ4δ1-engineered αβT cells exhibit effective antitumor activity	Molecular medicine (Cambridge, Mass.)	2016	27463149	10.2119/molmed.2016.00023	PMC5082300	https://pmc.ncbi.nlm.nih.gov/articles/PMC5082300/		clinical;engineered;phenotype_subsets;quantitative	metadata_only
engineered_gdt	Deniger DC, Switzer K, Mi T, Maiti S, Hurton L, Singh H, Huls H, Olivares S, Lee DA, Champlin RE, Cooper LJ.	Bispecific T-cells expressing polyclonal repertoire of endogenous γδ T-cell receptors and introduced CD19-specific chimeric antigen receptor	Molecular therapy : the journal of the American Society of Gene Therapy	2013	23295945	10.1038/mt.2012.267	PMC3589159	https://pmc.ncbi.nlm.nih.gov/articles/PMC3589159/		clinical;comparator;engineered;expansion_product;phenotype_subsets;target_disease;vdelta1	metadata_only
clinical_translation	Mirji G, Punatar S, Khattry N, Chiplunkar S.	Gamma delta T cell reconstitution in Acute Lymphoblastic Leukemia patients post allogeneic HSCT predicts clinical outcome and overall survival	Transplant immunology	2026	41651192	10.1016/j.trim.2026.102358		https://doi.org/10.1016/j.trim.2026.102358		clinical;comparator;phenotype_subsets;quantitative;target_disease;vdelta1	metadata_only
clinical_translation	Ahmed J, O'Sullivan Coyne G, Rubinstein LV, Shin SJ, Takebe N, Bruns A, Augustine B, Mukherjee J, Ma N, Fino K, Fung KL, Ferry-Galow KV, Johnson BC, Parchment RE, Streicher H, Doroshow JH, Chen AP.	Phase 1 study evaluating the safety, preliminary efficacy, and pharmacodynamics of recombinant interleukin-15 in combination with nivolumab and ipilimumab in patients with refractory cancers	Journal for immunotherapy of cancer	2025	41423268	10.1136/jitc-2025-013252	PMC12718592	https://pmc.ncbi.nlm.nih.gov/articles/PMC12718592/	fulltext/ahmed_2025_pmid41423268.xml	clinical;comparator;phenotype_subsets;quantitative;target_disease	fulltext_xml
clinical_translation	Batatinha H, Niemiro GM, Peña NA, Hoskin GA, Zúñiga TM, Smith KA, Baker FL, Diak DM, Mylabathula PL, Kistner TM, Seckeler MD, Katsanis E, Simpson RJ.	Isoproterenol infusion enhances composition and function of G-CSF mobilized allogeneic peripheral blood hematopoietic cell grafts	Stem cell research & therapy	2025	41194247	10.1186/s13287-025-04725-4	PMC12587703	https://pmc.ncbi.nlm.nih.gov/articles/PMC12587703/	fulltext/batatinha_2025_pmid41194247.xml	clinical;comparator;expansion_product;phenotype_subsets;quantitative;target_disease	fulltext_xml
clinical_translation	Glushkova S, Shelikhova L, Voronin K, Dunaikina M, Blagov S, Pershin D, Vedmedskaya V, Fadeeva M, Arakelyan S, Muzalevskii Y, Kazachenok A, Skvortsova Y, Balashov D, Maschan A, Maschan M.	Very early recovery of T cells after alpha/beta T cell-depleted haploidentical HSCT predicts the outcome in children with leukemia	Cytotherapy	2025	40900069	10.1016/j.jcyt.2025.07.005		https://doi.org/10.1016/j.jcyt.2025.07.005		clinical;comparator;expansion_product;phenotype_subsets;quantitative;target_disease	metadata_only
clinical_translation	Yu H, Wang L, Qin L, Yu H, Hu R, Jia Z, Bao H, Wang H, Xue W, Song Y, Yin Z, Peng A.	Delineating circulating lymphocyte subsets in the transition from gout remission to recurrence	Frontiers in immunology	2025	40313935	10.3389/fimmu.2025.1540429	PMC12043595	https://pmc.ncbi.nlm.nih.gov/articles/PMC12043595/	fulltext/yu_2025_pmid40313935.xml	clinical;comparator;phenotype_subsets;vdelta1	fulltext_xml
clinical_translation	Müller T, Alasfar L, Preuß F, Zimmermann L, Streitz M, Hundsdörfer P, Eggert A, Schulte J, von Stackelberg A, Oevermann L.	Lower incidence of grade II-IV acute Graft-versus-Host-Disease in pediatric patients recovering with high Vδ2+ T cells after allogeneic stem cell transplantation with unmanipulated bone marrow grafts: a prospective single-center cohort study	Frontiers in immunology	2024	39136029	10.3389/fimmu.2024.1433785	PMC11317287	https://pmc.ncbi.nlm.nih.gov/articles/PMC11317287/	fulltext/mller_2024_pmid39136029.xml	clinical;comparator;phenotype_subsets;quantitative;vdelta1	fulltext_xml
clinical_translation	Nakashima M, Tanaka Y, Okamura H, Kato T, Imaizumi Y, Nagai K, Miyazaki Y, Murota H.	Development of Innate-Immune-Cell-Based Immunotherapy for Adult T-Cell Leukemia-Lymphoma	Cells	2024	38247820	10.3390/cells13020128	PMC10814776	https://pmc.ncbi.nlm.nih.gov/articles/PMC10814776/	fulltext/nakashima_2024_pmid38247820.xml	clinical;comparator;expansion_product;phenotype_subsets;quantitative;target_disease	fulltext_xml
clinical_translation	Nguyen TT, Nguyen BT, Tran KV, Tran CK, Trinh HL, Hoang HH, Tran LM, Dao DX, Nguyen TD, Tran TH.	Experience of Autologous Immunotherapy for Non-Small Cell Lung Cancer Using Zoledronate-Actived Gammadelta T Cells	Clinical laboratory	2024	38213197	10.7754/clin.lab.2023.230663		https://doi.org/10.7754/clin.lab.2023.230663		clinical;expansion_product;quantitative	metadata_only
clinical_translation	Rao A, Agrawal A, Borthakur G, Battula VL, Maiti A.	Gamma delta T cells in acute myeloid leukemia: biology and emerging therapeutic strategies	Journal for immunotherapy of cancer	2024	38417915	10.1136/jitc-2023-007981	PMC10900322	https://pmc.ncbi.nlm.nih.gov/articles/PMC10900322/	fulltext/rao_2024_pmid38417915.xml	clinical;comparator;engineered;expansion_product;review;target_disease;vdelta1	fulltext_xml
clinical_translation	Chen JB, Kong XF, Qian W, Mu F, Lu TY, Lu YY, Xu KC.	Two weeks of hydrogen inhalation can significantly reverse adaptive and innate immune system senescence patients with advanced non-small cell lung cancer: a self-controlled study	Medical gas research	2020	33380580	10.4103/2045-9912.304221	PMC8092147	https://pmc.ncbi.nlm.nih.gov/articles/PMC8092147/	fulltext/chen_2020_pmid33380580.xml	clinical;phenotype_subsets;quantitative;target_disease;vdelta1	fulltext_xml
clinical_translation	Isufi I, Seropian S, Gowda L, Wilson LD, Roberts K, Girardi M, Perreault S, Foss F.	Outcomes for allogeneic stem cell transplantation in refractory mycosis fungoides and primary cutaneous gamma Delta T cell lymphomas	Leukemia & lymphoma	2020	32643494	10.1080/10428194.2020.1790555		https://doi.org/10.1080/10428194.2020.1790555		clinical;quantitative;target_disease	metadata_only
clinical_translation	Kakimi K, Matsushita H, Masuzawa K, Karasaki T, Kobayashi Y, Nagaoka K, Hosoi A, Ikemura S, Kitano K, Kawada I, Manabe T, Takehara T, Ebisudani T, Nagayama K, Nakamura Y, Suzuki R, Yasuda H, Sato M, Soejima K, Nakajima J.	Adoptive transfer of zoledronate-expanded autologous Vγ9Vδ2 T-cells in patients with treatment-refractory non-small-cell lung cancer: a multicenter, open-label, single-arm, phase 2 study	Journal for immunotherapy of cancer	2020	32948652	10.1136/jitc-2020-001185	PMC7511646	https://pmc.ncbi.nlm.nih.gov/articles/PMC7511646/	fulltext/kakimi_2020_pmid32948652.xml	clinical;expansion_product;quantitative;target_disease	fulltext_xml
clinical_translation	Merli P, Algeri M, Galaverna F, Milano GM, Bertaina V, Biagini S, Girolami E, Palumbo G, Sinibaldi M, Becilli M, Leone G, Boccieri E, Grapulin L, Gaspari S, Airoldi I, Strocchio L, Pagliara D, Locatelli F.	Immune Modulation Properties of Zoledronic Acid on TcRγδ T-Lymphocytes After TcRαβ/CD19-Depleted Haploidentical Stem Cell Transplantation: An analysis on 46 Pediatric Patients Affected by Acute Leukemia	Frontiers in immunology	2020	32477328	10.3389/fimmu.2020.00699	PMC7235359	https://pmc.ncbi.nlm.nih.gov/articles/PMC7235359/	fulltext/merli_2020_pmid32477328.xml	clinical;comparator;expansion_product;quantitative;target_disease	fulltext_xml
clinical_translation	Minculescu L, Marquart HV, Ryder LP, Andersen NS, Schjoedt I, Friis LS, Kornblit BT, Petersen SL, Haastrup E, Fischer-Nielsen A, Reekie J, Sengelov H.	Improved Overall Survival, Relapse-Free-Survival, and Less Graft-vs.-Host-Disease in Patients With High Immune Reconstitution of TCR Gamma Delta Cells 2 Months After Allogeneic Stem Cell Transplantation	Frontiers in immunology	2019	31507601	10.3389/fimmu.2019.01997	PMC6714591	https://pmc.ncbi.nlm.nih.gov/articles/PMC6714591/	fulltext/minculescu_2019_pmid31507601.xml	clinical;comparator;phenotype_subsets;quantitative;vdelta1	fulltext_xml
clinical_translation	Rådestad E, Sundin M, Törlén J, Thunberg S, Önfelt B, Ljungman P, Watz E, Mattsson J, Uhlin M.	Individualization of Hematopoietic Stem Cell Transplantation Using Alpha/Beta T-Cell Depletion	Frontiers in immunology	2019	30804948	10.3389/fimmu.2019.00189	PMC6378311	https://pmc.ncbi.nlm.nih.gov/articles/PMC6378311/	fulltext/rdestad_2019_pmid30804948.xml	clinical;comparator;expansion_product;quantitative;target_disease	fulltext_xml
clinical_translation	Pistoia V, Tumino N, Vacca P, Veneziani I, Moretta A, Locatelli F, Moretta L.	Human γδ T-Cells: From Surface Receptors to the Therapy of High-Risk Leukemias	Frontiers in immunology	2018	29867961	10.3389/fimmu.2018.00984	PMC5949323	https://pmc.ncbi.nlm.nih.gov/articles/PMC5949323/	fulltext/pistoia_2018_pmid29867961.xml	clinical;comparator;cytotoxicity_et;expansion_product;phenotype_subsets;review;target_disease;vdelta1	fulltext_xml
clinical_translation	Bertaina A, Zorzoli A, Petretto A, Barbarito G, Inglese E, Merli P, Lavarello C, Brescia LP, De Angelis B, Tripodi G, Moretta L, Locatelli F, Airoldi I.	Zoledronic acid boosts γδ T-cell activity in children receiving αβ+ T and CD19+ cell-depleted grafts from an HLA-haplo-identical donor	Oncoimmunology	2017	28344861	10.1080/2162402x.2016.1216291	PMC5353934	https://pmc.ncbi.nlm.nih.gov/articles/PMC5353934/		clinical;comparator;expansion_product;phenotype_subsets;quantitative;target_disease;vdelta1	metadata_only
clinical_translation	Ho CM, McCarthy PL, Wallace PK, Zhang Y, Fora A, Mellors P, Tario JD, McCarthy BLS, Chen GL, Holstein SA, Balderman SR, Cao X, Paiva B, Hahn T.	Immune signatures associated with improved progression-free and overall survival for myeloma patients treated with AHSCT	Blood advances	2017	29296748	10.1182/bloodadvances.2017005447	PMC5728317	https://pmc.ncbi.nlm.nih.gov/articles/PMC5728317/		clinical;comparator;phenotype_subsets;quantitative;target_disease	metadata_only
clinical_translation	Lo Presti E, Pizzolato G, Gulotta E, Cocorullo G, Gulotta G, Dieli F, Meraviglia S.	Current Advances in γδ T Cell-Based Tumor Immunotherapy	Frontiers in immunology	2017	29163482	10.3389/fimmu.2017.01401	PMC5663908	https://pmc.ncbi.nlm.nih.gov/articles/PMC5663908/	fulltext/lo_2017_pmid29163482.xml	clinical;comparator;expansion_product;quantitative;review;vdelta1	fulltext_xml
clinical_translation	Zysk A, DeNichilo MO, Panagopoulos V, Zinonos I, Liapis V, Hay S, Ingman W, Ponomarev V, Atkins G, Findlay D, Zannettino A, Evdokiou A.	Adoptive transfer of ex vivo expanded Vγ9Vδ2 T cells in combination with zoledronic acid inhibits cancer growth and limits osteolysis in a murine model of osteolytic breast cancer	Cancer letters	2017	27865798	10.1016/j.canlet.2016.11.013	PMC5568037	https://pmc.ncbi.nlm.nih.gov/articles/PMC5568037/		clinical;expansion_product;quantitative;target_disease	metadata_only
clinical_translation	Wistuba-Hamprecht K, Martens A, Haehnel K, Geukes Foppen M, Yuan J, Postow MA, Wong P, Romano E, Khammari A, Dreno B, Capone M, Ascierto PA, Demuth I, Steinhagen-Thiessen E, Larbi A, Schilling B, Schadendorf D, Wolchok JD, Blank CU, Pawelec G, Garbe C, Weide B.	Proportions of blood-borne Vδ1+ and Vδ2+ T-cells are associated with overall survival of melanoma patients treated with ipilimumab	European journal of cancer (Oxford, England : 1990)	2016	27400322	10.1016/j.ejca.2016.06.001	PMC5201188	https://pmc.ncbi.nlm.nih.gov/articles/PMC5201188/		clinical;comparator;phenotype_subsets;quantitative;target_disease;vdelta1	metadata_only
clinical_translation	Kakimi K, Matsushita H, Murakawa T, Nakajima J.	γδ T cell therapy for the treatment of non-small cell lung cancer	Translational lung cancer research	2014	25806278	10.3978/j.issn.2218-6751.2013.11.01	PMC4367606	https://pmc.ncbi.nlm.nih.gov/articles/PMC4367606/		clinical;expansion_product;quantitative;review;target_disease	metadata_only
clinical_translation	Rådestad E, Wikell H, Engström M, Watz E, Sundberg B, Thunberg S, Uzunel M, Mattsson J, Uhlin M.	Alpha/beta T-cell depleted grafts as an immunological booster to treat graft failure after hematopoietic stem cell transplantation with HLA-matched related and unrelated donors	Journal of immunology research	2014	25371909	10.1155/2014/578741	PMC4211312	https://pmc.ncbi.nlm.nih.gov/articles/PMC4211312/	fulltext/rdestad_2014_pmid25371909.xml	clinical;comparator;quantitative;target_disease	fulltext_xml
clinical_translation	Wilhelm M, Smetak M, Schaefer-Eckart K, Kimmel B, Birkmann J, Einsele H, Kunzmann V.	Successful adoptive transfer and in vivo expansion of haploidentical γδ T cells	Journal of translational medicine	2014	24528541	10.1186/1479-5876-12-45	PMC3926263	https://pmc.ncbi.nlm.nih.gov/articles/PMC3926263/	fulltext/wilhelm_2014_pmid24528541.xml	clinical;comparator;expansion_product;quantitative;target_disease	fulltext_xml
assay_methodology_comparators	Tang C, Zhang Y.	Potential alternatives to αβ-T cells to prevent graft-versus-host disease (GvHD) in allogeneic chimeric antigen receptor (CAR)-based cancer immunotherapy: A comprehensive review	Pathology, research and practice	2024	39146830	10.1016/j.prp.2024.155518		https://doi.org/10.1016/j.prp.2024.155518		clinical;comparator;double_negative;engineered;expansion_product;phenotype_subsets;review	metadata_only
assay_methodology_comparators	Fonseca S, Pereira V, Lau C, Teixeira MDA, Bini-Antunes M, Lima M.	Human Peripheral Blood Gamma Delta T Cells: Report on a Series of Healthy Caucasian Portuguese Adults and Comprehensive Review of the Literature	Cells	2020	32188103	10.3390/cells9030729	PMC7140678	https://pmc.ncbi.nlm.nih.gov/articles/PMC7140678/	fulltext/fonseca_2020_pmid32188103.xml	phenotype_subsets;review;vdelta1	fulltext_xml
assay_methodology_comparators	Kobayashi H, Tanaka Y.	γδ T Cell Immunotherapy-A Review	Pharmaceuticals (Basel, Switzerland)	2015	25686210	10.3390/ph8010040	PMC4381201	https://pmc.ncbi.nlm.nih.gov/articles/PMC4381201/	fulltext/kobayashi_2015_pmid25686210.xml	clinical;expansion_product;review;target_disease	fulltext_xml
assay_methodology_comparators	Fisher JP, Heuijerjans J, Yan M, Gustafsson K, Anderson J.	γδ T cells for cancer immunotherapy: A systematic review of clinical trials	Oncoimmunology	2014	24734216	10.4161/onci.27572	PMC3984269	https://pmc.ncbi.nlm.nih.gov/articles/PMC3984269/	fulltext/fisher_2014_pmid24734216.xml	clinical;expansion_product;review	fulltext_xml
