category	authors	title	venue	year	pmid	doi	pmcid	url	local_pdf	fulltext_xml	topics	status
convection_enhanced_delivery		Erratum to: Phase 1 dose-escalation trial using convection-enhanced delivery of radio-immunotheranostic 124I-Omburtamab for diffuse intrinsic pontine glioma	Neuro-oncology	2026	40489365	10.1093/neuonc/noaf138	PMC13128442	https://pmc.ncbi.nlm.nih.gov/articles/PMC13128442/			brainstem;convection_enhanced_delivery;dipg_dmg	metadata_only
convection_enhanced_delivery	Bihari S, Yang D, Mukherji D, Haggiagi A.	Diffuse Midline Gliomas: Clinical, Diagnostic, and Therapeutic Perspectives	Biomedicines	2026	42072474	10.3390/biomedicines14040934	PMC13113373	https://pmc.ncbi.nlm.nih.gov/articles/PMC13113373/		fulltext/bihari_2026_pmid42072474.xml	cell_therapy_delivery;convection_enhanced_delivery;dipg_dmg	fulltext_xml
convection_enhanced_delivery	Brown MK, Cai Z, Ganga-Sah Y, Alshafai L, Borlase S, Radchenko V, Gao A, Rutka JT, Reilly RM.	Treatment of Human Glioblastoma Multiforme in NRG Mice by Convection-Enhanced Delivery of EGFR-Targeted or Nontargeted Auger Electron-Emitting 197gHg-Labeled Gold Nanoparticles	Journal of nuclear medicine : official publication, Society of Nuclear Medicine	2026	42276782	10.2967/jnumed.125.271785		https://doi.org/10.2967/jnumed.125.271785			convection_enhanced_delivery;nanoparticle	metadata_only
convection_enhanced_delivery	Fredricks NS, Harkins M, Price A, Morden FT, Dewan MC.	Protocols and safety profile of convection enhanced delivery in pediatric patients: a systematic review	Child's nervous system : ChNS : official journal of the International Society for Pediatric Neurosurgery	2026	41540137	10.1007/s00381-025-07121-8	PMC12808288	https://pmc.ncbi.nlm.nih.gov/articles/PMC12808288/		fulltext/fredricks_2026_pmid41540137.xml	brainstem;convection_enhanced_delivery;dipg_dmg;systemic_bbb_pharmacology	fulltext_xml
convection_enhanced_delivery	Heiss JD, Ehrlich DJ, Lungu C, Choi JY, Scott G, Dustin I, Hammoud DA, Herscovitch P, Lonser RR, Zaghloul KA, Bankiewicz K.	A Phase 1 Study of Convection-Enhanced Delivery of Intraputaminal AAV2-GDNF in Advanced Parkinson's Disease	Movement disorders : official journal of the Movement Disorder Society	2026	42405844	10.1002/mds.70393		https://doi.org/10.1002/mds.70393			convection_enhanced_delivery;viral_vector;related_disease	metadata_only
convection_enhanced_delivery	McDaid J, Bailes JE, Jha NK, Bobustuc G, Berlet R, Kessinger C, Whitcomb E, Lee JM, Aksenov DP, Walker M, Azapagic A, Bookwalter J, Ullah A, Sant H, Shea J, Gale BK.	Efficacy of local convection enhanced delivery of chemotherapy using an intracerebral osmotic pump in a rat model of glioblastoma	Frontiers in oncology	2026	41952678	10.3389/fonc.2026.1775053	PMC13055234	https://pmc.ncbi.nlm.nih.gov/articles/PMC13055234/		fulltext/mcdaid_2026_pmid41952678.xml	convection_enhanced_delivery;implant_depot_device;nanoparticle;systemic_bbb_pharmacology	fulltext_xml
convection_enhanced_delivery	Sabri ME, Moghaddasi L, Wilson P, Saran F, Bezak E.	Feasibility of convection-enhanced delivery of unlabeled 225Ac for glioblastoma: Transport, dosimetry, and clonogenic survival modeling	Medical physics	2026	42482373	10.1002/mp.70566		https://doi.org/10.1002/mp.70566			convection_enhanced_delivery;imaging_dosimetry_modeling;radiation_combined;surgical_access	metadata_only
convection_enhanced_delivery	Sbergio SG, Liang H, Chen L, Canty L, Carette S, Pajovic S, Sabha N, Anguraj Vadivel AK, Beilhartz GL, Melnyk RA, Hawkins C.	Tumor-Targeted pan-RAS Inhibition as a Novel Biologic Therapy for Diffuse Midline Glioma	Neuro-oncology	2026	42371788	10.1093/neuonc/noag148		https://doi.org/10.1093/neuonc/noag148			brainstem;convection_enhanced_delivery;dipg_dmg;intrathecal_csf;pediatric_hgg	metadata_only
convection_enhanced_delivery	Zhou Y, Zhu L, Liu X, Ji C, Yao J, Chen D, Yao Y.	Convection-Enhanced Delivery of Tumor-Infiltrating Lymphocytes Enhances Intratumoral Distribution and Therapeutic Efficacy in an Orthotopic Rat Glioma Model	Biomedicines	2026	42511941	10.3390/biomedicines14071466		https://doi.org/10.3390/biomedicines14071466			cell_therapy_delivery;convection_enhanced_delivery;systemic_bbb_pharmacology	metadata_only
convection_enhanced_delivery	Bander ED, Garton ALA, Pasquini L, Reiner AS, Yildirim O, Ilica AT, Donzelli M, Haque S, Souweidane MM.	Patterns of relapse in diffuse intrinsic pontine glioma after convection-enhanced delivery of 124I-omburtamab	Neuro-oncology advances	2025	40709014	10.1093/noajnl/vdaf128	PMC12288026	https://pmc.ncbi.nlm.nih.gov/articles/PMC12288026/		fulltext/bander_2025_pmid40709014.xml	brainstem;convection_enhanced_delivery;dipg_dmg;radiation_combined	fulltext_xml
convection_enhanced_delivery	Dimitrov T, Munjal V, O'Brien A, Rocco MT, Karkhah A, Ceyhan KE, Prevedello D, Samaranch L.	AAV9-mediated transduction of memory circuits following convection-enhanced delivery into the olfactory bulbs	Gene therapy	2025	40715486	10.1038/s41434-025-00555-4	PMC12714586	https://pmc.ncbi.nlm.nih.gov/articles/PMC12714586/		fulltext/dimitrov_2025_pmid40715486.xml	convection_enhanced_delivery;viral_vector;related_disease	fulltext_xml
convection_enhanced_delivery	Duca S, Parvar SJ, Kumeta L, Bradshaw TD, Chan WC, de Cogan F, Dziemidowicz K, Gershkovich P, Marlow M, Morris CJ, Shorthouse D, Lewis AL.	Drug delivery strategies for paediatric diffuse midline gliomas	Advanced drug delivery reviews	2025	41015207	10.1016/j.addr.2025.115695		https://doi.org/10.1016/j.addr.2025.115695			convection_enhanced_delivery;dipg_dmg;intranasal;intrathecal_csf;systemic_bbb_pharmacology	metadata_only
convection_enhanced_delivery	França Velo A, Giantini Larsen A, Humm JL, Zanzonico P, Haque S, Souweidane M, Pandit-Taskar N.	Determination of the Intralesional Distribution of Theranostic 124I-Omburtamab Convection-Enhanced Delivery in Treatment of Diffuse Intrinsic Pontine Glioma	Journal of nuclear medicine : official publication, Society of Nuclear Medicine	2025	40306974	10.2967/jnumed.124.267995		https://doi.org/10.2967/jnumed.124.267995			brainstem;convection_enhanced_delivery;dipg_dmg;imaging_dosimetry_modeling;radiation_combined;systemic_bbb_pharmacology	metadata_only
convection_enhanced_delivery	Mueller S, Kline C, Lu AY, Hoogendijk R, Wembacher-Schroeder E, Banerjee A, Reddy AT, Raber S, Hoffman C, Stoller S, Prados M, Molinaro A, Gupta N.	PNOC009: Convection-enhanced delivery of liposomal irinotecan in patients with newly diagnosed diffuse intrinsic pontine glioma	Neuro-oncology advances	2025	40575415	10.1093/noajnl/vdaf093	PMC12202035	https://pmc.ncbi.nlm.nih.gov/articles/PMC12202035/		fulltext/mueller_2025_pmid40575415.xml	brainstem;convection_enhanced_delivery;dipg_dmg;nanoparticle	fulltext_xml
convection_enhanced_delivery	Narsinh KH, Kumar K, Bankiewicz K, Martin AJ, Berger M, Clarke J, Taylor J, Bush NAO, Molinaro AM, Aghi M, Butowski N.	A phase I study of convection-enhanced delivery (CED) of liposomal-irinotecan using real-time magnetic resonance imaging in patients with recurrent high-grade glioma	Journal of neuro-oncology	2025	39760796	10.1007/s11060-024-04904-y	PMC11832582	https://pmc.ncbi.nlm.nih.gov/articles/PMC11832582/		fulltext/narsinh_2025_pmid39760796.xml	convection_enhanced_delivery;imaging_dosimetry_modeling;nanoparticle	fulltext_xml
convection_enhanced_delivery	Saito R, Kanamori M, Arakawa Y, Mineharu Y, Aihara Y, Chiba K, Kumabe T, Shibahara I, Sonoda Y, Matsuda K, Kinoshita M, Sato A, Takahashi F, Tominaga T.	A Multicenter Phase II Trial of Nimustine Hydrochloride Administered via Convection-Enhanced Delivery in Children With DIPG	Cancer science	2025	40150841	10.1111/cas.70054	PMC12127113	https://pmc.ncbi.nlm.nih.gov/articles/PMC12127113/		fulltext/saito_2025_pmid40150841.xml	brainstem;convection_enhanced_delivery;dipg_dmg;radiation_combined;surgical_access	fulltext_xml
convection_enhanced_delivery	Souweidane MM, Bander ED, Zanzonico P, Reiner AS, Manino N, Haque S, Carrasquillo JA, Lyashchenko SK, Thakur SB, Lewis JS, Donzelli M, Cheung NV, Larson SM, Kramer K, Pandit-Taskar N, Dunkel IJ.	Phase 1 dose-escalation trial using convection-enhanced delivery of radio-immunotheranostic 124I-Omburtamab for diffuse intrinsic pontine glioma	Neuro-oncology	2025	39969230	10.1093/neuonc/noaf039	PMC12448826	https://pmc.ncbi.nlm.nih.gov/articles/PMC12448826/			brainstem;convection_enhanced_delivery;dipg_dmg;radiation_combined	metadata_only
convection_enhanced_delivery	Suzuki T.	[Current Status and Future Perspectives of Clinical Trials for Diffuse Intrinsic Pontine Gliomas(DIPG)]	No shinkei geka. Neurological surgery	2025	41362037	10.11477/mf.030126030530061154		https://doi.org/10.11477/mf.030126030530061154			brainstem;cell_therapy_delivery;convection_enhanced_delivery;dipg_dmg;focused_ultrasound;systemic_bbb_pharmacology	metadata_only
convection_enhanced_delivery		DIPG-41. CONVECTION ENHANCED DELIVERY-MEDIATED RADIOSENSITIZATION FOR DIFFUSE MIDLINE GLIOMA	Neuro-oncology	2024			PMC11183727	https://pmc.ncbi.nlm.nih.gov/articles/PMC11183727/		fulltext/anon_2024_pmidPMC11183727.xml	convection_enhanced_delivery;dipg_dmg;radiation_combined;meeting_abstract	fulltext_xml
convection_enhanced_delivery		SURG-07. A PHASE I STUDY EXAMINING THE FEASIBILITY OF INTERMITTENT CONVECTION-ENHANCED DELIVERY (CED) OF MTX110 FOR THE TREATMENT OF CHILDREN WITH NEWLY DIAGNOSED DIFFUSE MIDLINE GLIOMAS	Neuro-oncology	2024			PMC11183734	https://pmc.ncbi.nlm.nih.gov/articles/PMC11183734/		fulltext/anon_2024_pmidPMC11183734.xml	convection_enhanced_delivery;dipg_dmg;meeting_abstract	fulltext_xml
convection_enhanced_delivery		DDEL-19. DRUG-TUMOR RESIDENCE TIME DRIVES EFFICACY OF CONVECTION-ENHANCED DELIVERY IN H3 K27-ALTERED DIFFUSE MIDLINE GLIOMA	Neuro-oncology	2024			PMC11553863	https://pmc.ncbi.nlm.nih.gov/articles/PMC11553863/			convection_enhanced_delivery;dipg_dmg;meeting_abstract	metadata_only
convection_enhanced_delivery	Arms LM, Duchatel RJ, Jackson ER, Sobrinho PG, Dun MD, Hua S.	Current status and advances to improving drug delivery in diffuse intrinsic pontine glioma	Journal of controlled release : official journal of the Controlled Release Society	2024	38744345	10.1016/j.jconrel.2024.05.018		https://doi.org/10.1016/j.jconrel.2024.05.018			brainstem;convection_enhanced_delivery;dipg_dmg;focused_ultrasound;intranasal;nanoparticle;systemic_bbb_pharmacology	metadata_only
convection_enhanced_delivery	Kreatsoulas D, Damante M, Cua S, Lonser RR.	Adjuvant convection-enhanced delivery for the treatment of brain tumors	Journal of neuro-oncology	2024	38261143	10.1007/s11060-023-04552-8	PMC10834622	https://pmc.ncbi.nlm.nih.gov/articles/PMC10834622/		fulltext/kreatsoulas_2024_pmid38261143.xml	convection_enhanced_delivery;implant_depot_device	fulltext_xml
convection_enhanced_delivery	Pandit-Taskar N, Zanzonico PB, Grkovski M, Donzelli M, Vietri SM, Horan C, Serencsits B, Prasad K, Lyashchenko S, Kramer K, Dunkel IJ, Souweidane MM.	Theranostic Intratumoral Convection-Enhanced Delivery of 124I-Omburtamab in Patients with Diffuse Intrinsic Pontine Glioma: Pharmacokinetics and Lesion Dosimetry	Journal of nuclear medicine : official publication, Society of Nuclear Medicine	2024	39142829	10.2967/jnumed.123.266365	PMC11372263	https://pmc.ncbi.nlm.nih.gov/articles/PMC11372263/			brainstem;convection_enhanced_delivery;dipg_dmg;imaging_dosimetry_modeling;radiation_combined;systemic_bbb_pharmacology	metadata_only
convection_enhanced_delivery	Rolfe NW, Dadario NB, Canoll P, Bruce JN.	A Review of Therapeutic Agents Given by Convection-Enhanced Delivery for Adult Glioblastoma	Pharmaceuticals (Basel, Switzerland)	2024	39204078	10.3390/ph17080973	PMC11357193	https://pmc.ncbi.nlm.nih.gov/articles/PMC11357193/		fulltext/rolfe_2024_pmid39204078.xml	convection_enhanced_delivery;systemic_bbb_pharmacology	fulltext_xml
convection_enhanced_delivery		DIPG-15. CONCURRENT GB-13 (IL13.E13K-PE4E) IMPROVES THE EFFICACY OF RADIATION THERAPY IN DIFFUSE INTRINSIC PONTINE GLIOMA	Neuro-oncology	2023			PMC10259938	https://pmc.ncbi.nlm.nih.gov/articles/PMC10259938/		fulltext/anon_2023_pmidPMC10259938.xml	antibody_conjugate_shuttle;brainstem;convection_enhanced_delivery;dipg_dmg;meeting_abstract	fulltext_xml
convection_enhanced_delivery		DDEL-05. PHARMACOKINETIC ASSESSMENT OF CONVECTION-ENHANCED DELIVERY OF SMALL MOLECULE DRUGS FOR H3 K27-ALTERED DIFFUSE MIDLINE GLIOMA	Neuro-oncology	2023			PMC10639410	https://pmc.ncbi.nlm.nih.gov/articles/PMC10639410/			convection_enhanced_delivery;dipg_dmg;systemic_bbb_pharmacology;meeting_abstract	metadata_only
convection_enhanced_delivery		DIPG-16. ACUTE VERSUS PROLONGED CONVECTION-ENHANCED DELIVERY OF ALISERTIB INTO H3 K27M-MUTANT MODELS OF DIFFUSE MIDLINE GLIOMA	Neuro-oncology	2023			PMC10260146	https://pmc.ncbi.nlm.nih.gov/articles/PMC10260146/		fulltext/anon_2023_pmidPMC10260146.xml	brainstem;convection_enhanced_delivery;dipg_dmg;meeting_abstract	fulltext_xml
convection_enhanced_delivery		TIPS-22 A TWO-PART, PHASE 1 STUDY OF RHENIUM (186RE) OBISBEMEDA (186RNL) DELIVERED BY CONVECTION ENHANCED DELIVERY (CED) FOR RECURRENT, REFRACTORY, OR PROGRESSIVE CHILDHOOD EPENDYMOMA AND HIGH-GRADE GLIOMA (HGG)	Neuro-oncology advances	2023			PMC10402359	https://pmc.ncbi.nlm.nih.gov/articles/PMC10402359/		fulltext/anon_2023_pmidPMC10402359.xml	convection_enhanced_delivery	fulltext_xml
convection_enhanced_delivery	Dalle Ore C, Coleman C, Gupta N, Mueller S.	Advances and Clinical Trials Update in the Treatment of Diffuse Intrinsic Pontine Gliomas	Pediatric neurosurgery	2023	36642062	10.1159/000529099	PMC10664325	https://pmc.ncbi.nlm.nih.gov/articles/PMC10664325/		fulltext/dalle_2023_pmid36642062.xml	brainstem;convection_enhanced_delivery;dipg_dmg;focused_ultrasound;surgical_access	fulltext_xml
convection_enhanced_delivery	Michiels J, Vitale F.	Design and Characterization of Pressure Monitoring and Insertion system for Intraparenchymal Convection Enhanced Delivery	Annual International Conference of the IEEE Engineering in Medicine and Biology Society. IEEE Engineering in Medicine and Biology Society. Annual International Conference	2023	38082745	10.1109/embc40787.2023.10341013	PMC12271955	https://pmc.ncbi.nlm.nih.gov/articles/PMC12271955/			convection_enhanced_delivery	metadata_only
convection_enhanced_delivery	Moosa S, Bond AE, Wang TR, Farzad F, Asthagiri AR, Elias WJ.	Stereotactic and Functional Neurosurgery Convection-Enhanced Delivery of Autologous Cerebrospinal Fluid Enhances Basal Ganglia Visualization during MRI-Guided Deep Brain Stimulation Surgery	Stereotactic and functional neurosurgery	2023	36724759	10.1159/000528738		https://doi.org/10.1159/000528738			convection_enhanced_delivery;imaging_dosimetry_modeling;surgical_access;related_disease	metadata_only
convection_enhanced_delivery	Mueller S, Kline C, Stoller S, Lundy S, Christopher L, Reddy AT, Banerjee A, Cooney TM, Raber S, Hoffman C, Luks T, Wembacher-Schroeder E, Lummel N, Zhang Y, Bonner ER, Nazarian J, Molinaro AM, Prados M, Villanueva-Meyer JE, Gupta N.	PNOC015: Repeated convection-enhanced delivery of MTX110 (aqueous panobinostat) in children with newly diagnosed diffuse intrinsic pontine glioma	Neuro-oncology	2023	37318058	10.1093/neuonc/noad105		https://doi.org/10.1093/neuonc/noad105			brainstem;convection_enhanced_delivery;dipg_dmg;imaging_dosimetry_modeling	metadata_only
convection_enhanced_delivery	Power EA, Rechberger JS, Zhang L, Oh JH, Anderson JB, Nesvick CL, Ge J, Hinchcliffe EH, Elmquist WF, Daniels DJ.	Overcoming translational barriers in H3K27-altered diffuse midline glioma: Increasing the drug-tumor residence time	Neuro-oncology advances	2023	37128506	10.1093/noajnl/vdad033	PMC10148679	https://pmc.ncbi.nlm.nih.gov/articles/PMC10148679/		fulltext/power_2023_pmid37128506.xml	brainstem;convection_enhanced_delivery;dipg_dmg;systemic_bbb_pharmacology	fulltext_xml
convection_enhanced_delivery	Rechberger JS, Power BT, Power EA, Nesvick CL, Daniels DJ.	H3K27-altered diffuse midline glioma: a paradigm shifting opportunity in direct delivery of targeted therapeutics	Expert opinion on therapeutic targets	2023	36744399	10.1080/14728222.2023.2177531	PMC10165636	https://pmc.ncbi.nlm.nih.gov/articles/PMC10165636/			brainstem;convection_enhanced_delivery;dipg_dmg;systemic_bbb_pharmacology	metadata_only
convection_enhanced_delivery	Szychot E, Bhagawati D, Sokolska MJ, Walker D, Gill S, Hyare H.	Evaluating drug distribution in children and young adults with diffuse midline glioma of the pons (DIPG) treated with convection-enhanced drug delivery	Frontiers in neuroimaging	2023	37554653	10.3389/fnimg.2023.1062493	PMC10406269	https://pmc.ncbi.nlm.nih.gov/articles/PMC10406269/		fulltext/szychot_2023_pmid37554653.xml	antibody_conjugate_shuttle;brainstem;convection_enhanced_delivery;dipg_dmg	fulltext_xml
convection_enhanced_delivery		DIPG-53. Long-term survival from a Phase 1 dose-escalation trial using convection-enhanced delivery (CED) of radioimmunotherapeutic124I-omburtamab for treatment of diffuse intrinsic pontine glioma (DIPG)	Neuro-oncology	2022			PMC9165135	https://pmc.ncbi.nlm.nih.gov/articles/PMC9165135/		fulltext/anon_2022_pmidPMC9165135.xml	brainstem;convection_enhanced_delivery;dipg_dmg;meeting_abstract	fulltext_xml
convection_enhanced_delivery		INSP-17. Augmented Drug Delivery for Pediatric Diffuse Midline Glioma using Convection Enhanced Delivery	Neuro-oncology	2022			PMC9164705	https://pmc.ncbi.nlm.nih.gov/articles/PMC9164705/		fulltext/anon_2022_pmidPMC9164705.xml	brainstem;convection_enhanced_delivery;dipg_dmg;imaging_dosimetry_modeling;meeting_abstract	fulltext_xml
convection_enhanced_delivery		LOCL-07 LOCO-REGIONAL INFUSION OF GB-13 (IL13.E13K-PE4E) AS A POTENTIALLY PROMISING TREATMENT FOR RECURRENT HIGH-GRADE GLIOMA	Neuro-oncology advances	2022			PMC9354186	https://pmc.ncbi.nlm.nih.gov/articles/PMC9354186/		fulltext/anon_2022_pmidPMC9354186.xml	antibody_conjugate_shuttle;convection_enhanced_delivery;dipg_dmg	fulltext_xml
convection_enhanced_delivery	Aquilina K, Chakrapani A, Carr L, Kurian MA, Hargrave D.	Convection-Enhanced Delivery in Children: Techniques and Applications	Advances and technical standards in neurosurgery	2022	35976451	10.1007/978-3-030-99166-1_6		https://doi.org/10.1007/978-3-030-99166-1_6			brainstem;convection_enhanced_delivery;dipg_dmg;systemic_bbb_pharmacology	metadata_only
convection_enhanced_delivery	Bhandari A, Jaiswal K, Singh A, Zhan W.	Convection-Enhanced Delivery of Antiangiogenic Drugs and Liposomal Cytotoxic Drugs to Heterogeneous Brain Tumor for Combination Therapy	Cancers	2022	36077714	10.3390/cancers14174177	PMC9454524	https://pmc.ncbi.nlm.nih.gov/articles/PMC9454524/		fulltext/bhandari_2022_pmid36077714.xml	convection_enhanced_delivery;imaging_dosimetry_modeling;nanoparticle;systemic_bbb_pharmacology	fulltext_xml
convection_enhanced_delivery	Hollingworth M, Zacharoulis S.	Infusion-related side-effects during convection enhanced delivery for brainstem-diffuse midline glioma/diffuse intrinsic pontine glioma	Journal of neuro-oncology	2022	35933568	10.1007/s11060-022-04077-6	PMC9424151	https://pmc.ncbi.nlm.nih.gov/articles/PMC9424151/		fulltext/hollingworth_2022_pmid35933568.xml	brainstem;convection_enhanced_delivery;dipg_dmg	fulltext_xml
convection_enhanced_delivery	Porath KA, Regan MS, Griffith JI, Jain S, Stopka SA, Burgenske DM, Bakken KK, Carlson BL, Decker PA, Vaubel RA, Dragojevic S, Mladek AC, Connors MA, Hu Z, He L, Kitange GJ, Gupta SK, Feldsien TM, Lefebvre DR, Agar NYR, Eckel-Passow JE, Reilly EB, Elmquist WF, Sarkaria JN.	Convection enhanced delivery of EGFR targeting antibody-drug conjugates Serclutamab talirine and Depatux-M in glioblastoma patient-derived xenografts	Neuro-oncology advances	2022	36071925	10.1093/noajnl/vdac130	PMC9446689	https://pmc.ncbi.nlm.nih.gov/articles/PMC9446689/		fulltext/porath_2022_pmid36071925.xml	antibody_conjugate_shuttle;convection_enhanced_delivery;systemic_bbb_pharmacology	fulltext_xml
convection_enhanced_delivery	Rechberger JS, Porath KA, Zhang L, Nesvick CL, Schrecengost RS, Sarkaria JN, Daniels DJ.	IL-13Rα2 Status Predicts GB-13 (IL13.E13K-PE4E) Efficacy in High-Grade Glioma	Pharmaceutics	2022	35631512	10.3390/pharmaceutics14050922	PMC9143740	https://pmc.ncbi.nlm.nih.gov/articles/PMC9143740/		fulltext/rechberger_2022_pmid35631512.xml	convection_enhanced_delivery;dipg_dmg	fulltext_xml
convection_enhanced_delivery	Spinazzi EF, Argenziano MG, Upadhyayula PS, Banu MA, Neira JA, Higgins DMO, Wu PB, Pereira B, Mahajan A, Humala N, Al-Dalahmah O, Zhao W, Save AV, Gill BJA, Boyett DM, Marie T, Furnari JL, Sudhakar TD, Stopka SA, Regan MS, Catania V, Good L, Zacharoulis S, Behl M, Petridis P, Jambawalikar S, Mintz A, Lignelli A, Agar NYR, Sims PA, Welch MR, Lassman AB, Iwamoto FM, D'Amico RS, Grinband J, Canoll P, Bruce JN.	Chronic convection-enhanced delivery of topotecan for patients with recurrent glioblastoma: a first-in-patient, single-centre, single-arm, phase 1b trial	The Lancet. Oncology	2022	36243020	10.1016/s1470-2045(22)00599-x	PMC9641975	https://pmc.ncbi.nlm.nih.gov/articles/PMC9641975/			convection_enhanced_delivery;implant_depot_device;radiation_combined	metadata_only
convection_enhanced_delivery	Antoine LH, Koomullil RP, Wick TM, Nakhmani A.	Optimization of catheter placement for convection-enhanced delivery to brain tumors	F1000Res	2021		10.12688/f1000research.28247.1		https://doi.org/10.12688/f1000research.28247.1			convection_enhanced_delivery;surgical_access	metadata_only
convection_enhanced_delivery	Bankiewicz KS, Pasterski T, Kreatsoulas D, Onikijuk J, Mozgiel K, Munjal V, Elder JB, Lonser RR, Zabek M.	Use of a novel ball-joint guide array for magnetic resonance imaging-guided cannula placement and convective delivery: technical note	Journal of neurosurgery	2021	33096525	10.3171/2020.6.jns201564		https://doi.org/10.3171/2020.6.jns201564			brainstem;convection_enhanced_delivery;surgical_access;viral_vector	metadata_only
convection_enhanced_delivery	Ellingson BM, Sampson J, Achrol AS, Aghi MK, Bankiewicz K, Wang C, Bexon M, Brem S, Brenner A, Chowdhary S, Floyd JR, Han S, Kesari S, Randazzo D, Vogelbaum MA, Vrionis F, Zabek M, Butowski N, Coello M, Merchant N, Merchant F.	Modified RANO, Immunotherapy RANO, and Standard RANO Response to Convection-Enhanced Delivery of IL4R-Targeted Immunotoxin MDNA55 in Recurrent Glioblastoma	Clinical cancer research : an official journal of the American Association for Cancer Research	2021	33863808	10.1158/1078-0432.ccr-21-0446	PMC8282697	https://pmc.ncbi.nlm.nih.gov/articles/PMC8282697/			antibody_conjugate_shuttle;convection_enhanced_delivery	metadata_only
convection_enhanced_delivery	Pearson TS, Gupta N, San Sebastian W, Imamura-Ching J, Viehoever A, Grijalvo-Perez A, Fay AJ, Seth N, Lundy SM, Seo Y, Pampaloni M, Hyland K, Smith E, de Oliveira Barbosa G, Heathcock JC, Minnema A, Lonser R, Elder JB, Leonard J, Larson P, Bankiewicz KS.	Gene therapy for aromatic L-amino acid decarboxylase deficiency by MR-guided direct delivery of AAV2-AADC to midbrain dopaminergic neurons	Nature communications	2021	34253733	10.1038/s41467-021-24524-8	PMC8275582	https://pmc.ncbi.nlm.nih.gov/articles/PMC8275582/		fulltext/pearson_2021_pmid34253733.xml	brainstem;convection_enhanced_delivery;viral_vector	fulltext_xml
convection_enhanced_delivery	Plant A, Goldman S, Lam S, DeCuypere M, Stein G, Brenner A.	EPCT-18. A TWO-PART, PHASE 1 STUDY OF RHENIUM-186 NANOLIPOSOME (186RNL) DELIVERED BY CONVECTION ENHANCED DELIVERY FOR RECURRENT, REFRACTORY, OR PROGRESSIVE EPENDYMOMA AND HIGH-GRADE GLIOMA (HGG) AND NEWLY DIAGNOSED DIFFUSE INTRINSIC PONTINE GLIOMA (DIPG)	Neuro-oncology	2021			PMC8168102	https://pmc.ncbi.nlm.nih.gov/articles/PMC8168102/		fulltext/plant_2021_pmidPMC8168102.xml	brainstem;convection_enhanced_delivery;dipg_dmg;pediatric_hgg;meeting_abstract	fulltext_xml
convection_enhanced_delivery	Power E, Oh J, Elmquist W, Daniels D.	EXTH-31. BRAIN DISTRIBUTION, CLEARANCE AND TOXICITY EVALUATION OF SMALL-MOLECULE INHIBITORS FOLLOWING CONVECTION-ENHANCED DELIVERY TO THE BRAINSTEM	Neuro-oncology	2021			PMC8598824	https://pmc.ncbi.nlm.nih.gov/articles/PMC8598824/			brainstem;convection_enhanced_delivery;dipg_dmg;systemic_bbb_pharmacology;meeting_abstract	metadata_only
convection_enhanced_delivery	Power E, Oh J, Zhang L, Elmquist W, Daniels D.	HGG-13. BRAIN DISTRIBUTION AND CLEARANCE OF ALISERTIB IS LIMITED BY PGP AND BCRP EFFLUX PUMPS AND DEPENDENT UPON DELIVERY METHOD	Neuro-oncology	2021			PMC8168113	https://pmc.ncbi.nlm.nih.gov/articles/PMC8168113/		fulltext/power_2021_pmidPMC8168113.xml	brainstem;convection_enhanced_delivery;dipg_dmg;systemic_bbb_pharmacology;meeting_abstract	fulltext_xml
convection_enhanced_delivery	Rossmeisl JH, Herpai D, Quigley M, Cecere TE, Robertson JL, D'Agostino RB, Hinckley J, Tatter SB, Dickinson PJ, Debinski W.	Phase I trial of convection-enhanced delivery of IL13RA2 and EPHA2 receptor targeted cytotoxins in dogs with spontaneous intracranial gliomas	Neuro-oncology	2021	32812637	10.1093/neuonc/noaa196	PMC7992889	https://pmc.ncbi.nlm.nih.gov/articles/PMC7992889/		fulltext/rossmeisl_2021_pmid32812637.xml	convection_enhanced_delivery	fulltext_xml
convection_enhanced_delivery	Szychot E, Bhagawati D, Gill S, Walker D, Hyare H.	CTNI-56. EVALUATING DRUG DISTRIBUTION IN CHILDREN WITH DIFFUSE INTRINSIC PONTINE GLIOMA (DIPG) TREATED WITH CONVECTION ENHANCED DRUG DELIVERY	Neuro-oncology	2021			PMC8598594	https://pmc.ncbi.nlm.nih.gov/articles/PMC8598594/			antibody_conjugate_shuttle;brainstem;convection_enhanced_delivery;dipg_dmg;imaging_dosimetry_modeling;meeting_abstract	metadata_only
convection_enhanced_delivery	Szychot E, Walker D, Collins P, Hyare H, Shankar A, Bienemann A, Hollingworth M, Gill S.	Clinical experience of convection-enhanced delivery (CED) of carboplatin and sodium valproate into the pons for the treatment of diffuse intrinsic pontine glioma (DIPG) in children and young adults after radiotherapy	International journal of clinical oncology	2021	33575829	10.1007/s10147-020-01853-0		https://doi.org/10.1007/s10147-020-01853-0			brainstem;convection_enhanced_delivery;dipg_dmg;radiation_combined;systemic_bbb_pharmacology	metadata_only
convection_enhanced_delivery	Wembacher-Schroeder E, Kerstein N, Bander ED, Pandit-Taskar N, Thomson R, Souweidane MM.	Evaluation of a patient-specific algorithm for predicting distribution for convection-enhanced drug delivery into the brainstem of patients with diffuse intrinsic pontine glioma	Journal of neurosurgery. Pediatrics	2021	33990084	10.3171/2020.11.peds20571		https://doi.org/10.3171/2020.11.peds20571			brainstem;convection_enhanced_delivery;dipg_dmg;radiation_combined;surgical_access	metadata_only
convection_enhanced_delivery	Wu C, Hormuth D, Christenson C, Abdelmalik M, Phillips W, Hughes T, Brenner A, Yankeelov T.	RADT-14. TOWARDS IMAGE-GUIDED MODELING OF PATIENT-SPECIFIC RHENIUM-186 NANOLIPOSOME DISTRIBUTION VIA CONVECTION-ENHANCED DELIVERY FOR GLIOBLASTOMA MULTIFORME	Neuro-oncology	2021			PMC8598549	https://pmc.ncbi.nlm.nih.gov/articles/PMC8598549/			convection_enhanced_delivery;nanoparticle;surgical_access;meeting_abstract	metadata_only
convection_enhanced_delivery	Bander E, Ramos A, Wembacher-Schroeder E, Ivasyk I, Thomson R, Morgenstern P, Souweidane M.	SURG-24. REPEAT CONVECTION-ENHANCED DELIVERY FOR DIFFUSE INTRINSIC PONTINE GLIOMA	Neuro-oncology	2020			PMC7651173	https://pmc.ncbi.nlm.nih.gov/articles/PMC7651173/			brainstem;convection_enhanced_delivery;dipg_dmg;meeting_abstract	metadata_only
convection_enhanced_delivery	Bander ED, Ramos AD, Wembacher-Schroeder E, Ivasyk I, Thomson R, Morgenstern PF, Souweidane MM.	Repeat convection-enhanced delivery for diffuse intrinsic pontine glioma	Journal of neurosurgery. Pediatrics	2020	32977309	10.3171/2020.6.peds20280		https://doi.org/10.3171/2020.6.peds20280			brainstem;convection_enhanced_delivery;dipg_dmg;imaging_dosimetry_modeling	metadata_only
convection_enhanced_delivery	Bander ED, Tizi K, Wembacher-Schroeder E, Thomson R, Donzelli M, Vasconcellos E, Souweidane MM.	Deformational changes after convection-enhanced delivery in the pediatric brainstem	Neurosurgical focus	2020	31896089	10.3171/2019.10.focus19679		https://doi.org/10.3171/2019.10.focus19679			brainstem;convection_enhanced_delivery;dipg_dmg;radiation_combined	metadata_only
convection_enhanced_delivery	Bellat V, Alcaina Y, Tung CH, Ting R, Michel AO, Souweidane M, Law B.	A combined approach of convection-enhanced delivery of peptide nanofiber reservoir to prolong local DM1 retention for diffuse intrinsic pontine glioma treatment	Neuro-oncology	2020	32301996	10.1093/neuonc/noaa101	PMC7566426	https://pmc.ncbi.nlm.nih.gov/articles/PMC7566426/			brainstem;convection_enhanced_delivery;dipg_dmg;systemic_bbb_pharmacology	metadata_only
convection_enhanced_delivery	Bruce J, Spinazzi E, Lassman A, Iwamoto F, Welch M, Banu M, Argenziano M, Upadhyayula P, Agar N, Humala N, Marie T, Pereira B, Sudhakar T, Mahajan A, Neira J, Lignelli-Dipple A, Grinband J, Sims P, D’Amico R, Canoll P.	CTNI-25. PHASE IB CLINICAL TRIAL OF CHRONIC CONVECTION-ENHANCED DELIVERY OF TOPOTECAN FOR RECURRENT GLIOBLASTOMA	Neuro-oncology	2020			PMC7650341	https://pmc.ncbi.nlm.nih.gov/articles/PMC7650341/			convection_enhanced_delivery;imaging_dosimetry_modeling;implant_depot_device;systemic_bbb_pharmacology;meeting_abstract	metadata_only
convection_enhanced_delivery	Knox A, Gilani A, van Court B, Oweida A, Flannery P, DeSisto J, Lemma R, Chatwin H, Gamboni F, Brown B, Serkova N, Vibhakar R, Dorris K, Wempe M, Reisz J, Karam S, Green A.	DIPG-42. TOWARD MULTIMODALITY THERAPY FOR DIPG/DMG: DEVELOPMENT AND INVESTIGATION OF CRANIOSPINAL IRRADIATION AND CONVECTION-ENHANCED DELIVERY PDX MODELS	Neuro-oncology	2020			PMC7715556	https://pmc.ncbi.nlm.nih.gov/articles/PMC7715556/		fulltext/knox_2020_pmidPMC7715556.xml	brainstem;convection_enhanced_delivery;dipg_dmg;surgical_access;meeting_abstract	fulltext_xml
convection_enhanced_delivery	Mueller S, Kline C, Villanueva-Meyer J, Hoffman C, Raber S, Bonner E, Nazarian J, Lundy S, Molinaro A, Prados M, Filbin M, Gupta N.	EPCT-12. PNOC015: PHASE 1 STUDY OF MTX110 (AQUEOUS PANOBINOSTAT) DELIVERED BY CONVECTION ENHANCED DELIVERY (CED) IN CHILDREN WITH NEWLY DIAGNOSED DIFFUSE INTRINSIC PONTINE GLIOMA (DIPG) PREVIOUSLY TREATED WITH RADIATION THERAPY	Neuro-oncology	2020			PMC7715179	https://pmc.ncbi.nlm.nih.gov/articles/PMC7715179/		fulltext/mueller_2020_pmidPMC7715179.xml	brainstem;convection_enhanced_delivery;dipg_dmg;imaging_dosimetry_modeling;meeting_abstract	fulltext_xml
convection_enhanced_delivery	Power E, Zhang L, Daniels D.	DDEL-16. UNDERSTANDING OPTIMAL CONVECTION-ENHANCED DELIVERY PHYSICO-CHEMICAL INFUSION PARAMETERS: THE ROLE OF BBB EFFLUX PUMPS IN DRUG DISTRIBUTION AND CLEARANCE	Neuro-oncology	2020			PMC7715363	https://pmc.ncbi.nlm.nih.gov/articles/PMC7715363/		fulltext/power_2020_pmidPMC7715363.xml	brainstem;convection_enhanced_delivery;dipg_dmg;imaging_dosimetry_modeling;systemic_bbb_pharmacology;meeting_abstract	fulltext_xml
convection_enhanced_delivery	Rechberger JS, Power EA, Lu VM, Zhang L, Sarkaria JN, Daniels DJ.	Evaluating infusate parameters for direct drug delivery to the brainstem: a comparative study of convection-enhanced delivery versus osmotic pump delivery	Neurosurgical focus	2020	31896090	10.3171/2019.10.focus19703	PMC7371267	https://pmc.ncbi.nlm.nih.gov/articles/PMC7371267/			brainstem;convection_enhanced_delivery;dipg_dmg;imaging_dosimetry_modeling;implant_depot_device	metadata_only
convection_enhanced_delivery	Saito R, Kanamori M, Tominaga T.	DDEL-08. CONVECTION-ENHANCED DELIVERY OF NIMUSTINE HYDROCHLORIDE (ACNU) AGAINST PEDIATRIC DIFFUSE INTRINSIC PONTINE GLIOMAS	Neuro-oncology	2020			PMC7715951	https://pmc.ncbi.nlm.nih.gov/articles/PMC7715951/		fulltext/saito_2020_pmidPMC7715951.xml	brainstem;convection_enhanced_delivery;dipg_dmg;meeting_abstract	fulltext_xml
convection_enhanced_delivery	Saito R, Kanamori M, Sonoda Y, Yamashita Y, Nagamatsu K, Murata T, Mugikura S, Kumabe T, Wembacher-Schröder E, Thomson R, Tominaga T.	Phase I trial of convection-enhanced delivery of nimustine hydrochloride (ACNU) for brainstem recurrent glioma	Neuro-oncology advances	2020	32642691	10.1093/noajnl/vdaa033	PMC7212853	https://pmc.ncbi.nlm.nih.gov/articles/PMC7212853/		fulltext/saito_2020_pmid32642691.xml	brainstem;convection_enhanced_delivery;dipg_dmg	fulltext_xml
convection_enhanced_delivery	Sasaki T, Katagi H, Goldman S, Becher O, Hashizume R.	DDEL-11. CONVECTION-ENHANCED DELIVERY OF EZH2 INHIBITOR FOR THE TREATMENT OF DIFFUSE INTRINSIC PONTINE GLIOMA	Neuro-oncology	2020			PMC7715708	https://pmc.ncbi.nlm.nih.gov/articles/PMC7715708/		fulltext/sasaki_2020_pmidPMC7715708.xml	brainstem;convection_enhanced_delivery;dipg_dmg;systemic_bbb_pharmacology;meeting_abstract	fulltext_xml
convection_enhanced_delivery	Sasaki T, Katagi H, Goldman S, Becher OJ, Hashizume R.	Convection-Enhanced Delivery of Enhancer of Zeste Homolog-2 (EZH2) Inhibitor for the Treatment of Diffuse Intrinsic Pontine Glioma	Neurosurgery	2020	32674144	10.1093/neuros/nyaa301	PMC7666886	https://pmc.ncbi.nlm.nih.gov/articles/PMC7666886/			brainstem;convection_enhanced_delivery;dipg_dmg;systemic_bbb_pharmacology	metadata_only
convection_enhanced_delivery	Sasaki T, Katagi H, Oren B, Stewart G, Nakao N, Hashizume R.	ET-03 Convection-enhanced delivery of EZH2 inhibitor for the treatment of diffuse midline glioma	Neuro-oncology advances	2020			PMC7699134	https://pmc.ncbi.nlm.nih.gov/articles/PMC7699134/		fulltext/sasaki_2020_pmidPMC7699134.xml	brainstem;convection_enhanced_delivery;dipg_dmg;systemic_bbb_pharmacology	fulltext_xml
convection_enhanced_delivery	Szychot E, Walker D, Collins P, Hyare H, Shankar A, Bienemann A, Hollingworth M, Gill S.	DIPG-82. CLINICAL EXPERIENCE OF CONVECTION ENHANCED DELIVERY (CED) OF CARBOPLATIN AND SODIUM VALPROATE INTO THE PONS FOR THE TREATMENT OF DIFFUSE INTRINSIC PONTINE GLIOMA (DIPG) IN CHILDREN AND YOUNG ADULTS AFTER RADIOTHERAPY	Neuro-oncology	2020			PMC7715416	https://pmc.ncbi.nlm.nih.gov/articles/PMC7715416/		fulltext/szychot_2020_pmidPMC7715416.xml	brainstem;convection_enhanced_delivery;dipg_dmg;radiation_combined;systemic_bbb_pharmacology;meeting_abstract	fulltext_xml
convection_enhanced_delivery	Tosi U, Kommidi H, Adeuyan O, Guo H, Maachani UB, Chen N, Su T, Zhang G, Pisapia DJ, Dahmane N, Ting R, Souweidane MM.	PET, image-guided HDAC inhibition of pediatric diffuse midline glioma improves survival in murine models	Science advances	2020	32832670	10.1126/sciadv.abb4105	PMC7439439	https://pmc.ncbi.nlm.nih.gov/articles/PMC7439439/		fulltext/tosi_2020_pmid32832670.xml	convection_enhanced_delivery;dipg_dmg;imaging_dosimetry_modeling;implant_depot_device;systemic_bbb_pharmacology	fulltext_xml
convection_enhanced_delivery	Tosi U, Souweidane M.	Convection Enhanced Delivery for Diffuse Intrinsic Pontine Glioma: Review of a Single Institution Experience	Pharmaceutics	2020	32674336	10.3390/pharmaceutics12070660	PMC7407112	https://pmc.ncbi.nlm.nih.gov/articles/PMC7407112/		fulltext/tosi_2020_pmid32674336.xml	brainstem;convection_enhanced_delivery;dipg_dmg;systemic_bbb_pharmacology	fulltext_xml
convection_enhanced_delivery	Tosi U, Souweidane MM.	Longitudinal Monitoring of Gd-DTPA Following Convection Enhanced Delivery in the Brainstem	World neurosurgery	2020	32028001	10.1016/j.wneu.2020.01.199		https://doi.org/10.1016/j.wneu.2020.01.199			brainstem;convection_enhanced_delivery;dipg_dmg;imaging_dosimetry_modeling;systemic_bbb_pharmacology;viral_vector	metadata_only
convection_enhanced_delivery	Tsvankin V, Hashizume R, Katagi H, Herndon JE, Lascola C, Venkatraman TN, Picard D, Burrus B, Becher OJ, Thompson EM.	ABC Transporter Inhibition Plus Dexamethasone Enhances the Efficacy of Convection Enhanced Delivery in H3.3K27M Mutant Diffuse Intrinsic Pontine Glioma	Neurosurgery	2020	31225627	10.1093/neuros/nyz212	PMC7443593	https://pmc.ncbi.nlm.nih.gov/articles/PMC7443593/			brainstem;convection_enhanced_delivery;dipg_dmg;systemic_bbb_pharmacology	metadata_only
convection_enhanced_delivery	Wang JL, Barth RF, Cavaliere R, Puduvalli VK, Giglio P, Lonser RR, Elder JB.	Phase I trial of intracerebral convection-enhanced delivery of carboplatin for treatment of recurrent high-grade gliomas	PloS one	2020	33373402	10.1371/journal.pone.0244383	PMC7771668	https://pmc.ncbi.nlm.nih.gov/articles/PMC7771668/		fulltext/wang_2020_pmid33373402.xml	convection_enhanced_delivery;systemic_bbb_pharmacology	fulltext_xml
convection_enhanced_delivery	Zacharoulis S, Szalontay L, Higgins D, Englander Z, Jin Z, Garvin J, Zylber R, Stark E, Maddocks A, Sethi C, Canoll P, Dammnett S, Cook C, Feldstein N, Bruce J.	DDEL-07. A PHASE I STUDY EXAMINING THE FEASIBILITY OF INTERMITTENT CONVECTION-ENHANCED DELIVERY (CED) OF MTX110 FOR THE TREATMENT OF CHILDREN WITH NEWLY DIAGNOSED DIFFUSE MIDLINE GLIOMAS	Neuro-oncology	2020			PMC7715104	https://pmc.ncbi.nlm.nih.gov/articles/PMC7715104/		fulltext/zacharoulis_2020_pmidPMC7715104.xml	brainstem;convection_enhanced_delivery;dipg_dmg;implant_depot_device;meeting_abstract	fulltext_xml
convection_enhanced_delivery	Chang R, Tosi U, Voronina J, Adeuyan O, Wu LY, Schweitzer ME, Pisapia DJ, Becher OJ, Souweidane MM, Maachani UB.	Combined targeting of PI3K and MEK effector pathways via CED for DIPG therapy	Neuro-oncology advances	2019	32642647	10.1093/noajnl/vdz004	PMC7212917	https://pmc.ncbi.nlm.nih.gov/articles/PMC7212917/		fulltext/chang_2019_pmid32642647.xml	brainstem;convection_enhanced_delivery;dipg_dmg	fulltext_xml
convection_enhanced_delivery	Heiss JD, Argersinger DP, Theodore WH, Butman JA, Sato S, Khan OI.	Convection-Enhanced Delivery of Muscimol in Patients with Drug-Resistant Epilepsy	Neurosurgery	2019	30407567	10.1093/neuros/nyy480	PMC6704347	https://pmc.ncbi.nlm.nih.gov/articles/PMC6704347/			convection_enhanced_delivery;imaging_dosimetry_modeling;related_disease	metadata_only
convection_enhanced_delivery	Heiss JD, Jamshidi A, Shah S, Martin S, Wolters PL, Argersinger DP, Warren KE, Lonser RR.	Phase I trial of convection-enhanced delivery of IL13-Pseudomonas toxin in children with diffuse intrinsic pontine glioma	Journal of neurosurgery. Pediatrics	2019	30544335	10.3171/2018.9.peds17225	PMC7266009	https://pmc.ncbi.nlm.nih.gov/articles/PMC7266009/			brainstem;convection_enhanced_delivery;dipg_dmg;imaging_dosimetry_modeling	metadata_only
convection_enhanced_delivery	Himes BT, Zhang L, Daniels DJ.	Treatment Strategies in Diffuse Midline Gliomas With the H3K27M Mutation: The Role of Convection-Enhanced Delivery in Overcoming Anatomic Challenges	Frontiers in oncology	2019	30800634	10.3389/fonc.2019.00031	PMC6375835	https://pmc.ncbi.nlm.nih.gov/articles/PMC6375835/		fulltext/himes_2019_pmid30800634.xml	brainstem;convection_enhanced_delivery;dipg_dmg;systemic_bbb_pharmacology	fulltext_xml
convection_enhanced_delivery	Killick-Cole C, Woolley M, Johnson D, Lewis O, Skinner P, Bienemann A, Gill S.	SCIDOT-36. PREDICTIVE CED INFUSION VOLUMES FOR SURGICAL PLANNING AND INFUSION REGIME STRATEGIES	Neuro-oncology	2019			PMC6846196	https://pmc.ncbi.nlm.nih.gov/articles/PMC6846196/			convection_enhanced_delivery;dipg_dmg;implant_depot_device;surgical_access;systemic_bbb_pharmacology;meeting_abstract	metadata_only
convection_enhanced_delivery	Lu VM, Rechberger JS, Himes BT, Daniels DJ.	The 100 Most-Cited Articles About Convection-Enhanced Delivery to the Brain: A Bibliometric Analysis	World neurosurgery	2019	31150865	10.1016/j.wneu.2019.05.179		https://doi.org/10.1016/j.wneu.2019.05.179			convection_enhanced_delivery;systemic_bbb_pharmacology	metadata_only
convection_enhanced_delivery	Morgenstern PF, Zhou Z, Wembacher-Schröder E, Cina V, Tsiouris AJ, Souweidane MM.	Clinical tolerance of corticospinal tracts in convection-enhanced delivery to the brainstem	Journal of neurosurgery	2019	30579270	10.3171/2018.6.jns18854		https://doi.org/10.3171/2018.6.jns18854			brainstem;convection_enhanced_delivery;dipg_dmg;imaging_dosimetry_modeling;surgical_access	metadata_only
convection_enhanced_delivery	Power E, Rechberger J, Zhang L, Daniels D.	PDTM-30. UNDERSTANDING THE EFFECTS OF MOLECULAR SIZE ON VOLUME OF DISTRIBUTION IN CONVECTION-ENHANCED DELIVERY	Neuro-oncology	2019			PMC6847886	https://pmc.ncbi.nlm.nih.gov/articles/PMC6847886/			brainstem;convection_enhanced_delivery;dipg_dmg;imaging_dosimetry_modeling;meeting_abstract	metadata_only
convection_enhanced_delivery	Rechberger J, Power E, Zhang L, Olson I, Lu V, Daniels D.	SCIDOT-17. UNDERSTANDING THE EFFECTS OF MOLECULAR SIZE ON VOLUME OF DISTRIBUTION IN CONVECTION-ENHANCED DELIVERY	Neuro-oncology	2019			PMC6845508	https://pmc.ncbi.nlm.nih.gov/articles/PMC6845508/			brainstem;convection_enhanced_delivery;dipg_dmg;imaging_dosimetry_modeling;systemic_bbb_pharmacology;meeting_abstract	metadata_only
convection_enhanced_delivery	Sasaki T, Katagi H, Goldman S, Hashizume R.	EXTH-60. CONVECTION-ENHANCED DELIVERY OF EZH2 INHIBITOR FOR THE TREATMENT OF DIFFUSE INTRINSIC PONTINE GLIOMA	Neuro-oncology	2019			PMC6847477	https://pmc.ncbi.nlm.nih.gov/articles/PMC6847477/			brainstem;convection_enhanced_delivery;dipg_dmg;imaging_dosimetry_modeling;systemic_bbb_pharmacology;meeting_abstract	metadata_only
convection_enhanced_delivery	Stephen ZR, Chiarelli PA, Revia RA, Wang K, Kievit F, Dayringer C, Jeon M, Ellenbogen R, Zhang M.	Time-Resolved MRI Assessment of Convection-Enhanced Delivery by Targeted and Nontargeted Nanoparticles in a Human Glioblastoma Mouse Model	Cancer research	2019	31331912	10.1158/0008-5472.can-18-2998	PMC6744959	https://pmc.ncbi.nlm.nih.gov/articles/PMC6744959/			convection_enhanced_delivery;imaging_dosimetry_modeling;nanoparticle	metadata_only
convection_enhanced_delivery	Stine CA, Munson JM.	Convection-Enhanced Delivery: Connection to and Impact of Interstitial Fluid Flow	Frontiers in oncology	2019	31632905	10.3389/fonc.2019.00966	PMC6783516	https://pmc.ncbi.nlm.nih.gov/articles/PMC6783516/		fulltext/stine_2019_pmid31632905.xml	convection_enhanced_delivery;surgical_access;systemic_bbb_pharmacology	fulltext_xml
convection_enhanced_delivery	Tosi U, Kommidi H, Bellat V, Marnell CS, Guo H, Adeuyan O, Schweitzer ME, Chen N, Su T, Zhang G, Maachani UB, Pisapia DJ, Law B, Souweidane MM, Ting R.	Real-Time, in Vivo Correlation of Molecular Structure with Drug Distribution in the Brain Striatum Following Convection Enhanced Delivery	ACS chemical neuroscience	2019	30838861	10.1021/acschemneuro.8b00607		https://doi.org/10.1021/acschemneuro.8b00607			brainstem;convection_enhanced_delivery;dipg_dmg;systemic_bbb_pharmacology	metadata_only
convection_enhanced_delivery	Tosi U, Souweidane M.	BSTM-02. LONGITUDINAL MONITORING OF GD-DTPA FOLLOWING CONVECTION ENHANCED DELIVERY IN THE BRAIN STEM	Neuro-oncology	2019			PMC6477380	https://pmc.ncbi.nlm.nih.gov/articles/PMC6477380/			brainstem;convection_enhanced_delivery;dipg_dmg;imaging_dosimetry_modeling;systemic_bbb_pharmacology;viral_vector;meeting_abstract	metadata_only
convection_enhanced_delivery	Truffaux N, Yang X, Hadaczek P, Bankiewicz K, Damment S, Mueller S.	DIPG-23. EFFICACY OF THE SOLUBLE PANOBINOSTAT (MTX110) IN PRECLINICAL DIFFUSE INTRINSIC PONTINE GLIOMA (DIPG) MODELS	Neuro-oncology	2019			PMC6477314	https://pmc.ncbi.nlm.nih.gov/articles/PMC6477314/			brainstem;convection_enhanced_delivery;dipg_dmg;systemic_bbb_pharmacology;meeting_abstract	metadata_only
convection_enhanced_delivery	Woodall R, Hormuth D, Abdelmalik M, Wu C, Feng X, Phillips W, Bao A, Hughes T, Brenner A, Yankeelov T.	SCIDOT-38. DEVELOPMENT OF AN IMAGE-INFORMED MATHEMATICAL MODEL OF CONVECTION-ENHANCED DELIVERY OF NANOLIPOSOMES FOR INDIVIDUAL PATIENTS	Neuro-oncology	2019			PMC6846852	https://pmc.ncbi.nlm.nih.gov/articles/PMC6846852/			convection_enhanced_delivery;nanoparticle;meeting_abstract	metadata_only
convection_enhanced_delivery	Hollingworth M, Hurter C, Wooley M, Lewis O, Gill S, Zacharoulis S.	DIPG-65. PRELIMINARY EXPERIENCE OF CHRONIC INTERMITTENT CONVECTION ENHANCED DELIVERY OF CARBOPLATIN AND VALPROIC ACID FOR THE TREATMENT OF DIFFUSE INTRINSIC PONTINE GLIOMA FOLLOWING RADIATION THERAPY	Neuro-oncology	2018			PMC6012217	https://pmc.ncbi.nlm.nih.gov/articles/PMC6012217/			brainstem;convection_enhanced_delivery;dipg_dmg;implant_depot_device;radiation_combined;systemic_bbb_pharmacology;meeting_abstract	metadata_only
convection_enhanced_delivery	Singh R, Bellat V, Wang M, Schweitzer ME, Wu YL, Tung CH, Souweidane MM, Law B.	Volume of distribution and clearance of peptide-based nanofiber after convection-enhanced delivery	Journal of neurosurgery	2018	28885119	10.3171/2017.2.jns162273		https://doi.org/10.3171/2017.2.jns162273			convection_enhanced_delivery;imaging_dosimetry_modeling;nanoparticle	metadata_only
convection_enhanced_delivery	Singleton WGB, Bienemann AS, Woolley M, Johnson D, Lewis O, Wyatt MJ, Damment SJP, Boulter LJ, Killick-Cole CL, Asby DJ, Gill SS.	The distribution, clearance, and brainstem toxicity of panobinostat administered by convection-enhanced delivery	Journal of neurosurgery. Pediatrics	2018	29856296	10.3171/2018.2.peds17663		https://doi.org/10.3171/2018.2.peds17663			brainstem;convection_enhanced_delivery;dipg_dmg;systemic_bbb_pharmacology	metadata_only
convection_enhanced_delivery	Souweidane MM, Kramer K, Pandit-Taskar N, Zhou Z, Haque S, Zanzonico P, Carrasquillo JA, Lyashchenko SK, Thakur SB, Donzelli M, Turner RS, Lewis JS, Cheung NV, Larson SM, Dunkel IJ.	Convection-enhanced delivery for diffuse intrinsic pontine glioma: a single-centre, dose-escalation, phase 1 trial	The Lancet. Oncology	2018	29914796	10.1016/s1470-2045(18)30322-x	PMC6692905	https://pmc.ncbi.nlm.nih.gov/articles/PMC6692905/			brainstem;convection_enhanced_delivery;dipg_dmg;imaging_dosimetry_modeling;radiation_combined	metadata_only
convection_enhanced_delivery	Young JS, Bernal G, Polster SP, Nunez L, Larsen GF, Mansour N, Podell M, Yamini B.	Convection-Enhanced Delivery of Polymeric Nanoparticles Encapsulating Chemotherapy in Canines with Spontaneous Supratentorial Tumors	World neurosurgery	2018	29960096	10.1016/j.wneu.2018.06.114	PMC6113082	https://pmc.ncbi.nlm.nih.gov/articles/PMC6113082/			convection_enhanced_delivery;nanoparticle;systemic_bbb_pharmacology	metadata_only
convection_enhanced_delivery	Freeman A, Platt S, Robinson K, Howerth E, Eagleson J, Bouras A, Kaluzova M, Hadjipanayis C.	SCDT-48. CONVECTION-ENHANCED DELIVERY OF CETUXIMAB CONJUGATED IRON-OXIDE NANOPARTICLES FOR TREATMENT OF SPONTANEOUS CANINE INTRACRANIAL GLIOMAS	Neuro-oncology	2017			PMC5692959	https://pmc.ncbi.nlm.nih.gov/articles/PMC5692959/			convection_enhanced_delivery;nanoparticle;systemic_bbb_pharmacology;meeting_abstract	metadata_only
convection_enhanced_delivery	Ivasyk I, Morgenstern P, Wembacher-Schroeder E, Souweidane M.	DIPG-37. INFLUENCE OF AN INTRA-TUMORAL CYST ON DRUG DISTRIBUTION BY CONVECTION ENHANCED DELIVERY	Neuro-oncology	2017			PMC5475003	https://pmc.ncbi.nlm.nih.gov/articles/PMC5475003/			brainstem;convection_enhanced_delivery;dipg_dmg;imaging_dosimetry_modeling;radiation_combined;meeting_abstract	metadata_only
convection_enhanced_delivery	Ivasyk I, Morgenstern PF, Wembacher-Schroeder E, Souweidane MM.	Influence of an intratumoral cyst on drug distribution by convection-enhanced delivery: case report	Journal of neurosurgery. Pediatrics	2017	28686124	10.3171/2017.5.peds1774		https://doi.org/10.3171/2017.5.peds1774			brainstem;convection_enhanced_delivery;dipg_dmg;imaging_dosimetry_modeling;radiation_combined	metadata_only
convection_enhanced_delivery	Mehta AM, Sonabend AM, Bruce JN.	Convection-Enhanced Delivery	Neurotherapeutics : the journal of the American Society for Experimental NeuroTherapeutics	2017	28299724	10.1007/s13311-017-0520-4	PMC5398992	https://pmc.ncbi.nlm.nih.gov/articles/PMC5398992/			convection_enhanced_delivery;systemic_bbb_pharmacology	metadata_only
convection_enhanced_delivery	Morgenstern P, Wembacher-Schroeder E, Souweidane M.	DIPG-38. CORTICOSPINAL TRACT TOLERANCE TO CATHETER POSITIONING FOR CONVECTION ENHANCED DELIVERY IN THE BRAIN STEM	Neuro-oncology	2017			PMC5475018	https://pmc.ncbi.nlm.nih.gov/articles/PMC5475018/			brainstem;convection_enhanced_delivery;dipg_dmg;radiation_combined;surgical_access;meeting_abstract	metadata_only
convection_enhanced_delivery	Morgenstern P, Wembacher-Schroeder E, Cina V, Souweidane M.	SURG-09. CORTICOSPINAL TRACT TOLERANCE TO CATHETER POSITIONING FOR CONVECTION ENHANCED DELIVERY IN THE BRAIN STEM	Neuro-oncology	2017			PMC5691955	https://pmc.ncbi.nlm.nih.gov/articles/PMC5691955/			brainstem;convection_enhanced_delivery;dipg_dmg;radiation_combined;surgical_access;meeting_abstract	metadata_only
convection_enhanced_delivery	Rossmeisl J, Herpai D, Robertson J, Dickinson P, Tatter S, Debinski W.	P08.12 Tolerability and initial efficacy of convection-enhanced delivery of combinatorial IL-13RA2 and EphA2 targeted cytotoxins to dogs with spontaneous intracranial malignant gliomas	Neuro-oncology	2017			PMC5464154	https://pmc.ncbi.nlm.nih.gov/articles/PMC5464154/			convection_enhanced_delivery	metadata_only
convection_enhanced_delivery	Singleton W, Bienemann A, Woolley M, Johnson D, Lewis O, Wyatt M, Damment S, Boulter L, Killick-Cole C, Asby D, Gill S.	PDTM-14. THE DISTRIBUTION, CLEARANCE AND TOXICITY OF PANOBINOSTAT ADMINISTERED TO JUVENILE RAT AND PIG BRAINSTEM BY CONVECTION ENHANCED DELIVERY	Neuro-oncology	2017			PMC5692209	https://pmc.ncbi.nlm.nih.gov/articles/PMC5692209/			brainstem;convection_enhanced_delivery;dipg_dmg;systemic_bbb_pharmacology;meeting_abstract	metadata_only
convection_enhanced_delivery	Singleton W, Bienemann A, Wooley M, Johnson D, Lewis O, Wyatt M, White L, Damment S, Killick-Cole C, Asby D, Gill S.	TRTH-07. THE DISTRIBUTION, CLEARANCE AND TOXICITY OF PANOBINOSTAT ADMINISTERED TO JUVENILE RAT AND PIG BRAINSTEM BY CONVECTION ENHANCED DELIVERY	Neuro-oncology	2017			PMC5475195	https://pmc.ncbi.nlm.nih.gov/articles/PMC5475195/			brainstem;convection_enhanced_delivery;dipg_dmg;systemic_bbb_pharmacology;meeting_abstract	metadata_only
convection_enhanced_delivery	Singleton WG, Collins AM, Bienemann AS, Killick-Cole CL, Haynes HR, Asby DJ, Butts CP, Wyatt MJ, Barua NU, Gill SS.	Convection enhanced delivery of panobinostat (LBH589)-loaded pluronic nano-micelles prolongs survival in the F98 rat glioma model	International journal of nanomedicine	2017	28260886	10.2147/ijn.s125300	PMC5327904	https://pmc.ncbi.nlm.nih.gov/articles/PMC5327904/		fulltext/singleton_2017_pmid28260886.xml	convection_enhanced_delivery;imaging_dosimetry_modeling;nanoparticle;systemic_bbb_pharmacology	fulltext_xml
convection_enhanced_delivery	Tsvankin V, Lascola C, Venkatraman T, Burrus B, Becher O, Thompson E.	PDTM-10. SYSTEMIC AND CONVECTION-ENHANCED DELIVERY OF DASATINIB EXTENDS SURVIVAL IN MURINE HISTONE H3.3K27M MUTANT BRAINSTEM GLIOMA	Neuro-oncology	2017			PMC5692704	https://pmc.ncbi.nlm.nih.gov/articles/PMC5692704/			brainstem;convection_enhanced_delivery;dipg_dmg;imaging_dosimetry_modeling;systemic_bbb_pharmacology;meeting_abstract	metadata_only
convection_enhanced_delivery	Vogelbaum M, Brewer C.	OS04.2 First in human study of the Cleveland Multiport Catheter and convection enhanced delivery of topotecan and gadolinium for recurrent GBM: Updated results	Neuro-oncology	2017			PMC5463604	https://pmc.ncbi.nlm.nih.gov/articles/PMC5463604/			convection_enhanced_delivery;imaging_dosimetry_modeling;surgical_access;systemic_bbb_pharmacology	metadata_only
convection_enhanced_delivery	Vogelbaum M, Mohammadi A, Brewer C, Peereboom D, Ahluwalia M.	SURG-10. CONVECTION ENHANCED DELIVERY OF TOPOTECAN AND GADOLINIUM FOR RECURRENT GBM VIA THE CLEVELAND MULTIPORT CATHETER: A FIRST IN HUMAN STUDY	Neuro-oncology	2017			PMC5692110	https://pmc.ncbi.nlm.nih.gov/articles/PMC5692110/			convection_enhanced_delivery;imaging_dosimetry_modeling;surgical_access;meeting_abstract	metadata_only
convection_enhanced_delivery	Wang M, Kommidi H, Tosi U, Guo H, Zhou Z, Schweitzer ME, Wu LY, Singh R, Hou S, Law B, Ting R, Souweidane MM.	A Murine Model for Quantitative, Real-Time Evaluation of Convection-Enhanced Delivery (RT-CED) Using an 18[F]-Positron Emitting, Fluorescent Derivative of Dasatinib	Molecular cancer therapeutics	2017	28978723	10.1158/1535-7163.mct-17-0423	PMC6287766	https://pmc.ncbi.nlm.nih.gov/articles/PMC6287766/			brainstem;convection_enhanced_delivery;imaging_dosimetry_modeling;systemic_bbb_pharmacology	metadata_only
convection_enhanced_delivery	Wembacher-Schroeder E, Zhou Z, Pandit-Tasker N, Souweidane M.	SCDT-49. VALUE OF T2-WEIGHTED MR IMAGING TO EVALUATE DRUG DISTRIBUTION THE BRAIN STEM OF CHILDREN	Neuro-oncology	2017			PMC5692380	https://pmc.ncbi.nlm.nih.gov/articles/PMC5692380/			brainstem;convection_enhanced_delivery;dipg_dmg;imaging_dosimetry_modeling;surgical_access;meeting_abstract	metadata_only
convection_enhanced_delivery	Zhou Z, Singh R, Souweidane MM.	Convection-Enhanced Delivery for Diffuse Intrinsic Pontine Glioma Treatment	Current neuropharmacology	2017	27306036	10.2174/1570159x14666160614093615	PMC5327456	https://pmc.ncbi.nlm.nih.gov/articles/PMC5327456/		fulltext/zhou_2017_pmid27306036.xml	antibody_conjugate_shuttle;brainstem;convection_enhanced_delivery;dipg_dmg;systemic_bbb_pharmacology	fulltext_xml
convection_enhanced_delivery	Bao X, Chandramohan V, Reynolds RP, Norton JN, Wetsel WC, Rodriguiz RM, Aryal DK, McLendon RE, Levin ED, Petry NA, Zalutsky MR, Burnett BK, Kuan CT, Pastan IH, Bigner DD.	Preclinical toxicity evaluation of a novel immunotoxin, D2C7-(scdsFv)-PE38KDEL, administered via intracerebral convection-enhanced delivery in rats	Investigational new drugs	2016	26728879	10.1007/s10637-015-0318-3	PMC4788550	https://pmc.ncbi.nlm.nih.gov/articles/PMC4788550/			antibody_conjugate_shuttle;convection_enhanced_delivery	metadata_only
convection_enhanced_delivery	Bao X, Pastan I, Bigner DD, Chandramohan V.	EGFR/EGFRvIII-targeted immunotoxin therapy for the treatment of glioblastomas via convection-enhanced delivery	Receptors & clinical investigation	2016	28286803	10.14800/rci.1430	PMC5341612	https://pmc.ncbi.nlm.nih.gov/articles/PMC5341612/			antibody_conjugate_shuttle;convection_enhanced_delivery	metadata_only
convection_enhanced_delivery	Barua NU, Hopkins K, Woolley M, O'Sullivan S, Harrison R, Edwards RJ, Bienemann AS, Wyatt MJ, Arshad A, Gill SS.	A novel implantable catheter system with transcutaneous port for intermittent convection-enhanced delivery of carboplatin for recurrent glioblastoma	Drug delivery	2016	24786643	10.3109/10717544.2014.908248		https://doi.org/10.3109/10717544.2014.908248			convection_enhanced_delivery;implant_depot_device;surgical_access;systemic_bbb_pharmacology	metadata_only
convection_enhanced_delivery	Guisado DI, Singh R, Minkowitz S, Zhou Z, Haque S, Peck KK, Young RJ, Tsiouris AJ, Souweidane MM, Thakur SB.	A Novel Methodology for Applying Multivoxel MR Spectroscopy to Evaluate Convection-Enhanced Drug Delivery in Diffuse Intrinsic Pontine Gliomas	AJNR. American journal of neuroradiology	2016	26939629	10.3174/ajnr.a4713	PMC4947015	https://pmc.ncbi.nlm.nih.gov/articles/PMC4947015/			brainstem;convection_enhanced_delivery;dipg_dmg	metadata_only
convection_enhanced_delivery	Halle B, Marcusson EG, Aaberg-Jessen C, Jensen SS, Meyer M, Schulz MK, Andersen C, Kristensen BW.	Convection-enhanced delivery of an anti-miR is well-tolerated, preserves anti-miR stability and causes efficient target de-repression: a proof of concept	Journal of neuro-oncology	2016	26428358	10.1007/s11060-015-1947-2		https://doi.org/10.1007/s11060-015-1947-2			convection_enhanced_delivery	metadata_only
convection_enhanced_delivery	Lewis O, Woolley M, Johnson D, Rosser A, Barua NU, Bienemann AS, Gill SS, Evans S.	Chronic, intermittent convection-enhanced delivery devices	Journal of neuroscience methods	2016	26617320	10.1016/j.jneumeth.2015.11.008		https://doi.org/10.1016/j.jneumeth.2015.11.008			brainstem;convection_enhanced_delivery;dipg_dmg;systemic_bbb_pharmacology	metadata_only
convection_enhanced_delivery	Lin M, Panditharatna E, Kambhampati M, Ho C, Magge S, Keating R, Packer R, Souweidane M, Nazarian J.	HG-91TOPOGRAPHIC HISTOLOGICAL AND MOLECULAR STUDIES OF DIFFUSE INTRINSIC PONTINE GLIOMA TREATED WITH CONVECTION ENHANCED DELIVERY	Neuro-oncology	2016			PMC4903464	https://pmc.ncbi.nlm.nih.gov/articles/PMC4903464/			brainstem;convection_enhanced_delivery;dipg_dmg	metadata_only
convection_enhanced_delivery	Mano Y, Saito R, Haga Y, Matsunaga T, Zhang R, Chonan M, Haryu S, Shoji T, Sato A, Sonoda Y, Tsuruoka N, Nishiyachi K, Sumiyoshi A, Nonaka H, Kawashima R, Tominaga T.	Intraparenchymal ultrasound application and improved distribution of infusate with convection-enhanced delivery in rodent and nonhuman primate brain	Journal of neurosurgery	2016	26495939	10.3171/2015.3.jns142152		https://doi.org/10.3171/2015.3.jns142152			convection_enhanced_delivery;imaging_dosimetry_modeling;systemic_bbb_pharmacology	metadata_only
convection_enhanced_delivery	Saucier-Sawyer JK, Seo YE, Gaudin A, Quijano E, Song E, Sawyer AJ, Deng Y, Huttner A, Saltzman WM.	Distribution of polymer nanoparticles by convection-enhanced delivery to brain tumors	Journal of controlled release : official journal of the Controlled Release Society	2016	27063424	10.1016/j.jconrel.2016.04.006	PMC4893898	https://pmc.ncbi.nlm.nih.gov/articles/PMC4893898/			convection_enhanced_delivery;imaging_dosimetry_modeling;nanoparticle;systemic_bbb_pharmacology	metadata_only
convection_enhanced_delivery	Sewing A, Lagerweij T, van Vuurden D, Veringa S, Vandertop W, Noske D, Wesseling P, Kaspers G, Hulleman E.	HG-94TOXICITY AND EFFICACY OF CONVECTION-ENHANCED DELIVERY WITH LIPOSOMAL DOXORUBICIN IN DIPG AND THALAMIC PEDIATRIC HIGH GRADE GLIOMA MODELS	Neuro-oncology	2016			PMC4903467	https://pmc.ncbi.nlm.nih.gov/articles/PMC4903467/			convection_enhanced_delivery;dipg_dmg;nanoparticle	metadata_only
convection_enhanced_delivery	Shi M, Fortin D, Paquette B, Sanche L.	Convection-enhancement delivery of liposomal formulation of oxaliplatin shows less toxicity than oxaliplatin yet maintains a similar median survival time in F98 glioma-bearing rat model	Investigational new drugs	2016	26961906	10.1007/s10637-016-0340-0	PMC5173352	https://pmc.ncbi.nlm.nih.gov/articles/PMC5173352/			convection_enhanced_delivery;implant_depot_device;nanoparticle;radiation_combined	metadata_only
convection_enhanced_delivery	Singh R, Zhou Z, Tisnado J, Haque S, Peck KK, Young RJ, Tsiouris AJ, Thakur SB, Souweidane MM.	A novel magnetic resonance imaging segmentation technique for determining diffuse intrinsic pontine glioma tumor volume	Journal of neurosurgery. Pediatrics	2016	27391980	10.3171/2016.4.peds16132	PMC5498312	https://pmc.ncbi.nlm.nih.gov/articles/PMC5498312/			brainstem;convection_enhanced_delivery;dipg_dmg	metadata_only
convection_enhanced_delivery	Singleton W, Barua N, Morgan J, Bienemann A, Killick-Cole C, Asby D, Edwards R, Lowis S, Gill S.	NS-21MULTI-CATHETER INTERMITTENT CONVECTION-ENHANCED DELIVERY OF CARBOPLATIN AS A TREATMENT FOR DIFFUSE INTRINSIC PONTINE GLIOMA (DIPG): PRE-CLINICAL RATIONALE AND EARLY CLINICAL EXPERIENCE	Neuro-oncology	2016			PMC4903696	https://pmc.ncbi.nlm.nih.gov/articles/PMC4903696/			brainstem;convection_enhanced_delivery;dipg_dmg	metadata_only
convection_enhanced_delivery	Tizi K, Wembacher E, Thomson R, Donzelli M, Vaconcellos E, Souweidane M.	HG-105DEFORMATIONAL CHANGES IN THE HUMAN BRAIN STEM FROM CONVECTION ENHANCED DELIVERY (CED)	Neuro-oncology	2016			PMC4903364	https://pmc.ncbi.nlm.nih.gov/articles/PMC4903364/			brainstem;convection_enhanced_delivery	metadata_only
convection_enhanced_delivery	Zhang R, Saito R, Mano Y, Sumiyoshi A, Kanamori M, Sonoda Y, Kawashima R, Tominaga T.	Convection-enhanced delivery of SN-38-loaded polymeric micelles (NK012) enables consistent distribution of SN-38 and is effective against rodent intracranial brain tumor models	Drug delivery	2016	26330269	10.3109/10717544.2015.1081994		https://doi.org/10.3109/10717544.2015.1081994			convection_enhanced_delivery;imaging_dosimetry_modeling;nanoparticle	metadata_only
convection_enhanced_delivery	Zou Z, Yin Y, Lin J, Hsu LC, Brandon VL, Yang F, Jove R, Jandial R, Li G, Chen MY.	Convection-enhanced delivery of sorafenib and suppression of tumor progression in a murine model of brain melanoma through the inhibition of signal transducer and activator of transcription 3	Journal of neurosurgery	2016	26544779	10.3171/2015.3.jns132040		https://doi.org/10.3171/2015.3.jns132040			convection_enhanced_delivery	metadata_only
convection_enhanced_delivery	van Putten EH, Wembacher-Schröder E, Smits M, Dirven CM.	Magnetic Resonance Imaging-Based Assessment of Gadolinium-Conjugated Diethylenetriamine Penta-Acetic Acid Test-Infusion in Detecting Dysfunction of Convection-Enhanced Delivery Catheters	World neurosurgery	2016	26862025	10.1016/j.wneu.2016.02.003		https://doi.org/10.1016/j.wneu.2016.02.003			convection_enhanced_delivery;imaging_dosimetry_modeling;viral_vector	metadata_only
convection_enhanced_delivery	Arshad A, Yang B, Bienemann AS, Barua NU, Wyatt MJ, Woolley M, Johnson DE, Edler KJ, Gill SS.	Convection-Enhanced Delivery of Carboplatin PLGA Nanoparticles for the Treatment of Glioblastoma	PloS one	2015	26186224	10.1371/journal.pone.0132266	PMC4506141	https://pmc.ncbi.nlm.nih.gov/articles/PMC4506141/		fulltext/arshad_2015_pmid26186224.xml	convection_enhanced_delivery;nanoparticle	fulltext_xml
convection_enhanced_delivery	Barua NU, Bienemann AS, Woolley M, Wyatt MJ, Johnson D, Lewis O, Irving C, Pritchard G, Gill S.	Convection-enhanced delivery of MANF--volume of distribution analysis in porcine putamen and substantia nigra	Journal of the neurological sciences	2015	26276514	10.1016/j.jns.2015.08.003		https://doi.org/10.1016/j.jns.2015.08.003			convection_enhanced_delivery;imaging_dosimetry_modeling;implant_depot_device;related_disease	metadata_only
convection_enhanced_delivery	Chittiboina P, Heiss JD, Lonser RR.	Accuracy of direct magnetic resonance imaging-guided placement of drug infusion cannulae	Journal of neurosurgery	2015	25594325	10.3171/2014.11.jns131888	PMC5121928	https://pmc.ncbi.nlm.nih.gov/articles/PMC5121928/			brainstem;convection_enhanced_delivery	metadata_only
convection_enhanced_delivery	Ho SL, Singh R, Zhou Z, Lavi E, Souweidane MM.	Toxicity evaluation of prolonged convection-enhanced delivery of small-molecule kinase inhibitors in naïve rat brainstem	Child's nervous system : ChNS : official journal of the International Society for Pediatric Neurosurgery	2015	25269544	10.1007/s00381-014-2568-3		https://doi.org/10.1007/s00381-014-2568-3			brainstem;convection_enhanced_delivery	metadata_only
convection_enhanced_delivery	Vogelbaum MA, Aghi MK.	Convection-enhanced delivery for the treatment of glioblastoma	Neuro-oncology	2015	25746090	10.1093/neuonc/nou354	PMC4483037	https://pmc.ncbi.nlm.nih.gov/articles/PMC4483037/			convection_enhanced_delivery;implant_depot_device;surgical_access	metadata_only
convection_enhanced_delivery	Wang W, Sivakumar W, Torres S, Jhaveri N, Vaikari VP, Gong A, Howard A, Golden EB, Louie SG, Schönthal AH, Hofman FM, Chen TC.	Effects of convection-enhanced delivery of bevacizumab on survival of glioma-bearing animals	Neurosurgical focus	2015	25727230	10.3171/2015.1.focus14743		https://doi.org/10.3171/2015.1.focus14743			convection_enhanced_delivery;implant_depot_device	metadata_only
convection_enhanced_delivery	Zhou Z, Ho SL, Singh R, Pisapia DJ, Souweidane MM.	Toxicity evaluation of convection-enhanced delivery of small-molecule kinase inhibitors in naïve mouse brainstem	Child's nervous system : ChNS : official journal of the International Society for Pediatric Neurosurgery	2015	25712742	10.1007/s00381-015-2640-7		https://doi.org/10.1007/s00381-015-2640-7			brainstem;convection_enhanced_delivery;dipg_dmg	metadata_only
convection_enhanced_delivery		CONVECTION-ENHANCED DELIVERY OF NIMUSTINE HYDROCHLORIDE FOR BRAINSTEM MALIGNANT GLIOMA: CURRENT STUDY AND DEVELOPMENT OF NEW DEVICE	Neuro-oncology	2014			PMC4144572	https://pmc.ncbi.nlm.nih.gov/articles/PMC4144572/			brainstem;convection_enhanced_delivery;imaging_dosimetry_modeling	metadata_only
convection_enhanced_delivery		OP38ROBOT-ASSISTED CONVECTION-ENHANCED DELIVERY OF CARBOPLATIN FOR PROGRESSIVE DIPG - A SAFETY AND FEASIBILITY REPORT OF 5 CASES	Neuro-oncology	2014			PMC4200982	https://pmc.ncbi.nlm.nih.gov/articles/PMC4200982/			convection_enhanced_delivery;dipg_dmg;imaging_dosimetry_modeling;implant_depot_device;radiation_combined;surgical_access	metadata_only
convection_enhanced_delivery		P27DEVELOPMENT OF AN IMPLANTABLE CATHETER AND BONE-ANCHORED PORT FOR INTERMITTENT CONVECTION-ENHANCED DELIVERY OF CARBOPLATIN FOR RECURRENT HIGH GRADE GLIOMA	Neuro-oncology	2014			PMC4200902	https://pmc.ncbi.nlm.nih.gov/articles/PMC4200902/			convection_enhanced_delivery;imaging_dosimetry_modeling;implant_depot_device	metadata_only
convection_enhanced_delivery		AT-25A PHASE I STUDY OF CONVECTION-ENHANCED DELIVERY OF LIPOSOMAL-IRINOTECAN USING REAL-TIME IMAGING WITH GADOLINIUM IN PATIENTS WITH RECURRENT HIGH GRADE GLIOMA	Neuro-oncology	2014			PMC4217803	https://pmc.ncbi.nlm.nih.gov/articles/PMC4217803/			convection_enhanced_delivery;imaging_dosimetry_modeling;nanoparticle;systemic_bbb_pharmacology	metadata_only
convection_enhanced_delivery		A PHASE I STUDY OF CONVECTION-ENHANCED DELIVERY OF LIPOSOMAL-IRINOTECAN USING REAL-TIME IMAGING WITH GADOLINIUM IN PATIENTS WITH RECURRENT HIGH GRADE GLIOMA	Neuro-oncology	2014			PMC4144513	https://pmc.ncbi.nlm.nih.gov/articles/PMC4144513/			convection_enhanced_delivery;imaging_dosimetry_modeling;nanoparticle;systemic_bbb_pharmacology	metadata_only
convection_enhanced_delivery	Chittiboina P, Heiss JD, Warren KE, Lonser RR.	Magnetic resonance imaging properties of convective delivery in diffuse intrinsic pontine gliomas	Journal of neurosurgery. Pediatrics	2014	24410126	10.3171/2013.11.peds136	PMC4294184	https://pmc.ncbi.nlm.nih.gov/articles/PMC4294184/			brainstem;convection_enhanced_delivery;dipg_dmg;imaging_dosimetry_modeling	metadata_only
convection_enhanced_delivery	Emborg ME, Hurley SA, Joers V, Tromp do PM, Swanson CR, Ohshima-Hosoyama S, Bondarenko V, Cummisford K, Sonnemans M, Hermening S, Blits B, Alexander AL.	Titer and product affect the distribution of gene expression after intraputaminal convection-enhanced delivery	Stereotactic and functional neurosurgery	2014	24943657	10.1159/000360584	PMC4127999	https://pmc.ncbi.nlm.nih.gov/articles/PMC4127999/			convection_enhanced_delivery;viral_vector;related_disease	metadata_only
convection_enhanced_delivery	Luther N, Zhou Z, Zanzonico P, Cheung NK, Humm J, Edgar MA, Souweidane MM.	The potential of theragnostic ¹²⁴I-8H9 convection-enhanced delivery in diffuse intrinsic pontine glioma	Neuro-oncology	2014	24526309	10.1093/neuonc/not298	PMC4022223	https://pmc.ncbi.nlm.nih.gov/articles/PMC4022223/			brainstem;convection_enhanced_delivery;dipg_dmg;imaging_dosimetry_modeling;radiation_combined	metadata_only
convection_enhanced_delivery	Oberg JA, Dave AN, Bruce JN, Sands SA.	Neurocognitive functioning and quality of life in patients with recurrent malignant gliomas treated on a phase Ib trial evaluating topotecan by convection-enhanced delivery	Neuro-oncology practice	2014	26034621	10.1093/nop/npu014	PMC4369696	https://pmc.ncbi.nlm.nih.gov/articles/PMC4369696/			convection_enhanced_delivery	metadata_only
convection_enhanced_delivery	Sewing AC, Caretti V, Lagerweij T, Schellen P, Jansen MH, van Vuurden DG, Idema S, Molthoff CF, Vandertop WP, Kaspers GJ, Noske DP, Hulleman E.	Convection enhanced delivery of carmustine to the murine brainstem: a feasibility study	Journal of neuroscience methods	2014	25263805	10.1016/j.jneumeth.2014.09.020		https://doi.org/10.1016/j.jneumeth.2014.09.020			brainstem;convection_enhanced_delivery;dipg_dmg	metadata_only
convection_enhanced_delivery	Sonabend AM, Carminucci AS, Amendolara B, Bansal M, Leung R, Lei L, Realubit R, Li H, Karan C, Yun J, Showers C, Rothcock R, O J, Califano A, Canoll P, Bruce JN.	Convection-enhanced delivery of etoposide is effective against murine proneural glioblastoma	Neuro-oncology	2014	24637229	10.1093/neuonc/nou026	PMC4136893	https://pmc.ncbi.nlm.nih.gov/articles/PMC4136893/			convection_enhanced_delivery	metadata_only
convection_enhanced_delivery	Souweidane MM.	Editorial: Convection-enhanced delivery for diffuse intrinsic pontine glioma	Journal of neurosurgery. Pediatrics	2014	24410123	10.3171/2013.10.peds13421		https://doi.org/10.3171/2013.10.peds13421			brainstem;convection_enhanced_delivery;dipg_dmg	metadata_only
convection_enhanced_delivery	Stephen ZR, Kievit FM, Veiseh O, Chiarelli PA, Fang C, Wang K, Hatzinger SJ, Ellenbogen RG, Silber JR, Zhang M.	Redox-responsive magnetic nanoparticle for targeted convection-enhanced delivery of O6-benzylguanine to brain tumors	ACS nano	2014	25247850	10.1021/nn503735w	PMC4212796	https://pmc.ncbi.nlm.nih.gov/articles/PMC4212796/		fulltext/stephen_2014_pmid25247850.xml	convection_enhanced_delivery;imaging_dosimetry_modeling;nanoparticle;systemic_bbb_pharmacology	fulltext_xml
convection_enhanced_delivery	Suzuki A, Leland P, Kobayashi H, Choyke PL, Jagoda EM, Inoue T, Joshi BH, Puri RK.	Analysis of biodistribution of intracranially infused radiolabeled interleukin-13 receptor-targeted immunotoxin IL-13PE by SPECT/CT in an orthotopic mouse model of human glioma	Journal of nuclear medicine : official publication, Society of Nuclear Medicine	2014	24947060	10.2967/jnumed.114.138404	PMC8372197	https://pmc.ncbi.nlm.nih.gov/articles/PMC8372197/			antibody_conjugate_shuttle;convection_enhanced_delivery;imaging_dosimetry_modeling;implant_depot_device;radiation_combined	metadata_only
convection_enhanced_delivery	Tsujiuchi T, Natsume A, Motomura K, Kondo G, Ranjit M, Hachisu R, Sugimura I, Tomita S, Takehara I, Woolley M, Barua NU, Gill SS, Bienemann AS, Yamashita Y, Toyokuni S, Wakabayashi T.	Preclinical evaluation of an O(6)-methylguanine-DNA methyltransferase-siRNA/liposome complex administered by convection-enhanced delivery to rat and porcine brains	American journal of translational research	2014	24489997		PMC3902228	https://pmc.ncbi.nlm.nih.gov/articles/PMC3902228/			convection_enhanced_delivery;nanoparticle	metadata_only
convection_enhanced_delivery	Xi G, Robinson E, Mania-Farnell B, Vanin EF, Shim KW, Takao T, Allender EV, Mayanil CS, Soares MB, Ho D, Tomita T.	Convection-enhanced delivery of nanodiamond drug delivery platforms for intracranial tumor treatment	Nanomedicine : nanotechnology, biology, and medicine	2014	23916888	10.1016/j.nano.2013.07.013		https://doi.org/10.1016/j.nano.2013.07.013			convection_enhanced_delivery	metadata_only
convection_enhanced_delivery	Anderson RC, Kennedy B, Yanes CL, Garvin J, Needle M, Canoll P, Feldstein NA, Bruce JN.	Convection-enhanced delivery of topotecan into diffuse intrinsic brainstem tumors in children	Journal of neurosurgery. Pediatrics	2013	23240851	10.3171/2012.10.peds12142	PMC7227321	https://pmc.ncbi.nlm.nih.gov/articles/PMC7227321/			brainstem;convection_enhanced_delivery;dipg_dmg;surgical_access	metadata_only
convection_enhanced_delivery	Barua NU, Lowis SP, Woolley M, O'Sullivan S, Harrison R, Gill SS.	Robot-guided convection-enhanced delivery of carboplatin for advanced brainstem glioma	Acta neurochirurgica	2013	23595829	10.1007/s00701-013-1700-6		https://doi.org/10.1007/s00701-013-1700-6			brainstem;convection_enhanced_delivery;dipg_dmg;imaging_dosimetry_modeling;implant_depot_device;radiation_combined;systemic_bbb_pharmacology	metadata_only
convection_enhanced_delivery	Barua NU, Woolley M, Bienemann AS, Johnson DE, Lewis O, Wyatt MJ, Irving C, O'Sullivan S, Murray G, Fennelly C, Skinner P, Gill SS.	Intermittent convection-enhanced delivery to the brain through a novel transcutaneous bone-anchored port	Journal of neuroscience methods	2013	23419699	10.1016/j.jneumeth.2013.02.007		https://doi.org/10.1016/j.jneumeth.2013.02.007			convection_enhanced_delivery;implant_depot_device;related_disease	metadata_only
convection_enhanced_delivery	Brady ML, Raghavan R, Alexander A, Kubota K, Sillay K, Emborg ME.	Pathways of infusate loss during convection-enhanced delivery into the putamen nucleus	Stereotactic and functional neurosurgery	2013	23344643	10.1159/000342492	PMC3716010	https://pmc.ncbi.nlm.nih.gov/articles/PMC3716010/			convection_enhanced_delivery;surgical_access;related_disease	metadata_only
convection_enhanced_delivery	Schomberg D, Wang A, Marshall H, Miranpuri G, Sillay K.	Ramped-rate vs continuous-rate infusions: An in vitro comparison of convection enhanced delivery protocols	Annals of neurosciences	2013	25206014	10.5214/ans.0972.7531.200206	PMC4117103	https://pmc.ncbi.nlm.nih.gov/articles/PMC4117103/		fulltext/schomberg_2013_pmid25206014.xml	convection_enhanced_delivery;systemic_bbb_pharmacology;related_disease	fulltext_xml
convection_enhanced_delivery	Sillay K, Hinchman A, Kumbier L, Schomberg D, Ross C, Kubota K, Brady M, Brodsky E, Miranpuri G, Raghavan R.	Strategies for the delivery of multiple collinear infusion clouds in convection-enhanced delivery in the treatment of Parkinson's disease	Stereotactic and functional neurosurgery	2013	23445991	10.1159/000345270		https://doi.org/10.1159/000345270			convection_enhanced_delivery;related_disease	metadata_only
convection_enhanced_delivery	Sillay K, Hinchman A, Akture E, Salamat S, Miranpuri G, Williams J, Berndt D.	Convection enhanced delivery to the Brain: preparing for gene therapy and protein delivery to the Brain for functional and restorative Neurosurgery by understanding low-flow neurocatheter infusions using the Alaris(®) system infusion pump	Annals of neurosciences	2013	25206013	10.5214/ans.0972.7531.200205	PMC4117106	https://pmc.ncbi.nlm.nih.gov/articles/PMC4117106/		fulltext/sillay_2013_pmid25206013.xml	convection_enhanced_delivery;viral_vector;related_disease	fulltext_xml
convection_enhanced_delivery	Sugiyama S, Saito R, Funamoto K, Nakayama T, Sonoda Y, Yamashita Y, Inoue T, Kumabe T, Hayase T, Tominaga T.	Computational simulation of convection-enhanced drug delivery in the non-human primate brainstem: a simple model predicting the drug distribution	Neurological research	2013	23676199	10.1179/1743132813y.0000000215		https://doi.org/10.1179/1743132813y.0000000215			brainstem;convection_enhanced_delivery	metadata_only
convection_enhanced_delivery	Yin D, Zhai Y, Gruber HE, Ibanez CE, Robbins JM, Kells AP, Kasahara N, Forsayeth J, Jolly DJ, Bankiewicz KS.	Convection-enhanced delivery improves distribution and efficacy of tumor-selective retroviral replicating vectors in a rodent brain tumor model	Cancer gene therapy	2013	23703472	10.1038/cgt.2013.25	PMC3733370	https://pmc.ncbi.nlm.nih.gov/articles/PMC3733370/		fulltext/yin_2013_pmid23703472.xml	convection_enhanced_delivery	fulltext_xml
convection_enhanced_delivery	van der Bom IM, Moser RP, Gao G, Mondo E, O'Connell D, Gounis MJ, McGowan S, Chaurette J, Bishop N, Sena-Esteves MS, Mueller C, Aronin N.	Finding the striatum in sheep: use of a multi-modal guided approach for convection enhanced delivery	Journal of Huntington's disease	2013	25063428	10.3233/jhd-130053		https://doi.org/10.3233/jhd-130053			convection_enhanced_delivery;viral_vector;related_disease	metadata_only
convection_enhanced_delivery	Barua NU, Miners JS, Bienemann AS, Wyatt MJ, Welser K, Tabor AB, Hailes HC, Love S, Gill SS.	Convection-enhanced delivery of neprilysin: a novel amyloid-β-degrading therapeutic strategy	Journal of Alzheimer's disease : JAD	2012	22751177	10.3233/jad-2012-120658		https://doi.org/10.3233/jad-2012-120658			convection_enhanced_delivery;viral_vector;related_disease	metadata_only
convection_enhanced_delivery	Kim JH, Astary GW, Nobrega TL, Kantorovich S, Carney PR, Mareci TH, Sarntinoranont M.	Dynamic contrast-enhanced MRI of Gd-albumin delivery to the rat hippocampus in vivo by convection-enhanced delivery	Journal of neuroscience methods	2012	22687936	10.1016/j.jneumeth.2012.05.024	PMC4192715	https://pmc.ncbi.nlm.nih.gov/articles/PMC4192715/			brainstem;convection_enhanced_delivery;systemic_bbb_pharmacology	metadata_only
convection_enhanced_delivery	Ksendzovsky A, Walbridge S, Saunders RC, Asthagiri AR, Heiss JD, Lonser RR.	Convection-enhanced delivery of M13 bacteriophage to the brain	Journal of neurosurgery	2012	22606981	10.3171/2012.4.jns111528	PMC3786326	https://pmc.ncbi.nlm.nih.gov/articles/PMC3786326/			convection_enhanced_delivery;imaging_dosimetry_modeling;nanoparticle;related_disease	metadata_only
convection_enhanced_delivery	Miranpuri GS, Kumbier L, Hinchman A, Schomberg D, Wang A, Marshall H, Kubota K, Ross C, Sillay K.	Gene-based therapy of Parkinson's Disease: Translation from animal model to human clinical trial employing convection enhanced delivery	Annals of neurosciences	2012	25205986	10.5214/ans.0972.7531.190310	PMC4117084	https://pmc.ncbi.nlm.nih.gov/articles/PMC4117084/		fulltext/miranpuri_2012_pmid25205986.xml	convection_enhanced_delivery;viral_vector;related_disease	fulltext_xml
convection_enhanced_delivery	Saito R, Tominaga T.	Convection-enhanced delivery: from mechanisms to clinical drug delivery for diseases of the central nervous system	Neurologia medico-chirurgica	2012	22976134	10.2176/nmc.52.531		https://doi.org/10.2176/nmc.52.531			convection_enhanced_delivery;systemic_bbb_pharmacology	metadata_only
convection_enhanced_delivery	Shahar T, Ram Z, Kanner AA.	Convection-enhanced delivery catheter placements for high-grade gliomas: complications and pitfalls	Journal of neuro-oncology	2012	22052334	10.1007/s11060-011-0751-x		https://doi.org/10.1007/s11060-011-0751-x			convection_enhanced_delivery;surgical_access;systemic_bbb_pharmacology	metadata_only
convection_enhanced_delivery	Sillay K, Schomberg D, Hinchman A, Kumbier L, Ross C, Kubota K, Brodsky E, Miranpuri G.	Benchmarking the ERG valve tip and MRI Interventions Smart Flow neurocatheter convection-enhanced delivery system's performance in a gel model of the brain: employing infusion protocols proposed for gene therapy for Parkinson's disease	Journal of neural engineering	2012	22331865	10.1088/1741-2560/9/2/026009		https://doi.org/10.1088/1741-2560/9/2/026009			convection_enhanced_delivery;imaging_dosimetry_modeling;related_disease	metadata_only
convection_enhanced_delivery	Stiles DK, Zhang Z, Ge P, Nelson B, Grondin R, Ai Y, Hardy P, Nelson PT, Guzaev AP, Butt MT, Charisse K, Kosovrasti V, Tchangov L, Meys M, Maier M, Nechev L, Manoharan M, Kaemmerer WF, Gwost D, Stewart GR, Gash DM, Sah DW.	Widespread suppression of huntingtin with convection-enhanced delivery of siRNA	Experimental neurology	2012	22119622	10.1016/j.expneurol.2011.11.020		https://doi.org/10.1016/j.expneurol.2011.11.020			convection_enhanced_delivery;radiation_combined;related_disease	metadata_only
convection_enhanced_delivery	Sugiyama S, Saito R, Nakamura T, Yamashita Y, Yokosawa M, Sonoda Y, Kumabe T, Watanabe M, Tominaga T.	Safety and feasibility of convection-enhanced delivery of nimustine hydrochloride co-infused with free gadolinium for real-time monitoring in the primate brain	Neurological research	2012	22709625	10.1179/1743132812y.0000000050		https://doi.org/10.1179/1743132812y.0000000050			convection_enhanced_delivery	metadata_only
convection_enhanced_delivery	White E, Bienemann A, Pugh J, Castrique E, Wyatt M, Taylor H, Cox A, McLeod C, Gill S.	An evaluation of the safety and feasibility of convection-enhanced delivery of carboplatin into the white matter as a potential treatment for high-grade glioma	Journal of neuro-oncology	2012	22476649	10.1007/s11060-012-0833-4		https://doi.org/10.1007/s11060-012-0833-4			convection_enhanced_delivery;radiation_combined	metadata_only
convection_enhanced_delivery	White E, Bienemann A, Taylor H, Hopkins K, Cameron A, Gill S.	A phase I trial of carboplatin administered by convection-enhanced delivery to patients with recurrent/progressive glioblastoma multiforme	Contemporary clinical trials	2012	22101221	10.1016/j.cct.2011.10.010		https://doi.org/10.1016/j.cct.2011.10.010			convection_enhanced_delivery;implant_depot_device;radiation_combined;systemic_bbb_pharmacology	metadata_only
convection_enhanced_delivery	Xi G, Rajaram V, Mania-Farnell B, Mayanil CS, Soares MB, Tomita T, Goldman S.	Efficacy of vincristine administered via convection-enhanced delivery in a rodent brainstem tumor model documented by bioluminescence imaging	Child's nervous system : ChNS : official journal of the International Society for Pediatric Neurosurgery	2012	22282078	10.1007/s00381-012-1690-3		https://doi.org/10.1007/s00381-012-1690-3			brainstem;convection_enhanced_delivery;systemic_bbb_pharmacology	metadata_only
convection_enhanced_delivery	Fiandaca MS, Berger MS, Bankiewicz KS.	The use of convection-enhanced delivery with liposomal toxins in neurooncology	Toxins	2011	22069714	10.3390/toxins3040369	PMC3202827	https://pmc.ncbi.nlm.nih.gov/articles/PMC3202827/		fulltext/fiandaca_2011_pmid22069714.xml	convection_enhanced_delivery;implant_depot_device;nanoparticle	fulltext_xml
convection_enhanced_delivery	Gimenez F, Krauze MT, Valles F, Hadaczek P, Bringas J, Sharma N, Forsayeth J, Bankiewicz KS.	Image-guided convection-enhanced delivery of GDNF protein into monkey putamen	NeuroImage	2011	20080195	10.1016/j.neuroimage.2010.01.023		https://doi.org/10.1016/j.neuroimage.2010.01.023			convection_enhanced_delivery;nanoparticle;related_disease	metadata_only
convection_enhanced_delivery	Lam MF, Thomas MG, Lind CR.	Neurosurgical convection-enhanced delivery of treatments for Parkinson's disease	Journal of clinical neuroscience : official journal of the Neurosurgical Society of Australasia	2011	21745745	10.1016/j.jocn.2011.01.012		https://doi.org/10.1016/j.jocn.2011.01.012			convection_enhanced_delivery;implant_depot_device;related_disease	metadata_only
convection_enhanced_delivery	Mehta AI, Choi BD, Raghavan R, Brady M, Friedman AH, Bigner DD, Pastan I, Sampson JH.	Imaging of convection enhanced delivery of toxins in humans	Toxins	2011	22069706	10.3390/toxins3030201	PMC3202819	https://pmc.ncbi.nlm.nih.gov/articles/PMC3202819/		fulltext/mehta_2011_pmid22069706.xml	antibody_conjugate_shuttle;convection_enhanced_delivery;systemic_bbb_pharmacology	fulltext_xml
convection_enhanced_delivery	Miyata S, Kawabata S, Hiramatsu R, Doi A, Ikeda N, Yamashita T, Kuroiwa T, Kasaoka S, Maruyama K, Miyatake S.	Computed tomography imaging of transferrin targeting liposomes encapsulating both boron and iodine contrast agents by convection-enhanced delivery to F98 rat glioma for boron neutron capture therapy	Neurosurgery	2011	21273928	10.1227/neu.0b013e31820b52aa		https://doi.org/10.1227/neu.0b013e31820b52aa			convection_enhanced_delivery;imaging_dosimetry_modeling;nanoparticle;radiation_combined	metadata_only
convection_enhanced_delivery	Richardson RM, Gimenez F, Salegio EA, Su X, Bringas J, Berger MS, Bankiewicz KS.	T2 imaging in monitoring of intraparenchymal real-time convection-enhanced delivery	Neurosurgery	2011	21430597	10.1227/neu.0b013e318217217e		https://doi.org/10.1227/neu.0b013e318217217e			brainstem;convection_enhanced_delivery;imaging_dosimetry_modeling;viral_vector	metadata_only
convection_enhanced_delivery	Saito R, Sonoda Y, Kumabe T, Nagamatsu K, Watanabe M, Tominaga T.	Regression of recurrent glioblastoma infiltrating the brainstem after convection-enhanced delivery of nimustine hydrochloride	Journal of neurosurgery. Pediatrics	2011	21529193	10.3171/2011.2.peds10407		https://doi.org/10.3171/2011.2.peds10407			brainstem;convection_enhanced_delivery;imaging_dosimetry_modeling;radiation_combined	metadata_only
convection_enhanced_delivery	Sindhwani N, Ivanchenko O, Lueshen E, Prem K, Linninger AA.	Methods for determining agent concentration profiles in agarose gel during convection-enhanced delivery	IEEE transactions on bio-medical engineering	2011	21342811	10.1109/tbme.2010.2089455		https://doi.org/10.1109/tbme.2010.2089455			convection_enhanced_delivery;related_disease	metadata_only
convection_enhanced_delivery	Sonabend AM, Stuart RM, Yun J, Yanagihara T, Mohajed H, Dashnaw S, Bruce SS, Brown T, Romanov A, Sebastian M, Arias-Mendoza F, Bagiella E, Canoll P, Bruce JN.	Prolonged intracerebral convection-enhanced delivery of topotecan with a subcutaneously implantable infusion pump	Neuro-oncology	2011	21750007	10.1093/neuonc/nor051	PMC3145467	https://pmc.ncbi.nlm.nih.gov/articles/PMC3145467/			convection_enhanced_delivery;imaging_dosimetry_modeling;implant_depot_device	metadata_only
convection_enhanced_delivery	Tromp DP, Adluru N, Alexander AL, Emborg ME.	SIMULATING CONVECTION-ENHANCED DELIVERY IN THE PUTAMEN USING PROBABILISTIC TRACTOGRAPHY	Proceedings. IEEE International Symposium on Biomedical Imaging	2011	27795809	10.1109/isbi.2011.5872523	PMC5082279	https://pmc.ncbi.nlm.nih.gov/articles/PMC5082279/			convection_enhanced_delivery;systemic_bbb_pharmacology;related_disease	metadata_only
convection_enhanced_delivery	White E, Bienemann A, Taylor H, Castrique E, Bunnun C, Wyatt M, Gill S.	An evaluation of site-specific immune responses directed against first-generation adenoviral vectors administered by convection-enhanced delivery	The journal of gene medicine	2011	21544905	10.1002/jgm.1567		https://doi.org/10.1002/jgm.1567			convection_enhanced_delivery	metadata_only
convection_enhanced_delivery	Yang W, Huo T, Barth RF, Gupta N, Weldon M, Grecula JC, Ross BD, Hoff BA, Chou TC, Rousseau J, Elleaume H.	Convection enhanced delivery of carboplatin in combination with radiotherapy for the treatment of brain tumors	Journal of neuro-oncology	2011	20577779	10.1007/s11060-010-0272-z	PMC4492111	https://pmc.ncbi.nlm.nih.gov/articles/PMC4492111/			convection_enhanced_delivery;implant_depot_device;radiation_combined	metadata_only
convection_enhanced_delivery	Bidros DS, Liu JK, Vogelbaum MA.	Future of convection-enhanced delivery in the treatment of brain tumors	Future oncology (London, England)	2010	20021213	10.2217/fon.09.135		https://doi.org/10.2217/fon.09.135			convection_enhanced_delivery;nanoparticle;radiation_combined;surgical_access	metadata_only
convection_enhanced_delivery	Debinski W, Tatter SB.	Convection-enhanced delivery to achieve widespread distribution of viral vectors: Predicting clinical implementation	Current opinion in molecular therapeutics	2010	21154156			https://pubmed.ncbi.nlm.nih.gov/21154156/			convection_enhanced_delivery;systemic_bbb_pharmacology;viral_vector	metadata_only
convection_enhanced_delivery	Ding D, Kanaly CW, Bigner DD, Cummings TJ, Herndon JE, Pastan I, Raghavan R, Sampson JH.	Convection-enhanced delivery of free gadolinium with the recombinant immunotoxin MR1-1	Journal of neuro-oncology	2010	19898744	10.1007/s11060-009-0046-7	PMC3082317	https://pmc.ncbi.nlm.nih.gov/articles/PMC3082317/			antibody_conjugate_shuttle;convection_enhanced_delivery;imaging_dosimetry_modeling;implant_depot_device;systemic_bbb_pharmacology	metadata_only
convection_enhanced_delivery	Luther N, Cheung NK, Souliopoulos EP, Karampelas I, Bassiri D, Edgar MA, Guo HF, Pastan I, Gutin PH, Souweidane MM.	Interstitial infusion of glioma-targeted recombinant immunotoxin 8H9scFv-PE38	Molecular cancer therapeutics	2010	20371725	10.1158/1535-7163.mct-09-0996	PMC4077038	https://pmc.ncbi.nlm.nih.gov/articles/PMC4077038/			antibody_conjugate_shuttle;brainstem;convection_enhanced_delivery	metadata_only
convection_enhanced_delivery	Su X, Kells AP, Salegio EA, Salegio EA, Richardson RM, Hadaczek P, Beyer J, Bringas J, Pivirotto P, Forsayeth J, Bankiewicz KS.	Real-time MR imaging with Gadoteridol predicts distribution of transgenes after convection-enhanced delivery of AAV2 vectors	Molecular therapy : the journal of the American Society of Gene Therapy	2010	20551915	10.1038/mt.2010.114	PMC2927064	https://pmc.ncbi.nlm.nih.gov/articles/PMC2927064/			convection_enhanced_delivery;imaging_dosimetry_modeling;viral_vector;related_disease	metadata_only
convection_enhanced_delivery	Vinchon-Petit S, Jarnet D, Paillard A, Benoit JP, Garcion E, Menei P.	In vivo evaluation of intracellular drug-nanocarriers infused into intracranial tumours by convection-enhanced delivery: distribution and radiosensitisation efficacy	Journal of neuro-oncology	2010	19768659	10.1007/s11060-009-0012-4		https://doi.org/10.1007/s11060-009-0012-4			convection_enhanced_delivery;imaging_dosimetry_modeling;implant_depot_device;nanoparticle;radiation_combined	metadata_only
convection_enhanced_delivery	Yin D, Richardson RM, Fiandaca MS, Bringas J, Forsayeth J, Berger MS, Bankiewicz KS.	Cannula placement for effective convection-enhanced delivery in the nonhuman primate thalamus and brainstem: implications for clinical delivery of therapeutics	Journal of neurosurgery	2010	20367078	10.3171/2010.2.jns091744		https://doi.org/10.3171/2010.2.jns091744			brainstem;convection_enhanced_delivery;imaging_dosimetry_modeling	metadata_only
convection_enhanced_delivery	Yokosawa M, Sonoda Y, Sugiyama S, Saito R, Yamashita Y, Nishihara M, Satoh T, Kumabe T, Yokoyama M, Tominaga T.	Convection-enhanced delivery of a synthetic retinoid Am80, loaded into polymeric micelles, prolongs the survival of rats bearing intracranial glioblastoma xenografts	The Tohoku journal of experimental medicine	2010	20622491	10.1620/tjem.221.257		https://doi.org/10.1620/tjem.221.257			convection_enhanced_delivery;implant_depot_device;nanoparticle;systemic_bbb_pharmacology	metadata_only
convection_enhanced_delivery	Allard E, Passirani C, Benoit JP.	Convection-enhanced delivery of nanocarriers for the treatment of brain tumors	Biomaterials	2009	19168213	10.1016/j.biomaterials.2009.01.003		https://doi.org/10.1016/j.biomaterials.2009.01.003			convection_enhanced_delivery;nanoparticle;surgical_access	metadata_only
convection_enhanced_delivery	Dörner L, Nabavi A, Mehdorn HM.	Entry points for catheter placement in convection-enhanced delivery--a retrospective anatomic analysis	Minimally invasive neurosurgery : MIN	2009	20077363	10.1055/s-0029-1243259		https://doi.org/10.1055/s-0029-1243259			convection_enhanced_delivery;surgical_access	metadata_only
convection_enhanced_delivery	Grahn AY, Bankiewicz KS, Dugich-Djordjevic M, Bringas JR, Hadaczek P, Johnson GA, Eastman S, Luz M.	Non-PEGylated liposomes for convection-enhanced delivery of topotecan and gadodiamide in malignant glioma: initial experience	Journal of neuro-oncology	2009	19466380	10.1007/s11060-009-9917-1	PMC2759007	https://pmc.ncbi.nlm.nih.gov/articles/PMC2759007/		fulltext/grahn_2009_pmid19466380.xml	convection_enhanced_delivery;nanoparticle;systemic_bbb_pharmacology	fulltext_xml
convection_enhanced_delivery	Hall WA.	Convection-enhanced delivery: neurosurgical issues	Current drug targets	2009	19199908	10.2174/138945009787354575		https://doi.org/10.2174/138945009787354575			convection_enhanced_delivery;imaging_dosimetry_modeling;nanoparticle;systemic_bbb_pharmacology	metadata_only
convection_enhanced_delivery	Thomale UW, Tyler B, Renard VM, Dorfman B, Guarnieri M, Haberl HE, Jallo GI.	Local chemotherapy in the rat brainstem with multiple catheters: a feasibility study	Child's nervous system : ChNS : official journal of the International Society for Pediatric Neurosurgery	2009	18690465	10.1007/s00381-008-0684-7		https://doi.org/10.1007/s00381-008-0684-7			brainstem;convection_enhanced_delivery	metadata_only
convection_enhanced_delivery	Valles F, Fiandaca MS, Bringas J, Dickinson P, LeCouteur R, Higgins R, Berger M, Forsayeth J, Bankiewicz KS.	Anatomic compression caused by high-volume convection-enhanced delivery to the brain	Neurosurgery	2009	19687704	10.1227/01.neu.0000350229.77462.2f	PMC2745991	https://pmc.ncbi.nlm.nih.gov/articles/PMC2745991/			convection_enhanced_delivery;imaging_dosimetry_modeling;nanoparticle	metadata_only
convection_enhanced_delivery	Dickinson PJ, LeCouteur RA, Higgins RJ, Bringas JR, Roberts B, Larson RF, Yamashita Y, Krauze M, Noble CO, Drummond D, Kirpotin DB, Park JW, Berger MS, Bankiewicz KS.	Canine model of convection-enhanced delivery of liposomes containing CPT-11 monitored with real-time magnetic resonance imaging: laboratory investigation	Journal of neurosurgery	2008	18447717	10.3171/jns/2008/108/5/0989		https://doi.org/10.3171/jns/2008/108/5/0989			convection_enhanced_delivery;imaging_dosimetry_modeling;nanoparticle	metadata_only
convection_enhanced_delivery	Fiandaca MS, Forsayeth JR, Dickinson PJ, Bankiewicz KS.	Image-guided convection-enhanced delivery platform in the treatment of neurological diseases	Neurotherapeutics : the journal of the American Society for Experimental NeuroTherapeutics	2008	18164491	10.1016/j.nurt.2007.10.064	PMC2719019	https://pmc.ncbi.nlm.nih.gov/articles/PMC2719019/			convection_enhanced_delivery;nanoparticle	metadata_only
convection_enhanced_delivery	Jagannathan J, Walbridge S, Butman JA, Oldfield EH, Lonser RR.	Effect of ependymal and pial surfaces on convection-enhanced delivery	Journal of neurosurgery	2008	18759589	10.3171/jns/2008/109/9/0547	PMC2770702	https://pmc.ncbi.nlm.nih.gov/articles/PMC2770702/			brainstem;convection_enhanced_delivery;imaging_dosimetry_modeling	metadata_only
convection_enhanced_delivery	Kikuchi T, Saito R, Sugiyama S, Yamashita Y, Kumabe T, Krauze M, Bankiewicz K, Tominaga T.	Convection-enhanced delivery of polyethylene glycol-coated liposomal doxorubicin: characterization and efficacy in rat intracranial glioma models	Journal of neurosurgery	2008	18976076	10.3171/jns/2008/109/11/0867		https://doi.org/10.3171/jns/2008/109/11/0867			convection_enhanced_delivery;nanoparticle	metadata_only
convection_enhanced_delivery	Sugiyama S, Yamashita Y, Kikuchi T, Sonoda Y, Kumabe T, Tominaga T.	Enhanced antitumor effect of combined-modality treatment using convection-enhanced delivery of hydrophilic nitrosourea with irradiation or systemic administration of temozolomide in intracranial brain tumor xenografts	Neurological research	2008	18671903	10.1179/174313208x331581		https://doi.org/10.1179/174313208x331581			convection_enhanced_delivery;radiation_combined;systemic_bbb_pharmacology	metadata_only
convection_enhanced_delivery	Ferguson SD, Foster K, Yamini B.	Convection-enhanced delivery for treatment of brain tumors	Expert review of anticancer therapy	2007	18076322	10.1586/14737140.7.12s.s79		https://doi.org/10.1586/14737140.7.12s.s79			convection_enhanced_delivery;imaging_dosimetry_modeling;implant_depot_device;systemic_bbb_pharmacology	metadata_only
convection_enhanced_delivery	Krauze MT, Noble CO, Kawaguchi T, Drummond D, Kirpotin DB, Yamashita Y, Kullberg E, Forsayeth J, Park JW, Bankiewicz KS.	Convection-enhanced delivery of nanoliposomal CPT-11 (irinotecan) and PEGylated liposomal doxorubicin (Doxil) in rodent intracranial brain tumor xenografts	Neuro-oncology	2007	17652269	10.1215/15228517-2007-019	PMC1994096	https://pmc.ncbi.nlm.nih.gov/articles/PMC1994096/			convection_enhanced_delivery;nanoparticle;systemic_bbb_pharmacology	metadata_only
convection_enhanced_delivery	Lonser RR, Schiffman R, Robison RA, Butman JA, Quezado Z, Walker ML, Morrison PF, Walbridge S, Murray GJ, Park DM, Brady RO, Oldfield EH.	Image-guided, direct convective delivery of glucocerebrosidase for neuronopathic Gaucher disease	Neurology	2007	17065591	10.1212/01.wnl.0000247744.10990.e6		https://doi.org/10.1212/01.wnl.0000247744.10990.e6			brainstem;convection_enhanced_delivery;imaging_dosimetry_modeling	metadata_only
convection_enhanced_delivery	Lonser RR, Warren KE, Butman JA, Quezado Z, Robison RA, Walbridge S, Schiffman R, Merrill M, Walker ML, Park DM, Croteau D, Brady RO, Oldfield EH.	Real-time image-guided direct convective perfusion of intrinsic brainstem lesions. Technical note	Journal of neurosurgery	2007	17639894	10.3171/jns-07/07/0190		https://doi.org/10.3171/jns-07/07/0190			brainstem;convection_enhanced_delivery;imaging_dosimetry_modeling;surgical_access	metadata_only
convection_enhanced_delivery	Morrey JD, Siddharthan V, Olsen AL, Wang H, Julander JG, Hall JO, Li H, Nordstrom JL, Koenig S, Johnson S, Diamond MS.	Defining limits of treatment with humanized neutralizing monoclonal antibody for West Nile virus neurological infection in a hamster model	Antimicrobial agents and chemotherapy	2007	17452485	10.1128/aac.00147-07	PMC1913249	https://pmc.ncbi.nlm.nih.gov/articles/PMC1913249/			brainstem;convection_enhanced_delivery	metadata_only
convection_enhanced_delivery	Murad GJ, Walbridge S, Morrison PF, Szerlip N, Butman JA, Oldfield EH, Lonser RR.	Image-guided convection-enhanced delivery of gemcitabine to the brainstem	Journal of neurosurgery	2007	17410722	10.3171/jns.2007.106.2.351		https://doi.org/10.3171/jns.2007.106.2.351			brainstem;convection_enhanced_delivery;imaging_dosimetry_modeling	metadata_only
convection_enhanced_delivery	Vogelbaum MA.	Convection enhanced delivery for treating brain tumors and selected neurological disorders: symposium review	Journal of neuro-oncology	2007	17203397	10.1007/s11060-006-9308-9		https://doi.org/10.1007/s11060-006-9308-9			convection_enhanced_delivery;nanoparticle	metadata_only
convection_enhanced_delivery	Murad GJ, Walbridge S, Morrison PF, Garmestani K, Degen JW, Brechbiel MW, Oldfield EH, Lonser RR.	Real-time, image-guided, convection-enhanced delivery of interleukin 13 bound to pseudomonas exotoxin	Clinical cancer research : an official journal of the American Association for Cancer Research	2006	16707614	10.1158/1078-0432.ccr-05-2583		https://doi.org/10.1158/1078-0432.ccr-05-2583			brainstem;convection_enhanced_delivery;imaging_dosimetry_modeling	metadata_only
convection_enhanced_delivery	Noble CO, Krauze MT, Drummond DC, Yamashita Y, Saito R, Berger MS, Kirpotin DB, Bankiewicz KS, Park JW.	Novel nanoliposomal CPT-11 infused by convection-enhanced delivery in intracranial tumors: pharmacology and efficacy	Cancer research	2006	16510602	10.1158/0008-5472.can-05-3535		https://doi.org/10.1158/0008-5472.can-05-3535			convection_enhanced_delivery;nanoparticle	metadata_only
convection_enhanced_delivery	Saito R, Krauze MT, Noble CO, Drummond DC, Kirpotin DB, Berger MS, Park JW, Bankiewicz KS.	Convection-enhanced delivery of Ls-TPT enables an effective, continuous, low-dose chemotherapy against malignant glioma xenograft model	Neuro-oncology	2006	16723630	10.1215/15228517-2006-001	PMC1871954	https://pmc.ncbi.nlm.nih.gov/articles/PMC1871954/			convection_enhanced_delivery;imaging_dosimetry_modeling;nanoparticle;systemic_bbb_pharmacology	metadata_only
convection_enhanced_delivery	Lonser RR, Walbridge S, Murray GJ, Aizenberg MR, Vortmeyer AO, Aerts JM, Brady RO, Oldfield EH.	Convection perfusion of glucocerebrosidase for neuronopathic Gaucher's disease	Annals of neurology	2005	15786474	10.1002/ana.20444		https://doi.org/10.1002/ana.20444			brainstem;convection_enhanced_delivery;systemic_bbb_pharmacology	metadata_only
convection_enhanced_delivery	Souweidane MM, Occhiogrosso G, Mark EB, Edgar MA.	Interstitial infusion of IL13-PE38QQR in the rat brain stem	Journal of neuro-oncology	2004	15164984	10.1023/b:neon.0000024219.47447.91		https://doi.org/10.1023/b:neon.0000024219.47447.91			brainstem;convection_enhanced_delivery	metadata_only
convection_enhanced_delivery	Souweidane MM, Occhiogrosso G, Mark EB, Edgar MA, Dunkel IJ.	Interstitial infusion of carmustine in the rat brain stem with systemic administration of O6-benzylguanine	Journal of neuro-oncology	2004	15164987	10.1023/b:neon.0000024242.59770.7a		https://doi.org/10.1023/b:neon.0000024242.59770.7a			brainstem;convection_enhanced_delivery	metadata_only
convection_enhanced_delivery	Degen JW, Walbridge S, Vortmeyer AO, Oldfield EH, Lonser RR.	Safety and efficacy of convection-enhanced delivery of gemcitabine or carboplatin in a malignant glioma model in rats	Journal of neurosurgery	2003	14609170	10.3171/jns.2003.99.5.0893		https://doi.org/10.3171/jns.2003.99.5.0893			brainstem;convection_enhanced_delivery;implant_depot_device;systemic_bbb_pharmacology	metadata_only
convection_enhanced_delivery	Occhiogrosso G, Edgar MA, Sandberg DI, Souweidane MM.	Prolonged convection-enhanced delivery into the rat brainstem	Neurosurgery	2003	12535369	10.1227/01.neu.0000043696.83722.8d		https://doi.org/10.1227/01.neu.0000043696.83722.8d			brainstem;convection_enhanced_delivery	metadata_only
convection_enhanced_delivery	Lonser RR, Walbridge S, Garmestani K, Butman JA, Walters HA, Vortmeyer AO, Morrison PF, Brechbiel MW, Oldfield EH.	Successful and safe perfusion of the primate brainstem: in vivo magnetic resonance imaging of macromolecular distribution during infusion	Journal of neurosurgery	2002	12405380	10.3171/jns.2002.97.4.0905		https://doi.org/10.3171/jns.2002.97.4.0905			brainstem;convection_enhanced_delivery;imaging_dosimetry_modeling	metadata_only
convection_enhanced_delivery	Sandberg DI, Edgar MA, Souweidane MM.	Convection-enhanced delivery into the rat brainstem	Journal of neurosurgery	2002	12005396	10.3171/jns.2002.96.5.0885		https://doi.org/10.3171/jns.2002.96.5.0885			brainstem;convection_enhanced_delivery;imaging_dosimetry_modeling	metadata_only
focused_ultrasound	Abe K, Hori H, Hori T, Taira T.	Focused ultrasound therapy for neurological disease	Journal of medical ultrasonics (2001)	2026	41606354	10.1007/s10396-025-01602-8		https://doi.org/10.1007/s10396-025-01602-8			focused_ultrasound;imaging_dosimetry_modeling;systemic_bbb_pharmacology;related_disease	metadata_only
focused_ultrasound	Alrashidi M, Ferro F, Almohammadi A, Alyoubi NH, Alsarheed GS, Joseph J, Banerjee S.	Efficacy and safety of low- and high-intensity focused ultrasound in glioblastoma: a systematic review of preclinical and clinical studies	British journal of cancer	2026	41507561	10.1038/s41416-025-03325-6	PMC12996541	https://pmc.ncbi.nlm.nih.gov/articles/PMC12996541/		fulltext/alrashidi_2026_pmid41507561.xml	focused_ultrasound;nanoparticle;systemic_bbb_pharmacology	fulltext_xml
focused_ultrasound	Berton HS, Ray HD, Silva N, Boerwinkle VL, Dayton P, Roque D, Krishna V.	Focused Ultrasound Ablation for Neurological Disorders	Biological psychiatry	2026	42107848	10.1016/j.biopsych.2026.04.027	PMC13222645	https://pmc.ncbi.nlm.nih.gov/articles/PMC13222645/			focused_ultrasound;systemic_bbb_pharmacology;related_disease	metadata_only
focused_ultrasound	Dai Y, Mao J, Yang T, Luo J, Yan X, Yang G.	Application of Low-Intensity Focused Ultrasound in Parkinson's Disease	Ultrasound in medicine & biology	2026	42547356	10.1016/j.ultrasmedbio.2026.07.003		https://doi.org/10.1016/j.ultrasmedbio.2026.07.003			focused_ultrasound;systemic_bbb_pharmacology;related_disease	metadata_only
focused_ultrasound	De Maio A, Lin FH, Stefanovic B, O'Reilly MA.	Tissue-type Differences in Focused Ultrasound and Microbubble-mediated Drug Delivery to the Brain Exist at Vessel Level	Theranostics	2026	41356189	10.7150/thno.117691	PMC12680594	https://pmc.ncbi.nlm.nih.gov/articles/PMC12680594/		fulltext/de_2026_pmid41356189.xml	focused_ultrasound;systemic_bbb_pharmacology	fulltext_xml
focused_ultrasound	Elias WJ, Liu CC, Nwafor D, Finan PH, Quigg M, Moosa S.	Stereotactic Focused Ultrasound Mesencephalotomy for the Treatment of Head and Neck Cancer Pain	Stereotactic and functional neurosurgery	2026	40716439	10.1159/000547639	PMC12406951	https://pmc.ncbi.nlm.nih.gov/articles/PMC12406951/		fulltext/elias_2026_pmid40716439.xml	brainstem;focused_ultrasound	fulltext_xml
focused_ultrasound	Halabian N, Park C, Omoto L, Bocca LF, Palacios G, Wu K, Hamani C, Rabin J, Abrahao A, Davidson B, Lipsman N, Meng Y.	Focused ultrasound blood brain barrier opening for targeted therapeutics in neurodegenerative diseases	Biological psychiatry	2026	42468901	10.1016/j.biopsych.2026.07.008		https://doi.org/10.1016/j.biopsych.2026.07.008			focused_ultrasound;systemic_bbb_pharmacology;related_disease	metadata_only
focused_ultrasound	He Y, Sun Q, Wan Q, Zhou C, Liu R, Zhou J.	Experimental study of ultrasound combined with microbubbles augmenting the sonodynamic therapy of 5-aminolevulinic acid in glioma cells	Translational cancer research	2026	41969506	10.21037/tcr-2025-aw-2319	PMC13067035	https://pmc.ncbi.nlm.nih.gov/articles/PMC13067035/		fulltext/he_2026_pmid41969506.xml	focused_ultrasound	fulltext_xml
focused_ultrasound	Kofoed RH, Hvingelby VS, Pineda-Pardo JA, Blesa J, Paschen S, Tandon A, Joutsa J, Glud AN.	Focused Ultrasound for the Treatment of Circuit and Molecular Pathology in Parkinson's Disease	Movement disorders : official journal of the Movement Disorder Society	2026	41631726	10.1002/mds.70156	PMC13067311	https://pmc.ncbi.nlm.nih.gov/articles/PMC13067311/		fulltext/kofoed_2026_pmid41631726.xml	focused_ultrasound;systemic_bbb_pharmacology;related_disease	fulltext_xml
focused_ultrasound	Lee S, Chang JW.	From Ablation to Neuromodulation Platform: The Evolving Role of Magnetic Resonance-Guided Focused Ultrasound in Functional Neurosurgery	Journal of clinical neurology (Seoul, Korea)	2026	41517810	10.3988/jcn.2025.0563	PMC12802061	https://pmc.ncbi.nlm.nih.gov/articles/PMC12802061/		fulltext/lee_2026_pmid41517810.xml	focused_ultrasound;systemic_bbb_pharmacology	fulltext_xml
focused_ultrasound	Lin C, Llinas M, Lipsman N, Krumholtz S, Mithani K, Hynynen K, Rutka J.	Focused ultrasound in pediatric neuro-oncology: Current applications and future directions	Neuro-oncology advances	2026	42281805	10.1093/noajnl/vdaf019	PMC13250582	https://pmc.ncbi.nlm.nih.gov/articles/PMC13250582/		fulltext/lin_2026_pmid42281805.xml	brainstem;dipg_dmg;focused_ultrasound;systemic_bbb_pharmacology	fulltext_xml
focused_ultrasound	Liu X, Huangfu L, Wang L, Ding J, Li T, Liu Y, Yu Y, Zhang M, Dai Z, Zheng Y.	Sonodynamic therapy with chemo-radiotherapy in high-grade brainstem gliomas: A prospective phase IIa clinical trial	Photodiagnosis and photodynamic therapy	2026	41285303	10.1016/j.pdpdt.2025.105296		https://doi.org/10.1016/j.pdpdt.2025.105296			brainstem;focused_ultrasound;radiation_combined	metadata_only
focused_ultrasound	Liu Z, Zhao J, Ding Y, Yan Z, An H, Yu L, Kang Y, Ye X, Cai Y, Ye Q.	Quinone-amine sonosensitizer nanoplatform loaded with a GSDMD-activating agent for dual-pathway pyroptosis-augmented sonodynamic immunotherapy against glioblastoma	Acta biomaterialia	2026	42526822	10.1016/j.actbio.2026.07.053		https://doi.org/10.1016/j.actbio.2026.07.053			focused_ultrasound;nanoparticle;systemic_bbb_pharmacology	metadata_only
focused_ultrasound	Morse SV, Rohfleisch L, Geoghegan G, Sujarittam K, Rimer S, Chan TG, Kench T, Pereira MA, Liu QE, Mota B, Aleksynas R, Hervas LA, Packiyathasan V, Sankar R, Ji Z, Dogru OF, Chang WLK, Vilar R, Sastre M, Choi JJ.	Cobalt-Based Drug Delivery to the Brain using Rapid Short-Pulses of Focused Ultrasound and Microbubbles reduces Aβ aggregation in 5XFAD mice	Research Square	2026		10.21203/rs.3.rs-10332117/v1		https://doi.org/10.21203/rs.3.rs-10332117/v1			focused_ultrasound;systemic_bbb_pharmacology;related_disease	metadata_only
focused_ultrasound	Nabavizadeh A, Narsinh K, Kaufmann TJ, Liu H, Pouliopoulos AN, Prada F, Agarwal V, Ellingson BM, Sanvito F, Everson RG, Meng Y, Gandhi D, Chang SM, Wen PY, Ahluwalia MS, Sul N, Hadley L, LeBlang S, Shah BR, Arvanitis CD, Burns TC, Moosa S, Woodworth GF.	Focused Ultrasound in Brain Tumors: Mechanisms, Imaging Guidance, and Emerging Clinical Applications	AJNR. American journal of neuroradiology	2026	41360502	10.3174/ajnr.a9126		https://doi.org/10.3174/ajnr.a9126			brainstem;dipg_dmg;focused_ultrasound;systemic_bbb_pharmacology	metadata_only
focused_ultrasound	Phipps MA, Mishra A, Donovan CL, Newton AT, McKnight CD, Dockum AQ, Sigona MK, Yang PF, Caskey CF, Chen LM.	Magnetic Resonance Imaging Monitoring of the Safety of Repeated Low-Intensity Focused Ultrasound Exposure at Three Brain Locations	Neuromodulation : journal of the International Neuromodulation Society	2026	41175114	10.1016/j.neurom.2025.09.313	PMC13217579	https://pmc.ncbi.nlm.nih.gov/articles/PMC13217579/			brainstem;focused_ultrasound	metadata_only
focused_ultrasound	Putra MAR, Ghozali SAS, Annisa MF.	Focused ultrasound-induced blood-brain barrier modulation for drug delivery in recurrent glioblastoma: A systematic review	The Indian journal of medical research	2026	42397830	10.25259/ijmr_2529_2025		https://doi.org/10.25259/ijmr_2529_2025			focused_ultrasound;systemic_bbb_pharmacology	metadata_only
focused_ultrasound	Qin Z, Wang Z, Gao C, Yong X, Hua Y, Zhou Y, Xie J.	Ultrasound-mediated blood-brain barrier opening for targeted neurological drug delivery	Biomaterials advances	2026	41666521	10.1016/j.bioadv.2026.214754		https://doi.org/10.1016/j.bioadv.2026.214754			antibody_conjugate_shuttle;focused_ultrasound;imaging_dosimetry_modeling;nanoparticle;systemic_bbb_pharmacology	metadata_only
focused_ultrasound	Saladino GM, Martinez PJ, Wang J, Roudi R, Annio G, Airan RD, Daldrup-Link HE.	Transient blood-brain barrier opening by focused ultrasound enhances ferumoxytol accumulation in glioblastoma	Materials today. Bio	2026	42256082	10.1016/j.mtbio.2026.103280	PMC13242036	https://pmc.ncbi.nlm.nih.gov/articles/PMC13242036/		fulltext/saladino_2026_pmid42256082.xml	focused_ultrasound;nanoparticle;systemic_bbb_pharmacology	fulltext_xml
focused_ultrasound	Shemesh SZ, Kelmer P, Fay-Karmon T, Hassin-Baer S, Ungar L.	Resolution of chronic refractory migraine and development of burning mouth syndrome after focused ultrasound thalamotomy: illustrative case	Journal of neurosurgery. Case lessons	2026	42184431	10.3171/case251040	PMC13201974	https://pmc.ncbi.nlm.nih.gov/articles/PMC13201974/		fulltext/shemesh_2026_pmid42184431.xml	focused_ultrasound;related_disease	fulltext_xml
focused_ultrasound	Xiong Y, Yang M, Arkin M, Li Y, Duan C, Bian X, Lu H, Zhang L, Wang S, Ren X, Li X, Zhang M, Zhou X, Pan L, Lou X.	Deep learning-powered temperature prediction for optimizing transcranial MR-guided focused ultrasound treatment	Journal of neurosurgery	2026	40939202	10.3171/2025.5.jns25291		https://doi.org/10.3171/2025.5.jns25291			focused_ultrasound;related_disease	metadata_only
focused_ultrasound	Zhang D, Yue Y, Gong Y, Yang L, Xu K, Yuan J, Chen H.	Noninvasive enrichment of circulating tumor biomarkers in a mouse model of diffuse midline glioma using focused ultrasound	Neuro-oncology advances	2026	42281802	10.1093/noajnl/vdaf126	PMC13250583	https://pmc.ncbi.nlm.nih.gov/articles/PMC13250583/		fulltext/zhang_2026_pmid42281802.xml	brainstem;dipg_dmg;focused_ultrasound	fulltext_xml
focused_ultrasound	Chen JC, Chen CM, Aoh Y, Cheng YK, Lu MK, Tsai CH.	Immediate Motor Control Enhancement via Pallidothalamic Tract (PTT) Circuit Ablation: A Dual-Target MR-Guided Focused Ultrasound Approach for Tremor-Dominant Parkinson's Disease	European journal of neurology	2025	40888435	10.1111/ene.70345	PMC12400157	https://pmc.ncbi.nlm.nih.gov/articles/PMC12400157/		fulltext/chen_2025_pmid40888435.xml	focused_ultrasound;related_disease	fulltext_xml
focused_ultrasound	Filieri S, Miciaccia M, Armenise D, Baldelli OM, Liturri A, Ferorelli S, Sardanelli AM, Perrone MG, Scilimati A.	Can Focused Ultrasound Overcome the Failure of Chemotherapy in Treating Pediatric Diffuse Intrinsic Pontine Glioma Due to a Blood-Brain Barrier Obstacle?	Pharmaceuticals (Basel, Switzerland)	2025	40283959	10.3390/ph18040525	PMC12030708	https://pmc.ncbi.nlm.nih.gov/articles/PMC12030708/		fulltext/filieri_2025_pmid40283959.xml	brainstem;dipg_dmg;focused_ultrasound;radiation_combined;systemic_bbb_pharmacology	fulltext_xml
focused_ultrasound	Hersh AM, Jillala R, Kramer P, Keating RF, Syed HR, Oluigbo CO, Groves ML, Manbachi A, Theodore N, Woodworth GF, Cantor E, Senatus PB, Hersh DS.	Focused ultrasound in pediatric neurosurgery: a scoping review of opportunities and challenges	Child's nervous system : ChNS : official journal of the International Society for Pediatric Neurosurgery	2025	40500553	10.1007/s00381-025-06863-9		https://doi.org/10.1007/s00381-025-06863-9			brainstem;dipg_dmg;focused_ultrasound;systemic_bbb_pharmacology	metadata_only
focused_ultrasound	Holman R, McDannold N.	Identifying new therapeutics for focused ultrasound-enhanced drug delivery in the management of glioblastoma	Frontiers in oncology	2025	40182047	10.3389/fonc.2025.1507940	PMC11965939	https://pmc.ncbi.nlm.nih.gov/articles/PMC11965939/		fulltext/holman_2025_pmid40182047.xml	focused_ultrasound;systemic_bbb_pharmacology	fulltext_xml
focused_ultrasound	Huangfu L, Zha B, Li P, Wang L, Liu X, Cui H, Li Y, Wu J, Shi S, Yang Y, Sun X, Gao S, Li H, Yang D, Zheng Y.	A phase I clinical trial of sonodynamic therapy combined with radiotherapy for brainstem gliomas	International journal of cancer	2025	39377640	10.1002/ijc.35218		https://doi.org/10.1002/ijc.35218			brainstem;focused_ultrasound;radiation_combined	metadata_only
focused_ultrasound	Kamimura HAS, Sokolov A.	Transcranial magnetic resonance-guided focused ultrasound for neurological applications: industry challenges, innovations, and future directions	Journal of neural engineering	2025	40179892	10.1088/1741-2552/adc8d2		https://doi.org/10.1088/1741-2552/adc8d2			focused_ultrasound;related_disease	metadata_only
focused_ultrasound	Li W, Zha X, Zhang X, Dai H, Pu S, Yao X, Hui W, Xu R, Bao J, Yu J, Wei Y, Huang J, Guo N, Xu M, Zhao J, Cheng B, Luo Z.	Enhanced Positron Emission Tomography Imaging of β-Amyloid through Focused Ultrasound-Mediated Gallium-68 Radiotracer Delivery across the Blood-Brain Barrier	ACS chemical neuroscience	2025	40720733	10.1021/acschemneuro.5c00476		https://doi.org/10.1021/acschemneuro.5c00476			focused_ultrasound;imaging_dosimetry_modeling;radiation_combined;systemic_bbb_pharmacology;related_disease	metadata_only
focused_ultrasound	Lu VM, Niazi TN.	Clinical Trials of Focused Ultrasound for Brain Tumors	Cancers	2025	39941880	10.3390/cancers17030513	PMC11817304	https://pmc.ncbi.nlm.nih.gov/articles/PMC11817304/		fulltext/lu_2025_pmid39941880.xml	brainstem;dipg_dmg;focused_ultrasound;systemic_bbb_pharmacology	fulltext_xml
focused_ultrasound	Martínez-Fernández R, Paschen S, Del Álamo M, Rodríguez-Rojas R, Pineda-Pardo JA, Blesa J, Kaplitt MG, Deuschl G, Obeso JA.	Focused ultrasound therapy for movement disorders	The Lancet. Neurology	2025	40683278	10.1016/s1474-4422(25)00210-8		https://doi.org/10.1016/s1474-4422(25)00210-8			focused_ultrasound;systemic_bbb_pharmacology;related_disease	metadata_only
focused_ultrasound	Mishra A, Payne C, Carrascal-Miniño A, Sunassee K, Halbherr S, Pouliopoulos AN, T M de Rosales R.	PET imaging for non-invasive monitoring of 89Zr-Talidox delivery to the brain following focused ultrasound-mediated blood-brain barrier opening	Journal of controlled release : official journal of the Controlled Release Society	2025	40902668	10.1016/j.jconrel.2025.114183		https://doi.org/10.1016/j.jconrel.2025.114183			focused_ultrasound;imaging_dosimetry_modeling;nanoparticle;radiation_combined;systemic_bbb_pharmacology	metadata_only
focused_ultrasound	Qin W, He J, Zhou Y.	Potential mechanism and efficacy evaluation of transcranial focused ultrasound therapy for Alzheimer's disease	Journal of neuroscience methods	2025	40107366	10.1016/j.jneumeth.2025.110428		https://doi.org/10.1016/j.jneumeth.2025.110428			focused_ultrasound;systemic_bbb_pharmacology;related_disease	metadata_only
focused_ultrasound	Sanai N, Tovmasyan A, Tien AC, Chang YW, Margaryan T, Knight W, Hendrickson K, Eschbacher J, Harmon J, Hong A, Yoo W, Furey C, Marcus SL, Alhilali L, Barani I, Mirzadeh Z, Mehta S.	An early clinical trial of 5-ALA sonodynamic therapy in recurrent high-grade glioma	Science translational medicine	2025	41296829	10.1126/scitranslmed.ads5813		https://doi.org/10.1126/scitranslmed.ads5813			focused_ultrasound;systemic_bbb_pharmacology	metadata_only
focused_ultrasound	Shah BR, Tanabe J, Jordan JE, Kern D, Harward SC, Feltrin FS, O'Suilliebhain P, Sharma VD, Maldjian JA, Boutet A, Mattay R, Sugrue LP, Narsinh K, Hetts S, Shah LM, Druzgal J, Lehman VT, Lee K, Khanpara S, Lad S, Kaufmann TJ.	State of Practice on Transcranial MR-Guided Focused Ultrasound: A Report from the ASNR Standards and Guidelines Committee and ACR Commission on Neuroradiology Workgroup	AJNR. American journal of neuroradiology	2025	39572202	10.3174/ajnr.a8405	PMC11735448	https://pmc.ncbi.nlm.nih.gov/articles/PMC11735448/			focused_ultrasound;related_disease	metadata_only
focused_ultrasound	Woodworth GF, Anastasiadis P, Ozair A, Chabros J, Bettegowda C, Chen C, Gerstl JVE, Douville C, Mekary RA, Smith TR, Meng Y, Hawkins C, Pople CB, Abrahao A, Llinas M, Heyn C, Bunevicius A, Rezai AR, Ball AJS, Henry K, Sahgal A, Torio E, Ren H, Ahmad H, Arora H, Eisenberg H, Perry J, Carpenter JS, Hynynen K, Pham LC, Anketell MB, Lim-Fat MJ, Xu Z, Cifarelli CP, Sheehan JP, McDannold NJ, Gandhi D, Golby AJ, Lipsman N.	Microbubble-enhanced transcranial focused ultrasound with temozolomide for patients with high-grade glioma (BT008NA): a multicentre, open-label, phase 1/2 trial	The Lancet. Oncology	2025	41308679	10.1016/s1470-2045(25)00492-9	PMC12757104	https://pmc.ncbi.nlm.nih.gov/articles/PMC12757104/			focused_ultrasound;systemic_bbb_pharmacology	metadata_only
focused_ultrasound	Wu CC, Szalontay L, Pouliopoulos AN, Bae S, Berg X, Wei HJ, Webster Carrion A, Kokossis D, Sethi C, Fino J, Shatravka H, Lipina J, Ji R, Liu K, Yousefian O, Gallitto M, Yoh N, Englander Z, McQuillan N, Tazhibi M, De Los Santos G, Canoll P, Jin Z, Garvin J, Gartrell RD, Pavisic J, Maddocks A, Lignelli A, Feldstein N, Konofagou EE, Zacharoulis S.	Blood-brain barrier opening with neuronavigation-guided focused ultrasound in pediatric patients with diffuse midline glioma	Science translational medicine	2025	41223245	10.1126/scitranslmed.adq6645		https://doi.org/10.1126/scitranslmed.adq6645			dipg_dmg;focused_ultrasound;surgical_access;systemic_bbb_pharmacology	metadata_only
focused_ultrasound	Wu SK, Tsai CL, Mir A, Marcus SL, Hynynen K.	Repeated 5-aminolevulinic acid mediated sonodynamic therapy using magnetic resonance guided focused ultrasound in rat brain tumour models	Scientific reports	2025	39775160	10.1038/s41598-025-85314-6	PMC11707172	https://pmc.ncbi.nlm.nih.gov/articles/PMC11707172/		fulltext/wu_2025_pmid39775160.xml	focused_ultrasound;implant_depot_device	fulltext_xml
focused_ultrasound	Wu SK, Tsai CL, Mir A, Hynynen K.	MRI-guided focused ultrasound for treating Parkinson's disease with human mesenchymal stem cells	Scientific reports	2025	39815002	10.1038/s41598-025-85811-8	PMC11735764	https://pmc.ncbi.nlm.nih.gov/articles/PMC11735764/		fulltext/wu_2025_pmid39815002.xml	cell_therapy_delivery;focused_ultrasound;systemic_bbb_pharmacology;related_disease	fulltext_xml
focused_ultrasound	Yoo C, Kim J, Lee DY.	Sonodynamic Therapy With Orally Absorbable Nanomedicine for Brain Tumor	Brain tumor research and treatment	2025	41218813	10.14791/btrt.2025.0023	PMC12621860	https://pmc.ncbi.nlm.nih.gov/articles/PMC12621860/		fulltext/yoo_2025_pmid41218813.xml	focused_ultrasound;nanoparticle;radiation_combined;systemic_bbb_pharmacology	fulltext_xml
focused_ultrasound	Zoofaghari M, Damrath M, Veletić M, Balasingham I.	Empirical Model of Focused Ultrasound-Mediated Treatment for Chemotherapy Delivery to Brain Tumors	Ultrasound in medicine & biology	2025	40024829	10.1016/j.ultrasmedbio.2025.01.018		https://doi.org/10.1016/j.ultrasmedbio.2025.01.018			focused_ultrasound;systemic_bbb_pharmacology	metadata_only
focused_ultrasound	Zou S, Zhang Y, Mao S, Yuan M, Yang J.	Sonodynamic and magnetic targeting platelet-membrane biomimetic platform for glioblastoma therapy	Frontiers in bioengineering and biotechnology	2025	41064526	10.3389/fbioe.2025.1648167	PMC12500637	https://pmc.ncbi.nlm.nih.gov/articles/PMC12500637/		fulltext/zou_2025_pmid41064526.xml	focused_ultrasound;systemic_bbb_pharmacology	fulltext_xml
focused_ultrasound		TRLS-17. INTERIM CLINICAL, PHARMACOKINETIC, AND TECHNICAL REPORT OF A PHASE 2 STUDY OF SONODYNAMIC THERAPY (SDT) USING SONALA-001 TOGETHER WITH MR-GUIDED LOW-INTENSITY FOCUSED ULTRASOUND (MRGFUS) IN CHILDREN WITH DIFFUSE INTRINSIC PONTINE GLIOMA (DIPG)	Neuro-oncology	2024			PMC11183573	https://pmc.ncbi.nlm.nih.gov/articles/PMC11183573/		fulltext/anon_2024_pmidPMC11183573.xml	brainstem;dipg_dmg;focused_ultrasound;systemic_bbb_pharmacology;meeting_abstract	fulltext_xml
focused_ultrasound		CTNI-74. SONODYNAMIC THERAPY (SDT) USING INTRAVENOUS 5-AMINOLEVULINIC ACID WITH NON-ABLATIVE FOCUSED ULTRASOUND FOR THE TREATMENT OF DIFFUSE INTRINSIC PONTINE GLIOMAS IN PEDIATRICS: INITIAL SAFETY AND OUTCOMES THE MULTICENTER SDT-201 TRIAL	Neuro-oncology	2024			PMC11552790	https://pmc.ncbi.nlm.nih.gov/articles/PMC11552790/			brainstem;dipg_dmg;focused_ultrasound;meeting_abstract	metadata_only
focused_ultrasound		DIPG-93. OVERALL EXPERIENCE OF TWO PHASE I CLINICAL TRIALS WITH FOCUSED ULTRASOUND-MEDIATED BLOOD BRAIN BARRIER OPENING IN CHILDREN, ADOLESCENTS, AND YOUNG ADULTS WITH PROGRESSIVE DIPG/DMG USING A NEURONAVIGATION-BASED DEVICE	Neuro-oncology	2024			PMC11184116	https://pmc.ncbi.nlm.nih.gov/articles/PMC11184116/		fulltext/anon_2024_pmidPMC11184116.xml	dipg_dmg;focused_ultrasound;surgical_access;systemic_bbb_pharmacology;meeting_abstract	fulltext_xml
focused_ultrasound		DIPG-73. FOCUSED ULTRASOUND FOR TREATMENT OF CHILDREN DIAGNOSED WITH DIFFUSE MIDLINE GLIOMAS	Neuro-oncology	2024			PMC11183950	https://pmc.ncbi.nlm.nih.gov/articles/PMC11183950/		fulltext/anon_2024_pmidPMC11183950.xml	dipg_dmg;focused_ultrasound;meeting_abstract	fulltext_xml
focused_ultrasound	Buch VP, Purger D, Datta A, Wang A, Barbosa D, Chodakiewitz Y, Lev-Tov L, Li C, Halpern C, Henderson J, McNab JA, Bitton RR, Ghanouni P.	Quality over quantity: smaller, targeted lesions optimize quality of life outcomes after MR-guided focused ultrasound thalamotomy for essential tremor	Frontiers in neurology	2024	39610701	10.3389/fneur.2024.1450699	PMC11603361	https://pmc.ncbi.nlm.nih.gov/articles/PMC11603361/		fulltext/buch_2024_pmid39610701.xml	focused_ultrasound;imaging_dosimetry_modeling;related_disease	fulltext_xml
focused_ultrasound	Chesney KM, Keating GF, Patel N, Kilburn L, Fonseca A, Wu CC, Nazarian J, Packer RJ, Donoho DA, Oluigbo C, Myseros JS, Keating RF, Syed HR.	The role of focused ultrasound for pediatric brain tumors: current insights and future implications on treatment strategies	Child's nervous system : ChNS : official journal of the International Society for Pediatric Neurosurgery	2024	38702518	10.1007/s00381-024-06413-9		https://doi.org/10.1007/s00381-024-06413-9			brainstem;dipg_dmg;focused_ultrasound;radiation_combined;systemic_bbb_pharmacology	metadata_only
focused_ultrasound	Gautam D, Venkatraman V, Horns J, Yang LZ, Lee HJ, Kassavetis P, Alshaikh J, Moretti P, Shofty B, Rahimpour S.	Demographics of focused ultrasound thalamotomy for essential tremor and trends in deep brain stimulation surgery after its introduction in the USA	BMJ neurology open	2024	38618151	10.1136/bmjno-2023-000582	PMC11015248	https://pmc.ncbi.nlm.nih.gov/articles/PMC11015248/		fulltext/gautam_2024_pmid38618151.xml	focused_ultrasound;related_disease	fulltext_xml
focused_ultrasound	Huangfu L, Zha B, Li P, Wang L, Liu X, Cui H, Li Y, Wu J, Shi S, Yang Y, Sun X, Gao S, Li H, Yang D, Zheng Y.	A phase Ⅰ clinical trial of sonodynamic therapy combined with radiotherapy for brainstem gliomas	Research Square	2024		10.21203/rs.3.rs-4307040/v1		https://doi.org/10.21203/rs.3.rs-4307040/v1			brainstem;focused_ultrasound;radiation_combined	metadata_only
focused_ultrasound	Hutton DL, Burns TC, Hossain-Ibrahim K.	A review of sonodynamic therapy for brain tumors	Neurosurgical focus	2024	39217635	10.3171/2024.6.focus24338		https://doi.org/10.3171/2024.6.focus24338			brainstem;dipg_dmg;focused_ultrasound;radiation_combined	metadata_only
focused_ultrasound	Keating GF, Chesney KM, Patel N, Kilburn L, Fonseca A, Packer RJ, Challa C, O'Brien PF, Donoho DA, Myseros JS, Oluigbo C, Keating RF, Syed HR.	MR-guided focused ultrasound in pediatric neurosurgery: current insights, technical challenges, and lessons learned from 45 treatments at Children's National Hospital	Neurosurgical focus	2024	39217632	10.3171/2024.6.focus24332		https://doi.org/10.3171/2024.6.focus24332			brainstem;dipg_dmg;focused_ultrasound	metadata_only
focused_ultrasound	Kofoed RH, Noseworthy K, Wu K, Vecchio LM, Dibia CL, Sivadas S, Wu S, Mikloska K, White M, Elmer B, Ramachandran S, Mueller C, Hynynen K, Aubert I.	Focused ultrasound increases gene delivery to deep brain structure following the administration of a recombinant adeno-associated virus in the cerebrospinal fluid		2024		10.1101/2024.02.09.579587		https://doi.org/10.1101/2024.02.09.579587			focused_ultrasound;systemic_bbb_pharmacology;viral_vector;related_disease	metadata_only
focused_ultrasound	Leporace M, Calabria FF, Siciliano R, Capalbo C, Filippiadis DK, Iezzi R.	The Thermal Ablation with MRgFUS: From Physics to Oncological Applications	Cancers	2024	39796667	10.3390/cancers17010036	PMC11718996	https://pmc.ncbi.nlm.nih.gov/articles/PMC11718996/		fulltext/leporace_2024_pmid39796667.xml	focused_ultrasound;systemic_bbb_pharmacology	fulltext_xml
focused_ultrasound	Lin C, Smith C, Rutka J.	Current immunotherapeutic approaches to diffuse intrinsic pontine glioma	Frontiers in genetics	2024	38774284	10.3389/fgene.2024.1349612	PMC11106442	https://pmc.ncbi.nlm.nih.gov/articles/PMC11106442/		fulltext/lin_2024_pmid38774284.xml	brainstem;cell_therapy_delivery;dipg_dmg;focused_ultrasound;systemic_bbb_pharmacology	fulltext_xml
focused_ultrasound	Marcus SL, de Souza MP.	Theranostic Uses of the Heme Pathway in Neuro-Oncology: Protoporphyrin IX (PpIX) and Its Journey from Photodynamic Therapy (PDT) through Photodynamic Diagnosis (PDD) to Sonodynamic Therapy (SDT)	Cancers	2024	38398131	10.3390/cancers16040740	PMC10886505	https://pmc.ncbi.nlm.nih.gov/articles/PMC10886505/		fulltext/marcus_2024_pmid38398131.xml	brainstem;dipg_dmg;focused_ultrasound	fulltext_xml
focused_ultrasound	Martinez PJ, Green AL, Borden MA.	Targeting diffuse midline gliomas: The promise of focused ultrasound-mediated blood-brain barrier opening	Journal of controlled release : official journal of the Controlled Release Society	2024	38000663	10.1016/j.jconrel.2023.11.037	PMC10842695	https://pmc.ncbi.nlm.nih.gov/articles/PMC10842695/			brainstem;dipg_dmg;focused_ultrasound;systemic_bbb_pharmacology	metadata_only
focused_ultrasound	Mehta RI, Ranjan M, Haut MW, Carpenter JS, Rezai AR.	Focused Ultrasound for Neurodegenerative Diseases	Magnetic resonance imaging clinics of North America	2024	39322357	10.1016/j.mric.2024.03.001		https://doi.org/10.1016/j.mric.2024.03.001			focused_ultrasound;systemic_bbb_pharmacology;related_disease	metadata_only
focused_ultrasound	Meng Y, Kalia LV, Kalia SK, Hamani C, Huang Y, Hynynen K, Lipsman N, Davidson B.	Current Progress in Magnetic Resonance-Guided Focused Ultrasound to Facilitate Drug Delivery across the Blood-Brain Barrier	Pharmaceutics	2024	38931843	10.3390/pharmaceutics16060719		https://doi.org/10.3390/pharmaceutics16060719			focused_ultrasound;systemic_bbb_pharmacology;related_disease	metadata_only
focused_ultrasound	Natera-Villalba E, Ruiz-Yanzi MA, Gasca-Salas C, Matarazzo M, Martínez-Fernández R.	MR-guided focused ultrasound in movement disorders and beyond: Lessons learned and new frontiers	Parkinsonism & related disorders	2024	38378311	10.1016/j.parkreldis.2024.106040		https://doi.org/10.1016/j.parkreldis.2024.106040			focused_ultrasound;systemic_bbb_pharmacology;related_disease	metadata_only
focused_ultrasound	Nwafor DC, Obiri-Yeboah D, Fazad F, Blanks W, Mut M.	Focused ultrasound as a treatment modality for gliomas	Frontiers in neurology	2024	38813245	10.3389/fneur.2024.1387986	PMC11135048	https://pmc.ncbi.nlm.nih.gov/articles/PMC11135048/		fulltext/nwafor_2024_pmid38813245.xml	focused_ultrasound;related_disease	fulltext_xml
focused_ultrasound	Purrer V, Pohl E, Borger V, Weiland H, Boecker H, Schmeel FC, Wüllner U.	Motor and non-motor outcome in tremor dominant Parkinson's disease after MR-guided focused ultrasound thalamotomy	Journal of neurology	2024	38822147	10.1007/s00415-024-12469-z	PMC11233288	https://pmc.ncbi.nlm.nih.gov/articles/PMC11233288/		fulltext/purrer_2024_pmid38822147.xml	focused_ultrasound;related_disease	fulltext_xml
focused_ultrasound	Rouhi N, Chakeri Z, Ghorbani Nejad B, Rahimzadegan M, Rafi Khezri M, Kamali H, Nosrati R.	A comprehensive review of advanced focused ultrasound (FUS) microbubbles-mediated treatment of Alzheimer's disease	Heliyon	2024	39309880	10.1016/j.heliyon.2024.e37533	PMC11416559	https://pmc.ncbi.nlm.nih.gov/articles/PMC11416559/		fulltext/rouhi_2024_pmid39309880.xml	focused_ultrasound;systemic_bbb_pharmacology;related_disease	fulltext_xml
focused_ultrasound	Seas AA, Malla AP, Sharifai N, Winkles JA, Woodworth GF, Anastasiadis P.	Microbubble-Enhanced Focused Ultrasound for Infiltrating Gliomas	Biomedicines	2024	38927437	10.3390/biomedicines12061230	PMC11200892	https://pmc.ncbi.nlm.nih.gov/articles/PMC11200892/		fulltext/seas_2024_pmid38927437.xml	focused_ultrasound;systemic_bbb_pharmacology	fulltext_xml
focused_ultrasound	Tazhibi M, McQuillan N, Wei HJ, Gallitto M, Bendau E, Webster Carrion A, Berg X, Kokossis D, Zhang X, Zhang Z, Jan CI, Mintz A, Gartrell RD, Syed HR, Fonseca A, Pavisic J, Szalontay L, Konofagou EE, Zacharoulis S, Wu CC.	Focused ultrasound-mediated blood-brain barrier opening is safe and feasible with moderately hypofractionated radiotherapy for brainstem diffuse midline glioma	Journal of translational medicine	2024	38555449	10.1186/s12967-024-05096-9	PMC10981822	https://pmc.ncbi.nlm.nih.gov/articles/PMC10981822/		fulltext/tazhibi_2024_pmid38555449.xml	brainstem;dipg_dmg;focused_ultrasound;radiation_combined;systemic_bbb_pharmacology	fulltext_xml
focused_ultrasound	Wasielewska JM, Castro Cabral-da-Silva M, Pecoraro M, Nguyen TH, Bella VL, Oikari LE, Ooi L, White AR.	A patient-derived amyotrophic lateral sclerosis blood-brain barrier cell model reveals focused ultrasound-mediated anti-TDP-43 antibody delivery		2024		10.1101/2024.02.22.581567		https://doi.org/10.1101/2024.02.22.581567			focused_ultrasound;systemic_bbb_pharmacology;related_disease	metadata_only
focused_ultrasound	Wasielewska JM, Chaves JCS, Cabral-da-Silva MC, Pecoraro M, Viljoen SJ, Nguyen TH, Bella V, Oikari LE, Ooi L, White AR.	A patient-derived amyotrophic lateral sclerosis blood-brain barrier model for focused ultrasound-mediated anti-TDP-43 antibody delivery	Fluids and barriers of the CNS	2024	39138578	10.1186/s12987-024-00565-1	PMC11323367	https://pmc.ncbi.nlm.nih.gov/articles/PMC11323367/		fulltext/wasielewska_2024_pmid39138578.xml	focused_ultrasound;systemic_bbb_pharmacology;related_disease	fulltext_xml
focused_ultrasound	Ćwiklińska A, Przewodowska D, Koziorowski D, Szlufik S.	Innovative Approaches to Brain Cancer: The Use of Magnetic Resonance-guided Focused Ultrasound in Glioma Therapy	Cancers	2024	39766134	10.3390/cancers16244235	PMC11674718	https://pmc.ncbi.nlm.nih.gov/articles/PMC11674718/		fulltext/wikliska_2024_pmid39766134.xml	focused_ultrasound;radiation_combined;systemic_bbb_pharmacology	fulltext_xml
focused_ultrasound		INNV-14. INTERIM REPORT OF A PHASE 1/2 STUDY OF SONODYNAMIC THERAPY (SDT) USING AMINOLEVULINIC ACID (ALA) AND LOW-INTENSITY FOCUSED ULTRASOUND IN PEDIATRIC PATIENTS WITH DIFFUSE INTRINSIC PONTINE GLIOMA (DIPG)	Neuro-oncology	2023			PMC10640227	https://pmc.ncbi.nlm.nih.gov/articles/PMC10640227/			brainstem;dipg_dmg;focused_ultrasound;meeting_abstract	metadata_only
focused_ultrasound		SURG-05. MRI-GUIDED FOCUSED ULTRASOUND BLOOD-BRAIN BARRIER DISRUPTION INCREASES DRUG DELIVERY AND EFFICACY IN AN ORTHOTOPIC DIPG MODEL	Neuro-oncology	2023			PMC10260190	https://pmc.ncbi.nlm.nih.gov/articles/PMC10260190/		fulltext/anon_2023_pmidPMC10260190.xml	brainstem;dipg_dmg;focused_ultrasound;systemic_bbb_pharmacology;meeting_abstract	fulltext_xml
focused_ultrasound		SURG-06. ENHANCED DELIVERY OF ANTI-PD1 FOR TREATMENT OF DIFFUSE MIDLINE GLIOMA USING FOCUSED ULTRASOUND-MEDIATED BLOOD-BRAIN BARRIER OPENING	Neuro-oncology	2023			PMC10259928	https://pmc.ncbi.nlm.nih.gov/articles/PMC10259928/		fulltext/anon_2023_pmidPMC10259928.xml	brainstem;dipg_dmg;focused_ultrasound;systemic_bbb_pharmacology;meeting_abstract	fulltext_xml
focused_ultrasound	't Hart E, Bianco J, Bruin MAC, Derieppe M, Besse HC, Berkhout K, Chin Joe Kie LA, Su Y, Hoving EW, Huitema ADR, Ries MG, van Vuurden DG.	Radiosensitisation by olaparib through focused ultrasound delivery in a diffuse midline glioma model	Journal of controlled release : official journal of the Controlled Release Society	2023	37019285	10.1016/j.jconrel.2023.03.058		https://doi.org/10.1016/j.jconrel.2023.03.058			brainstem;dipg_dmg;focused_ultrasound;radiation_combined;systemic_bbb_pharmacology	metadata_only
focused_ultrasound	Blitz SE, Chua MMJ, Ng P, Segar DJ, Jha R, McDannold NJ, DeSalvo MN, Rolston JD, Cosgrove GR.	Longitudinal MR imaging after unilateral MR-guided focused ultrasound thalamotomy: clinical and radiological correlation	Frontiers in neurology	2023	37869137	10.3389/fneur.2023.1272425	PMC10587555	https://pmc.ncbi.nlm.nih.gov/articles/PMC10587555/		fulltext/blitz_2023_pmid37869137.xml	antibody_conjugate_shuttle;focused_ultrasound;related_disease	fulltext_xml
focused_ultrasound	Gouveia FV, Lea-Banks H, Aubert I, Lipsman N, Hynynen K, Hamani C.	Anesthetic-loaded nanodroplets with focused ultrasound reduces agitation in Alzheimer's mice	Annals of clinical and translational neurology	2023	36715553	10.1002/acn3.51737	PMC10109287	https://pmc.ncbi.nlm.nih.gov/articles/PMC10109287/		fulltext/gouveia_2023_pmid36715553.xml	focused_ultrasound;related_disease	fulltext_xml
focused_ultrasound	He C, Wu Z, Zhuang M, Li X, Xue S, Xu S, Xu J, Wu Z, Lu M.	Focused ultrasound-mediated blood-brain barrier opening combined with magnetic targeting cytomembrane based biomimetic microbubbles for glioblastoma therapy	Journal of nanobiotechnology	2023	37626360	10.1186/s12951-023-02074-z	PMC10463668	https://pmc.ncbi.nlm.nih.gov/articles/PMC10463668/		fulltext/he_2023_pmid37626360.xml	focused_ultrasound;systemic_bbb_pharmacology	fulltext_xml
focused_ultrasound	Lu H, Wang X, Lou X.	Current applications for magnetic resonance-guided focused ultrasound in the treatment of Parkinson's disease	Chinese medical journal	2023	36914938	10.1097/cm9.0000000000002319	PMC10150909	https://pmc.ncbi.nlm.nih.gov/articles/PMC10150909/		fulltext/lu_2023_pmid36914938.xml	focused_ultrasound;systemic_bbb_pharmacology	fulltext_xml
focused_ultrasound	Martinez P, Nault G, Steiner J, Wempe MF, Pierce A, Brunt B, Slade M, Song JJ, Mongin A, Song KH, Ellens N, Serkova N, Green AL, Borden M.	MRI-guided focused ultrasound blood-brain barrier opening increases drug delivery and efficacy in a diffuse midline glioma mouse model	Neuro-oncology advances	2023	37795179	10.1093/noajnl/vdad111	PMC10547466	https://pmc.ncbi.nlm.nih.gov/articles/PMC10547466/		fulltext/martinez_2023_pmid37795179.xml	brainstem;dipg_dmg;focused_ultrasound;systemic_bbb_pharmacology	fulltext_xml
focused_ultrasound	Meng Y, Goubran M, Rabin JS, McSweeney M, Ottoy J, Pople CB, Huang Y, Storace A, Ozzoude M, Bethune A, Lam B, Swardfager W, Heyn C, Abrahao A, Davidson B, Hamani C, Aubert I, Zetterberg H, Ashton NJ, Karikari TK, Blennow K, Black SE, Hynynen K, Lipsman N.	Blood-brain barrier opening of the default mode network in Alzheimer's disease with magnetic resonance-guided focused ultrasound	Brain : a journal of neurology	2023	36694943	10.1093/brain/awac459	PMC10226733	https://pmc.ncbi.nlm.nih.gov/articles/PMC10226733/			focused_ultrasound;systemic_bbb_pharmacology;related_disease	metadata_only
focused_ultrasound	Noel RL, Gorman SL, Batts AJ, Konofagou EE.	Getting ahead of Alzheimer's disease: early intervention with focused ultrasound	Frontiers in neuroscience	2023	37575309	10.3389/fnins.2023.1229683	PMC10412991	https://pmc.ncbi.nlm.nih.gov/articles/PMC10412991/		fulltext/noel_2023_pmid37575309.xml	focused_ultrasound;systemic_bbb_pharmacology;related_disease	fulltext_xml
focused_ultrasound	Parekh K, LeBlang S, Nazarian J, Mueller S, Zacharoulis S, Hynynen K, Powlovich L.	Past, present and future of Focused Ultrasound as an adjunct or complement to DIPG/DMG therapy: A consensus of the 2021 FUSF DIPG meeting	Neoplasia (New York, N.Y.)	2023	36709715	10.1016/j.neo.2023.100876	PMC9900434	https://pmc.ncbi.nlm.nih.gov/articles/PMC9900434/		fulltext/parekh_2023_pmid36709715.xml	brainstem;dipg_dmg;focused_ultrasound;systemic_bbb_pharmacology	fulltext_xml
focused_ultrasound	Thaler C, Tian Q, Wintermark M, Ghanouni P, Halpern CH, Henderson JM, Airan RD, Zeineh M, Goubran M, Leuze C, Fiehler J, Butts Pauly K, McNab JA.	Changes in the Cerebello-Thalamo-Cortical Network After Magnetic Resonance-Guided Focused Ultrasound Thalamotomy	Brain connectivity	2023	35678063	10.1089/brain.2021.0157	PMC9942176	https://pmc.ncbi.nlm.nih.gov/articles/PMC9942176/			focused_ultrasound;imaging_dosimetry_modeling;related_disease	metadata_only
focused_ultrasound		DDEL-06. Drug Delivery to the Pons Using Short-Pulse Focused Ultrasound and Microbubble Exposure for the Treatment of Diffuse Midline Glioma	Neuro-oncology	2022			PMC9165011	https://pmc.ncbi.nlm.nih.gov/articles/PMC9165011/		fulltext/anon_2022_pmidPMC9165011.xml	brainstem;dipg_dmg;focused_ultrasound;systemic_bbb_pharmacology;meeting_abstract	fulltext_xml
focused_ultrasound	Gong Y, Ye D, Chien CY, Yue Y, Chen H.	Comparison of Sonication Patterns and Microbubble Administration Strategies for Focused Ultrasound-Mediated Large-Volume Drug Delivery	IEEE transactions on bio-medical engineering	2022	35476579	10.1109/tbme.2022.3170832	PMC9635979	https://pmc.ncbi.nlm.nih.gov/articles/PMC9635979/			brainstem;dipg_dmg;focused_ultrasound;systemic_bbb_pharmacology	metadata_only
focused_ultrasound	Huang Y, Meng Y, Pople CB, Bethune A, Jones RM, Abrahao A, Hamani C, Kalia SK, Kalia LV, Lipsman N, Hynynen K.	Cavitation Feedback Control of Focused Ultrasound Blood-Brain Barrier Opening for Drug Delivery in Patients with Parkinson's Disease	Pharmaceutics	2022	36559101	10.3390/pharmaceutics14122607	PMC9781334	https://pmc.ncbi.nlm.nih.gov/articles/PMC9781334/		fulltext/huang_2022_pmid36559101.xml	focused_ultrasound;systemic_bbb_pharmacology;related_disease	fulltext_xml
focused_ultrasound	Koga S, Ishaque M, Jeffrey Elias W, Shah BB, Murakami A, Dickson DW.	Neuropathology of Parkinson's disease after focused ultrasound thalamotomy	NPJ Parkinson's disease	2022	35550514	10.1038/s41531-022-00319-6	PMC9098516	https://pmc.ncbi.nlm.nih.gov/articles/PMC9098516/		fulltext/koga_2022_pmid35550514.xml	focused_ultrasound;related_disease	fulltext_xml
focused_ultrasound	Meng Y, Pople CB, Huang Y, Jones RM, Ottoy J, Goubran M, Oliveira LM, Davidson B, Lawrence LSP, Lau AZ, Bethune A, Maralani P, Abrahao A, Hamani C, Hynynen K, Kalia SK, Lipsman N, Kalia LV.	Putaminal Recombinant Glucocerebrosidase Delivery with Magnetic Resonance-Guided Focused Ultrasound in Parkinson's Disease: A Phase I Study	Movement disorders : official journal of the Movement Disorder Society	2022	36089809	10.1002/mds.29190		https://doi.org/10.1002/mds.29190			focused_ultrasound;systemic_bbb_pharmacology;related_disease	metadata_only
focused_ultrasound	Rincon-Torroella J, Khela H, Bettegowda A, Bettegowda C.	Biomarkers and focused ultrasound: the future of liquid biopsy for brain tumor patients	Journal of neuro-oncology	2022	34613580	10.1007/s11060-021-03837-0	PMC8714625	https://pmc.ncbi.nlm.nih.gov/articles/PMC8714625/		fulltext/rincontorroella_2022_pmid34613580.xml	focused_ultrasound	fulltext_xml
focused_ultrasound	Roberts JW, Powlovich L, Sheybani N, LeBlang S.	Focused ultrasound for the treatment of glioblastoma	Journal of neuro-oncology	2022	35267132	10.1007/s11060-022-03974-0	PMC9021052	https://pmc.ncbi.nlm.nih.gov/articles/PMC9021052/		fulltext/roberts_2022_pmid35267132.xml	focused_ultrasound;systemic_bbb_pharmacology	fulltext_xml
focused_ultrasound	Stefani A, Pierantozzi M, Cardarelli S, Stefani L, Cerroni R, Conti M, Garasto E, Mercuri NB, Marini C, Sucapane P.	Neurotrophins as Therapeutic Agents for Parkinson's Disease; New Chances From Focused Ultrasound?	Frontiers in neuroscience	2022	35401084	10.3389/fnins.2022.846681	PMC8990810	https://pmc.ncbi.nlm.nih.gov/articles/PMC8990810/		fulltext/stefani_2022_pmid35401084.xml	focused_ultrasound;nanoparticle;systemic_bbb_pharmacology;related_disease	fulltext_xml
focused_ultrasound	Trinh D, Nash J, Goertz D, Hynynen K, Bulner S, Iqbal U, Keenan J.	Microbubble drug conjugate and focused ultrasound blood brain barrier delivery of AAV-2 SIRT-3	Drug delivery	2022	35393905	10.1080/10717544.2022.2035855	PMC9004516	https://pmc.ncbi.nlm.nih.gov/articles/PMC9004516/		fulltext/trinh_2022_pmid35393905.xml	focused_ultrasound;systemic_bbb_pharmacology;viral_vector;related_disease	fulltext_xml
focused_ultrasound	Ye D, Yuan J, Yang Y, Yue Y, Hu Z, Fadera S, Chen H.	Incisionless targeted adeno-associated viral vector delivery to the brain by focused ultrasound-mediated intranasal administration	EBioMedicine	2022	36152518	10.1016/j.ebiom.2022.104277	PMC9508404	https://pmc.ncbi.nlm.nih.gov/articles/PMC9508404/		fulltext/ye_2022_pmid36152518.xml	brainstem;focused_ultrasound;imaging_dosimetry_modeling;intranasal;systemic_bbb_pharmacology;viral_vector	fulltext_xml
focused_ultrasound	Abe K, Horisawa S, Yamaguchi T, Hori H, Yamada K, Kondo K, Furukawa H, Kamada H, Kishima H, Oshino S, Mochizuki H, Kanemoto M, Hirabayashi H, Fukutome K, Ohnishi H, Igase K, Matsubara I, Ohnishi T, Sadamoto K, Taira T.	Focused Ultrasound Thalamotomy for Refractory Essential Tremor: A Japanese Multicenter Single-Arm Study	Neurosurgery	2021	33469648	10.1093/neuros/nyaa536		https://doi.org/10.1093/neuros/nyaa536			focused_ultrasound;related_disease	metadata_only
focused_ultrasound	Agrawal M, Garg K, Samala R, Rajan R, Naik V, Singh M.	Outcome and Complications of MR Guided Focused Ultrasound for Essential Tremor: A Systematic Review and Meta-Analysis	Frontiers in neurology	2021	34025558	10.3389/fneur.2021.654711	PMC8137896	https://pmc.ncbi.nlm.nih.gov/articles/PMC8137896/		fulltext/agrawal_2021_pmid34025558.xml	focused_ultrasound;related_disease	fulltext_xml
focused_ultrasound	Ahmed AK, Guo S, Kelm N, Clanton R, Melhem ER, Gullapalli RP, Ksendzovsky A, Eisenberg HM, Miller TR, Gandhi D.	Technical Comparison of Treatment Efficiency of Magnetic Resonance-Guided Focused Ultrasound Thalamotomy and Pallidotomy in Skull Density Ratio-Matched Patient Cohorts	Frontiers in neurology	2021	35126300	10.3389/fneur.2021.808810	PMC8813961	https://pmc.ncbi.nlm.nih.gov/articles/PMC8813961/		fulltext/ahmed_2021_pmid35126300.xml	focused_ultrasound;related_disease	fulltext_xml
focused_ultrasound	Englander Z, Wei H, Pouliopoulos A, Yoh N, McQuillan N, Tazhibi M, Wang T, Bruce J, Canoll P, Feldstein N, Zacharoulis S, Konofagou E, Wu C.	HGG-40. FOCUSED ULTRASOUND ENHANCES ETOPOSIDE DELIVERY IN A MURINE PONTINE GLIOMA MODEL	Neuro-oncology	2021			PMC8263168	https://pmc.ncbi.nlm.nih.gov/articles/PMC8263168/		fulltext/englander_2021_pmidPMC8263168.xml	brainstem;dipg_dmg;focused_ultrasound;systemic_bbb_pharmacology;meeting_abstract	fulltext_xml
focused_ultrasound	Englander ZK, Wei HJ, Pouliopoulos AN, Bendau E, Upadhyayula P, Jan CI, Spinazzi EF, Yoh N, Tazhibi M, McQuillan NM, Wang TJC, Bruce JN, Canoll P, Feldstein NA, Zacharoulis S, Konofagou EE, Wu CC.	Focused ultrasound mediated blood-brain barrier opening is safe and feasible in a murine pontine glioma model	Scientific reports	2021	33753753	10.1038/s41598-021-85180-y	PMC7985134	https://pmc.ncbi.nlm.nih.gov/articles/PMC7985134/		fulltext/englander_2021_pmid33753753.xml	brainstem;dipg_dmg;focused_ultrasound;systemic_bbb_pharmacology	fulltext_xml
focused_ultrasound	Gagliardo C, Cannella R, D'Angelo C, Toia P, Salvaggio G, Feraco P, Marrale M, Iacopino DG, D'Amelio M, La Tona G, La Grutta L, Midiri M.	Transcranial Magnetic Resonance Imaging-Guided Focused Ultrasound with a 1.5 Tesla Scanner: A Prospective Intraindividual Comparison Study of Intraoperative Imaging	Brain sciences	2021	33406708	10.3390/brainsci11010046	PMC7823499	https://pmc.ncbi.nlm.nih.gov/articles/PMC7823499/		fulltext/gagliardo_2021_pmid33406708.xml	focused_ultrasound;related_disease	fulltext_xml
focused_ultrasound	Gasca-Salas C, Fernández-Rodríguez B, Pineda-Pardo JA, Rodríguez-Rojas R, Obeso I, Hernández-Fernández F, Del Álamo M, Mata D, Guida P, Ordás-Bandera C, Montero-Roblas JI, Martínez-Fernández R, Foffani G, Rachmilevitch I, Obeso JA.	Blood-brain barrier opening with focused ultrasound in Parkinson's disease dementia	Nature communications	2021	33536430	10.1038/s41467-021-21022-9	PMC7859400	https://pmc.ncbi.nlm.nih.gov/articles/PMC7859400/		fulltext/gascasalas_2021_pmid33536430.xml	focused_ultrasound;systemic_bbb_pharmacology	fulltext_xml
focused_ultrasound	Ishida J, Alli S, Bondoc A, Golbourn B, Sabha N, Mikloska K, Krumholtz S, Srikanthan D, Fujita N, Luck A, Maslink C, Smith C, Hynynen K, Rutka J.	MRI-guided focused ultrasound enhances drug delivery in experimental diffuse intrinsic pontine glioma	Journal of controlled release : official journal of the Controlled Release Society	2021	33188825	10.1016/j.jconrel.2020.11.010		https://doi.org/10.1016/j.jconrel.2020.11.010			brainstem;dipg_dmg;focused_ultrasound;systemic_bbb_pharmacology	metadata_only
focused_ultrasound	Jamora RDG, Chang WC, Taira T.	Transcranial Magnetic Resonance-Guided Focused Ultrasound in X-Linked Dystonia-Parkinsonism	Life (Basel, Switzerland)	2021	33925939	10.3390/life11050392	PMC8145494	https://pmc.ncbi.nlm.nih.gov/articles/PMC8145494/		fulltext/jamora_2021_pmid33925939.xml	focused_ultrasound;related_disease	fulltext_xml
focused_ultrasound	Lynch M, Heinen S, Markham-Coultes K, O'Reilly M, Van Slyke P, Dumont DJ, Hynynen K, Aubert I.	Vasculotide restores the blood-brain barrier after focused ultrasound-induced permeability in a mouse model of Alzheimer's disease	International journal of medical sciences	2021	33390817	10.7150/ijms.36775	PMC7757142	https://pmc.ncbi.nlm.nih.gov/articles/PMC7757142/		fulltext/lynch_2021_pmid33390817.xml	focused_ultrasound;systemic_bbb_pharmacology;related_disease	fulltext_xml
focused_ultrasound	Meng Y, Jones RM, Davidson B, Huang Y, Pople CB, Surendrakumar S, Hamani C, Hynynen K, Lipsman N.	Technical Principles and Clinical Workflow of Transcranial MR-Guided Focused Ultrasound	Stereotactic and functional neurosurgery	2021	33302282	10.1159/000512111		https://doi.org/10.1159/000512111			focused_ultrasound;systemic_bbb_pharmacology;related_disease	metadata_only
focused_ultrasound	Meng Y, Pople CB, Suppiah S, Llinas M, Huang Y, Sahgal A, Perry J, Keith J, Davidson B, Hamani C, Amemiya Y, Seth A, Leong H, Heyn CC, Aubert I, Hynynen K, Lipsman N.	MR-guided focused ultrasound liquid biopsy enriches circulating biomarkers in patients with brain tumors	Neuro-oncology	2021	33693781	10.1093/neuonc/noab057	PMC8485448	https://pmc.ncbi.nlm.nih.gov/articles/PMC8485448/		fulltext/meng_2021_pmid33693781.xml	focused_ultrasound;systemic_bbb_pharmacology	fulltext_xml
focused_ultrasound	Meng Y, Reilly RM, Pezo RC, Trudeau M, Sahgal A, Singnurkar A, Perry J, Myrehaug S, Pople CB, Davidson B, Llinas M, Hyen C, Huang Y, Hamani C, Suppiah S, Hynynen K, Lipsman N.	MR-guided focused ultrasound enhances delivery of trastuzumab to Her2-positive brain metastases	Science translational medicine	2021	34644145	10.1126/scitranslmed.abj4011		https://doi.org/10.1126/scitranslmed.abj4011			focused_ultrasound;systemic_bbb_pharmacology	metadata_only
focused_ultrasound	Palumbo P, Daffinà J, Bruno F, Arrigoni F, Splendiani A, Di Cesare E, Barile A, Masciocchi C.	Basics in Magnetic Resonance guided Focused Ultrasound: technical basis and clinical application. A brief overview	Acta bio-medica : Atenei Parmensis	2021	34505842	10.23750/abm.v92is5.11881	PMC8477067	https://pmc.ncbi.nlm.nih.gov/articles/PMC8477067/		fulltext/palumbo_2021_pmid34505842.xml	focused_ultrasound;related_disease	fulltext_xml
focused_ultrasound	Poon C, Pellow C, Hynynen K.	Neutrophil recruitment and leukocyte response following focused ultrasound and microbubble mediated blood-brain barrier treatments	Theranostics	2021	33408773	10.7150/thno.52710	PMC7778596	https://pmc.ncbi.nlm.nih.gov/articles/PMC7778596/		fulltext/poon_2021_pmid33408773.xml	focused_ultrasound;systemic_bbb_pharmacology;related_disease	fulltext_xml
focused_ultrasound	Tazhibi M, McQuillan N, Wei H, Pouliopoulos A, Bendau E, Englander Z, Webster A, Yoh N, Zacharoulis S, Konofagou E, Wu C.	RADT-17. FOCUSED ULTRASOUND MEDIATED BLOOD–BRAIN BARRIER OPENING IS SAFE AND FEASIBLE CONCURRENT WITH AND ADJUVANT TO A CLINICAL RADIATION SCHEME FOR BRAINSTEM DMG	Neuro-oncology	2021			PMC8598601	https://pmc.ncbi.nlm.nih.gov/articles/PMC8598601/			brainstem;dipg_dmg;focused_ultrasound;radiation_combined;systemic_bbb_pharmacology;meeting_abstract	metadata_only
focused_ultrasound	Wei H, Pouliopoulos A, Yoh N, Tazhibi M, McQuillan N, Zhang X, Szalontay L, Gartrell R, Pavisic J, Zhang Z, Feldstein N, Becher O, Zacharoulis S, Konofagou E, Wu C.	EPCT-23 PRE-CLINICAL STUDY OF FOCUSED ULTRASOUND-MEDIATED BLOOD-BRAIN BARRIER OPENING AND PANOBINOSTAT FOR DIFFUSE INTRINSIC PONTINE GLIOMA TREATMENT	Neuro-oncology	2021			PMC8168249	https://pmc.ncbi.nlm.nih.gov/articles/PMC8168249/		fulltext/wei_2021_pmidPMC8168249.xml	brainstem;dipg_dmg;focused_ultrasound;systemic_bbb_pharmacology	fulltext_xml
focused_ultrasound	Wu P, Lin W, Li KH, Lai HC, Lee MT, Tsai KW, Chiu PY, Chang WC, Wei CY, Taira T.	Focused Ultrasound Thalamotomy for the Treatment of Essential Tremor: A 2-Year Outcome Study of Chinese People	Frontiers in aging neuroscience	2021	34335232	10.3389/fnagi.2021.697029	PMC8317688	https://pmc.ncbi.nlm.nih.gov/articles/PMC8317688/		fulltext/wu_2021_pmid34335232.xml	focused_ultrasound;related_disease	fulltext_xml
focused_ultrasound	Xhima K, McMahon D, Ntiri E, Goubran M, Hynynen K, Aubert I.	Intravenous and Non-invasive Drug Delivery to the Mouse Basal ForebrainUsing MRI-guided Focused Ultrasound	Bio-protocol	2021	34262999	10.21769/bioprotoc.4056	PMC8260260	https://pmc.ncbi.nlm.nih.gov/articles/PMC8260260/			focused_ultrasound;intra_arterial;intranasal;intrathecal_csf;systemic_bbb_pharmacology;related_disease	metadata_only
focused_ultrasound	Yamamoto K, Ito H, Fukutake S, Odo T, Kamei T, Yamaguchi T, Taira T.	Focused Ultrasound Thalamotomy for Tremor-dominant Parkinson's Disease: A Prospective 1-year Follow-up Study	Neurologia medico-chirurgica	2021	33967176	10.2176/nmc.oa.2020-0370	PMC8280323	https://pmc.ncbi.nlm.nih.gov/articles/PMC8280323/		fulltext/yamamoto_2021_pmid33967176.xml	focused_ultrasound;related_disease	fulltext_xml
focused_ultrasound	Yamamoto K, Ito H, Fukutake S, Odo T, Kamei T, Yamaguchi T, Taira T.	Movement during focused ultrasound therapy caused by an unstable magnetic resonance table: case report	Journal of neurosurgery	2021	32619978	10.3171/2020.4.jns20219		https://doi.org/10.3171/2020.4.jns20219			focused_ultrasound;related_disease	metadata_only
focused_ultrasound	Ye D, Yuan J, Yue Y, Rubin JB, Chen H.	Focused Ultrasound-Enhanced Delivery of Intranasally Administered Anti-Programmed Cell Death-Ligand 1 Antibody to an Intracranial Murine Glioma Model	Pharmaceutics	2021	33535531	10.3390/pharmaceutics13020190	PMC7912734	https://pmc.ncbi.nlm.nih.gov/articles/PMC7912734/		fulltext/ye_2021_pmid33535531.xml	brainstem;focused_ultrasound;implant_depot_device;intranasal;systemic_bbb_pharmacology	fulltext_xml
focused_ultrasound	Bunevicius A, McDannold NJ, Golby AJ.	Focused Ultrasound Strategies for Brain Tumor Therapy	Operative neurosurgery (Hagerstown, Md.)	2020	31853548	10.1093/ons/opz374	PMC7293897	https://pmc.ncbi.nlm.nih.gov/articles/PMC7293897/			focused_ultrasound;systemic_bbb_pharmacology;viral_vector	metadata_only
focused_ultrasound	Dubey S, Heinen S, Krantic S, McLaurin J, Branch DR, Hynynen K, Aubert I.	Clinically approved IVIg delivered to the hippocampus with focused ultrasound promotes neurogenesis in a model of Alzheimer's disease	Proceedings of the National Academy of Sciences of the United States of America	2020	33288687	10.1073/pnas.1908658117	PMC7768694	https://pmc.ncbi.nlm.nih.gov/articles/PMC7768694/			focused_ultrasound;systemic_bbb_pharmacology;related_disease	metadata_only
focused_ultrasound	Englander Z, Wei H, Pouliopoulos A, Upadhyayula P, Jan C, Spinazzi E, Canoll P, Bruce J, Feldstein N, Zacharoulis S, Konofagou E, Wu C.	DDEL-13. FOCUSED ULTRASOUND MEDIATED BLOOD BRAIN BARRIER DISRUPTION IN A MURINE MODEL OF PONTINE GLIOMA: A SAFETY AND FEASIBILITY STUDY	Neuro-oncology	2020			PMC7715592	https://pmc.ncbi.nlm.nih.gov/articles/PMC7715592/		fulltext/englander_2020_pmidPMC7715592.xml	brainstem;dipg_dmg;focused_ultrasound;systemic_bbb_pharmacology;meeting_abstract	fulltext_xml
focused_ultrasound	Gagliardo C, Cannella R, Quarrella C, D'Amelio M, Napoli A, Bartolotta TV, Catalano C, Midiri M, Lagalla R.	Intraoperative imaging findings in transcranial MR imaging-guided focused ultrasound treatment at 1.5T may accurately detect typical lesional findings correlated with sonication parameters	European radiology	2020	32346791	10.1007/s00330-020-06712-0		https://doi.org/10.1007/s00330-020-06712-0			focused_ultrasound;related_disease	metadata_only
focused_ultrasound	Hori H, Yamaguchi T, Konishi Y, Taira T, Muragaki Y.	Correlation between fractional anisotropy changes in the targeted ventral intermediate nucleus and clinical outcome after transcranial MR-guided focused ultrasound thalamotomy for essential tremor: results of a pilot study	Journal of neurosurgery	2020	30771772	10.3171/2018.10.jns18993		https://doi.org/10.3171/2018.10.jns18993			focused_ultrasound;related_disease	metadata_only
focused_ultrasound	Ishida J, Alli S, Bondoc A, Golbourn B, Sabha N, Mikloska K, Srikanthan D, Luck A, Smith C, Hynynen K, Rutka J.	DDEL-01. ENHANCING DRUG DELIVERY WITH MRgFUS FOR DIFFUSE INTRINSIC PONTINE GLIOMA MODEL	Neuro-oncology	2020			PMC7715653	https://pmc.ncbi.nlm.nih.gov/articles/PMC7715653/		fulltext/ishida_2020_pmidPMC7715653.xml	brainstem;dipg_dmg;focused_ultrasound;systemic_bbb_pharmacology;meeting_abstract	fulltext_xml
focused_ultrasound	Ishida J, Alli S, Bondoc A, Fujita N, Kullervo H, James R.	ET-04 Enhancing drug delivery with MRI-guided focused ultrasound for diffuse intrinsic pontine glioma model	Neuro-oncology advances	2020			PMC7699098	https://pmc.ncbi.nlm.nih.gov/articles/PMC7699098/		fulltext/ishida_2020_pmidPMC7699098.xml	brainstem;dipg_dmg;focused_ultrasound;systemic_bbb_pharmacology	fulltext_xml
focused_ultrasound	Jones RM, Huang Y, Meng Y, Scantlebury N, Schwartz ML, Lipsman N, Hynynen K.	Echo-Focusing in Transcranial Focused Ultrasound Thalamotomy for Essential Tremor: A Feasibility Study	Movement disorders : official journal of the Movement Disorder Society	2020	32815611	10.1002/mds.28226		https://doi.org/10.1002/mds.28226			focused_ultrasound;related_disease	metadata_only
focused_ultrasound	Pineda-Pardo JA, Urso D, Martínez-Fernández R, Rodríguez-Rojas R, Del-Alamo M, Millar Vernetti P, Máñez-Miró JU, Hernández-Fernández F, de Luis-Pastor E, Vela-Desojo L, Obeso JA.	Transcranial Magnetic Resonance-Guided Focused Ultrasound Thalamotomy in Essential Tremor: A Comprehensive Lesion Characterization	Neurosurgery	2020	31574145	10.1093/neuros/nyz395		https://doi.org/10.1093/neuros/nyz395			focused_ultrasound;related_disease	metadata_only
focused_ultrasound	Wu SK, Tsai CL, Huang Y, Hynynen K.	Focused Ultrasound and Microbubbles-Mediated Drug Delivery to Brain Tumor	Pharmaceutics	2020	33374205	10.3390/pharmaceutics13010015	PMC7823947	https://pmc.ncbi.nlm.nih.gov/articles/PMC7823947/		fulltext/wu_2020_pmid33374205.xml	convection_enhanced_delivery;focused_ultrasound;systemic_bbb_pharmacology	fulltext_xml
focused_ultrasound	Xhima K, Markham-Coultes K, Nedev H, Heinen S, Saragovi HU, Hynynen K, Aubert I.	Focused ultrasound delivery of a selective TrkA agonist rescues cholinergic function in a mouse model of Alzheimer's disease	Science advances	2020	32010781	10.1126/sciadv.aax6646	PMC6976301	https://pmc.ncbi.nlm.nih.gov/articles/PMC6976301/		fulltext/xhima_2020_pmid32010781.xml	focused_ultrasound;systemic_bbb_pharmacology;related_disease	fulltext_xml
focused_ultrasound	Yamamoto K, Ito H, Fukutake S, Odo T, Kamei T, Yamaguchi T, Taira T.	Factors Associated with Heating Efficiency in Transcranial Focused Ultrasound Therapy	Neurologia medico-chirurgica	2020	33162467	10.2176/nmc.oa.2020-0225	PMC7803702	https://pmc.ncbi.nlm.nih.gov/articles/PMC7803702/		fulltext/yamamoto_2020_pmid33162467.xml	focused_ultrasound;related_disease	fulltext_xml
focused_ultrasound	Ye D, Luan J, Pang H, Yang Y, Nazeri A, Rubin JB, Chen H.	Characterization of focused ultrasound-mediated brainstem delivery of intranasally administered agents	Journal of controlled release : official journal of the Controlled Release Society	2020	32871204	10.1016/j.jconrel.2020.08.053	PMC7749082	https://pmc.ncbi.nlm.nih.gov/articles/PMC7749082/			brainstem;focused_ultrasound;imaging_dosimetry_modeling;intranasal;systemic_bbb_pharmacology	metadata_only
focused_ultrasound	Abrahao A, Meng Y, Llinas M, Huang Y, Hamani C, Mainprize T, Aubert I, Heyn C, Black SE, Hynynen K, Lipsman N, Zinman L.	First-in-human trial of blood-brain barrier opening in amyotrophic lateral sclerosis using MR-guided focused ultrasound	Nature communications	2019	31558719	10.1038/s41467-019-12426-9	PMC6763482	https://pmc.ncbi.nlm.nih.gov/articles/PMC6763482/		fulltext/abrahao_2019_pmid31558719.xml	focused_ultrasound;systemic_bbb_pharmacology;related_disease	fulltext_xml
focused_ultrasound	Gallay MN, Moser D, Jeanmonod D.	Safety and accuracy of incisionless transcranial MR-guided focused ultrasound functional neurosurgery: single-center experience with 253 targets in 180 treatments	Journal of neurosurgery	2019	29799340	10.3171/2017.12.jns172054		https://doi.org/10.3171/2017.12.jns172054			focused_ultrasound;related_disease	metadata_only
focused_ultrasound	Gallay MN, Moser D, Federau C, Jeanmonod D.	Anatomical and Technical Reappraisal of the Pallidothalamic Tractotomy With the Incisionless Transcranial MR-Guided Focused Ultrasound. A Technical Note	Frontiers in surgery	2019	30733946	10.3389/fsurg.2019.00002	PMC6353787	https://pmc.ncbi.nlm.nih.gov/articles/PMC6353787/		fulltext/gallay_2019_pmid30733946.xml	focused_ultrasound;related_disease	fulltext_xml
focused_ultrasound	Jones RM, Hynynen K.	Advances in acoustic monitoring and control of focused ultrasound-mediated increases in blood-brain barrier permeability	The British journal of radiology	2019	30507302	10.1259/bjr.20180601	PMC6540854	https://pmc.ncbi.nlm.nih.gov/articles/PMC6540854/			focused_ultrasound;systemic_bbb_pharmacology	metadata_only
focused_ultrasound	Meng Y, MacIntosh BJ, Shirzadi Z, Kiss A, Bethune A, Heyn C, Mithani K, Hamani C, Black SE, Hynynen K, Lipsman N.	Resting state functional connectivity changes after MR-guided focused ultrasound mediated blood-brain barrier opening in patients with Alzheimer's disease	NeuroImage	2019	31254646	10.1016/j.neuroimage.2019.06.060		https://doi.org/10.1016/j.neuroimage.2019.06.060			focused_ultrasound;systemic_bbb_pharmacology;related_disease	metadata_only
focused_ultrasound	Pineda-Pardo JA, Martínez-Fernández R, Rodríguez-Rojas R, Del-Alamo M, Hernández F, Foffani G, Dileone M, Máñez-Miró JU, De Luis-Pastor E, Vela L, Obeso JA.	Microstructural changes of the dentato-rubro-thalamic tract after transcranial MR guided focused ultrasound ablation of the posteroventral VIM in essential tremor	Human brain mapping	2019	30865338	10.1002/hbm.24569	PMC6865586	https://pmc.ncbi.nlm.nih.gov/articles/PMC6865586/			focused_ultrasound;related_disease	metadata_only
focused_ultrasound	Alli S, Figueiredo CA, Golbourn B, Sabha N, Wu MY, Bondoc A, Luck A, Coluccia D, Maslink C, Smith C, Wurdak H, Hynynen K, O'Reilly M, Rutka JT.	Brainstem blood brain barrier disruption using focused ultrasound: A demonstration of feasibility and enhanced doxorubicin delivery	Journal of controlled release : official journal of the Controlled Release Society	2018	29753957	10.1016/j.jconrel.2018.05.005	PMC6026028	https://pmc.ncbi.nlm.nih.gov/articles/PMC6026028/			brainstem;dipg_dmg;focused_ultrasound;systemic_bbb_pharmacology	metadata_only
focused_ultrasound	Huang Y, Lipsman N, Schwartz ML, Krishna V, Sammartino F, Lozano AM, Hynynen K.	Predicting lesion size by accumulated thermal dose in MR-guided focused ultrasound for essential tremor	Medical physics	2018	30098027	10.1002/mp.13126	PMC6181766	https://pmc.ncbi.nlm.nih.gov/articles/PMC6181766/			focused_ultrasound;related_disease	metadata_only
focused_ultrasound	KAST R, Salacz M.	DIPG-30. A NEW TREATMENT OPPORTUNITY FOR DIPG: 5-ALA AND SONODYNAMIC AUGMENTED MEV IRRADIATION, THE ASAI PROTOCOL	Neuro-oncology	2018			PMC6012850	https://pmc.ncbi.nlm.nih.gov/articles/PMC6012850/			brainstem;dipg_dmg;focused_ultrasound;meeting_abstract	metadata_only
focused_ultrasound	Lipsman N, Meng Y, Bethune AJ, Huang Y, Lam B, Masellis M, Herrmann N, Heyn C, Aubert I, Boutet A, Smith GS, Hynynen K, Black SE.	Blood-brain barrier opening in Alzheimer's disease using MR-guided focused ultrasound	Nature communications	2018	30046032	10.1038/s41467-018-04529-6	PMC6060168	https://pmc.ncbi.nlm.nih.gov/articles/PMC6060168/		fulltext/lipsman_2018_pmid30046032.xml	focused_ultrasound;systemic_bbb_pharmacology;related_disease	fulltext_xml
focused_ultrasound	Meng Y, Suppiah S, Surendrakumar S, Bigioni L, Lipsman N.	Low-Intensity MR-Guided Focused Ultrasound Mediated Disruption of the Blood-Brain Barrier for Intracranial Metastatic Diseases	Frontiers in oncology	2018	30211117	10.3389/fonc.2018.00338	PMC6121246	https://pmc.ncbi.nlm.nih.gov/articles/PMC6121246/		fulltext/meng_2018_pmid30211117.xml	focused_ultrasound;systemic_bbb_pharmacology	fulltext_xml
focused_ultrasound	Poon CT, Shah K, Lin C, Tse R, Kim KK, Mooney S, Aubert I, Stefanovic B, Hynynen K.	Time course of focused ultrasound effects on β-amyloid plaque pathology in the TgCRND8 mouse model of Alzheimer's disease	Scientific reports	2018	30232364	10.1038/s41598-018-32250-3	PMC6145880	https://pmc.ncbi.nlm.nih.gov/articles/PMC6145880/		fulltext/poon_2018_pmid30232364.xml	focused_ultrasound;systemic_bbb_pharmacology;related_disease	fulltext_xml
focused_ultrasound	Tsolaki E, Downes A, Speier W, Elias WJ, Pouratian N.	The potential value of probabilistic tractography-based for MR-guided focused ultrasound thalamotomy for essential tremor	NeuroImage. Clinical	2018	29527503	10.1016/j.nicl.2017.12.018	PMC5842733	https://pmc.ncbi.nlm.nih.gov/articles/PMC5842733/		fulltext/tsolaki_2018_pmid29527503.xml	brainstem;focused_ultrasound;imaging_dosimetry_modeling	fulltext_xml
focused_ultrasound	Ye D, Zhang X, Yue Y, Raliya R, Biswas P, Taylor S, Tai YC, Rubin JB, Liu Y, Chen H.	Focused ultrasound combined with microbubble-mediated intranasal delivery of gold nanoclusters to the brain	Journal of controlled release : official journal of the Controlled Release Society	2018	30009893	10.1016/j.jconrel.2018.07.020	PMC6138562	https://pmc.ncbi.nlm.nih.gov/articles/PMC6138562/			brainstem;focused_ultrasound;imaging_dosimetry_modeling;intranasal;nanoparticle;systemic_bbb_pharmacology	metadata_only
focused_ultrasound	Alli S, Figueredo C, Sabha N, Wu M, Bondoc A, Golbourn B, Luck A, Smith C, Wurdak H, Hynynen K, O’Reilly M, Rutka J.	PDTM-33. FOCUSED ULTRASOUND DISRUPTION OF THE BLOOD BRAIN BARRIER IN THE BRAINSTEM: A FEASIBILITY AND SAFETY STUDY	Neuro-oncology	2017			PMC5692984	https://pmc.ncbi.nlm.nih.gov/articles/PMC5692984/			brainstem;dipg_dmg;focused_ultrasound;systemic_bbb_pharmacology;meeting_abstract	metadata_only
focused_ultrasound	Huang Y, Alkins R, Schwartz ML, Hynynen K.	Opening the Blood-Brain Barrier with MR Imaging-guided Focused Ultrasound: Preclinical Testing on a Trans-Human Skull Porcine Model	Radiology	2017	27420647	10.1148/radiol.2016152154	PMC5179309	https://pmc.ncbi.nlm.nih.gov/articles/PMC5179309/			focused_ultrasound;systemic_bbb_pharmacology	metadata_only
focused_ultrasound	Lipsman N, Ironside S, Alkins R, Bethune A, Huang Y, Perry J, Sahgal A, Trudeau M, Hynynen K, Mainprize T.	SCDT-51. INITIAL EXPERIENCE OF BLOOD-BRAIN BARRIER OPENING FOR CHEMOTHERAPEUTIC-DRUG DELIVERY TO BRAIN TUMOURS BY MR-GUIDED FOCUSED ULTRASOUND	Neuro-oncology	2017			PMC5692357	https://pmc.ncbi.nlm.nih.gov/articles/PMC5692357/			focused_ultrasound;nanoparticle;systemic_bbb_pharmacology;meeting_abstract	metadata_only
focused_ultrasound	Lipsman N, Ironside S, Alkins R, Bethune A, Huang Y, Perry J, Sahgal A, Trudeau M, Hynynen K, Mainprize T.	ACTR-42. INITIAL EXPERIENCE OF BLOOD-BRAIN BARRIER OPENING FOR CHEMOTHERAPEUTIC-DRUG DELIVERY TO BRAIN TUMOURS BY MR-GUIDED FOCUSED ULTRASOUND	Neuro-oncology	2017			PMC5692412	https://pmc.ncbi.nlm.nih.gov/articles/PMC5692412/			focused_ultrasound;nanoparticle;systemic_bbb_pharmacology;meeting_abstract	metadata_only
focused_ultrasound	O'Reilly MA, Jones RM, Barrett E, Schwab A, Head E, Hynynen K.	Investigation of the Safety of Focused Ultrasound-Induced Blood-Brain Barrier Opening in a Natural Canine Model of Aging	Theranostics	2017	28912896	10.7150/thno.20621	PMC5596444	https://pmc.ncbi.nlm.nih.gov/articles/PMC5596444/		fulltext/oreilly_2017_pmid28912896.xml	focused_ultrasound;systemic_bbb_pharmacology;related_disease	fulltext_xml
focused_ultrasound	Rohani M, Fasano A.	Focused Ultrasound for Essential Tremor: Review of the Evidence and Discussion of Current Hurdles	Tremor and other hyperkinetic movements (New York, N.Y.)	2017	28503363	10.7916/d8z89jn1	PMC5425801	https://pmc.ncbi.nlm.nih.gov/articles/PMC5425801/		fulltext/rohani_2017_pmid28503363.xml	focused_ultrasound;related_disease	fulltext_xml
focused_ultrasound	Fan CH, Chang EL, Ting CY, Lin YC, Liao EC, Huang CY, Chang YC, Chan HL, Wei KC, Yeh CK.	Folate-conjugated gene-carrying microbubbles with focused ultrasound for concurrent blood-brain barrier opening and local gene delivery	Biomaterials	2016	27544926	10.1016/j.biomaterials.2016.08.017		https://doi.org/10.1016/j.biomaterials.2016.08.017			focused_ultrasound;systemic_bbb_pharmacology	metadata_only
focused_ultrasound	Galkin MV.	[The use of transcranial focused ultrasound in CNS diseases]	Zhurnal voprosy neirokhirurgii imeni N. N. Burdenko	2016	27331236	10.17116/neiro2016802108-118		https://doi.org/10.17116/neiro2016802108-118			focused_ultrasound;systemic_bbb_pharmacology;related_disease	metadata_only
focused_ultrasound	Gallay MN, Moser D, Rossi F, Pourtehrani P, Magara AE, Kowalski M, Arnold A, Jeanmonod D.	Incisionless transcranial MR-guided focused ultrasound in essential tremor: cerebellothalamic tractotomy	Journal of therapeutic ultrasound	2016	26877873	10.1186/s40349-016-0049-8	PMC4752806	https://pmc.ncbi.nlm.nih.gov/articles/PMC4752806/		fulltext/gallay_2016_pmid26877873.xml	focused_ultrasound;systemic_bbb_pharmacology;related_disease	fulltext_xml
focused_ultrasound	Hughes A, Huang Y, Pulkkinen A, Schwartz ML, Lozano AM, Hynynen K.	A numerical study on the oblique focus in MR-guided transcranial focused ultrasound	Physics in medicine and biology	2016	27779134	10.1088/0031-9155/61/22/8025	PMC5102068	https://pmc.ncbi.nlm.nih.gov/articles/PMC5102068/			focused_ultrasound;systemic_bbb_pharmacology;related_disease	metadata_only
focused_ultrasound	Lin CY, Hsieh HY, Chen CM, Wu SR, Tsai CH, Huang CY, Hua MY, Wei KC, Yeh CK, Liu HL.	Non-invasive, neuron-specific gene therapy by focused ultrasound-induced blood-brain barrier opening in Parkinson's disease mouse model	Journal of controlled release : official journal of the Controlled Release Society	2016	27235980	10.1016/j.jconrel.2016.05.052		https://doi.org/10.1016/j.jconrel.2016.05.052			focused_ultrasound;nanoparticle;systemic_bbb_pharmacology;related_disease	metadata_only
focused_ultrasound	Liu HL, Hsu PH, Lin CY, Huang CW, Chai WY, Chu PC, Huang CY, Chen PY, Yang LY, Kuo JS, Wei KC.	Focused Ultrasound Enhances Central Nervous System Delivery of Bevacizumab for Malignant Glioma Treatment	Radiology	2016	27192459	10.1148/radiol.2016152444		https://doi.org/10.1148/radiol.2016152444			focused_ultrasound;systemic_bbb_pharmacology	metadata_only
focused_ultrasound	Ghanouni P, Pauly KB, Elias WJ, Henderson J, Sheehan J, Monteith S, Wintermark M.	Transcranial MRI-Guided Focused Ultrasound: A Review of the Technologic and Neurologic Applications	AJR. American journal of roentgenology	2015	26102394	10.2214/ajr.14.13632	PMC4687492	https://pmc.ncbi.nlm.nih.gov/articles/PMC4687492/			focused_ultrasound;systemic_bbb_pharmacology;related_disease	metadata_only
focused_ultrasound	Jung HH, Chang WS, Rachmilevitch I, Tlusty T, Zadicario E, Chang JW.	Different magnetic resonance imaging patterns after transcranial magnetic resonance-guided focused ultrasound of the ventral intermediate nucleus of the thalamus and anterior limb of the internal capsule in patients with essential tremor or obsessive-compulsive disorder	Journal of neurosurgery	2015	25343176	10.3171/2014.8.jns132603		https://doi.org/10.3171/2014.8.jns132603			focused_ultrasound;related_disease	metadata_only
focused_ultrasound	Samiotaki G, Acosta C, Wang S, Konofagou EE.	Enhanced delivery and bioactivity of the neurturin neurotrophic factor through focused ultrasound-mediated blood--brain barrier opening in vivo	Journal of cerebral blood flow and metabolism : official journal of the International Society of Cerebral Blood Flow and Metabolism	2015	25586140	10.1038/jcbfm.2014.236	PMC4420879	https://pmc.ncbi.nlm.nih.gov/articles/PMC4420879/			focused_ultrasound;systemic_bbb_pharmacology;related_disease	metadata_only
focused_ultrasound	Yang FY, Chang WY, Lin WT, Hwang JJ, Chien YC, Wang HE, Tsai ML.	Focused ultrasound enhanced molecular imaging and gene therapy for multifusion reporter gene in glioma-bearing rat model	Oncotarget	2015	26429860	10.18632/oncotarget.5389	PMC4742175	https://pmc.ncbi.nlm.nih.gov/articles/PMC4742175/		fulltext/yang_2015_pmid26429860.xml	focused_ultrasound;implant_depot_device;systemic_bbb_pharmacology;viral_vector	fulltext_xml
focused_ultrasound	Burgess A, Dubey S, Yeung S, Hough O, Eterman N, Aubert I, Hynynen K.	Alzheimer disease in a mouse model: MR imaging-guided focused ultrasound targeted to the hippocampus opens the blood-brain barrier and improves pathologic abnormalities and behavior	Radiology	2014	25222068	10.1148/radiol.14140245	PMC4314115	https://pmc.ncbi.nlm.nih.gov/articles/PMC4314115/			focused_ultrasound;systemic_bbb_pharmacology;related_disease	metadata_only
focused_ultrasound	Burgess A, Nhan T, Moffatt C, Klibanov AL, Hynynen K.	Analysis of focused ultrasound-induced blood-brain barrier permeability in a mouse model of Alzheimer's disease using two-photon microscopy	Journal of controlled release : official journal of the Controlled Release Society	2014	25107692	10.1016/j.jconrel.2014.07.051		https://doi.org/10.1016/j.jconrel.2014.07.051			focused_ultrasound;systemic_bbb_pharmacology;related_disease	metadata_only
focused_ultrasound	Jolesz FA.	Science to practice: opening the blood-brain barrier with focused ultrasound-a potential treatment for Alzheimer disease?	Radiology	2014	25420161	10.1148/radiol.14142033		https://doi.org/10.1148/radiol.14142033			focused_ultrasound;systemic_bbb_pharmacology;related_disease	metadata_only
focused_ultrasound	Moser D, Zadicario E, Schiff G, Jeanmonod D.	MR-guided focused ultrasound technique in functional neurosurgery: targeting accuracy	Journal of therapeutic ultrasound	2013	24761224	10.1186/2050-5736-1-3	PMC3988613	https://pmc.ncbi.nlm.nih.gov/articles/PMC3988613/		fulltext/moser_2013_pmid24761224.xml	focused_ultrasound;related_disease	fulltext_xml
intra_arterial	Ferreira C, Ferreira MY, Cardoso LJC, Scarramal JPL, Nogueira A, Wong T, Bokil S, Singh F, Massimo S, Albers O, Ben-Shalom N, D'Amico R, Langer D, Boockvar J, Serulle Y.	Safety and efficacy of selective and superselective intra-arterial cerebral infusion with blood-brain barrier disruption for glioma: a systematic review and meta-analysis	Journal of neurointerventional surgery	2026	41043867	10.1136/jnis-2025-024057		https://doi.org/10.1136/jnis-2025-024057			intra_arterial;systemic_bbb_pharmacology	metadata_only
intra_arterial	Ferreira C, Ferreira MY, Singh F, Wong T, Bokil S, Massimo S, Cavallaro J, Albers O, D'Amico R, Langer D, Boockvar J, Serulle Y.	Superselective intra-arterial cerebral infusion of chemotherapeutics after osmotic blood-brain barrier disruption in newly diagnosed or recurrent glioblastoma: technical insights and clinical outcomes from a single-center experience	Journal of neurointerventional surgery	2026	40044413	10.1136/jnis-2025-023068		https://doi.org/10.1136/jnis-2025-023068			intra_arterial;systemic_bbb_pharmacology	metadata_only
intra_arterial	Kinra M, Sheng R, Chen Y, de Souza AJ, Bhatia A, Sakomizu G, Tan J, Sun D, Zagha E, Liu H.	Biodegradable Intra-arterial Devices for Focal Drug Delivery to Targeted Organs	bioRxiv	2026		10.64898/2026.02.23.707478		https://doi.org/10.64898/2026.02.23.707478			implant_depot_device;intra_arterial	metadata_only
intra_arterial	Sabuzi F, Filippi L, Trulli M, Domenici F, Garaci F, Da Ros V.	Intra-Arterial Radioligand Therapy in Brain Cancer: Bridging Nuclear Medicine and Interventional Neuroradiology	Diagnostics (Basel, Switzerland)	2026	41594316	10.3390/diagnostics16020341	PMC12839570	https://pmc.ncbi.nlm.nih.gov/articles/PMC12839570/		fulltext/sabuzi_2026_pmid41594316.xml	intra_arterial;systemic_bbb_pharmacology	fulltext_xml
intra_arterial	Young CC, Narsinh KH, Chen SR, Ansari SA, Hetts SW, Lang FF, Wintermark M, Kan PT.	A Report from the Inaugural Society of NeuroInterventional Surgery Neurointerventional Oncology Summit	AJNR. American journal of neuroradiology	2026	40592540	10.3174/ajnr.a8902		https://doi.org/10.3174/ajnr.a8902			brainstem;dipg_dmg;intra_arterial;viral_vector	metadata_only
intra_arterial	Pinkiewicz M, Pinkiewicz M, Walecki J, Zawadzki M.	A systematic review on intra-arterial cerebral infusions of chemotherapeutics in the treatment of glioblastoma multiforme: The state-of-the-art	Frontiers in oncology	2022	36212394	10.3389/fonc.2022.950167	PMC9539841	https://pmc.ncbi.nlm.nih.gov/articles/PMC9539841/		fulltext/pinkiewicz_2022_pmid36212394.xml	intra_arterial;systemic_bbb_pharmacology	fulltext_xml
intra_arterial	Uluc K, Ambady P, McIntyre MK, Tabb JP, Kersch CN, Nerison CS, Huddleston A, Liu JJ, Dogan A, Priest RA, Fu R, Prola Netto J, Siler DA, Muldoon LL, Gahramanov S, Neuwelt EA.	Safety of intra-arterial chemotherapy with or without osmotic blood-brain barrier disruption for the treatment of patients with brain tumors	Neuro-oncology advances	2022	35892048	10.1093/noajnl/vdac104	PMC9307096	https://pmc.ncbi.nlm.nih.gov/articles/PMC9307096/		fulltext/uluc_2022_pmid35892048.xml	intra_arterial;systemic_bbb_pharmacology	fulltext_xml
intra_arterial	McCrea HJ, Ivanidze J, O'Connor A, Hersh EH, Boockvar JA, Gobin YP, Knopman J, Greenfield JP.	Intraarterial delivery of bevacizumab and cetuximab utilizing blood-brain barrier disruption in children with high-grade glioma and diffuse intrinsic pontine glioma: results of a phase I trial	Journal of neurosurgery. Pediatrics	2021	34359048	10.3171/2021.3.peds20738		https://doi.org/10.3171/2021.3.peds20738			brainstem;convection_enhanced_delivery;dipg_dmg;intra_arterial;systemic_bbb_pharmacology	metadata_only
intra_arterial	Patel NV, Wong T, Fralin SR, Li M, McKeown A, Gruber D, D'Amico RS, Patsalides A, Tsiouris A, Stefanov DG, Flores O, Zlochower A, Filippi CG, Ortiz R, Langer DJ, Boockvar JA.	Repeated superselective intraarterial bevacizumab after blood brain barrier disruption for newly diagnosed glioblastoma: a phase I/II clinical trial	Journal of neuro-oncology	2021	34601657	10.1007/s11060-021-03851-2		https://doi.org/10.1007/s11060-021-03851-2			intra_arterial;systemic_bbb_pharmacology	metadata_only
intra_arterial	Huang R, Boltze J, Li S.	Strategies for Improved Intra-arterial Treatments Targeting Brain Tumors: a Systematic Review	Frontiers in oncology	2020	32983974	10.3389/fonc.2020.01443	PMC7479245	https://pmc.ncbi.nlm.nih.gov/articles/PMC7479245/		fulltext/huang_2020_pmid32983974.xml	intra_arterial;systemic_bbb_pharmacology	fulltext_xml
intra_arterial	Iorio-Morin C, Gahide G, Morin C, Vanderweyen D, Roy MA, St-Pierre I, Massicotte-Tisluck K, Fortin D.	Management of Primary Central Nervous System Lymphoma Using Intra-Arterial Chemotherapy With Osmotic Blood-Brain Barrier Disruption: Retrospective Analysis of the Sherbrooke Cohort	Frontiers in oncology	2020	33552946	10.3389/fonc.2020.543648	PMC7855856	https://pmc.ncbi.nlm.nih.gov/articles/PMC7855856/		fulltext/ioriomorin_2020_pmid33552946.xml	intra_arterial;systemic_bbb_pharmacology	fulltext_xml
intra_arterial	Chakraborty S, Filippi CG, Wong T, Ray A, Fralin S, Tsiouris AJ, Praminick B, Demopoulos A, McCrea HJ, Bodhinayake I, Ortiz R, Langer DJ, Boockvar JA.	Superselective intraarterial cerebral infusion of cetuximab after osmotic blood/brain barrier disruption for recurrent malignant glioma: phase I study	Journal of neuro-oncology	2016	26945581	10.1007/s11060-016-2099-8		https://doi.org/10.1007/s11060-016-2099-8			intra_arterial;systemic_bbb_pharmacology	metadata_only
intra_arterial	Carceller F, Aleu A, Casasco A, Guimaraens L, López-Pino MA, Madero L, Ramírez M.	Superselective intracerebral catheterization for administration of oncolytic virotherapy in a case of diffuse intrinsic pontine glioma	Journal of pediatric hematology/oncology	2014	24327128	10.1097/mph.0000000000000084		https://doi.org/10.1097/mph.0000000000000084			brainstem;cell_therapy_delivery;dipg_dmg;intra_arterial;viral_vector	metadata_only
intra_arterial	Boockvar JA, Tsiouris AJ, Hofstetter CP, Kovanlikaya I, Fralin S, Kesavabhotla K, Seedial SM, Pannullo SC, Schwartz TH, Stieg P, Zimmerman RD, Knopman J, Scheff RJ, Christos P, Vallabhajosula S, Riina HA.	Safety and maximum tolerated dose of superselective intraarterial cerebral infusion of bevacizumab after osmotic blood-brain barrier disruption for recurrent malignant glioma. Clinical article	Journal of neurosurgery	2011	20964595	10.3171/2010.9.jns101223	PMC3622705	https://pmc.ncbi.nlm.nih.gov/articles/PMC3622705/			intra_arterial;systemic_bbb_pharmacology	metadata_only
intra_arterial	Riina HA, Knopman J, Greenfield JP, Fralin S, Gobin YP, Tsiouris AJ, Souweidane MM, Boockvar JA.	Balloon-assisted superselective intra-arterial cerebral infusion of bevacizumab for malignant brainstem glioma. A technical note	Interventional neuroradiology : journal of peritherapeutic neuroradiology, surgical procedures and related neurosciences	2010	20377982	10.1177/159101991001600109	PMC3277958	https://pmc.ncbi.nlm.nih.gov/articles/PMC3277958/			brainstem;intra_arterial;radiation_combined;systemic_bbb_pharmacology	metadata_only
intra_arterial	Jahnke K, Kraemer DF, Knight KR, Fortin D, Bell S, Doolittle ND, Muldoon LL, Neuwelt EA.	Intraarterial chemotherapy and osmotic blood-brain barrier disruption for patients with embryonal and germ cell tumors of the central nervous system	Cancer	2008	18072268	10.1002/cncr.23221		https://doi.org/10.1002/cncr.23221			intra_arterial;radiation_combined;systemic_bbb_pharmacology	metadata_only
intra_arterial	Hall WA, Doolittle ND, Daman M, Bruns PK, Muldoon L, Fortin D, Neuwelt EA.	Osmotic blood-brain barrier disruption chemotherapy for diffuse pontine gliomas	Journal of neuro-oncology	2006	16314949	10.1007/s11060-005-9038-4		https://doi.org/10.1007/s11060-005-9038-4			brainstem;intra_arterial;systemic_bbb_pharmacology	metadata_only
intra_arterial	Sandberg DI, Edgar MA, Souweidane MM.	Effect of hyperosmolar mannitol on convection-enhanced delivery into the rat brain stem	Journal of neuro-oncology	2002	12187954	10.1023/a:1016213315548		https://doi.org/10.1023/a:1016213315548			brainstem;convection_enhanced_delivery;imaging_dosimetry_modeling;intra_arterial	metadata_only
intra_arterial	Osztie E, Várallyay P, Doolittle ND, Lacy C, Jones G, Nickolson HS, Neuwelt EA.	Combined intraarterial carboplatin, intraarterial etoposide phosphate, and IV Cytoxan chemotherapy for progressive optic-hypothalamic gliomas in young children	AJNR. American journal of neuroradiology	2001	11337321		PMC8174946	https://pmc.ncbi.nlm.nih.gov/articles/PMC8174946/			intra_arterial;radiation_combined;surgical_access	metadata_only
intra_arterial	Siegal T, Rubinstein R, Bokstein F, Schwartz A, Lossos A, Shalom E, Chisin R, Gomori JM.	In vivo assessment of the window of barrier opening after osmotic blood-brain barrier disruption in humans	Journal of neurosurgery	2000	10761648	10.3171/jns.2000.92.4.0599		https://doi.org/10.3171/jns.2000.92.4.0599			intra_arterial;systemic_bbb_pharmacology	metadata_only
intra_arterial	Roman-Goldstein S, Mitchell P, Crossen JR, Williams PC, Tindall A, Neuwelt EA.	MR and cognitive testing of patients undergoing osmotic blood-brain barrier disruption with intraarterial chemotherapy	AJNR. American journal of neuroradiology	1995	7793380		PMC8337651	https://pmc.ncbi.nlm.nih.gov/articles/PMC8337651/			intra_arterial;systemic_bbb_pharmacology	metadata_only
intra_arterial	Fujiwara T, Ogawa T, Irie K, Tsuchida T, Nagao S, Ohkawa M.	Intra-arterial chemotherapy for brain stem glioma: report of four cases	Neuroradiology	1994	8108006	10.1007/bf00599203		https://doi.org/10.1007/bf00599203			brainstem;intra_arterial	metadata_only
intra_arterial	Miyagami M, Tsubokawa T, Tazoe M, Kagawa Y.	Intra-arterial ACNU chemotherapy employing 20% mannitol osmotic blood-brain barrier disruption for malignant brain tumors	Neurologia medico-chirurgica	1990	1703636	10.2176/nmc.30.582		https://doi.org/10.2176/nmc.30.582			intra_arterial;systemic_bbb_pharmacology	metadata_only
intra_arterial	Yamada K, Takahama H, Nakai O, Takanashi T, Hosoya T.	[Intra-arterial chemotherapy of malignant glioma after osmotic blood-brain barrier disruption]	Gan to kagaku ryoho. Cancer & chemotherapy	1989	2506817			https://pubmed.ncbi.nlm.nih.gov/2506817/			intra_arterial;systemic_bbb_pharmacology	metadata_only
intrathecal_csf	Can M, Ausseil J, Seyrantepe V.	Intrathecal delivery of AAVrh10-mHexa combined with anti-inflammatory treatment reduces neuropathological markers and extends the lifespan of mice with early-onset Tay-Sachs disease	Metabolic brain disease	2026	41739308	10.1007/s11011-026-01802-2	PMC12935828	https://pmc.ncbi.nlm.nih.gov/articles/PMC12935828/		fulltext/can_2026_pmid41739308.xml	intrathecal_csf;viral_vector;related_disease	fulltext_xml
intrathecal_csf	Castilho NB, Silva KC, de Oliveira CTP, Filho AMS, Ortega MM.	First reported case in Brazil of intraventricular pilocytic astrocytoma in an adult patient with literature review	Discover oncology	2026	41882481	10.1007/s12672-026-04883-8	PMC13139531	https://pmc.ncbi.nlm.nih.gov/articles/PMC13139531/		fulltext/castilho_2026_pmid41882481.xml	brainstem;intrathecal_csf	fulltext_xml
intrathecal_csf	Champarini LG, Herrera ML, Jávega Cometto M, Bartolozzi RDV, Naranjo Viteri AJ, Crespo R, Calfa GD, Hereñú CB.	Intracisternal IGF-1 gene delivery attenuates early anxiety-like behavior but not dopaminergic neurodegeneration in a 6-OHDA rat model of parkinsonism	Frontiers in aging neuroscience	2026	42157857	10.3389/fnagi.2026.1781503	PMC13182658	https://pmc.ncbi.nlm.nih.gov/articles/PMC13182658/		fulltext/champarini_2026_pmid42157857.xml	intrathecal_csf;related_disease	fulltext_xml
intrathecal_csf	Fiallo Arroyo J, Leon-Rojas JE.	The Glymphatic-Immune Axis in Glioblastoma: Mechanistic Insights and Translational Opportunities	International journal of molecular sciences	2026	41596575	10.3390/ijms27020928	PMC12841659	https://pmc.ncbi.nlm.nih.gov/articles/PMC12841659/		fulltext/fiallo_2026_pmid41596575.xml	convection_enhanced_delivery;focused_ultrasound;intranasal;intrathecal_csf;nanoparticle;systemic_bbb_pharmacology	fulltext_xml
intrathecal_csf	Gopalka M, Patel J, Votoupal M, Lam S.	Patient and Family Perspective on Transition from Ventricular Access Device to Chest-Sited Port for Intracerebroventricular Infusion in CLN2 Disease	Children (Basel, Switzerland)	2026	41897078	10.3390/children13030365	PMC13025636	https://pmc.ncbi.nlm.nih.gov/articles/PMC13025636/		fulltext/gopalka_2026_pmid41897078.xml	intrathecal_csf;related_disease	fulltext_xml
intrathecal_csf	Greenberg BM, Minassian B, Messahel S, Edgar VB, Lowden A, Dahshi H, Nettesheim ER, Nguyen HH, Hughes S, Muthukumar AR, Srinivasan K, Iannaccone S, Varadarajan G, Gray SJ, Kayani SN.	First-in-human high dose AAV9 intrathecal gene therapy for paediatric CLN7 disease: a phase 1, open-label, single ascending dose, non-randomised clinical trial	EBioMedicine	2026	41314141	10.1016/j.ebiom.2025.106044	PMC12703863	https://pmc.ncbi.nlm.nih.gov/articles/PMC12703863/		fulltext/greenberg_2026_pmid41314141.xml	intrathecal_csf;viral_vector;related_disease	fulltext_xml
intrathecal_csf	Jewett G, Chan E, Jagt K, Petrillo Ballantyne J, Wesolosky J, Perera T, Karnik V, Hahn C, Luk C, Mobach T.	An Intrathecal Therapeutics Clinic for Administration of Tofersen in Amyotrophic Lateral Sclerosis: A Canadian Nurse Practitioner and Neurologist Collaborative Model	The Canadian journal of neurological sciences. Le journal canadien des sciences neurologiques	2026	42438447	10.1017/cjn.2026.10647		https://doi.org/10.1017/cjn.2026.10647			intrathecal_csf;related_disease	metadata_only
intrathecal_csf	Jiang C, Zhao Y, Chen D, Yuan X.	Advances in Ommaya reservoir-based intrathecal therapy for leptomeningeal metastasis from non-small cell lung cancer: a systematic review	Frontiers in oncology	2026	42239892	10.3389/fonc.2026.1746953	PMC13227113	https://pmc.ncbi.nlm.nih.gov/articles/PMC13227113/		fulltext/jiang_2026_pmid42239892.xml	implant_depot_device;intrathecal_csf	fulltext_xml
intrathecal_csf	Kuo C, Babayemi T, Dam KU, Zheng S, Yang HW, Sirianni RW.	Ang2 and TAT targeting of leptomeningeal disease by the intravenous and intrathecal routes: a comparative analysis	bioRxiv	2026		10.64898/2026.06.29.735336		https://doi.org/10.64898/2026.06.29.735336			brainstem;intrathecal_csf	metadata_only
intrathecal_csf	Kwon JM, Munell F, Le Goff L, Yuge K, Kato T, Cances C, De Waele L, Woodcock IR, Mercuri EM, Proud CM, Darras BT, Hayes LH, Oskoui M, Visootsak J, Williams G, Ilić A, Yang L, van der Pol WL.	Intrathecal onasemnogene abeparvovec for treatment-experienced patients with spinal muscular atrophy: a phase 3b, open-label trial	Nature medicine	2026	41360995	10.1038/s41591-025-04119-2	PMC12920129	https://pmc.ncbi.nlm.nih.gov/articles/PMC12920129/		fulltext/kwon_2026_pmid41360995.xml	intrathecal_csf;related_disease	fulltext_xml
intrathecal_csf	Muenzer J, Burton BK, Harmatz P, Gutiérrez-Solana LG, Ruiz-Garcia M, Jones SA, Guffon N, Inbar-Feigenberg M, Bratkovic D, Rust S, Hale M, Wu Y, Yee KS, Whiteman DAH, Alexanderian D.	Intrathecal idursulfase-IT in children younger than 3 years with neuronopathic mucopolysaccharidosis II in a single-arm, open-label, phase 2/3 substudy and extension	JIMD reports	2026	41737901	10.1002/jmd2.12443	PMC12928010	https://pmc.ncbi.nlm.nih.gov/articles/PMC12928010/		fulltext/muenzer_2026_pmid41737901.xml	intrathecal_csf;related_disease	fulltext_xml
intrathecal_csf	Ngu LH, Mo Q, Li S, Toh TH, Lee JN, Lim KC, Tehuteru ES, Lestari R, Sanguansermsri C, Abueita H, Gwer S, Li L, Wang Z, Kirmani S, Chen JX, Cai YY, Zheng NN, Yang SY, Liang PJ, Li Y, Lu M, Tang Y, Li Y, Ye JZ, Shi SJ, Hong JF, Chen AY, Zheng CK, Wang S, Lim T, Lahn BT, Gao AT.	Twelve-Month Outcomes of Intrathecal Vesemnogene Lantuparvovec for Spinal Muscular Atrophy in Children Younger than 24 Months in Low- and Middle-Income Countries		2026		10.64898/2026.05.27.26354188		https://doi.org/10.64898/2026.05.27.26354188			intrathecal_csf;related_disease	metadata_only
intrathecal_csf	Proud CM, Vũ DC, Wilmshurst JM, Sanmaneechai O, Gulati S, Xiong H, Moreno HC, Tay SKH, Thong MK, Born AP, Banzzatto Ortega A, Jong YJ, Al-Muhaizea MA, Lee AW, Visootsak J, Tauscher-Wisniewski S, Alecu I, Parlikar R, Finkel RS, STEER Study Group.	Intrathecal onasemnogene abeparvovec in treatment-naive patients with spinal muscular atrophy: a phase 3, randomized controlled trial	Nature medicine	2026	41360993	10.1038/s41591-025-04103-w	PMC12920101	https://pmc.ncbi.nlm.nih.gov/articles/PMC12920101/		fulltext/proud_2026_pmid41360993.xml	intrathecal_csf;related_disease	fulltext_xml
intrathecal_csf	Sinderewicz E, Dąbkowska M, Sarnowska A, Staszkiewicz-Chodor J, Mystkowska D, Holak P, Drozd I, Chodkowska-Michalowska M, Rytel M, Paczkowska E, Mycko MP, Machalinski B, Jezierska-Wozniak K.	Safety and biodistribution of intrathecal administration of mesenchymal stem cells (MSCs) and neurotrophin-releasing nanoparticles in a porcine CSF-guided delivery model for amyotrophic lateral sclerosis (ALS) drug discovery	Scientific reports	2026	41760732	10.1038/s41598-026-40196-0	PMC13046777	https://pmc.ncbi.nlm.nih.gov/articles/PMC13046777/		fulltext/sinderewicz_2026_pmid41760732.xml	cell_therapy_delivery;imaging_dosimetry_modeling;intrathecal_csf;nanoparticle;related_disease	fulltext_xml
intrathecal_csf	Soumbasis A, Ueno A, Elliott D, Lama S, Edwards S, Starreveld YP, Zhang Y, Federico P, Sutherland GR, LeVan P, Poon CC.	The glymphatic system and glioblastoma	Brain : a journal of neurology	2026	41310975	10.1093/brain/awaf449	PMC13140616	https://pmc.ncbi.nlm.nih.gov/articles/PMC13140616/		fulltext/soumbasis_2026_pmid41310975.xml	intrathecal_csf	fulltext_xml
intrathecal_csf	Thal YL, Opitz M, Ocker-Serger R, Klüner LV, Rosok D, Drews MA, Bos D, Haubold J, Kleinschnitz C, Hagenacker T, Forsting M, Deuschl C, Zensen S.	CT-guided Lumbar Puncture for Intrathecal Nusinersen Injection in Patients with Spinal Muscular Atrophy: Technical Effectiveness, Safety, and Radiation Dose	Clinical neuroradiology	2026	41288721	10.1007/s00062-025-01590-9		https://doi.org/10.1007/s00062-025-01590-9			intrathecal_csf;related_disease	metadata_only
intrathecal_csf	Ueda Y, Hirabayashi S, Yamada S, Nakakubo S, Nakajima M, Goto T, Abe J, Terashita Y, Manabe A, Okuyama T, Egawa K.	Combined Treatment of Intracerebroventricular Enzyme Replacement and Cord Blood Transplantation in Patients with Mucopolysaccharidosis Type II Diagnosed by Newborn Screening		2026		10.20944/preprints202605.1252.v1		https://doi.org/10.20944/preprints202605.1252.v1			intrathecal_csf;related_disease	metadata_only
intrathecal_csf	Ueda Y, Hirabayashi S, Miura M, Yamada S, Nakakubo S, Nakajima M, Goto T, Abe J, Terashita Y, Manabe A, Okuyama T, Egawa K.	Combined Intracerebroventricular Enzyme Replacement and Cord Blood Transplantation in Patients with Mucopolysaccharidosis Type II Diagnosed Through Newborn Screening	International journal of neonatal screening	2026	42496452	10.3390/ijns12030047		https://doi.org/10.3390/ijns12030047			intrathecal_csf;related_disease	metadata_only
intrathecal_csf	Zhang L, Feng M, Yang Y, Qi Z, Bihani P, Shah KS, Ong YX, Wang K, Cao Y, Li L, Gao Y.	A comparative study of Ommaya reservoir versus lumbar puncture for intrathecal chemotherapy in patients with leptomeningeal metastasis: a systematic review and meta-analysis	Journal of neuro-oncology	2026	42234048	10.1007/s11060-026-05652-x	PMC13233974	https://pmc.ncbi.nlm.nih.gov/articles/PMC13233974/		fulltext/zhang_2026_pmid42234048.xml	intrathecal_csf	fulltext_xml
intrathecal_csf	Austin GL, Wang F, Le SQ, Sorensen A, Li S, Foong LC, Singamsetty S, Wood J, Chou TF, Dickson PI.	Recombinant human alpha-N-acetylglucosamine-6-sulfatase delivered to Sanfilippo D mice with repeated intracerebroventricular injections corrects CNS pathology	PloS one	2025	40711973	10.1371/journal.pone.0328941	PMC12295227	https://pmc.ncbi.nlm.nih.gov/articles/PMC12295227/		fulltext/austin_2025_pmid40711973.xml	intrathecal_csf;related_disease	fulltext_xml
intrathecal_csf	Boop S, Nistal D, Barrios-Anderson A, Cherny WB, Chang IJ, Shelkowitz E, Kho T, Goldstein HE, Hauptman J.	Novel surgical approach for intraventricular cerliponase alfa enzyme replacement therapy via central venous access device (CVAD) port in neuronal ceroid lipofuscinosis type 2 (CLN2) disease	Child's nervous system : ChNS : official journal of the International Society for Pediatric Neurosurgery	2025	40295329	10.1007/s00381-025-06822-4	PMC12037640	https://pmc.ncbi.nlm.nih.gov/articles/PMC12037640/		fulltext/boop_2025_pmid40295329.xml	implant_depot_device;intrathecal_csf;related_disease	fulltext_xml
intrathecal_csf	Calma AD, Tan I, Tohidi-Esfahani I, Sanders L, Kumar K, Morris K.	Cerebral venous sinus thrombosis after intrathecal administration of nusinersen	BMJ case reports	2025	39755539	10.1136/bcr-2024-260080		https://doi.org/10.1136/bcr-2024-260080			intrathecal_csf;related_disease	metadata_only
intrathecal_csf	Chai H, Xu H, Jiang S, Zhang T, Chen J, Zhu R, Wang Y, Sun M, Liu B, Wang X, Sun X, Zhang K, Zhou L, Shi ZF.	Neural stem cell-delivered oncolytic virus via intracerebroventricular administration enhances glioblastoma therapy and immune modulation	Journal for immunotherapy of cancer	2025	41062177	10.1136/jitc-2025-012934	PMC12516981	https://pmc.ncbi.nlm.nih.gov/articles/PMC12516981/		fulltext/chai_2025_pmid41062177.xml	cell_therapy_delivery;intrathecal_csf;viral_vector	fulltext_xml
intrathecal_csf	Fote GM, Schafenacker A, Singh J, Sherlock D, Romero B, Himstead A, Davies J, Pedroza S, So J, Gornick W, Arrieta A, Wang RY, Olaya J.	Management of positive cerebrospinal fluid cultures from intraventricular reservoirs of neuronal ceroid lipofuscinosis type 2 patients: one institution's experience	Journal of neurosurgery. Pediatrics	2025	40845388	10.3171/2025.4.peds24452		https://doi.org/10.3171/2025.4.peds24452			implant_depot_device;intrathecal_csf;related_disease	metadata_only
intrathecal_csf	Ikari A, Hama A, Okuyama T.	Case report of neuronopathic mucopolysaccharidosis type II: Early intracerebroventricular enzyme replacement therapy and hematopoietic cell transplantation with developmental outcomes up to 5 years of age	Molecular genetics and metabolism reports	2025	41078579	10.1016/j.ymgmr.2025.101254	PMC12508584	https://pmc.ncbi.nlm.nih.gov/articles/PMC12508584/		fulltext/ikari_2025_pmid41078579.xml	intrathecal_csf;related_disease	fulltext_xml
intrathecal_csf	Iqbal M.	A Phase I, Randomized, Double-Blind, Placebo-Controlled Trial of Intracisternal Engineered Autologous Exosomes (NV-101) to Restore Neuronal Proteostasis in Early Alzheimer’s Disease: The RESTORE Protocol		2025		10.1101/2025.09.04.25335118		https://doi.org/10.1101/2025.09.04.25335118			intrathecal_csf;nanoparticle;systemic_bbb_pharmacology;related_disease	metadata_only
intrathecal_csf	Jasso M, Zhu JJ, Bhattacharjee MB, Hergenroeder GW.	Case Report: Rare intraventricular H3 K27-altered diffuse midline glioma in an adult	Frontiers in oncology	2025	40182052	10.3389/fonc.2025.1477978	PMC11965628	https://pmc.ncbi.nlm.nih.gov/articles/PMC11965628/		fulltext/jasso_2025_pmid40182052.xml	brainstem;dipg_dmg;intrathecal_csf	fulltext_xml
intrathecal_csf	Ke X, Wu Y, Yang R, Zhou Y, Zhang M, Liu H, Mei W.	Real-Time Ultrasound-Guided Intrathecal Delivery of Nusinersen in Adult Patients With Spinal Muscular Atrophy and Complex Spinal Anatomy	Pain physician	2025	41337773			https://pubmed.ncbi.nlm.nih.gov/41337773/			intrathecal_csf;related_disease	metadata_only
intrathecal_csf	Lando-Dotan S, Perlow E, Shkalim Zemer V, Levine H, Bruckheimer E, Tzeitlin Y, Steinberg T, Nevo Y, Shochat T, Aharoni S.	Fluoroscopic guidance for intrathecal delivery of nusinersen in pediatric patients with spinal muscular atrophy and complex spines	Neuromuscular disorders : NMD	2025	40121811	10.1016/j.nmd.2025.105336		https://doi.org/10.1016/j.nmd.2025.105336			intrathecal_csf;related_disease	metadata_only
intrathecal_csf	Lee HS, Lee H, Lee YM, Kim S.	Considerations for repetitive intrathecal procedures in long-term nusinersen treatment for non-ambulatory spinal muscular atrophy	Scientific reports	2025	40074846	10.1038/s41598-025-93103-4	PMC11903899	https://pmc.ncbi.nlm.nih.gov/articles/PMC11903899/		fulltext/lee_2025_pmid40074846.xml	intrathecal_csf;related_disease	fulltext_xml
intrathecal_csf	Liang W, Sun W, Li C, Zhou J, Long C, Li H, Xu D, Xu H.	Glymphatic system dysfunction and cerebrospinal fluid retention in gliomas: evidence from perivascular space diffusion and volumetric analysis	Cancer imaging : the official publication of the International Cancer Imaging Society	2025	40197529	10.1186/s40644-025-00868-y	PMC11974089	https://pmc.ncbi.nlm.nih.gov/articles/PMC11974089/		fulltext/liang_2025_pmid40197529.xml	imaging_dosimetry_modeling;intrathecal_csf	fulltext_xml
intrathecal_csf	Lu VM, Vazquez S, Roach CS, Niazi TN.	Surgical success of subcutaneous systems for intrathecal nusinersen delivery in spinal muscular atrophy: A systematic review and meta-analysis	Clinical neurology and neurosurgery	2025	40743658	10.1016/j.clineuro.2025.109085		https://doi.org/10.1016/j.clineuro.2025.109085			implant_depot_device;intrathecal_csf;related_disease	metadata_only
intrathecal_csf	Mansilla Fernández B, Paz Solís JF, García Romero MDM, Fernandez-Garcia MA, Román de Aragón M, Carceller Benito F, Pascual Pascual SI.	Difficulty of administration of nusinersen in complex-column spinal muscular atrophy: New alternative technique by means of cervical intrathecal access through an Ommaya reservoir	European journal of paediatric neurology : EJPN : official journal of the European Paediatric Neurology Society	2025	39832442	10.1016/j.ejpn.2025.01.005		https://doi.org/10.1016/j.ejpn.2025.01.005			implant_depot_device;intrathecal_csf;related_disease	metadata_only
intrathecal_csf	Potaczek T, Duda S, Adamczyk J.	Surgical Access for Intrathecal Therapy in Spinal Muscular Atrophy with Spinal Fusion: Long-Term Outcomes of Lumbar Laminectomy	Journal of clinical medicine	2025	40566025	10.3390/jcm14124280	PMC12193754	https://pmc.ncbi.nlm.nih.gov/articles/PMC12193754/		fulltext/potaczek_2025_pmid40566025.xml	intrathecal_csf;related_disease	fulltext_xml
intrathecal_csf	Read J, Donald A, Rhead S, Acquaah L, Chan G, Heap F, Brown B, Ghosh A, Jones SA, Ram D, Kamaly-Asl I.	Chest-sited intraventricular access devices for cerliponase alfa infusion in Batten disease at a single tertiary United Kingdom pediatric center	Journal of neurosurgery. Pediatrics	2025	41172362	10.3171/2025.7.peds25222		https://doi.org/10.3171/2025.7.peds25222			intrathecal_csf;related_disease	metadata_only
intrathecal_csf	Rogers DL, Blind JE, Kienzle T, De Los Reyes E, Mendel TA, Jordan CO.	Same-Day Approach for Combined Intravitreal and Intracerebroventricular Enzyme Replacement Therapy to Prevent Retinal Disease Progression in Children With Neuronal Ceroid Lipofuscinosis Type 2	Pediatric neurology	2025	40578219	10.1016/j.pediatrneurol.2025.06.007		https://doi.org/10.1016/j.pediatrneurol.2025.06.007			intrathecal_csf;related_disease	metadata_only
intrathecal_csf	Schreiner TG, Menéndez-González M, Schreiner OD, Ciobanu RC.	Intrathecal Therapies for Neurodegenerative Diseases: A Review of Current Approaches and the Urgent Need for Advanced Delivery Systems	Biomedicines	2025	41007730	10.3390/biomedicines13092167	PMC12467120	https://pmc.ncbi.nlm.nih.gov/articles/PMC12467120/		fulltext/schreiner_2025_pmid41007730.xml	implant_depot_device;intrathecal_csf;systemic_bbb_pharmacology;related_disease	fulltext_xml
intrathecal_csf	Soangra R, Grant-Beuttler M, Chang H, Wang RY.	Two-year follow-up of gait and postural control following initiation of recombinant human tripeptidyl intracerebroventricular enzyme replacement therapy in two atypical CLN2 patients	Scientific reports	2025	39762319	10.1038/s41598-024-82157-5	PMC11704126	https://pmc.ncbi.nlm.nih.gov/articles/PMC11704126/		fulltext/soangra_2025_pmid39762319.xml	intrathecal_csf;related_disease	fulltext_xml
intrathecal_csf	Song HC, Gwak HS.	Differential Diagnosis of a Well-Enhancing Intracisternal Lesion in a Breast Cancer Patient	Brain tumor research and treatment	2025	39924715	10.14791/btrt.2025.0002	PMC11813559	https://pmc.ncbi.nlm.nih.gov/articles/PMC11813559/		fulltext/song_2025_pmid39924715.xml	brainstem;intrathecal_csf	fulltext_xml
intrathecal_csf	Tuohy K, Mansouri A, Tulchinsky M, Ali A, Le Rhun E, Weller M, Glantz M.	Intra-Ommaya reservoir administration technique affects cerebrospinal fluid drug distribution in patients with leptomeningeal metastases	Neuro-oncology practice	2025	41080198	10.1093/nop/npaf044	PMC12508751	https://pmc.ncbi.nlm.nih.gov/articles/PMC12508751/			intrathecal_csf	metadata_only
intrathecal_csf		DIPG-47. SEQUENTIAL INTRAVENOUS AND INTRACEREBROVENTRICULAR GD2-CAR T-CELL THERAPY FOR H3K27M-MUTATED DIFFUSE MIDLINE GLIOMAS	Neuro-oncology	2024			PMC11182938	https://pmc.ncbi.nlm.nih.gov/articles/PMC11182938/		fulltext/anon_2024_pmidPMC11182938.xml	cell_therapy_delivery;dipg_dmg;intrathecal_csf;meeting_abstract	fulltext_xml
intrathecal_csf		TRLS-01. INTRAVENTRICULAR B7-H3 CAR T CELLS FOR DIFFUSE INTRINSIC PONTINE GLIOMA: SAFETY AND EFFICACY REPORT FROM THE COMPLETED PHASE 1 TRIAL BRAINCHILD-03	Neuro-oncology	2024			PMC11182942	https://pmc.ncbi.nlm.nih.gov/articles/PMC11182942/		fulltext/anon_2024_pmidPMC11182942.xml	brainstem;cell_therapy_delivery;dipg_dmg;intrathecal_csf;meeting_abstract	fulltext_xml
intrathecal_csf	Huang WC, Ohnsman CM, Atiskova Y, Falabella P, Spitzer MS, Schulz A, Dulz S.	OCT Biomarkers in Ocular CLN2 Disease in Patients Treated With Intraventricular Enzyme Replacement Therapy	Investigative ophthalmology & visual science	2024	39078732	10.1167/iovs.65.8.45	PMC11290571	https://pmc.ncbi.nlm.nih.gov/articles/PMC11290571/		fulltext/huang_2024_pmid39078732.xml	intrathecal_csf;related_disease	fulltext_xml
intrathecal_csf	Nakashima S, Hamada M, Kimura T, Tanifuji S, Takahashi A, Yashita D, Kakimoto Y, Matsukawa T, Ishiura H, Toda T.	Intraventricular Cerliponase Alfa Treatment in a Patient with Advanced Neuronal Ceroid Lipofuscinosis Type 2	Internal medicine (Tokyo, Japan)	2024	37926545	10.2169/internalmedicine.2563-23	PMC11239262	https://pmc.ncbi.nlm.nih.gov/articles/PMC11239262/		fulltext/nakashima_2024_pmid37926545.xml	intrathecal_csf;related_disease	fulltext_xml
intrathecal_csf	Scalia G, Ferini G, Silven MP, Noto M, Costanzo R, Maugeri R, Iacopino DG, Zagardo V, Viola A, Nicoletti GF, Umana GE.	Alterations of the Glymphatic System in Glioblastomas: A Systematic Review	Anticancer research	2024	39060078	10.21873/anticanres.17140		https://doi.org/10.21873/anticanres.17140			intrathecal_csf	metadata_only
intrathecal_csf	Siri S, Burchett A, Datta M.	Simulating the impact of tumor mechanical forces on glymphatic networks in the brain parenchyma	Biomechanics and modeling in mechanobiology	2024	39298038	10.1007/s10237-024-01890-y	PMC11554883	https://pmc.ncbi.nlm.nih.gov/articles/PMC11554883/		fulltext/siri_2024_pmid39298038.xml	imaging_dosimetry_modeling;intrathecal_csf	fulltext_xml
intrathecal_csf	Still MEH, Blatt JE.	Fiducial-marked laminectomy window for intrathecal medication administration after spinal fusion: illustrative case	Journal of neurosurgery. Case lessons	2024	39652856	10.3171/case24411	PMC11633017	https://pmc.ncbi.nlm.nih.gov/articles/PMC11633017/		fulltext/still_2024_pmid39652856.xml	intrathecal_csf;related_disease	fulltext_xml
intrathecal_csf	Zanfini BA, Catarci S, Patanella AK, Vassalli F, Frassanito L, Pane M, Biancone M, Di Muro M, Rizzi E, Mercuri EM, Sabatelli M, Draisci G.	Ultrasound assisted versus landmark based intrathecal administration of nusinersen in adults with spinal muscular atrophy disease: A randomized trial	Muscle & nerve	2024	39246033	10.1002/mus.28248		https://doi.org/10.1002/mus.28248			intrathecal_csf;related_disease	metadata_only
intrathecal_csf	Compton DR, DeMarco SJ, Yalamanchili P.	AAV2-hAADC (Eladocagene Exuparvovec) Biodistribution and Expression: Superiority of Intraputaminal versus Intracerebroventricular and Intrathecal (Lumbar) Routes of Administration	International journal of toxicology	2023	36472076	10.1177/10915818221144424		https://doi.org/10.1177/10915818221144424			imaging_dosimetry_modeling;intrathecal_csf;viral_vector;related_disease	metadata_only
intrathecal_csf	Dulz S, Schwering C, Wildner J, Spartalis C, Schuettauf F, Bartsch U, Wibbeler E, Nickel M, Spitzer MS, Atiskova Y, Schulz A.	Ongoing retinal degeneration despite intraventricular enzyme replacement therapy with cerliponase alfa in late-infantile neuronal ceroid lipofuscinosis type 2 (CLN2 disease)	The British journal of ophthalmology	2023	35772852	10.1136/bjo-2022-321260		https://doi.org/10.1136/bjo-2022-321260			intrathecal_csf;related_disease	metadata_only
intrathecal_csf	Finkel RS, Darras BT, Mendell JR, Day JW, Kuntz NL, Connolly AM, Zaidman CM, Crawford TO, Butterfield RJ, Shieh PB, Tennekoon G, Brandsema JF, Iannaccone ST, Shoffner J, Kavanagh S, Macek TA, Tauscher-Wisniewski S.	Intrathecal Onasemnogene Abeparvovec for Sitting, Nonambulatory Patients with Spinal Muscular Atrophy: Phase I Ascending-Dose Study (STRONG)	Journal of neuromuscular diseases	2023	36911944	10.3233/jnd-221560	PMC10200150	https://pmc.ncbi.nlm.nih.gov/articles/PMC10200150/		fulltext/finkel_2023_pmid36911944.xml	intrathecal_csf;related_disease	fulltext_xml
intrathecal_csf	Melin E, Pripp AH, Eide PK, Ringstad G.	In vivo distribution of cerebrospinal fluid tracer in human upper spinal cord and brain stem	JCI insight	2023	38063195	10.1172/jci.insight.173276	PMC10795833	https://pmc.ncbi.nlm.nih.gov/articles/PMC10795833/		fulltext/melin_2023_pmid38063195.xml	brainstem;intrathecal_csf	fulltext_xml
intrathecal_csf	Pinkstaff J, McCullagh E, Grover A, Melton AC, Cherukuri A, Wait JC, Nguyen A, Butt MT, Trombley JL, Reed RP, Adams EL, Boyd RB, Chandra S, Henshaw J, O'Neill CA, Zanelli E, Kovalchin J.	Safety, pharmacokinetics and CNS distribution of tralesinidase alfa administered via intracerebroventricular infusion to juvenile cynomolgus monkeys	Toxicology reports	2023	36923444	10.1016/j.toxrep.2023.02.014	PMC10009680	https://pmc.ncbi.nlm.nih.gov/articles/PMC10009680/		fulltext/pinkstaff_2023_pmid36923444.xml	imaging_dosimetry_modeling;intrathecal_csf;systemic_bbb_pharmacology;related_disease	fulltext_xml
intrathecal_csf	Seo JH, Kosuga M, Hamazaki T, Shintaku H, Okuyama T.	Intracerebroventricular enzyme replacement therapy in patients with neuronopathic mucopolysaccharidosis type II: Final report of 5-year results from a Japanese open-label phase 1/2 study	Molecular genetics and metabolism	2023	37922836	10.1016/j.ymgme.2023.107709		https://doi.org/10.1016/j.ymgme.2023.107709			intrathecal_csf;related_disease	metadata_only
intrathecal_csf	Zhang Y, Zheng K, Liang C, Zheng R, Chen J, Jiang M, Zhou Z, Zhao Y, Rao M, Yang S, Chen W, Liu L.	Modified nusinersen intrathecal injection method: inclusion of a septal needle-free closed infusion connector	Frontiers in neurology	2023	37808480	10.3389/fneur.2023.1234442	PMC10551161	https://pmc.ncbi.nlm.nih.gov/articles/PMC10551161/		fulltext/zhang_2023_pmid37808480.xml	intrathecal_csf;related_disease	fulltext_xml
intrathecal_csf		DDEL-05. Intraventricular therapy with topotecan is feasible and safe: Experience in 50 pediatric patients with various malignant brain tumors	Neuro-oncology	2022			PMC9165077	https://pmc.ncbi.nlm.nih.gov/articles/PMC9165077/		fulltext/anon_2022_pmidPMC9165077.xml	intrathecal_csf;meeting_abstract	fulltext_xml
intrathecal_csf		MODL-05 Metronomic Intrathecal Delivery of CDK4/6 Inhibitors in Preclinical Models of Pediatric Brain Tumors	Neuro-oncology	2022			PMC9164952	https://pmc.ncbi.nlm.nih.gov/articles/PMC9164952/		fulltext/anon_2022_pmidPMC9164952.xml	dipg_dmg;intrathecal_csf	fulltext_xml
intrathecal_csf	McThenia SS, Pandit-Taskar N, Grkovski M, Donzelli MA, Diagana S, Greenfield JP, Souweidane MM, Kramer K.	Quantifying intraventricular drug delivery utilizing programmable ventriculoperitoneal shunts as the intraventricular access device	Journal of neuro-oncology	2022	35403968	10.1007/s11060-022-03989-7	PMC11292655	https://pmc.ncbi.nlm.nih.gov/articles/PMC11292655/			intrathecal_csf;radiation_combined	metadata_only
intrathecal_csf	Hammon K, de Hart G, Vuillemenot BR, Kennedy D, Musson D, O'Neill CA, Katz ML, Henshaw JW.	Dose selection for intracerebroventricular cerliponase alfa in children with CLN2 disease, translation from animal to human in a rare genetic disease	Clinical and translational science	2021	34076336	10.1111/cts.13028	PMC8504808	https://pmc.ncbi.nlm.nih.gov/articles/PMC8504808/		fulltext/hammon_2021_pmid34076336.xml	intrathecal_csf;systemic_bbb_pharmacology;related_disease	fulltext_xml
intrathecal_csf	Kan SH, Elsharkawi I, Le SQ, Prill H, Mangini L, Cooper JD, Lawrence R, Sands MS, Crawford BE, Dickson PI.	Biochemical evaluation of intracerebroventricular rhNAGLU-IGF2 enzyme replacement therapy in neonatal mice with Sanfilippo B syndrome	Molecular genetics and metabolism	2021	33839004	10.1016/j.ymgme.2021.03.013	PMC8195848	https://pmc.ncbi.nlm.nih.gov/articles/PMC8195848/			intrathecal_csf;related_disease	metadata_only
intrathecal_csf	Kang K, Bernstock J, Mott B, Nan L, Li R, Totsch S, Gary S, Ghajar-Rahimi G, Etminan T, Eisemann T, Wechsler-Reya R, Beierle E, Gillespie G, Markert J, Friedman G.	EPCT-22 SAFETY AND EFFICACY OF INTRAVENTRICULAR IMMUNOVIROTHERAPY WITH ONCOLYTIC HSV-1 G207 FOR TREATMENT OF LEPTOMENINGEAL DISEASE	Neuro-oncology	2021			PMC8168116	https://pmc.ncbi.nlm.nih.gov/articles/PMC8168116/		fulltext/kang_2021_pmidPMC8168116.xml	intrathecal_csf;viral_vector	fulltext_xml
intrathecal_csf	Seo JH, Kosuga M, Hamazaki T, Shintaku H, Okuyama T.	Impact of intracerebroventricular enzyme replacement therapy in patients with neuronopathic mucopolysaccharidosis type II	Molecular therapy. Methods & clinical development	2021	33768130	10.1016/j.omtm.2021.02.018	PMC7957024	https://pmc.ncbi.nlm.nih.gov/articles/PMC7957024/		fulltext/seo_2021_pmid33768130.xml	implant_depot_device;intrathecal_csf;related_disease	fulltext_xml
intrathecal_csf	Chen JC, Luu AR, Wise N, Angelis R, Agrawal V, Mangini L, Vincelette J, Handyside B, Sterling H, Lo MJ, Wong H, Galicia N, Pacheco G, Van Vleet J, Giaramita A, Fong S, Roy SM, Hague C, Lawrence R, Bullens S, Christianson TM, d'Azzo A, Crawford BE, Bunting S, LeBowitz JH, Yogalingam G.	Intracerebroventricular enzyme replacement therapy with β-galactosidase reverses brain pathologies due to GM1 gangliosidosis in mice	The Journal of biological chemistry	2020	31481471	10.1074/jbc.ra119.009811	PMC7521651	https://pmc.ncbi.nlm.nih.gov/articles/PMC7521651/		fulltext/chen_2020_pmid31481471.xml	imaging_dosimetry_modeling;intrathecal_csf;related_disease	fulltext_xml
intrathecal_csf	Khatua S, Cooper LJN, Sandberg DI, Ketonen L, Johnson JM, Rytting ME, Liu DD, Meador H, Trikha P, Nakkula RJ, Behbehani GK, Ragoonanan D, Gupta S, Kotrotsou A, Idris T, Shpall EJ, Rezvani K, Colen R, Zaky W, Lee DA, Gopalakrishnan V.	Phase I study of intraventricular infusions of autologous ex vivo expanded NK cells in children with recurrent medulloblastoma and ependymoma	Neuro-oncology	2020	32152626	10.1093/neuonc/noaa047	PMC7594549	https://pmc.ncbi.nlm.nih.gov/articles/PMC7594549/			cell_therapy_delivery;intrathecal_csf	metadata_only
intrathecal_csf	Stepien N, Peyrl A, Azizi A, Gojo J, Mayr L, Reisinger D, Haberler C, Czech T, Slavc I.	DDEL-03. LONG-TERM INTRAVENTRICULAR THERAPY ALTERNATING ETOPOSIDE AND LIPOSOMAL CYTARABINE: EXPERIENCE IN 75 CHILDREN AND ADOLESCENTS WITH MALIGNANT BRAIN TUMORS	Neuro-oncology	2020			PMC7715683	https://pmc.ncbi.nlm.nih.gov/articles/PMC7715683/		fulltext/stepien_2020_pmidPMC7715683.xml	intrathecal_csf;nanoparticle;meeting_abstract	fulltext_xml
intrathecal_csf	de Los Reyes E, Lehwald L, Augustine EF, Berry-Kravis E, Butler K, Cormier N, Demarest S, Lu S, Madden J, Olaya J, See S, Vierhile A, Wheless JW, Yang A, Cohen-Pfeffer J, Chu D, Leal-Pardinas F, Wang RY.	Intracerebroventricular Cerliponase Alfa for Neuronal Ceroid Lipofuscinosis Type 2 Disease: Clinical Practice Considerations From US Clinics	Pediatric neurology	2020	32684372	10.1016/j.pediatrneurol.2020.04.018		https://doi.org/10.1016/j.pediatrneurol.2020.04.018			intrathecal_csf;related_disease	metadata_only
intrathecal_csf	Meng Y, Abrahao A, Heyn CC, Bethune AJ, Huang Y, Pople CB, Aubert I, Hamani C, Zinman L, Hynynen K, Black SE, Lipsman N.	Glymphatics Visualization after Focused Ultrasound-Induced Blood-Brain Barrier Opening in Humans	Annals of neurology	2019	31525269	10.1002/ana.25604		https://doi.org/10.1002/ana.25604			focused_ultrasound;intrathecal_csf;systemic_bbb_pharmacology;related_disease	metadata_only
intrathecal_csf	Cherukuri A, Cahan H, de Hart G, Van Tuyl A, Slasor P, Bray L, Henshaw J, Ajayi T, Jacoby D, O'Neill CA, Schweighardt B.	Immunogenicity to cerliponase alfa intracerebroventricular enzyme replacement therapy for CLN2 disease: Results from a Phase 1/2 study	Clinical immunology (Orlando, Fla.)	2018	30205177	10.1016/j.clim.2018.09.003		https://doi.org/10.1016/j.clim.2018.09.003			intrathecal_csf;related_disease	metadata_only
intrathecal_csf	Patel RP, Sitton CW, Ketonen LM, Hou P, Johnson JM, Romo S, Fletcher S, Shah MN, Kerr M, Zaky W, Rytting ME, Khatua S, Sandberg DI.	Phase-contrast cerebrospinal fluid flow magnetic resonance imaging in qualitative evaluation of patency of CSF flow pathways prior to infusion of chemotherapeutic and other agents into the fourth ventricle	Child's nervous system : ChNS : official journal of the International Society for Pediatric Neurosurgery	2018	29170836	10.1007/s00381-017-3669-6		https://doi.org/10.1007/s00381-017-3669-6			brainstem;implant_depot_device;intrathecal_csf	metadata_only
intrathecal_csf	Schulz A, Ajayi T, Specchio N, de Los Reyes E, Gissen P, Ballon D, Dyke JP, Cahan H, Slasor P, Jacoby D, Kohlschütter A, CLN2 Study Group.	Study of Intraventricular Cerliponase Alfa for CLN2 Disease	The New England journal of medicine	2018	29688815	10.1056/nejmoa1712649		https://doi.org/10.1056/nejmoa1712649			intrathecal_csf;related_disease	metadata_only
intrathecal_csf	Sohn YB, Ko AR, Seong MR, Lee S, Kim MR, Cho SY, Kim JS, Sakaguchi M, Nakazawa T, Kosuga M, Seo JH, Okuyama T, Jin DK.	The efficacy of intracerebroventricular idursulfase-beta enzyme replacement therapy in mucopolysaccharidosis II murine model: heparan sulfate in cerebrospinal fluid as a clinical biomarker of neuropathology	Journal of inherited metabolic disease	2018	29978271	10.1007/s10545-018-0221-0		https://doi.org/10.1007/s10545-018-0221-0			intrathecal_csf;related_disease	metadata_only
intrathecal_csf	Aoyagi-Scharber M, Crippen-Harmon D, Lawrence R, Vincelette J, Yogalingam G, Prill H, Yip BK, Baridon B, Vitelli C, Lee A, Gorostiza O, Adintori EG, Minto WC, Van Vleet JL, Yates B, Rigney S, Christianson TM, Tiger PMN, Lo MJ, Holtzinger J, Fitzpatrick PA, LeBowitz JH, Bullens S, Crawford BE, Bunting S.	Clearance of Heparan Sulfate and Attenuation of CNS Pathology by Intracerebroventricular BMN 250 in Sanfilippo Type B Mice	Molecular therapy. Methods & clinical development	2017	28664165	10.1016/j.omtm.2017.05.009	PMC5480280	https://pmc.ncbi.nlm.nih.gov/articles/PMC5480280/		fulltext/aoyagischarber_2017_pmid28664165.xml	imaging_dosimetry_modeling;intrathecal_csf;related_disease	fulltext_xml
intrathecal_csf	Chung JK, Pan L, Palmieri K, Youssef AS, McCauley TG.	Whole Body and CNS Biodistribution of rhHNS in Cynomolgus Monkeys after Intrathecal Lumbar Administration: Treatment Implications for Patients with MPS IIIA	International journal of molecular sciences	2017	29194406	10.3390/ijms18122594	PMC5751197	https://pmc.ncbi.nlm.nih.gov/articles/PMC5751197/		fulltext/chung_2017_pmid29194406.xml	imaging_dosimetry_modeling;intrathecal_csf;systemic_bbb_pharmacology;related_disease	fulltext_xml
intrathecal_csf	Hordeaux J, Dubreil L, Deniaud J, Iacobelli F, Moreau S, Ledevin M, Le Guiner C, Blouin V, Le Duff J, Mendes-Madeira A, Rolling F, Cherel Y, Moullier P, Colle MA.	Efficient central nervous system AAVrh10-mediated intrathecal gene transfer in adult and neonate rats	Gene therapy	2015	25588740	10.1038/gt.2014.121		https://doi.org/10.1038/gt.2014.121			brainstem;intrathecal_csf;viral_vector	metadata_only
intrathecal_csf	Mella DB, Kamiya-Matsuoka C, Liao B, Tummala S, de Groot J.	Recurrent encephaloclastic cyst induced by intraventricular topotecan	Journal of the neurological sciences	2015	25598491	10.1016/j.jns.2014.12.024		https://doi.org/10.1016/j.jns.2014.12.024			intrathecal_csf	metadata_only
intrathecal_csf	Alabdulsalam A, Zaidi SZ, Tailor I, Orz Y, Al-Dandan S.	Primary burkitt lymphoma of the fourth ventricle in an immunocompetent young patient	Case reports in pathology	2014	25254131	10.1155/2014/630954	PMC4164299	https://pmc.ncbi.nlm.nih.gov/articles/PMC4164299/		fulltext/alabdulsalam_2014_pmid25254131.xml	brainstem;intrathecal_csf	fulltext_xml
intrathecal_csf	Calias P, Papisov M, Pan J, Savioli N, Belov V, Huang Y, Lotterhand J, Alessandrini M, Liu N, Fischman AJ, Powell JL, Heartlein MW.	CNS penetration of intrathecal-lumbar idursulfase in the monkey, dog and mouse: implications for neurological outcomes of lysosomal storage disorder	PloS one	2012	22279584	10.1371/journal.pone.0030341	PMC3261205	https://pmc.ncbi.nlm.nih.gov/articles/PMC3261205/		fulltext/calias_2012_pmid22279584.xml	intrathecal_csf;related_disease	fulltext_xml
intrathecal_csf	Sandberg DI, Peet MM, Johnson MD, Cole P, Koru-Sengul T, Luqman AW.	Chemotherapy administration directly into the fourth ventricle in a nonhuman primate model	Journal of neurosurgery. Pediatrics	2012	22546032	10.3171/2012.1.peds11410		https://doi.org/10.3171/2012.1.peds11410			brainstem;intrathecal_csf;surgical_access;systemic_bbb_pharmacology	metadata_only
intrathecal_csf	Matsuoka K, Tamura T, Tsuji D, Dohzono Y, Kitakaze K, Ohno K, Saito S, Sakuraba H, Itoh K.	Therapeutic potential of intracerebroventricular replacement of modified human β-hexosaminidase B for GM2 gangliosidosis	Molecular therapy : the journal of the American Society of Gene Therapy	2011	21487393	10.1038/mt.2011.27	PMC3129794	https://pmc.ncbi.nlm.nih.gov/articles/PMC3129794/		fulltext/matsuoka_2011_pmid21487393.xml	intrathecal_csf;related_disease	fulltext_xml
intrathecal_csf	Zairi F, Le Rhun E, Tetard MC, Kotecki N, Assaker R.	Complications related to the placement of an intraventricular chemotherapy device	Journal of neuro-oncology	2011	21107993	10.1007/s11060-010-0474-4		https://doi.org/10.1007/s11060-010-0474-4			implant_depot_device;intrathecal_csf	metadata_only
intrathecal_csf	Sandberg DI, Crandall KM, Petito CK, Padgett KR, Landrum J, Babino D, He D, Solano J, Gonzalez-Brito M, Kuluz JW.	Chemotherapy administration directly into the fourth ventricle in a new piglet model. Laboratory Investigation	Journal of neurosurgery. Pediatrics	2008	18447671	10.3171/ped/2008/1/5/373		https://doi.org/10.3171/ped/2008/1/5/373			brainstem;implant_depot_device;intrathecal_csf;surgical_access;systemic_bbb_pharmacology	metadata_only
intrathecal_csf	Sandberg DI, Bilsky MH, Souweidane MM, Bzdil J, Gutin PH.	Ommaya reservoirs for the treatment of leptomeningeal metastases	Neurosurgery	2000	10917346	10.1097/00006123-200007000-00011		https://doi.org/10.1097/00006123-200007000-00011			intrathecal_csf;surgical_access	metadata_only
cell_therapy_delivery	Akhavan D, Yadav M, Subham S, Jeppson J, Tinoco O, Chin S, Santana-Magal N, Babai J, Szarejko J, Gibson G, Sabitov K, Zamler DB, Myers GD, Fridley BL, Bossmann SH, Pyaram K, Yadav VN.	Potent anti-tumor preclinical efficacy of B7-H3 CAR-T cells in H3G34-mutant, Diffuse Hemispheric Glioma	Neuro-oncology	2026	42573529	10.1093/neuonc/noag185		https://doi.org/10.1093/neuonc/noag185			cell_therapy_delivery	metadata_only
cell_therapy_delivery	Bessler N, Wezenaar AKL, Ariese HCR, Honhoff C, Dommann N, Wehrens EJ, Ruiz Moreno C, van den Broek TJM, Collot RVU, Kloosterman DJ, Keramati F, Roosen M, de Blank S, van Vliet E, Barrera Román M, Gatti LCDE, Ertürk A, Kuball J, Sebestyén Z, Kool M, Patrizi S, Miele E, Künkele A, Kranendonk MEG, Cornel AM, Nierkens S, Mayer C, Stunnenberg HG, Alemany A, Alieva M, Rios AC.	De novo H3.3K27M-altered diffuse midline glioma in human brainstem organoids to dissect GD2 CAR T cell function	Nature cancer	2026	41492091	10.1038/s43018-025-01084-0	PMC12948678	https://pmc.ncbi.nlm.nih.gov/articles/PMC12948678/		fulltext/bessler_2026_pmid41492091.xml	brainstem;cell_therapy_delivery;dipg_dmg	fulltext_xml
cell_therapy_delivery	Carrion YL, Bhasin J, Anne S, Sawhney A, Ha CJ, Sharaf I, Santana J, Titkov K, Jean M, Thibault D, Pando A, Novakovic N, Parikh NS, Vojnic M, Sherman JH.	Locoregional and systemic adoptive cellular therapies for pediatric brain tumors: a systematic review of CAR‑T, TCR‑engineered T cells, and NK cell strategies	Neurosurgical review	2026	42566099	10.1007/s10143-026-04437-0		https://doi.org/10.1007/s10143-026-04437-0			brainstem;cell_therapy_delivery;dipg_dmg;intrathecal_csf	metadata_only
cell_therapy_delivery	Chen Y, Reynolds K, Koch MRA, Petrakian CF, Good Z, Yamada-Hunter S, Sotillo E, Song K, Mahdi J, Majzner R, Desai MH, Huang Y, Daghagh H, Ehlinger ZJ, Iswari N, Sabatti C, Baggott C, Rietberg SP, Mo KC, Tsui KC, Hamilton MP, Egeler E, Moon J, Erickson C, Jacobs A, Duh AK, Beebe B, Carr C, Fujimoto M, Kunicki M, Lim AS, Li A, Brown AK, Kuo A, Kaur A, Soundaranayagi SR, Prabhu S, Grant G, Prolo LM, Campen C, Partap S, Davis KL, Feldman SA, Tunuguntla R, Cochran JR, Sahaf B, Heitzeneder S, Monje M, Ramakrishna S, Mackall C.	Anti-CAR Immunity Drives Acquired Therapeutic Resistance to GD2-CAR T Cell Therapy in Diffuse Midline Glioma	medRxiv	2026		10.64898/2026.06.25.26356492		https://doi.org/10.64898/2026.06.25.26356492			cell_therapy_delivery;dipg_dmg;intrathecal_csf	metadata_only
cell_therapy_delivery	Choi MJ, So EY, Akosman B, Lee YE, Raufi AG, Reginato AM, Chen CC, Lawler SE, Wong ET, Liang OD.	Enable CAR T cell immunotherapy in glioblastoma by modifying its microenvironment via oncolytic adenovirus encoding bispecific T cell engager	Molecular therapy. Oncology	2026	42094336	10.1016/j.omton.2026.201201	PMC13141506	https://pmc.ncbi.nlm.nih.gov/articles/PMC13141506/		fulltext/choi_2026_pmid42094336.xml	cell_therapy_delivery;systemic_bbb_pharmacology;viral_vector	fulltext_xml
cell_therapy_delivery	Hübner J, Alsalkini M, McFleder R, Toppeta F, Wagner J, Liguori R, Grams B, Meyer-Hofmann M, Diener L, Monoranu CM, Hagemann C, Ferrazzi F, Ip CW, Ernestus RI, Einsele H, Hudecek M, Löhr M, Nerreter T, Nickl V.	Novel CAR T cell blend targeting PDPN and GD2 to overcome glioblastoma heterogeneity	Journal for immunotherapy of cancer	2026	42236120	10.1136/jitc-2025-014693	PMC13239692	https://pmc.ncbi.nlm.nih.gov/articles/PMC13239692/		fulltext/hbner_2026_pmid42236120.xml	cell_therapy_delivery	fulltext_xml
cell_therapy_delivery	Ibanez-Vega J, Teis R, Ocasio JK, Chockley P, Ansari A, Allo Anido A, Mehta S, Meehl M, Prinzing B, Ward M, Odde D, Baker S, Krenciute G.	RASA2 deletion rescues immune synapse dysfunction, enhancing CAR T cell efficacy against DMGs	Journal for immunotherapy of cancer	2026	41912267	10.1136/jitc-2025-013134	PMC13052770	https://pmc.ncbi.nlm.nih.gov/articles/PMC13052770/		fulltext/ibanezvega_2026_pmid41912267.xml	cell_therapy_delivery;dipg_dmg	fulltext_xml
cell_therapy_delivery	Jiang C, Xu H, Shentu J, Duan S.	GD2-CAR T Cell Therapy for H3K27M + Diffuse Intrinsic Pontine Glioma: A Phase I Clinical Trial and Mechanistic Insights	Immunology	2026	40682569	10.1111/imm.70019		https://doi.org/10.1111/imm.70019			brainstem;cell_therapy_delivery;dipg_dmg	metadata_only
cell_therapy_delivery	Kang K, Zhang Z, Bernstock J, Friedman G.	Oncolytic viruses enhance CAR-T activity for the treatment of pediatric diffuse midline gliomas	Molecular Therapy Oncology	2026			PMC13292497	https://pmc.ncbi.nlm.nih.gov/articles/PMC13292497/		fulltext/kang_2026_pmidPMC13292497.xml	cell_therapy_delivery;dipg_dmg;viral_vector	fulltext_xml
cell_therapy_delivery	Khorsandi K, El Ghorayeb L, VanNoy E, Haydar D.	Reprogramming tumor-associated macrophages in DMG/DIPG: emerging molecular and biophysical strategies	Frontiers in immunology	2026	41924264	10.3389/fimmu.2026.1788956	PMC13036170	https://pmc.ncbi.nlm.nih.gov/articles/PMC13036170/		fulltext/khorsandi_2026_pmid41924264.xml	brainstem;cell_therapy_delivery;dipg_dmg;focused_ultrasound;nanoparticle;systemic_bbb_pharmacology;viral_vector	fulltext_xml
cell_therapy_delivery	Lee YHG, Tsoli M, Shi YC, Ip CK, Ziegler D.	Metabolic dependencies and neural progenitor dysregulation: driving forces in paediatric high-grade glioma development	Cancer metastasis reviews	2026	41820632	10.1007/s10555-026-10325-2	PMC12982241	https://pmc.ncbi.nlm.nih.gov/articles/PMC12982241/		fulltext/lee_2026_pmid41820632.xml	cell_therapy_delivery;dipg_dmg;pediatric_hgg;viral_vector	fulltext_xml
cell_therapy_delivery	Li C, Zhang P, Zhao X, Feng R, Xian N, Huang G, Jiang W, Hu Z, Zhang Y, Ji N.	Dual-modality imaging enables longitudinal biodistribution profiling of intracerebroventricular CAR-T therapy in orthotopic glioma	Cancer immunology, immunotherapy : CII	2026	42068336	10.1007/s00262-026-04403-1	PMC13135600	https://pmc.ncbi.nlm.nih.gov/articles/PMC13135600/		fulltext/li_2026_pmid42068336.xml	cell_therapy_delivery;imaging_dosimetry_modeling;intrathecal_csf;nanoparticle	fulltext_xml
cell_therapy_delivery	Li X, Shang X, Liu J, Zhang Y, Jia X, Li H, Wang Y, Gao J, Ma X, Zhang X, Rong X, Gan W, Zhang Y, Chen J, Wang L, Bao Z, He L, Yan X, Liu Y, Shao J, Xiao Z, Wang Z, Zhu H, Wang Z, Wu Y, Huang Y.	Intrathecal CRISPR-edited allogeneic IL-13Rα2 CAR T Cells for recurrent high-grade Glioma: preclinical characterization and phase I trial	Nature communications	2026	41495049	10.1038/s41467-025-68112-6	PMC12877024	https://pmc.ncbi.nlm.nih.gov/articles/PMC12877024/		fulltext/li_2026_pmid41495049.xml	cell_therapy_delivery;intrathecal_csf;systemic_bbb_pharmacology	fulltext_xml
cell_therapy_delivery	Liu J, Abikenari M, Annagiri S, Ha JH, Nageeb G, Sjoholm MA, Velazhahan V, Medikonda R, Choi J, Li G, Lim M.	Endogenous immune recruitment in glioblastoma CAR T therapy: cytokine, myeloid, and chemokine circuitry	Journal of neuro-oncology	2026	41820710	10.1007/s11060-026-05497-4	PMC12982237	https://pmc.ncbi.nlm.nih.gov/articles/PMC12982237/		fulltext/liu_2026_pmid41820710.xml	cell_therapy_delivery	fulltext_xml
cell_therapy_delivery	Mackall C.	CAR T cells: the missing piece needed to improve outcomes for children with cancer?	Journal for immunotherapy of cancer	2026	41545304	10.1136/jitc-2025-013325	PMC12815067	https://pmc.ncbi.nlm.nih.gov/articles/PMC12815067/		fulltext/mackall_2026_pmid41545304.xml	cell_therapy_delivery;dipg_dmg	fulltext_xml
cell_therapy_delivery	Mariniello A, Migliorini D.	CAR-T cell therapies are coming after glioblastoma: An overview of early phase clinical trials and future perspectives	iScience	2026	41675045	10.1016/j.isci.2025.114609	PMC12886550	https://pmc.ncbi.nlm.nih.gov/articles/PMC12886550/		fulltext/mariniello_2026_pmid41675045.xml	cell_therapy_delivery	fulltext_xml
cell_therapy_delivery	Pellegrino M, Vespa S, Salvatori I, Mac GD, Valle C, Secli V, Cairoli S, Goffredo BM, Caforio M, Folgiero V, Sanvi LW, Vulpis E, Ciampini E, Scarsella M, Giorda E, Chiaradonna F, Giansanti M, Nazio F, Ferri A, Cecconi F, Campello S, Velardi E, Caruana I, de Billy E.	FECH, a novel metabolic target influencing CAR T-cell phenotype and function	Biomarker research	2026	42587334	10.1186/s40364-026-00979-z		https://doi.org/10.1186/s40364-026-00979-z			brainstem;cell_therapy_delivery;dipg_dmg	metadata_only
cell_therapy_delivery	Pourmasoumi P, Pourmasoumi A, Zamani F, Amini A, Shokri S.	CAR-T Cell Therapy in Glioblastoma: Overcoming Immunological Barriers and Advancing Clinical Translation	Cancer management and research	2026	41737136	10.2147/cmar.s580320	PMC12927832	https://pmc.ncbi.nlm.nih.gov/articles/PMC12927832/		fulltext/pourmasoumi_2026_pmid41737136.xml	cell_therapy_delivery;systemic_bbb_pharmacology;viral_vector	fulltext_xml
cell_therapy_delivery	Ramsoomair CK, Daftari M, Benchouia R, Estevez-Ordonez D, Aka A, Himic V, Aramburu-Berckemeyer M, Kreatsoulas D, Govindarajan V, Chandar JS, Ivan ME, Komotar RJ, Shah A.	Locoregional delivery of CAR T cells in high-grade gliomas: a systematic analysis of safety, efficacy, and emerging biomarkers of response	Journal for immunotherapy of cancer	2026	41895715	10.1136/jitc-2025-014450	PMC13034252	https://pmc.ncbi.nlm.nih.gov/articles/PMC13034252/		fulltext/ramsoomair_2026_pmid41895715.xml	cell_therapy_delivery;intrathecal_csf;systemic_bbb_pharmacology	fulltext_xml
cell_therapy_delivery	Ronsley R, Choe M, Wright J, Seidel K, Lee A, Wendler J, Annesley C, Jensen MC, Park JR, Vitanza NA, Gust J.	Tumor inflammation-associated neurotoxicity in children with diffuse intrinsic pontine glioma receiving B7-H3-targeting CAR T cells on BrainChild-03	Neuro-oncology practice	2026	41798119	10.1093/nop/npaf080	PMC12965641	https://pmc.ncbi.nlm.nih.gov/articles/PMC12965641/			brainstem;cell_therapy_delivery;dipg_dmg;intrathecal_csf	metadata_only
cell_therapy_delivery	Ronsley R, Huang W, Rohlf E, Seidel K, Brown C, Beebe A, Rawlings-Rhea SD, Lindgren C, Sad T, Crotty EE, Leary SES, Thomsen A, Beckstrom AR, Holtzclaw SL, Hoeppner C, Hurst D, MacQuivey M, Goldstein HE, Browd SR, Hauptman JS, Lee A, Ojemann JG, Wright JN, Albert CM, Pinto N, Gustafson JA, Ho O, Pattabhi S, Summers C, Annesley C, Wendler JN, Gust J, Gardner RA, Park JR, Jensen MC, Vitanza NA.	Intracerebroventricular B7-H3-targeting CAR T cells for non-pontine DMG and recurrent/refractory pediatric CNS tumors: a phase 1 trial	Neuro-oncology	2026	42503899	10.1093/neuonc/noag171		https://doi.org/10.1093/neuonc/noag171			brainstem;cell_therapy_delivery;dipg_dmg;intrathecal_csf	metadata_only
cell_therapy_delivery	Sanikommu S, Santos AN, Dawoud B, Shah KH, Vazquez S, Shah AH, Lu VM.	Chimeric Antigen Receptor-T Cell Therapy for Pediatric and Young Adult Primary Central Nervous System Tumors: A Systematic Review of Early Phase Clinical Trials with a Focus on Diffuse Midline Glioma	Targeted oncology	2026	42295570	10.1007/s11523-026-01225-0		https://doi.org/10.1007/s11523-026-01225-0			cell_therapy_delivery;dipg_dmg;intrathecal_csf	metadata_only
cell_therapy_delivery	Sarma RK, Nath P, Bora P, Chetia P, Bala A.	Advancing chimeric antigen receptor T-cell therapy frontiers in glioblastoma: Navigating the current landscape from clinical hurdles to breakthrough strategies	International immunopharmacology	2026	42497658	10.1016/j.intimp.2026.117134		https://doi.org/10.1016/j.intimp.2026.117134			cell_therapy_delivery;nanoparticle;systemic_bbb_pharmacology;viral_vector	metadata_only
cell_therapy_delivery	Song KW, Kaur AP, Ramakrishna S.	CAR T cells for pediatric CNS tumors: Clinical experience and reverse translational opportunities	Molecular therapy. Oncology	2026	42022537	10.1016/j.omton.2026.201196	PMC13098344	https://pmc.ncbi.nlm.nih.gov/articles/PMC13098344/		fulltext/song_2026_pmid42022537.xml	cell_therapy_delivery	fulltext_xml
cell_therapy_delivery	Srinivasan A, Abraham A, Modak AI, Pradeep A, Nimachwala NL, Chemmancheri AV, Banu A, Azad AA, Abraham A, Khorbaladze L.	CAR T-cell therapy in pediatric brain tumors: a narrative review with comparative analysis of clinical trial eligibility criteria	Frontiers in oncology	2026	42568366	10.3389/fonc.2026.1869826		https://doi.org/10.3389/fonc.2026.1869826			brainstem;cell_therapy_delivery;dipg_dmg;radiation_combined	metadata_only
cell_therapy_delivery	Strózik T, Rutkowska A, Wasiak T, Ciunowicz D, Rieske P, Szczepaniak N, Stoczyńska-Fidelus E.	Metabolic and Post-Translational Vulnerabilities of Glioblastoma: Disulfidptosis, Glycosylation, and Implications for CAR-T Therapy	Cells	2026	42346114	10.3390/cells15121087	PMC13297293	https://pmc.ncbi.nlm.nih.gov/articles/PMC13297293/		fulltext/strzik_2026_pmid42346114.xml	cell_therapy_delivery	fulltext_xml
cell_therapy_delivery	Timpanaro A, Song EZ, Toumi R, Elena-Sanchez L, Piccand C, Nemec KM, Kordowski A, Lau D, Johnson S, Winter L, Rajendran A, Ronsley R, Oda SK, Gustafson JA, Wendler JP, Koschmann C, Evans M, Pattwell S, Jensen MC, Foster JB, Dun MD, Meechan M, Biery MC, Vitanza NA.	Preclinical efficacy of combinatorial B7-H3 CAR T cells and ONC206 against diffuse intrinsic pontine glioma	Neuro-oncology	2026	41639009	10.1093/neuonc/noag025	PMC13268977	https://pmc.ncbi.nlm.nih.gov/articles/PMC13268977/		fulltext/timpanaro_2026_pmid41639009.xml	brainstem;cell_therapy_delivery;dipg_dmg;intrathecal_csf	fulltext_xml
cell_therapy_delivery	Tykocki T.	Systemic versus intracranial immunotherapy delivery in pediatric malignant brain tumors: a systematic review, meta-analysis, and meta-regression	European journal of pediatrics	2026	42283902	10.1007/s00431-026-07131-x		https://doi.org/10.1007/s00431-026-07131-x			cell_therapy_delivery;dipg_dmg;pediatric_hgg;viral_vector	metadata_only
cell_therapy_delivery	Vazaios K, Tallon-Cobos AC, van Oosterhout LPJ, Waranecki P, Cornel AM, Dautzenberg NMM, van Hoesel M, Forbes C, Nierkens S, Kemp V, Hoeben RC, van der Lugt J, Calkoen FG, Hulleman E.	Boosting CAR T cell functionality with oncolytic viruses for the treatment of pediatric diffuse midline gliomas	Molecular therapy. Oncology	2026	42100144	10.1016/j.omton.2026.201191	PMC13145386	https://pmc.ncbi.nlm.nih.gov/articles/PMC13145386/		fulltext/vazaios_2026_pmid42100144.xml	cell_therapy_delivery;dipg_dmg;viral_vector	fulltext_xml
cell_therapy_delivery	Wells J, Gupta A.	CAR-T cell therapy for pediatric solid tumors: armored CAR-T cells and beyond	Cancer metastasis reviews	2026	41770377	10.1007/s10555-026-10317-2	PMC12953346	https://pmc.ncbi.nlm.nih.gov/articles/PMC12953346/		fulltext/wells_2026_pmid41770377.xml	brainstem;cell_therapy_delivery;dipg_dmg	fulltext_xml
cell_therapy_delivery	Yamaguchi J, Okada H.	Highlights in IO: next-generation CAR-T therapy for glioblastoma	Journal for immunotherapy of cancer	2026	41922085	10.1136/jitc-2025-014670	PMC13052789	https://pmc.ncbi.nlm.nih.gov/articles/PMC13052789/		fulltext/yamaguchi_2026_pmid41922085.xml	cell_therapy_delivery	fulltext_xml
cell_therapy_delivery	Zhang Z, Yang N, Zeng H, Chen Y, Lu H, Xu L, Wang Z, Wang G, Zhou L, Tong A.	B7 homolog 3-targeted CAR-T cells secreting EGFR T-cell engagers for improved control of glioblastoma progression	Molecular biomedicine	2026	42301527	10.1186/s43556-026-00492-7	PMC13272847	https://pmc.ncbi.nlm.nih.gov/articles/PMC13272847/		fulltext/zhang_2026_pmid42301527.xml	cell_therapy_delivery	fulltext_xml
cell_therapy_delivery	Zhu J, Tsoli M, Bertoldo J, Mueller S, Ziegler DS.	A new hope: Clinical advances in targeted therapies for pediatric diffuse midline glioma	Neuro-oncology advances	2026	42059004	10.1093/noajnl/vdaf008	PMC13123679	https://pmc.ncbi.nlm.nih.gov/articles/PMC13123679/		fulltext/zhu_2026_pmid42059004.xml	cell_therapy_delivery;dipg_dmg;radiation_combined;systemic_bbb_pharmacology;viral_vector	fulltext_xml
cell_therapy_delivery	Bria J, Filardo A, Di Vito A, Della Torre A, Lavano A, Coscarella I, Chiarella E, Procopio E, Egiziano MT, Longo P, La Torre D.	Recurrent Limitations of CAR-T Therapy in Gliomas: Evidence from Preclinical and Phase I Clinical Studies	International journal of molecular sciences	2025	41373591	10.3390/ijms262311435	PMC12692295	https://pmc.ncbi.nlm.nih.gov/articles/PMC12692295/		fulltext/bria_2025_pmid41373591.xml	cell_therapy_delivery;systemic_bbb_pharmacology	fulltext_xml
cell_therapy_delivery	Czyżewski W, Kus-Budzynska K, Sobstyl J, Sojka M, Litak J, Szaliński T, Jeżewski MP, Turek M, Chaurasia B, Mandat T, Torres K, Staśkiewicz G.	CAR-T cell therapy for glioblastoma: advances, challenges, and future directions	Annals of medicine and surgery (2012)	2025	40901145	10.1097/ms9.0000000000003607	PMC12401244	https://pmc.ncbi.nlm.nih.gov/articles/PMC12401244/		fulltext/czyewski_2025_pmid40901145.xml	cell_therapy_delivery;systemic_bbb_pharmacology	fulltext_xml
cell_therapy_delivery	Deng EB, Zhong X, Xin D, Soni UK, Ma W, Huang X, Cai M, Liang P, Bai J, Qin Q, Mishra S, Hu M, Bayat AE, Diao J, Xin M, Pillay-Smiley N, Hummel TR, Stevenson CB, Foster JB, Blank Pd, Raskin S, Koschmann C, Cancelas JA, Zheng Y, Lu QR.	A Tonic Signaling Code Predicts CAR-T Cell Efficacy in Diffuse Midline Glioma	bioRxiv	2025		10.1101/2025.09.29.679095		https://doi.org/10.1101/2025.09.29.679095			cell_therapy_delivery;dipg_dmg	metadata_only
cell_therapy_delivery	Drappatz J, Mantica M.	Treatment strategies and innovation for recurrent high-grade glioma	Journal of neuro-oncology	2025	41381983	10.1007/s11060-025-05323-3		https://doi.org/10.1007/s11060-025-05323-3			cell_therapy_delivery;dipg_dmg;radiation_combined;systemic_bbb_pharmacology;viral_vector	metadata_only
cell_therapy_delivery	Foster JB, Madsen PJ, Harvey K, Griffin C, Stern A, Patterson L, Joshi N, Dickson C, McManus O, Beaubien E, Wilson C, Beale DR, Baubet V, Goel PN, Vitanza NA, Nazarian J, Koptyra M, Storm PB, Resnick AC.	Transient mRNA CAR T cells targeting GD2 provide dose-adjusted efficacy against diffuse midline glioma and high-grade glioma models	Neuro-oncology	2025	40411488	10.1093/neuonc/noaf115	PMC12833531	https://pmc.ncbi.nlm.nih.gov/articles/PMC12833531/		fulltext/foster_2025_pmid40411488.xml	brainstem;cell_therapy_delivery;dipg_dmg;viral_vector	fulltext_xml
cell_therapy_delivery	Gallus M, Young JS, Cook Quackenbush S, Khasraw M, de Groot J, Okada H.	Chimeric antigen receptor T-cell therapy in patients with malignant glioma-From neuroimmunology to clinical trial design considerations	Neuro-oncology	2025	39450490	10.1093/neuonc/noae203	PMC11812040	https://pmc.ncbi.nlm.nih.gov/articles/PMC11812040/			cell_therapy_delivery	metadata_only
cell_therapy_delivery	Geraghty AC, Acosta-Alvarez L, Rotiroti MC, Dutton S, O'Dea MR, Kim W, Trivedi V, Mancusi R, Shamardani K, Malacon K, Woo PJ, Martinez-Velez N, Pham T, Reche-Ley NN, Otubu G, Castenada EH, Nwangwu K, Xu H, Mulinyawe SB, Zamler DB, Ni L, Cross K, Rustenhoven J, Kipnis J, Liddelow SA, Mackall CL, Majzner RG, Monje M.	Immunotherapy-related cognitive impairment after CAR T cell therapy in mice	Cell	2025	40359942	10.1016/j.cell.2025.03.041	PMC12176077	https://pmc.ncbi.nlm.nih.gov/articles/PMC12176077/			brainstem;cell_therapy_delivery	metadata_only
cell_therapy_delivery	Gu J, Li J, Xu Y, Zhang G, Xie J, Jia R, Chen W, Lu Z, Chang C, Wen H, Chang LJ, Ma H, Cai Q.	Preliminary exploration of PSMA CAR-T combined with GD2 CAR-T for the treatment of refractory/relapsed gliomas	Journal of translational medicine	2025	40420236	10.1186/s12967-025-06523-1	PMC12107844	https://pmc.ncbi.nlm.nih.gov/articles/PMC12107844/		fulltext/gu_2025_pmid40420236.xml	cell_therapy_delivery	fulltext_xml
cell_therapy_delivery	Guo J, Zhou C, Zhao H, Li H.	Challenges and breakthroughs: current landscape and future prospects of CAR-T cell therapy clinical trials for solid tumors	Frontiers in oncology	2025	40969260	10.3389/fonc.2025.1652329	PMC12440771	https://pmc.ncbi.nlm.nih.gov/articles/PMC12440771/		fulltext/guo_2025_pmid40969260.xml	cell_therapy_delivery	fulltext_xml
cell_therapy_delivery	Gust J, Cole BL, Ronsley R, Wilson AL, Seidel K, Wendler J, Pattabhi S, Brown C, Rawlings-Rhea SD, Shtanukhina N, Browd SR, Hauptman JS, Lee A, Ojemann JG, Crotty EE, Leary SES, Perez FA, Wright JN, Albert CM, Pinto N, Gardner RA, Vitanza NA, Jensen MC, Park JR.	Locoregional infusion of EGFR806-CAR T cells for recurrent or refractory pediatric CNS tumors: Results of the completed BrainChild02 phase 1 clinical trial	Neuro-oncology	2025	40070357	10.1093/neuonc/noaf064	PMC12448881	https://pmc.ncbi.nlm.nih.gov/articles/PMC12448881/			cell_therapy_delivery;dipg_dmg;implant_depot_device	metadata_only
cell_therapy_delivery	Hadjigeorgiou AG, Munn LL, Stylianopoulos T, Jain RK.	Physiologically based pharmacokinetic model for CAR-T cell delivery and efficacy in solid tumors	Proceedings of the National Academy of Sciences of the United States of America	2025	41218126	10.1073/pnas.2522634122	PMC12646303	https://pmc.ncbi.nlm.nih.gov/articles/PMC12646303/		fulltext/hadjigeorgiou_2025_pmid41218126.xml	cell_therapy_delivery;systemic_bbb_pharmacology	fulltext_xml
cell_therapy_delivery	Hadjigeorgiou AG, Munn LL, Stylianopoulos T, Jain RK.	Physiologically-based pharmacokinetic model for CAR-T cells delivery and efficacy in solid tumors	bioRxiv	2025		10.1101/2025.08.20.671229		https://doi.org/10.1101/2025.08.20.671229			cell_therapy_delivery;dipg_dmg;systemic_bbb_pharmacology	metadata_only
cell_therapy_delivery	Kranendonk MEG, Hoogendijk R, Lammers JAS, van der Lugt J, Tolboom N, van Mastrigt E, de Boed E, van den Broek TJM, Kester LA, van Vuurden DG, Tops BBJ, Hoving EW, Wesseling P, Plasschaert SLA.	Do we need B7-H3 immunohistochemistry for the inclusion of children with high-grade central nervous system tumors in clinical trials targeting B7-H3?	Neuro-oncology	2025	40207575	10.1093/neuonc/noaf095	PMC12417824	https://pmc.ncbi.nlm.nih.gov/articles/PMC12417824/			cell_therapy_delivery;dipg_dmg	metadata_only
cell_therapy_delivery	Li J, Lu L, Duan Y, Huang G, Fang X, Deng Y, Tang F, Jiang F, Dai D.	Global research trends in CAR-T cell therapy for glioblastoma: a bibliometric and visualized analysis	Discover oncology	2025	41021151	10.1007/s12672-025-03285-6	PMC12480216	https://pmc.ncbi.nlm.nih.gov/articles/PMC12480216/		fulltext/li_2025_pmid41021151.xml	cell_therapy_delivery;nanoparticle;radiation_combined;viral_vector	fulltext_xml
cell_therapy_delivery	Liu J, Ha JH, Abikenari M, Sjoholm MA, Annagiri S, Ravi K, Bergsneider BH, Verma R, Theodros D, Medikonda R, Li G, Prolo LM, Monje M, Lim M.	Adaptive immunotherapeutic paradigms in diffuse midline glioma: integrating epigenetic reprogramming, neuron-glioma interactions, and tumor microenvironment modulation	Journal of neuro-oncology	2025	41460355	10.1007/s11060-025-05347-9	PMC12748091	https://pmc.ncbi.nlm.nih.gov/articles/PMC12748091/		fulltext/liu_2025_pmid41460355.xml	brainstem;cell_therapy_delivery;dipg_dmg;radiation_combined	fulltext_xml
cell_therapy_delivery	Mahdi J, Gust JA, Vitanza NA, Scott B, Monje M, Ronsley R.	Neurotoxicity in central nervous system tumors treated with CAR T cell therapy: a review	Journal of neuro-oncology	2025	41171480	10.1007/s11060-025-05251-2		https://doi.org/10.1007/s11060-025-05251-2			cell_therapy_delivery	metadata_only
cell_therapy_delivery	Monje M, Mahdi J, Majzner R, Yeom KW, Schultz LM, Richards RM, Barsan V, Song KW, Kamens J, Baggott C, Kunicki M, Rietberg SP, Lim AS, Reschke A, Mavroukakis S, Egeler E, Moon J, Patel S, Chinnasamy H, Erickson C, Jacobs A, Duh AK, Tunuguntla R, Klysz DD, Fowler C, Green S, Beebe B, Carr C, Fujimoto M, Brown AK, Petersen AG, McIntyre C, Siddiqui A, Lepori-Bui N, Villar K, Pham K, Bove R, Musa E, Reynolds WD, Kuo A, Prabhu S, Rasmussen L, Cornell TT, Partap S, Fisher PG, Campen CJ, Grant G, Prolo L, Ye X, Sahaf B, Davis KL, Feldman SA, Ramakrishna S, Mackall C.	Intravenous and intracranial GD2-CAR T cells for H3K27M+ diffuse midline gliomas	Nature	2025	39537919	10.1038/s41586-024-08171-9	PMC11735388	https://pmc.ncbi.nlm.nih.gov/articles/PMC11735388/		fulltext/monje_2025_pmid39537919.xml	brainstem;cell_therapy_delivery;dipg_dmg;intrathecal_csf	fulltext_xml
cell_therapy_delivery	Parekh D, Patel AH, Khan A, Olojakpoke E, Karpe A, Peelay Z, Patil V.	CAR-T in relapsed refractory high-grade glioma and glioblastoma - who, what, when and how?	Ecancermedicalscience	2025	41561543	10.3332/ecancer.2025.2001	PMC12812813	https://pmc.ncbi.nlm.nih.gov/articles/PMC12812813/		fulltext/parekh_2025_pmid41561543.xml	cell_therapy_delivery	fulltext_xml
cell_therapy_delivery	Song EZ, Timpanaro A, Meechan M, Elena-Sanchez L, Li LZ, Jamet S, Lau DS, Winter LI, Dun MD, Foster JB, Evans MK, Pattwell SS, Kalia V, Sarkar S, Jensen MC, Biery MC, Vitanza NA.	Engineered CXCR3-A expression enhances B7-H3-targeting CAR T cell migration and efficacy against diffuse intrinsic pontine glioma	Nature communications	2025	41219209	10.1038/s41467-025-64861-6	PMC12606338	https://pmc.ncbi.nlm.nih.gov/articles/PMC12606338/		fulltext/song_2025_pmid41219209.xml	brainstem;cell_therapy_delivery;dipg_dmg;intrathecal_csf	fulltext_xml
cell_therapy_delivery	Tykocki T.	Diffuse Intrinsic Pontine Glioma and Chimeric Antigen Receptor T-Cell Therapy: An Emerging Frontier	World neurosurgery	2025	39694135	10.1016/j.wneu.2024.123579		https://doi.org/10.1016/j.wneu.2024.123579			brainstem;cell_therapy_delivery;convection_enhanced_delivery;dipg_dmg	metadata_only
cell_therapy_delivery	Vitanza N, Song E, Timpanaro A, Meechan M, Sanchez L, Li L, Jamet S, Lau D, Winter L, Dun M, Foster J, Evans M, Pattwell S, Kalia V, Sarkar S, Jensen M, Biery M.	Engineered CXCR3-A expression enhances the trafficking and efficacy of intracerebroventricularly delivered B7-H3-targeting CAR T cells against diffuse intrinsic pontine glioma	Research Square	2025		10.21203/rs.3.rs-6272325/v1		https://doi.org/10.21203/rs.3.rs-6272325/v1			brainstem;cell_therapy_delivery;dipg_dmg;intrathecal_csf	metadata_only
cell_therapy_delivery	Vitanza NA, Ronsley R, Choe M, Seidel K, Huang W, Rawlings-Rhea SD, Beam M, Steinmetzer L, Wilson AL, Brown C, Beebe A, Lindgren C, Gustafson JA, Wein A, Holtzclaw S, Hoeppner C, Goldstein HE, Browd SR, Hauptman JS, Lee A, Ojemann JG, Crotty EE, Leary SES, Perez FA, Wright JN, Alonso MM, Dun MD, Foster JB, Hurst D, Kong A, Thomsen A, Orentas RJ, Albert CM, Pinto N, Annesley C, Gardner RA, Ho O, Pattabhi S, Gust J, Wendler JP, Park JR, Jensen MC.	Intracerebroventricular B7-H3-targeting CAR T cells for diffuse intrinsic pontine glioma: a phase 1 trial	Nature medicine	2025	39775044	10.1038/s41591-024-03451-3	PMC11922736	https://pmc.ncbi.nlm.nih.gov/articles/PMC11922736/		fulltext/vitanza_2025_pmid39775044.xml	brainstem;cell_therapy_delivery;dipg_dmg;intrathecal_csf;radiation_combined	fulltext_xml
cell_therapy_delivery	Walton CM, Bell M, O'Neil R, Sahin O, Choi BD, Fecci PE, Strickland BA.	Chimeric antigen receptor (CAR) T-cell therapy for glioblastoma (GBM): current clinical insights, challenges, and future directions	Journal for immunotherapy of cancer	2025	41176315	10.1136/jitc-2025-012308	PMC12581071	https://pmc.ncbi.nlm.nih.gov/articles/PMC12581071/		fulltext/walton_2025_pmid41176315.xml	cell_therapy_delivery;systemic_bbb_pharmacology	fulltext_xml
cell_therapy_delivery	Wu BX, Kreatsoulas D, Cam H, Bolyard C, Chang Y, Mandula J, Welsh PW, Wang Z, Li A, Weltge P, Reynolds K, Amankwah Y, Elder JB, Giglio P, Otero JJ, Rajappa P, Gerald D, Chung D, Ma Q, Velegraki M, Li Z.	Targeting TGFβ docking receptor glycoprotein A repetitions predominant (GARP) via novel chimeric antigen receptor (CAR)-T cell platform to treat glioblastoma	Neuro-oncology	2025	40873341	10.1093/neuonc/noaf195	PMC12916741	https://pmc.ncbi.nlm.nih.gov/articles/PMC12916741/		fulltext/wu_2025_pmid40873341.xml	cell_therapy_delivery	fulltext_xml
cell_therapy_delivery	Yaacoub S, Vannoy E, Maslova S, Haffey A, Khorsandi K, Sheybani N, Haydar D.	CAR-T cell therapy in brain malignancies: obstacles in the face of cellular trafficking and persistence	Frontiers in immunology	2025	40612954	10.3389/fimmu.2025.1596499	PMC12222291	https://pmc.ncbi.nlm.nih.gov/articles/PMC12222291/		fulltext/yaacoub_2025_pmid40612954.xml	brainstem;cell_therapy_delivery;dipg_dmg;radiation_combined	fulltext_xml
cell_therapy_delivery	de Sostoa J, Marinari E, Pedard M, Widmer V, Davanture S, Schaller K, Tissot S, De Palma M, Wolf B, Orend G, Dutoit V, Migliorini D.	Targeting the extracellular matrix with Tenascin-C-specific CAR T cells extends survival in preclinical models of glioblastoma	Journal for immunotherapy of cancer	2025	41188009	10.1136/jitc-2024-011382	PMC12593508	https://pmc.ncbi.nlm.nih.gov/articles/PMC12593508/		fulltext/de_2025_pmid41188009.xml	cell_therapy_delivery	fulltext_xml
cell_therapy_delivery		IMMU-60. MYELOID POPULATIONS MODULATE GD2 CAR T CELL ACTIVITY IN DIFFUSE MIDLINE GLIOMA	Neuro-oncology	2024			PMC11553718	https://pmc.ncbi.nlm.nih.gov/articles/PMC11553718/			cell_therapy_delivery;dipg_dmg;meeting_abstract	metadata_only
cell_therapy_delivery		DIPG-15. NOVEL CNS SENSING SYNNOTCH-CAR T CELLS FOR TARGETING DIFFUSE MIDLINE GLIOMA	Neuro-oncology	2024			PMC11182973	https://pmc.ncbi.nlm.nih.gov/articles/PMC11182973/		fulltext/anon_2024_pmidPMC11182973.xml	cell_therapy_delivery;dipg_dmg;meeting_abstract	fulltext_xml
cell_therapy_delivery		DIPG-11. PRECLINICAL EFFICACY OF B7-H3 CAR T CELLS IN COMBINATION WITH ONC206	Neuro-oncology	2024			PMC11183397	https://pmc.ncbi.nlm.nih.gov/articles/PMC11183397/		fulltext/anon_2024_pmidPMC11183397.xml	cell_therapy_delivery;dipg_dmg;meeting_abstract	fulltext_xml
cell_therapy_delivery		DIPG-34. IDENTIFICATION OF CAR-T CELL ENHANCING COMPOUNDS USING HIGH THROUGHPUT SCREENING	Neuro-oncology	2024			PMC11182972	https://pmc.ncbi.nlm.nih.gov/articles/PMC11182972/		fulltext/anon_2024_pmidPMC11182972.xml	cell_therapy_delivery;dipg_dmg;meeting_abstract	fulltext_xml
cell_therapy_delivery		IMMU-18. ENHANCING GD2.CAR T CELL THERAPY FOR DIFFUSE MIDLINE GLIOMA WITH LSD1 AND HDAC INHIBITORS	Neuro-oncology	2024			PMC11184050	https://pmc.ncbi.nlm.nih.gov/articles/PMC11184050/		fulltext/anon_2024_pmidPMC11184050.xml	cell_therapy_delivery;dipg_dmg;meeting_abstract	fulltext_xml
cell_therapy_delivery		IMMU-16. LOCOREGIONAL DELIVERY OF MRNA CAR T CELL THERAPY INTO THE CEREBROSPINAL FLUID IN PRECLINICAL MODELS OF DIFFUSE MIDLINE GLIOMA	Neuro-oncology	2024			PMC11183844	https://pmc.ncbi.nlm.nih.gov/articles/PMC11183844/		fulltext/anon_2024_pmidPMC11183844.xml	cell_therapy_delivery;dipg_dmg;meeting_abstract	fulltext_xml
cell_therapy_delivery		IMMU-03. DELETION OF RASA2 IN CAR T CELLS OVERCOMES DYSFUNCTIONAL IMMUNE SYNAPSE FORMATION AGAINST DIPGS, ENHANCING IN VITRO AND IN VIVO ANTITUMOR RESPONSE	Neuro-oncology	2024			PMC11183738	https://pmc.ncbi.nlm.nih.gov/articles/PMC11183738/		fulltext/anon_2024_pmidPMC11183738.xml	cell_therapy_delivery;dipg_dmg;meeting_abstract	fulltext_xml
cell_therapy_delivery		EXTH-47. ENHANCING GD2.CART THERAPY FOR DIFFUSE MIDLINE GLIOMA WITH LSD1 AND HDAC INHIBITORS	Neuro-oncology	2024			PMC11553469	https://pmc.ncbi.nlm.nih.gov/articles/PMC11553469/			cell_therapy_delivery;dipg_dmg;meeting_abstract	metadata_only
cell_therapy_delivery	Agosti E, Garaba A, Antonietti S, Ius T, Fontanella MM, Zeppieri M, Panciani PP.	CAR-T Cells Therapy in Glioblastoma: A Systematic Review on Molecular Targets and Treatment Strategies	International journal of molecular sciences	2024	39000281	10.3390/ijms25137174	PMC11241811	https://pmc.ncbi.nlm.nih.gov/articles/PMC11241811/		fulltext/agosti_2024_pmid39000281.xml	brainstem;cell_therapy_delivery;dipg_dmg	fulltext_xml
cell_therapy_delivery	Del Baldo G, Carai A, Mastronuzzi A.	Chimeric antigen receptor adoptive immunotherapy in central nervous system tumors: state of the art on clinical trials, challenges, and emerging strategies to addressing them	Current opinion in oncology	2024	38989708	10.1097/cco.0000000000001076	PMC11460750	https://pmc.ncbi.nlm.nih.gov/articles/PMC11460750/		fulltext/del_2024_pmid38989708.xml	cell_therapy_delivery	fulltext_xml
cell_therapy_delivery	Kowalczyk A, Zarychta J, Marszołek A, Zawitkowska J, Lejman M.	Chimeric Antigen Receptor T Cell and Chimeric Antigen Receptor NK Cell Therapy in Pediatric and Adult High-Grade Glioma-Recent Advances	Cancers	2024	38339374	10.3390/cancers16030623	PMC10854514	https://pmc.ncbi.nlm.nih.gov/articles/PMC10854514/		fulltext/kowalczyk_2024_pmid38339374.xml	cell_therapy_delivery;radiation_combined	fulltext_xml
cell_therapy_delivery	Lin FY, Stuckert A, Tat C, White M, Ruggieri L, Zhang H, Mehta B, Lapteva N, Mei Z, Major A, Thakkar S, Shum T, Parikh K, Wu MF, Lindsay HB, Scherer L, Shekar M, Baxter P, Wang T, Grilley B, Moeller K, Hicks J, Roy A, Anastas J, Malbari F, Aldave G, Chintagumpala M, Blaney S, Parsons DW, Brenner MK, Heslop HE, Rooney CM, Omer B.	Phase I Trial of GD2.CART Cells Augmented With Constitutive Interleukin-7 Receptor for Treatment of High-Grade Pediatric CNS Tumors	Journal of clinical oncology : official journal of the American Society of Clinical Oncology	2024	38771986	10.1200/jco.23.02019	PMC11305939	https://pmc.ncbi.nlm.nih.gov/articles/PMC11305939/		fulltext/lin_2024_pmid38771986.xml	cell_therapy_delivery;dipg_dmg	fulltext_xml
cell_therapy_delivery	Monje M, Mahdi J, Majzner R, Yeom K, Schultz LM, Richards RM, Barsan V, Song K, Kamens J, Baggott C, Kunicki M, Lim AS, Reschke A, Mavroukakis S, Egeler E, Moon J, Patel S, Chinnasamy H, Erickson C, Jacobs A, Duh AK, Rietberg SP, Tunuguntla R, Klysz DD, Fowler C, Green S, Beebe B, Carr C, Fujimoto M, Brown AK, Petersen AG, McIntyre C, Siddiqui A, Lepori-Bui N, Villar K, Pham K, Bove R, Musa E, Reynolds W, Kuo A, Prabhu S, Rasmussen L, Cornell TT, Partap S, Fisher PG, Campen CJ, Grant G, Prolo L, Ye X, Sahaf B, Davis KL, Feldman SA, Ramakrishna S, Mackall C.	Sequential intravenous and intracerebroventricular GD2-CAR T-cell therapy for H3K27M-mutated diffuse midline gliomas	medRxiv	2024		10.1101/2024.06.25.24309146		https://doi.org/10.1101/2024.06.25.24309146			brainstem;cell_therapy_delivery;dipg_dmg;intrathecal_csf	metadata_only
cell_therapy_delivery	Oishi T, Koizumi S, Kurozumi K.	Mesenchymal stem cells as therapeutic vehicles for glioma	Cancer gene therapy	2024	38654128	10.1038/s41417-024-00775-7		https://doi.org/10.1038/s41417-024-00775-7			cell_therapy_delivery;systemic_bbb_pharmacology;viral_vector	metadata_only
cell_therapy_delivery	Power EA, Millesi E, Rechberger JS, Daniels DJ.	CAR-T cells for H3K27-altered diffuse midline gliomas: where do we stand?	Immunotherapy	2024	39016046	10.1080/1750743x.2024.2373043	PMC11457631	https://pmc.ncbi.nlm.nih.gov/articles/PMC11457631/			cell_therapy_delivery;dipg_dmg	metadata_only
cell_therapy_delivery	Ronsley R, Bertrand KC, Song EZ, Timpanaro A, Choe M, Tlais D, Vitanza NA, Park JR.	CAR T cell therapy for pediatric central nervous system tumors: a review of the literature and current North American trials	Cancer metastasis reviews	2024	39251462	10.1007/s10555-024-10208-4	PMC11554695	https://pmc.ncbi.nlm.nih.gov/articles/PMC11554695/		fulltext/ronsley_2024_pmid39251462.xml	brainstem;cell_therapy_delivery;dipg_dmg	fulltext_xml
cell_therapy_delivery	Testa U, Castelli G, Pelosi E.	CAR-T Cells in the Treatment of Nervous System Tumors	Cancers	2024	39199683	10.3390/cancers16162913	PMC11352247	https://pmc.ncbi.nlm.nih.gov/articles/PMC11352247/		fulltext/testa_2024_pmid39199683.xml	cell_therapy_delivery;dipg_dmg	fulltext_xml
cell_therapy_delivery	Vitanza N, Ronsley R, Choe M, Huang W, Seidel K, Rawlings-Rhea S, Beam M, Steinmetzer L, Wilson A, Brown C, Beebe A, Lindgren C, Gustafson J, Wein A, Holtzclaw S, Hoeppner C, Goldstein H, Browd S, Hauptman J, Lee A, Ojemann J, Crotty E, Leary S, Perez F, Wright J, Alonso M, Dun M, Foster J, Hurst D, Kong A, Thomsen A, Orentas R, Albert C, Pinto N, Annesley C, Gardner R, Ho O, Pattabhi S, Wendler J, Gust J, Park J, Jensen M.	Intracerebroventricular B7-H3 CAR T cells for children and young adults with diffuse intrinsic pontine glioma	Research Square	2024		10.21203/rs.3.rs-5248718/v1		https://doi.org/10.21203/rs.3.rs-5248718/v1			brainstem;cell_therapy_delivery;dipg_dmg;intrathecal_csf	metadata_only
cell_therapy_delivery	Vitanza NA, Choe M, Brown C, Beebe A, Kong A, Rogers L, Jacob S, Mano E, Abuan K, Mgebroff S, Lindgren C, Gustafson JA, Wilson AL, Noll A, Ronsley R, Crotty EE, Leary SES, Foster JB, Pinto N, Gust J, Gardner RA, Park JR, Jensen MC.	Locoregional CAR T Cells for the Treatment of CNS Tumors in Children: Investigational Drug Service Pharmacy Activities	Journal of hematology oncology pharmacy	2024	39238483		PMC11375759	https://pmc.ncbi.nlm.nih.gov/articles/PMC11375759/			brainstem;cell_therapy_delivery;dipg_dmg;systemic_bbb_pharmacology	metadata_only
cell_therapy_delivery	Wang W, He H, Zheng L, Zeng S, Cho HY, Kouhi A, Khawli LA, Chen L, Stathopoulos A, Schönthal AH, Epstein AL, Chen TC.	Enhancing brain entry and therapeutic activity of chimeric antigen receptor T cells with intra-arterial NEO100 in a mouse model of CNS lymphoma	Journal of neurosurgery	2024	38157532	10.3171/2023.10.jns231097		https://doi.org/10.3171/2023.10.jns231097			cell_therapy_delivery;implant_depot_device;intra_arterial;intrathecal_csf;systemic_bbb_pharmacology	metadata_only
cell_therapy_delivery		IMMU-13. PRECLINICAL EFFICACY OF MULTI-ANTIGEN (HER2/EGFR806/B7-H3/IL13RA2) TARGETING QUAD-CAR T CELLS AGAINST DIFFUSE MIDLINE GLIOMA	Neuro-oncology	2023			PMC10260133	https://pmc.ncbi.nlm.nih.gov/articles/PMC10260133/		fulltext/anon_2023_pmidPMC10260133.xml	brainstem;cell_therapy_delivery;dipg_dmg;meeting_abstract	fulltext_xml
cell_therapy_delivery		IMMU-15. PHASE I TRIAL OF GD2.CART-CELLS AUGMENTED WITH A CONSTITUTIVELY ACTIVE INTERLEUKIN-7 RECEPTOR (C7R) FOR TREATMENT OF HIGH-GRADE PEDIATRIC CNS TUMORS	Neuro-oncology	2023			PMC10259947	https://pmc.ncbi.nlm.nih.gov/articles/PMC10259947/		fulltext/anon_2023_pmidPMC10259947.xml	cell_therapy_delivery;dipg_dmg;meeting_abstract	fulltext_xml
cell_therapy_delivery		IMMU-20. EVALUATION OF B7-H3 NANOBODY CAR-T CELLS IN PEDIATRIC GLIOBLASTOMA	Neuro-oncology	2023			PMC10260006	https://pmc.ncbi.nlm.nih.gov/articles/PMC10260006/		fulltext/anon_2023_pmidPMC10260006.xml	cell_therapy_delivery;intrathecal_csf;meeting_abstract	fulltext_xml
cell_therapy_delivery		ROBO1 CAR-T CELL THERAPY FOR TREATMENT REFRACTORY BRAIN CANCER	Neuro-oncology advances	2023			PMC10337552	https://pmc.ncbi.nlm.nih.gov/articles/PMC10337552/		fulltext/anon_2023_pmidPMC10337552.xml	cell_therapy_delivery	fulltext_xml
cell_therapy_delivery	Guo X, Chang M, Wang Y, Xing B, Ma W.	B7-H3 in Brain Malignancies: Immunology and Immunotherapy	International journal of biological sciences	2023	37564196	10.7150/ijbs.85813	PMC10411461	https://pmc.ncbi.nlm.nih.gov/articles/PMC10411461/		fulltext/guo_2023_pmid37564196.xml	antibody_conjugate_shuttle;brainstem;cell_therapy_delivery;dipg_dmg	fulltext_xml
cell_therapy_delivery	Huang Z, Dewanjee S, Chakraborty P, Jha NK, Dey A, Gangopadhyay M, Chen XY, Wang J, Jha SK.	CAR T cells: engineered immune cells to treat brain cancers and beyond	Molecular cancer	2023	36721153	10.1186/s12943-022-01712-8	PMC9890802	https://pmc.ncbi.nlm.nih.gov/articles/PMC9890802/		fulltext/huang_2023_pmid36721153.xml	cell_therapy_delivery;radiation_combined	fulltext_xml
cell_therapy_delivery	Miguel Llordes G, Medina Pérez VM, Curto Simón B, Castells-Yus I, Vázquez Sufuentes S, Schuhmacher AJ.	Epidemiology, Diagnostic Strategies, and Therapeutic Advances in Diffuse Midline Glioma	Journal of clinical medicine	2023	37629304	10.3390/jcm12165261	PMC10456112	https://pmc.ncbi.nlm.nih.gov/articles/PMC10456112/		fulltext/miguel_2023_pmid37629304.xml	brainstem;cell_therapy_delivery;dipg_dmg;radiation_combined;systemic_bbb_pharmacology;viral_vector	fulltext_xml
cell_therapy_delivery	Vitanza NA, Ronsley R, Choe M, Henson C, Breedt M, Barrios-Anderson A, Wein A, Brown C, Beebe A, Kong A, Kirkey D, Lee BM, Leary SES, Crotty EE, Hoeppner C, Holtzclaw S, Wilson AL, Gustafson JA, Foster JB, Iliff JJ, Goldstein HE, Browd SR, Lee A, Ojemann JG, Pinto N, Gust J, Gardner RA, Jensen MC, Hauptman JS, Park JR.	Locoregional CAR T cells for children with CNS tumors: Clinical procedure and catheter safety	Neoplasia (New York, N.Y.)	2023	36599192	10.1016/j.neo.2022.100870	PMC9823206	https://pmc.ncbi.nlm.nih.gov/articles/PMC9823206/		fulltext/vitanza_2023_pmid36599192.xml	brainstem;cell_therapy_delivery;dipg_dmg	fulltext_xml
cell_therapy_delivery		DIPG-15. Major tumor regressions in H3K27M-mutated diffuse midline glioma (DMG) following sequential intravenous (IV) and intracerebroventricular (ICV) delivery of GD2-CAR T-cells	Neuro-oncology	2022			PMC9164854	https://pmc.ncbi.nlm.nih.gov/articles/PMC9164854/		fulltext/anon_2022_pmidPMC9164854.xml	cell_therapy_delivery;dipg_dmg;intrathecal_csf;radiation_combined;meeting_abstract	fulltext_xml
cell_therapy_delivery	Bernstock JD, Hoffman SE, Kappel AD, Valdes PA, Essayed W, Klinger NV, Kang KD, Totsch SK, Olsen HE, Schlappi CW, Filipski K, Gessler FA, Baird L, Filbin MG, Hashizume R, Becher OJ, Friedman GK.	Immunotherapy approaches for the treatment of diffuse midline gliomas	Oncoimmunology	2022	36185807	10.1080/2162402x.2022.2124058	PMC9519005	https://pmc.ncbi.nlm.nih.gov/articles/PMC9519005/		fulltext/bernstock_2022_pmid36185807.xml	brainstem;cell_therapy_delivery;dipg_dmg;viral_vector	fulltext_xml
cell_therapy_delivery	Persson ML, Douglas AM, Alvaro F, Faridi P, Larsen MR, Alonso MM, Vitanza NA, Dun MD.	The intrinsic and microenvironmental features of diffuse midline glioma: Implications for the development of effective immunotherapeutic treatment strategies	Neuro-oncology	2022	35481923	10.1093/neuonc/noac117	PMC9435509	https://pmc.ncbi.nlm.nih.gov/articles/PMC9435509/			brainstem;cell_therapy_delivery;dipg_dmg;radiation_combined;viral_vector	metadata_only
cell_therapy_delivery	Foster J, Griffin C, Stern A, Brimley C, Buongervino S, Storm P, Barrett D, Maris J, Resnick A, Bosse K.	IMMU-16. TARGETING GLYPICAN 2 (GPC2) ON PEDIATRIC MALIGNANT BRAIN TUMORS WITH MRNA CAR T CELLS	Neuro-oncology	2021			PMC8168182	https://pmc.ncbi.nlm.nih.gov/articles/PMC8168182/		fulltext/foster_2021_pmidPMC8168182.xml	cell_therapy_delivery;convection_enhanced_delivery;dipg_dmg;meeting_abstract	fulltext_xml
cell_therapy_delivery	Majzner R, Ramakrishna S, Mochizuki A, Patel S, Chinnasamy H, Yeom K, Schultz L, Richards R, Campen C, Reschke A, Mahdi J, Toland A, Baggott C, Mavroukakis S, Egeler E, Moon J, Landrum K, Erickson C, Rasmussen L, Barsan V, Tamaresis J, Marcy A, Kunicki M, Fujimoto M, Ehlinger Z, Kurra S, Cornell T, Partap S, Fisher P, Grant G, Vogel H, Sahaf B, Davis K, Feldman S, Mackall C, Monje M.	EPCT-14. GD2 CAR T-CELLS MEDIATE CLINICAL ACTIVITY AND MANAGEABLE TOXICITY IN CHILDREN AND YOUNG ADULTS WITH H3K27M-MUTATED DIPG AND SPINAL CORD DMG	Neuro-oncology	2021			PMC8168142	https://pmc.ncbi.nlm.nih.gov/articles/PMC8168142/		fulltext/majzner_2021_pmidPMC8168142.xml	brainstem;cell_therapy_delivery;dipg_dmg;intrathecal_csf;meeting_abstract	fulltext_xml
cell_therapy_delivery	Vitanza N, Wilson A, Gust J, Huang W, Perez F, Albert C, Pinto N, Gardner R, Orentas R, Berens M, Jensen M, Park J.	IMMU-11. CLINICAL UPDATES AND CORRELATIVE FINDINGS FROM THE FIRST PATIENT WITH DIPG TREATED WITH INTRACRANIAL CAR T CELLS	Neuro-oncology	2021			PMC8168133	https://pmc.ncbi.nlm.nih.gov/articles/PMC8168133/		fulltext/vitanza_2021_pmidPMC8168133.xml	brainstem;cell_therapy_delivery;dipg_dmg;meeting_abstract	fulltext_xml
cell_therapy_delivery	Park Y, An P, Ding D, Eberhart C, Raabe E.	DIPG-34. A HUMAN NEURAL STEM CELL DIPG MODEL IDENTIFIES THE RELATIVE CONTRIBUTION OF DIFFERENT ONCOGENIC ELEMENTS TO INVASIVE MALIGNANT TRANSFORMATION	Neuro-oncology	2018			PMC6012952	https://pmc.ncbi.nlm.nih.gov/articles/PMC6012952/			brainstem;cell_therapy_delivery;dipg_dmg;meeting_abstract	metadata_only
cell_therapy_delivery	Chastkofsky M, Procissi D, Yang C, Goldman S, Lesniak M, Hashizume R, Balyasnikova I.	DIPG-19. MESENCHYMAL STEM CELLS TARGET DIFFUSE INTRINSIC PONTINE GLIOMA IN MICE AFTER INTRANASAL DELIVERY	Neuro-oncology	2017			PMC5474997	https://pmc.ncbi.nlm.nih.gov/articles/PMC5474997/			brainstem;cell_therapy_delivery;dipg_dmg;implant_depot_device;intranasal;nanoparticle;systemic_bbb_pharmacology;meeting_abstract	metadata_only
cell_therapy_delivery	Mount C, Majzner R, Sundaresh S, Arnold E, Kadapakkam M, Monje-Deisseroth M, Mackall C.	PDTM-39. GD2-DIRECTED CHIMERIC ANTIGEN RECEPTOR T CELLS AS A POTENT IMMUNOTHERAPY REGIMEN IN XENOGRAFT MODELS OF DIFFUSE INTRINSIC PONTINE GLIOMA	Neuro-oncology	2017			PMC5692904	https://pmc.ncbi.nlm.nih.gov/articles/PMC5692904/			brainstem;cell_therapy_delivery;dipg_dmg;pediatric_hgg;meeting_abstract	metadata_only
cell_therapy_delivery	Theruvath J, Heitzeneder S, Majzner R, Cui K, Nellan A, Graef C, Cheshier S, Mackall C, Mitra S.	IMMU-45. CHECKPOINT MOLECULE B7-H3 IS HIGHLY EXPRESSED ON MEDULLOBLASTOMA AND PROVES TO BE A PROMISING CANDIDATE FOR CAR T CELL IMMUNOTHERAPY	Neuro-oncology	2017			PMC5692740	https://pmc.ncbi.nlm.nih.gov/articles/PMC5692740/			cell_therapy_delivery;convection_enhanced_delivery;systemic_bbb_pharmacology;meeting_abstract	metadata_only
cell_therapy_delivery	Choi SA, Yun JW, Joo KM, Lee JY, Kwak PA, Lee YE, You JR, Kwon E, Kim WH, Wang KC, Phi JH, Kang BC, Kim SK.	Preclinical Biosafety Evaluation of Genetically Modified Human Adipose Tissue-Derived Mesenchymal Stem Cells for Clinical Applications to Brainstem Glioma	Stem cells and development	2016	27151205	10.1089/scd.2015.0324		https://doi.org/10.1089/scd.2015.0324			brainstem;cell_therapy_delivery;imaging_dosimetry_modeling	metadata_only
cell_therapy_delivery	Kazimirsky G, Jiang W, Slavin S, Ziv-Av A, Brodie C.	Mesenchymal stem cells enhance the oncolytic effect of Newcastle disease virus in glioma cells and glioma stem cells via the secretion of TRAIL	Stem cell research & therapy	2016	27724977	10.1186/s13287-016-0414-0	PMC5057491	https://pmc.ncbi.nlm.nih.gov/articles/PMC5057491/		fulltext/kazimirsky_2016_pmid27724977.xml	cell_therapy_delivery;viral_vector	fulltext_xml
cell_therapy_delivery	Choi SA, Lee YE, Kwak PA, Lee JY, Kim SS, Lee SJ, Phi JH, Wang KC, Song J, Song SH, Joo KM, Kim SK.	Clinically applicable human adipose tissue-derived mesenchymal stem cells delivering therapeutic genes to brainstem gliomas	Cancer gene therapy	2015	26021486	10.1038/cgt.2015.25		https://doi.org/10.1038/cgt.2015.25			brainstem;cell_therapy_delivery	metadata_only
cell_therapy_delivery	Choi SA, Lee JY, Wang KC, Phi JH, Song SH, Song J, Kim SK.	Human adipose tissue-derived mesenchymal stem cells: characteristics and therapeutic potential as cellular vehicles for prodrug gene therapy against brainstem gliomas	European journal of cancer (Oxford, England : 1990)	2012	21664124	10.1016/j.ejca.2011.04.033		https://doi.org/10.1016/j.ejca.2011.04.033			brainstem;cell_therapy_delivery	metadata_only
cell_therapy_delivery	Choi SA, Hwang SK, Wang KC, Cho BK, Phi JH, Lee JY, Jung HW, Lee DH, Kim SK.	Therapeutic efficacy and safety of TRAIL-producing human adipose tissue-derived mesenchymal stem cells against experimental brainstem glioma	Neuro-oncology	2011	21062796	10.1093/neuonc/noq147	PMC3018907	https://pmc.ncbi.nlm.nih.gov/articles/PMC3018907/			brainstem;cell_therapy_delivery	metadata_only
viral_vector	Ahrens-Nicklas RC, Kotch C, Roche AM, Everett JK, Reddy S, Santi M, Madsen PJ, Martos-Rus C, Yrigollen CM, Small JC, McCague S, Davidson BL, Samelson-Jones BJ, Surrey LF, Li M, Ficicioglu C, Wang R, Bushman FD, George LA.	Neuroepithelial Tumor with AAV Integration after Intracisternal Magna Vector Delivery	The New England journal of medicine	2026	42127296	10.1056/nejmoa2601608		https://doi.org/10.1056/nejmoa2601608			intrathecal_csf;viral_vector;related_disease	metadata_only
viral_vector	Balasubramanian N, Gaudencio G, Khan KM, Biggerstaff N, Marcinkiewcz CA.	Adolescent social isolation facilitates tau spread in raphe nuclei, linking depression and hyperalgesia in Alzheimer's disease	Neurobiology of disease	2026	41967651	10.1016/j.nbd.2026.107393		https://doi.org/10.1016/j.nbd.2026.107393			brainstem;viral_vector	metadata_only
viral_vector	BinSharhan AS, AlAbdullah AM, Alabdullatif SF, Aboushark YY, Alateeq NM, Alhajjaj WA, Alrabea HO, Saeedi F.	A Decade of Oncolytic Virotherapy in Pediatric Cancers: A Systematic Review of Safety, Immune Awakening, and Emerging Efficacy	Cureus	2026	41705010	10.7759/cureus.101744	PMC12908731	https://pmc.ncbi.nlm.nih.gov/articles/PMC12908731/		fulltext/binsharhan_2026_pmid41705010.xml	radiation_combined;viral_vector	fulltext_xml
viral_vector	Elgehiny A, Fan AE, Frost M, He J, Gary SE, Osorio DS, Zaky W, Zhou L, Kang KD, Zhang Z, Fueyo J, Gomez-Manzano C, Thompson EM, Bernstock JD, Friedman GK.	Clinical and translational progress in oncolytic virotherapy for pediatric CNS tumors	Journal of neuro-oncology	2026	41741902	10.1007/s11060-026-05480-z	PMC12935792	https://pmc.ncbi.nlm.nih.gov/articles/PMC12935792/		fulltext/elgehiny_2026_pmid41741902.xml	dipg_dmg;viral_vector	fulltext_xml
viral_vector	Gumennaya YD, Valikhov MP, Naberezhnaya ER, Vorobyev PO, Vadekhina VV, Alekseeva ON, Sosnovtseva AO, Kochetkov DV, Soboleva AV, Ibrahim L, Ionov SA, Yusubalieva GM, Ivanov AV, Chumakov PM, Poteryakhina AV.	Humanized Murine Glioblastoma Models for Evaluation of Coxsackievirus Oncolytic Therapy	Cancers	2026	42073603	10.3390/cancers18081280	PMC13114285	https://pmc.ncbi.nlm.nih.gov/articles/PMC13114285/		fulltext/gumennaya_2026_pmid42073603.xml	viral_vector	fulltext_xml
viral_vector	Kuwahara A, Fenton EM, Lovejoy C, Lee T, Wang L, Fogarty M, Jung J, Guo SM, Maynard LH, May AP, Rossenberg-Hasson Y, Clarke JL, Diaz AA, Phillips JJ, Kelly L, Clément N, Paulk NK.	AAV immuno-gene therapy platform delivering vectorized cytokines defines a new modality for high-grade glioma treatment	Molecular therapy. Oncology	2026	42005833	10.1016/j.omton.2026.201183	PMC13091051	https://pmc.ncbi.nlm.nih.gov/articles/PMC13091051/		fulltext/kuwahara_2026_pmid42005833.xml	convection_enhanced_delivery;systemic_bbb_pharmacology;viral_vector	fulltext_xml
viral_vector	Lacher RK, Henson K, Wathen LN, Jones C, Arnold T, Rice MR, Carles HM, White AR, Ramsuchit E, Murrey D, Raig R, Fisher A, Bucher K, Westerkamp GC, Fritz AL, Gollaway BM, Piloto S, Dismuke D, Robinson JE, Williams MT, Vorhees CV, De Silva EK, Tiwari D, Erickson CA, Pedapati EV, Gross C.	FMR1 gene therapy restores translationally relevant phenotypes in a mouse model for fragile X syndrome	Gene therapy	2026	42432256	10.1038/s41434-026-00630-4		https://doi.org/10.1038/s41434-026-00630-4			brainstem;imaging_dosimetry_modeling;intrathecal_csf;viral_vector	metadata_only
viral_vector	Li J, Chaurasiya S, Sun G, Cui Q, Ye P, Qin Y, Zhou T, Wang X, Fong Y, Maus MV, Shi Y.	Developing a multimodal therapy for glioblastoma using oncolytic virus delivering CD19 and EGFRvIII antigens and bi-specific CARs	Nature communications	2026	41957020	10.1038/s41467-026-71021-x	PMC13222885	https://pmc.ncbi.nlm.nih.gov/articles/PMC13222885/		fulltext/li_2026_pmid41957020.xml	cell_therapy_delivery;viral_vector	fulltext_xml
viral_vector	Mathews MA, Tung VWK, Reader-Harris EC, Murray AJ.	Selective genetic targeting of the mouse efferent vestibular nucleus identifies monosynaptic inputs and indicates function as multimodal integrator	Journal of neurophysiology	2026	41770522	10.1152/jn.00467.2025	PMC7618883	https://pmc.ncbi.nlm.nih.gov/articles/PMC7618883/		fulltext/mathews_2026_pmid41770522.xml	brainstem;viral_vector	fulltext_xml
viral_vector	Poboży K, Ząbek Z, Turek G, Litak J, Zhu B, Gierszon P, Litak J, Szymoniuk M, Zielińska-Turek J, Staśkiewicz G, Torres K, Ząbek M, Czyżewski W.	Reprogramming the Immunosuppressive Microenvironment in Glioblastoma Through Oncolytic Herpes Simplex Virus Therapy: A Systematic Review	Cells	2026	42193877	10.3390/cells15100867	PMC13204738	https://pmc.ncbi.nlm.nih.gov/articles/PMC13204738/		fulltext/poboy_2026_pmid42193877.xml	viral_vector	fulltext_xml
viral_vector	Qian Z, Gao Q, Zhang W.	Combination of oncolytic viruses and immune checkpoint inhibitors for treatment of high-grade gliomas	Frontiers in neurology	2026	41756179	10.3389/fneur.2026.1683726	PMC12932173	https://pmc.ncbi.nlm.nih.gov/articles/PMC12932173/		fulltext/qian_2026_pmid41756179.xml	radiation_combined;viral_vector	fulltext_xml
viral_vector	Tang Y, E Q, Ma L, Li X, Zhang Y, Wang W, Jiang Z, Zhang X, Hou Y, Du J, Zhu Y, Dong H, Xu Y, Tian T, Cheng L, Ma Q, Li J, Zhou G, Huang Y.	Oncolytic virus OVV-03 enhances CAR-T cell therapy against glioblastoma via immune modulation and specific HER2 upregulation	Oncoimmunology	2026	41496551	10.1080/2162402x.2025.2612377	PMC12785206	https://pmc.ncbi.nlm.nih.gov/articles/PMC12785206/		fulltext/tang_2026_pmid41496551.xml	cell_therapy_delivery;viral_vector	fulltext_xml
viral_vector	Uotani K, Fujiwara T, Takatori R, Yamashita K, Matsumoto K, Oda Y, Shinohara K, Tazawa H, Fujiwara T, Ozaki T.	Virotherapy for Spinal and Spinal Cord Tumors: Current Evidence and Future Perspectives	Preprints.org	2026		10.20944/preprints202608.0105.v1		https://doi.org/10.20944/preprints202608.0105.v1			brainstem;dipg_dmg;nanoparticle;viral_vector	metadata_only
viral_vector	Ye D, Kayithi A, Yuan J, Wang I, Xu T, Boisvert M, Paquet ME, Chen H.	Whole-brain biodistribution of AAV2, AAV8, and AAV-B10 after unilateral intracerebroventricular injection	Molecular therapy. Advances	2026	42518515	10.1016/j.omta.2026.201798		https://doi.org/10.1016/j.omta.2026.201798			brainstem;imaging_dosimetry_modeling;intrathecal_csf;viral_vector	metadata_only
viral_vector	Zeng W, Wang P, Fang S, Ge S, Jia W, Peng S, Wang M, Qin X, Zhang W, Gao J, Su X, Yuan G, Wu J, Liu Y, Wang Y, Lu H, Mu R, Wu F, Chang Q, Jin G, Meng F, Zhang J, Liu F.	ON-01, an engineered recombinant oncolytic herpes simplex virus type-1, in recurrent glioma: A single-arm, phase 1/2 study	Neuro-oncology	2026	41527280	10.1093/neuonc/noag005		https://doi.org/10.1093/neuonc/noag005			viral_vector	metadata_only
viral_vector	Alomari O, Eyvazova H, Güney B, Al Juhmani R, Odabasi H, Al-Rawabdeh L, Mokresh ME, Erginoglu U, Keles A, Baskaya MK.	Oncolytic Therapies for Glioblastoma: Advances, Challenges, and Future Perspectives	Cancers	2025	40805247	10.3390/cancers17152550	PMC12346333	https://pmc.ncbi.nlm.nih.gov/articles/PMC12346333/		fulltext/alomari_2025_pmid40805247.xml	systemic_bbb_pharmacology;viral_vector	fulltext_xml
viral_vector	Cao T, Hao T, Zhang X, Chen B, Zhang H, Shao L, He W, Li B, Zheng Q, Ji P, Tao K.	TAMs-specific ARF1 inhibition reprograms glioma microenvironment and enhances the therapeutic effect of oncolytic adenovirus	iScience	2025	40520103	10.1016/j.isci.2025.112696	PMC12164047	https://pmc.ncbi.nlm.nih.gov/articles/PMC12164047/		fulltext/cao_2025_pmid40520103.xml	viral_vector	fulltext_xml
viral_vector	Chen Y, Ren L, Li X, Wu Y, Zhao H, Feng R, Zhang W, Zhao J, Yang P, Mao Q, Xia H.	Novel oncolytic adenovirus-based PEPvIII vaccine displays a super antitumor effect in glioma models	Journal for immunotherapy of cancer	2025	40998516	10.1136/jitc-2024-010750	PMC12481307	https://pmc.ncbi.nlm.nih.gov/articles/PMC12481307/		fulltext/chen_2025_pmid40998516.xml	viral_vector	fulltext_xml
viral_vector	Guo C, Long Z, Lin P, Shen Y, Zhong Y, Qian J, Yu J, Zhao W, Liu F, Ma Y, Zheng J, Yang J, Zhao S, Ran X, Xia Z, Wu C, Cai Y, Wang C, Xie Q.	BRD9 inhibition overcomes oncolytic virus therapy resistance in glioblastoma	Cell reports. Medicine	2025	40744020	10.1016/j.xcrm.2025.102258	PMC12432354	https://pmc.ncbi.nlm.nih.gov/articles/PMC12432354/		fulltext/guo_2025_pmid40744020.xml	viral_vector	fulltext_xml
viral_vector	Korff V, El-Debs I, Sehl-Ewert J.	Spatial and temporal mapping of early alphaherpesvirus invasion routes into the mouse central nervous system	Journal of neurovirology	2025	41017005	10.1007/s13365-025-01278-3	PMC12618451	https://pmc.ncbi.nlm.nih.gov/articles/PMC12618451/		fulltext/korff_2025_pmid41017005.xml	brainstem;intranasal;viral_vector	fulltext_xml
viral_vector	Labiano S, Marco-Sanz J, Ausejo-Mauleon I, Laspidea V, Hernández-Osuna R, Garcia-Moure M, Nava D, Nuin S, Gonzalez-Huarriz M, Phoenix TN, Tamayo I, Zalacain M, Lacalle A, Marrodan L, Puigdelloses M, Hervás-Corpión I, Ochoa MC, Casares N, Becher OJ, Gomez-Manzano C, Fueyo J, Perez-Larraya JG, Patiño-Garcia A, Alonso MM.	Targeting the CD40 costimulatory receptor to improve virotherapy efficacy in diffuse midline gliomas	Cell reports. Medicine	2025	40578365	10.1016/j.xcrm.2025.102204	PMC12281365	https://pmc.ncbi.nlm.nih.gov/articles/PMC12281365/		fulltext/labiano_2025_pmid40578365.xml	dipg_dmg;viral_vector	fulltext_xml
viral_vector	Liu J, Wang Y, Su S, Cheng G, Zhao H, Sun J, Sun G, Li F, Hui R, Liu M, Wu L, Wu D, Yang F, Dang Y, Hei J, Li Y, Gao Z, Wang B, Bai Y, Lv W, Zhang J.	Oncolytic Viruses in Glioblastoma: Clinical Progress, Mechanistic Insights, and Future Therapeutic Directions	Cancers	2025	41463198	10.3390/cancers17243948	PMC12730407	https://pmc.ncbi.nlm.nih.gov/articles/PMC12730407/		fulltext/liu_2025_pmid41463198.xml	imaging_dosimetry_modeling;systemic_bbb_pharmacology;viral_vector	fulltext_xml
viral_vector	Niu A, Lv Y, Chen Y, Liu Y, Luo C, Zheng M, Shen Y, He J, Yao D, Lan H, Zou H, Ge T, Mou X.	Cholesterol surface-modified oncolytic adenovirus enriched with apolipoprotein E penetrates the blood-brain barrier to target glioblastoma immunotherapy	Materials today. Bio	2025	41080735	10.1016/j.mtbio.2025.102319	PMC12509134	https://pmc.ncbi.nlm.nih.gov/articles/PMC12509134/		fulltext/niu_2025_pmid41080735.xml	systemic_bbb_pharmacology;viral_vector	fulltext_xml
viral_vector	Nizamutdinov D, Sentmanat A, Tong J, Qi X, Pan Y, Qi D, Wu E, Huang JH.	The Emerging Role of Oncolytic Virotherapy in Glioblastoma Management	Cancers	2025	41228258	10.3390/cancers17213465	PMC12608655	https://pmc.ncbi.nlm.nih.gov/articles/PMC12608655/		fulltext/nizamutdinov_2025_pmid41228258.xml	radiation_combined;systemic_bbb_pharmacology;viral_vector	fulltext_xml
viral_vector	Qian X, Ning W, Yang J, Dunmall LC, Pandha HS, Shang G, Guo Y, Zhang D, Qu Y, Wang H, Gu C, Zhang M, Wang Y, Wang S, Zhang H.	The oncolytic adenovirus Ad-TD-nsIL12 in primary or progressive pediatric IDH wild-type diffuse intrinsic pontine glioma results of two phase I clinical trials	Nature communications	2025	40721414	10.1038/s41467-025-62260-5	PMC12304309	https://pmc.ncbi.nlm.nih.gov/articles/PMC12304309/		fulltext/qian_2025_pmid40721414.xml	brainstem;dipg_dmg;radiation_combined;viral_vector	fulltext_xml
viral_vector	Vazaios K, Hernández López P, Aarts-Riemens T, Daudeij A, Kemp V, Hoeben RC, Straetemans T, Hulleman E, Calkoen FG, van der Lugt J, Kuball J.	Unusual Partners: γδ-TCR-Based T Cell Therapy in Combination with Oncolytic Virus Treatment for Diffuse Midline Gliomas	International journal of molecular sciences	2025	40076788	10.3390/ijms26052167	PMC11900589	https://pmc.ncbi.nlm.nih.gov/articles/PMC11900589/		fulltext/vazaios_2025_pmid40076788.xml	cell_therapy_delivery;dipg_dmg;viral_vector	fulltext_xml
viral_vector	Velammal PNKP, Dhasakeerthi T, Varghese JR, Agrawal M, Veluswami K, Manickavelan HV, Srinivasan G.	The effect of oncolytic virotherapy on pediatric brain tumor- a systematic review	Child's nervous system : ChNS : official journal of the International Society for Pediatric Neurosurgery	2025	41108331	10.1007/s00381-025-06981-4		https://doi.org/10.1007/s00381-025-06981-4			brainstem;dipg_dmg;radiation_combined;viral_vector	metadata_only
viral_vector	Yang R, Hedberg J, Montagano J, Seals M, Puri S.	Oncolytic Virus Therapies in Malignant Gliomas: Advances and Clinical Trials	Cancers	2025	41097707	10.3390/cancers17193180	PMC12523521	https://pmc.ncbi.nlm.nih.gov/articles/PMC12523521/		fulltext/yang_2025_pmid41097707.xml	viral_vector	fulltext_xml
viral_vector	Zheng K, Tsitsos FN, Batts AJ, Ji R, Nuriel T, Konofagou EE, Leong KW.	Focused ultrasound-mediated APOE4 knockdown in mouse brain	Alzheimer's & dementia : the journal of the Alzheimer's Association	2025	40665471	10.1002/alz.70464	PMC12263348	https://pmc.ncbi.nlm.nih.gov/articles/PMC12263348/		fulltext/zheng_2025_pmid40665471.xml	focused_ultrasound;systemic_bbb_pharmacology;viral_vector;related_disease	fulltext_xml
viral_vector	Zheng Y, Pei Y, Dong C, Liang J, Cai T, Zhang Y, Tan D, Wang J, He Q.	Oncolytic Herpes Simplex Virus Therapy: Latest Advances, Core Challenges, and Future Outlook	Vaccines	2025	40872965	10.3390/vaccines13080880	PMC12390425	https://pmc.ncbi.nlm.nih.gov/articles/PMC12390425/		fulltext/zheng_2025_pmid40872965.xml	cell_therapy_delivery;nanoparticle;viral_vector	fulltext_xml
viral_vector	Zhou Z, Tang Y, Wang W, Yang X, Zhuang Z, Pu T, Jiang F, Dai Z.	Optimization of virus-mediated functional imaging based on quantitative evaluation of transduction efficiency in pigeon (Columba livia domestica)	Poultry science	2025	41135469	10.1016/j.psj.2025.105961	PMC12593608	https://pmc.ncbi.nlm.nih.gov/articles/PMC12593608/		fulltext/zhou_2025_pmid41135469.xml	brainstem;viral_vector	fulltext_xml
viral_vector		DIPG-45. TARGETING HYPERACETYLATION IN PEDIATRIC DIFFUSE MIDLINE GLIOMAS USING ONCOLYTIC ADENOVIRUSES	Neuro-oncology	2024			PMC11182961	https://pmc.ncbi.nlm.nih.gov/articles/PMC11182961/		fulltext/anon_2024_pmidPMC11182961.xml	dipg_dmg;viral_vector;meeting_abstract	fulltext_xml
viral_vector		DIPG-81. PHASE IB CLINICAL TRIAL ASSESSING SAFETY, TOLERABILITY, AND PRELIMINARY EFFICACY OF ALOCELYVIR (ALLOGENEIC MESENCHYMAL CELLS + ONCOLYTIC ADENOVIRUS) COMBINED WITH RADIOTHERAPY IN PEDIATRIC PATIENTS WITH NEWLY DIAGNOSED DIFFUSE INTRINSIC PONTINE GLIOMA (DIPG)	Neuro-oncology	2024			PMC11184008	https://pmc.ncbi.nlm.nih.gov/articles/PMC11184008/		fulltext/anon_2024_pmidPMC11184008.xml	brainstem;dipg_dmg;radiation_combined;viral_vector;meeting_abstract	fulltext_xml
viral_vector		EXTH-34. ACETYLATION SUPPRESSION MEETS ONCOLYTIC VIRUSES FOR THE TREATMENT OF PEDIATRIC DIFFUSE MIDLINE GLIOMA	Neuro-oncology	2024			PMC11553470	https://pmc.ncbi.nlm.nih.gov/articles/PMC11553470/			dipg_dmg;viral_vector;meeting_abstract	metadata_only
viral_vector	Bunuales M, Garduno A, Chillon M, Bosch A, Gonzalez-Aparicio M, Espelosin M, Garcia-Gomara M, Rico AJ, Garcia-Osta A, Cuadrado-Tejedor M, Lanciego JL, Hernandez-Alcoceba R.	Characterization of brain transduction capability of a BBB-penetrant AAV vector in mice, rats and macaques reveals differences in expression profiles	Gene therapy	2024	39039204	10.1038/s41434-024-00466-w	PMC11399087	https://pmc.ncbi.nlm.nih.gov/articles/PMC11399087/		fulltext/bunuales_2024_pmid39039204.xml	brainstem;imaging_dosimetry_modeling;intrathecal_csf;systemic_bbb_pharmacology;viral_vector	fulltext_xml
viral_vector	Chen R, Rey JA, Tuna IS, Tran DD, Sarntinoranont M.	A Spatial Interpolation Approach to Assign Magnetic Resonance Imaging-Derived Material Properties for Finite Element Models of Adeno-Associated Virus Infusion Into a Recurrent Brain Tumor	Journal of biomechanical engineering	2024	38581376	10.1115/1.4064966	PMC11110824	https://pmc.ncbi.nlm.nih.gov/articles/PMC11110824/			convection_enhanced_delivery;imaging_dosimetry_modeling;viral_vector	metadata_only
viral_vector	Guterres A, Filho PNS, Moura-Neto V.	Breaking Barriers: A Future Perspective on Glioblastoma Therapy with mRNA-Based Immunotherapies and Oncolytic Viruses	Vaccines	2024	38250874	10.3390/vaccines12010061	PMC10818651	https://pmc.ncbi.nlm.nih.gov/articles/PMC10818651/		fulltext/guterres_2024_pmid38250874.xml	viral_vector	fulltext_xml
viral_vector	Hernandez-Alcoceba R, Bunuales M, Garduno A, Chillon M, Bosch A, Gonzalez-Aparicio M, Espelosin M, Garcia-Gomara M, Rico A, Garcia-Osta A, Cuadrado-Tejedor M, Lanciego JL.	Characterization of brain transduction capability of a BBB-penetrant, peptide-displaying AAV vector in mice, rats and non-human primates	Research Square	2024		10.21203/rs.3.rs-4429122/v1		https://doi.org/10.21203/rs.3.rs-4429122/v1			brainstem;imaging_dosimetry_modeling;intrathecal_csf;systemic_bbb_pharmacology;viral_vector	metadata_only
viral_vector	Hunter JE, Molony CM, Bagel JH, O'Donnell P, Vite CH, Chawla S, Poptani H, Wolfe JH.	Widespread correction of brain pathology in feline alpha-mannosidosis by dose escalation of intracisternal AAV vector injection	Molecular therapy. Methods & clinical development	2024	38946937	10.1016/j.omtm.2024.101272		https://doi.org/10.1016/j.omtm.2024.101272			intrathecal_csf;systemic_bbb_pharmacology;viral_vector;related_disease	metadata_only
viral_vector	Kim J, Chang MY.	Gene Therapy for Parkinson's Disease Using Midbrain Developmental Genes to Regulate Dopaminergic Neuronal Maintenance	International journal of molecular sciences	2024	39596436	10.3390/ijms252212369	PMC11594980	https://pmc.ncbi.nlm.nih.gov/articles/PMC11594980/		fulltext/kim_2024_pmid39596436.xml	brainstem;viral_vector	fulltext_xml
viral_vector	Ning W, Qian X, Dunmall LC, Liu F, Guo Y, Li S, Song D, Liu D, Ma L, Qu Y, Wang H, Gu C, Zhang M, Wang Y, Wang S, Zhang H.	Non-secreting IL12 expressing oncolytic adenovirus Ad-TD-nsIL12 in recurrent high-grade glioma: a phase I trial	Nature communications	2024	39516192	10.1038/s41467-024-53041-7	PMC11549344	https://pmc.ncbi.nlm.nih.gov/articles/PMC11549344/		fulltext/ning_2024_pmid39516192.xml	intrathecal_csf;viral_vector	fulltext_xml
viral_vector	Peña Pino I, Darrow DP, Chen CC.	Magnetic Resonance Imaging-Aided SmartFlow Convection Delivery of DNX-2401: A Pilot, Prospective Case Series	World neurosurgery	2024	37925150	10.1016/j.wneu.2023.10.142		https://doi.org/10.1016/j.wneu.2023.10.142			convection_enhanced_delivery;imaging_dosimetry_modeling;surgical_access;viral_vector	metadata_only
viral_vector	Sarker FA, Chen Y, Westhaus A, Lisowski L, O'Neill GM.	Identifying adeno-associated virus (AAV) vectors that efficiently target high grade glioma cells, for in vitro monitoring of temporal cell responses	FEBS open bio	2024	39256894	10.1002/2211-5463.13894	PMC11532971	https://pmc.ncbi.nlm.nih.gov/articles/PMC11532971/		fulltext/sarker_2024_pmid39256894.xml	brainstem;dipg_dmg;viral_vector	fulltext_xml
viral_vector	Gállego Pérez-Larraya J, García-Moure M, Alonso MM.	Oncolytic virotherapy for the treatment of pediatric brainstem gliomas	Revue neurologique	2023	37061388	10.1016/j.neurol.2023.03.016		https://doi.org/10.1016/j.neurol.2023.03.016			brainstem;dipg_dmg;radiation_combined;viral_vector	metadata_only
viral_vector	Hu M, Liao X, Tao Y, Chen Y.	Advances in oncolytic herpes simplex virus and adenovirus therapy for recurrent glioma	Frontiers in immunology	2023	38022620	10.3389/fimmu.2023.1285113	PMC10652401	https://pmc.ncbi.nlm.nih.gov/articles/PMC10652401/		fulltext/hu_2023_pmid38022620.xml	viral_vector	fulltext_xml
viral_vector	Jiang S, Chai H, Tang Q, Shi Z, Zhou L.	Clinical advances in oncolytic virus therapy for malignant glioma: a systematic review	Discover oncology	2023	37845388	10.1007/s12672-023-00769-1	PMC10579210	https://pmc.ncbi.nlm.nih.gov/articles/PMC10579210/		fulltext/jiang_2023_pmid37845388.xml	viral_vector	fulltext_xml
viral_vector	O'Leary C, Forte G, Mitchell NL, Youshani AS, Dyer A, Wellby MP, Russell KN, Murray SJ, Jolinon N, Jones SA, Stacey K, Davis DM, Henckaerts E, Palmer DN, Kamaly-Asl I, Bigger BW.	Intraparenchymal convection enhanced delivery of AAV in sheep to treat Mucopolysaccharidosis IIIC	Journal of translational medicine	2023	37407981	10.1186/s12967-023-04208-1	PMC10320977	https://pmc.ncbi.nlm.nih.gov/articles/PMC10320977/		fulltext/oleary_2023_pmid37407981.xml	convection_enhanced_delivery;surgical_access;systemic_bbb_pharmacology;viral_vector;related_disease	fulltext_xml
viral_vector	Soldozy S, Eichberg DG, Morell AA, Luther E, Lu VM, Higgins DMO, Patel NV, Shah AH, Hanft SJ, Komotar RJ, Ivan ME.	Oncolytic Virotherapy for High-Grade Glioma and Current Evidence and Factors to Consider for Incorporation into Clinical Practice	Pathogens (Basel, Switzerland)	2023	37513708	10.3390/pathogens12070861	PMC10386040	https://pmc.ncbi.nlm.nih.gov/articles/PMC10386040/		fulltext/soldozy_2023_pmid37513708.xml	pediatric_hgg;systemic_bbb_pharmacology;viral_vector	fulltext_xml
viral_vector		IMMU-18. Targeting Antigen Presenting Cells to improve virotherapy efficacy in Diffuse Midline Gliomas	Neuro-oncology	2022			PMC9164981	https://pmc.ncbi.nlm.nih.gov/articles/PMC9164981/		fulltext/anon_2022_pmidPMC9164981.xml	brainstem;dipg_dmg;viral_vector;meeting_abstract	fulltext_xml
viral_vector		LOCL-03 INTRATUMORAL DELIVERY OF CONDITIONALLY REPLICATIVE HUMAN ADENOVIRUS 657 EXPRESSING THE IMMUNE CO-STIMULATOR CD40L (CRAD657-CD40L) AS A POTENTIALLY PROMISING TREATMENT FOR RECURRENT PEDIATRIC HIGH GRADE GLIOMA	Neuro-oncology advances	2022			PMC9354156	https://pmc.ncbi.nlm.nih.gov/articles/PMC9354156/		fulltext/anon_2022_pmidPMC9354156.xml	brainstem;dipg_dmg;viral_vector	fulltext_xml
viral_vector	Ghajar-Rahimi G, Kang KD, Totsch SK, Gary S, Rocco A, Blitz S, Kachurak K, Chambers MR, Li R, Beierle EA, Bag A, Johnston JM, Markert JM, Bernstock JD, Friedman GK.	Clinical advances in oncolytic virotherapy for pediatric brain tumors	Pharmacology & therapeutics	2022	35487285	10.1016/j.pharmthera.2022.108193	PMC9709696	https://pmc.ncbi.nlm.nih.gov/articles/PMC9709696/			viral_vector	metadata_only
viral_vector	Gállego Pérez-Larraya J, Garcia-Moure M, Labiano S, Patiño-García A, Dobbs J, Gonzalez-Huarriz M, Zalacain M, Marrodan L, Martinez-Velez N, Puigdelloses M, Laspidea V, Astigarraga I, Lopez-Ibor B, Cruz O, Oscoz Lizarbe M, Hervas-Stubbs S, Alkorta-Aranburu G, Tamayo I, Tavira B, Hernandez-Alcoceba R, Jones C, Dharmadhikari G, Ruiz-Moreno C, Stunnenberg H, Hulleman E, van der Lugt J, Idoate MÁ, Diez-Valle R, Esparragosa Vázquez I, Villalba M, de Andrea C, Núñez-Córdoba JM, Ewald B, Robbins J, Fueyo J, Gomez-Manzano C, Lang FF, Tejada S, Alonso MM.	Oncolytic DNX-2401 Virus for Pediatric Diffuse Intrinsic Pontine Glioma	The New England journal of medicine	2022	35767439	10.1056/nejmoa2202028		https://doi.org/10.1056/nejmoa2202028			brainstem;dipg_dmg;pediatric_hgg;radiation_combined;viral_vector	metadata_only
viral_vector	Chastkofsky MI, Pituch KC, Katagi H, Zannikou M, Ilut L, Xiao T, Han Y, Sonabend AM, Curiel DT, Bonner ER, Nazarian J, Horbinski CM, James CD, Saratsis AM, Hashizume R, Lesniak MS, Balyasnikova IV.	Mesenchymal Stem Cells Successfully Deliver Oncolytic Virotherapy to Diffuse Intrinsic Pontine Glioma	Clinical cancer research : an official journal of the American Association for Cancer Research	2021	33272983	10.1158/1078-0432.ccr-20-1499	PMC7956061	https://pmc.ncbi.nlm.nih.gov/articles/PMC7956061/			brainstem;cell_therapy_delivery;dipg_dmg;radiation_combined;viral_vector	metadata_only
viral_vector	Suryawanshi YR, Schulze AJ.	Oncolytic Viruses for Malignant Glioma: On the Verge of Success?	Viruses	2021	34372501	10.3390/v13071294	PMC8310195	https://pmc.ncbi.nlm.nih.gov/articles/PMC8310195/		fulltext/suryawanshi_2021_pmid34372501.xml	cell_therapy_delivery;radiation_combined;systemic_bbb_pharmacology;viral_vector	fulltext_xml
viral_vector	M Alonso M, Iñigo-Marco I, Garcia-Moure M, González-Huarriz M, Jones C, MACKAY A, Hulleman E, Van der Lugt J, De Andrea C, Villalba M, Hernandez R, Hervás S, Tamayo I, Lang F, Gomez-Manzano C, Fueyo J, Diez-Valle R, Tejada S.	CTIM-25. ONCOLYTIC VIRUS FOR DIPG: THE CLINICAL EXPERIENCE WITH DNX-2401	Neuro-oncology	2020			PMC7650359	https://pmc.ncbi.nlm.nih.gov/articles/PMC7650359/			brainstem;dipg_dmg;radiation_combined;viral_vector;meeting_abstract	metadata_only
viral_vector	Laspidea V, Varela-Guruceaga M, García-Moure M, Gonzalez-Huarriz M, Fueyo J, Gomez-Manzano C, Alonso M.	THER-25. IMMUNE ONCOLYTIC ADENOVIRUS FOR DIPG TREATMENT	Neuro-oncology	2019			PMC6477232	https://pmc.ncbi.nlm.nih.gov/articles/PMC6477232/			brainstem;dipg_dmg;radiation_combined;viral_vector;meeting_abstract	metadata_only
viral_vector	Tejada S, Martinez-Velez N, Varela M, Dominguez P, Fueyo J, Gomez-Manzano C, Aristu J, Diez R, Alonso M.	DIPG-17. ONCOLYTIC VIRUS FOR pHGG AND DIPGs: FROM THE BENCH TO THE BEDSIDE	Neuro-oncology	2018			PMC6012949	https://pmc.ncbi.nlm.nih.gov/articles/PMC6012949/			brainstem;convection_enhanced_delivery;dipg_dmg;pediatric_hgg;radiation_combined;viral_vector;meeting_abstract	metadata_only
viral_vector		HG-22TREATMENT OF INTRA-BRAIN STEM XENOGRAFT MOUSE MODELS OF DIPG WITH COMBINED RADIATION AND ONCOLYTIC VIRAL THERAPY	Neuro-oncology	2016			PMC4903396	https://pmc.ncbi.nlm.nih.gov/articles/PMC4903396/			brainstem;dipg_dmg;viral_vector	metadata_only
viral_vector	Cockle J, Ilett E, Brüning-Richardson A, Thompson J, Kottke T, Scott K, Morrison E, Ismail A, Rose A, Picton S, Vile R, Selby P, Short S, Melcher A.	HG-08ONCOLYTIC HERPES SIMPLEX VIRUS: AN ANTI-INVASIVE THERAPEUTIC STRATEGY FOR PAEDIATRIC HIGH GRADE GLIOMA AND DIFFUSE INTRINSIC PONTINE GLIOMA	Neuro-oncology	2016			PMC4903359	https://pmc.ncbi.nlm.nih.gov/articles/PMC4903359/			brainstem;dipg_dmg;viral_vector	metadata_only
viral_vector	Josupeit R, Bender S, Kern S, Leuchs B, Hielscher T, Herold-Mende C, Schlehofer JR, Dinsart C, Witt O, Rommelaere J, Lacroix J.	Pediatric and Adult High-Grade Glioma Stem Cell Culture Models Are Permissive to Lytic Infection with Parvovirus H-1	Viruses	2016	27213425	10.3390/v8050138	PMC4885093	https://pmc.ncbi.nlm.nih.gov/articles/PMC4885093/		fulltext/josupeit_2016_pmid27213425.xml	brainstem;dipg_dmg;viral_vector	fulltext_xml
viral_vector		OP03ONCOLYTIC HERPES SIMPLEX VIRUS INHIBITS PAEDIATRIC HIGH GRADE GLIOMA AND DIFFUSE INTRINSIC PONTINE GLIOMA MIGRATION AND INVASION; MECHANISM AND POTENTIAL FOR CLINICAL APPLICATION	Neuro-oncology	2015			PMC4657627	https://pmc.ncbi.nlm.nih.gov/articles/PMC4657627/			brainstem;dipg_dmg;viral_vector	metadata_only
viral_vector	Weismann CM, Ferreira J, Keeler AM, Su Q, Qui L, Shaffer SA, Xu Z, Gao G, Sena-Esteves M.	Systemic AAV9 gene transfer in adult GM1 gangliosidosis mice reduces lysosomal storage in CNS and extends lifespan	Human molecular genetics	2015	25964428	10.1093/hmg/ddv168	PMC4492398	https://pmc.ncbi.nlm.nih.gov/articles/PMC4492398/			brainstem;viral_vector	metadata_only
viral_vector		NT-17TREATMENT OF DIFFUSE INTRINSIC PONTINE GLIOMA (DIPG) WITH AN ONCOLYTIC MEASLES VIRUS IN COMBINATION WITH INHIBITORS OF THE PI3-KINASE PATHWAY	Neuro-oncology	2014			PMC4218425	https://pmc.ncbi.nlm.nih.gov/articles/PMC4218425/			brainstem;dipg_dmg;viral_vector	metadata_only
viral_vector	Gedeon PC, Choi BD, Sampson JH, Bigner DD.	Rindopepimut: anti-EGFRvIII peptide vaccine, oncolytic	Drugs of the future	2013	25663738	10.1358/dof.2013.038.03.1933992	PMC4317793	https://pmc.ncbi.nlm.nih.gov/articles/PMC4317793/			brainstem;radiation_combined;viral_vector	metadata_only
viral_vector	Klaw MC, Xu C, Tom VJ.	Intraspinal AAV Injections Immediately Rostral to a Thoracic Spinal Cord Injury Site Efficiently Transduces Neurons in Spinal Cord and Brain	Molecular therapy. Nucleic acids	2013	23881451	10.1038/mtna.2013.34	PMC3731889	https://pmc.ncbi.nlm.nih.gov/articles/PMC3731889/		fulltext/klaw_2013_pmid23881451.xml	brainstem;viral_vector	fulltext_xml
viral_vector	Salegio EA, Samaranch L, Jenkins RW, Clarke CJ, Lamarre C, Beyer J, Kells AP, Bringas J, Sebastian WS, Richardson RM, Rosenbluth KH, Hannun YA, Bankiewicz KS, Forsayeth J.	Safety study of adeno-associated virus serotype 2-mediated human acid sphingomyelinase expression in the nonhuman primate brain	Human gene therapy	2012	22574943	10.1089/hum.2012.052	PMC3413900	https://pmc.ncbi.nlm.nih.gov/articles/PMC3413900/			brainstem;viral_vector	metadata_only
viral_vector	Ahmed AU, Tyler MA, Thaci B, Alexiades NG, Han Y, Ulasov IV, Lesniak MS.	A comparative study of neural and mesenchymal stem cell-based carriers for oncolytic adenovirus in a model of malignant glioma	Molecular pharmaceutics	2011	21718006	10.1021/mp200161f	PMC3185211	https://pmc.ncbi.nlm.nih.gov/articles/PMC3185211/			cell_therapy_delivery;viral_vector	metadata_only
viral_vector	Idema S, Caretti V, Lamfers ML, van Beusechem VW, Noske DP, Vandertop WP, Dirven CM.	Anatomical differences determine distribution of adenovirus after convection-enhanced delivery to the rat brain	PloS one	2011	22022354	10.1371/journal.pone.0024396	PMC3192704	https://pmc.ncbi.nlm.nih.gov/articles/PMC3192704/		fulltext/idema_2011_pmid22022354.xml	convection_enhanced_delivery;imaging_dosimetry_modeling;nanoparticle;viral_vector	fulltext_xml
viral_vector	White E, Bienemann A, Megraw L, Bunnun C, Gill S.	Evaluation and optimization of the administration of a selectively replicating herpes simplex viral vector to the brain by convection-enhanced delivery	Cancer gene therapy	2011	21372854	10.1038/cgt.2011.2		https://doi.org/10.1038/cgt.2011.2			convection_enhanced_delivery;imaging_dosimetry_modeling;viral_vector	metadata_only
viral_vector	Salegio EA, Kells AP, Richardson RM, Hadaczek P, Forsayeth J, Bringas J, Sardi SP, Passini MA, Shihabuddin LS, Cheng SH, Fiandaca MS, Bankiewicz KS.	Magnetic resonance imaging-guided delivery of adeno-associated virus type 2 to the primate brain for the treatment of lysosomal storage disorders	Human gene therapy	2010	20408734	10.1089/hum.2010.040	PMC2936496	https://pmc.ncbi.nlm.nih.gov/articles/PMC2936496/			brainstem;viral_vector	metadata_only
viral_vector	Friedman GK, Pressey JG, Reddy AT, Markert JM, Gillespie GY.	Herpes simplex virus oncolytic therapy for pediatric malignancies	Molecular therapy : the journal of the American Society of Gene Therapy	2009	19367259	10.1038/mt.2009.73	PMC2835221	https://pmc.ncbi.nlm.nih.gov/articles/PMC2835221/			viral_vector	metadata_only
viral_vector	Nilaver G, Muldoon LL, Kroll RA, Pagel MA, Breakefield XO, Davidson BL, Neuwelt EA.	Delivery of herpesvirus and adenovirus to nude rat intracerebral tumors after osmotic blood-brain barrier disruption	Proceedings of the National Academy of Sciences of the United States of America	1995	7568227	10.1073/pnas.92.21.9829	PMC40896	https://pmc.ncbi.nlm.nih.gov/articles/PMC40896/			imaging_dosimetry_modeling;intra_arterial;systemic_bbb_pharmacology;viral_vector	metadata_only
nanoparticle	Al-Husseini JK, Upreti M, Ha JH, Fong EM, Spindler A, Baker CJ, Koos DS, Abruzzo T, Zhang M, Krieger MD, Hauptman JS, Moats R, Johal MS, Chiarelli PA.	Tunable Nanoparticle Thin-Film Reveals Distance Dependence of Auger-Mediated Radiation Enhancement in Diffuse Midline Glioma	ACS nano	2026	42394610	10.1021/acsnano.6c05629		https://doi.org/10.1021/acsnano.6c05629			brainstem;dipg_dmg;nanoparticle;radiation_combined	metadata_only
nanoparticle	Alobaidi AMA, Kumeiko VV.	Superparamagnetic Nanoparticles Targeting Brain Cancer: Innovations in Carbohydrate-Based Coatings and Magnetic Field Guidance	Cancers	2026	41681892	10.3390/cancers18030419	PMC12897148	https://pmc.ncbi.nlm.nih.gov/articles/PMC12897148/		fulltext/alobaidi_2026_pmid41681892.xml	nanoparticle;systemic_bbb_pharmacology	fulltext_xml
nanoparticle	Babayemi O, Larson JD, Chaudhuri S, Valesquez F, Morton J, Kuo C, Sablatura LK, Baquer G, Reagan MS, Stopka S, Sandberg DI, Agar NR, Sevick-Muraca E, Wechsler-Reya RJ, Sirianni RW.	Nanoparticle encapsulation enhances spatial distribution of Panobinostat to treat metastatic medulloblastoma via the intrathecal route	bioRxiv	2026		10.64898/2026.03.31.715392		https://doi.org/10.64898/2026.03.31.715392			intrathecal_csf;nanoparticle	metadata_only
nanoparticle	Brambila C, Sahebi Vaighan N, Youssef I, Chaudhary J, Anwar A, Bachoo R, Patel T, Chopra R, Corbin IR.	Enhanced delivery of low-density lipoprotein-based nanoparticles to the mouse glioblastoma using focused ultrasound as a novel therapy	Biomaterials	2026	41967385	10.1016/j.biomaterials.2026.124198		https://doi.org/10.1016/j.biomaterials.2026.124198			focused_ultrasound;nanoparticle;systemic_bbb_pharmacology	metadata_only
nanoparticle	Chakravarty S, Revi N, Bijukumar D.	Development and initial characterization of Ang-2 decorated exosome-liposome hybrid nanocarriers for BBB targeting capability: an evaluation of LRP-1 receptor mediated endocytosis	Biomedical materials (Bristol, England)	2026	41997210	10.1088/1748-605x/ae6164		https://doi.org/10.1088/1748-605x/ae6164			nanoparticle;systemic_bbb_pharmacology	metadata_only
nanoparticle	Chen Z, Wang Z, Yang M, Yan R, Lv L, Chang YN, Chen K, Yang W, Yuan H, Meng X, Zhu L, Yang Z, Xing G, Li J.	An 124I-radiolabeled exosome-based treatment platform for enhanced boron neutron capture therapy: precise delivery and real-time PET tracking of boron	Nanoscale	2026	41738936	10.1039/d5nr04823k		https://doi.org/10.1039/d5nr04823k			nanoparticle;radiation_combined;systemic_bbb_pharmacology	metadata_only
nanoparticle	Fernandes LF, Peeyatu C, Thompson LA, Dickie BR, Ho YS, Hernandez-Lobato N, Lozano N, Kostarelos K, Kisby T.	Targeting therapeutic nanoparticles to the glioblastoma resection margin by harnessing postoperative blood-brain barrier disruption	Science translational medicine	2026	42525789	10.1126/scitranslmed.adv8761		https://doi.org/10.1126/scitranslmed.adv8761			nanoparticle;systemic_bbb_pharmacology	metadata_only
nanoparticle	Fu Y, Ge Y, Yi S, Peng Q, Jiang H, Zhou J.	Smart nanoparticle delivery systems for curcumin: a targeted strategy to enhance anticancer efficacy and bioavailability	Journal of materials science. Materials in medicine	2026	41661421	10.1007/s10856-026-07012-7	PMC12894192	https://pmc.ncbi.nlm.nih.gov/articles/PMC12894192/		fulltext/fu_2026_pmid41661421.xml	nanoparticle;radiation_combined	fulltext_xml
nanoparticle	He Z, Meng Z, Luan G, Li P, Yang C, Liang Y, Sun X, Zhao L, Wang G, Wang X.	Engineering Glioma-Cell-Derived Exosomes as Trojan Horse for Precisely Targeted Chemotherapy of Glioblastoma	Biomaterials research	2026	42238186	10.34133/bmr.0365		https://doi.org/10.34133/bmr.0365			implant_depot_device;nanoparticle	metadata_only
nanoparticle	Ioannou Z, Cressey P, Ahmed MH, Pouliopoulos AN, Hargrave D, Thanou M.	STING agonism in brain tumours: mechanisms, challenges, and therapeutic advances	Frontiers in oncology	2026	42078801	10.3389/fonc.2026.1679361	PMC13132748	https://pmc.ncbi.nlm.nih.gov/articles/PMC13132748/		fulltext/ioannou_2026_pmid42078801.xml	dipg_dmg;focused_ultrasound;implant_depot_device;nanoparticle;systemic_bbb_pharmacology	fulltext_xml
nanoparticle	Jaberi KR, Haghighi MR, Aligholi H, Takallu S, Asadi P, Mirzaei E, Jaberi AR, Sahraian A.	Focused ultrasound-mediated nanocarrier delivery across the blood-brain barrier for neurodegenerative diseases	Biomedicine & pharmacotherapy = Biomedecine & pharmacotherapie	2026	42287757	10.1016/j.biopha.2026.119622		https://doi.org/10.1016/j.biopha.2026.119622			focused_ultrasound;nanoparticle;systemic_bbb_pharmacology;related_disease	metadata_only
nanoparticle	Jain A, Nijhawan HP, Yadav KS.	DoE-Optimized Chitosan-Coated pH-Sensitive Liposomes for Targeted Nose-to-Brain Delivery of Temozolomide	AAPS PharmSciTech	2026	41981351	10.1208/s12249-026-03416-4		https://doi.org/10.1208/s12249-026-03416-4			intranasal;nanoparticle;systemic_bbb_pharmacology	metadata_only
nanoparticle	Khan NH, Bushra MA, Selina FA, Arbab AS.	Engineered Exosomes in Precision Neuro-Oncology: Mechanisms, Therapeutics, and Translational Challenges	Cancers	2026	42352457	10.3390/cancers18121923		https://doi.org/10.3390/cancers18121923			focused_ultrasound;nanoparticle;viral_vector	metadata_only
nanoparticle	Liu Y, Nie Y, Zhang H, Wu W, Zhang N, Xia Z, Wen J, Luo P, Cheng Q.	Exosomes in Glioma: Integrating Molecular Mechanisms with Diagnostic and Therapeutic Potential	Small (Weinheim an der Bergstrasse, Germany)	2026	42216786	10.1002/smll.73721		https://doi.org/10.1002/smll.73721			nanoparticle;systemic_bbb_pharmacology	metadata_only
nanoparticle	McSwain L, Kim K, Hwang D, Lim C, Winham C, Jacques J, Jonus H, Rosen E, Pradhan A, Kasturi SP, Tikunov A, Yacoub S, Haydar D, Kabanov AV, Raper J, Gershon TR, Sokolsky-Papkov M.	Myeloid compartment reprogramming through nanoparticle-delivered resiquimod blocks paracrine growth support and activates phagocytosis to slow tumor progression in endogenous mouse medulloblastoma and diffuse midline glioma models	bioRxiv	2026		10.64898/2026.04.07.714454		https://doi.org/10.64898/2026.04.07.714454			dipg_dmg;nanoparticle;systemic_bbb_pharmacology	metadata_only
nanoparticle	Mishonova M, Koceva L, Pilicheva B, Zagorchev P, Raikova N, Mladenov M, Konakchieva R, Gagov H, Sazdova I.	Indocyanine Green as a Marker for Nose-to-Brain Delivery Pathways, Brain Distribution, and PLGA Nanoparticle Efficiency	International journal of molecular sciences	2026	41751919	10.3390/ijms27041782	PMC12940172	https://pmc.ncbi.nlm.nih.gov/articles/PMC12940172/		fulltext/mishonova_2026_pmid41751919.xml	brainstem;intranasal;nanoparticle;systemic_bbb_pharmacology	fulltext_xml
nanoparticle	Mohamed A, Lyzlov A, Prasad R, Moats RA, Krieger MD, Desai VR, Margol AS, Chiarelli PA, Upreti M.	Understanding DMG: current treatment options and prospective solutions using nanoparticles	Drug delivery and translational research	2026	42307690	10.1007/s13346-026-02164-z		https://doi.org/10.1007/s13346-026-02164-z			antibody_conjugate_shuttle;brainstem;dipg_dmg;nanoparticle;radiation_combined;systemic_bbb_pharmacology	metadata_only
nanoparticle	Morcos A, Jung Y, Fuller RN, Jutzy JMS, Wall NR.	Extracellular Vesicles in Diffuse Midline Glioma: Emerging Mediators of Radiation Response and Therapeutic Resistance	Cancers	2026	42352467	10.3390/cancers18121933		https://doi.org/10.3390/cancers18121933			dipg_dmg;nanoparticle;radiation_combined;systemic_bbb_pharmacology	metadata_only
nanoparticle	Muraleedharan A, Rangavajhula K, Ray SK.	Exosome Engineering for Blocking Gut Dysbiosis and Inducing Cell Death Mechanisms in Glioblastoma Multiforme	Cells	2026	41827859	10.3390/cells15050422	PMC12985352	https://pmc.ncbi.nlm.nih.gov/articles/PMC12985352/		fulltext/muraleedharan_2026_pmid41827859.xml	focused_ultrasound;nanoparticle;systemic_bbb_pharmacology	fulltext_xml
nanoparticle	Qamar Z, Khan SA, Kumari P, Khan M, Krishna PVVS, Dang S, Baboota S, Ali A, Ali J.	Receptor-mediated nose-to-brain delivery of drug combination-loaded polymeric nanocarriers for the treatment of glioblastoma- current progress and future perspectives part II: polymeric nanocarriers for combination therapy and advanced targeting	Expert opinion on drug delivery	2026	41123927	10.1080/17425247.2025.2578376		https://doi.org/10.1080/17425247.2025.2578376			intranasal;nanoparticle;systemic_bbb_pharmacology	metadata_only
nanoparticle	Rahman MA, Yadab MK, Apu EH, Ali MM.	Nanoparticle-Based delivery of proteasome inhibitors for glioblastoma Therapy: Strategies to overcome Blood-Brain barrier and therapeutic resistance	Biochemical pharmacology	2026	42142763	10.1016/j.bcp.2026.118058	PMC13238600	https://pmc.ncbi.nlm.nih.gov/articles/PMC13238600/			nanoparticle;radiation_combined;systemic_bbb_pharmacology	metadata_only
nanoparticle	Rahmani P, Fakhri M, Aghajani A, Nikeghbal S, Rostamian Motlagh F, Rafiei SS, Hassanzadeh B, Salajegheh P, Shadi M, Akhavan-Sigari R.	Engineered exosomes for targeted glioma therapy: overcoming the blood-brain barrier with nature-inspired nanocarriers	Discover nano	2026	41904358	10.1186/s11671-026-04533-6	PMC13033009	https://pmc.ncbi.nlm.nih.gov/articles/PMC13033009/		fulltext/rahmani_2026_pmid41904358.xml	nanoparticle;radiation_combined;systemic_bbb_pharmacology	fulltext_xml
nanoparticle	Shi Z, Qiu Y, Shi H, Wang J, Wang H, Zhu F, Liu X, Zhao Y, Gao Y, Liu Y, Wu C.	Functionalized realgar nanoparticles-doped degradable mesoporous silica nanoparticles loaded with temozolomide for the targeted treatment of glioma	Colloids and surfaces. B, Biointerfaces	2026	41187571	10.1016/j.colsurfb.2025.115231		https://doi.org/10.1016/j.colsurfb.2025.115231			intranasal;nanoparticle	metadata_only
nanoparticle	Singh AM, White CM, Phillips A, Crowe LP, Marti R, Finnerty MC, Viana MP, Antoniades W, Bartlett MG, Martinez V, Swetenburg R, Stice SL.	Alkaline loading of extracellular vesicles produced from human neural stem cell-derived neurospheres enables CNS drug delivery	Scientific reports	2026	42315580	10.1038/s41598-026-58290-8		https://doi.org/10.1038/s41598-026-58290-8			cell_therapy_delivery;nanoparticle;systemic_bbb_pharmacology	metadata_only
nanoparticle	Tian Q, Liang Y, Huang T, Chen F, Zhang Q.	Overcoming barriers: mechanisms and strategies of nanoparticles in overcoming the blood-brain barrier and drug resistance in glioblastomas	Journal of the Egyptian National Cancer Institute	2026	42149294	10.1186/s43046-026-00362-x		https://doi.org/10.1186/s43046-026-00362-x			nanoparticle;systemic_bbb_pharmacology	metadata_only
nanoparticle	Wang N, Qing Q, Xue Y, Cai S, Zheng M, Zhang D, Ismail M.	Enhancing lipid nanoparticles-mediated RNA delivery to glioblastoma via targeted strategies	Journal of controlled release : official journal of the Controlled Release Society	2026	41317918	10.1016/j.jconrel.2025.114472		https://doi.org/10.1016/j.jconrel.2025.114472			convection_enhanced_delivery;focused_ultrasound;intra_arterial;intranasal;nanoparticle;systemic_bbb_pharmacology	metadata_only
nanoparticle	Xu C, He Z, Li J.	Recent advances in lipid and biomimetic nanocarriers for nucleic acid delivery in glioblastoma	Discover oncology	2026	42010065	10.1007/s12672-026-04991-5	PMC13230458	https://pmc.ncbi.nlm.nih.gov/articles/PMC13230458/		fulltext/xu_2026_pmid42010065.xml	implant_depot_device;nanoparticle	fulltext_xml
nanoparticle	Zahid M, Ahmed A, Shah SA, Talha M, Fatima M.	Gold nanoparticles in pediatric DIPG: promise at the blood-brain barrier's price	Annals of medicine and surgery (2012)	2026	42254253	10.1097/ms9.0000000000005008	PMC13236379	https://pmc.ncbi.nlm.nih.gov/articles/PMC13236379/		fulltext/zahid_2026_pmid42254253.xml	dipg_dmg;nanoparticle;systemic_bbb_pharmacology	fulltext_xml
nanoparticle	Zhang W, Blackman LD, Ardana A, Zhu D, Cheng X, Williams CC, Tong Z, Voelcker NH, Esser L.	Transferrin-Conjugated Polymeric Nanoparticles via Polymerization-Induced Self-Assembly for Enhanced BBB Transport and Glioblastoma Therapy	ACS applied bio materials	2026	42606070	10.1021/acsabm.6c01007		https://doi.org/10.1021/acsabm.6c01007			nanoparticle;systemic_bbb_pharmacology	metadata_only
nanoparticle	Alaseem AM, Alrehaili JA.	Overcoming the blood-brain barrier (BBB) in pediatric CNS tumors: immunotherapy and nanomedicine-driven strategies	Medical oncology (Northwood, London, England)	2025	40828479	10.1007/s12032-025-02984-y		https://doi.org/10.1007/s12032-025-02984-y			brainstem;dipg_dmg;nanoparticle;systemic_bbb_pharmacology;viral_vector	metadata_only
nanoparticle	Ali SH, Ali H, Shafi M, Malik A.	Breaking barriers: exploring blood-brain barrier crossing mechanisms with nanomedicine for effective glioma treatment	3 Biotech	2025	40521219	10.1007/s13205-025-04378-3		https://doi.org/10.1007/s13205-025-04378-3			cell_therapy_delivery;nanoparticle;systemic_bbb_pharmacology	metadata_only
nanoparticle	Bartusik-Aebisher D, Rogóż K, Aebisher D.	Nanoparticles for Glioblastoma Treatment	Pharmaceutics	2025	40574001	10.3390/pharmaceutics17060688	PMC12196212	https://pmc.ncbi.nlm.nih.gov/articles/PMC12196212/		fulltext/bartusikaebisher_2025_pmid40574001.xml	nanoparticle;radiation_combined;systemic_bbb_pharmacology	fulltext_xml
nanoparticle	Bhagat N, Nalawala Z, Patel J, Das D, Baldha R, Sarolia J, Rathod S.	Self-Assembled systems for Nose-to-Brain delivery of Temozolamide (TMZ) in brain tumor therapy	International journal of pharmaceutics	2025	40174811	10.1016/j.ijpharm.2025.125540		https://doi.org/10.1016/j.ijpharm.2025.125540			intranasal;nanoparticle;systemic_bbb_pharmacology	metadata_only
nanoparticle	Brown MK, Cai Z, Georgiou CJ, Chen S, Ganga-Sah Y, Radchenko V, Rutka JT, Reilly RM.	Auger electron-emitting EGFR-targeted and non-targeted [197Hg]Hg-gold nanoparticles for treatment of glioblastoma multiforme (GBM)	EJNMMI radiopharmacy and chemistry	2025	40676315	10.1186/s41181-025-00367-2	PMC12271031	https://pmc.ncbi.nlm.nih.gov/articles/PMC12271031/		fulltext/brown_2025_pmid40676315.xml	convection_enhanced_delivery;imaging_dosimetry_modeling;nanoparticle	fulltext_xml
nanoparticle	Chen YM, Chambon J, Moquin A, Hashimoto M, Perrino S, Leibovitch M, Benslimane Y, Haçariz O, Yang Q, Nakano I, Meehan B, Rak J, Gagné S, Brodt P.	Nanoparticle encapsulation enables systemic IGF-Trap delivery to inhibit intracerebral glioma growth	Neuro-oncology	2025	39879581	10.1093/neuonc/noaf011	PMC12187454	https://pmc.ncbi.nlm.nih.gov/articles/PMC12187454/		fulltext/chen_2025_pmid39879581.xml	implant_depot_device;nanoparticle;systemic_bbb_pharmacology	fulltext_xml
nanoparticle	Chen Z, Sang L, Qixi Z, Li X, Liu Y, Bai Z.	Ultrasound-responsive nanoparticles for imaging and therapy of brain tumors	Materials today. Bio	2025	40206140	10.1016/j.mtbio.2025.101661	PMC11979416	https://pmc.ncbi.nlm.nih.gov/articles/PMC11979416/		fulltext/chen_2025_pmid40206140.xml	focused_ultrasound;nanoparticle;radiation_combined;systemic_bbb_pharmacology	fulltext_xml
nanoparticle	Dalinina VD, Shashkovskaya VS, Khaskhanova IM, Travnikova DY, Chmelyuk NS, Korzhenevskiy DA, Belousov VV, Abakumova TO.	Effect of Acoustic Pressure on Temozolomide-Loaded Oleic Acid-Based Liposomes and Its Safety to Brain Tissue	Preprints.org	2025		10.20944/preprints202505.0973.v1		https://doi.org/10.20944/preprints202505.0973.v1			focused_ultrasound;nanoparticle;systemic_bbb_pharmacology	metadata_only
nanoparticle	Deshmukh V, Pathan NS, Haldar N, Nalawade S, Narwade M, Gajbhiye KR, Gajbhiye V.	Exploring intranasal drug delivery via nanocarriers: A promising glioblastoma therapy	Colloids and surfaces. B, Biointerfaces	2025	39366109	10.1016/j.colsurfb.2024.114285		https://doi.org/10.1016/j.colsurfb.2024.114285			intranasal;nanoparticle;systemic_bbb_pharmacology	metadata_only
nanoparticle	Duan X, Wang A, Jiang L, Zhou X, Zhao J, Deng X, Chu L, Liu Y, Jiang Y, Song W, Sun K.	Targeted thermosensitive liposomes loaded with gold nanoparticles and temozolomide hexadecanoate for the synergistic photothermal-chemotherapy treatment of glioblastoma	Journal of pharmaceutical sciences	2025	39706568	10.1016/j.xphs.2024.11.030		https://doi.org/10.1016/j.xphs.2024.11.030			intranasal;nanoparticle	metadata_only
nanoparticle	Ediriweera GR, Sivaram AJ, Cowin G, Brown ML, McAlary L, Lum JS, Fletcher NL, Robinson L, Simpson JD, Chen L, Wasielewska JM, Byrne E, Finnie JW, Manavis J, White AR, Yerbury JJ, Thurecht KJ, Vine KL.	Lipid nanoparticles and transcranial focused ultrasound enhance the delivery of SOD1 antisense oligonucleotides to the murine brain for ALS therapy	Journal of controlled release : official journal of the Controlled Release Society	2025	39645085	10.1016/j.jconrel.2024.11.074		https://doi.org/10.1016/j.jconrel.2024.11.074			focused_ultrasound;intrathecal_csf;nanoparticle;systemic_bbb_pharmacology;related_disease	metadata_only
nanoparticle	Fraczek W, Szmidt M, Kregielewski K, Grodzik M.	Liposomes and Extracellular Vesicles as Distinct Paths Toward Precision Glioma Treatment	International journal of molecular sciences	2025	40725021	10.3390/ijms26146775	PMC12295836	https://pmc.ncbi.nlm.nih.gov/articles/PMC12295836/		fulltext/fraczek_2025_pmid40725021.xml	nanoparticle;systemic_bbb_pharmacology	fulltext_xml
nanoparticle	Fu S, Tian Z, Liu L, Zhou Z, Liu T, Yang Q, Wang Y.	GelMA Hydrogel Loading circNEFM-Engineered Exosomes Inhibits Glioma Growth	ACS biomaterials science & engineering	2025	41169059	10.1021/acsbiomaterials.5c00998		https://doi.org/10.1021/acsbiomaterials.5c00998			implant_depot_device;nanoparticle;systemic_bbb_pharmacology	metadata_only
nanoparticle	Guo X, Piao H, Sui R.	Exosomes in the Chemoresistance of Glioma: Key Point in Chemoresistance	Journal of cellular and molecular medicine	2025	39950738	10.1111/jcmm.70401	PMC11826829	https://pmc.ncbi.nlm.nih.gov/articles/PMC11826829/		fulltext/guo_2025_pmid39950738.xml	nanoparticle	fulltext_xml
nanoparticle	Kline-Schoder AR, Tsitsos FN, Batts AJ, DiBenedetto MR, Liu K, Bae S, Konofagou EE.	Response of Serum-Isolated Extracellular Vesicles to Focused Ultrasound-Mediated Blood-Brain Barrier Opening	Ultrasound in medicine & biology	2025	40450507	10.1016/j.ultrasmedbio.2025.04.019	PMC12229771	https://pmc.ncbi.nlm.nih.gov/articles/PMC12229771/			focused_ultrasound;nanoparticle;systemic_bbb_pharmacology;related_disease	metadata_only
nanoparticle	Mehdizadeh S, Mamaghani M, Hassanikia S, Pilehvar Y, Ertas YN.	Exosome-powered neuropharmaceutics: unlocking the blood-brain barrier for next-gen therapies	Journal of nanobiotechnology	2025	40319325	10.1186/s12951-025-03352-8	PMC12049023	https://pmc.ncbi.nlm.nih.gov/articles/PMC12049023/		fulltext/mehdizadeh_2025_pmid40319325.xml	nanoparticle;systemic_bbb_pharmacology	fulltext_xml
nanoparticle	Meng JL, Dong ZX, Chen YR, Lin MH, Liu YC, Roffler SR, Lin WW, Chang CY, Tzou SC, Cheng TL, Huang HC, Li ZQ, Lin YC, Su YC.	pH-Responsive Polyethylene Glycol Engagers for Enhanced Brain Delivery of PEGylated Nanomedicine to Treat Glioblastoma	ACS nano	2025	39749925	10.1021/acsnano.4c05906	PMC11752499	https://pmc.ncbi.nlm.nih.gov/articles/PMC11752499/		fulltext/meng_2025_pmid39749925.xml	antibody_conjugate_shuttle;nanoparticle;systemic_bbb_pharmacology	fulltext_xml
nanoparticle	Messina S, Zuchegna C, Bruzzi M.	Chemotherapeutic nanoparticles for glioblastoma	Frontiers in oncology	2025	40860814	10.3389/fonc.2025.1641752	PMC12375642	https://pmc.ncbi.nlm.nih.gov/articles/PMC12375642/		fulltext/messina_2025_pmid40860814.xml	nanoparticle;radiation_combined;systemic_bbb_pharmacology	fulltext_xml
nanoparticle	Mohammad H, Darwish M, Katona G, Csóka I.	Functionalized albumin nanoparticles: A multifunctional platform for enhanced brain drug delivery	Materials today. Bio	2025	41445782	10.1016/j.mtbio.2025.102616	PMC12723027	https://pmc.ncbi.nlm.nih.gov/articles/PMC12723027/		fulltext/mohammad_2025_pmid41445782.xml	nanoparticle;systemic_bbb_pharmacology	fulltext_xml
nanoparticle	Monfaredan A, Şen S, Hosseininasab A, Taştekin D, Fazli G, Bozbey HU, Yousefi N, Hocaoğlu M, Öncül MO, Özen RS.	Exosome Enveloped by Nano Lipid Particle a New Model for Signal Transducer and Activator of Transcription 3 Silencer Ribonucleic Acid Delivery System to a Glioblastoma Mice Model	Cancers	2025	40427146	10.3390/cancers17101648	PMC12109797	https://pmc.ncbi.nlm.nih.gov/articles/PMC12109797/		fulltext/monfaredan_2025_pmid40427146.xml	nanoparticle;systemic_bbb_pharmacology	fulltext_xml
nanoparticle	Oza VD, Flores KA, Chernyavskaya Y, Al-Hamaly MA, Smith CB, Bruntz RC, Blackburn JS.	Small Extracellular Vesicles From Radioresistant H3K27M-Pediatric Diffuse Midline Glioma Cells Modulate Tumor Phenotypes and Radiation Response	Journal of extracellular vesicles	2025	41167985	10.1002/jev2.70188	PMC12575060	https://pmc.ncbi.nlm.nih.gov/articles/PMC12575060/		fulltext/oza_2025_pmid41167985.xml	dipg_dmg;nanoparticle	fulltext_xml
nanoparticle	Salarpour S, Dourandish F, Salajegheh A, Hashemi S.	The role of exosomes as oligonucleotide delivery system for managing α-synuclein in Parkinson's disease: A systematic review of in vivo studies	Molecular therapy. Nucleic acids	2025	41438365	10.1016/j.omtn.2025.102776	PMC12719085	https://pmc.ncbi.nlm.nih.gov/articles/PMC12719085/		fulltext/salarpour_2025_pmid41438365.xml	brainstem;nanoparticle	fulltext_xml
nanoparticle	Shadab A, Farokhi S, Fakouri A, Mohagheghzadeh N, Noroozi A, Razavi ZS, Karimi Rouzbahani A, Zalpoor H, Mahjoor M.	Hydrogel-based nanoparticles: revolutionizing brain tumor treatment and paving the way for future innovations	European journal of medical research	2025	39905470	10.1186/s40001-025-02310-2	PMC11792566	https://pmc.ncbi.nlm.nih.gov/articles/PMC11792566/		fulltext/shadab_2025_pmid39905470.xml	imaging_dosimetry_modeling;implant_depot_device;nanoparticle;systemic_bbb_pharmacology	fulltext_xml
nanoparticle	Shumer-Elbaz M, Ad-El N, Chulanova Y, Brier D, Goldsmith M, Bismuth M, Brosque A, Gattegno R, Sher D, Gutkin A, Bar-On D, Friedmann-Morvinski D, Peer D, Ilovitsh T.	Low-frequency ultrasound-mediated blood-brain barrier opening enables non-invasive lipid nanoparticle RNA delivery to glioblastoma	Journal of controlled release : official journal of the Controlled Release Society	2025	40633772	10.1016/j.jconrel.2025.114018		https://doi.org/10.1016/j.jconrel.2025.114018			focused_ultrasound;nanoparticle;systemic_bbb_pharmacology	metadata_only
nanoparticle	Si JX, Liu ZC, Gu F, Jin X, Ma YY.	Nanoparticle‑based delivery systems for targeted therapy in brain tumors: Progress, challenges and perspectives (Review)	International journal of oncology	2025	40849813	10.3892/ijo.2025.5789	PMC12370360	https://pmc.ncbi.nlm.nih.gov/articles/PMC12370360/		fulltext/si_2025_pmid40849813.xml	nanoparticle	fulltext_xml
nanoparticle	Soleymani S, Doroudian M, Soezi M, Beladi A, Asgari K, Mobarakshahi A, Aghaeipour A, Macloughlin R.	Engendered nanoparticles for treatment of brain tumors	Oncology research	2025	39735671	10.32604/or.2024.053069	PMC11671406	https://pmc.ncbi.nlm.nih.gov/articles/PMC11671406/		fulltext/soleymani_2025_pmid39735671.xml	nanoparticle;systemic_bbb_pharmacology	fulltext_xml
nanoparticle	Tai SSA, Loo HL, Bakhtiar A, Ho PC, Chuah LH.	Antibody-conjugated polymer nanoparticles for brain cancer	Drug delivery and translational research	2025	40836187	10.1007/s13346-025-01947-0	PMC12507923	https://pmc.ncbi.nlm.nih.gov/articles/PMC12507923/		fulltext/tai_2025_pmid40836187.xml	nanoparticle;systemic_bbb_pharmacology	fulltext_xml
nanoparticle	Tong H, Ma Z, Yu J, Li D, Zhu Q, Shi H, Wu Y, Yang H, Zheng Y, Sun D, Shi P, Chu J, Lv P, Li B, Tian C.	Optimizing Peptide-Conjugated Lipid Nanoparticles for Efficient siRNA Delivery across the Blood-Brain Barrier and Treatment of Glioblastoma Multiforme	ACS chemical biology	2025	40080657	10.1021/acschembio.5c00039		https://doi.org/10.1021/acschembio.5c00039			nanoparticle;systemic_bbb_pharmacology	metadata_only
nanoparticle	Wu X, Sun Z, Tao L, Shen X, Wu G.	WITHDRAWN: Dual-protein orthogonal exosome sorting and polymerization-mediated miRNA profiling for the diagnosis of gliomas	Research Square	2025		10.21203/rs.3.rs-4106372/v1		https://doi.org/10.21203/rs.3.rs-4106372/v1			nanoparticle;systemic_bbb_pharmacology	metadata_only
nanoparticle	Yang X, Gao X, Jiang X, Yue K, Luo P, Luo P.	Targeting capabilities of engineered extracellular vesicles for the treatment of neurological diseases	Neural regeneration research	2025	39435635	10.4103/nrr.nrr-d-24-00462	PMC11881733	https://pmc.ncbi.nlm.nih.gov/articles/PMC11881733/		fulltext/yang_2025_pmid39435635.xml	nanoparticle;systemic_bbb_pharmacology	fulltext_xml
nanoparticle	Zeng Y, Liu T, Jing S, Wang Y, He J, Cao H, Liu X, Zhang L.	Evolution of glioma exosome research: emerging trends and global collaborations (2005-2025)	Discover oncology	2025	40668464	10.1007/s12672-025-03167-x	PMC12267795	https://pmc.ncbi.nlm.nih.gov/articles/PMC12267795/		fulltext/zeng_2025_pmid40668464.xml	nanoparticle	fulltext_xml
nanoparticle	de Oliveira Junior ER, Silva JM, Salomão MA, de Almeida Oliveira NC, de Freitas CS, Ferreira NN, Moreno NS, Rodero CF, Graziani D, Zucolotto V, Mendanha SA, Lima EM.	Optimized mucus adhesion and penetration of lipid-polymer nanoparticles enables effective nose-to-brain delivery of perillyl alcohol for glioblastoma therapy	Drug delivery and translational research	2025	40133569	10.1007/s13346-025-01837-5		https://doi.org/10.1007/s13346-025-01837-5			intranasal;nanoparticle;systemic_bbb_pharmacology	metadata_only
nanoparticle		DIPG-18. MULTIMODALITY VISUALIZATION OF A PRECLINICAL MODEL OF DIFFUSE MIDLINE GLIOMA DEMONSTRATES CLEAR TREATMENT EFFECT AFTER RNA NANOPARTICLE THERAPY	Neuro-oncology	2024			PMC11183377	https://pmc.ncbi.nlm.nih.gov/articles/PMC11183377/		fulltext/anon_2024_pmidPMC11183377.xml	dipg_dmg;nanoparticle;meeting_abstract	fulltext_xml
nanoparticle		DIPG-89. ENHANCEMENT OF BLOOD-BRAIN BARRIER PENETRATION AND TUMOR TARGETED DRUG DELIVERY FOR DMG USING A P-SELECTIN TARGETED NANOMEDICINE APPROACH	Neuro-oncology	2024			PMC11183775	https://pmc.ncbi.nlm.nih.gov/articles/PMC11183775/		fulltext/anon_2024_pmidPMC11183775.xml	dipg_dmg;nanoparticle;systemic_bbb_pharmacology;meeting_abstract	fulltext_xml
nanoparticle		DIPG-29. PHENOTYPIC SCREENS IDENTIFY GENETIC REGULATORS OF NANOPARTICLE DELIVERY IN DIFFUSE MIDLINE GLIOMAS	Neuro-oncology	2024			PMC11183490	https://pmc.ncbi.nlm.nih.gov/articles/PMC11183490/		fulltext/anon_2024_pmidPMC11183490.xml	dipg_dmg;nanoparticle;meeting_abstract	fulltext_xml
nanoparticle	Agosti E, Antonietti S, Ius T, Fontanella MM, Zeppieri M, Panciani PP.	A Systematic Review of Mesenchymal Stem Cell-Derived Extracellular Vesicles: A Potential Treatment for Glioblastoma	Brain sciences	2024	39595821	10.3390/brainsci14111058	PMC11591642	https://pmc.ncbi.nlm.nih.gov/articles/PMC11591642/		fulltext/agosti_2024_pmid39595821.xml	cell_therapy_delivery;nanoparticle;viral_vector	fulltext_xml
nanoparticle	Agosti E, Zeppieri M, Antonietti S, Battaglia L, Ius T, Gagliano C, Fontanella MM, Panciani PP.	Navigating the Nose-to-Brain Route: A Systematic Review on Lipid-Based Nanocarriers for Central Nervous System Disorders	Pharmaceutics	2024	38543223	10.3390/pharmaceutics16030329	PMC10975610	https://pmc.ncbi.nlm.nih.gov/articles/PMC10975610/		fulltext/agosti_2024_pmid38543223.xml	intranasal;nanoparticle;systemic_bbb_pharmacology	fulltext_xml
nanoparticle	Anwarkhan S, Koilpillai J, Narayanasamy D.	Utilizing Multifaceted Approaches to Target Drug Delivery in the Brain: From Nanoparticles to Biological Therapies	Cureus	2024	39360065	10.7759/cureus.68419	PMC11446487	https://pmc.ncbi.nlm.nih.gov/articles/PMC11446487/		fulltext/anwarkhan_2024_pmid39360065.xml	nanoparticle;systemic_bbb_pharmacology;viral_vector	fulltext_xml
nanoparticle	Aslan TN.	Cationic Micelle-like Nanoparticles as the Carrier of Methotrexate for Glioblastoma Treatment	Molecules (Basel, Switzerland)	2024	39770065	10.3390/molecules29245977	PMC11678594	https://pmc.ncbi.nlm.nih.gov/articles/PMC11678594/		fulltext/aslan_2024_pmid39770065.xml	nanoparticle	fulltext_xml
nanoparticle	Gawel AM, Betkowska A, Gajda E, Godlewska M, Gawel D.	Current Non-Metal Nanoparticle-Based Therapeutic Approaches for Glioblastoma Treatment	Biomedicines	2024	39200286	10.3390/biomedicines12081822	PMC11351974	https://pmc.ncbi.nlm.nih.gov/articles/PMC11351974/		fulltext/gawel_2024_pmid39200286.xml	nanoparticle;systemic_bbb_pharmacology	fulltext_xml
nanoparticle	Hao X, Wang S, Wang L, Li J, Li Y, Liu J.	Exosomes as drug delivery systems in glioma immunotherapy	Journal of nanobiotechnology	2024	38890722	10.1186/s12951-024-02611-4	PMC11184820	https://pmc.ncbi.nlm.nih.gov/articles/PMC11184820/		fulltext/hao_2024_pmid38890722.xml	nanoparticle	fulltext_xml
nanoparticle	Haseeb M, Khan I, Kartal Z, Mahfooz S, Hatiboglu MA.	"Status Quo in the Liposome-Based Therapeutic Strategies Against Glioblastoma: ""Targeting the Tumor and Tumor Microenvironment"""	International journal of molecular sciences	2024	39457052	10.3390/ijms252011271	PMC11509082	https://pmc.ncbi.nlm.nih.gov/articles/PMC11509082/		fulltext/haseeb_2024_pmid39457052.xml	nanoparticle;radiation_combined;systemic_bbb_pharmacology	fulltext_xml
nanoparticle	Lim SH, Yee GT, Khang D.	Nanoparticle-Based Combinational Strategies for Overcoming the Blood-Brain Barrier and Blood-Tumor Barrier	International journal of nanomedicine	2024	38505170	10.2147/ijn.s450853	PMC10949308	https://pmc.ncbi.nlm.nih.gov/articles/PMC10949308/		fulltext/lim_2024_pmid38505170.xml	focused_ultrasound;intranasal;nanoparticle;systemic_bbb_pharmacology;viral_vector	fulltext_xml
nanoparticle	Nathani A, Aare M, Sun L, Bagde A, Li Y, Rishi A, Singh M.	Unlocking the Potential of Camel Milk-Derived Exosomes as Novel Delivery Systems: Enhanced Bioavailability of ARV-825 PROTAC for Cancer Therapy	Pharmaceutics	2024	39204415	10.3390/pharmaceutics16081070	PMC11359469	https://pmc.ncbi.nlm.nih.gov/articles/PMC11359469/		fulltext/nathani_2024_pmid39204415.xml	dipg_dmg;nanoparticle;systemic_bbb_pharmacology	fulltext_xml
nanoparticle	Payne C, Cressey P, Talianu A, Szychot E, Hargrave D, Thanou M, Pouliopoulos AN.	Bi-modal confirmation of liposome delivery to the brain after focused ultrasound-induced blood-brain barrier opening	Heliyon	2024	39624326	10.1016/j.heliyon.2024.e39972	PMC11609457	https://pmc.ncbi.nlm.nih.gov/articles/PMC11609457/		fulltext/payne_2024_pmid39624326.xml	dipg_dmg;focused_ultrasound;nanoparticle;systemic_bbb_pharmacology	fulltext_xml
nanoparticle	Presswala Z, Acharya S, Shah S.	Addressing barriers in diffuse intrinsic pontine glioma: the transformative role of lipid nanoparticulate drug delivery	ADMET & DMPK	2024	39091904	10.5599/admet.2214	PMC11289511	https://pmc.ncbi.nlm.nih.gov/articles/PMC11289511/		fulltext/presswala_2024_pmid39091904.xml	brainstem;dipg_dmg;nanoparticle	fulltext_xml
nanoparticle	Lyu Y, Guo Y, Okeoma CM, Yan Z, Hu N, Li Z, Zhou S, Zhao X, Li J, Wang X.	Engineered extracellular vesicles (EVs): Promising diagnostic/therapeutic tools for pediatric high-grade glioma	Biomedicine & pharmacotherapy = Biomedecine & pharmacotherapie	2023	37094548	10.1016/j.biopha.2023.114630		https://doi.org/10.1016/j.biopha.2023.114630			brainstem;dipg_dmg;nanoparticle;pediatric_hgg;radiation_combined	metadata_only
nanoparticle	Pickering AJ, Lamson NG, Marand MH, Hwang W, Straehla JP, Hammond PT.	Layer-by-Layer Polymer Functionalization Improves Nanoparticle Penetration and Glioblastoma Targeting in the Brain	ACS nano	2023	37992211	10.1021/acsnano.3c09273	PMC10964212	https://pmc.ncbi.nlm.nih.gov/articles/PMC10964212/			convection_enhanced_delivery;nanoparticle	metadata_only
nanoparticle	Raju R, Abuwatfa WH, Pitt WG, Husseini GA.	Liposomes for the Treatment of Brain Cancer-A Review	Pharmaceuticals (Basel, Switzerland)	2023	37630971	10.3390/ph16081056	PMC10458450	https://pmc.ncbi.nlm.nih.gov/articles/PMC10458450/		fulltext/raju_2023_pmid37630971.xml	nanoparticle;systemic_bbb_pharmacology	fulltext_xml
nanoparticle	Shan S, Chen J, Sun Y, Wang Y, Xia B, Tan H, Pan C, Gu G, Zhong J, Qing G, Zhang Y, Wang J, Wang Y, Wang Y, Zuo P, Xu C, Li F, Guo W, Xu L, Chen M, Fan Y, Zhang L, Liang XJ.	Functionalized Macrophage Exosomes with Panobinostat and PPM1D-siRNA for Diffuse Intrinsic Pontine Gliomas Therapy	Advanced science (Weinheim, Baden-Wurttemberg, Germany)	2022	35585670	10.1002/advs.202200353	PMC9313473	https://pmc.ncbi.nlm.nih.gov/articles/PMC9313473/		fulltext/shan_2022_pmid35585670.xml	brainstem;dipg_dmg;nanoparticle;systemic_bbb_pharmacology	fulltext_xml
nanoparticle	Wang S, Yu Y, Wang A, Duan X, Sun Y, Wang L, Chu L, Lv Y, Cui N, Fan X, Sha C, Xu L, Sun K.	Temozolomide hexadecyl ester targeted plga nanoparticles for drug-resistant glioblastoma therapy via intranasal administration	Frontiers in pharmacology	2022	36059989	10.3389/fphar.2022.965789	PMC9429944	https://pmc.ncbi.nlm.nih.gov/articles/PMC9429944/		fulltext/wang_2022_pmid36059989.xml	intranasal;nanoparticle	fulltext_xml
nanoparticle	Guo Y, Lee H, Fang Z, Velalopoulou A, Kim J, Thomas M, Liu J, Abramowitz R, Kim Y, Coskun A, Krummel D, Sengupta S, MacDonald T, Arvanitis C.	EPCT-25. SMO PROTEIN DEPLETION IN SHH MEDULLOBLASTOMAS USING MICROBUBBLE-ENHANCED ULTRASOUND AND SIRNA LOADED CATIONIC NANOPARTICLES	Neuro-oncology	2021			PMC8168192	https://pmc.ncbi.nlm.nih.gov/articles/PMC8168192/		fulltext/guo_2021_pmidPMC8168192.xml	focused_ultrasound;nanoparticle;systemic_bbb_pharmacology;meeting_abstract	fulltext_xml
nanoparticle	Mendez-Gomez H, McGuiness J, grippin A, Weidert F, Carrera-Justiz S, Mitchell D, Sayour E.	IMMU-13. CUSTOMIZABLE MULTI-LAMELLAR RNA-NANOPARTICLES FOR PEDIATRIC GLIOMA	Neuro-oncology	2021			PMC8168117	https://pmc.ncbi.nlm.nih.gov/articles/PMC8168117/		fulltext/mendezgomez_2021_pmidPMC8168117.xml	dipg_dmg;nanoparticle;pediatric_hgg;meeting_abstract	fulltext_xml
nanoparticle	Chaudhuri S, Mohammad A, Zhang W, Baker C, Broughton C, Fowler M, Stabenfeldt S, Wechsler-Reya R, Sandberg D, Elmquist W, Sirianni R.	DDEL-10. A NANOPARTICLE PLATFORM FOR INTRATHECAL DELIVERY OF THE HISTONE DEACETYLASE INHIBITOR (HDACi) PANOBINOSTAT IN METASTATIC OR RECURRENT MEDULLOBLASTOMA	Neuro-oncology	2020			PMC7715872	https://pmc.ncbi.nlm.nih.gov/articles/PMC7715872/		fulltext/chaudhuri_2020_pmidPMC7715872.xml	brainstem;dipg_dmg;intrathecal_csf;nanoparticle;systemic_bbb_pharmacology;meeting_abstract	fulltext_xml
nanoparticle	Straehla J, Hajal C, Safford H, Offeddu G, Wyckoff J, Kamm R, Hammond P.	DDEL-04. ENGINEERED NANOCARRIERS TO ENHANCE DRUG DELIVERY ACROSS THE BLOOD-BRAIN BARRIER	Neuro-oncology	2020			PMC7715230	https://pmc.ncbi.nlm.nih.gov/articles/PMC7715230/		fulltext/straehla_2020_pmidPMC7715230.xml	antibody_conjugate_shuttle;nanoparticle;systemic_bbb_pharmacology;meeting_abstract	fulltext_xml
nanoparticle	Ung C, Tsoli M, Liu J, Cassano D, Upton D, Ehteda A, Mansfield F, Failes T, Kavallaris M, Arndt G, Vittorio O, Voliani V, Cirilo G, Ziegler D.	DDEL-12. NANOPARTICLE DELIVERY OF DOXORUBICIN FOR THE TREATMENT OF DIFFUSE INTRINSIC PONTINE GLIOMA (DIPG)	Neuro-oncology	2020			PMC7715792	https://pmc.ncbi.nlm.nih.gov/articles/PMC7715792/		fulltext/ung_2020_pmidPMC7715792.xml	brainstem;dipg_dmg;nanoparticle;systemic_bbb_pharmacology;meeting_abstract	fulltext_xml
nanoparticle	Zhan W, Wang CH.	Convection enhanced delivery of liposome encapsulated doxorubicin for brain tumour therapy	Journal of controlled release : official journal of the Controlled Release Society	2018	30009891	10.1016/j.jconrel.2018.07.006		https://doi.org/10.1016/j.jconrel.2018.07.006			convection_enhanced_delivery;nanoparticle;systemic_bbb_pharmacology	metadata_only
nanoparticle	Bredlau AL, Dixit S, Chen C, Broome AM.	Nanotechnology Applications for Diffuse Intrinsic Pontine Glioma	Current neuropharmacology	2017	26903150	10.2174/1570159x14666160223121002	PMC5327462	https://pmc.ncbi.nlm.nih.gov/articles/PMC5327462/		fulltext/bredlau_2017_pmid26903150.xml	brainstem;dipg_dmg;nanoparticle;systemic_bbb_pharmacology	fulltext_xml
nanoparticle	He X, Louis N, Hashizume R, Zhang P, Balyasnikova I, Horbinski C, Goldman S.	DIPG-36. NOVEL THERAPEUTIC APPROACHES USING NANOLIPOSMAL SN-38 FOR THE TREATMENT OF HUMAN BRAINSTEM GLIOMA	Neuro-oncology	2017			PMC5475017	https://pmc.ncbi.nlm.nih.gov/articles/PMC5475017/			brainstem;dipg_dmg;intranasal;nanoparticle;systemic_bbb_pharmacology;meeting_abstract	metadata_only
nanoparticle	Lenzen A, Genet M, Lauing K, Zhai L, Lulla R, Hashizume R, Stegh A, Wainwright D.	DIPG-35. A SIRNA APPROACH FOR TARGETING IMMUNOSUPPRESSIVE IDO1 IN PEDIATRIC DIFFUSE INTRINSIC PONTINE GLIOMA	Neuro-oncology	2017			PMC5475002	https://pmc.ncbi.nlm.nih.gov/articles/PMC5475002/			brainstem;dipg_dmg;nanoparticle;systemic_bbb_pharmacology;meeting_abstract	metadata_only
nanoparticle	Madhankumar A, Webb B, Mrowczynski O, Liu X, Ravi V, Connor J.	SCDT-50. SURFACE MODIFIED LIPOSOMES FOR EFFECTIVE DELIVERY OF THERAPEUTIC AGENTS ACROSS THE BLOOD BRAIN BARRIER	Neuro-oncology	2017			PMC5693103	https://pmc.ncbi.nlm.nih.gov/articles/PMC5693103/			nanoparticle;systemic_bbb_pharmacology;meeting_abstract	metadata_only
nanoparticle	Nordling-David MM, Yaffe R, Guez D, Meirow H, Last D, Grad E, Salomon S, Sharabi S, Levi-Kalisman Y, Golomb G, Mardor Y.	Liposomal temozolomide drug delivery using convection enhanced delivery	Journal of controlled release : official journal of the Controlled Release Society	2017	28666727	10.1016/j.jconrel.2017.06.028		https://doi.org/10.1016/j.jconrel.2017.06.028			convection_enhanced_delivery;imaging_dosimetry_modeling;nanoparticle	metadata_only
nanoparticle		HG-112LOCAL DELIVERY OF RADIOSENSITIZING NANOPARTICLES FOR THE TREATMENT OF PEDIATRIC BRAINSTEM GLIOMAS	Neuro-oncology	2016			PMC4903371	https://pmc.ncbi.nlm.nih.gov/articles/PMC4903371/			brainstem;nanoparticle;radiation_combined	metadata_only
nanoparticle	Gaudin A, Song E, King AR, Saucier-Sawyer JK, Bindra R, Desmaële D, Couvreur P, Saltzman WM.	PEGylated squalenoyl-gemcitabine nanoparticles for the treatment of glioblastoma	Biomaterials	2016	27521616	10.1016/j.biomaterials.2016.07.037	PMC5072177	https://pmc.ncbi.nlm.nih.gov/articles/PMC5072177/			convection_enhanced_delivery;nanoparticle;radiation_combined	metadata_only
nanoparticle	Han L, Kong DK, Zheng MQ, Murikinati S, Ma C, Yuan P, Li L, Tian D, Cai Q, Ye C, Holden D, Park JH, Gao X, Thomas JL, Grutzendler J, Carson RE, Huang Y, Piepmeier JM, Zhou J.	Increased Nanoparticle Delivery to Brain Tumors by Autocatalytic Priming for Improved Treatment and Imaging	ACS nano	2016	26967254	10.1021/acsnano.5b07573	PMC5257033	https://pmc.ncbi.nlm.nih.gov/articles/PMC5257033/			nanoparticle;systemic_bbb_pharmacology	metadata_only
nanoparticle	Karim R, Palazzo C, Evrard B, Piel G.	Nanocarriers for the treatment of glioblastoma multiforme: Current state-of-the-art	Journal of controlled release : official journal of the Controlled Release Society	2016	26892752	10.1016/j.jconrel.2016.02.026		https://doi.org/10.1016/j.jconrel.2016.02.026			convection_enhanced_delivery;nanoparticle;systemic_bbb_pharmacology	metadata_only
nanoparticle	Lesniak WG, Oskolkov N, Song X, Lal B, Yang X, Pomper M, Laterra J, Nimmagadda S, McMahon MT.	Salicylic Acid Conjugated Dendrimers Are a Tunable, High Performance CEST MRI NanoPlatform	Nano letters	2016	26910126	10.1021/acs.nanolett.5b04517	PMC4890470	https://pmc.ncbi.nlm.nih.gov/articles/PMC4890470/			convection_enhanced_delivery;nanoparticle	metadata_only
nanoparticle	Lin Q, Mao KL, Tian FR, Yang JJ, Chen PP, Xu J, Fan ZL, Zhao YP, Li WF, Zheng L, Zhao YZ, Lu CT.	Brain tumor-targeted delivery and therapy by focused ultrasound introduced doxorubicin-loaded cationic liposomes	Cancer chemotherapy and pharmacology	2016	26666650	10.1007/s00280-015-2926-1		https://doi.org/10.1007/s00280-015-2926-1			focused_ultrasound;nanoparticle	metadata_only
nanoparticle	Liu X, Madhankumar AB, Miller PA, Duck KA, Hafenstein S, Rizk E, Slagle-Webb B, Sheehan JM, Connor JR, Yang QX.	MRI contrast agent for targeting glioma: interleukin-13 labeled liposome encapsulating gadolinium-DTPA	Neuro-oncology	2016	26519740	10.1093/neuonc/nov263	PMC4827043	https://pmc.ncbi.nlm.nih.gov/articles/PMC4827043/			nanoparticle;systemic_bbb_pharmacology	metadata_only
nanoparticle	Vieira DB, Gamarra LF.	Getting into the brain: liposome-based strategies for effective drug delivery across the blood-brain barrier	International journal of nanomedicine	2016	27799765	10.2147/ijn.s117210	PMC5077137	https://pmc.ncbi.nlm.nih.gov/articles/PMC5077137/		fulltext/vieira_2016_pmid27799765.xml	nanoparticle;systemic_bbb_pharmacology	fulltext_xml
nanoparticle	Chen GG, Mao M, Qiu LZ, Liu QM.	Gene transfection mediated by polyethyleneimine-polyethylene glycol nanocarrier prevents cisplatin-induced spiral ganglion cell damage	Neural regeneration research	2015	25878591	10.4103/1673-5374.153691	PMC4396105	https://pmc.ncbi.nlm.nih.gov/articles/PMC4396105/		fulltext/chen_2015_pmid25878591.xml	brainstem;nanoparticle	fulltext_xml
nanoparticle	Kim SS, Harford JB, Pirollo KF, Chang EH.	Effective treatment of glioblastoma requires crossing the blood-brain barrier and targeting tumors including cancer stem cells: The promise of nanomedicine	Biochemical and biophysical research communications	2015	26116770	10.1016/j.bbrc.2015.06.137	PMC4690805	https://pmc.ncbi.nlm.nih.gov/articles/PMC4690805/			nanoparticle;systemic_bbb_pharmacology	metadata_only
nanoparticle	Mangraviti A, Tzeng SY, Kozielski KL, Wang Y, Jin Y, Gullotti D, Pedone M, Buaron N, Liu A, Wilson DR, Hansen SK, Rodriguez FJ, Gao GD, DiMeco F, Brem H, Olivi A, Tyler B, Green JJ.	Polymeric nanoparticles for nonviral gene therapy extend brain tumor survival in vivo	ACS nano	2015	25643235	10.1021/nn504905q	PMC4342728	https://pmc.ncbi.nlm.nih.gov/articles/PMC4342728/		fulltext/mangraviti_2015_pmid25643235.xml	convection_enhanced_delivery;nanoparticle;viral_vector	fulltext_xml
nanoparticle	Strohbehn G, Coman D, Han L, Ragheb RR, Fahmy TM, Huttner AJ, Hyder F, Piepmeier JM, Saltzman WM, Zhou J.	Imaging the delivery of brain-penetrating PLGA nanoparticles in the brain using magnetic resonance	Journal of neuro-oncology	2015	25403507	10.1007/s11060-014-1658-0	PMC4323763	https://pmc.ncbi.nlm.nih.gov/articles/PMC4323763/			convection_enhanced_delivery;nanoparticle	metadata_only
nanoparticle	Bernal GM, LaRiviere MJ, Mansour N, Pytel P, Cahill KE, Voce DJ, Kang S, Spretz R, Welp U, Noriega SE, Nunez L, Larsen GF, Weichselbaum RR, Yamini B.	Convection-enhanced delivery and in vivo imaging of polymeric nanoparticles for the treatment of malignant glioma	Nanomedicine : nanotechnology, biology, and medicine	2014	23891990	10.1016/j.nano.2013.07.003	PMC3871979	https://pmc.ncbi.nlm.nih.gov/articles/PMC3871979/			convection_enhanced_delivery;nanoparticle	metadata_only
nanoparticle	Diaz RJ, McVeigh PZ, O'Reilly MA, Burrell K, Bebenek M, Smith C, Etame AB, Zadeh G, Hynynen K, Wilson BC, Rutka JT.	Focused ultrasound delivery of Raman nanoparticles across the blood-brain barrier: potential for targeting experimental brain tumors	Nanomedicine : nanotechnology, biology, and medicine	2014	24374363	10.1016/j.nano.2013.12.006	PMC4074278	https://pmc.ncbi.nlm.nih.gov/articles/PMC4074278/			focused_ultrasound;nanoparticle;systemic_bbb_pharmacology	metadata_only
nanoparticle	Dumont MF, Yadavilli S, Sze RW, Nazarian J, Fernandes R.	Manganese-containing Prussian blue nanoparticles for imaging of pediatric brain tumors	International journal of nanomedicine	2014	24920896	10.2147/ijn.s63472	PMC4043710	https://pmc.ncbi.nlm.nih.gov/articles/PMC4043710/		fulltext/dumont_2014_pmid24920896.xml	antibody_conjugate_shuttle;imaging_dosimetry_modeling;nanoparticle	fulltext_xml
nanoparticle	Kambhampati M, Yadavilli S, McNeeley K, Pai S, Yu Q, Bellamkonda R, Fernandes R, Packer R, Nazarian J.	NI-44LIPOSOMAL NANOPARTICLES FOR TARGETING AND IMAGING OF PEDIATRIC BRAIN TUMORS	Neuro-oncology	2014			PMC4218370	https://pmc.ncbi.nlm.nih.gov/articles/PMC4218370/			brainstem;dipg_dmg;nanoparticle;systemic_bbb_pharmacology	metadata_only
nanoparticle	Nance E, Zhang C, Shih TY, Xu Q, Schuster BS, Hanes J.	Brain-penetrating nanoparticles improve paclitaxel efficacy in malignant glioma following local administration	ACS nano	2014	25259648	10.1021/nn504210g	PMC4212792	https://pmc.ncbi.nlm.nih.gov/articles/PMC4212792/		fulltext/nance_2014_pmid25259648.xml	nanoparticle	fulltext_xml
nanoparticle	Aaberg-Jessen C, Fogh L, Halle B, Jensen V, Brünner N, Kristensen B, Abe T, Momii Y, Watanabe J, Morisaki I, Natsume A, Wakabayashi T, Fujiki M, Balyasnikova I, Prasol M, Kanoija D, Aboody K, Lesniak M, Barone T, Burkhart C, Purmal A, Gudkov A, Gurova K, Plunkett R, Barton K, Misuraca K, Cordero F, Dobrikova E, Min H, Gromeier M, Kirsch D, Becher O, Pont L, Kloezeman J, van den Bent M, Kanaar R, Kremer A, Swagemakers S, French P, Dirven C, Lamfers M, Leenstra S, Pont L, Balvers R, Kloezeman J, Kleijn A, Lawler S, Leenstra S, Dirven C, Lamfers M, Chen C, Yao N, Chuang W, Chang C, Choi Y, Pandya H, Gibo D, Fokt I, Priebe W, Debinski W, Chornenkyy Y, Agnihotri S, Buczkowicz P, Rakopoulos P, Morrison A, Barszczyk M, Becher O, Hawkins C, Chung S, Decollogne S, Luk P, Shen H, Ha W, Day B, Stringer B, Hogg P, Dilda P, McDonald K, Das A, Varma A, Wallace G, Dixon-Mah Y, Vandergrift W, Giglio P, Ray S, Patel S, Banik N, Dave N, Desai P, Gudelsky G, Chow L, LaSance K, Qi X, Førde H, Netland I, Sleire L, Skeie B, Enger P, Goplen D, Gramatzki D, Staudinger M, Frei K, Peipp M, Weller M, Grasso C, Liu L, Becher O, Berlow N, Davis L, Fouladi M, Gajjar A, Hawkins C, Huang E, Hulleman E, Hutt M, Keller C, Li X, Meltzer P, Quezado M, Quist M, Raabe E, Spellman P, Truffaux N, van Vurden D, Wang N, Warren K, Pal R, Grill J, Monje M, Green A, Ramkissoon S, McCauley D, Jones K, Perry J, Ramkissoon L, Maire C, Shacham S, Ligon K, Kung A, Gupta S, Mladek A, Bakken K, Carlson B, Boakye-Agyeman F, Kizilbash S, Schroeder M, Reid J, Sarkaria J, Hadaczek P, Ozawa T, Soroceanu L, Yoshida Y, Matlaf L, Singer E, Fiallos E, James C, Cobbs C, Hashizume R, Tom M, Ihara Y, Ozawa T, Santos R, Torre J, Lepe E, Waldman T, Prados M, James D, Hashizume R, Ihara Y, Huang X, Yu-Jen L, Tom M, Mueller S, Gupta N, Solomon D, Waldman T, Zhang Z, James D, Gephart M, Moore S, Bergen J, Su Y, Rayburn H, Scott M, Cochran J, Hingtgen S, Kasmieh R, Nesterenko I, Figueiredo J, Dash R, Sarkar D, Fisher P, Shah K, Horne E, Diaz P, Stella N, Huang T, Hlavaty J, Ostertag D, Espinoza F, Martin B, Petznek H, Rodriguez-Aguirre M, Ibanez C, Kasahara N, Gunzburg W, Gruber H, Pertschuk D, Jolly D, Robbins J, Hurwitz B, Yoo J, Bolyard C, Yu J, Wojton J, Zhang J, Bailey Z, Eaves D, Cripe T, Old M, Kaur B, Serwer L, Yoshida Y, Le Moan N, Santos R, Ng S, Butowski N, Krtolica A, Ozawa T, Cary S, James C, Johns T, Greenall S, Donoghue J, Adams T, Karpel-Massler G, Westhoff M, Kast R, Dwucet A, Wirtz C, Debatin K, Halatsch M, Karpel-Massler G, Kast R, Westhoff M, Merkur N, Dwucet A, Wirtz C, Debatin K, Halatsch M, Knubel K, Pernu B, Sufit A, Pierce A, Nelson S, Keating A, Jensen S, Kristensen B, Le Moan N, Serwer L, Yoshida Y, Ng S, Davis T, Santos R, Davis A, Tanaka K, Keating T, Getz J, Kapp G, Romero J, Ozawa T, James C, Krtolica A, Cary S, Lee W, Maire C, Kluk M, Aster J, Ligon K, Sun S, Lee D, Ho A, Pu J, Zhang Z, Lee N, Day P, Leung G, Lobo M, Green S, Schabel M, Gillespie Y, Woltjer R, Pike M, Lu Y, Torre J, Waldman T, Prados M, Ozawa T, James D, Lun X, Wells J, Hao X, Zhang J, Grinshtein N, Kaplan D, Luchman A, Weiss S, Cairncross J, Senger D, Robbins S, McDonell S, Liang J, Piao Y, Nguyen N, Yung A, Verhaak R, Sulman E, Stephan C, Lang F, de Groot J, Nelson S, Knubel K, Pernu B, Pierce A, Keating A, Neuwelt A, Nguyen T, Wu Y, Donson A, Vibhakar R, Venkatamaran S, Amani V, Neuwelt E, Rapkin L, Foreman N, Ibrahim F, New P, Cui K, Zhao H, Chow D, Stephen W, Nozue-Okada K, Nagane M, McDonald K, Pang M, Liu X, Madhankumar A, Slagle-Webb B, Patel A, Miller P, Connor J, Pasupuleti N, Gorin F, Valenzuela A, Leon L, Carraway K, Ramachandran C, Nair S, Quirrin K, Khatib Z, Escalon E, Melnick S, Huang T, Parab S, Diago O, Espinoza F, Martin B, Ibañez C, Kasahara N, Gruber H, Pertschuk D, Jolly D, Robbins J, Ryken T, Agarwal S, Al-Keilani M, Alqudah M, Sibenaller Z, Assemolt M, Sai K, Li W, Li W, Chen Z, Semenkow S, Chu Q, Eberhart C, Serwer L, Kapp G, Le Moan N, Yoshida Y, Romero J, Ng S, Davis A, Ozawa T, Krtolica A, James C, Cary S, Shen H, Decollogne S, Dilda P, Chung S, Luk P, Hogg P, McDonald K, Shimazu Y, Kurozumi K, Ichikawa T, Fujii K, Onishi M, Ishida J, Oka T, Watanabe M, Nasu Y, Kumon H, Date I, Spoor J, van der Kaaij M, Kloezeman J, Geurtjens M, Dirven C, Lamfers M, Leenstra S, Stephen Z, Veiseh O, Kievit F, Fang C, Leung M, Ellenbogen R, Silber J, Zhang M, Strohbehn G, Atsina K, Patel T, Piepmeier J, Zhou J, Saltzman W, Takahashi M, Valdes G, Inagaki A, Kamijima S, Hiraoka K, Micewicz E, McBride W, Iwamoto K, Gruber H, Robbins J, Jolly D, Kasahara N, Wei K, Yang H, Huang C, Chen P, Hua M, Liu H, Woolf E, Abdelwahab M, Fenton K, Liu Q, Turner G, Preul M, Scheck A, Yoshida Y, Ozawa T, Butowski N, Shen W, Brown D, Pedersen H, James D.	EXPERIMENTAL THERAPEUTICS AND PHARMACOLOGY	Neuro-oncology	2013			PMC3823891	https://pmc.ncbi.nlm.nih.gov/articles/PMC3823891/			brainstem;dipg_dmg;nanoparticle	metadata_only
nanoparticle	Weng KC, Hashizume R, Noble CO, Serwer LP, Drummond DC, Kirpotin DB, Kuwabara AM, Chao LX, Chen FF, James CD, Park JW.	Convection-enhanced delivery of targeted quantum dot-immunoliposome hybrid nanoparticles to intracranial brain tumor models	Nanomedicine (London, England)	2013	23631502	10.2217/nnm.12.209		https://doi.org/10.2217/nnm.12.209			convection_enhanced_delivery;nanoparticle	metadata_only
nanoparticle	Zhou J, Patel TR, Sirianni RW, Strohbehn G, Zheng MQ, Duong N, Schafbauer T, Huttner AJ, Huang Y, Carson RE, Zhang Y, Sullivan DJ, Piepmeier JM, Saltzman WM.	Highly penetrative, drug-loaded nanocarriers improve treatment of glioblastoma	Proceedings of the National Academy of Sciences of the United States of America	2013	23818631	10.1073/pnas.1304504110	PMC3718184	https://pmc.ncbi.nlm.nih.gov/articles/PMC3718184/			convection_enhanced_delivery;nanoparticle	metadata_only
nanoparticle	Huo T, Barth RF, Yang W, Nakkula RJ, Koynova R, Tenchov B, Chaudhury AR, Agius L, Boulikas T, Elleaume H, Lee RJ.	Preparation, biodistribution and neurotoxicity of liposomal cisplatin following convection enhanced delivery in normal and F98 glioma bearing rats	PloS one	2012	23152799	10.1371/journal.pone.0048752	PMC3496719	https://pmc.ncbi.nlm.nih.gov/articles/PMC3496719/		fulltext/huo_2012_pmid23152799.xml	convection_enhanced_delivery;imaging_dosimetry_modeling;nanoparticle	fulltext_xml
nanoparticle	Phillips WT, Goins B, Bao A, Vargas D, Guttierez JE, Trevino A, Miller JR, Henry J, Zuniga R, Vecil G, Brenner AJ.	Rhenium-186 liposomes as convection-enhanced nanoparticle brachytherapy for treatment of glioblastoma	Neuro-oncology	2012	22427110	10.1093/neuonc/nos060	PMC3309864	https://pmc.ncbi.nlm.nih.gov/articles/PMC3309864/			convection_enhanced_delivery;nanoparticle;radiation_combined	metadata_only
nanoparticle	Corem-Salkmon E, Ram Z, Daniels D, Perlstein B, Last D, Salomon S, Tamar G, Shneor R, Guez D, Margel S, Mardor Y.	Convection-enhanced delivery of methotrexate-loaded maghemite nanoparticles	International journal of nanomedicine	2011	21904449	10.2147/ijn.s23025	PMC3160945	https://pmc.ncbi.nlm.nih.gov/articles/PMC3160945/		fulltext/coremsalkmon_2011_pmid21904449.xml	convection_enhanced_delivery;nanoparticle	fulltext_xml
nanoparticle	Sawyer AJ, Saucier-Sawyer JK, Booth CJ, Liu J, Patel T, Piepmeier JM, Saltzman WM.	Convection-enhanced delivery of camptothecin-loaded polymer nanoparticles for treatment of intracranial tumors	Drug delivery and translational research	2011	21691426	10.1007/s13346-010-0001-3	PMC3117592	https://pmc.ncbi.nlm.nih.gov/articles/PMC3117592/			convection_enhanced_delivery;implant_depot_device;nanoparticle	metadata_only
nanoparticle	Krauze MT, Mcknight TR, Yamashita Y, Bringas J, Noble CO, Saito R, Geletneky K, Forsayeth J, Berger MS, Jackson P, Park JW, Bankiewicz KS.	Real-time visualization and characterization of liposomal delivery into the monkey brain by magnetic resonance imaging	Brain research. Brain research protocols	2005	16181805	10.1016/j.brainresprot.2005.08.003		https://doi.org/10.1016/j.brainresprot.2005.08.003			brainstem;convection_enhanced_delivery;imaging_dosimetry_modeling;nanoparticle	metadata_only
nanoparticle	Saito R, Krauze MT, Bringas JR, Noble C, McKnight TR, Jackson P, Wendland MF, Mamot C, Drummond DC, Kirpotin DB, Hong K, Berger MS, Park JW, Bankiewicz KS.	Gadolinium-loaded liposomes allow for real-time magnetic resonance imaging of convection-enhanced delivery in the primate brain	Experimental neurology	2005	16197944	10.1016/j.expneurol.2005.08.016		https://doi.org/10.1016/j.expneurol.2005.08.016			brainstem;convection_enhanced_delivery;imaging_dosimetry_modeling;nanoparticle	metadata_only
intranasal	Koh M, Lee JE, Ye E, Lee S, Kim HL, Song HE, Yoo HJ, Kim WJ, Park SM, Yang SH.	Intranasal administration of temozolomide conjugated nanoparticles with transcranial magnetic stimulation improves the survival in glioblastoma xenograft models	Drug delivery and translational research	2026	40624304	10.1007/s13346-025-01895-9		https://doi.org/10.1007/s13346-025-01895-9			intranasal;nanoparticle;systemic_bbb_pharmacology	metadata_only
intranasal	Leslie S, Rios S, Elnahas H, Keniry M.	Bridging the Lab-to-Clinic Gap in Intranasal Nanomaterial-Based Chemotherapy for Glioblastoma	Preprints.org	2026		10.20944/preprints202607.1922.v1		https://doi.org/10.20944/preprints202607.1922.v1			intranasal;nanoparticle	metadata_only
intranasal	Wei C, Zhang J, Wang G, Zhai Z, Chen C, Huang Z, Pan X, Wu C, Wang W, Zhang X.	Particle size-dependent efficiency and mechanistic insights of nose-to-brain delivery bypassing the BBB	Journal of controlled release : official journal of the Controlled Release Society	2026	42580444	10.1016/j.jconrel.2026.115254		https://doi.org/10.1016/j.jconrel.2026.115254			intranasal;nanoparticle;systemic_bbb_pharmacology	metadata_only
intranasal	Cheng Q, Wang M, Zhou Z, Xia H, Yu S, Zheng J, Zhu K, Li X, Wang X, Xin T, Jiang X, Li J.	Biomimetic extracellular vesicles derived from chimeric antigen receptor monocytes to treat glioblastoma: An efficient and safe intranasal drug delivery nanoplatform	Bioactive materials	2025	40538764	10.1016/j.bioactmat.2025.05.032	PMC12178745	https://pmc.ncbi.nlm.nih.gov/articles/PMC12178745/		fulltext/cheng_2025_pmid40538764.xml	cell_therapy_delivery;intranasal;nanoparticle;systemic_bbb_pharmacology	fulltext_xml
intranasal	Desai S, Thorat P, Majumdar A.	A promise of nose to brain delivery of bevacizumab intranasal sol-gel formulation substantiated in rat C6 glioma model	Naunyn-Schmiedeberg's archives of pharmacology	2025	39417842	10.1007/s00210-024-03536-3		https://doi.org/10.1007/s00210-024-03536-3			intranasal;nanoparticle;systemic_bbb_pharmacology	metadata_only
intranasal	Marrocco F, Falvo E, Mosca L, Tisci G, Arcovito A, Reccagni A, Limatola C, Bernardini R, Ceci P, D'Alessandro G, Colotti G.	Nose-to-brain selective drug delivery to glioma via ferritin-based nanovectors reduces tumor growth and improves survival rate	Cell death & disease	2024	38615026	10.1038/s41419-024-06653-2	PMC11016100	https://pmc.ncbi.nlm.nih.gov/articles/PMC11016100/		fulltext/marrocco_2024_pmid38615026.xml	antibody_conjugate_shuttle;intranasal;nanoparticle;systemic_bbb_pharmacology	fulltext_xml
intranasal	Aly AE, Sun T, Zhang Y, Li Z, Kyada M, Ma Q, Padegimas L, Sesenoglu-Laird O, Cooper MJ, McDannold NJ, Waszczak BL.	Focused ultrasound enhances transgene expression of intranasal hGDNF DNA nanoparticles in the sonicated brain regions	Journal of controlled release : official journal of the Controlled Release Society	2023	37127076	10.1016/j.jconrel.2023.04.041		https://doi.org/10.1016/j.jconrel.2023.04.041			brainstem;focused_ultrasound;intranasal;nanoparticle;systemic_bbb_pharmacology	metadata_only
intranasal	Kumar N, Khurana B, Arora D.	Nose-to-brain drug delivery for the treatment of glioblastoma multiforme: nanotechnological interventions	Pharmaceutical development and technology	2023	37975846	10.1080/10837450.2023.2285506		https://doi.org/10.1080/10837450.2023.2285506			intranasal;nanoparticle	metadata_only
intranasal	Sasaki T, Watanabe J, He X, Katagi H, Suri A, Ishi Y, Abe K, Natsumeda M, Frey WH, Zhang P, Hashizume R.	Intranasal delivery of nanoliposomal SN-38 for treatment of diffuse midline glioma	Journal of neurosurgery	2023	36599085	10.3171/2022.9.jns22715		https://doi.org/10.3171/2022.9.jns22715			brainstem;dipg_dmg;intranasal;nanoparticle;systemic_bbb_pharmacology	metadata_only
intranasal	Tang L, Zhang R, Wang Y, Zhang X, Yang Y, Zhao B, Yang L.	A simple self-assembly nanomicelle based on brain tumor-targeting peptide-mediated siRNA delivery for glioma immunotherapy via intranasal administration	Acta biomaterialia	2023	36384220	10.1016/j.actbio.2022.11.013		https://doi.org/10.1016/j.actbio.2022.11.013			antibody_conjugate_shuttle;intranasal;systemic_bbb_pharmacology	metadata_only
intranasal	Zhao X, Ni S, Song Y, Hu K.	Intranasal delivery of Borneol/R8dGR peptide modified PLGA nanoparticles co-loaded with curcumin and cisplatin alleviate hypoxia in pediatric brainstem glioma which improves the synergistic therapy	Journal of controlled release : official journal of the Controlled Release Society	2023	37633362	10.1016/j.jconrel.2023.08.048		https://doi.org/10.1016/j.jconrel.2023.08.048			brainstem;intranasal;nanoparticle;systemic_bbb_pharmacology	metadata_only
intranasal	Nehra G, Andrews S, Rettig J, Gould MN, Haag JD, Howard SP, Thorne RG.	Intranasal administration of the chemotherapeutic perillyl alcohol results in selective delivery to the cerebrospinal fluid in rats	Scientific reports	2021	33737566	10.1038/s41598-021-85293-4	PMC7973779	https://pmc.ncbi.nlm.nih.gov/articles/PMC7973779/		fulltext/nehra_2021_pmid33737566.xml	intranasal;systemic_bbb_pharmacology	fulltext_xml
intranasal	Wang W, Swenson S, Cho HY, Hofman FM, Schönthal AH, Chen TC.	Efficient brain targeting and therapeutic intracranial activity of bortezomib through intranasal co-delivery with NEO100 in rodent glioblastoma models	Journal of neurosurgery	2020	30875688	10.3171/2018.11.jns181161		https://doi.org/10.3171/2018.11.jns181161			intranasal;systemic_bbb_pharmacology	metadata_only
intranasal	Chen TC, da Fonseca CO, Schönthal AH.	Intranasal Perillyl Alcohol for Glioma Therapy: Molecular Mechanisms and Clinical Development	International journal of molecular sciences	2018	30563210	10.3390/ijms19123905	PMC6321279	https://pmc.ncbi.nlm.nih.gov/articles/PMC6321279/		fulltext/chen_2018_pmid30563210.xml	intranasal;systemic_bbb_pharmacology	fulltext_xml
intranasal	He X, Louis N, Katagi H, Zhang P, Balyasnikova I, Horbinski C, Goldman S, Hashizume R.	DIPG-33. NEW THERAPEUTIC APPROACH FOR BRAINSTEM GLIOMA: INTRANASAL DELIVERY OF NANOLIPOSOMAL SN-38	Neuro-oncology	2018			PMC6012017	https://pmc.ncbi.nlm.nih.gov/articles/PMC6012017/			brainstem;dipg_dmg;intranasal;nanoparticle;systemic_bbb_pharmacology;meeting_abstract	metadata_only
intranasal	He X, Zhang P, Louis N, Katagi H, Balyasnikova I, Horbinski C, Goldman S, Hashizume R.	PDTM-36. NEW THERAPEUTIC APPROACH FOR BRAINSTEM GLIOMA: INTRANASAL DELIVERY OF NANOLIPOSOMAL SN-38	Neuro-oncology	2018			PMC6217692	https://pmc.ncbi.nlm.nih.gov/articles/PMC6217692/			brainstem;dipg_dmg;intranasal;nanoparticle;systemic_bbb_pharmacology;meeting_abstract	metadata_only
intranasal	Chastkofsky M, Procissi D, Yang C, Goldman S, Lesniak M, Hashizume R, Balyasnikova I.	P11.01 Intranasal delivery of mesenchymal stem cells targets diffuse intrinsic pontine glioma in mouse model	Neuro-oncology	2017			PMC5464072	https://pmc.ncbi.nlm.nih.gov/articles/PMC5464072/			brainstem;cell_therapy_delivery;dipg_dmg;implant_depot_device;intranasal;nanoparticle;systemic_bbb_pharmacology	metadata_only
intranasal	He X, Louis N, Zhang P, Balyasnikova I, Horbinski C, Goldman S, Hashizume R.	PDTM-37. NEW THERAPEUTIC APPROACH FOR BRAINSTEM GLIOMA: INTRANASAL DELIVERY OF NANOLIPOSOMAL SN-38	Neuro-oncology	2017			PMC5692252	https://pmc.ncbi.nlm.nih.gov/articles/PMC5692252/			brainstem;dipg_dmg;intranasal;nanoparticle;systemic_bbb_pharmacology;meeting_abstract	metadata_only
intranasal	He X, Louis N, Zhang P, Balyasnikova I, Horbinski C, Goldman S, Hashizume R.	SCDT-20. NEW THERAPEUTIC APPROACH FOR BRAINSTEM GLIOMA: INTRANASAL DELIVERY OF NANOLIPOSOMAL SN-38	Neuro-oncology	2017			PMC5692355	https://pmc.ncbi.nlm.nih.gov/articles/PMC5692355/			brainstem;dipg_dmg;intranasal;nanoparticle;systemic_bbb_pharmacology;meeting_abstract	metadata_only
intranasal	van Woensel M, Wauthoz N, Rosière R, Amighi K, Mathieu V, Lefranc F, van Gool SW, de Vleeschouwer S.	Formulations for Intranasal Delivery of Pharmacological Agents to Combat Brain Disease: A New Opportunity to Tackle GBM?	Cancers	2013	24202332	10.3390/cancers5031020	PMC3795377	https://pmc.ncbi.nlm.nih.gov/articles/PMC3795377/		fulltext/van_2013_pmid24202332.xml	convection_enhanced_delivery;intranasal;nanoparticle;systemic_bbb_pharmacology	fulltext_xml
implant_depot_device	Abouali O, Mokabber A, Naderpour S, Vojoudi E, Sefat F, Saeinasab M, Rahimzadegan M, Nosrati R.	Chitosan-based hydrogel for intranasal drug delivery; current advances in the brain diseases treatment	International journal of pharmaceutics	2026	42537824	10.1016/j.ijpharm.2026.127259		https://doi.org/10.1016/j.ijpharm.2026.127259			implant_depot_device;intranasal;systemic_bbb_pharmacology	metadata_only
implant_depot_device	Boult JKR, Carvalho DM, Kessler K, Molinari V, Mackay A, Grabovska Y, Fofana M, Taylor KR, Bjerke L, Fernandez E, Pereira R, Clarke M, Temelso S, Burford A, Sejdiu D, Carcaboso AM, Cockle JV, Carceller F, Marshall LV, Vaidya SJ, Bridges LR, Singh N, Stapleton S, Hettige S, Al-Sarraj S, Reisz Z, Zebian B, Bleil C, Grundy RG, Gray JC, Hargrave D, Wilson S, Picton S, Adamski JK, Hassall TEG, Mastronuzzi A, Carai A, Benjamin P, Colafati GS, Vinci M, Jones C, Robinson SP.	Characterization of patient-derived site-specific in vivo models of pediatric-type diffuse high-grade glioma using magnetic resonance imaging	Neuro-oncology advances	2026	41908145	10.1093/noajnl/vdag049	PMC13023044	https://pmc.ncbi.nlm.nih.gov/articles/PMC13023044/		fulltext/boult_2026_pmid41908145.xml	brainstem;dipg_dmg;implant_depot_device;systemic_bbb_pharmacology	fulltext_xml
implant_depot_device	Chua AJ, Di Francesco V, Tesar B, Cathcart AM, Bird GH, Godes M, Medha MM, Kim J, Wu R, Filbin MG, Bleier BS, Amiji MM, Walensky LD.	Delivery of ATSP-7041 by Minimally Invasive Nasal Depot (MIND) to Target Diffuse Intrinsic Pontine Glioma	Molecular cancer therapeutics	2026	41618596	10.1158/1535-7163.mct-25-0748	PMC13200812	https://pmc.ncbi.nlm.nih.gov/articles/PMC13200812/			brainstem;dipg_dmg;implant_depot_device;systemic_bbb_pharmacology	metadata_only
implant_depot_device	Ciprandi M, Fontanini V, Sommi P, Anselmi-Tamburini U, Sesana S, Re F.	Tunable soy protein isolate hydrogel for nanoparticles brain release	Journal of materials science. Materials in medicine	2026	42174236	10.1007/s10856-026-07072-9		https://doi.org/10.1007/s10856-026-07072-9			implant_depot_device;nanoparticle;systemic_bbb_pharmacology	metadata_only
implant_depot_device	Habashy KJ, Arrieta VA, Haupt B, Gómez M, El-Hajj VG, Kim KS, Dmello C, Chen L, Carpentier A, Canney M, Stupp R, Sonabend AM.	Development of skull-implanted ultrasound for blood-brain barrier opening and drug delivery in neuro-oncology	Neuro-oncology advances	2026	42281806	10.1093/noajnl/vdaf044	PMC13250574	https://pmc.ncbi.nlm.nih.gov/articles/PMC13250574/		fulltext/habashy_2026_pmid42281806.xml	focused_ultrasound;implant_depot_device;surgical_access;systemic_bbb_pharmacology	fulltext_xml
implant_depot_device	Houedjissin N, Staub-Bartelt F, Sabel M, Steinmann J, Fischer H, Rapp M.	Retrospective Monocentric Analysis of Carmustine Wafer Implantation in Recurrent Glioblastoma: Impact on Survival and Key Prognostic Factors	Current oncology (Toronto, Ont.)	2026	42187555	10.3390/curroncol33050238	PMC13204715	https://pmc.ncbi.nlm.nih.gov/articles/PMC13204715/		fulltext/houedjissin_2026_pmid42187555.xml	implant_depot_device;radiation_combined	fulltext_xml
implant_depot_device	Kartal A, Kim MJ, Chanbour H, Tsehay Y, Alomari S.	Limitations of Gliadel Wafers and Strategies for Next-Generation Local Delivery Systems for Glioblastoma	Cancers	2026	41899511	10.3390/cancers18060907	PMC13024690	https://pmc.ncbi.nlm.nih.gov/articles/PMC13024690/		fulltext/kartal_2026_pmid41899511.xml	implant_depot_device;systemic_bbb_pharmacology	fulltext_xml
implant_depot_device	Kartal A, Kim MJ, Tsehay Y, Chanbour H, Alomari S.	Limitations of Gliadel Wafer and Strategies for Next-Generation Local Delivery Systems for Glioblastoma	Preprints.org	2026		10.20944/preprints202602.0366.v1		https://doi.org/10.20944/preprints202602.0366.v1			implant_depot_device;systemic_bbb_pharmacology	metadata_only
implant_depot_device	Li J, Wang Y, Ma X, Bi X, Wu T, Zhang N, Wang F, Liu T, Geng F.	Microneedle-mediated drug delivery systems for brain diseases	Nanomedicine : nanotechnology, biology, and medicine	2026	42468794	10.1016/j.nano.2026.102996		https://doi.org/10.1016/j.nano.2026.102996			implant_depot_device;intranasal;systemic_bbb_pharmacology	metadata_only
implant_depot_device	Liu B, Feng J, Zhao X, Yu T, Zhao Z, Shen F, Yang C, Wang S, Nong C, Sun Y, Ma K, Chen X, Xing G, Ge Q, Yang J.	Transnasal Ventral Brainstem Epidural Electrical Stimulation Enhances Consciousness in Anesthetized Sheep: A Feasibility Study	CNS neuroscience & therapeutics	2026	42037546	10.1002/cns.70894	PMC13112188	https://pmc.ncbi.nlm.nih.gov/articles/PMC13112188/		fulltext/liu_2026_pmid42037546.xml	brainstem;implant_depot_device	fulltext_xml
implant_depot_device	Maue KM, Dau NC, King JL, Thang M, Hingtgen SD, Benhabbour SR.	Injectable thermoresponsive hydrogel scaffold for enhanced delivery of next-generation induced neural stem cells for treatment of glioblastoma	Drug delivery and translational research	2026	41957222	10.1007/s13346-026-02087-9		https://doi.org/10.1007/s13346-026-02087-9			cell_therapy_delivery;implant_depot_device	metadata_only
implant_depot_device	Maue KM, Dau NoC, King JL, Thang M, Hingtgen SD, Benhabbour SR.	Injectable thermo-responsive hydrogel scaffold for enhanced delivery of second-generation induced neural stem cells for treatment of glioblastoma	Research Square	2026		10.21203/rs.3.rs-8398602/v1		https://doi.org/10.21203/rs.3.rs-8398602/v1			cell_therapy_delivery;implant_depot_device	metadata_only
implant_depot_device	Mesina-Estarrón I, Abruzzo M, Gomes FC, Thaxton M, Yengo-Kahn A, Stone S, Northam W, Snyder B, Cahill P, Bauer D, Muhonen M.	Clinical evaluation of ThecaFlex DRx, a novel implantable catheter-port for intrathecal nusinersen delivery in spinal muscular atrophy: Initial results from the PIERRE-IDE study	Journal of neuromuscular diseases	2026	41830093	10.1177/22143602261432303		https://doi.org/10.1177/22143602261432303			implant_depot_device;intrathecal_csf;related_disease	metadata_only
implant_depot_device	Morshedi B, Esfandyari-Manesh M, Ghahremani MH, Fatahi Y, Dinarvand R.	Localized co-delivery of in-situ hydrogel containing ibrutinib-PLGA-PEG-folate nanoparticle and octreotide microsphere to glioblastoma	Drug delivery and translational research	2026	41116065	10.1007/s13346-025-01999-2		https://doi.org/10.1007/s13346-025-01999-2			implant_depot_device;nanoparticle	metadata_only
implant_depot_device	Raemaekers M, Geukes SH, Aarnoutse EJ, Branco MP, Freudenburg ZV, Schippers A, Crone NE, Leinders S, Berezutskaya J, Ramsey NF, Vansteensel MJ.	Association between motor cortex grey matter loss and inability to control an ECoG-based implanted Brain-Computer Interface in ALS		2026		10.64898/2026.06.23.26355654		https://doi.org/10.64898/2026.06.23.26355654			implant_depot_device;related_disease	metadata_only
implant_depot_device	Shang Q, Jiang C, Guo M, Tang M, Yang J, Xie J, An X, Zhang Q, Wang F.	STING stimulation via supramolecular prodrug hydrogel boosts innate-adaptive immune cross-talk to prevent glioblastoma recurrence	Science advances	2026	41499494	10.1126/sciadv.adx9671	PMC12778064	https://pmc.ncbi.nlm.nih.gov/articles/PMC12778064/		fulltext/shang_2026_pmid41499494.xml	implant_depot_device	fulltext_xml
implant_depot_device	Berlet R, Azapagic A, Jha NK, Aksenov D, Bookwalter J, Ullah A, Bobustuc G, Lee J, Sant H, McDaid J, Walker M, Shea J, Graff D, Barlow AK, Frigerio R, Aliee D, Bailes C, Gale BK, Bailes JE.	An implantable, intracerebral osmotic pump for convection-enhanced drug delivery in glioblastoma multiforme	Frontiers in oncology	2025	41132728	10.3389/fonc.2025.1676691	PMC12540145	https://pmc.ncbi.nlm.nih.gov/articles/PMC12540145/		fulltext/berlet_2025_pmid41132728.xml	convection_enhanced_delivery;implant_depot_device;systemic_bbb_pharmacology	fulltext_xml
implant_depot_device	Morshedi B, Esfandyari-Manesh M, Ghahremani MH, Fatahi Y, Dinarvand R.	Localized synergistic co-delivery to glioblastoma by in-situ GelMA containing ibrutinib-PLGA-PEG-folate nanoparticle and octreotide microsphere	Research Square	2025		10.21203/rs.3.rs-7357228/v1		https://doi.org/10.21203/rs.3.rs-7357228/v1			implant_depot_device;nanoparticle	metadata_only
implant_depot_device	Roux A, Elia A, Zanello M, Pallud J.	How I do it: > 8 Carmustine wafer implantation during supra-marginal resection of a glioblastoma, IDH-wildtype	Acta neurochirurgica	2025	40971079	10.1007/s00701-025-06675-5	PMC12449338	https://pmc.ncbi.nlm.nih.gov/articles/PMC12449338/		fulltext/roux_2025_pmid40971079.xml	implant_depot_device	fulltext_xml
implant_depot_device	Suryadevara A, Doan N, Borak S, Bellam N, Khan A, Hamlett V.	Carmustine Wafers (Gliadel) in Brain Metastases: Revisiting an Old Concept With New Insights	Cureus	2025	41030714	10.7759/cureus.91257	PMC12477457	https://pmc.ncbi.nlm.nih.gov/articles/PMC12477457/		fulltext/suryadevara_2025_pmid41030714.xml	implant_depot_device;systemic_bbb_pharmacology	fulltext_xml
implant_depot_device	Yadav AS, Aydemir U, Hellman K, Ekström P, Mousa AH, Li J, Shameem MA, Dicko C, Bengzon J, Ek F, Hjort M, Olsson R.	Injectable bioresorbable conductive hydrogels for multimodal brain tumor electroimmunotherapy	Nature communications	2025	41184309	10.1038/s41467-025-65785-x	PMC12583519	https://pmc.ncbi.nlm.nih.gov/articles/PMC12583519/		fulltext/yadav_2025_pmid41184309.xml	convection_enhanced_delivery;implant_depot_device	fulltext_xml
implant_depot_device		DDEL-02. PRECLINICAL EFFICACY OF IL13RΑ2-TARGETING POLYPEPTIDE-DRUG CONJUGATE (SELF-DEPOTTM ONCOPDC) IN GLIOBLASTOMA AND DIFFUSE INTRINSIC PONTINE GLIOMA	Neuro-oncology	2024			PMC11552953	https://pmc.ncbi.nlm.nih.gov/articles/PMC11552953/			brainstem;dipg_dmg;implant_depot_device;meeting_abstract	metadata_only
implant_depot_device	Gkasdaris G, Berthiller J, Guyotat J, Jouanneau E, Gallet C, Meyronet D, Thomas L, Cartalat S, Seyve A, Honnorat J, Ducray F, Picart T.	Is Carmustine Wafer Implantation in Progressive High-Grade Gliomas a Relevant Therapeutic Option? Complication Rate, Predictors of Complications and Onco-Functional Outcomes in a Series of 53 Cases	Cancers	2024	39456559	10.3390/cancers16203465	PMC11506748	https://pmc.ncbi.nlm.nih.gov/articles/PMC11506748/		fulltext/gkasdaris_2024_pmid39456559.xml	implant_depot_device	fulltext_xml
implant_depot_device	Kawaguchi Y, Hanakita S, Yoshida S, Ikemoto T, Oya S.	Unmanageable Cerebrospinal Fluid Leakage With Eosinophilic Meningitis in a Gliadel Wafer Implant Patient	Cureus	2024	38841004	10.7759/cureus.59718	PMC11151347	https://pmc.ncbi.nlm.nih.gov/articles/PMC11151347/		fulltext/kawaguchi_2024_pmid38841004.xml	implant_depot_device	fulltext_xml
implant_depot_device	Kuang Y, Zhang Z, Zhu K, Sun Y, Wang K, Yuan C, Lu J, Luo Y, Liu X, Wan J.	Porphyrin-based-MOF nanocomposite hydrogels for synergistic sonodynamic and gas therapy against tumor	International journal of biological macromolecules	2024	39343275	10.1016/j.ijbiomac.2024.136086		https://doi.org/10.1016/j.ijbiomac.2024.136086			focused_ultrasound;implant_depot_device	metadata_only
implant_depot_device	Zhang S, Patel K, Dusenbery K, Alshreef A, Sterling D, Sloan L, Reynolds M, Chen CC, Ferreira C.	Dosimetric evaluation and treatment planning considerations for GammaTile permanent brain implants - a pilot, institutional experience	Journal of neuro-oncology	2024	38902561	10.1007/s11060-024-04631-4		https://doi.org/10.1007/s11060-024-04631-4			brainstem;implant_depot_device;radiation_combined	metadata_only
implant_depot_device	Dupoiron D, Autier L, Lebrec N, Seegers V, Folliard C, Patsouris A, Campone M, Augereau P.	Intrathecal Catheter for Chemotherapy in Leptomeningeal Carcinomatosis From HER2-Negative Metastatic Breast Cancer	Journal of breast cancer	2023	37704384	10.4048/jbc.2023.26.e40	PMC10761759	https://pmc.ncbi.nlm.nih.gov/articles/PMC10761759/		fulltext/dupoiron_2023_pmid37704384.xml	implant_depot_device;intrathecal_csf;systemic_bbb_pharmacology	fulltext_xml
implant_depot_device	Ibn Essayed W, Jarvis CA, Bernstock JD, Slingerland A, Albanese J, Friedman GK, Arnaout O, Baird L.	Positioning Transclival Tumor-Treating Fields for the Treatment of Diffuse Intrinsic Pontine Gliomas	Life (Basel, Switzerland)	2023	36983757	10.3390/life13030601	PMC10059731	https://pmc.ncbi.nlm.nih.gov/articles/PMC10059731/		fulltext/ibn_2023_pmid36983757.xml	brainstem;dipg_dmg;implant_depot_device	fulltext_xml
implant_depot_device		IMG-09. Characterisation of a panel ofin vivo models of paediatric-type diffuse high-grade glioma (PDHGG) using magnetic resonance imaging	Neuro-oncology	2022			PMC9165046	https://pmc.ncbi.nlm.nih.gov/articles/PMC9165046/		fulltext/anon_2022_pmidPMC9165046.xml	brainstem;dipg_dmg;implant_depot_device;systemic_bbb_pharmacology;meeting_abstract	fulltext_xml
implant_depot_device	Kuramitsu S, Motomura K, Natsume A, Wakabayashi T.	Double-edged Sword in the Placement of Carmustine (BCNU) Wafers along the Eloquent Area: A Case Report	NMC case report journal	2015	28663961	10.2176/nmccrj.2014-0025	PMC5364933	https://pmc.ncbi.nlm.nih.gov/articles/PMC5364933/		fulltext/kuramitsu_2015_pmid28663961.xml	implant_depot_device	fulltext_xml
implant_depot_device	Mu F, Lucas JT, Watts JM, Johnson AJ, Daniel Bourland J, Laxton AW, Chan MD, Tatter SB.	Tumor resection with carmustine wafer placement as salvage therapy after local failure of radiosurgery for brain metastasis	Journal of clinical neuroscience : official journal of the Neurosurgical Society of Australasia	2015	25560387	10.1016/j.jocn.2014.08.020	PMC10373436	https://pmc.ncbi.nlm.nih.gov/articles/PMC10373436/			implant_depot_device	metadata_only
implant_depot_device	Nakada M, Tanaka S, Oishi M, Miyashita K, Misaki K, Mohri M, Hayashi Y, Uchiyama N, Watanabe T, Hayashi Y.	Cerebral Infarction Related to Carmustine Wafers in Glioblastoma: A Case Report	NMC case report journal	2015	28663960	10.2176/nmccrj.2014-0080	PMC5364932	https://pmc.ncbi.nlm.nih.gov/articles/PMC5364932/		fulltext/nakada_2015_pmid28663960.xml	implant_depot_device	fulltext_xml
implant_depot_device	Pallud J, Audureau E, Noel G, Corns R, Lechapt-Zalcman E, Duntze J, Pavlov V, Guyotat J, Hieu PD, Le Reste PJ, Faillot T, Litre CF, Desse N, Petit A, Emery E, Voirin J, Peltier J, Caire F, Vignes JR, Barat JL, Langlois O, Dezamis E, Parraga E, Zanello M, Nader E, Lefranc M, Bauchet L, Devaux B, Menei P, Metellus P, Club de Neuro-Oncologie of the Société Française de Neurochirurgie.	Long-term results of carmustine wafer implantation for newly diagnosed glioblastomas: a controlled propensity-matched analysis of a French multicenter cohort	Neuro-oncology	2015	26185110	10.1093/neuonc/nov126	PMC4633930	https://pmc.ncbi.nlm.nih.gov/articles/PMC4633930/			implant_depot_device	metadata_only
implant_depot_device	Xing WK, Shao C, Qi ZY, Yang C, Wang Z.	The role of Gliadel wafers in the treatment of newly diagnosed GBM: a meta-analysis	Drug design, development and therapy	2015	26170620	10.2147/dddt.s85943	PMC4492653	https://pmc.ncbi.nlm.nih.gov/articles/PMC4492653/		fulltext/xing_2015_pmid26170620.xml	implant_depot_device;radiation_combined	fulltext_xml
implant_depot_device	Yoshida M, Yamaguchi S, Ishi Y, Endo S, Motegi H, Kobayashi H, Asaoka K, Kamoshima Y, Terasaka S, Houkin K.	[Risk Factors for Adverse Events after Implantation of BCNU Wafers in High-grade Gliomas]	No shinkei geka. Neurological surgery	2015	26136324	10.11477/mf.1436203084		https://doi.org/10.11477/mf.1436203084			implant_depot_device	metadata_only
implant_depot_device		AT-49SAFETY EVALUATION OF HIGH-DOSE BCNU-LOADED BIODEGRADABLE IMPLANTS IN CHINESE PATIENTS WITH RECURRENT MALIGNANT GLIOMAS	Neuro-oncology	2014			PMC4217828	https://pmc.ncbi.nlm.nih.gov/articles/PMC4217828/			implant_depot_device;systemic_bbb_pharmacology	metadata_only
implant_depot_device	Pereira DY, Yip AT, Lee BS, Kamei DT.	Modeling mass transfer from carmustine-loaded polymeric implants for malignant gliomas	Journal of laboratory automation	2014	23975389	10.1177/2211068213499157		https://doi.org/10.1177/2211068213499157			implant_depot_device;systemic_bbb_pharmacology	metadata_only
implant_depot_device	Zhang YD, Dai RY, Chen Z, Zhang YH, He XZ, Zhou J.	Efficacy and safety of carmustine wafers in the treatment of glioblastoma multiforme: a systematic review	Turkish neurosurgery	2014	25269031	10.5137/1019-5149.jtn.8878-13.1		https://doi.org/10.5137/1019-5149.jtn.8878-13.1			implant_depot_device	metadata_only
implant_depot_device	Abel TJ, Ryken T, Lesniak MS, Gabikian P.	Gliadel for brain metastasis	Surgical neurology international	2013	23717799	10.4103/2152-7806.111305	PMC3656564	https://pmc.ncbi.nlm.nih.gov/articles/PMC3656564/		fulltext/abel_2013_pmid23717799.xml	implant_depot_device;radiation_combined	fulltext_xml
implant_depot_device	Aoki T, Nishikawa R, Sugiyama K, Nonoguchi N, Kawabata N, Mishima K, Adachi JI, Kurisu K, Yamasaki F, Tominaga T, Kumabe T, Ueki K, Higuchi F, Yamamoto T, Ishikawa E, Takeshima H, Yamashita S, Arita K, Hirano H, Yamada S, Matsutani M.	A Multicenter Phase I/II Study of the BCNU Implant (Gliadel® Wafer) for Japanese Patients with Malignant Gliomas	Neurologia medico-chirurgica	2013	24292607			https://pubmed.ncbi.nlm.nih.gov/24292607/			implant_depot_device;systemic_bbb_pharmacology	metadata_only
implant_depot_device	Bregy A, Shah AH, Diaz MV, Pierce HE, Ames PL, Diaz D, Komotar RJ.	The role of Gliadel wafers in the treatment of high-grade gliomas	Expert review of anticancer therapy	2013	24236823	10.1586/14737140.2013.840090		https://doi.org/10.1586/14737140.2013.840090			implant_depot_device	metadata_only
implant_depot_device	Dörner L, Mustafa A, Rohr A, Mehdorn HM, Nabavi A.	Growth pattern of tumor recurrence following bis-chloroethylnitrosourea (BCNU) wafer implantation in malignant glioma	Journal of clinical neuroscience : official journal of the Neurosurgical Society of Australasia	2013	23313517	10.1016/j.jocn.2012.01.060		https://doi.org/10.1016/j.jocn.2012.01.060			implant_depot_device	metadata_only
implant_depot_device	Kleinberg L.	Polifeprosan 20, 3.85% carmustine slow-release wafer in malignant glioma: evidence for role in era of standard adjuvant temozolomide	Core evidence	2012	23118709	10.2147/ce.s23244	PMC3484478	https://pmc.ncbi.nlm.nih.gov/articles/PMC3484478/		fulltext/kleinberg_2012_pmid23118709.xml	implant_depot_device;radiation_combined	fulltext_xml
implant_depot_device	Ko AL, Fink KR, Stelzer KM, Silbergeld DL.	Safety and efficacy of concomitant chemotherapeutic wafers and iodine-125 seeds for recurrent glioblastoma	Surgical neurology international	2012	23230518	10.4103/2152-7806.103644	PMC3515939	https://pmc.ncbi.nlm.nih.gov/articles/PMC3515939/		fulltext/ko_2012_pmid23230518.xml	implant_depot_device	fulltext_xml
implant_depot_device	Nagpal S.	The role of BCNU polymer wafers (Gliadel) in the treatment of malignant glioma	Neurosurgery clinics of North America	2012	22440872	10.1016/j.nec.2012.01.004		https://doi.org/10.1016/j.nec.2012.01.004			implant_depot_device	metadata_only
implant_depot_device	Noël G, Schott R, Froelich S, Gaub MP, Boyer P, Fischer-Lokou D, Dufour P, Kehrli P, Maitrot D.	Retrospective comparison of chemoradiotherapy followed by adjuvant chemotherapy, with or without prior gliadel implantation (carmustine) after initial surgery in patients with newly diagnosed high-grade gliomas	International journal of radiation oncology, biology, physics	2012	21300471	10.1016/j.ijrobp.2010.11.073		https://doi.org/10.1016/j.ijrobp.2010.11.073			implant_depot_device;radiation_combined	metadata_only
implant_depot_device	Price SJ, Whittle IR, Ashkan K, Grundy P, Cruickshank G, UK-HGG Study Group.	NICE guidance on the use of carmustine wafers in high grade gliomas: a national study on variation in practice	British journal of neurosurgery	2012	22482926	10.3109/02688697.2012.673651	PMC3432583	https://pmc.ncbi.nlm.nih.gov/articles/PMC3432583/		fulltext/price_2012_pmid22482926.xml	implant_depot_device;radiation_combined	fulltext_xml
implant_depot_device	Ulmer S, Spalek K, Nabavi A, Schultka S, Mehdorn HM, Kesari S, Dörner L.	Temporal changes in magnetic resonance imaging characteristics of Gliadel wafers and of the adjacent brain parenchyma	Neuro-oncology	2012	22319220	10.1093/neuonc/nos003	PMC3309854	https://pmc.ncbi.nlm.nih.gov/articles/PMC3309854/			implant_depot_device	metadata_only
implant_depot_device	Chaichana KL, Zaidi H, Pendleton C, McGirt MJ, Grossman R, Weingart JD, Olivi A, Quiñones-Hinojosa A, Brem H.	The efficacy of carmustine wafers for older patients with glioblastoma multiforme: prolonging survival	Neurological research	2011	21756557	10.1179/1743132811y.0000000006	PMC4612577	https://pmc.ncbi.nlm.nih.gov/articles/PMC4612577/			implant_depot_device	metadata_only
implant_depot_device	Colen RR, Zinn PO, Hazany S, Do-Dai D, Wu JK, Yao K, Zhu JJ.	Magnetic resonance imaging appearance and changes on intracavitary Gliadel wafer placement: A pilot study	World journal of radiology	2011	22132297	10.4329/wjr.v3.i11.266	PMC3226960	https://pmc.ncbi.nlm.nih.gov/articles/PMC3226960/			implant_depot_device	metadata_only
implant_depot_device	Della Puppa A, Rossetto M, Ciccarino P, Denaro L, Rotilio A, d'Avella D, Scienza R.	Carmustine wafer implantation when surgical cavity is communicating with cerebral ventricles: technical considerations on a clinical series	World neurosurgery	2011	21839967	10.1016/j.wneu.2010.10.024		https://doi.org/10.1016/j.wneu.2010.10.024			implant_depot_device	metadata_only
implant_depot_device	Dörner L, Ulmer S, Rohr A, Mehdorn HM, Nabavi A.	Space-occupying cyst development in the resection cavity of malignant gliomas following Gliadel® implantation--incidence, therapeutic strategies, and outcome	Journal of clinical neuroscience : official journal of the Neurosurgical Society of Australasia	2011	21237660	10.1016/j.jocn.2010.05.036		https://doi.org/10.1016/j.jocn.2010.05.036			implant_depot_device;intrathecal_csf	metadata_only
implant_depot_device	Hart MG, Grant R, Garside R, Rogers G, Somerville M, Stein K.	Chemotherapy wafers for high grade glioma	The Cochrane database of systematic reviews	2011	21412902	10.1002/14651858.cd007294.pub2	PMC6457755	https://pmc.ncbi.nlm.nih.gov/articles/PMC6457755/			implant_depot_device;radiation_combined	metadata_only
implant_depot_device	Panigrahi M, Das PK, Parikh PM.	Brain tumor and Gliadel wafer treatment	Indian journal of cancer	2011	21330749	10.4103/0019-509x.76623		https://doi.org/10.4103/0019-509x.76623			implant_depot_device;radiation_combined;systemic_bbb_pharmacology	metadata_only
implant_depot_device	Bock HC, Puchner MJ, Lohmann F, Schütze M, Koll S, Ketter R, Buchalla R, Rainov N, Kantelhardt SR, Rohde V, Giese A.	First-line treatment of malignant glioma with carmustine implants followed by concomitant radiochemotherapy: a multicenter experience	Neurosurgical review	2010	20706757	10.1007/s10143-010-0280-7	PMC2936684	https://pmc.ncbi.nlm.nih.gov/articles/PMC2936684/		fulltext/bock_2010_pmid20706757.xml	implant_depot_device	fulltext_xml
implant_depot_device	Hashizume R, Ozawa T, Dinca EB, Banerjee A, Prados MD, James CD, Gupta N.	A human brainstem glioma xenograft model enabled for bioluminescence imaging	Journal of neuro-oncology	2010	19585223	10.1007/s11060-009-9954-9	PMC2808534	https://pmc.ncbi.nlm.nih.gov/articles/PMC2808534/		fulltext/hashizume_2010_pmid19585223.xml	brainstem;implant_depot_device	fulltext_xml
implant_depot_device	Kunwar S, Chang S, Westphal M, Vogelbaum M, Sampson J, Barnett G, Shaffrey M, Ram Z, Piepmeier J, Prados M, Croteau D, Pedain C, Leland P, Husain SR, Joshi BH, Puri RK, PRECISE Study Group.	Phase III randomized trial of CED of IL13-PE38QQR vs Gliadel wafers for recurrent glioblastoma	Neuro-oncology	2010	20511192	10.1093/neuonc/nop054	PMC2940677	https://pmc.ncbi.nlm.nih.gov/articles/PMC2940677/			convection_enhanced_delivery;implant_depot_device	metadata_only
implant_depot_device	Menei P, Metellus P, Parot-Schinkel E, Loiseau H, Capelle L, Jacquet G, Guyotat J, Neuro-oncology Club of the French Society of Neurosurgery.	Biodegradable carmustine wafers (Gliadel) alone or in combination with chemoradiotherapy: the French experience	Annals of surgical oncology	2010	20443147	10.1245/s10434-010-1081-5		https://doi.org/10.1245/s10434-010-1081-5			implant_depot_device;radiation_combined	metadata_only
implant_depot_device	Nagaiah G, Almubarak M, Khan M, Altaha R.	Cerebrospinal fluid leak during treatment with bevacizumab and irinotecan after carmustine-impregnated wafers placement in patients with grade 2 oligodendroglioma and glioblastoma multiforme: report of two cases and review of literature	Cancer investigation	2010	20873990	10.3109/07357907.2010.483499		https://doi.org/10.3109/07357907.2010.483499			implant_depot_device	metadata_only
implant_depot_device	Affronti ML, Heery CR, Herndon JE, Rich JN, Reardon DA, Desjardins A, Vredenburgh JJ, Friedman AH, Bigner DD, Friedman HS.	Overall survival of newly diagnosed glioblastoma patients receiving carmustine wafers followed by radiation and concurrent temozolomide plus rotational multiagent chemotherapy	Cancer	2009	19514083	10.1002/cncr.24398		https://doi.org/10.1002/cncr.24398			implant_depot_device;radiation_combined	metadata_only
implant_depot_device	Quinn JA, Jiang SX, Carter J, Reardon DA, Desjardins A, Vredenburgh JJ, Rich JN, Gururangan S, Friedman AH, Bigner DD, Sampson JH, McLendon RE, Herndon JE, Threatt S, Friedman HS.	Phase II trial of Gliadel plus O6-benzylguanine in adults with recurrent glioblastoma multiforme	Clinical cancer research : an official journal of the American Association for Cancer Research	2009	19188181	10.1158/1078-0432.ccr-08-2130	PMC2710963	https://pmc.ncbi.nlm.nih.gov/articles/PMC2710963/			implant_depot_device	metadata_only
implant_depot_device	Thomale UW, Tyler B, Renard V, Dorfman B, Chacko VP, Carson BS, Haberl EJ, Jallo GI.	Neurological grading, survival, MR imaging, and histological evaluation in the rat brainstem glioma model	Child's nervous system : ChNS : official journal of the International Society for Pediatric Neurosurgery	2009	19082613	10.1007/s00381-008-0767-5		https://doi.org/10.1007/s00381-008-0767-5			brainstem;implant_depot_device	metadata_only
implant_depot_device	Lin SH, Kleinberg LR.	Carmustine wafers: localized delivery of chemotherapeutic agents in CNS malignancies	Expert review of anticancer therapy	2008	18366283	10.1586/14737140.8.3.343		https://doi.org/10.1586/14737140.8.3.343			implant_depot_device	metadata_only
implant_depot_device	Bota DA, Desjardins A, Quinn JA, Affronti ML, Friedman HS.	Interstitial chemotherapy with biodegradable BCNU (Gliadel) wafers in the treatment of malignant gliomas	Therapeutics and clinical risk management	2007	18472995		PMC2376068	https://pmc.ncbi.nlm.nih.gov/articles/PMC2376068/		fulltext/bota_2007_pmid18472995.xml	implant_depot_device	fulltext_xml
implant_depot_device	Weber EL, Goebel EA.	Cerebral edema associated with Gliadel wafers: two case studies	Neuro-oncology	2005	15701285	10.1215/s1152851704000614	PMC1871626	https://pmc.ncbi.nlm.nih.gov/articles/PMC1871626/			implant_depot_device	metadata_only
antibody_conjugate_shuttle	Glenn R, Muthusivarajan R, Hormuth Ii DA, Wintermark M, Hwang KP, Kim DE, Fuentes D, Schellingerhout D.	Apparent diffusion coefficient (ADC) as a single predictor is insufficient to predict cellular density in gliomas	European journal of radiology	2026	42570576	10.1016/j.ejrad.2026.113119		https://doi.org/10.1016/j.ejrad.2026.113119			antibody_conjugate_shuttle	metadata_only
antibody_conjugate_shuttle	Herings SD, Nieuwenhof MFvd, Kolk AGvd, Meijer FJ, Scheenen TW, Henssen DJ.	Combining strengths; evaluating the combined use of FTB maps and ADC in the identification of tumour progression in high-grade astrocytoma patients		2026		10.21203/rs.3.rs-9377998/v1		https://doi.org/10.21203/rs.3.rs-9377998/v1			antibody_conjugate_shuttle	metadata_only
antibody_conjugate_shuttle	Lau BC, Ajaero DP, Hoff BA, Pearson A, Sajjakulnukit P, Wadden J, Adam T, Ji S, Green AL, Nabavizadeh A, Cao Y, Aryal M, Upadhyaya S, Franson A, Galban S, Venneti S, Federowicz B, Shapiro MA, Stuhlmiller TJ, Lyssiotis C, Galban CJ, Parmar HA, Ibrahim M, Koschmann C.	Early increase in apparent diffusion coefficient predicts favorable response to Dordaviprone (ONC201) therapy in H3K27M-mutant diffuse midline glioma	Neuro-oncology	2026	42482168	10.1093/neuonc/noag164		https://doi.org/10.1093/neuonc/noag164			antibody_conjugate_shuttle;dipg_dmg	metadata_only
antibody_conjugate_shuttle	Lian X, Allanson VJ, Rasmussen SV, Chauhan S, Tan GK, Morrow P, Hanson K, Lian EB, Haight AR, Hoshino T, Liu X, Berlow NE, Keller C, Lian Y.	Development of an Active Chimeric IL13Rα2 ADC for Diffuse Intrinsic Pontine Glioma	ImmunoTargets and therapy	2026	42199880	10.2147/itt.s575767	PMC13199871	https://pmc.ncbi.nlm.nih.gov/articles/PMC13199871/		fulltext/lian_2026_pmid42199880.xml	antibody_conjugate_shuttle;brainstem;dipg_dmg	fulltext_xml
antibody_conjugate_shuttle	Liu K, Dong Y, Ren W, Li D, Wang Z, Fan S, Zong Y, Ma C.	A novel NAD(P)H:quinone oxidoreductase 1-responsive vascular endothelial growth factor-targeted antibody-drug conjugate induces dual apoptosis and ferroptosis in glioblastoma	The Journal of pharmacology and experimental therapeutics	2026	42447794	10.1016/j.jpet.2026.104974		https://doi.org/10.1016/j.jpet.2026.104974			antibody_conjugate_shuttle	metadata_only
antibody_conjugate_shuttle	Rechberger JS, Vanbilloen WJF, Nonnenbroich LF, Ge J, Schrecengost RS, Vaubel RA, Zhang L, Daniels DJ.	Radiotherapy plus neoadjuvant and concomitant IL-13Rα2-directed immunotoxin therapy for diffuse intrinsic pontine glioma	Communications biology	2026	41540212	10.1038/s42003-025-09155-9	PMC12820171	https://pmc.ncbi.nlm.nih.gov/articles/PMC12820171/		fulltext/rechberger_2026_pmid41540212.xml	antibody_conjugate_shuttle;brainstem;convection_enhanced_delivery;dipg_dmg;radiation_combined	fulltext_xml
antibody_conjugate_shuttle	Rameh V, Ziaei A, Vajapeyam S, Chen N, London WB, Wright K, Poussaint TY.	Postradiation MR Imaging Features in Molecular and Mutational Analyses in Pontine Pediatric Diffuse Midline Gliomas	AJNR. American journal of neuroradiology	2025	40280708	10.3174/ajnr.a8817		https://doi.org/10.3174/ajnr.a8817			antibody_conjugate_shuttle;brainstem;dipg_dmg	metadata_only
antibody_conjugate_shuttle	Shimshek DR, Zurbruegg S, Neuhaus A, Schubart A, Gasparini F, Beckmann N.	Multiparametric MRI assessment of acute neuroinflammation in a murine model of peripheral LPS stimulation	BMC medical imaging	2025	41107827	10.1186/s12880-025-01962-0	PMC12535063	https://pmc.ncbi.nlm.nih.gov/articles/PMC12535063/		fulltext/shimshek_2025_pmid41107827.xml	antibody_conjugate_shuttle;brainstem	fulltext_xml
antibody_conjugate_shuttle		NIMG-29. EARLY REDUCTION IN MRI DIFFUSION APPARENT DIFFUSION COEFFICIENT (ADC) STRONGLY PREDICTS LONG TERM RESPONSE TO ONC201 THERAPY IN PATIENTS WITH H3K27M-DMG	Neuro-oncology	2024			PMC11554046	https://pmc.ncbi.nlm.nih.gov/articles/PMC11554046/			antibody_conjugate_shuttle;dipg_dmg;meeting_abstract	metadata_only
antibody_conjugate_shuttle	Uchida S, Serada S, Suzuki Y, Funajima E, Kitakami K, Dobashi K, Tamatani S, Sato Y, Beppu T, Ogasawara K, Naka T.	Glypican-1-targeted antibody-drug conjugate inhibits the growth of glypican-1-positive glioblastoma	Neoplasia (New York, N.Y.)	2024	38417223	10.1016/j.neo.2024.100982	PMC10915784	https://pmc.ncbi.nlm.nih.gov/articles/PMC10915784/		fulltext/uchida_2024_pmid38417223.xml	antibody_conjugate_shuttle;implant_depot_device;systemic_bbb_pharmacology	fulltext_xml
antibody_conjugate_shuttle	Kurokawa R, Kurokawa M, Baba A, Kim J, Srinivasan A, Moritani T.	Dynamic susceptibility contrast perfusion-weighted and diffusion-weighted magnetic resonance imaging findings in pilocytic astrocytoma and H3.3 and H3.1 variant diffuse midline glioma, H3K27-altered	PloS one	2023	37450487	10.1371/journal.pone.0288412	PMC10348548	https://pmc.ncbi.nlm.nih.gov/articles/PMC10348548/		fulltext/kurokawa_2023_pmid37450487.xml	antibody_conjugate_shuttle;dipg_dmg	fulltext_xml
antibody_conjugate_shuttle		DIPG-18. Evaluating drug distribution in children with diffuse intrinsic pontine glioma (DIPG) treated with convection-enhanced drug delivery	Neuro-oncology	2022			PMC9164939	https://pmc.ncbi.nlm.nih.gov/articles/PMC9164939/		fulltext/anon_2022_pmidPMC9164939.xml	antibody_conjugate_shuttle;brainstem;convection_enhanced_delivery;dipg_dmg;meeting_abstract	fulltext_xml
antibody_conjugate_shuttle	Leibetseder A, Leitner J, Mair MJ, Meckel S, Hainfellner JA, Aichholzer M, Widhalm G, Dieckmann K, Weis S, Furtner J, von Oertzen T, Preusser M, Pichler J, Berghoff AS.	Prognostic factors in adult brainstem glioma: a tertiary care center analysis and review of the literature	Journal of neurology	2022	34342680	10.1007/s00415-021-10725-0	PMC8857120	https://pmc.ncbi.nlm.nih.gov/articles/PMC8857120/		fulltext/leibetseder_2022_pmid34342680.xml	antibody_conjugate_shuttle;brainstem	fulltext_xml
antibody_conjugate_shuttle	Lian X, Kats D, Rasmussen S, Martin LR, Karki A, Keller C, Berlow NE.	Design considerations of an IL13Rα2 antibody-drug conjugate for diffuse intrinsic pontine glioma	Acta neuropathologica communications	2021	34001278	10.1186/s40478-021-01184-9	PMC8127302	https://pmc.ncbi.nlm.nih.gov/articles/PMC8127302/		fulltext/lian_2021_pmid34001278.xml	antibody_conjugate_shuttle;brainstem;dipg_dmg;radiation_combined	fulltext_xml
antibody_conjugate_shuttle	Szychot E, Youssef A, Ganeshan B, Endozo R, Hyare H, Gains J, Shankar A, Mankad K.	DIPG-37. PREDICTING OUTCOME IN CHILDHOOD DIFFUSE MIDLINE GLIOMAS USING MAGNETIC RESONANCE IMAGING BASED TEXTURE ANALYSIS	Neuro-oncology	2020			PMC7715360	https://pmc.ncbi.nlm.nih.gov/articles/PMC7715360/		fulltext/szychot_2020_pmidPMC7715360.xml	antibody_conjugate_shuttle;dipg_dmg;radiation_combined;meeting_abstract	fulltext_xml
systemic_bbb_pharmacology	Al Lawati AM, Al Suleimani MK, Al Rasbi IA, Al Hinai MA, Al Marbouai SB, Al Barhi HB, Al Lawati HM, Al Sideiri GS.	The role of dordaviprone in the multidisciplinary management of diffuse midline glioma	Surgical neurology international	2026	42232453	10.25259/sni_1430_2025	PMC13224274	https://pmc.ncbi.nlm.nih.gov/articles/PMC13224274/		fulltext/al_2026_pmid42232453.xml	dipg_dmg;radiation_combined;systemic_bbb_pharmacology	fulltext_xml
systemic_bbb_pharmacology	Bennett KR, Vanrobaeys YS, Teboh T, Smith Z, Scott A, Hajal C, Hammond PT, Straehla JP.	Engineered Microvascular Model of the Blood-Brain-Tumor Barrier Reveals Endothelial Remodeling in Diffuse Midline Glioma	Advanced healthcare materials	2026	42522141	10.1002/adhm.71474		https://doi.org/10.1002/adhm.71474			dipg_dmg;systemic_bbb_pharmacology	metadata_only
systemic_bbb_pharmacology	Blum CB, McMenamin M, Khoo T, Edwin JM, Jose P, O'Callaghan LA.	From anthelmintic to neuro-oncology: A systematic review of mebendazole repurposing for brain tumour therapy	British journal of clinical pharmacology	2026	42120351	10.1002/bcp.70565		https://doi.org/10.1002/bcp.70565			dipg_dmg;intranasal;radiation_combined;systemic_bbb_pharmacology	metadata_only
systemic_bbb_pharmacology	Carroué M, Happernegg E, Perrot F, Boucau MC, Dehouck L, Sevin E, Arcicasa M, Balsamelli J, Shimizu F, Kanda T, Carcaboso AM, Toillon RA, Culot M, Meignan S, Gosselet F, Mysiorek C.	Consequences of irradiation on blood-brain tumor barrier model of Diffuse Midline Glioma: characterization of physical and metabolic properties	Fluids and barriers of the CNS	2026	41736134	10.1186/s12987-026-00778-6	PMC12961863	https://pmc.ncbi.nlm.nih.gov/articles/PMC12961863/		fulltext/carrou_2026_pmid41736134.xml	brainstem;dipg_dmg;radiation_combined;systemic_bbb_pharmacology	fulltext_xml
systemic_bbb_pharmacology	Hu Y, Liu L, Zheng W, Liu B, Ding S, Shi S, Wu Y, Cao Y, Liu J, Zhou X, Huang X.	Listeria monocytogenes invasion in goat brain tissues: mechanisms of blood-brain barrier disruption and regulation of apoptosis and autophagy	Frontiers in microbiology	2026	41847201	10.3389/fmicb.2026.1748896	PMC12990321	https://pmc.ncbi.nlm.nih.gov/articles/PMC12990321/		fulltext/hu_2026_pmid41847201.xml	brainstem;systemic_bbb_pharmacology	fulltext_xml
systemic_bbb_pharmacology	Mirloo S, Kamintsky L, Cort S, Muradov J, Mansoor S, Alhadeed L, Ahmad AA, Shafiq B, Talebanpour A, -Ashkenazy RS, Serlin Y, Friedman A.	Comparative Analysis of Regional Blood-Brain Barrier Permeability in Humans and Rodents: An Evolutionary Perspective		2026		10.21203/rs.3.rs-9869051/v1		https://doi.org/10.21203/rs.3.rs-9869051/v1			brainstem;systemic_bbb_pharmacology	metadata_only
systemic_bbb_pharmacology	Obika S, Blesa J.	Antisense Oligonucleotides in Parkinson's Disease: Challenges, Opportunities, and the Promise of Low-Intensity Focused Ultrasound for Brain Delivery	Journal of neurochemistry	2026	42003475	10.1111/jnc.70445		https://doi.org/10.1111/jnc.70445			focused_ultrasound;intrathecal_csf;systemic_bbb_pharmacology;related_disease	metadata_only
systemic_bbb_pharmacology	Thomas P, Nguyen V, Weaver R, Hansen K, Sacharidou A, Banks WA, Mineo C, Shaul PW, Rhea EM.	Role of the endothelial cell apolipoprotein E receptor 2 in modulating the effects of apoE3 and apoE4 on insulin blood-brain barrier transport	PloS one	2026	41706741	10.1371/journal.pone.0343155	PMC12915945	https://pmc.ncbi.nlm.nih.gov/articles/PMC12915945/		fulltext/thomas_2026_pmid41706741.xml	brainstem;systemic_bbb_pharmacology	fulltext_xml
systemic_bbb_pharmacology	Blanchette M, Bajc K, Gastfriend BD, Profaci CP, Ruderisch N, Dorrier CE, Zhong G, Cuevas-Diaz Duran R, Harvey SS, Garcia-Pak IH, Pintarić L, Leclerc M, Reveret L, Émond V, Wang A, Pant D, Tsai LT, Calon F, Isoherranen N, Palecek SP, Shusta EV, Wu J, Daneman R.	Regional heterogeneity of the blood-brain barrier	Nature communications	2025	40781224	10.1038/s41467-025-61841-8	PMC12334574	https://pmc.ncbi.nlm.nih.gov/articles/PMC12334574/		fulltext/blanchette_2025_pmid40781224.xml	brainstem;systemic_bbb_pharmacology	fulltext_xml
systemic_bbb_pharmacology	Duchatel RJ, Savary C, Germon ZP, Riley M, Ziegler DS, Mueller S, Jackson ER, Dun MD.	Beyond base camp: PI3K/mTOR inhibition for the treatment of pediatric high-grade gliomas	Neuro-oncology	2025	41626633	10.1093/neuonc/noaf163	PMC12908491	https://pmc.ncbi.nlm.nih.gov/articles/PMC12908491/		fulltext/duchatel_2025_pmid41626633.xml	dipg_dmg;pediatric_hgg;systemic_bbb_pharmacology	fulltext_xml
systemic_bbb_pharmacology	Gao Q, Song D, Xu D, Chai X, Ge M.	Characteristics of the blood-brain barrier in pediatric brain tumors	Frontiers in pediatrics	2025	40948505	10.3389/fped.2025.1646641	PMC12428483	https://pmc.ncbi.nlm.nih.gov/articles/PMC12428483/		fulltext/gao_2025_pmid40948505.xml	dipg_dmg;focused_ultrasound;systemic_bbb_pharmacology	fulltext_xml
systemic_bbb_pharmacology	Gentile S, Toma F, Lucchetti D, Lisi L, Navarra P, Sgambato A, Servidei T, Ruggiero A.	The therapeutic potential of repurposed mebendazole, alone and in synergistic combination with ONC201, in the treatment of diffuse midline glioma	American journal of cancer research	2025	40667566	10.62347/mxzh5646	PMC12256405	https://pmc.ncbi.nlm.nih.gov/articles/PMC12256405/			dipg_dmg;radiation_combined;systemic_bbb_pharmacology	metadata_only
systemic_bbb_pharmacology	Kohro Y, Brown CE, Trang T.	Repeated naloxone-induced morphine withdrawal alters blood brain barrier and blood spinal cord barrier integrity in mice	Molecular brain	2025	40624697	10.1186/s13041-025-01231-9	PMC12235864	https://pmc.ncbi.nlm.nih.gov/articles/PMC12235864/		fulltext/kohro_2025_pmid40624697.xml	brainstem;systemic_bbb_pharmacology	fulltext_xml
systemic_bbb_pharmacology	Rechberger JS, Price AL, Zhang L, Gupta N, Daniels DJ.	Tumor-specific biology, diagnosis, and therapy	Advances in cancer research	2025	41198343	10.1016/bs.acr.2025.09.002		https://doi.org/10.1016/bs.acr.2025.09.002			dipg_dmg;pediatric_hgg;radiation_combined;systemic_bbb_pharmacology	metadata_only
systemic_bbb_pharmacology	Shenoy B, Mandani M, Chintamaneni M, Manohar SM.	Combination of the First-in-Class Imipridone ONC201 and Standard Anticancer Therapies as a Rational Approach for Therapeutic Benefit	Current issues in molecular biology	2025	41020897	10.3390/cimb47090775	PMC12468701	https://pmc.ncbi.nlm.nih.gov/articles/PMC12468701/		fulltext/shenoy_2025_pmid41020897.xml	dipg_dmg;systemic_bbb_pharmacology	fulltext_xml
systemic_bbb_pharmacology	Tomita Y, Link G, Ge Y, Gold ERH, Racanelli A, Cardona HJ, Romero M, Gadd S, Watanabe J, Uchida E, Hashizume R, Takata N, Pinero G, Hambardzumyan D, Spasojevic I, Hu G, Hennika T, Brat DJ, Green AL, Becher OJ.	Effects of combination therapy of a CDK4/6 and MEK inhibitor in diffuse midline glioma preclinical models	PloS one	2025	41428766	10.1371/journal.pone.0323235	PMC12721541	https://pmc.ncbi.nlm.nih.gov/articles/PMC12721541/		fulltext/tomita_2025_pmid41428766.xml	dipg_dmg;systemic_bbb_pharmacology	fulltext_xml
systemic_bbb_pharmacology	Upton DH, Liu J, George SM, Valvi S, Ung C, Rayner BS, Gopalakrishnan A, Pandher R, Khan A, Venkat P, Mayoh C, Holliday H, Yeung N, Nguyen H, Franshaw L, Ehteda A, Shen H, Farruggia G, Orienti I, Reynolds CP, Tsoli M, Ziegler DS.	High-throughput in vitro drug screening and in vivo studies identify fenretinide as a brain-penetrant DMG therapeutic	Neuro-oncology	2025	39935375	10.1093/neuonc/noaf035	PMC12417829	https://pmc.ncbi.nlm.nih.gov/articles/PMC12417829/		fulltext/upton_2025_pmid39935375.xml	brainstem;dipg_dmg;systemic_bbb_pharmacology	fulltext_xml
systemic_bbb_pharmacology		TRLS-03. A PHASE 1/2 STUDY ASSESSING SAFETY AND PHARMACOKINETICS OF CEMIPLIMAB IN PEDIATRIC PATIENTS WITH RELAPSED OR REFRACTORY SOLID OR CENTRAL-NERVOUS-SYSTEM TUMORS AND SAFETY AND EFFICACY OF CEMIPLIMAB IN COMBINATION WITH RADIOTHERAPY IN PATIENTS WITH NEWLY DIAGNOSED DIFFUSE INTRINSIC PONTINE GLIOMA, NEWLY DIAGNOSED HIGH-GRADE GLIOMA, OR RECURRENT HIGH-GRADE GLIOMA	Neuro-oncology	2024			PMC11182954	https://pmc.ncbi.nlm.nih.gov/articles/PMC11182954/		fulltext/anon_2024_pmidPMC11182954.xml	brainstem;dipg_dmg;radiation_combined;systemic_bbb_pharmacology;meeting_abstract	fulltext_xml
systemic_bbb_pharmacology		DIPG-43. CHARACTERIZATION OF THE BLOOD BRAIN BARRIER IN DIPG MURINE MODELS AND EFFECT OF ULTRASOUND ON ITS SPECIFICITIES AND PERMEABILITY TO ASIDNA™	Neuro-oncology	2024			PMC11183412	https://pmc.ncbi.nlm.nih.gov/articles/PMC11183412/		fulltext/anon_2024_pmidPMC11183412.xml	dipg_dmg;systemic_bbb_pharmacology;meeting_abstract	fulltext_xml
systemic_bbb_pharmacology		DIPG-65. NOVEL PATIENT-BASED PHARMACOKINETIC DRUG SCREENING REVEALS GEMCITABINE POTENTIAL IN PEDIATRIC H3K27-ALTERED DIFFUSE MIDLINE GLIOMAS	Neuro-oncology	2024			PMC11182977	https://pmc.ncbi.nlm.nih.gov/articles/PMC11182977/		fulltext/anon_2024_pmidPMC11182977.xml	dipg_dmg;systemic_bbb_pharmacology;meeting_abstract	fulltext_xml
systemic_bbb_pharmacology		DIPG-35. OVERCOMING THE BLOOD-BRAIN BARRIER CHALLENGE IN DIFFUSE MIDLINE GLIOMA	Neuro-oncology	2024			PMC11183606	https://pmc.ncbi.nlm.nih.gov/articles/PMC11183606/		fulltext/anon_2024_pmidPMC11183606.xml	dipg_dmg;systemic_bbb_pharmacology;meeting_abstract	fulltext_xml
systemic_bbb_pharmacology		TRLS-07. PNOC016: INTRATUMORAL PHARMACOKINETICS AND PHARMACODYNAMIC (PK/PD) RESULTS FROM A TARGET VALIDATION STUDY OF A NOVEL PAN-HDAC AND PI3K INHIBITOR, FIMEPINOSTAT, IN CHILDREN AND YOUNG ADULTS WITH NEWLY DIAGNOSED DIFFUSE INTRINSIC PONTINE GLIOMA (DIPG), RECURRENT MEDULLOBLASTOMA (MB), AND RECURRENT HIGH-GRADE GLIOMA (HGG)	Neuro-oncology	2024			PMC11183652	https://pmc.ncbi.nlm.nih.gov/articles/PMC11183652/		fulltext/anon_2024_pmidPMC11183652.xml	brainstem;dipg_dmg;systemic_bbb_pharmacology;meeting_abstract	fulltext_xml
systemic_bbb_pharmacology	Chen Y, Khan A, Katsinas C, Michniewicz F, Goldberg J, Franshaw L, Tsoli M, Ziegler DS.	Preclinical evaluation of protein synthesis inhibitor omacetaxine in pediatric brainstem gliomas	Neuro-oncology advances	2024	38550394	10.1093/noajnl/vdae029	PMC10976909	https://pmc.ncbi.nlm.nih.gov/articles/PMC10976909/		fulltext/chen_2024_pmid38550394.xml	brainstem;dipg_dmg;systemic_bbb_pharmacology	fulltext_xml
systemic_bbb_pharmacology	Duchatel RJ, Jackson ER, Parackal SG, Kiltschewskij D, Findlay IJ, Mannan A, Staudt DE, Thomas BC, Germon ZP, Laternser S, Kearney PS, Jamaluddin MFB, Douglas AM, Beitaki T, McEwen HP, Persson ML, Hocke EA, Jain V, Aksu M, Manning EE, Murray HC, Verrills NM, Sun CX, Daniel P, Vilain RE, Skerrett-Byrne DA, Nixon B, Hua S, de Bock CE, Colino-Sanguino Y, Valdes-Mora F, Tsoli M, Ziegler DS, Cairns MJ, Raabe EH, Vitanza NA, Hulleman E, Phoenix TN, Koschmann C, Alvaro F, Dayas CV, Tinkle CL, Wheeler H, Whittle JR, Eisenstat DD, Firestein R, Mueller S, Valvi S, Hansford JR, Ashley DM, Gregory SG, Kilburn LB, Nazarian J, Cain JE, Dun MD.	PI3K/mTOR is a therapeutically targetable genetic dependency in diffuse intrinsic pontine glioma	The Journal of clinical investigation	2024	38319732	10.1172/jci170329	PMC10940093	https://pmc.ncbi.nlm.nih.gov/articles/PMC10940093/		fulltext/duchatel_2024_pmid38319732.xml	brainstem;dipg_dmg;radiation_combined;systemic_bbb_pharmacology	fulltext_xml
systemic_bbb_pharmacology	Nonnenbroich LF, Bouchal SM, Millesi E, Rechberger JS, Khatua S, Daniels DJ.	H3K27-Altered Diffuse Midline Glioma of the Brainstem: From Molecular Mechanisms to Targeted Interventions	Cells	2024	38994974	10.3390/cells13131122	PMC11240752	https://pmc.ncbi.nlm.nih.gov/articles/PMC11240752/		fulltext/nonnenbroich_2024_pmid38994974.xml	brainstem;dipg_dmg;pediatric_hgg;systemic_bbb_pharmacology	fulltext_xml
systemic_bbb_pharmacology	Odia Y, Koschmann C, Vitanza NA, de Blank P, Aguilera D, Allen J, Daghistani D, Hall M, Khatib Z, Kline C, MacDonald T, Mueller S, Faison SL, Allen JE, Naderer OJ, Ramage SC, Tarapore RS, McGovern SL, Khatua S, Zaky W, Gardner SL.	Safety and pharmacokinetics of ONC201 (dordaviprone) administered two consecutive days per week in pediatric patients with H3 K27M-mutant glioma	Neuro-oncology	2024	38400780	10.1093/neuonc/noae001	PMC11066921	https://pmc.ncbi.nlm.nih.gov/articles/PMC11066921/		fulltext/odia_2024_pmid38400780.xml	dipg_dmg;systemic_bbb_pharmacology	fulltext_xml
systemic_bbb_pharmacology		DDEL-07. BARRIER TO PROGRESS: DIFFUSE INTRINSIC PONTINE GLIOMA (DIPG) INDUCES A TIGHTENED BLOOD-BRAIN BARRIER PHENOTYPE	Neuro-oncology	2023			PMC10639760	https://pmc.ncbi.nlm.nih.gov/articles/PMC10639760/			brainstem;dipg_dmg;systemic_bbb_pharmacology;meeting_abstract	metadata_only
systemic_bbb_pharmacology		DIPG-46. TARGETING THE METABOLIC ERK5-PFKFB3 AXIS IN PEDIATRIC DIFFUSE MIDLINE GLIOMA	Neuro-oncology	2023			PMC10260195	https://pmc.ncbi.nlm.nih.gov/articles/PMC10260195/		fulltext/anon_2023_pmidPMC10260195.xml	dipg_dmg;systemic_bbb_pharmacology;meeting_abstract	fulltext_xml
systemic_bbb_pharmacology		DIPG-53. LSD1 DEGRADATION SYNERGIZES WITH HDAC INHIBITION IN PEDIATRIC H3K27M DIFFUSE MIDLINE GLIOMA	Neuro-oncology	2023			PMC10260181	https://pmc.ncbi.nlm.nih.gov/articles/PMC10260181/		fulltext/anon_2023_pmidPMC10260181.xml	dipg_dmg;systemic_bbb_pharmacology;meeting_abstract	fulltext_xml
systemic_bbb_pharmacology		DIPG-54. UPDATED FINDINGS FROM THE PHASE IB STUDY OF UNESBULIN (PTC596) IN CHILDREN WITH NEWLY-DIAGNOSED DIFFUSE INTRINSIC PONTINE GLIOMA (DIPG) AND HIGH-GRADE GLIOMA (HGG): A REPORT FROM THE COLLABORATIVE NETWORK FOR NEURO-ONCOLOGY CLINICAL TRIALS (CONNECT)	Neuro-oncology	2023			PMC10259955	https://pmc.ncbi.nlm.nih.gov/articles/PMC10259955/		fulltext/anon_2023_pmidPMC10259955.xml	brainstem;dipg_dmg;radiation_combined;systemic_bbb_pharmacology;meeting_abstract	fulltext_xml
systemic_bbb_pharmacology		SONIC HEDGEHOG (SHH) PROMOTES BLOOD-BRAIN BARRIER (BBB) INTEGRITY IN DIFFUSE MIDLINE GLIOMA OF THE PONS	Neuro-oncology advances	2023			PMC10337551	https://pmc.ncbi.nlm.nih.gov/articles/PMC10337551/		fulltext/anon_2023_pmidPMC10337551.xml	brainstem;dipg_dmg;systemic_bbb_pharmacology	fulltext_xml
systemic_bbb_pharmacology	Jackson ER, Duchatel RJ, Staudt DE, Persson ML, Mannan A, Yadavilli S, Parackal S, Game S, Chong WC, Jayasekara WSN, Le Grand M, Kearney PS, Douglas AM, Findlay IJ, Germon ZP, McEwen HP, Beitaki TS, Patabendige A, Skerrett-Byrne DA, Nixon B, Smith ND, Day B, Manoharan N, Nagabushan S, Hansford JR, Govender D, McCowage GB, Firestein R, Howlett M, Endersby R, Gottardo NG, Alvaro F, Waszak SM, Larsen MR, Colino-Sanguino Y, Valdés-Mora F, Rakotomalala A, Meignan S, Pasquier E, Andre N, Hulleman E, Eisenstat DD, Vitanza NA, Nazarian J, Koschmann C, Mueller S, Cain JE, Dun MD.	ONC201 in combination with paxalisib for the treatment of H3K27-altered diffuse midline glioma	Cancer research	2023	37145169	10.1158/0008-5472.can-23-0186	PMC10345962	https://pmc.ncbi.nlm.nih.gov/articles/PMC10345962/		fulltext/jackson_2023_pmid37145169.xml	brainstem;dipg_dmg;radiation_combined;systemic_bbb_pharmacology	fulltext_xml
systemic_bbb_pharmacology	Jovanovich N, Habib A, Head J, Hameed F, Agnihotri S, Zinn PO.	Pediatric diffuse midline glioma: Understanding the mechanisms and assessing the next generation of personalized therapeutics	Neuro-oncology advances	2023	37152806	10.1093/noajnl/vdad040	PMC10162114	https://pmc.ncbi.nlm.nih.gov/articles/PMC10162114/		fulltext/jovanovich_2023_pmid37152806.xml	brainstem;dipg_dmg;systemic_bbb_pharmacology	fulltext_xml
systemic_bbb_pharmacology	Monje M, Cooney T, Glod J, Huang J, Peer CJ, Faury D, Baxter P, Kramer K, Lenzen A, Robison NJ, Kilburn L, Vinitsky A, Figg WD, Figg WD, Jabado N, Fouladi M, Fangusaro J, Onar-Thomas A, Dunkel IJ, Warren KE.	Phase I trial of panobinostat in children with diffuse intrinsic pontine glioma: A report from the Pediatric Brain Tumor Consortium (PBTC-047)	Neuro-oncology	2023	37526549	10.1093/neuonc/noad141	PMC10708931	https://pmc.ncbi.nlm.nih.gov/articles/PMC10708931/			brainstem;dipg_dmg;systemic_bbb_pharmacology	metadata_only
systemic_bbb_pharmacology	Noon A, Galban S.	Therapeutic avenues for targeting treatment challenges of diffuse midline gliomas	Neoplasia (New York, N.Y.)	2023	37030112	10.1016/j.neo.2023.100899	PMC10119952	https://pmc.ncbi.nlm.nih.gov/articles/PMC10119952/			brainstem;dipg_dmg;systemic_bbb_pharmacology	metadata_only
systemic_bbb_pharmacology	Zhang W, Oh JH, Zhang W, Rathi S, Larson JD, Wechsler-Reya RJ, Sirianni RW, Elmquist WF.	Central Nervous System Distribution of Panobinostat in Preclinical Models to Guide Dosing for Pediatric Brain Tumors	The Journal of pharmacology and experimental therapeutics	2023	37827699	10.1124/jpet.123.001826	PMC10658912	https://pmc.ncbi.nlm.nih.gov/articles/PMC10658912/			dipg_dmg;systemic_bbb_pharmacology	metadata_only
systemic_bbb_pharmacology		DDEL-04. Pharmacokinetic/Pharmacodynamic analysis of the DNA methyltransferase inhibitor 5-azacytidine shows adequate brain tissue penetration with intravenous administration in a DIPG mouse patient-derived xenograft model	Neuro-oncology	2022			PMC9164756	https://pmc.ncbi.nlm.nih.gov/articles/PMC9164756/		fulltext/anon_2022_pmidPMC9164756.xml	brainstem;dipg_dmg;intrathecal_csf;systemic_bbb_pharmacology;meeting_abstract	fulltext_xml
systemic_bbb_pharmacology		DIPG-09. Diffuse Midline Glioma-Adaptive Combinatory Trial (DMG-ACT): A biology-driven platform trial in pediatric and young adult patients with diffuse midline glioma	Neuro-oncology	2022			PMC9164735	https://pmc.ncbi.nlm.nih.gov/articles/PMC9164735/		fulltext/anon_2022_pmidPMC9164735.xml	dipg_dmg;radiation_combined;systemic_bbb_pharmacology;meeting_abstract	fulltext_xml
systemic_bbb_pharmacology		DIPG-10. A Phase I trial of panobinostat following radiation therapy in children with diffuse intrinsic pontine glioma (DIPG) or H3K27M-mutated thalamic diffuse midline glioma (DMG): Report from the Pediatric Brain Tumor Consortium (PBTC-047)	Neuro-oncology	2022			PMC9164905	https://pmc.ncbi.nlm.nih.gov/articles/PMC9164905/		fulltext/anon_2022_pmidPMC9164905.xml	brainstem;dipg_dmg;systemic_bbb_pharmacology;meeting_abstract	fulltext_xml
systemic_bbb_pharmacology		DIPG-49. International preclinical drug discovery and biomarker program informing an adoptive combinatorial trial for DMG	Neuro-oncology	2022			PMC9165348	https://pmc.ncbi.nlm.nih.gov/articles/PMC9165348/		fulltext/anon_2022_pmidPMC9165348.xml	dipg_dmg;systemic_bbb_pharmacology;meeting_abstract	fulltext_xml
systemic_bbb_pharmacology	Di Ruscio V, Del Baldo G, Fabozzi F, Vinci M, Cacchione A, de Billy E, Megaro G, Carai A, Mastronuzzi A.	Pediatric Diffuse Midline Gliomas: An Unfinished Puzzle	Diagnostics (Basel, Switzerland)	2022	36140466	10.3390/diagnostics12092064	PMC9497626	https://pmc.ncbi.nlm.nih.gov/articles/PMC9497626/		fulltext/di_2022_pmid36140466.xml	dipg_dmg;radiation_combined;systemic_bbb_pharmacology	fulltext_xml
systemic_bbb_pharmacology	Pachocki CJ, Hol EM.	Current perspectives on diffuse midline glioma and a different role for the immune microenvironment compared to glioblastoma	Journal of neuroinflammation	2022	36403059	10.1186/s12974-022-02630-8	PMC9675250	https://pmc.ncbi.nlm.nih.gov/articles/PMC9675250/		fulltext/pachocki_2022_pmid36403059.xml	brainstem;dipg_dmg;pediatric_hgg;systemic_bbb_pharmacology	fulltext_xml
systemic_bbb_pharmacology	Duchatel RJ, Mannan A, Woldu AS, Hawtrey T, Hindley PA, Douglas AM, Jackson ER, Findlay IJ, Germon ZP, Staudt D, Kearney PS, Smith ND, Hindley KE, Cain JE, André N, La Madrid AM, Nixon B, De Iuliis GN, Nazarian J, Irish K, Alvaro F, Eisenstat DD, Beck A, Vitanza NA, Mueller S, Morris JC, Dun MD.	Preclinical and clinical evaluation of German-sourced ONC201 for the treatment of H3K27M-mutant diffuse intrinsic pontine glioma	Neuro-oncology advances	2021	34988452	10.1093/noajnl/vdab169	PMC8709907	https://pmc.ncbi.nlm.nih.gov/articles/PMC8709907/		fulltext/duchatel_2021_pmid34988452.xml	brainstem;dipg_dmg;radiation_combined;systemic_bbb_pharmacology	fulltext_xml
systemic_bbb_pharmacology	El-Khouly FE, Haumann R, Breur M, Veldhuijzen van Zanten SEM, Kaspers GJL, Hendrikse NH, Hulleman E, van Vuurden DG, Bugiani M.	The neurovascular unit in diffuse intrinsic pontine gliomas	Free neuropathology	2021	37284626	10.17879/freeneuropathology-2021-3341	PMC10227752	https://pmc.ncbi.nlm.nih.gov/articles/PMC10227752/			brainstem;dipg_dmg;systemic_bbb_pharmacology	metadata_only
systemic_bbb_pharmacology	Ung C, Tsoli M, Liu J, Cassano D, Pocoví-Martínez S, Upton DH, Ehteda A, Mansfeld FM, Failes TW, Farfalla A, Katsinas C, Kavallaris M, Arndt GM, Vittorio O, Cirillo G, Voliani V, Ziegler DS.	Doxorubicin-Loaded Gold Nanoarchitectures as a Therapeutic Strategy against Diffuse Intrinsic Pontine Glioma	Cancers	2021	33805713	10.3390/cancers13061278	PMC7999568	https://pmc.ncbi.nlm.nih.gov/articles/PMC7999568/		fulltext/ung_2021_pmid33805713.xml	brainstem;dipg_dmg;systemic_bbb_pharmacology	fulltext_xml
systemic_bbb_pharmacology	Warren K, McCully C, Garcia R, Stopka S, Regan M, Aye T, Zimmerman S, Peer C, Kramer J, Breed M, Figg W, Agar N.	EPCT-09. CNS LEVELS OF PANOBINOSTAT IN A NON-HUMAN PRIMATE MODEL: COMPARISON OF BLOOD AND CEREBROSPINAL FLUID PHARMACOKINETIC METHODS AND MALDI MSI	Neuro-oncology	2021			PMC8168181	https://pmc.ncbi.nlm.nih.gov/articles/PMC8168181/		fulltext/warren_2021_pmidPMC8168181.xml	brainstem;dipg_dmg;systemic_bbb_pharmacology;meeting_abstract	fulltext_xml
systemic_bbb_pharmacology	Wei X, Meel MH, Breur M, Bugiani M, Hulleman E, Phoenix TN.	Defining tumor-associated vascular heterogeneity in pediatric high-grade and diffuse midline gliomas	Acta neuropathologica communications	2021	34425907	10.1186/s40478-021-01243-1	PMC8381557	https://pmc.ncbi.nlm.nih.gov/articles/PMC8381557/		fulltext/wei_2021_pmid34425907.xml	dipg_dmg;pediatric_hgg;systemic_bbb_pharmacology	fulltext_xml
systemic_bbb_pharmacology	Wei X, Phoenix T.	HGG-22. EVALUATING THE REGULATION OF BLOOD-BRAIN BARRIER INTEGRITY IN DIPG MOUSE MODELS	Neuro-oncology	2021			PMC8263204	https://pmc.ncbi.nlm.nih.gov/articles/PMC8263204/		fulltext/wei_2021_pmidPMC8263204.xml	brainstem;dipg_dmg;systemic_bbb_pharmacology;meeting_abstract	fulltext_xml
systemic_bbb_pharmacology	Chaves C, Declèves X, Taghi M, Menet MC, Lacombe J, Varlet P, Olaciregui NG, Carcaboso AM, Cisternino S.	Characterization of the Blood-Brain Barrier Integrity and the Brain Transport of SN-38 in an Orthotopic Xenograft Rat Model of Diffuse Intrinsic Pontine Glioma	Pharmaceutics	2020	32349240	10.3390/pharmaceutics12050399	PMC7284501	https://pmc.ncbi.nlm.nih.gov/articles/PMC7284501/		fulltext/chaves_2020_pmid32349240.xml	brainstem;dipg_dmg;systemic_bbb_pharmacology	fulltext_xml
systemic_bbb_pharmacology	Duchatel R, Mannan A, Jackson E, Staudt D, Skerrett-Byrne D, Jamaluddin M, Woldu A, Douglas A, Hulleman E, Carcaboso A, Monje M, Alvaro F, Tsoli M, Ziegler D, Dun M.	DIPG-29. PHOSPHATIDYLINOSITOL-4,5-BISPHOSPHATE 3-KINASE (PI3K) INHIBITION DRIVES PROTEIN KINASE C ACTIVATION (PKC) IN DIFFUSE INTRINSIC PONTINE GLIOMA (DIPG)	Neuro-oncology	2020			PMC7715471	https://pmc.ncbi.nlm.nih.gov/articles/PMC7715471/		fulltext/duchatel_2020_pmidPMC7715471.xml	brainstem;dipg_dmg;systemic_bbb_pharmacology;meeting_abstract	fulltext_xml
systemic_bbb_pharmacology	Haumann R, El-Khouly F, Breur M, van Zanten S, Kaspers G, Hendrikse H, Hulleman E, van Vuurden D, Bugiani M.	PATH-04. THE BLOOD-BRAIN BARRIER IN DIFFUSE MIDLINE GLIOMA AND ITS IMPLICATIONS FOR DRUG DELIVERY	Neuro-oncology	2020			PMC7651628	https://pmc.ncbi.nlm.nih.gov/articles/PMC7651628/			brainstem;convection_enhanced_delivery;dipg_dmg;focused_ultrasound;systemic_bbb_pharmacology;meeting_abstract	metadata_only
systemic_bbb_pharmacology	Haumann R, Videira JC, Kaspers GJL, van Vuurden DG, Hulleman E.	Overview of Current Drug Delivery Methods Across the Blood-Brain Barrier for the Treatment of Primary Brain Tumors	CNS drugs	2020	32965590	10.1007/s40263-020-00766-w	PMC7658069	https://pmc.ncbi.nlm.nih.gov/articles/PMC7658069/		fulltext/haumann_2020_pmid32965590.xml	convection_enhanced_delivery;dipg_dmg;focused_ultrasound;intra_arterial;intranasal;nanoparticle;radiation_combined;systemic_bbb_pharmacology	fulltext_xml
systemic_bbb_pharmacology	Jackson E, Duchatel R, Mannan A, Hulleman E, Carcaboso A, Monje M, McCowage G, Alvaro F, Dun M.	DIPG-32. AKT SIGNALING DRIVES RESISTANCE TO ONC201 IN DIFFUSE INTRINSIC PONTINE GLIOMA (DIPG)	Neuro-oncology	2020			PMC7715600	https://pmc.ncbi.nlm.nih.gov/articles/PMC7715600/		fulltext/jackson_2020_pmidPMC7715600.xml	brainstem;dipg_dmg;systemic_bbb_pharmacology;meeting_abstract	fulltext_xml
systemic_bbb_pharmacology	Smiley N, Baxter P, Kumar S, Hwang E, Breneman J, Lane A, Doughman R, Deutsch M, Stevenson C, Stewart C, Leach J, Li X, Romero S, Maliakal P, Gao L, Fouladi M, Drissi R.	EPCT-16. A PHASE IB STUDY OF PTC596 IN CHILDREN WITH NEWLY DIAGNOSED DIFFUSE INTRINSIC PONTINE GLIOMA AND HIGH GRADE GLIOMA	Neuro-oncology	2020			PMC7715251	https://pmc.ncbi.nlm.nih.gov/articles/PMC7715251/		fulltext/smiley_2020_pmidPMC7715251.xml	brainstem;dipg_dmg;radiation_combined;systemic_bbb_pharmacology;meeting_abstract	fulltext_xml
systemic_bbb_pharmacology	Tinkle C, Huang J, Campagne O, Pan H, Onar-Thomas A, Chiang J, Klimo P, Boop R, Patay Z, Shulkin B, Lucas J, Merchant T, Upadhyaya S, Robinson G, Vinitsky A, Stewart C, Gajjar A.	CTNI-27. FIRST-IN-PEDIATRICS PHASE I STUDY OF GDC-0084 (PAXALISIB), A CNS-PENETRANT PI3K/mTOR INHIBITOR, IN NEWLY DIAGNOSED DIFFUSE INTRINSIC PONTINE GLIOMA (DIPG) OR OTHER DIFFUSE MIDLINE GLIOMA (DMG)	Neuro-oncology	2020			PMC7650438	https://pmc.ncbi.nlm.nih.gov/articles/PMC7650438/			brainstem;dipg_dmg;systemic_bbb_pharmacology;meeting_abstract	metadata_only
systemic_bbb_pharmacology	Vitanza N, Biery M, Myers C, Ferguson E, Park G, Noll A, Pakiam F, Girard E, Morris S, Cole B, Brusniak M, Mhyre A, Olson J.	DIPG-10. OPTIMAL HDAC INHIBITION IN DIFFUSE INTRINSIC PONTINE GLIOMA	Neuro-oncology	2020			PMC7715293	https://pmc.ncbi.nlm.nih.gov/articles/PMC7715293/		fulltext/vitanza_2020_pmidPMC7715293.xml	brainstem;dipg_dmg;systemic_bbb_pharmacology;meeting_abstract	fulltext_xml
systemic_bbb_pharmacology	Karakatsani ME, Blesa J, Konofagou EE.	Blood-brain barrier opening with focused ultrasound in experimental models of Parkinson's disease	Movement disorders : official journal of the Movement Disorder Society	2019	31361356	10.1002/mds.27804	PMC7213581	https://pmc.ncbi.nlm.nih.gov/articles/PMC7213581/			focused_ultrasound;systemic_bbb_pharmacology;related_disease	metadata_only
systemic_bbb_pharmacology	Clymer J, Kieran MW.	The Integration of Biology Into the Treatment of Diffuse Intrinsic Pontine Glioma: A Review of the North American Clinical Trial Perspective	Frontiers in oncology	2018	29868485	10.3389/fonc.2018.00169	PMC5968382	https://pmc.ncbi.nlm.nih.gov/articles/PMC5968382/		fulltext/clymer_2018_pmid29868485.xml	brainstem;dipg_dmg;systemic_bbb_pharmacology	fulltext_xml
systemic_bbb_pharmacology	Steino A, Bacha J, Brown D, Mueller S.	DIPG-56. PRECLINICAL STUDIES OF DIANHYDROGALACTITOL (VAL-083) IN DIPG, AS SINGLE AGENT OR AS A COMBINATION WITH RADIATION OR AZD1775	Neuro-oncology	2018			PMC6012081	https://pmc.ncbi.nlm.nih.gov/articles/PMC6012081/			brainstem;dipg_dmg;systemic_bbb_pharmacology;meeting_abstract	metadata_only
systemic_bbb_pharmacology	Suarez F, Stafford J, Tarapore R, Oster W, Allen J, Chi A, Gardner S.	DIPG-54. TREATMENT OF A PEDIATRIC PATIENT WITH AN H3.3 K27M MUTANT DIPG WITH ONC201, A SELECTIVE DRD2 ANTAGONIST	Neuro-oncology	2018			PMC6012976	https://pmc.ncbi.nlm.nih.gov/articles/PMC6012976/			brainstem;dipg_dmg;radiation_combined;systemic_bbb_pharmacology;meeting_abstract	metadata_only
systemic_bbb_pharmacology	Warren KE.	Beyond the Blood:Brain Barrier: The Importance of Central Nervous System (CNS) Pharmacokinetics for the Treatment of CNS Tumors, Including Diffuse Intrinsic Pontine Glioma	Frontiers in oncology	2018	30018882	10.3389/fonc.2018.00239	PMC6037693	https://pmc.ncbi.nlm.nih.gov/articles/PMC6037693/		fulltext/warren_2018_pmid30018882.xml	brainstem;dipg_dmg;systemic_bbb_pharmacology	fulltext_xml
systemic_bbb_pharmacology	Meel M, Guillén-Navarro M, de Gooijer M, Waranecki P, Buijl L, van Tellingen O, van Vuurden D, Kaspers G, Hulleman E.	DIPG-15. EFFECTIVE PRECLINICAL TREATMENT OF DIFFUSE INTRINSIC PONTINE GLIOMA BY MELK INHIBITION	Neuro-oncology	2017			PMC5474996	https://pmc.ncbi.nlm.nih.gov/articles/PMC5474996/			brainstem;dipg_dmg;systemic_bbb_pharmacology;meeting_abstract	metadata_only
systemic_bbb_pharmacology		HG-96FUNCTIONAL INTEGRITY OF THE BLOOD-BRAIN BARRIER IN H3.3K27M DIPG XENOGRAFTS	Neuro-oncology	2016			PMC4903469	https://pmc.ncbi.nlm.nih.gov/articles/PMC4903469/			dipg_dmg;systemic_bbb_pharmacology	metadata_only
systemic_bbb_pharmacology	Mittapalli RK, Chung AH, Parrish KE, Crabtree D, Halvorson KG, Hu G, Elmquist WF, Becher OJ.	ABCG2 and ABCB1 Limit the Efficacy of Dasatinib in a PDGF-B-Driven Brainstem Glioma Model	Molecular cancer therapeutics	2016	26883271	10.1158/1535-7163.mct-15-0093	PMC4873451	https://pmc.ncbi.nlm.nih.gov/articles/PMC4873451/			brainstem;systemic_bbb_pharmacology	metadata_only
systemic_bbb_pharmacology	Pearson AD, Federico SM, Aerts I, Hargrave DR, DuBois SG, Iannone R, Geschwindt RD, Wang R, Haluska FG, Trippett TM, Geoerger B.	A phase 1 study of oral ridaforolimus in pediatric patients with advanced solid tumors	Oncotarget	2016	27713169	10.18632/oncotarget.12450	PMC5356695	https://pmc.ncbi.nlm.nih.gov/articles/PMC5356695/		fulltext/pearson_2016_pmid27713169.xml	brainstem;dipg_dmg;systemic_bbb_pharmacology	fulltext_xml
systemic_bbb_pharmacology	Cole DE, Lester-McCully CM, Widemann BC, Warren KE.	Plasma and cerebrospinal fluid pharmacokinetics of the Akt inhibitor, perifosine, in a non-human primate model	Cancer chemotherapy and pharmacology	2015	25740692	10.1007/s00280-015-2711-1	PMC6301001	https://pmc.ncbi.nlm.nih.gov/articles/PMC6301001/			brainstem;systemic_bbb_pharmacology	metadata_only
systemic_bbb_pharmacology	Halvorson KG, Barton KL, Schroeder K, Misuraca KL, Hoeman C, Chung A, Crabtree DM, Cordero FJ, Singh R, Spasojevic I, Berlow N, Pal R, Becher OJ.	A high-throughput in vitro drug screen in a genetically engineered mouse model of diffuse intrinsic pontine glioma identifies BMS-754807 as a promising therapeutic agent	PloS one	2015	25748921	10.1371/journal.pone.0118926	PMC4352073	https://pmc.ncbi.nlm.nih.gov/articles/PMC4352073/		fulltext/halvorson_2015_pmid25748921.xml	brainstem;dipg_dmg;systemic_bbb_pharmacology	fulltext_xml
systemic_bbb_pharmacology	Vanan MI, Eisenstat DD.	DIPG in Children - What Can We Learn from the Past?	Frontiers in oncology	2015	26557503	10.3389/fonc.2015.00237	PMC4617108	https://pmc.ncbi.nlm.nih.gov/articles/PMC4617108/		fulltext/vanan_2015_pmid26557503.xml	brainstem;dipg_dmg;systemic_bbb_pharmacology	fulltext_xml
systemic_bbb_pharmacology		ABCG2 AND MDR PROMOTE BRAINSTEM GLIOMAGENESIS AND LIMIT THE EFFICACY OF DASATINIB IN A DIFFUSE INTRINSIC PONTINE GLIOMA (DIPG) MOUSE MODEL	Neuro-oncology	2014			PMC4144620	https://pmc.ncbi.nlm.nih.gov/articles/PMC4144620/			brainstem;dipg_dmg;systemic_bbb_pharmacology	metadata_only
systemic_bbb_pharmacology	Broniscer A, Baker SD, Wetmore C, Pai Panandiker AS, Huang J, Davidoff AM, Onar-Thomas A, Panetta JC, Chin TK, Merchant TE, Baker JN, Kaste SC, Gajjar A, Stewart CF.	Phase I trial, pharmacokinetics, and pharmacodynamics of vandetanib and dasatinib in children with newly diagnosed diffuse intrinsic pontine glioma	Clinical cancer research : an official journal of the American Association for Cancer Research	2013	23536435	10.1158/1078-0432.ccr-13-0306	PMC3685168	https://pmc.ncbi.nlm.nih.gov/articles/PMC3685168/			brainstem;dipg_dmg;radiation_combined;systemic_bbb_pharmacology	metadata_only
systemic_bbb_pharmacology	Veringa SJ, Biesmans D, van Vuurden DG, Jansen MH, Wedekind LE, Horsman I, Wesseling P, Vandertop WP, Noske DP, Kaspers GJ, Hulleman E.	In vitro drug response and efflux transporters associated with drug resistance in pediatric high grade glioma and diffuse intrinsic pontine glioma	PloS one	2013	23637844	10.1371/journal.pone.0061512	PMC3639279	https://pmc.ncbi.nlm.nih.gov/articles/PMC3639279/		fulltext/veringa_2013_pmid23637844.xml	brainstem;dipg_dmg;pediatric_hgg;radiation_combined;systemic_bbb_pharmacology	fulltext_xml
systemic_bbb_pharmacology	Khatua S, Moore KR, Vats TS, Kestle JR.	Diffuse intrinsic pontine glioma-current status and future strategies	Child's nervous system : ChNS : official journal of the International Society for Pediatric Neurosurgery	2011	21533575	10.1007/s00381-011-1468-z		https://doi.org/10.1007/s00381-011-1468-z			brainstem;dipg_dmg;systemic_bbb_pharmacology	metadata_only
systemic_bbb_pharmacology	Sandberg DI, Crandall KM, Koru-Sengul T, Padgett KR, Landrum J, Babino D, Petito CK, Solano J, Gonzalez-Brito M, Kuluz JW.	Pharmacokinetic analysis of etoposide distribution after administration directly into the fourth ventricle in a piglet model	Journal of neuro-oncology	2010	19688296	10.1007/s11060-009-9998-x		https://doi.org/10.1007/s11060-009-9998-x			brainstem;intrathecal_csf;surgical_access;systemic_bbb_pharmacology	metadata_only
systemic_bbb_pharmacology	Sandberg DI, Solano J, Petito CK, Mian A, Mou C, Koru-Sengul T, Gonzalez-Brito M, Padgett KR, Luqman A, Buitrago JC, Alam F, Wilkerson JR, Crandall KM, Kuluz JW.	Safety and pharmacokinetic analysis of methotrexate administered directly into the fourth ventricle in a piglet model	Journal of neuro-oncology	2010	20440538	10.1007/s11060-010-0210-0		https://doi.org/10.1007/s11060-010-0210-0			brainstem;surgical_access;systemic_bbb_pharmacology	metadata_only
imaging_dosimetry_modeling	Abe Y, Minamimoto R, Fujita N, Higashi M, Ito R, Kato K, Deguchi S, Ohka F, Saito R, Naganawa S.	Physiological biodistribution of 18F-fluciclovine PET in the head: as a baseline for interpretation in patients with suspected glioma	Frontiers in nuclear medicine	2026	42311428	10.3389/fnume.2026.1850254	PMC13269264	https://pmc.ncbi.nlm.nih.gov/articles/PMC13269264/		fulltext/abe_2026_pmid42311428.xml	brainstem;imaging_dosimetry_modeling	fulltext_xml
imaging_dosimetry_modeling	Benatti HR, Anagnostakou V, Taghian T, Hall EF, Nath S, Heilman CB, Beneduce BM, Leporati A, Raskett C, Epshtein M, King R, Gounis MJ, Malek AM, Gray-Edwards HL.	A minimally invasive endovascular approach to the cerebellopontine angle cistern enables broad CNS biodistribution of scAAV9-CB-GFP	Molecular therapy : the journal of the American Society of Gene Therapy	2024	39192584	10.1016/j.ymthe.2024.08.024	PMC11489529	https://pmc.ncbi.nlm.nih.gov/articles/PMC11489529/		fulltext/benatti_2024_pmid39192584.xml	brainstem;imaging_dosimetry_modeling	fulltext_xml
imaging_dosimetry_modeling	Hanalioglu S, Bahadir S, Ozak AC, Yangi K, Mignucci-Jiménez G, Gurses ME, Fuentes A, Mathew E, Graham DT, Altug MY, Gok E, Turner GH, Lawton MT, Preul MC.	Ultrahigh-resolution 7-Tesla anatomic magnetic resonance imaging and diffusion tensor imaging of ex vivo formalin-fixed human brainstem-cerebellum complex	Frontiers in human neuroscience	2024	39664682	10.3389/fnhum.2024.1484431	PMC11631901	https://pmc.ncbi.nlm.nih.gov/articles/PMC11631901/		fulltext/hanalioglu_2024_pmid39664682.xml	brainstem;imaging_dosimetry_modeling;surgical_access	fulltext_xml
imaging_dosimetry_modeling	Mukherjee D, Antar V, Soylemez B, Cikla U, Gürer B, Ekici MA, Field AS, Shahriar Salamat M, Başkaya MK.	High-resolution diffusion tensor magnetic resonance imaging of the brainstem safe entry zones	Neurosurgical review	2020	30136133	10.1007/s10143-018-1023-4		https://doi.org/10.1007/s10143-018-1023-4			brainstem;imaging_dosimetry_modeling;surgical_access	metadata_only
imaging_dosimetry_modeling	Grondin R, Littrell OM, Zhang Z, Ai Y, Huettl P, Pomerleau F, Quintero JE, Andersen AH, Stenslik MJ, Bradley LH, Lemmon J, O'Neill MJ, Gash DM, Gerhardt GA.	GDNF revisited: A novel mammalian cell-derived variant form of GDNF increases dopamine turnover and improves brain biodistribution	Neuropharmacology	2019	29857941	10.1016/j.neuropharm.2018.05.014		https://doi.org/10.1016/j.neuropharm.2018.05.014			brainstem;imaging_dosimetry_modeling	metadata_only
surgical_access	Abbas A, Sabet H, El Refaei K, AbuHamdia A, Elboraay T, Negida Y, Aldehri M, Alnaami I, Raslan AM.	Robot-assisted versus frame-based stereoelectroencephalography (sEEG) electrode implantation in drug-resistant epilepsy: a meta-analysis of accuracy, efficiency, and safety	Acta neurochirurgica	2026	41721878	10.1007/s00701-026-06787-6	PMC12935791	https://pmc.ncbi.nlm.nih.gov/articles/PMC12935791/		fulltext/abbas_2026_pmid41721878.xml	implant_depot_device;surgical_access;related_disease	fulltext_xml
surgical_access	Cavalcanti DD, Figueiredo EG, de Oliveira Manduca Palmiero H, Preul MC, Spetzler RF.	Anatomical and quantitative analysis of safe entry zones to the lower brainstem through the far-lateral approach	Neurosurgical review	2026	41772321	10.1007/s10143-026-04171-7	PMC12953320	https://pmc.ncbi.nlm.nih.gov/articles/PMC12953320/		fulltext/cavalcanti_2026_pmid41772321.xml	brainstem;surgical_access	fulltext_xml
surgical_access	Dellaretti M, Faraj F, Albuquerque JPS, Gonçalves VR, Nunes M, Almeida J.	Efficacy and safety of frameless versus frame-based stereotactic biopsy for brainstem lesions: A comparison demonstrating comparable outcomes with frameless technique	Surgical neurology international	2026	41660335	10.25259/sni_843_2025	PMC12875272	https://pmc.ncbi.nlm.nih.gov/articles/PMC12875272/		fulltext/dellaretti_2026_pmid41660335.xml	brainstem;surgical_access	fulltext_xml
surgical_access	Junior CA, Lourenço LD, Moreno DA, Baroni M, Paula FE, Teixeira SA, Teixeira GR, Cavalcante CB, Facholi M, Mançano BM, Reis RM.	Microsurgical brainstem biopsy through safe entry zones for children with radiologically suspected diffuse intrinsic pontine glioma: a single-center experience from Brazil	Research Square	2026		10.21203/rs.3.rs-10072594/v1		https://doi.org/10.21203/rs.3.rs-10072594/v1			brainstem;dipg_dmg;surgical_access	metadata_only
surgical_access	Wang K, Yan F, Wang Y, Shan Y, Fan X, Chen S, Zhao G.	Diagnostic yield and safety of Remebot robot-assisted stereotactic biopsy: a 496-case retrospective analysis of intracranial lesions	Journal of neurosurgery	2026	42497454	10.3171/2026.2.jns251592		https://doi.org/10.3171/2026.2.jns251592			brainstem;surgical_access	metadata_only
surgical_access	Edelbach B, AlMekkawi AK, Glaser D, Patel VB, Manchikanti A, Rajput R, Bagley CA, El Ahmadieh TY, Breshears JD, Duan Y.	Surgical management of pontine brainstem cavernous malformations: A systematic review Emphasizing safe entry zones and clinical outcomes	Journal of clinical neuroscience : official journal of the Neurosurgical Society of Australasia	2025	39914184	10.1016/j.jocn.2025.111106		https://doi.org/10.1016/j.jocn.2025.111106			brainstem;surgical_access	metadata_only
surgical_access	Patel A, Hux N, Virtanen PS, Budnick H, Kazi F, Tailor JK.	Frameless Stereotactic Biopsy of Brainstem Tumors Using the Stealth Autoguide: A Technical Note	Operative neurosurgery (Hagerstown, Md.)	2025	39162477	10.1227/ons.0000000000001314		https://doi.org/10.1227/ons.0000000000001314			brainstem;surgical_access	metadata_only
surgical_access	Zhao J, Guo C, Zhang G.	Safety and diagnostic yield of robotic-assisted stereotactic biopsy for pediatric brainstem lesions: a systematic review and single-arm meta-analysis	Journal of robotic surgery	2025	40991094	10.1007/s11701-025-02816-1		https://doi.org/10.1007/s11701-025-02816-1			brainstem;surgical_access	metadata_only
surgical_access	Bao D, Ni S, Chang B, Zhang W, Zhang H, Niu C.	Short-term outcomes of robot-assisted minimally invasive surgery for brainstem hemorrhage: A case-control study	Heliyon	2024	38384554	10.1016/j.heliyon.2024.e25912	PMC10878924	https://pmc.ncbi.nlm.nih.gov/articles/PMC10878924/		fulltext/bao_2024_pmid38384554.xml	brainstem;surgical_access	fulltext_xml
surgical_access	Erturk M, Demircubuk I, Candar E, Sengul G.	Comprehensive Morphometric Analysis of the Rhomboid Fossa: Implications for Safe Entry Zones in Brainstem Surgery	World neurosurgery	2024	39181240	10.1016/j.wneu.2024.08.096		https://doi.org/10.1016/j.wneu.2024.08.096			brainstem;surgical_access	metadata_only
surgical_access	Graffeo CS, Srinivasan VM, Scherschinski L, Benner D, Karahalios K, Devia DA, Catapano JS, Lawton MT.	Expanding the reach of the trans-middle cerebellar peduncle approach: pontine cavernous malformations, tissue transgression beyond the safe entry zone, and the invisible triangle	Journal of neurosurgery	2024	37976511	10.3171/2023.8.jns231684		https://doi.org/10.3171/2023.8.jns231684			brainstem;surgical_access	metadata_only
surgical_access	Inci S, Baylarov B.	Axial Sections of Brainstem Safe Entry Zones and Clinical Importance of Intrinsic Structures: A Review	World neurosurgery	2024	38401754	10.1016/j.wneu.2024.02.088		https://doi.org/10.1016/j.wneu.2024.02.088			brainstem;surgical_access	metadata_only
surgical_access	Kaes M, Beynon C, Kiening K, Neumann JO, Jakobs M.	Stereotactic frame-based biopsy of infratentorial lesions via the suboccipital-transcerebellar approach with the Zamorano-Duchovny stereotactic system-a retrospective analysis of 79 consecutive cases	Acta neurochirurgica	2024	38520537	10.1007/s00701-024-06036-8	PMC10960772	https://pmc.ncbi.nlm.nih.gov/articles/PMC10960772/		fulltext/kaes_2024_pmid38520537.xml	brainstem;surgical_access	fulltext_xml
surgical_access	Kaes M, Neumann JO, Beynon C, Naser PV, Kiening K, Krieg SM, Jakobs M.	Frame-based stereotactic biopsies of brainstem lesions - Monocentric comparison of the transfrontal and the suboccipital-transcerebellar approach over a 16-year period	Neurosurgical review	2024	39482553	10.1007/s10143-024-03075-8	PMC11527920	https://pmc.ncbi.nlm.nih.gov/articles/PMC11527920/		fulltext/kaes_2024_pmid39482553.xml	brainstem;surgical_access	fulltext_xml
surgical_access	Lee TK, Lim SH, Jeong J, Park SJ, Kim YJ, Moon KS, Kim IY, Jung S, Jung TY.	Leksell Frame-Based Stereotactic Biopsy for Infratentorial Tumor : Practical Tips and Considerations	Journal of Korean Neurosurgical Society	2024	38211582	10.3340/jkns.2023.0108	PMC10924902	https://pmc.ncbi.nlm.nih.gov/articles/PMC10924902/		fulltext/lee_2024_pmid38211582.xml	brainstem;implant_depot_device;surgical_access	fulltext_xml
surgical_access	Lozouet M, Djrolo G, Mortier C, Derrey S.	How i do it: Robot-assisted transcerebellar stereotactic approach for brainstem lesion	Acta neurochirurgica	2024	39352443	10.1007/s00701-024-06280-y		https://doi.org/10.1007/s00701-024-06280-y			brainstem;dipg_dmg;surgical_access	metadata_only
surgical_access	Sheikh SR, Recinos VMR, Thompson EM, Mangum R, Wright-Nadkarni M, Gampel B, Patel NJ.	The role of brainstem biopsy and targeted therapies in pediatric diffuse midline glioma/diffuse intrinsic pontine glioma	Frontiers in oncology	2024	39763605	10.3389/fonc.2024.1504440	PMC11701219	https://pmc.ncbi.nlm.nih.gov/articles/PMC11701219/		fulltext/sheikh_2024_pmid39763605.xml	brainstem;dipg_dmg;surgical_access	fulltext_xml
surgical_access	Tang Z, Huang W, Chen Q, Guo C, Zheng K, Wei W, Jiang Q, Yang R.	Curative effect analysis of robot-assisted drainage surgery in treatment of spontaneous hypertensive brainstem hemorrhage	Frontiers in neurology	2024	38469591	10.3389/fneur.2024.1352949	PMC10925720	https://pmc.ncbi.nlm.nih.gov/articles/PMC10925720/		fulltext/tang_2024_pmid38469591.xml	brainstem;surgical_access	fulltext_xml
surgical_access	Wyatt S, Fenn J, Beltran E.	Transcerebellar ventriculoperitoneal shunt for management of presumed arachnoid diverticulum in the fourth ventricle of a dog	Veterinary surgery : VS	2024	38519448	10.1111/vsu.14090		https://doi.org/10.1111/vsu.14090			brainstem;surgical_access	metadata_only
surgical_access	Catapano JS, Benner D, Rhodenhiser EG, Rumalla K, Graffeo CS, Srinivasan VM, Winkler EA, Lawton MT.	Safety of brainstem safe entry zones: comparison of microsurgical outcomes associated with superficial, exophytic, and deep brainstem cavernous malformations	Journal of neurosurgery	2023	36681989	10.3171/2022.9.jns222012		https://doi.org/10.3171/2022.9.jns222012			brainstem;surgical_access	metadata_only
surgical_access	Dalmage M, LoPresti MA, Sarkar P, Ranganathan S, Abdelmageed S, Pagadala M, Shlobin NA, Lam S, DeCuypere M.	Survival and neurological outcomes after stereotactic biopsy of diffuse intrinsic pontine glioma: a systematic review	Journal of neurosurgery. Pediatrics	2023	37724839	10.3171/2023.7.peds22462		https://doi.org/10.3171/2023.7.peds22462			brainstem;dipg_dmg;surgical_access	metadata_only
surgical_access	Di Rita A, Lenge M, Mantovani G, Peraio S, Emanuele L, Sardi I, Fonte C, Noris A, Spezzani C, Giordano F.	Robot-assisted transcerebellar stereotactic approach to the posterior fossa in pediatric patients: a technical note	Child's nervous system : ChNS : official journal of the International Society for Pediatric Neurosurgery	2023	37526681	10.1007/s00381-023-06102-z		https://doi.org/10.1007/s00381-023-06102-z			brainstem;dipg_dmg;implant_depot_device;surgical_access	metadata_only
surgical_access	Graffeo CS, Scherschinski L, Baranoski JF, Srinivasan VM, Lawton MT.	Resection of Quadrigeminal Midbrain Cavernous Malformation Using the Supracollicular Safe Entry Zone	World neurosurgery	2023	36334709	10.1016/j.wneu.2022.10.111		https://doi.org/10.1016/j.wneu.2022.10.111			brainstem;surgical_access	metadata_only
surgical_access	Hoz SS, Sharma M, Palmisciano P, Johnson MD, Ismail M, Muthana A, Al-Ageely TA, Forbes JA, Prestigiacomo CJ, Zuccarello M, Andaluz N.	Peritrigeminal Safe Entry Zone Access to Anterolateral Pons Using the Presigmoid Retrolabyrinthine Suprameatal Approach: A Cadaveric Morphometric Study	Operative neurosurgery (Hagerstown, Md.)	2023	37578224	10.1227/ons.0000000000000866		https://doi.org/10.1227/ons.0000000000000866			brainstem;surgical_access	metadata_only
surgical_access	Khan AB, Dang HQ, Gopakumar S, Lazaro T, Gadgil N, Baxter P, Malbari F, Aldave G.	Clinical outcomes of stereotactic biopsy on children with pontine diffuse midline glioma	Journal of neuro-oncology	2023	37945818	10.1007/s11060-023-04475-4		https://doi.org/10.1007/s11060-023-04475-4			brainstem;dipg_dmg;surgical_access	metadata_only
surgical_access	Li C, Wu S, Huang K, Li R, Jiang W, Wang J, Shu K, Lei T.	A Comparison of the Safety, Efficacy, and Accuracy of Frame-Based versus Remebot Robot-Assisted Stereotactic Systems for Biopsy of Brainstem Tumors	Brain sciences	2023	36831906	10.3390/brainsci13020362	PMC9954386	https://pmc.ncbi.nlm.nih.gov/articles/PMC9954386/		fulltext/li_2023_pmid36831906.xml	brainstem;surgical_access	fulltext_xml
surgical_access	Zhang M, Xiao X, Gu G, Zhang P, Wu W, Wang Y, Pan C, Wang L, Li H, Wu Z, Zhang J, Zhang L.	Role of neuronavigation in the surgical management of brainstem gliomas	Frontiers in oncology	2023	37205194	10.3389/fonc.2023.1159230	PMC10185888	https://pmc.ncbi.nlm.nih.gov/articles/PMC10185888/		fulltext/zhang_2023_pmid37205194.xml	brainstem;dipg_dmg;surgical_access	fulltext_xml
surgical_access		EPCT-04. Stereotactic biopsy split-course radiation therapy for diffuse midline glioma of the pons (SPORT-DMG): Early phase II enrolling clinical trial	Neuro-oncology	2022			PMC9164655	https://pmc.ncbi.nlm.nih.gov/articles/PMC9164655/		fulltext/anon_2022_pmidPMC9164655.xml	brainstem;dipg_dmg;radiation_combined;surgical_access;meeting_abstract	fulltext_xml
surgical_access	Escobar-Vidarte OA, Griswold DP, Orozco-Mera J, Mier-Garcia JF, Peralta Pizza F.	A Case Series of Stereotactic Biopsy of Brainstem Lesions through the Transfrontal Approach	Journal of neurological surgery reports	2022	36467870	10.1055/s-0042-1758696	PMC9708407	https://pmc.ncbi.nlm.nih.gov/articles/PMC9708407/		fulltext/escobarvidarte_2022_pmid36467870.xml	brainstem;surgical_access	fulltext_xml
surgical_access	Guberinic A, van den Elshout R, Kozicz T, Laan MT, Henssen D.	Overview of the microanatomy of the human brainstem in relation to the safe entry zones	Journal of neurosurgery	2022	35395628	10.3171/2022.2.jns211997		https://doi.org/10.3171/2022.2.jns211997			brainstem;surgical_access	metadata_only
surgical_access	Kocer IB, Demiralin MO, Erturk M, Arslan D, Sengul G.	Microsurgical anatomy of safe entry zones on the ventrolateral brainstem: a morphometric study	Neurosurgical review	2022	34546449	10.1007/s10143-021-01644-9		https://doi.org/10.1007/s10143-021-01644-9			brainstem;surgical_access	metadata_only
surgical_access	Machetanz K, Grimm F, Wang S, Schuhmann MU, Tatagiba M, Gharabaghi A, Naros G.	Rediscovery of the transcerebellar approach: improving the risk-benefit ratio in robot-assisted brainstem biopsies	Neurosurgical focus	2022	34973665	10.3171/2021.10.focus21359		https://doi.org/10.3171/2021.10.focus21359			brainstem;surgical_access	metadata_only
surgical_access	Peciu-Florianu I, Legrand V, Monfilliette-Djelad A, Maurage CA, Vannod-Michel Q, Blond S, Touzet G, Reyns N.	Frameless robot-assisted stereotactic biopsies for lesions of the brainstem-a series of 103 consecutive biopsies	Journal of neuro-oncology	2022	35083580	10.1007/s11060-022-03952-6		https://doi.org/10.1007/s11060-022-03952-6			brainstem;surgical_access	metadata_only
surgical_access	Serrato-Avila JL, Paz Archila JA, Silva da Costa MD, Riechelmann GS, Rocha PR, Marques SR, Carvalho de Moraes LO, Cavalheiro S, Yağmurlu K, Lawton MT, Chaddad-Neto F.	Three-Dimensional Quantitative Analysis of the Brainstem Safe Entry Zones Based on Internal Structures	World neurosurgery	2022	34715371	10.1016/j.wneu.2021.10.100		https://doi.org/10.1016/j.wneu.2021.10.100			brainstem;surgical_access	metadata_only
surgical_access	He L, He D, Qi Y, Zhou J, Yuan C, Chang H, Wang Q, Li G, Shao Q.	Stereotactic Biopsy for Brainstem Lesions: A Meta-analysis with Noncomparative Binary Data	Cancer control : journal of the Moffitt Cancer Center	2021	34875878	10.1177/10732748211059858	PMC8670786	https://pmc.ncbi.nlm.nih.gov/articles/PMC8670786/		fulltext/he_2021_pmid34875878.xml	brainstem;surgical_access	fulltext_xml
surgical_access	Jung IH, Chang KW, Park SH, Moon JH, Kim EH, Jung HH, Kang SG, Chang JH, Chang JW, Chang WS.	Stereotactic biopsy for adult brainstem lesions: A surgical approach and its diagnostic value according to the 2016 World Health Organization Classification	Cancer medicine	2021	34510820	10.1002/cam4.4272	PMC8559459	https://pmc.ncbi.nlm.nih.gov/articles/PMC8559459/		fulltext/jung_2021_pmid34510820.xml	brainstem;surgical_access	fulltext_xml
surgical_access	Qin F, Huang Z, Dong Q, Xu X, Lu T, Chen J, Cheng N, Qiu W, Lu Z.	Stereotactic biopsy for lesions in brainstem and deep brain: a single-center experience of 72 cases	Brazilian journal of medical and biological research = Revista brasileira de pesquisas medicas e biologicas	2021	34320122	10.1590/1414-431x2021e11335	PMC8302144	https://pmc.ncbi.nlm.nih.gov/articles/PMC8302144/		fulltext/qin_2021_pmid34320122.xml	brainstem;surgical_access	fulltext_xml
surgical_access	Bahrami E, Parvaresh M, Bahrami M, Fattahi A.	An Experience with Frame-Based Stereotactic Biopsy of Posterior Fossa Lesions via Transcerebellar Route	World neurosurgery	2020	31931238	10.1016/j.wneu.2020.01.003		https://doi.org/10.1016/j.wneu.2020.01.003			brainstem;surgical_access	metadata_only
surgical_access	Cavalcanti DD, Catapano JS, Niemeyer Filho P.	Using the Lateral Pontine Safe Entry Zone for Resection of Deep-Seated Cavernous Malformations in the Lateral Pons: 2-Dimensional Operative Video	Operative neurosurgery (Hagerstown, Md.)	2020	32442280	10.1093/ons/opaa142		https://doi.org/10.1093/ons/opaa142			brainstem;surgical_access	metadata_only
surgical_access	Cheng G, Yu X, Zhao H, Cao W, Li H, Li Q, Li Z, Yin F, Liu R, Zhang J.	Complications of stereotactic biopsy of lesions in the sellar region, pineal gland, and brainstem: A retrospective, single-center study	Medicine	2020	32080071	10.1097/md.0000000000018572	PMC7034708	https://pmc.ncbi.nlm.nih.gov/articles/PMC7034708/		fulltext/cheng_2020_pmid32080071.xml	brainstem;surgical_access	fulltext_xml
surgical_access	Tayebi Meybodi A, Hendricks BK, Witten AJ, Hartman J, Tomlinson SB, Cohen-Gadol AA.	Virtual Exploration of Safe Entry Zones in the Brainstem: Comprehensive Definition and Analysis of the Operative Approach	World neurosurgery	2020	32474103	10.1016/j.wneu.2020.05.207		https://doi.org/10.1016/j.wneu.2020.05.207			brainstem;surgical_access	metadata_only
surgical_access	Williams JR, Young CC, Vitanza NA, McGrath M, Feroze AH, Browd SR, Hauptman JS.	Progress in diffuse intrinsic pontine glioma: advocating for stereotactic biopsy in the standard of care	Neurosurgical focus	2020	31896081	10.3171/2019.9.focus19745		https://doi.org/10.3171/2019.9.focus19745			brainstem;cell_therapy_delivery;dipg_dmg;surgical_access	metadata_only
surgical_access	Dawes W, Marcus HJ, Tisdall M, Aquilina K.	Robot-assisted stereotactic brainstem biopsy in children: prospective cohort study	Journal of robotic surgery	2019	30523502	10.1007/s11701-018-0899-x	PMC6647535	https://pmc.ncbi.nlm.nih.gov/articles/PMC6647535/		fulltext/dawes_2019_pmid30523502.xml	brainstem;dipg_dmg;surgical_access	fulltext_xml
surgical_access	Weiss A, Perrini P, De Notaris M, Soria G, Carlos A, Castagna M, Lutzemberger L, Santonocito OS, Catapano G, Kassam A, Prats-Galino A.	Endoscopic Endonasal Transclival Approach to the Ventral Brainstem: Anatomic Study of the Safe Entry Zones Combining Fiber Dissection Technique with 7 Tesla Magnetic Resonance Guided Neuronavigation	Operative neurosurgery (Hagerstown, Md.)	2019	29750275	10.1093/ons/opy080		https://doi.org/10.1093/ons/opy080			brainstem;surgical_access	metadata_only
surgical_access	Yang Y, van Niftrik B, Ma X, Velz J, Wang S, Regli L, Bozinov O.	Analysis of safe entry zones into the brainstem	Neurosurgical review	2019	30726522	10.1007/s10143-019-01081-9		https://doi.org/10.1007/s10143-019-01081-9			brainstem;surgical_access	metadata_only
surgical_access	Cavalcanti DD, Preul MC, Kalani MY, Spetzler RF.	Microsurgical anatomy of safe entry zones to the brainstem	Journal of neurosurgery	2016	26452114	10.3171/2015.4.jns141945		https://doi.org/10.3171/2015.4.jns141945			brainstem;surgical_access	metadata_only
surgical_access	Quick-Weller J, Lescher S, Bruder M, Dinc N, Behmanesh B, Seifert V, Weise L, Marquardt G.	Stereotactic biopsy of brainstem lesions: 21 years experiences of a single center	Journal of neuro-oncology	2016	27291894	10.1007/s11060-016-2166-1		https://doi.org/10.1007/s11060-016-2166-1			brainstem;surgical_access	metadata_only
surgical_access	Beynon C, Kiening KL.	Stereotactic biopsy of brainstem lesions: A 'golden standard' for establishing the diagnosis	Journal of neurosciences in rural practice	2014	24741241	10.4103/0976-3147.127863	PMC3985375	https://pmc.ncbi.nlm.nih.gov/articles/PMC3985375/		fulltext/beynon_2014_pmid24741241.xml	brainstem;surgical_access	fulltext_xml
surgical_access	Manoj N, Arivazhagan A, Bhat DI, Arvinda HR, Mahadevan A, Santosh V, Devi BI, Sampath S, Chandramouli BA.	Stereotactic biopsy of brainstem lesions: Techniques, efficacy, safety, and disease variation between adults and children: A single institutional series and review	Journal of neurosciences in rural practice	2014	24741247	10.4103/0976-3147.127869	PMC3985354	https://pmc.ncbi.nlm.nih.gov/articles/PMC3985354/		fulltext/manoj_2014_pmid24741247.xml	brainstem;surgical_access	fulltext_xml
surgical_access	Yagmurlu K, Rhoton AL, Tanriover N, Bennett JA.	Three-dimensional microsurgical anatomy and the safe entry zones of the brainstem	Neurosurgery	2014	24983443	10.1227/neu.0000000000000466		https://doi.org/10.1227/neu.0000000000000466			brainstem;surgical_access	metadata_only
surgical_access	Kickingereder P, Willeit P, Simon T, Ruge MI.	Diagnostic value and safety of stereotactic biopsy for brainstem tumors: a systematic review and meta-analysis of 1480 cases	Neurosurgery	2013	23426149	10.1227/neu.0b013e31828bf445		https://doi.org/10.1227/neu.0b013e31828bf445			brainstem;surgical_access	metadata_only
surgical_access	Dellaretti M, Reyns N, Touzet G, Dubois F, Gusmão S, Pereira JL, Blond S.	Stereotactic biopsy for brainstem tumors: comparison of transcerebellar with transfrontal approach	Stereotactic and functional neurosurgery	2012	22286495	10.1159/000335502		https://doi.org/10.1159/000335502			brainstem;surgical_access	metadata_only
surgical_access	Chen SY, Chen CH, Sun MH, Lee HT, Shen CC.	Stereotactic biopsy for brainstem lesion: comparison of approaches and reports of 10 cases	Journal of the Chinese Medical Association : JCMA	2011	21421204	10.1016/j.jcma.2011.01.024		https://doi.org/10.1016/j.jcma.2011.01.024			brainstem;surgical_access	metadata_only
surgical_access	Pérez-Gómez JL, Rodríguez-Alvarez CA, Marhx-Bracho A, Rueda-Franco F.	Stereotactic biopsy for brainstem tumors in pediatric patients	Child's nervous system : ChNS : official journal of the International Society for Pediatric Neurosurgery	2010	19784659	10.1007/s00381-009-1000-x		https://doi.org/10.1007/s00381-009-1000-x			brainstem;surgical_access	metadata_only
surgical_access	Patel P, Balamurugan M.	Transcerebellar stereotactic biopsy for brainstem lesions in children	Journal of pediatric neurosciences	2009	21887169	10.4103/1817-1745.49101	PMC3162830	https://pmc.ncbi.nlm.nih.gov/articles/PMC3162830/		fulltext/patel_2009_pmid21887169.xml	brainstem;surgical_access	fulltext_xml
surgical_access	Rachinger W, Grau S, Holtmannspötter M, Herms J, Tonn JC, Kreth FW.	Serial stereotactic biopsy of brainstem lesions in adults improves diagnostic accuracy compared with MRI only	Journal of neurology, neurosurgery, and psychiatry	2009	19520698	10.1136/jnnp.2009.174250		https://doi.org/10.1136/jnnp.2009.174250			brainstem;surgical_access	metadata_only
surgical_access	Pereira EA, Jegan T, Green AL, Aziz TZ.	Awake stereotactic brainstem biopsy via a contralateral, transfrontal, transventricular approach	British journal of neurosurgery	2008	18686061	10.1080/02688690802220387		https://doi.org/10.1080/02688690802220387			brainstem;surgical_access	metadata_only
surgical_access	Wilkinson R, Harris J.	Moral and legal reasons for altruism in the case of brainstem biopsy in diffuse glioma	British journal of neurosurgery	2008	19016111	10.1080/02688690802482896		https://doi.org/10.1080/02688690802482896			brainstem;surgical_access	metadata_only
surgical_access	Amundson EW, McGirt MJ, Olivi A.	A contralateral, transfrontal, extraventricular approach to stereotactic brainstem biopsy procedures. Technical note	Journal of neurosurgery	2005	15796398	10.3171/jns.2005.102.3.0565		https://doi.org/10.3171/jns.2005.102.3.0565			brainstem;surgical_access	metadata_only
surgical_access	Samadani U, Judy KD.	Stereotactic brainstem biopsy is indicated for the diagnosis of a vast array of brainstem pathology	Stereotactic and functional neurosurgery	2003	14742957	10.1159/000075097		https://doi.org/10.1159/000075097			brainstem;surgical_access	metadata_only
surgical_access	Massager N, David P, Goldman S, Pirotte B, Wikler D, Salmon I, Nagy N, Brotchi J, Levivier M.	Combined magnetic resonance imaging- and positron emission tomography-guided stereotactic biopsy in brainstem mass lesions: diagnostic yield in a series of 30 patients	Journal of neurosurgery	2000	11117867	10.3171/jns.2000.93.6.0951		https://doi.org/10.3171/jns.2000.93.6.0951			brainstem;surgical_access	metadata_only
surgical_access	Sandberg DI, Souweidane MM.	Endoscopic-guided proximal catheter placement in treatment of posterior fossa cysts	Pediatric neurosurgery	1999	10420126	10.1159/000028791		https://doi.org/10.1159/000028791			brainstem;surgical_access	metadata_only
surgical_access	Steck J, Friedman WA.	Stereotactic biopsy of brainstem mass lesions	Surgical neurology	1995	7482235	10.1016/0090-3019(95)00156-5		https://doi.org/10.1016/0090-3019(95)00156-5			brainstem;surgical_access	metadata_only
radiation_combined	Debily MA, Le Teuff G, Kergrohen T, Varlet P, Castel D, Leblond P, Hargrave D, Nysom K, Blomgren K, McCowage GB, Bautista F, van Vuurden D, Jones C, Mackay A, Izquierdo E, Ziegler DS, Moussa A, Barret E, Puget S, Beccaria K, Aquilina K, Riffaud L, Bolle S, Abbou S, Bertozzi AI, De Carli E, Boddaert N, Dangouloff-Ros V, Calmon R, Blanc P, Vassal G, Le Deley MC, Grill J.	Targeted therapies plus radiotherapy for diffuse intrinsic pontine glioma: the randomized phase 2 BIOMEDE trial	Nature medicine	2026	42032072	10.1038/s41591-026-04354-1	PMC13279265	https://pmc.ncbi.nlm.nih.gov/articles/PMC13279265/		fulltext/debily_2026_pmid42032072.xml	brainstem;dipg_dmg;radiation_combined	fulltext_xml
radiation_combined	Gorainow N, Sander F, Picard D, Frölich MC, Eul K, Etemadi Afshar S, Asche J, Monje M, Raabe E, Bartl J, Borkhardt A, Reifenberger G, Dünker N, Busch M, Pauck D, Qin N, Matschke J, Remke M, Jendrossek V.	Berzosertib enhances the sensitivity of pediatric diffuse midline glioma H3K27-altered cells to radiotherapy	Cell death & disease	2026	41862449	10.1038/s41419-026-08567-7	PMC13039724	https://pmc.ncbi.nlm.nih.gov/articles/PMC13039724/		fulltext/gorainow_2026_pmid41862449.xml	dipg_dmg;radiation_combined	fulltext_xml
radiation_combined	Hug EB, Brodbek L, Stock MS, Gojo J, Mock U, Lütgendorf-Caucig C.	Proton-Based Re-Irradiation of Locally Recurrent Pediatric Brain Tumors in Close Proximity to the Brainstem	International journal of particle therapy	2026	41488407	10.1016/j.ijpt.2025.101285	PMC12757568	https://pmc.ncbi.nlm.nih.gov/articles/PMC12757568/		fulltext/hug_2026_pmid41488407.xml	brainstem;radiation_combined	fulltext_xml
radiation_combined	Luo P, Wei T, Zhang Y, Wang G, Yuan W, Kang M, Lian Z.	Evaluation on the efficacy and safety of CyberKnife stereotactic radiotherapy for brainstem gliomas	Frontiers in oncology	2026	41971430	10.3389/fonc.2026.1730758	PMC13065695	https://pmc.ncbi.nlm.nih.gov/articles/PMC13065695/		fulltext/luo_2026_pmid41971430.xml	brainstem;radiation_combined	fulltext_xml
radiation_combined	Solomou N, Serban M, Andrzejewski P, Hardcastle N, Hoffmann L, Kelly C, Michailidou C, Murrell DH, Pagett CJH, Popovic M, Rønde HS, West NS, Zaila A, Appelt AL, Thompson C.	Comparative evaluation of dose accumulation strategies in the clinical reirradiation setting	Physics and imaging in radiation oncology	2026	42094812	10.1016/j.phro.2026.100954	PMC13141463	https://pmc.ncbi.nlm.nih.gov/articles/PMC13141463/		fulltext/solomou_2026_pmid42094812.xml	brainstem;radiation_combined	fulltext_xml
radiation_combined	Gallitto M, Zhang X, De Los Santos G, Wei HJ, Fernández EC, Duan S, Sedor G, Yoh N, Kokossis D, Angel JC, Wang YF, White E, Kinslow CJ, Berg X, Tomassoni L, Zandkarimi F, Chio IIC, Canoll P, Bruce JN, Feldstein NA, Gartrell RD, Cheng SK, Garvin JH, Zacharoulis S, Wechsler-Reya RJ, Pavisic J, Califano A, Zhang Z, Wu CC.	Targeted delivery of napabucasin with radiotherapy improves outcomes in diffuse midline glioma	Neuro-oncology	2025	39394920	10.1093/neuonc/noae215	PMC11889722	https://pmc.ncbi.nlm.nih.gov/articles/PMC11889722/			convection_enhanced_delivery;dipg_dmg;focused_ultrasound;radiation_combined;systemic_bbb_pharmacology	metadata_only
radiation_combined	Liao HR, Lan TL, Lin CF, Lee YY, Lin KH, Chang FC, Lin SC, Lee JC, Chou FI, Peir JJ, Liu HM, Hu YW, Chen YW.	First Application of Boron Neutron Capture Therapy for Recurrent Clival Chordoma With Brainstem Abutment	Advances in radiation oncology	2025	40103665	10.1016/j.adro.2025.101736	PMC11914784	https://pmc.ncbi.nlm.nih.gov/articles/PMC11914784/		fulltext/liao_2025_pmid40103665.xml	brainstem;radiation_combined	fulltext_xml
radiation_combined	Maitra A, Miciaccia M, Mandorino M, Armenise D, Baldelli OM, Ferorelli S, Papusha L, Druy A, Perrone MG, Scilimati A.	Decoding Gene Expression Changes in Cerebral Tumors: Before and After Radiotherapy	Medicinal research reviews	2025	40452178	10.1002/med.22122	PMC12502892	https://pmc.ncbi.nlm.nih.gov/articles/PMC12502892/		fulltext/maitra_2025_pmid40452178.xml	dipg_dmg;pediatric_hgg;radiation_combined	fulltext_xml
radiation_combined	Nuryadi E, Raissa N, Handoko H, Permata TBM, Gondhowiardjo SA.	Evaluating the Role of Re-Irradiation in the Management of DIPG: A Systematic Review and Meta-Analysis of Current Evidence	Asian Pacific journal of cancer prevention : APJCP	2025	41148593	10.31557/apjcp.2025.26.10.3561	PMC12887904	https://pmc.ncbi.nlm.nih.gov/articles/PMC12887904/		fulltext/nuryadi_2025_pmid41148593.xml	brainstem;dipg_dmg;radiation_combined	fulltext_xml
radiation_combined	Shen H, Mudassar F, Ma S, Wang X, Nguyen S, Bal N, Huynh QS, Wang D, Chang C, Ing P, Varikatt W, Lai J, Gloss B, Holst J, O'Neill GM, Gee H, Cook KM, Hau E.	Inhibition of mitochondrial bioenergetics and hypoxia to radiosensitize diffuse intrinsic pontine glioma	Neuro-oncology	2025	39575457	10.1093/neuonc/noae255	PMC12083227	https://pmc.ncbi.nlm.nih.gov/articles/PMC12083227/		fulltext/shen_2025_pmid39575457.xml	brainstem;dipg_dmg;radiation_combined	fulltext_xml
radiation_combined	Wang J, Li K, Wang Y, Zhang J, Peng X, Ji N.	Niche-specific epigenetic interventions in the spatially heterogeneous glioblastoma microenvironmental landscape: strategies for radiotherapy enhancement	Frontiers in molecular biosciences	2025	41234540	10.3389/fmolb.2025.1704311	PMC12604988	https://pmc.ncbi.nlm.nih.gov/articles/PMC12604988/		fulltext/wang_2025_pmid41234540.xml	dipg_dmg;nanoparticle;radiation_combined	fulltext_xml
radiation_combined		DIPG-04. THE BENEFIT OF CRANIOSPINAL IRRADIATION (CSI) RESCUE IN PHASE 2 RANDOMIZED STUDY OF RADIOTHERAPY (RT), CONCOMITANT NIMOTUZUMAB AND VINORELBINE AND RE-IRRADIATION AT RELAPSE, VERSUS MULTIPLE ELECTIVE RADIOTHERAPY COURSES WITH CONCOMITANT VINORELBINE AND NIMOTUZUMAB FOR NEWLY DIAGNOSED CHILDHOOD AND ADOLESCENCE DIFFUSE INTRINSIC PONTINE GLIOMA (DIPG)	Neuro-oncology	2024			PMC11183515	https://pmc.ncbi.nlm.nih.gov/articles/PMC11183515/		fulltext/anon_2024_pmidPMC11183515.xml	brainstem;dipg_dmg;radiation_combined;meeting_abstract	fulltext_xml
radiation_combined		DIPG-31. IS RE-IRRADIATION A POTENTIAL SURVIVAL BENEFIT FOR PATIENTS WITH DIFFUSE INTRINSIC PONTINE GLIOMA?	Neuro-oncology	2024			PMC11182904	https://pmc.ncbi.nlm.nih.gov/articles/PMC11182904/		fulltext/anon_2024_pmidPMC11182904.xml	brainstem;dipg_dmg;radiation_combined;meeting_abstract	fulltext_xml
radiation_combined		DIPG-13. TIM-3 TARGETED APTAMER IN COMBINATION WITH LOCO-REGIONAL RADIOTHERAPY IMPROVES SURVIVAL BY MODULATING THE IMMUNE INFILTRATION IN DIFFUSE MIDLINE GLIOMA MODELS	Neuro-oncology	2024			PMC11182900	https://pmc.ncbi.nlm.nih.gov/articles/PMC11182900/		fulltext/anon_2024_pmidPMC11182900.xml	dipg_dmg;radiation_combined;meeting_abstract	fulltext_xml
radiation_combined		DIPG-82. RADIOSENSITIZATION WITH RAD52 INHIBITION IN DIFFUSE MIDLINE GLIOMA	Neuro-oncology	2024			PMC11183974	https://pmc.ncbi.nlm.nih.gov/articles/PMC11183974/		fulltext/anon_2024_pmidPMC11183974.xml	dipg_dmg;radiation_combined;meeting_abstract	fulltext_xml
radiation_combined		DIPG-21. PRECLINICAL ASSESSMENT OF A MULTIMODAL TREATMENT APPROACH WITH GIVINOSTAT, PAXALISIB, AND RADIOTHERAPY FOR DIFFUSE MIDLINE GLIOMA (DMG)	Neuro-oncology	2024			PMC11183565	https://pmc.ncbi.nlm.nih.gov/articles/PMC11183565/		fulltext/anon_2024_pmidPMC11183565.xml	dipg_dmg;radiation_combined;meeting_abstract	fulltext_xml
radiation_combined		DIPG-63. RE-IRRADIATION FOR PROGRESSIVE DIFFUSE INTRINSIC PONTINE GLIOMA (DIPG): THE SPANISH EXPERIENCE	Neuro-oncology	2024			PMC11183369	https://pmc.ncbi.nlm.nih.gov/articles/PMC11183369/		fulltext/anon_2024_pmidPMC11183369.xml	brainstem;dipg_dmg;radiation_combined;meeting_abstract	fulltext_xml
radiation_combined	Jünger ST, Rueß D, Kabbasch C, Gielen GH, Pietsch T, Johann P, Landgraf P, Kocher M, Goldbrunner R, Simon T, Ruge MI.	Embryonal tumor with multilayered rosettes located in the brainstem: Promising results after multimodal treatment including interstitial brachytherapy	Neuro-oncology practice	2024	38496916	10.1093/nop/npad075	PMC10940823	https://pmc.ncbi.nlm.nih.gov/articles/PMC10940823/			brainstem;radiation_combined	metadata_only
radiation_combined	Liu C, Kuang S, Huang T, Wu J, Zhang L, Gong X.	Radiotherapy plus temozolomide with or without anlotinib in H3K27M-mutant diffuse midline glioma: A retrospective cohort study	CNS neuroscience & therapeutics	2024	38644565	10.1111/cns.14730	PMC11033330	https://pmc.ncbi.nlm.nih.gov/articles/PMC11033330/		fulltext/liu_2024_pmid38644565.xml	dipg_dmg;radiation_combined	fulltext_xml
radiation_combined	Mankuzhy NP, Tringale KR, Dunkel IJ, Farouk Sait S, Souweidane MM, Khakoo Y, Karajannis MA, Wolden S.	Hypofractionated re-irradiation for diffuse intrinsic pontine glioma	Pediatric blood & cancer	2024	38430472	10.1002/pbc.30929	PMC11791744	https://pmc.ncbi.nlm.nih.gov/articles/PMC11791744/			brainstem;dipg_dmg;radiation_combined	metadata_only
radiation_combined	Uke AD, Luharia A, Dahake S, Mishra GV, Mahakalkar C.	Exceptional Tumor Regression in Diffuse Intrinsic Pontine Glioma Post-Radiotherapy: A Case Study	The American journal of case reports	2024	39348336	10.12659/ajcr.944869	PMC11452143	https://pmc.ncbi.nlm.nih.gov/articles/PMC11452143/		fulltext/uke_2024_pmid39348336.xml	brainstem;dipg_dmg;radiation_combined	fulltext_xml
radiation_combined	Viani GA, Gouveia AG, Arcidiacono F, Marta GN, Hamamura AC, Anselmo P, Barbosa FS, Moraes FY.	Efficacy and safety of hypofractionated radiotherapy versus conventional fractionated radiotherapy in diffuse intrinsic pontine glioma: A systematic review and meta-analysis	Reports of practical oncology and radiotherapy : journal of Greatpoland Cancer Center in Poznan and Polish Society of Radiation Oncology	2024	39144263	10.5603/rpor.100779	PMC11321787	https://pmc.ncbi.nlm.nih.gov/articles/PMC11321787/		fulltext/viani_2024_pmid39144263.xml	brainstem;dipg_dmg;radiation_combined	fulltext_xml
radiation_combined	Yu X, Li S, Mai W, Hua X, Sun M, Lai M, Zhang D, Xiao Z, Wang L, Shi C, Luo L, Cai L.	Pediatric diffuse intrinsic pontine glioma radiotherapy response prediction: MRI morphology and T2 intensity-based quantitative analyses	European radiology	2024	38907098	10.1007/s00330-024-10855-9	PMC11557687	https://pmc.ncbi.nlm.nih.gov/articles/PMC11557687/		fulltext/yu_2024_pmid38907098.xml	brainstem;dipg_dmg;radiation_combined	fulltext_xml
radiation_combined		TIPS-08 ACTION: A RANDOMIZED PHASE 3 STUDY OF DORDAVIPRONE (ONC201) IN PATIENTS WITH NEWLY DIAGNOSED H3 K27M-MUTANT DIFFUSE GLIOMA	Neuro-oncology advances	2023			PMC10402351	https://pmc.ncbi.nlm.nih.gov/articles/PMC10402351/		fulltext/anon_2023_pmidPMC10402351.xml	brainstem;dipg_dmg;radiation_combined;systemic_bbb_pharmacology	fulltext_xml
radiation_combined		DIPG-52. EXTRAPONTINE PROGRESSION WITH STABLE PONTINE DISEASE POST-RADIOTHERAPY IN DIFFUSE INTRINSIC PONTINE GLIOMA (DIPG) ON A CONNECT TRIAL: IMPLICATIONS FOR RADIATION TREATMENT VOLUMES	Neuro-oncology	2023			PMC10259906	https://pmc.ncbi.nlm.nih.gov/articles/PMC10259906/		fulltext/anon_2023_pmidPMC10259906.xml	brainstem;dipg_dmg;radiation_combined;meeting_abstract	fulltext_xml
radiation_combined	Farrukh S, Habib S, Rafaqat A, Sarfraz Z, Sarfraz A, Sarfraz M, Robles-Velasco K, Felix M, Cherrez-Ojeda I.	Emerging Therapeutic Strategies for Diffuse Intrinsic Pontine Glioma: A Systematic Review	Healthcare (Basel, Switzerland)	2023	36833093	10.3390/healthcare11040559	PMC9956230	https://pmc.ncbi.nlm.nih.gov/articles/PMC9956230/		fulltext/farrukh_2023_pmid36833093.xml	brainstem;convection_enhanced_delivery;dipg_dmg;intra_arterial;radiation_combined;systemic_bbb_pharmacology	fulltext_xml
radiation_combined	Huang WH, Huang TY, Lin CM, Mu PF, Lee YY, Liu SH, Hsu SM, Chen YW.	Salvage boron neutron capture therapy for pediatric patients with recurrent diffuse midline glioma	Child's nervous system : ChNS : official journal of the International Society for Pediatric Neurosurgery	2023	36821007	10.1007/s00381-023-05850-2		https://doi.org/10.1007/s00381-023-05850-2			brainstem;dipg_dmg;radiation_combined	metadata_only
radiation_combined	Liu C, Kuang S, Wu L, Cheng Q, Gong X, Wu J, Zhang L.	Radiotherapy and radio-sensitization in H3K27M -mutated diffuse midline gliomas	CNS neuroscience & therapeutics	2023	37157237	10.1111/cns.14225	PMC10324372	https://pmc.ncbi.nlm.nih.gov/articles/PMC10324372/		fulltext/liu_2023_pmid37157237.xml	dipg_dmg;radiation_combined	fulltext_xml
radiation_combined		EPCT-06. Phase I study of ribociclib and everolimus post-radiotherapy in children with newly diagnosed diffuse intrinsic pontine glioma (DIPG) and high-grade glioma (HGG): Updated report from the COllaborative Network for NEuro-Oncology Clinical Trials (CONNECT)	Neuro-oncology	2022			PMC9165190	https://pmc.ncbi.nlm.nih.gov/articles/PMC9165190/		fulltext/anon_2022_pmidPMC9165190.xml	brainstem;dipg_dmg;radiation_combined;systemic_bbb_pharmacology;meeting_abstract	fulltext_xml
radiation_combined		EPCT-05. Phase Ib study of unesbulin (PTC596) in children with newly diagnosed diffuse intrinsic pontine glioma (DIPG) and high-grade glioma (HGG): A report from the COllaborative Network for NEuro-Oncology Clinical Trials (CONNECT)	Neuro-oncology	2022			PMC9165000	https://pmc.ncbi.nlm.nih.gov/articles/PMC9165000/		fulltext/anon_2022_pmidPMC9165000.xml	brainstem;dipg_dmg;radiation_combined;systemic_bbb_pharmacology;meeting_abstract	fulltext_xml
radiation_combined	Chen YW, Lee YY, Lin CF, Huang TY, Ke SH, Mu PF, Pan PS, Chen JK, Lan TL, Hsu PC, Liang ML, Chen HH, Chang FC, Wu CC, Lin SC, Lee JC, Chen SK, Liu HM, Peir JJ, Tsai HY, Lin KH, Peng NJ, Chen KH, Wu YH, Kang YM, Yang WC, Liou SC, Huang WH, Tanaka H, Wong TT, Chao Y, Chou FI.	Compassionate Treatment of Brainstem Tumors with Boron Neutron Capture Therapy: A Case Series	Life (Basel, Switzerland)	2022	35455057	10.3390/life12040566	PMC9025803	https://pmc.ncbi.nlm.nih.gov/articles/PMC9025803/		fulltext/chen_2022_pmid35455057.xml	brainstem;radiation_combined	fulltext_xml
radiation_combined	DeWire M, Lazow M, Campagne O, Leach J, Fuller C, Senthil Kumar S, Stanek J, de Blank P, Hummel TR, Pillay-Smiley N, Salloum R, Stevenson CB, Baxter P, Gass D, Goldman S, Leary SES, Carle A, Mikael L, Crabtree D, Chaney B, Lane A, Drissi R, Stewart CF, Fouladi M.	Phase I study of ribociclib and everolimus in children with newly diagnosed DIPG and high-grade glioma: A CONNECT pediatric neuro-oncology consortium report	Neuro-oncology advances	2022	35611273	10.1093/noajnl/vdac055	PMC9122788	https://pmc.ncbi.nlm.nih.gov/articles/PMC9122788/		fulltext/dewire_2022_pmid35611273.xml	brainstem;dipg_dmg;radiation_combined;systemic_bbb_pharmacology	fulltext_xml
radiation_combined	Cacciotti C, Liu K, Haas-Kogan D, Warren K.	DIPG-01. REIRRADIATION PRACTICES FOR DIFFUSE INTRINSIC PONTINE GLIOMA	Neuro-oncology	2020			PMC7715757	https://pmc.ncbi.nlm.nih.gov/articles/PMC7715757/		fulltext/cacciotti_2020_pmidPMC7715757.xml	brainstem;dipg_dmg;radiation_combined;meeting_abstract	fulltext_xml
radiation_combined	Hart E, Derieppe M, Bruin M, Besse H, Haumann R, Hoving E, Huitema A, Ries M, van Vuurden D.	DDEL-05. BLOOD-BRAIN BARRIER DISRUPTION AND ENHANCED RADIOSENSITIZERS EXTRAVASATION UPON FOCUSED ULTRASOUND FOR TREATMENT OF DIFFUSE INTRINSIC PONTINE GLIOMA	Neuro-oncology	2020			PMC7715181	https://pmc.ncbi.nlm.nih.gov/articles/PMC7715181/		fulltext/hart_2020_pmidPMC7715181.xml	brainstem;dipg_dmg;focused_ultrasound;radiation_combined;systemic_bbb_pharmacology;meeting_abstract	fulltext_xml
radiation_combined	Shen H, Chang C, Gee H, McKelvey K, O’Neill G, Prior V, Blackburn A, Hau E.	DIPG-13. TARGETING HYPOXIA AND MITOCHONDRIA WITH REPURPOSED METABOLIC DRUGS AS AN APPROACH TO RADIOSENSITIZATION FOR DIFFUSE INTRINSIC PONTINE GLIOMAS (DIPG)	Neuro-oncology	2020			PMC7715845	https://pmc.ncbi.nlm.nih.gov/articles/PMC7715845/		fulltext/shen_2020_pmidPMC7715845.xml	brainstem;dipg_dmg;radiation_combined;meeting_abstract	fulltext_xml
radiation_combined	Fazal Salom J, Bjerke L, Carvalho D, Boult J, Mackay A, Pemberton H, Molinari V, Clarke M, Vinci M, Carceller F, Marshall L, Moore A, Montero Carcaboso A, Lord C, Robinson S, Hargrave D, Jones C.	PDTM-33. ATRX LOSS CONFERS ENHANCED SENSITIVITY TO COMBINED PARP INHIBITION AND RADIOTHERAPY IN PAEDIATRIC GLIOBLASTOMA MODELS	Neuro-oncology	2018			PMC6217705	https://pmc.ncbi.nlm.nih.gov/articles/PMC6217705/			dipg_dmg;pediatric_hgg;radiation_combined;meeting_abstract	metadata_only
radiation_combined	Kaur G, Wolden S, Donzelli M, Haque S, Kramer K.	NIMG-42. INCIDENCE OF CAVERNOMATOUS LESIONS ON BRAIN MR OF PEDIATRIC PATIENTS TREATED WITH INTRAVENTRICULAR RADIOIMMUNOTHERAPY	Neuro-oncology	2018			PMC6216241	https://pmc.ncbi.nlm.nih.gov/articles/PMC6216241/			brainstem;intrathecal_csf;radiation_combined;meeting_abstract	metadata_only
radiation_combined	Kommidi H, Tosi U, Maachani UB, Guo H, Marnell CS, Law B, Souweidane MM, Ting R.	18F-Radiolabeled Panobinostat Allows for Positron Emission Tomography Guided Delivery of a Histone Deacetylase Inhibitor	ACS medicinal chemistry letters	2018	29456798	10.1021/acsmedchemlett.7b00471	PMC5807872	https://pmc.ncbi.nlm.nih.gov/articles/PMC5807872/			brainstem;convection_enhanced_delivery;dipg_dmg;radiation_combined;systemic_bbb_pharmacology	metadata_only
radiation_combined	Hu X, Fang Y, Hui X, Jv Y, You C.	Radiotherapy for diffuse brainstem glioma in children and young adults	The Cochrane database of systematic reviews	2016	27378212	10.1002/14651858.cd010439.pub2	PMC8686118	https://pmc.ncbi.nlm.nih.gov/articles/PMC8686118/			brainstem;radiation_combined	metadata_only
radiation_combined	Pai Panandiker AS, Wong JK, Nedelka MA, Wu S, Gajjar A, Broniscer A.	Effect of time from diagnosis to start of radiotherapy on children with diffuse intrinsic pontine glioma	Pediatric blood & cancer	2014	24482196	10.1002/pbc.24971	PMC4378861	https://pmc.ncbi.nlm.nih.gov/articles/PMC4378861/			brainstem;dipg_dmg;radiation_combined	metadata_only
radiation_combined	Bailey S, Howman A, Wheatley K, Wherton D, Boota N, Pizer B, Fisher D, Kearns P, Picton S, Saran F, Gibson M, Glaser A, Connolly DJ, Hargrave D.	Diffuse intrinsic pontine glioma treated with prolonged temozolomide and radiotherapy--results of a United Kingdom phase II trial (CNS 2007 04)	European journal of cancer (Oxford, England : 1990)	2013	24011536	10.1016/j.ejca.2013.08.006	PMC3853623	https://pmc.ncbi.nlm.nih.gov/articles/PMC3853623/		fulltext/bailey_2013_pmid24011536.xml	brainstem;dipg_dmg;radiation_combined	fulltext_xml
radiation_combined	DeSalvo MN.	Radiation necrosis of the pons after radiotherapy for nasopharyngeal carcinoma: diagnosis and treatment	Journal of radiology case reports	2012	23365707	10.3941/jrcr.v6i7.1108	PMC3558049	https://pmc.ncbi.nlm.nih.gov/articles/PMC3558049/			brainstem;radiation_combined	metadata_only
