category	authors	title	venue	year	pmid	doi	pmcid	url	fulltext_xml	topics	status
n803_anktiva_bladder		Nogapendekin alfa inbakicept with BCG for non-muscle-invasive bladder cancer with carcinoma in situ that is unresponsive to BCG (terminated evaluation)	National Institute for Health and Care Excellence (NICE), London	2026	42672515			https://pubmed.ncbi.nlm.nih.gov/42672515/		bladder_cancer;n803_alt803;review	metadata_only
n803_anktiva_bladder	Abou Chakra M, Duquesne I, O'Donnell MA.	Decoding Immune Mechanisms in BCG-unresponsive Non-muscle Invasive Bladder Cancer	Frontiers in bioscience (Landmark edition)	2026	42216552	10.31083/fbl47606		https://doi.org/10.31083/fbl47606		bladder_cancer;clinical;intravesical;n803_alt803;quantitative;review	metadata_only
n803_anktiva_bladder	Alasker A, Alghafees M, Nammor T, Alanazi N, Alferayan T, Almanie A, Alrashed M, Almarzouq Y, Alammari A.	Immunotherapy in bladder cancer: a systematic review of clinical trials and therapeutic advances	BMC urology	2026	42260513	10.1186/s12894-026-02209-y		https://doi.org/10.1186/s12894-026-02209-y		bladder_cancer;clinical;intravesical;n803_alt803;quantitative;review	metadata_only
n803_anktiva_bladder	Chang SS, Chamie K, Seabury CA, Gonzalgo ML, Agarwal PK, Bassett JC, Bjurlin M, Cher ML, Clark W, Cowan BE, David R, Goldfischer E, Guru K, Jalkut MW, Kaffenberger SD, Kaminetsky J, Corcoran A, Koo AS, Sexton WJ, Tikhonenkov SN, Shah MS, Trabulsi EJ, Trainer AF, Spilman P, Drusbosky LM, Brown B, Huang M, Bhar P, Sender L, Reddy S, Soon-Shiong P.	Durable Responses and Cystectomy Avoidance with IL-15 Receptor Agonist NAI plus BCG in BCG-Unresponsive NMIBC with Carcinoma In Situ ± Papillary Disease	The Journal of urology	2026	42406609	10.1097/ju.0000000000005198		https://doi.org/10.1097/ju.0000000000005198		bladder_cancer;clinical;intravesical;n803_alt803;quantitative	metadata_only
n803_anktiva_bladder	Chang SS, Chamie K, Kramolowsky E, Gonzalgo ML, Agarwal PK, Bassett JC, Bjurlin M, Cher ML, Clark W, Cowan BE, David R, Goldfischer E, Guru K, Jalkut MW, Kaffenberger SD, Kaminetsky J, Corcoran A, Koo AS, Sexton WJ, Tikhonenkov SN, Shah MS, Trabulsi EJ, Trainer AF, Spilman P, Huang M, Bhar P, Drusbosky LM, Sender L, Brown B, Reddy S, Soon-Shiong P.	Prolonged Progression-Free Survival, Disease-Free Survival, and Cystectomy Avoidance With IL-15 Receptor Lymphocyte-Stimulating Agent NAI Plus Bacillus Calmette-Guérin in Bacillus Calmette-Guérin-Unresponsive Papillary-Only Nonmuscle-Invasive Bladder Cancer	The Journal of urology	2026	40956664	10.1097/ju.0000000000004782	PMC12708036	https://pmc.ncbi.nlm.nih.gov/articles/PMC12708036/	fulltext/chang_2026_pmid40956664.xml	bladder_cancer;clinical;intravesical;n803_alt803;quantitative	fulltext_xml
n803_anktiva_bladder	Grier AL, Zhong JY, Basourakos S, Calaway A, Singh P, Zakharia Y, Lucien F, Karnes RJ, Sharma V, Shah P, Costello BA, Pagliaro LC, Orme JJ, Brown JR, Jang A.	Recent Advances in Immunotherapy for Non-Muscle-Invasive Bladder Cancer	Cancers	2026	41749876	10.3390/cancers18040623	PMC12938786	https://pmc.ncbi.nlm.nih.gov/articles/PMC12938786/	fulltext/grier_2026_pmid41749876.xml	bladder_cancer;intravesical;n803_alt803;quantitative;review	fulltext_xml
n803_anktiva_bladder	Lee YHA, Wong CM, Liu AQ, Teoh JY.	The future of urothelial carcinoma: a 2024-2025 update of early-phase trials of novel therapeutic agents	Current opinion in urology	2026	41861349	10.1097/mou.0000000000001388	PMC13048309	https://pmc.ncbi.nlm.nih.gov/articles/PMC13048309/	fulltext/lee_2026_pmid41861349.xml	bladder_cancer;intravesical;n803_alt803;review	fulltext_xml
n803_anktiva_bladder	Lister-Whelan R, Senior E, Kendall J, Oughton JB, Collinson F, Griffin J, Hubbard R, Kennish S, Noon A, Rosario DJ, Riaz IB, Telliez J, Catto JWF, Hussain SA.	INtraVESical immunoTherapy (INVEST) prior to radical cystectomy for bladder cancer: trial protocol	BJU international	2026	42515859	10.1111/bju.70387		https://doi.org/10.1111/bju.70387		bladder_cancer;clinical;intravesical;n803_alt803;pharmacokinetics;systemic_toxicity	metadata_only
n803_anktiva_bladder	Matsushita Y, Tamura A, Masuda T, Hasegawa O, Kodama T, Watanabe S, Watanabe K, Watanabe H, Tamura K, Takemura A, Watanabe S, Motoyama D, Inamoto T.	Deep learning-based automated identification of papillary bladder cancer from endoscopic still images using SE-ResNeXt-50	World journal of urology	2026	42599325	10.1007/s00345-026-06694-6		https://doi.org/10.1007/s00345-026-06694-6		bladder_cancer;intravesical;n803_alt803	metadata_only
n803_anktiva_bladder	Ricciardi G, Tralongo P, Pierconti F, Zuccalà V, Fiorentino V, Pepe L, Ballato M, Ieni A, Rossanese M, Ficarra V, Fadda G, Martini M.	Urothelial Carcinoma In Situ: Advances in Diagnosis and Management	Clinical genitourinary cancer	2026	41422765	10.1016/j.clgc.2025.102478		https://doi.org/10.1016/j.clgc.2025.102478		bladder_cancer;intravesical;n803_alt803;review	metadata_only
n803_anktiva_bladder	Shigehisa R, Fukata S, Inoue K.	[Evolving Pharmacotherapy for Bladder Cancer-From Non-Muscle-Invasive to Metastatic Disease-Development of Novel Therapies for BCG-Unresponsive NMIBC]	Gan to kagaku ryoho. Cancer & chemotherapy	2026	41555169			https://pubmed.ncbi.nlm.nih.gov/41555169/		bladder_cancer;clinical;formulation;intravesical;n803_alt803;quantitative;review	metadata_only
n803_anktiva_bladder	Tang Y, Wang L, Liu H, Zhu Q, Xu C, Zeng H, Chen J.	Advances in intravesical therapy for non-muscle-invasive bladder cancer	Critical reviews in oncology/hematology	2026	41825577	10.1016/j.critrevonc.2026.105271		https://doi.org/10.1016/j.critrevonc.2026.105271		bladder_cancer;formulation;intravesical;n803_alt803;quantitative;review	metadata_only
n803_anktiva_bladder	Wang B, Isali I, Calaway A, Bukavina L.	Emerging Intravesical Therapies for Non-Muscle-Invasive Bladder Cancer	The Urologic clinics of North America	2026	42362299	10.1016/j.ucl.2026.03.005		https://doi.org/10.1016/j.ucl.2026.03.005		bladder_cancer;intravesical;n803_alt803;review	metadata_only
n803_anktiva_bladder	Williams S, Cho S, Morrison L, Joshi K, Pilon D, Gwyn K, Libchaber B, Wong G, Lee F, Desai U, Singhal M.	Cost-per-responder analysis of TAR-200 versus other Food and Drug Administration-approved novel and generic treatments among patients with Bacillus Calmette-Guérin-unresponsive, high-risk, non-muscle-invasive bladder cancer with carcinoma in situ in the United States	Journal of medical economics	2026	42012856	10.1080/13696998.2026.2651037		https://doi.org/10.1080/13696998.2026.2651037		bladder_cancer;clinical;intravesical;n803_alt803;quantitative	metadata_only
n803_anktiva_bladder	Yang M, Chai X, Ye D, Zhao A, Moradi A, Lotan Y.	Budget impact model of nadofaragene firadenovec for the treatment of high-risk non-muscle-invasive bladder cancer that is unresponsive to Bacillus Calmette-Guérin immunotherapy	Journal of medical economics	2026	41780023	10.1080/13696998.2026.2630599		https://doi.org/10.1080/13696998.2026.2630599		bladder_cancer;n803_alt803	metadata_only
n803_anktiva_bladder	Zhou Y, Yang X, Tian T, Yang B, Cheng J, Liu Y, Tang D, Liu Y, Li Y, Wang F.	Efficacy and safety of combination versus single-agent immunotherapy for BCG-unresponsive non-muscle-invasive bladder cancer	Frontiers in immunology	2026	42582256	10.3389/fimmu.2026.1896444		https://doi.org/10.3389/fimmu.2026.1896444		bladder_cancer;clinical;n803_alt803;quantitative;review	metadata_only
n803_anktiva_bladder	Abou Chakra M, Duquesne I, Mima M, Ohlander S, Kemp AJ, O'Donnell MA.	Male reproductive and sexual health outcomes following intravesical therapy for non-muscle invasive bladder cancer	World journal of urology	2025	41175262	10.1007/s00345-025-06056-8		https://doi.org/10.1007/s00345-025-06056-8		bladder_cancer;intravesical;n803_alt803;pharmacokinetics;review	metadata_only
n803_anktiva_bladder	Albakr A, Narayan VM, Tyson M, Shoskes D, Vasavada S.	Pharmacotherapy for bladder spasm and irritative lower urinary tract symptoms associated with intravesical therapy for bladder cancer: a review of available evidence	Translational andrology and urology	2025	41230142	10.21037/tau-2025-483	PMC12603835	https://pmc.ncbi.nlm.nih.gov/articles/PMC12603835/	fulltext/albakr_2025_pmid41230142.xml	bladder_cancer;formulation;intravesical;n803_alt803;review;systemic_toxicity	fulltext_xml
n803_anktiva_bladder	Artiles Medina A, Subiela JD, Pichler R, Guerrero-Ramos F, Burgos Revilla FJ.	Traditional and next-generation bacillus Calmette-Guérin based treatment strategies for bacillus Calmette-Guérin unresponsive non-muscle-invasive bladder cancer in the era of emerging therapies	Current opinion in urology	2025	40654042	10.1097/mou.0000000000001319		https://doi.org/10.1097/mou.0000000000001319		bladder_cancer;clinical;n803_alt803;quantitative;review	metadata_only
n803_anktiva_bladder	Buzoianu M, Buhas BA, Abou Chakra M, Ionutas E, Borz MB, Crisan N, O'Donnell MA.	A national perspective on the management of high-risk BCG-unresponsive non-muscle-invasive bladder cancer in Romania	Archivio italiano di urologia, andrologia : organo ufficiale [di] Societa italiana di ecografia urologica e nefrologica	2025	41496691	10.4081/aiua.2025.14596		https://doi.org/10.4081/aiua.2025.14596		bladder_cancer;clinical;intravesical;n803_alt803;quantitative;route_comparison	metadata_only
n803_anktiva_bladder	Grobet-Jeandin E, Rouprêt M, Seisen T.	Novel intravesical therapies and delivery systems for the management of bladder cancer	Current opinion in urology	2025	39376040	10.1097/mou.0000000000001232		https://doi.org/10.1097/mou.0000000000001232		bladder_cancer;clinical;formulation;intravesical;n803_alt803;review	metadata_only
n803_anktiva_bladder	Heiss BL, Chang E, Joeng HK, Fiero MH, Wang L, Hamed SS, Chiu HJ, Ricks TK, Koh EH, Dellibovi-Ragheb TA, Wang M, Lee C, Pierce WF, Leighton JK, Rahman NA, Tang S, Pazdur R, Amiri-Kordestani L, Kluetz PG, Suzman DL.	FDA Approval Summary: Nogapendekin Alfa Inbakicept-pmln with BCG for BCG-Unresponsive Carcinoma In Situ	Clinical cancer research : an official journal of the American Association for Cancer Research	2025	40824697	10.1158/1078-0432.ccr-25-1231	PMC12363661	https://pmc.ncbi.nlm.nih.gov/articles/PMC12363661/	fulltext/heiss_2025_pmid40824697.xml	bladder_cancer;clinical;intravesical;n803_alt803;quantitative	fulltext_xml
n803_anktiva_bladder	Huang X, Wang X, He Z, Huang Y, Hu B, Chen W, Du H.	Mechanisms, Clinical Trials, and New Treatments for BCG-Unresponsive in Nonmuscle Invasive Bladder Cancer	Cancer medicine	2025	40948378	10.1002/cam4.71243	PMC12434483	https://pmc.ncbi.nlm.nih.gov/articles/PMC12434483/	fulltext/huang_2025_pmid40948378.xml	bladder_cancer;clinical;formulation;intravesical;n803_alt803;preclinical;quantitative;review	fulltext_xml
n803_anktiva_bladder	Khattak AA, Javed A, Pokhrel P, Mukhtar S.	Transforming non-muscle invasive bladder cancer (NMIBC) treatment: FDA approval of Anktiva in combination with BCG	Annals of medicine and surgery (2012)	2025	40110262	10.1097/ms9.0000000000002938	PMC11918662	https://pmc.ncbi.nlm.nih.gov/articles/PMC11918662/	fulltext/khattak_2025_pmid40110262.xml	bladder_cancer;n803_alt803	fulltext_xml
n803_anktiva_bladder	Liu B, Wang K, Li Q, Xiao Z, Chen Z, Zhang Y, Wu Y, Xu Y, Wu Y, Liu Z.	Engineered VNP20009 expressing IL-15&15Rα augments anti-tumor immunity for bladder cancer treatment	Biomaterials	2025	39531748	10.1016/j.biomaterials.2024.122951		https://doi.org/10.1016/j.biomaterials.2024.122951		bladder_cancer;clinical;intravesical;n803_alt803	metadata_only
n803_anktiva_bladder	MohanaSundaram A, Raja V, Kamalakannan Y, Islam MA.	Nogapendekin alfa Inbakicept-pmln (Anktiva) with BCG: A Promising Arsenal in BCG-Unresponsive Non-Muscle-Invasive Bladder Cancer Intervention	Advanced pharmaceutical bulletin	2025	40636313	10.34172/apb.43870	PMC12235375	https://pmc.ncbi.nlm.nih.gov/articles/PMC12235375/	fulltext/mohanasundaram_2025_pmid40636313.xml	bladder_cancer;n803_alt803	fulltext_xml
n803_anktiva_bladder	Popli S, Durant AM, Tyson M, Singh P.	Current State of Bladder Preservation in High Grade Non-Muscle Invasive Bladder Cancer and Localized Muscle Invasive Bladder Cancer	Current oncology reports	2025	40304944	10.1007/s11912-025-01657-3		https://doi.org/10.1007/s11912-025-01657-3		bladder_cancer;intravesical;n803_alt803;review	metadata_only
n803_anktiva_bladder	Tang X, Yu T, Tong H, Wu Y.	Advancements in bladder cancer immunotherapy: a focus on intravesical approaches	Frontiers in pharmacology	2025	40697667	10.3389/fphar.2025.1578146	PMC12279809	https://pmc.ncbi.nlm.nih.gov/articles/PMC12279809/	fulltext/tang_2025_pmid40697667.xml	bladder_cancer;clinical;intravesical;n803_alt803;review	fulltext_xml
n803_anktiva_bladder	Zeng Q, Kong W, Qin Y, Song L, Liu N, Liu Z, Ji C, Qi G, Shi W, Lu H.	Cis-delivering releasable IL-15 superagonist enhances antitumor immunity in cold tumors by invigorating preexisting CD25 + CD8 + T cells	bioRxiv	2025		10.1101/2025.08.14.670432		https://doi.org/10.1101/2025.08.14.670432		bladder_cancer;clinical;n803_alt803;preclinical;systemic_toxicity	metadata_only
n803_anktiva_bladder		In brief: Anktiva for bladder cancer	The Medical letter on drugs and therapeutics	2024	38905527	10.58347/tml.2024.1705e		https://doi.org/10.58347/tml.2024.1705e		bladder_cancer;n803_alt803	metadata_only
n803_anktiva_bladder	Chamie K, Chang SS, Rosser CJ, Kramolowski E, Gonzalgo ML, Sexton WJ, Spilman P, Sender L, Reddy S, Soon-Shiong P.	N-803 Plus BCG Treatment for BCG-Naïve or -Unresponsive Non-Muscle Invasive Bladder Cancer: A Plain Language Review	Future oncology (London, England)	2024	38953850	10.1080/14796694.2024.2363744	PMC11524197	https://pmc.ncbi.nlm.nih.gov/articles/PMC11524197/	fulltext/chamie_2024_pmid38953850.xml	bladder_cancer;clinical;n803_alt803;quantitative;review	fulltext_xml
n803_anktiva_bladder	Chamie K, Chang SS, Kramolowsky EV, Gonzalgo ML, Huang M, Bhar P, Spilman P, Sender L, Reddy SK, Soon-Shiong P.	Quality of Life in the Phase 2/3 Trial of N-803 Plus Bacillus Calmette-Guérin in Bacillus Calmette-Guérin‒Unresponsive Nonmuscle-Invasive Bladder Cancer	Urology practice	2024	38226931	10.1097/upj.0000000000000517		https://doi.org/10.1097/upj.0000000000000517		bladder_cancer;clinical;formulation;n803_alt803	metadata_only
n803_anktiva_bladder	Guerrero-Ramos F, Boormans JL, Daneshmand S, Gontero P, Kamat AM, Rouprêt M, Vilaseca A, Shariat SF.	Novel Delivery Systems and Pharmacotherapeutic Approaches for the Treatment of Non-muscle-invasive Bladder Cancer	European urology oncology	2024	38849286	10.1016/j.euo.2024.05.012		https://doi.org/10.1016/j.euo.2024.05.012		bladder_cancer;clinical;formulation;intravesical;n803_alt803;review;route_comparison	metadata_only
n803_anktiva_bladder	Gupta A, Verma S, Gupta S.	Comparison between N-803 and Erdafitinib in Bacillus Calmette-Guérin-Unresponsive Non-Muscle-Invasive Bladder Cancer	Cancers	2024	39456539	10.3390/cancers16203445	PMC11506804	https://pmc.ncbi.nlm.nih.gov/articles/PMC11506804/	fulltext/gupta_2024_pmid39456539.xml	bladder_cancer;n803_alt803	fulltext_xml
n803_anktiva_bladder	Jaromin M, Konecki T, Kutwin P.	Revolutionizing Treatment: Breakthrough Approaches for BCG-Unresponsive Non-Muscle-Invasive Bladder Cancer	Cancers	2024	38611044	10.3390/cancers16071366	PMC11010925	https://pmc.ncbi.nlm.nih.gov/articles/PMC11010925/	fulltext/jaromin_2024_pmid38611044.xml	bladder_cancer;formulation;intravesical;n803_alt803;quantitative;review	fulltext_xml
n803_anktiva_bladder	Keam SJ.	Nogapendekin alfa Inbakicept: First Approval	Drugs	2024	38967714	10.1007/s40265-024-02060-1		https://doi.org/10.1007/s40265-024-02060-1		bladder_cancer;n803_alt803;review	metadata_only
n803_anktiva_bladder	Li R, Hensley PJ, Gupta S, Al-Ahmadie H, Babjuk M, Black PC, Brausi M, Bree KK, Fernández MI, Guo CC, Horowitz A, Lamm DL, Lerner SP, Lotan Y, Mariappan P, McConkey D, Mertens LS, Mir C, Ross JS, O'Donnell M, Palou J, Pohar K, Steinberg G, Soloway M, Spiess PE, Svatek RS, Tan WS, Taoka R, Buckley R, Kamat AM.	Bladder-sparing Therapy for Bacillus Calmette-Guérin-unresponsive Non-muscle-invasive Bladder Cancer: International Bladder Cancer Group Recommendations for Optimal Sequencing and Patient Selection	European urology	2024	39183090	10.1016/j.eururo.2024.08.001		https://doi.org/10.1016/j.eururo.2024.08.001		bladder_cancer;clinical;n803_alt803;quantitative;review;systemic_toxicity	metadata_only
n803_anktiva_bladder	Qu F, Darji S, Thompson DH.	Recent Advances in Drug Delivery Strategies for High-Risk BCG-Unresponsive Non-Muscle Invasive Bladder Cancer: A Brief Review from 2018 to 2024	Pharmaceutics	2024	39339191	10.3390/pharmaceutics16091154	PMC11434993	https://pmc.ncbi.nlm.nih.gov/articles/PMC11434993/	fulltext/qu_2024_pmid39339191.xml	bladder_cancer;clinical;formulation;n803_alt803;review	fulltext_xml
n803_anktiva_bladder	Waheed A, Gul MH, Wardak AB, Raja HAA, Hussaini H.	Nogapendekin alfa inbakicept-PMLN: first approval milestone for BCG-unresponsive noninvasive bladder cancer: editorial	Annals of medicine and surgery (2012)	2024	39525706	10.1097/ms9.0000000000002591	PMC11543176	https://pmc.ncbi.nlm.nih.gov/articles/PMC11543176/	fulltext/waheed_2024_pmid39525706.xml	bladder_cancer;n803_alt803	fulltext_xml
n803_anktiva_bladder	Chamie K, Chang SS, Kramolowsky E, Gonzalgo ML, Agarwal PK, Bassett JC, Bjurlin M, Cher ML, Clark W, Cowan BE, David R, Goldfischer E, Guru K, Jalkut MW, Kaffenberger SD, Kaminetsky J, Katz AE, Koo AS, Sexton WJ, Tikhonenkov SN, Trabulsi EJ, Trainer AF, Spilman P, Huang M, Bhar P, Taha SA, Sender L, Reddy S, Soon-Shiong P.	IL-15 Superagonist NAI in BCG-Unresponsive Non-Muscle-Invasive Bladder Cancer	NEJM evidence	2023	38320011	10.1056/evidoa2200167		https://doi.org/10.1056/evidoa2200167		bladder_cancer;clinical;intravesical;n803_alt803;quantitative;systemic_toxicity	metadata_only
n803_anktiva_bladder	Lui G, Minnar CM, Soon-Shiong P, Schlom J, Gameiro SR.	Exploiting an Interleukin-15 Heterodimeric Agonist (N803) for Effective Immunotherapy of Solid Malignancies	Cells	2023	37371081	10.3390/cells12121611	PMC10297013	https://pmc.ncbi.nlm.nih.gov/articles/PMC10297013/	fulltext/lui_2023_pmid37371081.xml	bladder_cancer;clinical;n803_alt803;pharmacokinetics;preclinical;review	fulltext_xml
n803_anktiva_bladder	Nazmifar M, Williams C, Naser-Tavakolian A, Heard J, Rosser C, Theodorescu D, Ahdoot M.	Clinical and Preclinical Therapies for Bladder Cancer Following Bacillus Calmette-Guérin Failure	The Journal of urology	2023	36067380	10.1097/ju.0000000000002957		https://doi.org/10.1097/ju.0000000000002957		bladder_cancer;clinical;intravesical;n803_alt803;preclinical;quantitative;review;systemic_toxicity	metadata_only
n803_anktiva_bladder	Pietzak EJ, Herr HW.	An Interleukin-15 Superagonist with BCG - A Major Therapeutic Advancement or Just a Small Step in the Right Direction?	NEJM evidence	2023	38320108	10.1056/evide2200264		https://doi.org/10.1056/evide2200264		bladder_cancer;clinical;intravesical;n803_alt803	metadata_only
n803_anktiva_bladder	Suderman J, St-Laurent MP, Black PC.	Re: IL-15 Superagonist NAI in BCG-Unresponsive Non-muscle-invasive Bladder Cancer	European urology	2023	36737296	10.1016/j.eururo.2023.01.009		https://doi.org/10.1016/j.eururo.2023.01.009		bladder_cancer;n803_alt803	metadata_only
n803_anktiva_bladder	Chen W, Liu N, Yuan Y, Zhu M, Hu X, Hu W, Wang S, Wang C, Huang B, Xing D.	ALT-803 in the treatment of non-muscle-invasive bladder cancer: Preclinical and clinical evidence and translational potential	Frontiers in immunology	2022	36439125	10.3389/fimmu.2022.1040669	PMC9684637	https://pmc.ncbi.nlm.nih.gov/articles/PMC9684637/	fulltext/chen_2022_pmid36439125.xml	bladder_cancer;n803_alt803;preclinical;quantitative;review	fulltext_xml
n803_anktiva_bladder	Deininger S, Törzsök P, Mitterberger M, Pallauf M, Oswald D, Deininger C, Lusuardi L.	From Interferon to Checkpoint Inhibition Therapy-A Systematic Review of New Immune-Modulating Agents in Bacillus Calmette-Guérin (BCG) Refractory Non-Muscle-Invasive Bladder Cancer (NMIBC)	Cancers	2022	35158964	10.3390/cancers14030694	PMC8833656	https://pmc.ncbi.nlm.nih.gov/articles/PMC8833656/	fulltext/deininger_2022_pmid35158964.xml	bladder_cancer;clinical;n803_alt803;quantitative;review	fulltext_xml
n803_anktiva_bladder	Gakis G.	[Adjuvant instillation therapy for non-muscle invasive bladder cancer - beyond BCG and mitomycin C]	Aktuelle Urologie	2022	35172349	10.1055/a-1677-0952		https://doi.org/10.1055/a-1677-0952		bladder_cancer;clinical;formulation;intravesical;n803_alt803	metadata_only
n803_anktiva_bladder	Valenza C, Antonarelli G, Giugliano F, Aurilio G, Verri E, Briganti A, Curigliano G, Necchi A.	Emerging treatment landscape of non-muscle invasive bladder cancer	Expert opinion on biological therapy	2022	35634893	10.1080/14712598.2022.2082869		https://doi.org/10.1080/14712598.2022.2082869		bladder_cancer;clinical;intravesical;n803_alt803;quantitative;review	metadata_only
n803_anktiva_bladder	Packiam VT, Richards J, Schmautz M, Heidenreich A, Boorjian SA.	The current landscape of salvage therapies for patients with bacillus Calmette-Guérin unresponsive nonmuscle invasive bladder cancer	Current opinion in urology	2021	33742981	10.1097/mou.0000000000000863		https://doi.org/10.1097/mou.0000000000000863		bladder_cancer;clinical;intravesical;n803_alt803;review;route_comparison	metadata_only
n803_anktiva_bladder	Rosser CJ, Tikhonenkov S, Nix JW, Chan OTM, Ianculescu I, Reddy S, Soon-Shiong P.	Safety, Tolerability, and Long-Term Clinical Outcomes of an IL-15 analogue (N-803) Admixed with Bacillus Calmette-Guérin (BCG) for the Treatment of Bladder Cancer	Oncoimmunology	2021	33996264	10.1080/2162402x.2021.1912885	PMC8096327	https://pmc.ncbi.nlm.nih.gov/articles/PMC8096327/	fulltext/rosser_2021_pmid33996264.xml	bladder_cancer;clinical;intravesical;n803_alt803;quantitative	fulltext_xml
n803_anktiva_bladder	Furuya H, Chan OTM, Pagano I, Zhu C, Kim N, Peres R, Hokutan K, Alter S, Rhode P, Rosser CJ.	Effectiveness of two different dose administration regimens of an IL-15 superagonist complex (ALT-803) in an orthotopic bladder cancer mouse model	Journal of translational medicine	2019	30654801	10.1186/s12967-019-1778-6	PMC6337786	https://pmc.ncbi.nlm.nih.gov/articles/PMC6337786/	fulltext/furuya_2019_pmid30654801.xml	bladder_cancer;intravesical;n803_alt803;preclinical;quantitative;route_comparison	fulltext_xml
n803_anktiva_bladder	Huang J, Shiao SL, Furuya H, Rosser CJ.	Immunogenomic Analysis of Exceptional Responder to ALT-803 (IL-15 Analogue) in BCG Unresponsive Nonmuscle Invasive Bladder Cancer: A Case Series and Review of the Literature	Journal of immunotherapy (Hagerstown, Md. : 1997)	2019	31107371	10.1097/cji.0000000000000269	PMC6783344	https://pmc.ncbi.nlm.nih.gov/articles/PMC6783344/	fulltext/huang_2019_pmid31107371.xml	bladder_cancer;clinical;intravesical;n803_alt803;review	fulltext_xml
n803_anktiva_bladder	Huang J, Schisler J, Wong HC, Rosser CJ, Sterbis J.	Intravesical ALT-803 for BCG-unresponsive Bladder Cancer - A Case Report	Urology case reports	2017	28607879	10.1016/j.eucr.2017.04.015	PMC5466554	https://pmc.ncbi.nlm.nih.gov/articles/PMC5466554/	fulltext/huang_2017_pmid28607879.xml	bladder_cancer;intravesical;n803_alt803;quantitative	fulltext_xml
n803_anktiva_bladder	Kim PS, Kwilas AR, Xu W, Alter S, Jeng EK, Wong HC, Schlom J, Hodge JW.	IL-15 superagonist/IL-15RαSushi-Fc fusion complex (IL-15SA/IL-15RαSu-Fc; ALT-803) markedly enhances specific subpopulations of NK and memory CD8+ T cells, and mediates potent anti-tumor activity against murine breast and colon carcinomas	Oncotarget	2016	26910920	10.18632/oncotarget.7470	PMC4941302	https://pmc.ncbi.nlm.nih.gov/articles/PMC4941302/	fulltext/kim_2016_pmid26910920.xml	bladder_cancer;n803_alt803;preclinical	fulltext_xml
n803_anktiva_bladder	Gomes-Giacoia E, Miyake M, Goodison S, Sriharan A, Zhang G, You L, Egan JO, Rhode PR, Parker AS, Chai KX, Wong HC, Rosser CJ.	Intravesical ALT-803 and BCG treatment reduces tumor burden in a carcinogen induced bladder cancer rat model; a role for cytokine production and NK cell expansion	PloS one	2014	24896845	10.1371/journal.pone.0096705	PMC4045574	https://pmc.ncbi.nlm.nih.gov/articles/PMC4045574/	fulltext/gomesgiacoia_2014_pmid24896845.xml	bladder_cancer;clinical;intravesical;n803_alt803;pharmacokinetics;preclinical;quantitative	fulltext_xml
n803_systemic_other_indications	Checkley MA, Luttge BG, Cameron CM, Leskov KS, Dobrowolski C, Wald DN, McMahon D, Haidar G, Sobolewski MD, Enick PN, Cyktor J, Mellors JW, Karn J.	Reduction of the HIV-1 reservoir in T cells from people with HIV-1 on suppressive antiretroviral therapy using expanded natural killer cells	mBio	2026	41641990	10.1128/mbio.02956-25	PMC12977593	https://pmc.ncbi.nlm.nih.gov/articles/PMC12977593/	fulltext/checkley_2026_pmid41641990.xml	n803_alt803;pharmacokinetics	fulltext_xml
n803_systemic_other_indications	Choudhary N, Faiyazuddin M, Kamal R, Kumar D, Webster TJ.	IL-15 superagonists for reprogramming the immunosuppressive microenvironment in gastrointestinal adenocarcinomas	Cancer letters	2026	42580433	10.1016/j.canlet.2026.218780		https://doi.org/10.1016/j.canlet.2026.218780		n803_alt803;preclinical;review;systemic_toxicity	metadata_only
n803_systemic_other_indications	Hur J, Fantini M, Hernandez L, Korrapati S, Edmondson EF, Cam M, Tandon M, Cole CB, Tsang KY, Arlen PM, Annunziata CM, Morelli MP.	IL 15 enhances preclinical efficacy of anti-core 1 O-glycans monoclonal antibody NEO-201 against human endometrial and ovarian cancer	Frontiers in immunology	2026	41816338	10.3389/fimmu.2026.1652596	PMC12971406	https://pmc.ncbi.nlm.nih.gov/articles/PMC12971406/	fulltext/hur_2026_pmid41816338.xml	n803_alt803;pharmacokinetics;preclinical	fulltext_xml
n803_systemic_other_indications	Lamcaj S, Cole E, Hiner C, Santos Bravo M, Zheng JH, Shrestha N, Sowd G, Xiong Y, Zhu Z, Dropulic B, Wong HC, Goldstein H.	Enhancing HIV-1-specific CAR-T cell functional activity by treatment with a novel cytokine-based scaffold with IL-15 superagonist and TGF-β-neutralizing activity	Journal of virology	2026	42599109	10.1128/jvi.00051-26		https://doi.org/10.1128/jvi.00051-26		clinical;n803_alt803;pharmacokinetics	metadata_only
n803_systemic_other_indications	Wu Z, Li H, Wang Y, Lu L, Gu Y, Wang MW.	A shark VNAR-IL-15 fusion protein that suppresses TROP2+ tumor growth	International journal of biological macromolecules	2026	41621509	10.1016/j.ijbiomac.2026.150642		https://doi.org/10.1016/j.ijbiomac.2026.150642		barrier_penetration;formulation;n803_alt803;preclinical;quantitative;systemic_toxicity	metadata_only
n803_systemic_other_indications	Yu K, Zeng Y, Lu B, Xie M, Wang Y, Sun T, Xu X, Song Y, Xiao W.	Sustained IL-15 release enhances CAR-T therapy in multiple myeloma via FOXO1 signaling axis activation	Biomaterials	2026	41936184	10.1016/j.biomaterials.2026.124187		https://doi.org/10.1016/j.biomaterials.2026.124187		formulation;n803_alt803	metadata_only
n803_systemic_other_indications	Farinre O, Anaya T, King AC, Endrias K, Hébert AH, Hill AL, Jean S, Wood JS, Ehnert S, Liang S, Laird GM, Mason RD, Roederer M, Safrit JT, Mavigner M, Chahroudi A.	SIV Env RhmAbs + N-803 at ART initiation prolongs viral decay without disrupting reservoir establishment in SIV-infected infant macaques	PLoS pathogens	2025	39792949	10.1371/journal.ppat.1012863	PMC11756789	https://pmc.ncbi.nlm.nih.gov/articles/PMC11756789/	fulltext/farinre_2025_pmid39792949.xml	n803_alt803;pharmacokinetics	fulltext_xml
n803_systemic_other_indications	Gainer DJ, Coyle KM, Rätsep MT, Quilty D, Tran B, Skebo S, VandenBroek MM, Laverty KL, Deng Y, Shirazi SP, Brady HJ, Sucre JM, Vivier E, Shrestha N, Wong HC, Stewart DJ, Dominik NJ, Ormiston ML.	Natural killer cell TGF-β signaling regulates senolytic activity and vascular patterning in the postnatal lung	bioRxiv	2025		10.1101/2025.08.29.673190		https://doi.org/10.1101/2025.08.29.673190		n803_alt803;pharmacokinetics;preclinical	metadata_only
n803_systemic_other_indications	Lee CA, Schlom J, Hodge JW, Fabian KP.	The ATR inhibitor tuvusertib (M1774) sensitizes prostate carcinoma to natural killer cell-mediated cytotoxicity, which is further augmented by the IL-15 receptor superagonist N-803	Cancer immunology, immunotherapy : CII	2025	41417226	10.1007/s00262-025-04260-4	PMC12717344	https://pmc.ncbi.nlm.nih.gov/articles/PMC12717344/	fulltext/lee_2025_pmid41417226.xml	formulation;n803_alt803	fulltext_xml
n803_systemic_other_indications	Maldonado MDM, Gracia-Hernandez M, Le LH, Iida M, Gulley JL, Donahue RN, Palena C, Schlom J, Hamilton DH.	Combination of a therapeutic cancer vaccine targeting the endogenous retroviral envelope protein ERVMER34-1 with immune-oncology agents facilitates expansion of neoepitope-specific T cells and promotes tumor control	Journal for immunotherapy of cancer	2025	40360436	10.1136/jitc-2024-011378	PMC12163335	https://pmc.ncbi.nlm.nih.gov/articles/PMC12163335/	fulltext/maldonado_2025_pmid40360436.xml	n803_alt803;pharmacokinetics;preclinical;quantitative	fulltext_xml
n803_systemic_other_indications	Rhein J, Chipman JG, Beilman GJ, Cromarty R, Escandón K, Anderson J, Wieking G, Reichel J, Batres R, Khoruts A, Basting CM, Hinderlie P, Davis ZB, Eaton A, Vaughn BP, Eilkhani E, Safrit JT, Soon-Shiong P, Baker JV, Klatt NR, Deeks SG, Miller JS, Schacker TW.	Impact of the IL-15 superagonist N-803 on lymphatic reservoirs of HIV	JCI insight	2025	40471871	10.1172/jci.insight.190831	PMC12288898	https://pmc.ncbi.nlm.nih.gov/articles/PMC12288898/	fulltext/rhein_2025_pmid40471871.xml	clinical;n803_alt803;quantitative;route_comparison	fulltext_xml
n803_systemic_other_indications	Shapiro RM, Sheffer M, Booker MA, Tolstorukov MY, Birch GC, Sade-Feldman M, Fang J, Li S, Lu W, Ansuinelli M, Dulery R, Tarannum M, Baginska J, Dwivedi N, Kothari A, Penter L, Abdulhamid YZ, Kaplan IE, Khanhlinh D, Uppaluri R, Redd RA, Nikiforow S, Koreth J, Ritz J, Wu CJ, Soiffer RJ, Hanna GJ, Romee R.	First-in-human evaluation of memory-like NK cells with an IL-15 super-agonist and CTLA-4 blockade in advanced head and neck cancer	Journal of hematology & oncology	2025	39948608	10.1186/s13045-025-01669-3	PMC11827236	https://pmc.ncbi.nlm.nih.gov/articles/PMC11827236/	fulltext/shapiro_2025_pmid39948608.xml	clinical;n803_alt803;systemic_toxicity	fulltext_xml
n803_systemic_other_indications	Vidal-Manrique M, Nieuwenstein T, Hooijmaijers L, de Jonge PKJD, Djojoatmo M, Jansen J, van der Waart AB, Brock R, Dolstra H.	IL-15 transpresentation by ovarian cancer cells improves CD34+ progenitor-derived NK cell's anti-tumor functionality	Oncoimmunology	2025	39960378	10.1080/2162402x.2025.2465010	PMC11834524	https://pmc.ncbi.nlm.nih.gov/articles/PMC11834524/	fulltext/vidalmanrique_2025_pmid39960378.xml	n803_alt803;route_comparison	fulltext_xml
n803_systemic_other_indications	Chen P, Li S, Nagaoka K, Kakimi K, Kataoka K, Cabral H.	Nanoenabled IL-15 Superagonist via Conditionally Stabilized Protein-Protein Interactions Eradicates Solid Tumors by Precise Immunomodulation	Journal of the American Chemical Society	2024	39356776	10.1021/jacs.4c08327	PMC11613988	https://pmc.ncbi.nlm.nih.gov/articles/PMC11613988/	fulltext/chen_2024_pmid39356776.xml	n803_alt803;preclinical;route_comparison	fulltext_xml
n803_systemic_other_indications	Merino A, Brunstein CC, Shanley R, Rashid F, Wangen R, Bachanova V, Juckett M, Maakaron J, Felices M, Weisdorf D, Miller JS.	N-803, an IL-15 Superagonist Complex as Maintenance Therapy After Allogeneic Donor Stem Cell Transplant for Acute Myeloid Leukemia or Myelodysplastic Syndrome; A Phase 2 Trial	Transplantation and cellular therapy	2024	39362494	10.1016/j.jtct.2024.09.023	PMC11887273	https://pmc.ncbi.nlm.nih.gov/articles/PMC11887273/	fulltext/merino_2024_pmid39362494.xml	clinical;n803_alt803;quantitative;route_comparison	fulltext_xml
n803_systemic_other_indications	Shi W, Liu N, Liu Z, Yang Y, Zeng Q, Wang Y, Song L, Hu F, Fu J, Chen J, Wu M, Zhou L, Zhu F, Gong L, Zhu J, Jiang L, Lu H.	Next-generation anti-PD-L1/IL-15 immunocytokine elicits superior antitumor immunity in cold tumors with minimal toxicity	Cell reports. Medicine	2024	38697105	10.1016/j.xcrm.2024.101531	PMC11148641	https://pmc.ncbi.nlm.nih.gov/articles/PMC11148641/	fulltext/shi_2024_pmid38697105.xml	n803_alt803;systemic_toxicity	fulltext_xml
n803_systemic_other_indications	Shi W, Xu W, Song L, Zeng Q, Qi G, Qin Y, Li Z, Liu X, Jiao Z, Zhao Y, Liu N, Lu H.	A tumor-conditional IL-15 safely synergizes with immunotherapy to enhance antitumor immune responses	Molecular therapy : the journal of the American Society of Gene Therapy	2024	39489922	10.1016/j.ymthe.2024.10.021	PMC11638872	https://pmc.ncbi.nlm.nih.gov/articles/PMC11638872/	fulltext/shi_2024_pmid39489922.xml	n803_alt803;systemic_toxicity	fulltext_xml
n803_systemic_other_indications	Yu J, Li Q, Luo S, Wang X, Cheng Q, Hu R.	Targeted LNPs deliver mRNA encoding IL-15 superagonists to balance efficacy and toxicity in cancer therapy	bioRxiv	2024		10.1101/2024.01.11.575299		https://doi.org/10.1101/2024.01.11.575299		formulation;n803_alt803;route_comparison	metadata_only
n803_systemic_other_indications	Dashti A, Sukkestad S, Horner AM, Neja M, Siddiqi Z, Waller C, Goldy J, Monroe D, Lin A, Schoof N, Singh V, Mavigner M, Lifson JD, Deleage C, Tuyishime M, Falcinelli SD, King HAD, Ke R, Mason RD, Archin NM, Dunham RM, Safrit JT, Jean S, Perelson AS, Margolis DM, Ferrari G, Roederer M, Silvestri G, Chahroudi A.	AZD5582 plus SIV-specific antibodies reduce lymph node viral reservoirs in antiretroviral therapy-suppressed macaques	Nature medicine	2023	37783968	10.1038/s41591-023-02570-7	PMC10579098	https://pmc.ncbi.nlm.nih.gov/articles/PMC10579098/	fulltext/dashti_2023_pmid37783968.xml	n803_alt803;pharmacokinetics	fulltext_xml
n803_systemic_other_indications	Ellis-Connell AL, Balgeman AJ, Harwood OE, Moriarty RV, Safrit JT, Weiler AM, Friedrich TC, O'Connor SL.	Control of Simian Immunodeficiency Virus Infection in Prophylactically Vaccinated, Antiretroviral Treatment-Naive Macaques Is Required for the Most Efficacious CD8 T Cell Response during Treatment with the Interleukin-15 Superagonist N-803	Journal of virology	2022	36190241	10.1128/jvi.01185-22	PMC9599604	https://pmc.ncbi.nlm.nih.gov/articles/PMC9599604/	fulltext/ellisconnell_2022_pmid36190241.xml	n803_alt803;route_comparison	fulltext_xml
n803_systemic_other_indications	Ellis-Connell AL, Balgeman AJ, Harwood OE, Moriarty RV, Safrit JT, Weiler AM, Friedrich TC, O’Connor SL.	Control of SIV infection in prophylactically vaccinated, ART-naïve macaques is required for the most efficacious CD8 T cell response during treatment with the IL-15 superagonist N-803	bioRxiv	2022		10.1101/2022.06.02.494515		https://doi.org/10.1101/2022.06.02.494515		n803_alt803;route_comparison	metadata_only
n803_systemic_other_indications	Harwood OE, Balgeman AJ, Weaver AJ, Ellis-Connell AL, Weiler AM, Erickson KN, Matschke LM, Golfinos AE, Vezys V, Skinner PJ, Safrit JT, Edlefsen PT, Reynolds MR, Friedrich TC, O’Connor SL.	Transient T cell expansion, activation, and proliferation in therapeutically vaccinated SIV+ macaques treated with N-803	bioRxiv	2022		10.1101/2022.07.08.499199		https://doi.org/10.1101/2022.07.08.499199		n803_alt803;route_comparison	metadata_only
n803_systemic_other_indications	Harwood OE, Balgeman AJ, Weaver AJ, Ellis-Connell AL, Weiler AM, Erickson KN, Matschke LM, Golfinos AE, Vezys V, Skinner PJ, Safrit JT, Edlefsen PT, Reynolds MR, Friedrich TC, O'Connor SL.	Transient T Cell Expansion, Activation, and Proliferation in Therapeutically Vaccinated Simian Immunodeficiency Virus-Positive Macaques Treated with N-803	Journal of virology	2022	36377872	10.1128/jvi.01424-22	PMC9749465	https://pmc.ncbi.nlm.nih.gov/articles/PMC9749465/	fulltext/harwood_2022_pmid36377872.xml	n803_alt803;route_comparison	fulltext_xml
n803_systemic_other_indications	Li Y, Zhang L.	"A commentary of ""'Shock and Kill' of Latent HIV"" : 10 remarkable discoveries from 2020 in Nature"	Fundamental research	2022	38933157	10.1016/j.fmre.2022.01.006	PMC11197734	https://pmc.ncbi.nlm.nih.gov/articles/PMC11197734/	fulltext/li_2022_pmid38933157.xml	n803_alt803;pharmacokinetics	fulltext_xml
n803_systemic_other_indications	Lv L, Wang H, Shi W, Wang Y, Zhu W, Liu Z, Chen X, Zheng C, Kong W, Li W, Zhu J, Lu H.	A homodimeric IL-15 superagonist F4RLI with easy preparation, improved half-life, and potent antitumor activities	Applied microbiology and biotechnology	2022	36184689	10.1007/s00253-022-12209-1		https://doi.org/10.1007/s00253-022-12209-1		clinical;n803_alt803;pharmacokinetics;preclinical;quantitative	metadata_only
n803_systemic_other_indications	Miller JS, Davis ZB, Helgeson E, Reilly C, Thorkelson A, Anderson J, Lima NS, Jorstad S, Hart GT, Lee JH, Safrit JT, Wong H, Cooley S, Gharu L, Chung H, Soon-Shiong P, Dobrowolski C, Fletcher CV, Karn J, Douek DC, Schacker TW.	Safety and virologic impact of the IL-15 superagonist N-803 in people living with HIV: a phase 1 trial	Nature medicine	2022	35102335	10.1038/s41591-021-01651-9		https://doi.org/10.1038/s41591-021-01651-9		clinical;n803_alt803;preclinical;systemic_toxicity	metadata_only
n803_systemic_other_indications	Rubinstein MP, Williams C, Mart C, Beall J, MacPherson L, Azar J, Swiderska-Syn M, Manca P, Gibney BC, Robinson MD, Krieg C, Hill EG, Taha SA, Rock AD, Lee JH, Soon-Shiong P, Wrangle J.	Phase I Trial Characterizing the Pharmacokinetic Profile of N-803, a Chimeric IL-15 Superagonist, in Healthy Volunteers	Journal of immunology (Baltimore, Md. : 1950)	2022	35228263	10.4049/jimmunol.2100066		https://doi.org/10.4049/jimmunol.2100066		clinical;n803_alt803;pharmacokinetics;quantitative;route_comparison;route_pk;systemic_toxicity	metadata_only
n803_systemic_other_indications	Bentebibel SE, Diab A.	Cytokines in the Treatment of Melanoma	Current oncology reports	2021	34003395	10.1007/s11912-021-01064-4		https://doi.org/10.1007/s11912-021-01064-4		clinical;n803_alt803;pharmacokinetics;review;systemic_toxicity	metadata_only
n803_systemic_other_indications	Bergamaschi C, Stravokefalou V, Stellas D, Karaliota S, Felber BK, Pavlakis GN.	Heterodimeric IL-15 in Cancer Immunotherapy	Cancers	2021	33671252	10.3390/cancers13040837	PMC7922495	https://pmc.ncbi.nlm.nih.gov/articles/PMC7922495/	fulltext/bergamaschi_2021_pmid33671252.xml	clinical;n803_alt803;pharmacokinetics;preclinical;review	fulltext_xml
n803_systemic_other_indications	Foltz JA, Hess BT, Bachanova V, Bartlett NL, Berrien-Elliott MM, McClain E, Becker-Hapak M, Foster M, Schappe T, Kahl B, Mehta-Shah N, Cashen AF, Marin ND, McDaniels K, Moreno C, Mosior M, Gao F, Griffith OL, Griffith M, Wagner JA, Epperla N, Rock AD, Lee J, Petti AA, Soon-Shiong P, Fehniger TA.	Phase I Trial of N-803, an IL15 Receptor Agonist, with Rituximab in Patients with Indolent Non-Hodgkin Lymphoma	Clinical cancer research : an official journal of the American Association for Cancer Research	2021	33832946	10.1158/1078-0432.ccr-20-4575	PMC8197753	https://pmc.ncbi.nlm.nih.gov/articles/PMC8197753/	fulltext/foltz_2021_pmid33832946.xml	clinical;n803_alt803;route_comparison;systemic_toxicity	fulltext_xml
n803_systemic_other_indications	Harwood O, O'Connor S.	Therapeutic Potential of IL-15 and N-803 in HIV/SIV Infection	Viruses	2021	34578331	10.3390/v13091750	PMC8473246	https://pmc.ncbi.nlm.nih.gov/articles/PMC8473246/	fulltext/harwood_2021_pmid34578331.xml	n803_alt803;pharmacokinetics;review	fulltext_xml
n803_systemic_other_indications	Miyazaki T, Maiti M, Hennessy M, Chang T, Kuo P, Addepalli M, Obalapur P, Sheibani S, Wilczek J, Pena R, Quach P, Cetz J, Moffett A, Tang Y, Kirk P, Huang J, Sheng D, Zhang P, Rubas W, Madakamutil L, Kivimäe S, Zalevsky J.	NKTR-255, a novel polymer-conjugated rhIL-15 with potent antitumor efficacy	Journal for immunotherapy of cancer	2021	34001523	10.1136/jitc-2020-002024	PMC8130760	https://pmc.ncbi.nlm.nih.gov/articles/PMC8130760/	fulltext/miyazaki_2021_pmid34001523.xml	clinical;n803_alt803;pharmacokinetics;preclinical	fulltext_xml
n803_systemic_other_indications	Van der Meer JMR, Maas RJA, Guldevall K, Klarenaar K, de Jonge PKJD, Evert JSH, van der Waart AB, Cany J, Safrit JT, Lee JH, Wagena E, Friedl P, Önfelt B, Massuger LF, Schaap NPM, Jansen JH, Hobo W, Dolstra H.	IL-15 superagonist N-803 improves IFNγ production and killing of leukemia and ovarian cancer cells by CD34+ progenitor-derived NK cells	Cancer immunology, immunotherapy : CII	2021	33140189	10.1007/s00262-020-02749-8	PMC8053152	https://pmc.ncbi.nlm.nih.gov/articles/PMC8053152/	fulltext/van_2021_pmid33140189.xml	n803_alt803;pharmacokinetics;preclinical	fulltext_xml
n803_systemic_other_indications	Xu H, Shi M, Shao C, Li H, Wu J, Yu Y, Fang F, Guo Y, Xiao W.	Development of IL-15/IL-15Rα sushi domain-IgG4 Fc complexes in Pichia pastoris with potent activities and prolonged half-lives	Microbial cell factories	2021	34107983	10.1186/s12934-021-01605-3	PMC8190845	https://pmc.ncbi.nlm.nih.gov/articles/PMC8190845/	fulltext/xu_2021_pmid34107983.xml	n803_alt803;pharmacokinetics;preclinical;quantitative;route_comparison;route_pk	fulltext_xml
n803_systemic_other_indications	Desbois M, Béal C, Charrier M, Besse B, Meurice G, Cagnard N, Jacques Y, Béchard D, Cassard L, Chaput N.	IL-15 superagonist RLI has potent immunostimulatory properties on NK cells: implications for antimetastatic treatment	Journal for immunotherapy of cancer	2020	32532840	10.1136/jitc-2020-000632	PMC7295443	https://pmc.ncbi.nlm.nih.gov/articles/PMC7295443/	fulltext/desbois_2020_pmid32532840.xml	clinical;n803_alt803;pharmacokinetics;preclinical	fulltext_xml
n803_systemic_other_indications	Webb GM, Molden J, Busman-Sahay K, Abdulhaqq S, Wu HL, Weber WC, Bateman KB, Reed JS, Northrup M, Maier N, Tanaka S, Gao L, Davey B, Carpenter BL, Axthelm MK, Stanton JJ, Smedley J, Greene JM, Safrit JT, Estes JD, Skinner PJ, Sacha JB.	The human IL-15 superagonist N-803 promotes migration of virus-specific CD8+ T and NK cells to B cell follicles but does not reverse latency in ART-suppressed, SHIV-infected macaques	PLoS pathogens	2020	32163523	10.1371/journal.ppat.1008339	PMC7093032	https://pmc.ncbi.nlm.nih.gov/articles/PMC7093032/	fulltext/webb_2020_pmid32163523.xml	n803_alt803;route_comparison	fulltext_xml
n803_systemic_other_indications	Knudson KM, Hicks KC, Alter S, Schlom J, Gameiro SR.	Mechanisms involved in IL-15 superagonist enhancement of anti-PD-L1 therapy	Journal for immunotherapy of cancer	2019	30898149	10.1186/s40425-019-0551-y	PMC6429734	https://pmc.ncbi.nlm.nih.gov/articles/PMC6429734/	fulltext/knudson_2019_pmid30898149.xml	n803_alt803;preclinical;route_comparison	fulltext_xml
n803_systemic_other_indications	Lee KL, Benz SC, Hicks KC, Nguyen A, Gameiro SR, Palena C, Sanborn JZ, Su Z, Ordentlich P, Rohlin L, Lee JH, Rabizadeh S, Soon-Shiong P, Niazi K, Schlom J, Hamilton DH.	Efficient Tumor Clearance and Diversified Immunity through Neoepitope Vaccines and Combinatorial Immunotherapy	Cancer immunology research	2019	31292145	10.1158/2326-6066.cir-18-0620	PMC8202970	https://pmc.ncbi.nlm.nih.gov/articles/PMC8202970/	fulltext/lee_2019_pmid31292145.xml	n803_alt803;pharmacokinetics	fulltext_xml
n803_systemic_other_indications	Liu B, Jones M, Kong L, Noel T, Jeng EK, Shi S, England CG, Alter S, Miller JS, Cai W, Rhode PR, Wong HC.	Evaluation of the biological activities of the IL-15 superagonist complex, ALT-803, following intravenous versus subcutaneous administration in murine models	Cytokine	2018	29452720	10.1016/j.cyto.2017.12.003	PMC5916319	https://pmc.ncbi.nlm.nih.gov/articles/PMC5916319/	fulltext/liu_2018_pmid29452720.xml	clinical;n803_alt803;pharmacokinetics;preclinical;quantitative;route_comparison;route_pk	fulltext_xml
n803_systemic_other_indications	Margolin K, Morishima C, Velcheti V, Miller JS, Lee SM, Silk AW, Holtan SG, Lacroix AM, Fling SP, Kaiser JC, Egan JO, Jones M, Rhode PR, Rock AD, Cheever MA, Wong HC, Ernstoff MS.	Phase I Trial of ALT-803, A Novel Recombinant IL15 Complex, in Patients with Advanced Solid Tumors	Clinical cancer research : an official journal of the American Association for Cancer Research	2018	30045932	10.1158/1078-0432.ccr-18-0945	PMC6239933	https://pmc.ncbi.nlm.nih.gov/articles/PMC6239933/	fulltext/margolin_2018_pmid30045932.xml	clinical;n803_alt803;pharmacokinetics;preclinical;quantitative;route_comparison;route_pk	fulltext_xml
n803_systemic_other_indications	Romee R, Cooley S, Berrien-Elliott MM, Westervelt P, Verneris MR, Wagner JE, Weisdorf DJ, Blazar BR, Ustun C, DeFor TE, Vivek S, Peck L, DiPersio JF, Cashen AF, Kyllo R, Musiek A, Schaffer A, Anadkat MJ, Rosman I, Miller D, Egan JO, Jeng EK, Rock A, Wong HC, Fehniger TA, Miller JS.	First-in-human phase 1 clinical study of the IL-15 superagonist complex ALT-803 to treat relapse after transplantation	Blood	2018	29463563	10.1182/blood-2017-12-823757	PMC5992862	https://pmc.ncbi.nlm.nih.gov/articles/PMC5992862/	fulltext/romee_2018_pmid29463563.xml	clinical;n803_alt803;pharmacokinetics;quantitative;route_comparison;route_pk;systemic_toxicity	fulltext_xml
n803_systemic_other_indications	Tang L, Zheng Y, Melo MB, Mabardi L, Castaño AP, Xie YQ, Li N, Kudchodkar SB, Wong HC, Jeng EK, Maus MV, Irvine DJ.	Enhancing T cell therapy through TCR-signaling-responsive nanoparticle drug delivery	Nature biotechnology	2018	29985479	10.1038/nbt.4181	PMC6078803	https://pmc.ncbi.nlm.nih.gov/articles/PMC6078803/	fulltext/tang_2018_pmid29985479.xml	formulation;n803_alt803;pharmacokinetics;preclinical;quantitative;route_comparison;route_pk	fulltext_xml
n803_systemic_other_indications	Wrangle JM, Velcheti V, Patel MR, Garrett-Mayer E, Hill EG, Ravenel JG, Miller JS, Farhad M, Anderton K, Lindsey K, Taffaro-Neskey M, Sherman C, Suriano S, Swiderska-Syn M, Sion A, Harris J, Edwards AR, Rytlewski JA, Sanders CM, Yusko EC, Robinson MD, Krieg C, Redmond WL, Egan JO, Rhode PR, Jeng EK, Rock AD, Wong HC, Rubinstein MP.	ALT-803, an IL-15 superagonist, in combination with nivolumab in patients with metastatic non-small cell lung cancer: a non-randomised, open-label, phase 1b trial	The Lancet. Oncology	2018	29628312	10.1016/s1470-2045(18)30148-7	PMC6089612	https://pmc.ncbi.nlm.nih.gov/articles/PMC6089612/	fulltext/wrangle_2018_pmid29628312.xml	clinical;n803_alt803;quantitative;route_comparison;systemic_toxicity	fulltext_xml
n803_systemic_other_indications	Bailey CP, Budak-Alpdogan T, Sauter CT, Panis MM, Buyukgoz C, Jeng EK, Wong HC, Flomenberg N, Alpdogan O.	New interleukin-15 superagonist (IL-15SA) significantly enhances graft-versus-tumor activity	Oncotarget	2017	28574833	10.18632/oncotarget.17875	PMC5546486	https://pmc.ncbi.nlm.nih.gov/articles/PMC5546486/	fulltext/bailey_2017_pmid28574833.xml	n803_alt803;pharmacokinetics;preclinical	fulltext_xml
n803_systemic_other_indications	Guo Y, Luan L, Patil NK, Sherwood ER.	Immunobiology of the IL-15/IL-15Rα complex as an antitumor and antiviral agent	Cytokine & growth factor reviews	2017	28888485	10.1016/j.cytogfr.2017.08.002	PMC5705392	https://pmc.ncbi.nlm.nih.gov/articles/PMC5705392/	fulltext/guo_2017_pmid28888485.xml	clinical;n803_alt803;pharmacokinetics;preclinical;review	fulltext_xml
n803_systemic_other_indications	Mah AY, Rashidi A, Keppel MP, Saucier N, Moore EK, Alinger JB, Tripathy SK, Agarwal SK, Jeng EK, Wong HC, Miller JS, Fehniger TA, Mace EM, French AR, Cooper MA.	Glycolytic requirement for NK cell cytotoxicity and cytomegalovirus control	JCI insight	2017	29212951	10.1172/jci.insight.95128	PMC5752285	https://pmc.ncbi.nlm.nih.gov/articles/PMC5752285/	fulltext/mah_2017_pmid29212951.xml	n803_alt803;pharmacokinetics;preclinical	fulltext_xml
n803_systemic_other_indications	Gaither KA, Little AA, McBride AA, Garcia SR, Brar KK, Zhu Z, Platt A, Zhang F, Meadows GG, Zhang H.	The immunomodulatory, antitumor and antimetastatic responses of melanoma-bearing normal and alcoholic mice to sunitinib and ALT-803: a combinatorial treatment approach	Cancer immunology, immunotherapy : CII	2016	27481107	10.1007/s00262-016-1876-8	PMC11029158	https://pmc.ncbi.nlm.nih.gov/articles/PMC11029158/	fulltext/gaither_2016_pmid27481107.xml	n803_alt803;preclinical;route_comparison	fulltext_xml
n803_systemic_other_indications	Rhode PR, Egan JO, Xu W, Hong H, Webb GM, Chen X, Liu B, Zhu X, Wen J, You L, Kong L, Edwards AC, Han K, Shi S, Alter S, Sacha JB, Jeng EK, Cai W, Wong HC.	Comparison of the Superagonist Complex, ALT-803, to IL15 as Cancer Immunotherapeutics in Animal Models	Cancer immunology research	2016	26511282	10.1158/2326-6066.cir-15-0093-t	PMC4703482	https://pmc.ncbi.nlm.nih.gov/articles/PMC4703482/	fulltext/rhode_2016_pmid26511282.xml	n803_alt803;pharmacokinetics;preclinical;quantitative;route_comparison;route_pk	fulltext_xml
n803_systemic_other_indications	Rosario M, Liu B, Kong L, Collins LI, Schneider SE, Chen X, Han K, Jeng EK, Rhode PR, Leong JW, Schappe T, Jewell BA, Keppel CR, Shah K, Hess B, Romee R, Piwnica-Worms DR, Cashen AF, Bartlett NL, Wong HC, Fehniger TA.	The IL-15-Based ALT-803 Complex Enhances FcγRIIIa-Triggered NK Cell Responses and In Vivo Clearance of B Cell Lymphomas	Clinical cancer research : an official journal of the American Association for Cancer Research	2016	26423796	10.1158/1078-0432.ccr-15-1419	PMC4738096	https://pmc.ncbi.nlm.nih.gov/articles/PMC4738096/	fulltext/rosario_2016_pmid26423796.xml	n803_alt803;pharmacokinetics;preclinical	fulltext_xml
n803_systemic_other_indications	Rosario M, Liu B, Kong L, Schneider S, Jeng E, Rhode P, Wong H, Fehniger T.	The IL-15 superagonist ALT-803 enhances anti-CD20 antibody-directed NK cell ADCC and in vivo clearance of B cell lymphomas	Journal for immunotherapy of cancer	2014		10.1186/2051-1426-2-s3-p168	PMC4288551	https://pmc.ncbi.nlm.nih.gov/articles/PMC4288551/	fulltext/rosario_2014_pmidPMC4288551.xml	n803_alt803;pharmacokinetics	fulltext_xml
n803_systemic_other_indications	Vincent M, Bessard A, Cochonneau D, Teppaz G, Solé V, Maillasson M, Birklé S, Garrigue-Antar L, Quéméner A, Jacques Y.	Tumor targeting of the IL-15 superagonist RLI by an anti-GD2 antibody strongly enhances its antitumor potency	International journal of cancer	2013	23354868	10.1002/ijc.28059		https://doi.org/10.1002/ijc.28059		clinical;n803_alt803;preclinical;route_comparison	metadata_only
n803_systemic_other_indications	Han KP, Zhu X, Liu B, Jeng E, Kong L, Yovandich JL, Vyas VV, Marcus WD, Chavaillaz PA, Romero CA, Rhode PR, Wong HC.	IL-15:IL-15 receptor alpha superagonist complex: high-level co-expression in recombinant mammalian cells, purification and characterization	Cytokine	2011	22019703	10.1016/j.cyto.2011.09.028	PMC3221918	https://pmc.ncbi.nlm.nih.gov/articles/PMC3221918/	fulltext/han_2011_pmid22019703.xml	n803_alt803;pharmacokinetics;preclinical;quantitative;route_comparison;route_pk	fulltext_xml
n803_systemic_other_indications	McCann C, Zale E, Ward A, Dilling T, Danesh A, Stevenson E, Mota T, Boesch A, Andresen T, Irvine D, Jones R.	4308 DEEP-PRIMED IL-15 SUPERAGONIST IMPROVES ANTIVIRAL EFFICACY OF HIV-SPECIFIC CD8+ T-CELLS IN HUMANIZED MOUSE MODEL	Journal of clinical and translational science				PMC8823420	https://pmc.ncbi.nlm.nih.gov/articles/PMC8823420/	fulltext/mccann__pmidPMC8823420.xml	n803_alt803;pharmacokinetics;preclinical;quantitative	fulltext_xml
il15_systemic_route_pk	An H, Oh J, Bae J.	Advances in IL-2 Family Cytokine-Based Cancer Therapies: Overcoming Challenges Through Molecular Engineering and Delivery Strategies	Immune network	2026	41800025	10.4110/in.2026.26.e6	PMC12962837	https://pmc.ncbi.nlm.nih.gov/articles/PMC12962837/	fulltext/an_2026_pmid41800025.xml	formulation;il15_agonist;pharmacokinetics;review;systemic_toxicity	fulltext_xml
il15_systemic_route_pk	Bair SM, Pinto N, Roth A, Verneris M, Haverkos B, Nicklawsky A, Ohm A, Jordan K, Murphy LA, Marians R, Mallo R, Orentas R, Adams C, Kamdar M, Fry T.	Feasibility and Safety of a Novel CD19-Directed CAR T-Cell Therapy in Patients with R/R B-Cell Non-Hodgkin Lymphoma	Transplantation and cellular therapy	2026	42242517	10.1016/j.jtct.2026.06.002		https://doi.org/10.1016/j.jtct.2026.06.002		clinical;il15_agonist;quantitative;systemic_toxicity	metadata_only
il15_systemic_route_pk	Cao M, Tang Y, Li Y, Li J, Shen M, Hu L, Zhang Y, Li D, Wang D, Mao J, Shen J.	Multi-armored mesenchymal stem cells potentiate antitumor immunity to combat ovarian cancer	Stem cell research & therapy	2026	42057205	10.1186/s13287-026-05028-y	PMC13270786	https://pmc.ncbi.nlm.nih.gov/articles/PMC13270786/	fulltext/cao_2026_pmid42057205.xml	il15_agonist;preclinical;quantitative;route_comparison	fulltext_xml
il15_systemic_route_pk	Fernandez RDV, Hails G, Hangasky JA, Ashley GW, Santi DV.	PEG-RLI: A Long-Acting IL-15 Agonist That Produces Massive Levels of CD8+ and CD44hiCD8+ Cells for Cancer Immunotherapy	Pharmaceutics	2026	42514941	10.3390/pharmaceutics18070863	PMC13414841	https://pmc.ncbi.nlm.nih.gov/articles/PMC13414841/	fulltext/fernandez_2026_pmid42514941.xml	barrier_penetration;il15_agonist;pharmacokinetics;preclinical;quantitative	fulltext_xml
il15_systemic_route_pk	Fu Y, Chen W, Zhou Y, Zhang S, Zheng X, Liu H, Zhao Y.	Local delivery of GPC3-CAR T cells in a thermosensitive hydrogel enhances antitumor efficacy in hepatocellular carcinoma	International immunopharmacology	2026	42250289	10.1016/j.intimp.2026.116982		https://doi.org/10.1016/j.intimp.2026.116982		formulation;il15_agonist;preclinical;route_comparison;systemic_toxicity	metadata_only
il15_systemic_route_pk	Hong S, Moon D, Hwang S, Lee M, Cho D, Song JM.	Quantitative assessment of extravasation of IL-15-secreting MSLN-CAR-NK-92 cells using tumor transparency imaging	Theranostics	2026	42094597	10.7150/thno.125194	PMC13142241	https://pmc.ncbi.nlm.nih.gov/articles/PMC13142241/	fulltext/hong_2026_pmid42094597.xml	barrier_penetration;il15_agonist;preclinical;quantitative;route_comparison	fulltext_xml
il15_systemic_route_pk	Huang Y, Liu X, Chen Y, Zhang H, Zhang J, Fu YX, Yang X, Yang Z.	IL-12 augments adoptive cell therapy by reshaping CD8+ T dynamics and broadening antitumor immunity	Cancer letters	2026	42097493	10.1016/j.canlet.2026.218563		https://doi.org/10.1016/j.canlet.2026.218563		il15_agonist;systemic_toxicity	metadata_only
il15_systemic_route_pk	Luly KM, Zhou XMM, Surwase SS, Rocher EE, Kollings J, Lu C, Will E, Zhu Q, Anders RA, Green JJ, Tzeng SY, Sunshine JC.	Reprogramming the melanoma tumor immune microenvironment via combinatorial signal 2/3 gene delivery	Journal for immunotherapy of cancer	2026	41592890	10.1136/jitc-2025-012856	PMC12853471	https://pmc.ncbi.nlm.nih.gov/articles/PMC12853471/	fulltext/luly_2026_pmid41592890.xml	formulation;il15_agonist;pharmacokinetics	fulltext_xml
il15_systemic_route_pk	Patel H, Ahuja M, Shah K, Ahuja N, Bhatt J, Patel D, Sharma P, Panchal S, Sundararajan A, Dalai SK.	Chimeric IL-15 as a next-generation immunotherapeutic: preclinical assessment of efficacy and safety	International immunopharmacology	2026	42685629	10.1016/j.intimp.2026.117317		https://doi.org/10.1016/j.intimp.2026.117317		il15_agonist;pharmacokinetics;preclinical;quantitative;systemic_toxicity	metadata_only
il15_systemic_route_pk	Rettinger E, Heckl D, Hutter M, Salzmann-Manrique E, Luedtke M, Huenecke S, Bremm M, Cappel C, Bug G, Greil J, Meisel R, Wagner-Drouet EM, Serve H, Güngör T, Klusmann JH, Klingebiel T, Bader P, Bonig H.	First-in-Human Study of IL15-Activated Cytokine-Induced Killer Cells After Allogeneic HCT Shows Durable Remission and Serotherapy-Associated Immune Reconstitution in Leukemia	Journal of clinical oncology : official journal of the American Society of Clinical Oncology	2026	41941697	10.1200/jco-25-01966	PMC13166077	https://pmc.ncbi.nlm.nih.gov/articles/PMC13166077/	fulltext/rettinger_2026_pmid41941697.xml	clinical;formulation;il15_agonist;pharmacokinetics;quantitative	fulltext_xml
il15_systemic_route_pk	Yang L, Hong Y, Chen Z, Gao Y, Lei W, Pan Y, Chen X, Zhang P, Ye Q, Qian W.	Safety and feasibility of Claudin18.2 (CLDN18.2)-specific CAR-NK cells in advanced gastrointestinal cancers: a phase 1 trial	Research Square	2026		10.21203/rs.3.rs-10489398/v1		https://doi.org/10.21203/rs.3.rs-10489398/v1		clinical;il15_agonist;pharmacokinetics;quantitative;route_comparison;route_pk;systemic_toxicity	metadata_only
il15_systemic_route_pk	Zhang Q, Yin B, Sabier M, Yang Y, Wu M, Zhao Z, Luo X, Zhong Y, Zhu X, Zhang J, Wang J, Chen K, Ruan F, Zhang W, Lu Z, Wang J.	Engineered Mesenchymal Stem Cell-NK Cell Complexes for Spatially Targeted and Functionally Revitalized Cancer Immunotherapy	Advanced science (Weinheim, Baden-Wurttemberg, Germany)	2026	40827682	10.1002/advs.202509638	PMC13292232	https://pmc.ncbi.nlm.nih.gov/articles/PMC13292232/	fulltext/zhang_2026_pmid40827682.xml	formulation;il15_agonist;preclinical;route_comparison	fulltext_xml
il15_systemic_route_pk	Ahlawat A.	Precision Nanotherapy for p53-Mutant Cancer Using Modular Triple-LNP Delivery	Research Square	2025		10.21203/rs.3.rs-6858679/v1		https://doi.org/10.21203/rs.3.rs-6858679/v1		formulation;il15_agonist;pharmacokinetics;preclinical;systemic_toxicity	metadata_only
il15_systemic_route_pk	Ahmed J, O'Sullivan Coyne G, Rubinstein LV, Shin SJ, Takebe N, Bruns A, Augustine B, Mukherjee J, Ma N, Fino K, Fung KL, Ferry-Galow KV, Johnson BC, Parchment RE, Streicher H, Doroshow JH, Chen AP.	Phase 1 study evaluating the safety, preliminary efficacy, and pharmacodynamics of recombinant interleukin-15 in combination with nivolumab and ipilimumab in patients with refractory cancers	Journal for immunotherapy of cancer	2025	41423268	10.1136/jitc-2025-013252	PMC12718592	https://pmc.ncbi.nlm.nih.gov/articles/PMC12718592/	fulltext/ahmed_2025_pmid41423268.xml	clinical;il15_agonist;quantitative;systemic_toxicity	fulltext_xml
il15_systemic_route_pk	Champiat S, Garralda E, Galvao V, Cassier PA, Gomez-Roca C, Korakis I, Grell P, Naing A, LoRusso P, Mikyskova R, Podzimkova N, Reinis M, Ouali K, Schoenenberger A, Kiemle-Kallee J, Tillmanns S, Sachse R, Moebius U, Spisek R, Bechard D, Jelinkova LP, Adkins I, Marabelle A.	Nanrilkefusp alfa (SOT101), an IL-15 receptor βγ superagonist, as a single agent or with anti-PD-1 in patients with advanced cancers	Cell reports. Medicine	2025	39933529	10.1016/j.xcrm.2025.101967	PMC11866505	https://pmc.ncbi.nlm.nih.gov/articles/PMC11866505/	fulltext/champiat_2025_pmid39933529.xml	clinical;il15_agonist;preclinical;quantitative;route_comparison;systemic_toxicity	fulltext_xml
il15_systemic_route_pk	Cron KR, Fang P, Pham O, Janes J, Brandenburg J, Lu W, Zhu J, Peterson B, Tribble S, Kehoe H, Makarova A, Iannello A, Chan J, Skoble J, He H, Rae C, Thanos CD, Udyavar AR.	ACTM-838, a novel systemically delivered bacterial immunotherapy that enriches in solid tumors and delivers IL-15/IL-15Rα and STING payloads to engage innate and adaptive immunity in the TME and enable a durable anti-tumor immune response	Oncotarget	2025	41048107	10.18632/oncotarget.28769	PMC12758031	https://pmc.ncbi.nlm.nih.gov/articles/PMC12758031/	fulltext/cron_2025_pmid41048107.xml	il15_agonist;preclinical;route_comparison;systemic_toxicity	fulltext_xml
il15_systemic_route_pk	George VK, Wong HC, Felices M, Rubinstein MP, Shrestha N, Valderrama N, Farzaneh H, Kong L, Gilkes C, Thompson A, Larson M, Liu B, Zhu X, Leclerc GM, Chung D, Xie J, Krull J, Gomez L, Kanakaraj L, Bialik A, Egan JO, You L, Liu X, Teodorescu R, Gutierrez AKK, Echeverri C, Rodriguez R, Wang Z, Xing J, Gonzalez N, Chaturvedi P, Patel MR, Wangen R, Cao Q, Rhode PR, Miller JS, Geller MA.	TGF-βRII/IL-15 immunotherapeutic complex targets exhausted CD8+ T-cell subsets in lymph nodes and tumors	Journal for immunotherapy of cancer	2025	41423270	10.1136/jitc-2025-013533	PMC12719900	https://pmc.ncbi.nlm.nih.gov/articles/PMC12719900/	fulltext/george_2025_pmid41423270.xml	clinical;il15_agonist;preclinical;quantitative;route_comparison	fulltext_xml
il15_systemic_route_pk	Ghobadi A, Bachanova V, Patel K, Park JH, Flinn I, Riedell PA, Bachier C, Diefenbach CS, Wong C, Bickers C, Wong L, Patel D, Goodridge J, Denholt M, Valamehr B, Elstrom RL, Strati P.	Induced pluripotent stem-cell-derived CD19-directed chimeric antigen receptor natural killer cells in B-cell lymphoma: a phase 1, first-in-human trial	Lancet (London, England)	2025	39798981	10.1016/s0140-6736(24)02462-0	PMC11827677	https://pmc.ncbi.nlm.nih.gov/articles/PMC11827677/	fulltext/ghobadi_2025_pmid39798981.xml	clinical;il15_agonist;pharmacokinetics;quantitative;route_comparison;route_pk;systemic_toxicity	fulltext_xml
il15_systemic_route_pk	Gordon MJ, Dubois S, Miljkovic MD, Ng S, Bryant B, Lakhotia R, Melani C, Pittaluga S, Conlon K, Waldmann T, Staudt LM, Wilson WH, Roschewski M.	A phase 1 study of interleukin-15 in combination with mogamulizumab in relapsed and refractory T-cell malignancies	Blood neoplasia	2025	40546724	10.1016/j.bneo.2024.100054	PMC12182836	https://pmc.ncbi.nlm.nih.gov/articles/PMC12182836/	fulltext/gordon_2025_pmid40546724.xml	clinical;il15_agonist;quantitative;systemic_toxicity	fulltext_xml
il15_systemic_route_pk	Joslyn LR, Jafarnejad M, Yadav R, Holder PG, Sanjabi S, Shivva V, Liu K, Leung I, Kiabi N, Schubbert S, Bernett MJ, Desjarlais JR, Ramanujan S, Hosseini I.	A quantitative systems pharmacology model to inform clinical translation of dynamic PKPD relationships of engineered IL-15	European journal of pharmaceutical sciences : official journal of the European Federation for Pharmaceutical Sciences	2025	41033565	10.1016/j.ejps.2025.107303		https://doi.org/10.1016/j.ejps.2025.107303		il15_agonist;pharmacokinetics	metadata_only
il15_systemic_route_pk	Khalafallah SA, Mohammed Elzein A, Faris IM, Attaelmanan GA, Alamin MF, Almleeh A, Bader M, Alfaki M.	Identification of Hub Genes and Pathways in Preinfusion Chimeric Antigen Receptor (CAR) T-cell Products Associated With Cytokine Release Syndrome	Cureus	2025	40370902	10.7759/cureus.82155	PMC12076287	https://pmc.ncbi.nlm.nih.gov/articles/PMC12076287/	fulltext/khalafallah_2025_pmid40370902.xml	il15_agonist;systemic_toxicity	fulltext_xml
il15_systemic_route_pk	Li Z, Xu J, Lin H, Yu S, Sun J, Zhang C, Zhang S, Li T, Yang A, Lu W.	Interleukin-15Rα-Sushi-Fc Fusion Protein Co-Hitchhikes Interleukin-15 and Pheophorbide A for Cancer Photoimmunotherapy	Pharmaceutics	2025	40430906	10.3390/pharmaceutics17050615	PMC12114846	https://pmc.ncbi.nlm.nih.gov/articles/PMC12114846/	fulltext/li_2025_pmid40430906.xml	formulation;il15_agonist;pharmacokinetics;preclinical	fulltext_xml
il15_systemic_route_pk	Montorfani J, Hatterer E, Chatel L, Lesnier A, Viandier A, Daubeuf B, Nouveau L, Malinge P, Calloud S, Masternak K, Ferlin W, Fischer N, Jandus C, Shang L.	Selective activation of interleukin-2/interleukin-15 receptor signaling in tumor microenvironment using paired bispecific antibodies	Journal for immunotherapy of cancer	2025	40132909	10.1136/jitc-2024-010650	PMC11938229	https://pmc.ncbi.nlm.nih.gov/articles/PMC11938229/	fulltext/montorfani_2025_pmid40132909.xml	il15_agonist;preclinical;systemic_toxicity	fulltext_xml
il15_systemic_route_pk	Naing A, McKean M, Rosen LS, Sommerhalder D, Shaik NM, Wang IM, Le Corre C, Kern KA, Mishra NH, Pal SK.	First-in-human phase I study to evaluate safety, tolerability, pharmacokinetics, pharmacodynamics, immunogenicity, and antitumor activity of PF-07209960 in patients with advanced or metastatic solid tumors	ESMO open	2025	39965362	10.1016/j.esmoop.2025.104291	PMC11876874	https://pmc.ncbi.nlm.nih.gov/articles/PMC11876874/	fulltext/naing_2025_pmid39965362.xml	clinical;il15_agonist;pharmacokinetics;quantitative;route_comparison;route_pk;systemic_toxicity	fulltext_xml
il15_systemic_route_pk	Renninger J, Kurz L, Stein H.	Mitigation and Management of Common Toxicities Associated with the Administration of CAR-T Therapies in Oncology Patients	Drug safety	2025	40108072	10.1007/s40264-025-01538-5	PMC12174263	https://pmc.ncbi.nlm.nih.gov/articles/PMC12174263/	fulltext/renninger_2025_pmid40108072.xml	il15_agonist;review;systemic_toxicity	fulltext_xml
il15_systemic_route_pk	Song L, Qi G, Shi W, Zeng Q, Qin Y, Wang Z, Li W, Song Z, Zhang A, Lu H.	Universal Fab-Fc masked cytokine prodrug platform: αPD-L1/IL-15 prodrug activates CD44+ CD8+ T cells in tumor-draining lymph nodes to enhance antitumor immunity	Journal for immunotherapy of cancer	2025	40744663	10.1136/jitc-2025-011944	PMC12314929	https://pmc.ncbi.nlm.nih.gov/articles/PMC12314929/	fulltext/song_2025_pmid40744663.xml	il15_agonist;pharmacokinetics;preclinical;systemic_toxicity	fulltext_xml
il15_systemic_route_pk	Warny M, Ostrowski SR, Petersen SL, Friis LS, Kornblit BT, Andersen NS, Schjødt I, Larsen MH, Møller JA, Haastrup EK, Sengeløv H, Minculescu L.	Interleukin-15 and innate effector cells as predictors of outcome in allogeneic hematopoietic cell transplantation	Frontiers in immunology	2025	41704538	10.3389/fimmu.2025.1649313	PMC12907447	https://pmc.ncbi.nlm.nih.gov/articles/PMC12907447/	fulltext/warny_2025_pmid41704538.xml	formulation;il15_agonist;pharmacokinetics	fulltext_xml
il15_systemic_route_pk	Zeng F, Zhang H, Wang S, Passang T, Li Y, Funk CR, Wyman S, O'Leary CB, Abousaud AI, Liu Y, Rupji M, Dhodapkar KM, Waller EK, Koff JL.	Plasma Cytokine and Chemokine Profiles Predict Efficacy and Toxicity of Anti-CD19 CAR-T Cell Therapy in Large B-Cell Lymphoma	Clinical lymphoma, myeloma & leukemia	2025	40113544	10.1016/j.clml.2025.02.009		https://doi.org/10.1016/j.clml.2025.02.009		clinical;il15_agonist;quantitative;systemic_toxicity	metadata_only
il15_systemic_route_pk	Zhang F, Soleimani Samarkhazan H, Pooraskari Z, Bayani A.	Beyond CAR-T: Engineered NK cell therapies (CAR-NK, NKCEs) in next-generation cancer immunotherapy	Critical reviews in oncology/hematology	2025	40848820	10.1016/j.critrevonc.2025.104912		https://doi.org/10.1016/j.critrevonc.2025.104912		il15_agonist;quantitative;review;systemic_toxicity	metadata_only
il15_systemic_route_pk	Gellert J, Jäkel A, Danielczyk A, Goletz C, Lischke T, Flechner A, Dix L, Günzl A, Kehler P.	GT-00AxIL15, a Novel Tumor-Targeted IL-15-Based Immunocytokine for the Treatment of TA-MUC1-Positive Solid Tumors: Preclinical In Vitro and In Vivo Pharmacodynamics and Biodistribution Studies	International journal of molecular sciences	2024	38338686	10.3390/ijms25031406	PMC10855649	https://pmc.ncbi.nlm.nih.gov/articles/PMC10855649/	fulltext/gellert_2024_pmid38338686.xml	bladder_cancer;il15_agonist;pharmacokinetics;preclinical	fulltext_xml
il15_systemic_route_pk	Hangasky JA, Fernández RDV, Stellas D, Hails G, Karaliota S, Ashley GW, Felber BK, Pavlakis GN, Santi DV.	Leveraging long-acting IL-15 agonists for intratumoral delivery and enhanced antimetastatic activity	Frontiers in immunology	2024	39559362	10.3389/fimmu.2024.1458145	PMC11570272	https://pmc.ncbi.nlm.nih.gov/articles/PMC11570272/	fulltext/hangasky_2024_pmid39559362.xml	formulation;il15_agonist;pharmacokinetics;preclinical;quantitative;route_comparison;route_pk	fulltext_xml
il15_systemic_route_pk	Yadav R, Schubbert S, Holder PG, Chiang EY, Kiabi N, Bogaert L, Leung I, Rashid R, Avery KN, Bonzon C, Desjarlais JR, Sanjabi S, Sharma A, Lepherd M, Shelton A, Chan P, Liu Y, Joslyn L, Hosseini I, Stefanich EG, Kamath AV, Bernett MJ, Shivva V.	Translational PK/PD and the first-in-human dose selection of a PD1/IL15: an engineered recombinant targeted cytokine for cancer immunotherapy	Frontiers in pharmacology	2024	38887559	10.3389/fphar.2024.1380000	PMC11181026	https://pmc.ncbi.nlm.nih.gov/articles/PMC11181026/	fulltext/yadav_2024_pmid38887559.xml	clinical;il15_agonist;pharmacokinetics;preclinical;quantitative;route_comparison;route_pk	fulltext_xml
il15_systemic_route_pk	Cini JK, Dexter S, Rezac DJ, McAndrew SJ, Hedou G, Brody R, Eraslan RN, Kenney RT, Mohan P.	SON-1210 - a novel bifunctional IL-12 / IL-15 fusion protein that improves cytokine half-life, targets tumors, and enhances therapeutic efficacy	Frontiers in immunology	2023	38250068	10.3389/fimmu.2023.1326927	PMC10798159	https://pmc.ncbi.nlm.nih.gov/articles/PMC10798159/	fulltext/cini_2023_pmid38250068.xml	bladder_cancer;clinical;il15_agonist;pharmacokinetics;preclinical;quantitative;systemic_toxicity	fulltext_xml
il15_systemic_route_pk	Hirayama AV, Chou CK, Miyazaki T, Steinmetz RN, Di HA, Fraessle SP, Gauthier J, Fiorenza S, Hawkins RM, Overwijk WW, Riddell SR, Marcondes MQ, Turtle CJ.	A novel polymer-conjugated human IL-15 improves efficacy of CD19-targeted CAR T-cell immunotherapy	Blood advances	2023	36332004	10.1182/bloodadvances.2022008697	PMC10242497	https://pmc.ncbi.nlm.nih.gov/articles/PMC10242497/	fulltext/hirayama_2023_pmid36332004.xml	clinical;il15_agonist;pharmacokinetics;preclinical	fulltext_xml
il15_systemic_route_pk	Leidner R, Conlon K, McNeel DG, Wang-Gillam A, Gupta S, Wesolowski R, Chaudhari M, Hassounah N, Lee JB, Ho Lee L, O'Keeffe JA, Lewis N, Pavlakis GN, Thompson JA.	First-in-human phase I/Ib study of NIZ985, a recombinant heterodimer of IL-15 and IL-15Rα, as a single agent and in combination with spartalizumab in patients with advanced and metastatic solid tumors	Journal for immunotherapy of cancer	2023	37907221	10.1136/jitc-2023-007725	PMC10619015	https://pmc.ncbi.nlm.nih.gov/articles/PMC10619015/	fulltext/leidner_2023_pmid37907221.xml	clinical;il15_agonist;pharmacokinetics;quantitative;route_comparison;route_pk;systemic_toxicity	fulltext_xml
il15_systemic_route_pk	Lu D, Yadav R, Holder P, Chiang E, Sanjabi S, Poon V, Bernett M, Varma R, Liu K, Leung I, Bogaert L, Desjarlais J, Shivva V, Hosseini I, Ramanujan S.	Complex PK-PD of an engineered IL-15/IL-15Rα-Fc fusion protein in cynomolgus monkeys: QSP modeling of lymphocyte dynamics	European journal of pharmaceutical sciences : official journal of the European Federation for Pharmaceutical Sciences	2023	37084985	10.1016/j.ejps.2023.106450		https://doi.org/10.1016/j.ejps.2023.106450		il15_agonist;pharmacokinetics;preclinical;quantitative	metadata_only
il15_systemic_route_pk	Miljkovic MD, Dubois SP, Müller JR, Bryant B, Ma E, Conlon KC, Waldmann TA.	Interleukin-15 augments NK cell-mediated ADCC of alemtuzumab in patients with CD52+ T-cell malignancies	Blood advances	2023	35475910	10.1182/bloodadvances.2021006440	PMC9898617	https://pmc.ncbi.nlm.nih.gov/articles/PMC9898617/	fulltext/miljkovic_2023_pmid35475910.xml	clinical;il15_agonist;preclinical;quantitative;route_comparison;systemic_toxicity	fulltext_xml
il15_systemic_route_pk	Wang K, Zhang X, Ye H, Wang X, Fan Z, Lu Q, Li S, Zhao J, Zheng S, He Z, Ni Q, Chen X, Sun J.	Biomimetic nanovaccine-mediated multivalent IL-15 self-transpresentation (MIST) for potent and safe cancer immunotherapy	Nature communications	2023	37875481	10.1038/s41467-023-42155-z	PMC10598200	https://pmc.ncbi.nlm.nih.gov/articles/PMC10598200/	fulltext/wang_2023_pmid37875481.xml	il15_agonist;pharmacokinetics;quantitative;systemic_toxicity	fulltext_xml
il15_systemic_route_pk	Hangasky JA, Chen W, Dubois SP, Daenthanasanmak A, Müller JR, Reid R, Waldmann TA, Santi DV.	A very long-acting IL-15: implications for the immunotherapy of cancer	Journal for immunotherapy of cancer	2022	35101947	10.1136/jitc-2021-004104	PMC8804710	https://pmc.ncbi.nlm.nih.gov/articles/PMC8804710/	fulltext/hangasky_2022_pmid35101947.xml	formulation;il15_agonist;pharmacokinetics;preclinical;quantitative;route_comparison;route_pk	fulltext_xml
il15_systemic_route_pk	Rebhun RB, York D, Cruz SM, Judge SJ, Razmara AM, Farley LE, Brady RV, Johnson EG, Burton JH, Willcox J, Wittenburg LA, Woolard K, Dunai C, Stewart SL, Sparger EE, Withers SS, Gingrich AA, Skorupski KA, Al-Nadaf S, LeJeune AT, Culp WT, Murphy WJ, Kent MS, Canter RJ.	Inhaled recombinant human IL-15 in dogs with naturally occurring pulmonary metastases from osteosarcoma or melanoma: a phase 1 study of clinical activity and correlates of response	Journal for immunotherapy of cancer	2022	35680383	10.1136/jitc-2022-004493	PMC9174838	https://pmc.ncbi.nlm.nih.gov/articles/PMC9174838/	fulltext/rebhun_2022_pmid35680383.xml	clinical;il15_agonist;pharmacokinetics;preclinical;quantitative;systemic_toxicity	fulltext_xml
il15_systemic_route_pk	Conlon K, Watson DC, Waldmann TA, Valentin A, Bergamaschi C, Felber BK, Peer CJ, Figg WD, Potter EL, Roederer M, McNeel DG, Thompson JA, Gupta S, Leidner R, Wang-Gillam A, Parikh NS, Long D, Kurtulus S, Ho Lee L, Chowdhury NR, Bender F, Pavlakis GN.	Phase I study of single agent NIZ985, a recombinant heterodimeric IL-15 agonist, in adult patients with metastatic or unresectable solid tumors	Journal for immunotherapy of cancer	2021	34799399	10.1136/jitc-2021-003388	PMC8606766	https://pmc.ncbi.nlm.nih.gov/articles/PMC8606766/	fulltext/conlon_2021_pmid34799399.xml	clinical;il15_agonist;pharmacokinetics;preclinical;quantitative;route_comparison;route_pk;systemic_toxicity	fulltext_xml
il15_systemic_route_pk	Dubois SP, Miljkovic MD, Fleisher TA, Pittaluga S, Hsu-Albert J, Bryant BR, Petrus MN, Perera LP, Müller JR, Shih JH, Waldmann TA, Conlon KC.	Short-course IL-15 given as a continuous infusion led to a massive expansion of effective NK cells: implications for combination therapy with antitumor antibodies	Journal for immunotherapy of cancer	2021	33883258	10.1136/jitc-2020-002193	PMC8061813	https://pmc.ncbi.nlm.nih.gov/articles/PMC8061813/	fulltext/dubois_2021_pmid33883258.xml	clinical;il15_agonist;quantitative;route_comparison;systemic_toxicity	fulltext_xml
il15_systemic_route_pk	Hsu FT, Liu YC, Tsai CL, Yueh PF, Chang CH, Lan KL.	Preclinical Evaluation of Recombinant Human IL15 Protein Fused with Albumin Binding Domain on Anti-PD-L1 Immunotherapy Efficiency and Anti-Tumor Immunity in Colon Cancer and Melanoma	Cancers	2021	33918641	10.3390/cancers13081789	PMC8070266	https://pmc.ncbi.nlm.nih.gov/articles/PMC8070266/	fulltext/hsu_2021_pmid33918641.xml	clinical;il15_agonist;pharmacokinetics;preclinical	fulltext_xml
il15_systemic_route_pk	Xue D, Hsu E, Fu YX, Peng H.	Next-generation cytokines for cancer immunotherapy	Antibody therapeutics	2021	34263141	10.1093/abt/tbab014	PMC8271143	https://pmc.ncbi.nlm.nih.gov/articles/PMC8271143/	fulltext/xue_2021_pmid34263141.xml	il15_agonist;pharmacokinetics;preclinical;review	fulltext_xml
il15_systemic_route_pk	Hangasky JA, Waldmann TA, Santi DV.	Interleukin 15 Pharmacokinetics and Consumption by a Dynamic Cytokine Sink	Frontiers in immunology	2020	32903632	10.3389/fimmu.2020.01813	PMC7438588	https://pmc.ncbi.nlm.nih.gov/articles/PMC7438588/	fulltext/hangasky_2020_pmid32903632.xml	bladder_cancer;il15_agonist;pharmacokinetics;review;route_comparison;route_pk	fulltext_xml
il15_systemic_route_pk	Conlon KC, Potter EL, Pittaluga S, Lee CR, Miljkovic MD, Fleisher TA, Dubois S, Bryant BR, Petrus M, Perera LP, Hsu J, Figg WD, Peer CJ, Shih JH, Yovandich JL, Creekmore SP, Roederer M, Waldmann TA.	IL15 by Continuous Intravenous Infusion to Adult Patients with Solid Tumors in a Phase I Trial Induced Dramatic NK-Cell Subset Expansion	Clinical cancer research : an official journal of the American Association for Cancer Research	2019	31142503	10.1158/1078-0432.ccr-18-3468	PMC6697593	https://pmc.ncbi.nlm.nih.gov/articles/PMC6697593/	fulltext/conlon_2019_pmid31142503.xml	clinical;il15_agonist;pharmacokinetics;quantitative;route_comparison;route_pk;systemic_toxicity	fulltext_xml
il15_systemic_route_pk	Cooley S, He F, Bachanova V, Vercellotti GM, DeFor TE, Curtsinger JM, Robertson P, Grzywacz B, Conlon KC, Waldmann TA, McKenna DH, Blazar BR, Weisdorf DJ, Miller JS.	First-in-human trial of rhIL-15 and haploidentical natural killer cell therapy for advanced acute myeloid leukemia	Blood advances	2019	31266741	10.1182/bloodadvances.2018028332	PMC6616260	https://pmc.ncbi.nlm.nih.gov/articles/PMC6616260/	fulltext/cooley_2019_pmid31266741.xml	clinical;il15_agonist;pharmacokinetics;quantitative;route_comparison;route_pk;systemic_toxicity	fulltext_xml
il15_systemic_route_pk	Zhao M, Luo M, Xie Y, Jiang H, Cagliero C, Li N, Ye H, Wu M, Hao S, Sun T, Yang H, Zhang M, Lin T, Lu H, Zhu J.	Development of a recombinant human IL-15·sIL-15Rα/Fc superagonist with improved half-life and its antitumor activity alone or in combination with PD-1 blockade in mouse model	Biomedicine & pharmacotherapy = Biomedecine & pharmacotherapie	2019	30798123	10.1016/j.biopha.2019.108677		https://doi.org/10.1016/j.biopha.2019.108677		il15_agonist;pharmacokinetics;preclinical;quantitative	metadata_only
il15_systemic_route_pk	Bergamaschi C, Watson DC, Valentin A, Bear J, Peer CJ, Figg WD, Felber BK, Pavlakis GN.	Optimized administration of hetIL-15 expands lymphocytes and minimizes toxicity in rhesus macaques	Cytokine	2018	29402721	10.1016/j.cyto.2018.01.011	PMC6657354	https://pmc.ncbi.nlm.nih.gov/articles/PMC6657354/	fulltext/bergamaschi_2018_pmid29402721.xml	il15_agonist;pharmacokinetics;quantitative;route_comparison;route_pk;systemic_toxicity	fulltext_xml
il15_systemic_route_pk	Miller JS, Morishima C, McNeel DG, Patel MR, Kohrt HEK, Thompson JA, Sondel PM, Wakelee HA, Disis ML, Kaiser JC, Cheever MA, Streicher H, Creekmore SP, Waldmann TA, Conlon KC.	A First-in-Human Phase I Study of Subcutaneous Outpatient Recombinant Human IL15 (rhIL15) in Adults with Advanced Solid Tumors	Clinical cancer research : an official journal of the American Association for Cancer Research	2018	29203590	10.1158/1078-0432.ccr-17-2451	PMC6741437	https://pmc.ncbi.nlm.nih.gov/articles/PMC6741437/	fulltext/miller_2018_pmid29203590.xml	clinical;il15_agonist;pharmacokinetics;preclinical;quantitative;route_comparison;route_pk;systemic_toxicity	fulltext_xml
il15_systemic_route_pk	Conlon KC, Lugli E, Welles HC, Rosenberg SA, Fojo AT, Morris JC, Fleisher TA, Dubois SP, Perera LP, Stewart DM, Goldman CK, Bryant BR, Decker JM, Chen J, Worthy TA, Figg WD, Peer CJ, Sneller MC, Lane HC, Yovandich JL, Creekmore SP, Roederer M, Waldmann TA.	Redistribution, hyperproliferation, activation of natural killer cells and CD8 T cells, and cytokine production during first-in-human clinical trial of recombinant human interleukin-15 in patients with cancer	Journal of clinical oncology : official journal of the American Society of Clinical Oncology	2015	25403209	10.1200/jco.2014.57.3329	PMC4268254	https://pmc.ncbi.nlm.nih.gov/articles/PMC4268254/	fulltext/conlon_2015_pmid25403209.xml	clinical;il15_agonist;pharmacokinetics;quantitative;route_comparison;route_pk;systemic_toxicity	fulltext_xml
il15_systemic_route_pk	Waldmann TA.	Interleukin-15 in the treatment of cancer	Expert review of clinical immunology	2014	25359408	10.1586/1744666x.2014.973856	PMC7701979	https://pmc.ncbi.nlm.nih.gov/articles/PMC7701979/	fulltext/waldmann_2014_pmid25359408.xml	barrier_penetration;clinical;il15_agonist;preclinical;quantitative;review;route_comparison	fulltext_xml
il15_systemic_route_pk	Sneller MC, Kopp WC, Engelke KJ, Yovandich JL, Creekmore SP, Waldmann TA, Lane HC.	IL-15 administered by continuous infusion to rhesus macaques induces massive expansion of CD8+ T effector memory population in peripheral blood	Blood	2011	22067383	10.1182/blood-2011-09-377804	PMC3245206	https://pmc.ncbi.nlm.nih.gov/articles/PMC3245206/	fulltext/sneller_2011_pmid22067383.xml	il15_agonist;quantitative;route_comparison	fulltext_xml
intravesical_pk_dilution	Abid S, Qasim N, Qaisar A, Nadeem A, Saeed J, Shah SUA, Samad AA, Fadlalla Ahmed TK.	FDA approval of mitomycin hydrogel (Zusduri): a new non-surgical era for non-muscle-invasive bladder cancer (NMIBC)	Annals of medicine and surgery (2012)	2026	42433776	10.1097/ms9.0000000000005163	PMC13354436	https://pmc.ncbi.nlm.nih.gov/articles/PMC13354436/	fulltext/abid_2026_pmid42433776.xml	bladder_cancer;clinical;dilution_dwell;dilution_or_dwell;formulation;intravesical	fulltext_xml
intravesical_pk_dilution	Cao X, Zhang H, Luo Y, Chen Y, Yao J, Ni R, Zhu T, Yao Y, Chen J, Guo B, Wu K.	Under-Urine-Adhered Supramolecular Hydrogel with Linearly Sustained Quercetin Release Facilitates Hemorrhagic Cystitis Healing via Inflammation Regulation	Advanced science (Weinheim, Baden-Wurttemberg, Germany)	2026	41204706	10.1002/advs.202515003	PMC12850167	https://pmc.ncbi.nlm.nih.gov/articles/PMC12850167/	fulltext/cao_2026_pmid41204706.xml	barrier_penetration;formulation;intravesical;pharmacokinetics;quantitative	fulltext_xml
intravesical_pk_dilution	Fichna K, Crespo-Cuadrado M, Konuparamban A, Di Carlo V, Esporrín-Ubieto D, Macías-Tarrío I, Jutglar Soler O, Chen S, Gómez-Martínez M, Bakenecker AC, Vilaseca A, Llop J, Sánchez S.	Nanomotor-Assisted Intravesical Chemotherapy for Bladder Tumor Reduction and Suppression of Early Tumor Regrowth	Nano letters	2026	42024786	10.1021/acs.nanolett.5c05411	PMC13154347	https://pmc.ncbi.nlm.nih.gov/articles/PMC13154347/	fulltext/fichna_2026_pmid42024786.xml	bladder_cancer;formulation;intravesical;pharmacokinetics;preclinical;quantitative	fulltext_xml
intravesical_pk_dilution	Gupta K, Cristofoletti R.	A Physiology Based Three Layer Diffusion Reaction Model For In Vitro To In Vivo Translation Of Intravesical Mitomycin C Exposure In The Human Urinary Bladder Wall	Research Square	2026		10.21203/rs.3.rs-10705091/v1		https://doi.org/10.21203/rs.3.rs-10705091/v1		barrier_penetration;bladder_cancer;dilution_dwell;dilution_or_dwell;intravesical;pharmacokinetics;quantitative	metadata_only
intravesical_pk_dilution	Kacan T, Tezcan B, Yildiz AK, Gokkurt Y, Demir DO, Erbay OF, Keseroglu BB, Karakan T.	Impact of spinal versus general anesthesia on dwell time of early immediate intravesical epirubicin administration following transurethral resection of bladder tumor: an observational study	World journal of urology	2026	42034706	10.1007/s00345-026-06346-9		https://doi.org/10.1007/s00345-026-06346-9		bladder_cancer;dilution_dwell;dilution_or_dwell;formulation;intravesical;quantitative	metadata_only
intravesical_pk_dilution	Kayar K, Kayar R, Ozdemir BB, Karabay E, Tosun C, Ozturk MI, Yucebas OE.	Urinary pH and oncologic outcomes after bacillus calmette-guérin in non-muscle invasive bladder cancer: a retrospective cohort study	Actas urologicas espanolas	2026	42191064	10.1016/j.acuroe.2026.501995		https://doi.org/10.1016/j.acuroe.2026.501995		bladder_cancer;clinical;dilution_dwell;dilution_or_dwell;intravesical;quantitative	metadata_only
intravesical_pk_dilution	Li J, Ni C, Li S, Huang Y, Yue J.	Catheter-Deliverable Floating Hydrogels for Sustained Intravesical Drug Release	Gels (Basel, Switzerland)	2026	42644909	10.3390/gels12080663		https://doi.org/10.3390/gels12080663		dilution_dwell;dilution_or_dwell;formulation;intravesical;pharmacokinetics;quantitative	metadata_only
intravesical_pk_dilution	Marami S, Tavakoli MH, Pashaki AS, Nikzad S.	Computational analysis of the impact of urine volume on magnetic nanoparticle hyperthermia in the treatment of non-muscle-invasive bladder cancer	European journal of pharmaceutics and biopharmaceutics : official journal of Arbeitsgemeinschaft fur Pharmazeutische Verfahrenstechnik e.V	2026	41544719	10.1016/j.ejpb.2026.114992		https://doi.org/10.1016/j.ejpb.2026.114992		bladder_cancer;dilution_dwell;dilution_or_dwell;formulation;intravesical;quantitative	metadata_only
intravesical_pk_dilution	Mikhail AS, Gurram S, Valera VA, Haemmerich D, Gopal N, Bakhutashvili I, Richardson W, Peer CJ, Starost MF, Hesswani C, Schmidt KT, Figg WD, Karanian JW, Pritchard WF, Wood BJ.	Heat-activated intravenous liposomal doxorubicin combined with mitomycin C hyperthermic intravesical chemotherapy (HIVEC) for treatment of bladder cancer	International journal of hyperthermia : the official journal of European Society for Hyperthermic Oncology, North American Hyperthermia Group	2026	41631502	10.1080/02656736.2026.2615462		https://doi.org/10.1080/02656736.2026.2615462		bladder_cancer;formulation;intravesical;pharmacokinetics;quantitative;route_comparison;route_pk	metadata_only
intravesical_pk_dilution	Wang X, Hu H, Wang Q, Li L, Shen XZ.	Using the intravesical delivery route to target the kidney	American journal of physiology. Renal physiology	2026	41545021	10.1152/ajprenal.00245.2025		https://doi.org/10.1152/ajprenal.00245.2025		barrier_penetration;formulation;intravesical;pharmacokinetics;preclinical;route_comparison;route_pk;systemic_toxicity	metadata_only
intravesical_pk_dilution	Xu Y, Du Q, Zhao Z, Fu S, Zhang A, Zheng J, Zhao C, Meng Y, Liu H, Lv Z, Qin X, Geng H, Yu N.	Targeted Accumulation of Reactive Acrolein via Nanoparticle-embedded Reverse Temperature Hydrogel for Bladder Cancer Treatment	Theranostics	2026	41355953	10.7150/thno.119307	PMC12679701	https://pmc.ncbi.nlm.nih.gov/articles/PMC12679701/	fulltext/xu_2026_pmid41355953.xml	bladder_cancer;dilution_dwell;dilution_or_dwell;formulation;intravesical	fulltext_xml
intravesical_pk_dilution	Z Khan M, Atta MA, Kotb A, Ismail A, Kotb A.	Beyond the Rotisserie: Dispelling the Myths of Intravesical Therapy and Pioneering a Precision Future for Bladder Cancer	Urology research & practice	2026	42364205	10.5152/tud.2026.25112		https://doi.org/10.5152/tud.2026.25112		barrier_penetration;bladder_cancer;dilution_dwell;dilution_or_dwell;formulation;intravesical;pharmacokinetics;quantitative	metadata_only
intravesical_pk_dilution	Zeng S, Xing S, Yu X, Liu X, Xu Z, Zhang Y, Li Y, Yue M, Qi J, Ding D, Cui Y, Liu Q.	In-Situ Self-Assembling Multifunctional Peptide-Hydrogel Enables Efficient Bladder Cancer Therapy via Sustained Release of Bacillus Calmette-Guérin and Enhanced Immune Response	ACS applied materials & interfaces	2026	41936056	10.1021/acsami.6c01301		https://doi.org/10.1021/acsami.6c01301		bladder_cancer;dilution_dwell;dilution_or_dwell;formulation;intravesical;preclinical	metadata_only
intravesical_pk_dilution	Zhong C, Yin L, Hung M, Yao S, Tang M, Cong Z.	Nature-Inspired Solutions: Biomimetic Materials and Adaptive Devices for Precision Urinary Oncology	Cancers	2026	42122225	10.3390/cancers18091429	PMC13162812	https://pmc.ncbi.nlm.nih.gov/articles/PMC13162812/	fulltext/zhong_2026_pmid42122225.xml	barrier_penetration;dilution_dwell;dilution_or_dwell;intravesical;pharmacokinetics;review	fulltext_xml
intravesical_pk_dilution	Górski J, Gajewski W, Ziembicki H, Pierudzka W.	Nanoparticles as Drug Delivery Systems in Intravesical Therapy for Non-muscle Invasive Bladder Cancer: A Narrative Review	Cureus	2025	41018451	10.7759/cureus.91103	PMC12466319	https://pmc.ncbi.nlm.nih.gov/articles/PMC12466319/	fulltext/grski_2025_pmid41018451.xml	barrier_penetration;bladder_cancer;clinical;dilution_dwell;dilution_or_dwell;formulation;intravesical;preclinical;review;systemic_toxicity	fulltext_xml
intravesical_pk_dilution	John KA, Odibo AO, Soliman AM, Abayomi M, Awah FM, Barrah VU.	The Future of Bladder Cancer Therapies: Integrating Hydrogel Scaffolds for Epigenetic Regulator Delivery	Cureus	2025	41322853	10.7759/cureus.95675	PMC12662193	https://pmc.ncbi.nlm.nih.gov/articles/PMC12662193/	fulltext/john_2025_pmid41322853.xml	bladder_cancer;clinical;dilution_dwell;dilution_or_dwell;formulation;intravesical;review	fulltext_xml
intravesical_pk_dilution	Kozyrakis D, Konstantinopoulos V, Papaspyridakos P, Zarkadas A, Bozios D, Karmogiannis A, Haronis G, Konomi AM, Kallinikas G, Safioleas K, Mytiliniou D, Filios A, Rodinos E, Filios P.	Prostate artery embolization as an effective treatment for clinically significant prostate cancer‑related hemorrhage: A case report	Experimental and therapeutic medicine	2025	39720669	10.3892/etm.2024.12776	PMC11667420	https://pmc.ncbi.nlm.nih.gov/articles/PMC11667420/	fulltext/kozyrakis_2025_pmid39720669.xml	dilution_dwell;dilution_or_dwell;formulation;intravesical;quantitative	fulltext_xml
intravesical_pk_dilution	Maeda A, Tobu S, Kawasaki M, Kakinoki H, Noguchi M.	Prospective Analysis of Residual Urine Volume and Its Association With Intravesical Recurrence in Patients With Non-Muscle-Invasive Bladder Cancer	Cureus	2025	40510068	10.7759/cureus.84023	PMC12161164	https://pmc.ncbi.nlm.nih.gov/articles/PMC12161164/	fulltext/maeda_2025_pmid40510068.xml	bladder_cancer;dilution_dwell;dilution_or_dwell;intravesical;quantitative	fulltext_xml
intravesical_pk_dilution	Munavvir M, M M, Khan A, Debashish GD.	TAR-200: Investigational intravesical drug delivery system for bladder cancer	Urologia	2025	39930602	10.1177/03915603251319133		https://doi.org/10.1177/03915603251319133		barrier_penetration;bladder_cancer;clinical;dilution_dwell;dilution_or_dwell;formulation;intravesical;pharmacokinetics;review;systemic_toxicity	metadata_only
intravesical_pk_dilution	Prasad SM, Louie MJ, Burger B, Tsurutis V, Ugwuoke N, Strauss-Ayali D.	Pharmacokinetics of UGN‑102, an investigational mitomycin‑containing reverse thermal gel for the treatment of non-muscle invasive bladder cancer	Cancer chemotherapy and pharmacology	2025	41074972	10.1007/s00280-025-04821-5	PMC12515116	https://pmc.ncbi.nlm.nih.gov/articles/PMC12515116/	fulltext/prasad_2025_pmid41074972.xml	bladder_cancer;formulation;intravesical;pharmacokinetics;quantitative;route_comparison;route_pk	fulltext_xml
intravesical_pk_dilution	Ryu H, Lee S, Song SH, Lee H, Oh JJ, Hong SK, Byun SS, Song B.	Acidic urine as a prognostic factor after intravesical Bacillus Calmette-Guérin induction therapy for nonmuscle-invasive bladder cancer	World journal of urology	2025	40278931	10.1007/s00345-025-05648-8		https://doi.org/10.1007/s00345-025-05648-8		bladder_cancer;clinical;dilution_dwell;dilution_or_dwell;intravesical;quantitative	metadata_only
intravesical_pk_dilution	Tanyeri Üzel S, Keskin B, Kültürsay B, Duman AB, Solmaz S, Sağdıç B, Gençer F, Karaçam M, Mutlu D, Karagöz A.	Intravesical Pressure Monitoring: A Practical Method for Predicting Diuresis in Patients with Congestive Heart Failure	Anatolian journal of cardiology	2025	40864510	10.14744/anatoljcardiol.2025.5494		https://doi.org/10.14744/anatoljcardiol.2025.5494		dilution_dwell;dilution_or_dwell;formulation;intravesical;quantitative;route_comparison	metadata_only
intravesical_pk_dilution	Uleri A, Katzendorn O, Khene ZE, Xylinas E, Ramos FG, Pradere B.	Novel intravesical delivery systems for nonmuscle invasive bladder cancer	Current opinion in urology	2025	40673778	10.1097/mou.0000000000001326		https://doi.org/10.1097/mou.0000000000001326		barrier_penetration;bladder_cancer;clinical;dilution_dwell;dilution_or_dwell;formulation;intravesical;quantitative;review	metadata_only
intravesical_pk_dilution	Yamashita R, Sugino T, Notsu A, Nakaya Y, Ito K, Sakura Y, Shinsaka H, Matsuzaki M, Niwakawa M, Kikuchi E.	Relationship between urinary pH and efficacy of Bacillus Calmette-Guérin treatment in patients with carcinoma in situ of the bladder	World journal of urology	2025	40389638	10.1007/s00345-025-05700-7		https://doi.org/10.1007/s00345-025-05700-7		bladder_cancer;dilution_dwell;dilution_or_dwell;intravesical;quantitative	metadata_only
intravesical_pk_dilution	Yu A, Meng X, Hou Z, Du X, Chen M, Zong X, Chen Y, Wang M, Dai R, Li Y, Li Z, Dong P, Li X, Fan B.	Comparative outcomes and prognosis in patients with ureteral upper tract urothelial carcinoma undergoing segmental ureterectomy versus radical nephroureterectomy: a multicenter cohort study	International journal of surgery (London, England)	2025	40865937	10.1097/js9.0000000000003292	PMC12695398	https://pmc.ncbi.nlm.nih.gov/articles/PMC12695398/	fulltext/yu_2025_pmid40865937.xml	bladder_cancer;clinical;intravesical;pharmacokinetics;quantitative;route_comparison;route_pk	fulltext_xml
intravesical_pk_dilution	Yu H, Duan Z, Sun J, Fan Z, Zhang J, Chen Z, Wang P, Wei Z.	Efficacy and Safety of Intravesical Electrical Stimulation for Underactive Bladder: A Meta-Analysis and Systematic Review	Neuromodulation : journal of the International Neuromodulation Society	2025	41335089	10.1016/j.neurom.2025.10.059		https://doi.org/10.1016/j.neurom.2025.10.059		bladder_cancer;dilution_dwell;dilution_or_dwell;formulation;intravesical;quantitative;review	metadata_only
intravesical_pk_dilution	Aayush A, Darji S, Estes KM, Yeh E, Thompson DH.	Development of an Elastin-like Polypeptide-Based Nucleic Acid Delivery System Targeted to EGFR+ Bladder Cancer Cells Using a Layer-by-Layer Approach	Biomacromolecules	2024	39185801	10.1021/acs.biomac.4c00165	PMC11388462	https://pmc.ncbi.nlm.nih.gov/articles/PMC11388462/	fulltext/aayush_2024_pmid39185801.xml	bladder_cancer;dilution_dwell;dilution_or_dwell;formulation;intravesical;preclinical;quantitative	fulltext_xml
intravesical_pk_dilution	Ma C, Zhong X, Liu R, Yang X, Xie Z, Zhang Y, Xu Y, Wang H, He C, Du G, Gong T, Sun X.	Co-delivery of oxaliplatin prodrug liposomes with Bacillus Calmette-Guérin for chemo-immunotherapy of orthotopic bladder cancer	Journal of controlled release : official journal of the Controlled Release Society	2024	38042374	10.1016/j.jconrel.2023.11.050		https://doi.org/10.1016/j.jconrel.2023.11.050		barrier_penetration;bladder_cancer;dilution_dwell;dilution_or_dwell;formulation;intravesical;preclinical	metadata_only
intravesical_pk_dilution	Murakami Y, Sazuka T, Tsukamoto R, Sato H, Ando K, Kanesaka M, Yamada Y, Imamura Y, Sakamoto S, Ichikawa T.	Association Between Residual Urine Volume and Recurrence Among Patients at High Risk of Non-Muscle-Invasive Bladder Carcinoma With Versus Without Bacillus Calmette-Guérin Treatment	Cureus	2024	38947615	10.7759/cureus.61345	PMC11214650	https://pmc.ncbi.nlm.nih.gov/articles/PMC11214650/	fulltext/murakami_2024_pmid38947615.xml	bladder_cancer;dilution_dwell;dilution_or_dwell;intravesical;quantitative	fulltext_xml
intravesical_pk_dilution	Wu Y, Gu X, Chen X, Cui Y, Jiang W, Liu B.	Hydrogel: a new material for intravesical drug delivery after bladder cancer surgery	Journal of materials chemistry. B	2024	38426380	10.1039/d3tb02837b		https://doi.org/10.1039/d3tb02837b		barrier_penetration;bladder_cancer;dilution_dwell;dilution_or_dwell;formulation;intravesical;review	metadata_only
intravesical_pk_dilution	Anzengruber M, Wimmer L, Szuchar R, Skoll K, Wirth M, Gabor F.	LogP of N-acyl-gemcitabine and lectin-corona emerge as key parameters in nanoparticulate intravesical cancer therapy	European journal of pharmaceutical sciences : official journal of the European Federation for Pharmaceutical Sciences	2023	36379358	10.1016/j.ejps.2022.106330		https://doi.org/10.1016/j.ejps.2022.106330		bladder_cancer;dilution_dwell;dilution_or_dwell;formulation;intravesical;pharmacokinetics	metadata_only
intravesical_pk_dilution	Chen CC, Fa YC, Kuo YY, Liu YC, Lin CY, Wang XH, Lu YH, Chiang YH, Yang CM, Wu LC, Ho JA.	Thiolated Mesoporous Silica Nanoparticles as an Immunoadjuvant to Enhance Efficacy of Intravesical Chemotherapy for Bladder Cancer	Advanced science (Weinheim, Baden-Wurttemberg, Germany)	2023	36638276	10.1002/advs.202204643	PMC9982584	https://pmc.ncbi.nlm.nih.gov/articles/PMC9982584/	fulltext/chen_2023_pmid36638276.xml	barrier_penetration;bladder_cancer;dilution_dwell;dilution_or_dwell;formulation;intravesical	fulltext_xml
intravesical_pk_dilution	Choi H, Kim DW, Jung E, Kye YC, Lee J, Jo S, Kang M, Kim D, Kim B.	Impact of intravesical administration of tranexamic acid on gross hematuria in the emergency department: A before-and-after study	The American journal of emergency medicine	2023	36948083	10.1016/j.ajem.2023.03.020		https://doi.org/10.1016/j.ajem.2023.03.020		dilution_dwell;dilution_or_dwell;formulation;intravesical;quantitative	metadata_only
intravesical_pk_dilution	Deng H, Liao L, Wu J, Wan L.	Intravesical Electrical Stimulation Improves Abnormal Prefrontal Brain Activity in Patients With Underactive Bladder: A Possible Central Mechanism	International neurourology journal	2023	38171326	10.5213/inj.2346232.116	PMC10762371	https://pmc.ncbi.nlm.nih.gov/articles/PMC10762371/	fulltext/deng_2023_pmid38171326.xml	dilution_dwell;dilution_or_dwell;formulation;intravesical;quantitative	fulltext_xml
intravesical_pk_dilution	Liao L, Deng H, Chen G, Chen H, Huang M, Xie K, Wei X, Xu Z, Huang B, Chong T, Chen Q, Xiao H, Huang Z, Jiang H, Jing H.	Randomized controlled trial of intravesical electrical stimulation for underactive bladder	BJU international	2023	36084065	10.1111/bju.15885		https://doi.org/10.1111/bju.15885		clinical;dilution_dwell;dilution_or_dwell;formulation;intravesical;quantitative	metadata_only
intravesical_pk_dilution	Marchenko IV, Trushina DB.	Local Drug Delivery in Bladder Cancer: Advances of Nano/Micro/Macro-Scale Drug Delivery Systems	Pharmaceutics	2023	38140065	10.3390/pharmaceutics15122724	PMC10747982	https://pmc.ncbi.nlm.nih.gov/articles/PMC10747982/	fulltext/marchenko_2023_pmid38140065.xml	barrier_penetration;bladder_cancer;dilution_dwell;dilution_or_dwell;formulation;intravesical;review	fulltext_xml
intravesical_pk_dilution	Melgarejo Segura MT, Morales Martínez A, Yáñez Castillo Y, Arrabal Polo MÁ, Gutiérrez Tejero F, Pareja Vílchez M, Arrabal Martín M.	Electromotive Drug Administration Chemotherapy with Mitomycin C Versus Bacillus Calmette-Guerin for the Treatment of Non-Muscle Invasive Bladder Cancer	Bladder cancer (Amsterdam, Netherlands)	2023	38993293	10.3233/blc-230042	PMC11181766	https://pmc.ncbi.nlm.nih.gov/articles/PMC11181766/	fulltext/melgarejo_2023_pmid38993293.xml	bladder_cancer;clinical;dilution_dwell;dilution_or_dwell;intravesical;quantitative	fulltext_xml
intravesical_pk_dilution	Tyagi P, Ganguly A, Chermansky C, Tarin TV, Yoshimura N, Maranchie J.	Does large volume of distribution of lidocaine masks its systemic uptake from bladder?	American journal of clinical and experimental urology	2023	37168943		PMC10165228	https://pmc.ncbi.nlm.nih.gov/articles/PMC10165228/	fulltext/tyagi_2023_pmid37168943.xml	bladder_cancer;clinical;dilution_dwell;dilution_or_dwell;intravesical;pharmacokinetics;quantitative	fulltext_xml
intravesical_pk_dilution	Wang L, Qi F, Bi L, Yan J, Han X, Wang Y, Song P, Wang Y, Zhang H.	Targeted hollow pollen silica nanoparticles for enhanced intravesical therapy of bladder cancer	Biomaterials science	2023	37314787	10.1039/d3bm00631j		https://doi.org/10.1039/d3bm00631j		bladder_cancer;dilution_dwell;dilution_or_dwell;formulation;intravesical;preclinical;quantitative	metadata_only
intravesical_pk_dilution	Yu C, Wang S, Lai WF, Zhang D.	The Progress of Chitosan-Based Nanoparticles for Intravesical Bladder Cancer Treatment	Pharmaceutics	2023	36678840	10.3390/pharmaceutics15010211	PMC9861699	https://pmc.ncbi.nlm.nih.gov/articles/PMC9861699/	fulltext/yu_2023_pmid36678840.xml	barrier_penetration;bladder_cancer;dilution_dwell;dilution_or_dwell;formulation;intravesical;quantitative;review;systemic_toxicity	fulltext_xml
intravesical_pk_dilution	Zhang P, Wu G, Zhang D, Lai WF.	Mechanisms and strategies to enhance penetration during intravesical drug therapy for bladder cancer	Journal of controlled release : official journal of the Controlled Release Society	2023	36603810	10.1016/j.jconrel.2023.01.001		https://doi.org/10.1016/j.jconrel.2023.01.001		barrier_penetration;bladder_cancer;dilution_dwell;dilution_or_dwell;formulation;intravesical;review	metadata_only
intravesical_pk_dilution	Zhang X, Hu X, Xie Y, Xie L, Chen X, Peng M, Li D, Deng J, Xiao D, Yang X.	Metformin-Loaded Chitosan Hydrogels Suppress Bladder Tumor Growth in an Orthotopic Mouse Model via Intravesical Administration	Molecules (Basel, Switzerland)	2023	37764495	10.3390/molecules28186720	PMC10534355	https://pmc.ncbi.nlm.nih.gov/articles/PMC10534355/	fulltext/zhang_2023_pmid37764495.xml	bladder_cancer;dilution_dwell;dilution_or_dwell;formulation;intravesical;preclinical	fulltext_xml
intravesical_pk_dilution	Zhang X, Hu X, Xie Y, Xie L, Chen X, Peng M, Li D, Deng J, Xiao D, Yang X.	Metformin-Loaded into Chitosan Hydrogel Suppresses Bladder Tumour Growth in an Orthotopic Mouse Model via Intravesical Administration	Preprints.org	2023		10.20944/preprints202309.0773.v1		https://doi.org/10.20944/preprints202309.0773.v1		bladder_cancer;dilution_dwell;dilution_or_dwell;formulation;intravesical;preclinical	metadata_only
intravesical_pk_dilution	Bellat V, Michel AO, Thomas C, Stokol T, Choi BB, Law B.	A Urinary Drug-Disposing Approach as an Alternative to Intravesical Chemotherapy for Treating Nonmuscle Invasive Bladder Cancer	Cancer research	2022	35039320	10.1158/0008-5472.can-21-2897	PMC8983499	https://pmc.ncbi.nlm.nih.gov/articles/PMC8983499/	fulltext/bellat_2022_pmid35039320.xml	bladder_cancer;formulation;intravesical;pharmacokinetics;preclinical;route_comparison;route_pk	fulltext_xml
intravesical_pk_dilution	Fan B, Teng Q, Sun M, Wang Y, Wang Y, Lin Z, Wang Y, Duan X, Zhang L, Chen T, Chen S, Tai Y, Zhang C, Song X, Liu Z.	Assessment of Therapeutic Benefit and Option Strategy on Intravesical Instillation for Preventing Bladder Cancer Recurrence after Radical Nephroureterectomy in Patients with Upper Urinary Tract Urothelial Carcinoma	Journal of oncology	2022	35677889	10.1155/2022/1755368	PMC9170511	https://pmc.ncbi.nlm.nih.gov/articles/PMC9170511/	fulltext/fan_2022_pmid35677889.xml	bladder_cancer;clinical;dilution_dwell;dilution_or_dwell;intravesical;pharmacokinetics;quantitative	fulltext_xml
intravesical_pk_dilution	Jiao B, Liu K, Gong H, Ding Z, Xu X, Ren J, Zhang G, Yu Q, Gan Z.	Bladder cancer selective chemotherapy with potent NQO1 substrate co-loaded prodrug nanoparticles	Journal of controlled release : official journal of the Controlled Release Society	2022	35618186	10.1016/j.jconrel.2022.05.031		https://doi.org/10.1016/j.jconrel.2022.05.031		bladder_cancer;formulation;intravesical;pharmacokinetics;systemic_toxicity	metadata_only
intravesical_pk_dilution	Kulkarni GS, Lilge L, Nesbitt M, Dumoulin-White RJ, Mandel A, Jewett MAS.	A Phase 1b Clinical Study of Intravesical Photodynamic Therapy in Patients with Bacillus Calmette-Guérin-unresponsive Non-muscle-invasive Bladder Cancer	European urology open science	2022	35813250	10.1016/j.euros.2022.04.015	PMC9257636	https://pmc.ncbi.nlm.nih.gov/articles/PMC9257636/	fulltext/kulkarni_2022_pmid35813250.xml	bladder_cancer;clinical;intravesical;pharmacokinetics;quantitative	fulltext_xml
intravesical_pk_dilution	Miyata Y, Tsurusaki T, Hayashida Y, Imasato Y, Takehara K, Aoki D, Nishikido M, Watanabe J, Mitsunari K, Matsuo T, Ohba K, Taniguchi K, Sakai H, Nagasaki University Urological Oncology Research Group.	Intravesical mitomycin C (MMC) and MMC + cytosine arabinoside for non-muscle-invasive bladder cancer: a randomised clinical trial	BJU international	2022	34383381	10.1111/bju.15571	PMC9290455	https://pmc.ncbi.nlm.nih.gov/articles/PMC9290455/	fulltext/miyata_2022_pmid34383381.xml	bladder_cancer;clinical;dilution_dwell;dilution_or_dwell;intravesical;quantitative	fulltext_xml
intravesical_pk_dilution	Perkins ME, Girard BM, Campbell SE, Vizzard MA.	Imatinib Mesylate Reduces Voiding Frequency in Female Mice With Acute Cyclophosphamide-Induced Cystitis	Frontiers in systems neuroscience	2022	35645740	10.3389/fnsys.2022.867875	PMC9135974	https://pmc.ncbi.nlm.nih.gov/articles/PMC9135974/	fulltext/perkins_2022_pmid35645740.xml	dilution_dwell;dilution_or_dwell;intravesical;preclinical;quantitative	fulltext_xml
intravesical_pk_dilution	Santana JPP, Marcato PD, Massaro TNC, Godoy NL, Anibal FF, Borra RC.	Efficacy of instillation of MB49 cells and thermoreversible polymeric gel in urothelial bladder carcinoma immunization	Laboratory animal research	2022	35513853	10.1186/s42826-022-00122-7	PMC9069826	https://pmc.ncbi.nlm.nih.gov/articles/PMC9069826/	fulltext/santana_2022_pmid35513853.xml	bladder_cancer;dilution_dwell;dilution_or_dwell;formulation;intravesical;preclinical	fulltext_xml
intravesical_pk_dilution	Sun X, Song X, Guo P, Zhang D, Zuo S, Leng K, Liu Y, Zhang H.	Improvement of the bladder perfusion curative effect through tight junction protein degradation induced by magnetic temperature-sensitive hydrogels	Frontiers in bioengineering and biotechnology	2022	35992356	10.3389/fbioe.2022.958072	PMC9386042	https://pmc.ncbi.nlm.nih.gov/articles/PMC9386042/	fulltext/sun_2022_pmid35992356.xml	barrier_penetration;bladder_cancer;dilution_dwell;dilution_or_dwell;formulation;intravesical;quantitative	fulltext_xml
intravesical_pk_dilution	Zhang P, Zhang H, Zheng B, Wang H, Qi X, Wang S, Liu Z, Sun L, Liu Y, Qin X, Fan W, Ma M, Lai WF, Zhang D.	Combined Self-Assembled Hendeca-Arginine Nanocarriers for Effective Targeted Gene Delivery to Bladder Cancer	International journal of nanomedicine	2022	36172006	10.2147/ijn.s379356	PMC9512291	https://pmc.ncbi.nlm.nih.gov/articles/PMC9512291/	fulltext/zhang_2022_pmid36172006.xml	barrier_penetration;bladder_cancer;dilution_dwell;dilution_or_dwell;formulation;intravesical;preclinical	fulltext_xml
intravesical_pk_dilution	Date AA, Kates M, Yoshida T, Babu T, Afzal U, Kanvinde P, Baras A, Anders N, He P, Rudek M, Hanes J, Bivalacqua TJ, Ensign LM.	Preclinical evaluation of a hypotonic docetaxel nanosuspension formulation for intravesical treatment of non-muscle-invasive bladder cancer	Drug delivery and translational research	2021	33164163	10.1007/s13346-020-00870-w	PMC10921980	https://pmc.ncbi.nlm.nih.gov/articles/PMC10921980/	fulltext/date_2021_pmid33164163.xml	barrier_penetration;bladder_cancer;dilution_dwell;dilution_or_dwell;formulation;intravesical;pharmacokinetics;preclinical	fulltext_xml
intravesical_pk_dilution	Datta NR, Marder D, Datta S, Meister A, Puric E, Stutz E, Rogers S, Eberle B, Timm O, Staruch M, Riesterer O, Bodis S.	Quantification of thermal dose in moderate clinical hyperthermia with radiotherapy: a relook using temperature-time area under the curve (AUC)	International journal of hyperthermia : the official journal of European Society for Hyperthermic Oncology, North American Hyperthermia Group	2021	33627018	10.1080/02656736.2021.1875060		https://doi.org/10.1080/02656736.2021.1875060		bladder_cancer;intravesical;pharmacokinetics;quantitative	metadata_only
intravesical_pk_dilution	Goo YT, Yang HM, Kim CH, Kim MS, Kim HK, Chang IH, Choi YW.	Optimization of a floating poloxamer 407-based hydrogel using the Box-Behnken design: in vitro characterization and in vivo buoyancy evaluation for intravesical instillation	European journal of pharmaceutical sciences : official journal of the European Federation for Pharmaceutical Sciences	2021	34022408	10.1016/j.ejps.2021.105885		https://doi.org/10.1016/j.ejps.2021.105885		bladder_cancer;dilution_dwell;dilution_or_dwell;formulation;intravesical;preclinical;quantitative	metadata_only
intravesical_pk_dilution	Kabha A, Bukchin-Tihomirov A, Shlomi I, Abu Ammar A, Bidder M, Amiel G, Zussman E.	Biodegradable Controlled-Release Device for Localized Chemotherapeutic Treatment of Bladder Cancer	ACS biomaterials science & engineering	2021	33957037	10.1021/acsbiomaterials.1c00339		https://doi.org/10.1021/acsbiomaterials.1c00339		bladder_cancer;dilution_dwell;dilution_or_dwell;formulation;intravesical;quantitative	metadata_only
intravesical_pk_dilution	Kageyama S, Maeda K, Kubota S, Yoshida T, Osafune T, Arai Y, Soga H, Nishikawa Z, Sakano Y, Takimoto K, Kim CJ, Chano T, Kawauchi A.	Single Short Retention Instillation of Pirarubicin Prevents Intravesical Recurrence of Low-risk Non Muscle Invasive Bladder Cancer	In vivo (Athens, Greece)	2021	33622912	10.21873/invivo.12360	PMC8045099	https://pmc.ncbi.nlm.nih.gov/articles/PMC8045099/	fulltext/kageyama_2021_pmid33622912.xml	bladder_cancer;clinical;dilution_dwell;dilution_or_dwell;intravesical;quantitative	fulltext_xml
intravesical_pk_dilution	Kesch C, Schmitt V, Bidnur S, Thi M, Beraldi E, Moskalev I, Yago V, Bowden M, Adomat H, Fazli L, Jackson JK, Gleave ME.	A polymeric paste-drug formulation for local treatment of upper tract urothelial carcinoma	Urologic oncology	2021	33250343	10.1016/j.urolonc.2020.07.028		https://doi.org/10.1016/j.urolonc.2020.07.028		bladder_cancer;formulation;intravesical;pharmacokinetics;preclinical;quantitative;route_comparison;route_pk	metadata_only
intravesical_pk_dilution	Lv S, Jing R, Liu X, Shi H, Shi Y, Wang X, Zhao X, Cao K, Lv Z.	One-Step Microfluidic Fabrication of Multi-Responsive Liposomes for Targeted Delivery of Doxorubicin Synergism with Photothermal Effect	International journal of nanomedicine	2021	34848958	10.2147/ijn.s329621	PMC8627283	https://pmc.ncbi.nlm.nih.gov/articles/PMC8627283/	fulltext/lv_2021_pmid34848958.xml	bladder_cancer;dilution_dwell;dilution_or_dwell;formulation;intravesical;pharmacokinetics;quantitative	fulltext_xml
intravesical_pk_dilution	Marei MM, Jackson R, Keene DJB.	Intravesical gentamicin instillation for the treatment and prevention of urinary tract infections in complex paediatric urology patients: evidence for safety and efficacy	Journal of pediatric urology	2021	33309610	10.1016/j.jpurol.2020.08.007		https://doi.org/10.1016/j.jpurol.2020.08.007		clinical;dilution_dwell;dilution_or_dwell;intravesical;pharmacokinetics;quantitative;route_comparison;route_pk	metadata_only
intravesical_pk_dilution	Nguyen KG, Wagner ES, Vrabel MR, Mantooth SM, Meritet DM, Zaharoff DA.	Safety and Pharmacokinetics of Intravesical Chitosan/Interleukin-12 Immunotherapy in Murine Bladders	Bladder cancer (Amsterdam, Netherlands)	2021	38993985	10.3233/blc-211542	PMC11181725	https://pmc.ncbi.nlm.nih.gov/articles/PMC11181725/	fulltext/nguyen_2021_pmid38993985.xml	bladder_cancer;clinical;formulation;intravesical;pharmacokinetics;preclinical;route_comparison;route_pk;systemic_toxicity	fulltext_xml
intravesical_pk_dilution	Towner RA, Greenwood-Van Meerveld B, Mohammadi E, Saunders D, Smith N, Sant GR, Shain HC, Jozefiak TH, Hurst RE.	SuperGAG biopolymers for treatment of excessive bladder permeability	Pharmacology research & perspectives	2021	33540486	10.1002/prp2.709	PMC7861891	https://pmc.ncbi.nlm.nih.gov/articles/PMC7861891/	fulltext/towner_2021_pmid33540486.xml	barrier_penetration;dilution_dwell;dilution_or_dwell;intravesical;preclinical;quantitative	fulltext_xml
intravesical_pk_dilution	Yeh CH, Chen BH, Tseng XW, Liao CH, Tsai WK, Chiang HS, Wu YN.	Intravesical Instillation of Norketamine, a Ketamine Metabolite, and Induced Bladder Functional Changes in Rats	Toxics	2021	34209184	10.3390/toxics9070154	PMC8309735	https://pmc.ncbi.nlm.nih.gov/articles/PMC8309735/	fulltext/yeh_2021_pmid34209184.xml	barrier_penetration;dilution_dwell;dilution_or_dwell;intravesical;preclinical;quantitative;route_comparison	fulltext_xml
intravesical_pk_dilution	Zetner D, Andersen LPK, Alder R, Jessen ML, Tolstrup A, Rosenberg J.	Pharmacokinetics and Safety of Intravenous, Intravesical, Rectal, Transdermal, and Vaginal Melatonin in Healthy Female Volunteers: A Cross-Over Study	Pharmacology	2021	32937627	10.1159/000510252		https://doi.org/10.1159/000510252		intravesical;pharmacokinetics;quantitative;route_comparison;route_pk	metadata_only
intravesical_pk_dilution	van Valenberg FJP, Brummelhuis ISG, Lindner LH, Kuhnle F, Wedmann B, Schweizer P, Hossann M, Witjes JA, Oosterwijk E.	DPPG2-Based Thermosensitive Liposomes with Encapsulated Doxorubicin Combined with Hyperthermia Lead to Higher Doxorubicin Concentrations in the Bladder Compared to Conventional Application in Pigs: A Rationale for the Treatment of Muscle-Invasive Bladder Cancer	International journal of nanomedicine	2021	33447028	10.2147/ijn.s280034	PMC7802347	https://pmc.ncbi.nlm.nih.gov/articles/PMC7802347/	fulltext/van_2021_pmid33447028.xml	bladder_cancer;dilution_dwell;dilution_or_dwell;formulation;intravesical;quantitative;route_comparison	fulltext_xml
intravesical_pk_dilution	Brauner B, Semmler J, Rauch D, Nokaj M, Haiss P, Schwarz P, Wirth M, Gabor F.	Trimethoprim-Loaded PLGA Nanoparticles Grafted with WGA as Potential Intravesical Therapy of Urinary Tract Infections-Studies on Adhesion to SV-HUCs Under Varying Time, pH, and Drug-Loading Conditions	ACS omega	2020	32715222	10.1021/acsomega.0c01745	PMC7377071	https://pmc.ncbi.nlm.nih.gov/articles/PMC7377071/	fulltext/brauner_2020_pmid32715222.xml	bladder_cancer;dilution_dwell;dilution_or_dwell;formulation;intravesical;quantitative	fulltext_xml
intravesical_pk_dilution	Chen TY, Tsai MJ, Chang LC, Wu PC.	Co-Delivery of Cisplatin and Gemcitabine via Viscous Nanoemulsion for Potential Synergistic Intravesical Chemotherapy	Pharmaceutics	2020	33036448	10.3390/pharmaceutics12100949	PMC7600678	https://pmc.ncbi.nlm.nih.gov/articles/PMC7600678/	fulltext/chen_2020_pmid33036448.xml	barrier_penetration;bladder_cancer;dilution_dwell;dilution_or_dwell;formulation;intravesical	fulltext_xml
intravesical_pk_dilution	Shimada H, Yono M, Hojo Y, Hamamura Y, Ootsuki A.	Phase I study of KRP-116D, a 50% w/w dimethyl sulfoxide aqueous solution, on the systemic absorption from bladder by intravesical instillation in healthy Japanese subjects	Lower urinary tract symptoms	2020	31696635	10.1111/luts.12295	PMC7217045	https://pmc.ncbi.nlm.nih.gov/articles/PMC7217045/	fulltext/shimada_2020_pmid31696635.xml	clinical;dilution_dwell;dilution_or_dwell;formulation;intravesical;pharmacokinetics;quantitative	fulltext_xml
intravesical_pk_dilution	Tan WP, Chang A, Brousell SC, Grimberg DC, Fantony JJ, Longo TA, Etienne W, Spasojevic I, Maccarini P, Inman BA.	Safety and efficacy of intravesical chemotherapy and hyperthermia in the bladder: results of a porcine study	International journal of hyperthermia : the official journal of European Society for Hyperthermic Oncology, North American Hyperthermia Group	2020	32664768	10.1080/02656736.2020.1780328	PMC7700761	https://pmc.ncbi.nlm.nih.gov/articles/PMC7700761/	fulltext/tan_2020_pmid32664768.xml	barrier_penetration;bladder_cancer;formulation;intravesical;pharmacokinetics;quantitative	fulltext_xml
intravesical_pk_dilution	Yoon HY, Yang HM, Kim CH, Goo YT, Kang MJ, Lee S, Choi YW.	Current status of the development of intravesical drug delivery systems for the treatment of bladder cancer	Expert opinion on drug delivery	2020	32791923	10.1080/17425247.2020.1810016		https://doi.org/10.1080/17425247.2020.1810016		barrier_penetration;bladder_cancer;dilution_dwell;dilution_or_dwell;formulation;intravesical;review;route_comparison	metadata_only
intravesical_pk_dilution	Girard BM, Campbell SE, Perkins M, Hsiang H, Tooke K, Drescher C, Hennig GW, Heppner TJ, Nelson MT, Vizzard MA.	TRPV4 blockade reduces voiding frequency, ATP release, and pelvic sensitivity in mice with chronic urothelial overexpression of NGF	American journal of physiology. Renal physiology	2019	31630542	10.1152/ajprenal.00147.2019	PMC6962511	https://pmc.ncbi.nlm.nih.gov/articles/PMC6962511/	fulltext/girard_2019_pmid31630542.xml	dilution_dwell;dilution_or_dwell;intravesical;preclinical;quantitative	fulltext_xml
intravesical_pk_dilution	Honda M, Tsounapi P, Teraoka S, Kimura Y, Hikita K, Takenaka A.	Effects of intravesical administration of sensory neuron-specific receptor agonist on voiding function in rats with cyclophosphamide-induced cystitis	Central European journal of urology	2019	31482020	10.5173/ceju.2019.1949	PMC6715086	https://pmc.ncbi.nlm.nih.gov/articles/PMC6715086/	fulltext/honda_2019_pmid31482020.xml	dilution_dwell;dilution_or_dwell;intravesical;preclinical;quantitative	fulltext_xml
intravesical_pk_dilution	Joice GA, Bivalacqua TJ, Kates M.	Optimizing pharmacokinetics of intravesical chemotherapy for bladder cancer	Nature reviews. Urology	2019	31434998	10.1038/s41585-019-0220-4		https://doi.org/10.1038/s41585-019-0220-4		bladder_cancer;dilution_dwell;dilution_or_dwell;formulation;intravesical;pharmacokinetics;review	metadata_only
intravesical_pk_dilution	Kaldybekov DB, Filippov SK, Radulescu A, Khutoryanskiy VV.	Maleimide-functionalised PLGA-PEG nanoparticles as mucoadhesive carriers for intravesical drug delivery	European journal of pharmaceutics and biopharmaceutics : official journal of Arbeitsgemeinschaft fur Pharmazeutische Verfahrenstechnik e.V	2019	31419584	10.1016/j.ejpb.2019.08.007		https://doi.org/10.1016/j.ejpb.2019.08.007		barrier_penetration;bladder_cancer;dilution_dwell;dilution_or_dwell;formulation;intravesical;quantitative	metadata_only
intravesical_pk_dilution	Lupo N, Jalil A, Nazir I, Gust R, Bernkop-Schnürch A.	In vitro evaluation of intravesical mucoadhesive self-emulsifying drug delivery systems	International journal of pharmaceutics	2019	30981873	10.1016/j.ijpharm.2019.04.035		https://doi.org/10.1016/j.ijpharm.2019.04.035		barrier_penetration;dilution_dwell;dilution_or_dwell;formulation;intravesical;quantitative	metadata_only
intravesical_pk_dilution	Nagai T, Okamura T, Tanaka Y, Moritoki Y, Kobayashi D, Kobayashi T, Akita H, Yasui T.	Evaluation of the Dwell-Time and Dose Difference in Intravesical Bacillus Calmette-Guèrin Therapy	Asian Pacific journal of cancer prevention : APJCP	2019	31127897	10.31557/apjcp.2019.20.5.1389	PMC6857891	https://pmc.ncbi.nlm.nih.gov/articles/PMC6857891/	fulltext/nagai_2019_pmid31127897.xml	bladder_cancer;dilution_dwell;dilution_or_dwell;intravesical;quantitative	fulltext_xml
intravesical_pk_dilution	Smith SG, Griffith BE, Zaharoff DA.	Analyzing the effects of instillation volume on intravesical delivery using biphasic solute transport in a deformable geometry	Mathematical medicine and biology : a journal of the IMA	2019	29659860	10.1093/imammb/dqy004	PMC6563523	https://pmc.ncbi.nlm.nih.gov/articles/PMC6563523/	fulltext/smith_2019_pmid29659860.xml	dilution_dwell;dilution_or_dwell;formulation;intravesical;quantitative	fulltext_xml
intravesical_pk_dilution	Yoon HY, Chang IH, Goo YT, Kim CH, Kang TH, Kim SY, Lee SJ, Song SH, Whang YM, Choi YW.	Intravesical delivery of rapamycin via folate-modified liposomes dispersed in thermo-reversible hydrogel	International journal of nanomedicine	2019	31496684	10.2147/ijn.s216432	PMC6689153	https://pmc.ncbi.nlm.nih.gov/articles/PMC6689153/	fulltext/yoon_2019_pmid31496684.xml	bladder_cancer;dilution_dwell;dilution_or_dwell;formulation;intravesical;preclinical;quantitative	fulltext_xml
intravesical_pk_dilution	Apfelthaler C, Skoll K, Ciola R, Gabor F, Wirth M.	A doxorubicin loaded colloidal delivery system for the intravesical therapy of non-muscle invasive bladder cancer using wheat germ agglutinin as targeter	European journal of pharmaceutics and biopharmaceutics : official journal of Arbeitsgemeinschaft fur Pharmazeutische Verfahrenstechnik e.V	2018	29960015	10.1016/j.ejpb.2018.06.028		https://doi.org/10.1016/j.ejpb.2018.06.028		bladder_cancer;dilution_dwell;dilution_or_dwell;formulation;intravesical;quantitative	metadata_only
intravesical_pk_dilution	Guo H, Li F, Xu W, Chen J, Hou Y, Wang C, Ding J, Chen X.	Mucoadhesive Cationic Polypeptide Nanogel with Enhanced Penetration for Efficient Intravesical Chemotherapy of Bladder Cancer	Advanced science (Weinheim, Baden-Wurttemberg, Germany)	2018	29938183	10.1002/advs.201800004	PMC6010003	https://pmc.ncbi.nlm.nih.gov/articles/PMC6010003/	fulltext/guo_2018_pmid29938183.xml	barrier_penetration;bladder_cancer;dilution_dwell;dilution_or_dwell;formulation;intravesical;preclinical	fulltext_xml
intravesical_pk_dilution	Campodonico F, Di Stasi S, Lev GM, Terrone C, Bongiovanni L, Mattioli F, Pagliarulo V, Introini C.	Intravesical Chemotherapy and Chemohyperthermia in Non-Muscle-Invasive Bladder Cancer; An Overview on Drug Administration Technologies and Pharmacokinetics	Current drug metabolism	2017	28460622	10.2174/1389200218666170427092421		https://doi.org/10.2174/1389200218666170427092421		barrier_penetration;bladder_cancer;clinical;intravesical;pharmacokinetics;review	metadata_only
intravesical_pk_dilution	Hooi KS, Lemetayer JD.	The use of intravesicular alteplase for thrombolysis in a dog with urinary bladder thrombi	Journal of veterinary emergency and critical care (San Antonio, Tex. : 2001)	2017	28749042	10.1111/vec.12627		https://doi.org/10.1111/vec.12627		dilution_dwell;dilution_or_dwell;formulation;intravesical;preclinical;quantitative	metadata_only
intravesical_pk_dilution	Pan Y, Chang T, Marcq G, Liu C, Kiss B, Rouse R, Mach KE, Cheng Z, Liao JC.	In vivo biodistribution and toxicity of intravesical administration of quantum dots for optical molecular imaging of bladder cancer	Scientific reports	2017	28839158	10.1038/s41598-017-08591-w	PMC5571179	https://pmc.ncbi.nlm.nih.gov/articles/PMC5571179/	fulltext/pan_2017_pmid28839158.xml	bladder_cancer;formulation;intravesical;pharmacokinetics;preclinical;route_comparison;route_pk;systemic_toxicity	fulltext_xml
intravesical_pk_dilution	Lailler G, Neuzillet Y, Rouanne M, Lebret T.	[Assessment of the optimization of the conditions of mitomycin C intravesical instillation completion in the setting of non-muscle invasive bladder cancer treatment]	Progres en urologie : journal de l'Association francaise d'urologie et de la Societe francaise d'urologie	2016	26653577	10.1016/j.purol.2015.10.005		https://doi.org/10.1016/j.purol.2015.10.005		bladder_cancer;clinical;dilution_dwell;dilution_or_dwell;intravesical;quantitative	metadata_only
intravesical_pk_dilution	Şenyiğit ZA, Karavana SY, İlem-Özdemir D, Çalışkan Ç, Waldner C, Şen S, Bernkop-Schnürch A, Baloğlu E.	Design and evaluation of an intravesical delivery system for superficial bladder cancer: preparation of gemcitabine HCl-loaded chitosan-thioglycolic acid nanoparticles and comparison of chitosan/poloxamer gels as carriers	International journal of nanomedicine	2015	26508855	10.2147/ijn.s93750	PMC4610785	https://pmc.ncbi.nlm.nih.gov/articles/PMC4610785/	fulltext/enyiit_2015_pmid26508855.xml	bladder_cancer;dilution_dwell;dilution_or_dwell;formulation;intravesical;quantitative	fulltext_xml
intravesical_pk_dilution	Lin T, Wu J, Zhao X, Lian H, Yuan A, Tang X, Zhao S, Guo H, Hu Y.	In situ floating hydrogel for intravesical delivery of adriamycin without blocking urinary tract	Journal of pharmaceutical sciences	2014	24449076	10.1002/jps.23854		https://doi.org/10.1002/jps.23854		bladder_cancer;dilution_dwell;dilution_or_dwell;formulation;intravesical	metadata_only
intravesical_pk_dilution	Lin T, Zhang Y, Wu J, Zhao X, Lian H, Wang W, Guo H, Hu Y.	A floating hydrogel system capable of generating CO2 bubbles to diminish urinary obstruction after intravesical instillation	Pharmaceutical research	2014	24752478	10.1007/s11095-014-1362-y		https://doi.org/10.1007/s11095-014-1362-y		bladder_cancer;dilution_dwell;dilution_or_dwell;formulation;intravesical;quantitative	metadata_only
intravesical_pk_dilution	Liu CW, Chang LC, Lin KJ, Yu TJ, Tsai CC, Wang HK, Tsai TR.	Preparation and characterization of gelatin-based mucoadhesive nanocomposites as intravesical gene delivery scaffolds	BioMed research international	2014	25580433	10.1155/2014/473823	PMC4279131	https://pmc.ncbi.nlm.nih.gov/articles/PMC4279131/	fulltext/liu_2014_pmid25580433.xml	dilution_dwell;dilution_or_dwell;formulation;intravesical;preclinical;quantitative	fulltext_xml
intravesical_pk_dilution	Ersoy H, Yaytokgil M, Karakoyunlu AN, Topaloglu H, Sagnak L, Ozok HU.	Single early instillation of mitomycin C and urinary alkalinization in low-risk non-muscle-invasive bladder cancer: a preliminary study	Drug design, development and therapy	2013	23300343	10.2147/dddt.s39541	PMC3536351	https://pmc.ncbi.nlm.nih.gov/articles/PMC3536351/	fulltext/ersoy_2013_pmid23300343.xml	bladder_cancer;clinical;dilution_dwell;dilution_or_dwell;intravesical;quantitative	fulltext_xml
intravesical_pk_dilution	Maffezzini M, Campodonico F, Manuputty EE, Puntoni M, Martelli A, Marini V, Tamagno S, Mattioli F.	Systemic absorption and pharmacokinetics of single-dose early intravesical mitomycin C after transurethral resection of non-muscle-invasive bladder cancer	Urology	2013	23791221	10.1016/j.urology.2013.03.036		https://doi.org/10.1016/j.urology.2013.03.036		bladder_cancer;dilution_dwell;dilution_or_dwell;intravesical;pharmacokinetics;quantitative	metadata_only
intravesical_pk_dilution	Nirmal J, Tyagi P, Chancellor MB, Kaufman J, Anthony M, Chancellor DD, Chen YT, Chuang YC.	Development of potential orphan drug therapy of intravesical liposomal tacrolimus for hemorrhagic cystitis due to increased local drug exposure	The Journal of urology	2013	23127767	10.1016/j.juro.2012.10.123		https://doi.org/10.1016/j.juro.2012.10.123		formulation;intravesical;pharmacokinetics;preclinical;quantitative	metadata_only
intravesical_pk_dilution	Phillips RM, Hendriks HR, Peters GJ, EORTC-Pharmacology and Molecular Mechanism Group.	EO9 (Apaziquone): from the clinic to the laboratory and back again	British journal of pharmacology	2013	22509926	10.1111/j.1476-5381.2012.01996.x	PMC3569998	https://pmc.ncbi.nlm.nih.gov/articles/PMC3569998/	fulltext/phillips_2013_pmid22509926.xml	barrier_penetration;bladder_cancer;clinical;intravesical;pharmacokinetics;review;route_comparison;route_pk	fulltext_xml
intravesical_pk_dilution	Arakawa M, Nakamura K, Yamada Y, Kato K, Katsuda R, Tobiume M, Zennami K, Watanabe M, Kato Y, Nishikawa G, Yoshizawa T, Aoki S, Taki T, Mitsui K, Honda N, Saito H, Hasegawa T.	Intravesical administration of pirarubicin against superficial bladder cancer: Relationship between tumor tissue concentration and exposure time in the bladder or therapeutic effect	Experimental and therapeutic medicine	2011	22977595	10.3892/etm.2011.315	PMC3440819	https://pmc.ncbi.nlm.nih.gov/articles/PMC3440819/	fulltext/arakawa_2011_pmid22977595.xml	bladder_cancer;dilution_dwell;dilution_or_dwell;intravesical;pharmacokinetics;quantitative	fulltext_xml
intravesical_pk_dilution	Chen JP, Leu YL, Fang CL, Chen CH, Fang JY.	Thermosensitive hydrogels composed of hyaluronic acid and gelatin as carriers for the intravesical administration of cisplatin	Journal of pharmaceutical sciences	2011	20799367	10.1002/jps.22309		https://doi.org/10.1002/jps.22309		barrier_penetration;dilution_dwell;dilution_or_dwell;formulation;intravesical;pharmacokinetics;preclinical;quantitative	metadata_only
intravesical_pk_dilution	Lu Z, Yeh TK, Wang J, Chen L, Lyness G, Xin Y, Wientjes MG, Bergdall V, Couto G, Alvarez-Berger F, Kosarek CE, Au JL.	Paclitaxel gelatin nanoparticles for intravesical bladder cancer therapy	The Journal of urology	2011	21334664	10.1016/j.juro.2010.11.091	PMC3655418	https://pmc.ncbi.nlm.nih.gov/articles/PMC3655418/	fulltext/lu_2011_pmid21334664.xml	bladder_cancer;dilution_dwell;dilution_or_dwell;formulation;intravesical;pharmacokinetics;preclinical	fulltext_xml
intravesical_pk_dilution	Maeda T, Kikuchi E, Matsumoto K, Miyajima A, Oya M.	Urinary pH is highly associated with tumor recurrence during intravesical mitomycin C therapy for nonmuscle invasive bladder tumor	The Journal of urology	2011	21239010	10.1016/j.juro.2010.10.081		https://doi.org/10.1016/j.juro.2010.10.081		bladder_cancer;clinical;dilution_dwell;dilution_or_dwell;intravesical;quantitative	metadata_only
intravesical_pk_dilution	Manners S, Galettis P, Souza Pd.	Conditions causing gemcitabine crystallization	Journal of oncology pharmacy practice : official publication of the International Society of Oncology Pharmacy Practitioners	2011	20858635	10.1177/1078155210385033		https://doi.org/10.1177/1078155210385033		bladder_cancer;clinical;dilution_dwell;dilution_or_dwell;formulation;intravesical;quantitative	metadata_only
intravesical_pk_dilution	Abbo AH, Jones DR, Masters AR, Stewart JC, Fourez L, Knapp DW.	Phase I clinical trial and pharmacokinetics of intravesical mitomycin C in dogs with localized transitional cell carcinoma of the urinary bladder	Journal of veterinary internal medicine	2010	20695986	10.1111/j.1939-1676.2010.0569.x		https://doi.org/10.1111/j.1939-1676.2010.0569.x		bladder_cancer;clinical;dilution_dwell;dilution_or_dwell;intravesical;pharmacokinetics;preclinical;quantitative;systemic_toxicity	metadata_only
intravesical_pk_dilution	Hu L, Wientjes MG, Li J, Au JL.	Bladder tissue pharmacokinetics of intravesical mitomycin C and suramin in dogs	The AAPS journal	2010	20625863	10.1208/s12248-010-9219-8	PMC2976994	https://pmc.ncbi.nlm.nih.gov/articles/PMC2976994/	fulltext/hu_2010_pmid20625863.xml	barrier_penetration;dilution_dwell;dilution_or_dwell;intravesical;pharmacokinetics;preclinical;quantitative	fulltext_xml
intravesical_pk_dilution	Moon HS, Lee JW, Park SY, Son YW, Kim YT.	Oxybutynin and propiverine suppress adenosine triphosphate-induced bladder overactivity other than through antimuscarinic mechanisms	Urology	2010	20546876	10.1016/j.urology.2010.03.027		https://doi.org/10.1016/j.urology.2010.03.027		dilution_dwell;dilution_or_dwell;intravesical;preclinical;quantitative;route_comparison	metadata_only
intravesical_pk_dilution	Darge K.	Voiding urosonography with ultrasound contrast agents for the diagnosis of vesicoureteric reflux in children. I. Procedure	Pediatric radiology	2008	17618429	10.1007/s00247-007-0529-7	PMC2292498	https://pmc.ncbi.nlm.nih.gov/articles/PMC2292498/	fulltext/darge_2008_pmid17618429.xml	dilution_dwell;dilution_or_dwell;intravesical;quantitative;review	fulltext_xml
intravesical_pk_dilution	Serretta V.	Optimizing intravesical chemotherapy in patient with non muscle invasive bladder carcinoma	Archivio italiano di urologia, andrologia : organo ufficiale [di] Societa italiana di ecografia urologica e nefrologica	2008	19235430			https://pubmed.ncbi.nlm.nih.gov/19235430/		barrier_penetration;bladder_cancer;dilution_dwell;dilution_or_dwell;intravesical;pharmacokinetics;review	metadata_only
intravesical_pk_dilution	van der Schoot SC, Nuijen B, Flesch FM, Gore A, Mirejovsky D, Lenaz L, Beijnen JH.	Development of a bladder instillation of the indoloquinone anticancer agent EO-9 using tert-butyl alcohol as lyophilization vehicle	AAPS PharmSciTech	2007	17915811	10.1208/pt0803061	PMC2750555	https://pmc.ncbi.nlm.nih.gov/articles/PMC2750555/	fulltext/van_2007_pmid17915811.xml	bladder_cancer;dilution_dwell;dilution_or_dwell;formulation;intravesical;quantitative	fulltext_xml
intravesical_pk_dilution	van der Schoot SC, Vainchtein LD, Beijnen JH, Gore A, Mirejovsky D, Lenaz L, Nuijen B.	EO-9 bladder instillations: formulation selection based on stability characteristics and in vitro simulation studies	International journal of pharmaceutics	2007	17010545	10.1016/j.ijpharm.2006.08.031		https://doi.org/10.1016/j.ijpharm.2006.08.031		bladder_cancer;clinical;dilution_dwell;dilution_or_dwell;formulation;intravesical;quantitative	metadata_only
intravesical_pk_dilution	Collaud S, Jichlinski P, Marti A, Aymon D, Gurny R, Lange N.	An open pharmacokinetic study of hexylaminolevulinate-induced photodiagnosis after intravesical administration	Drugs in R&D	2006	16752943	10.2165/00126839-200607030-00005		https://doi.org/10.2165/00126839-200607030-00005		bladder_cancer;dilution_dwell;dilution_or_dwell;intravesical;pharmacokinetics;quantitative	metadata_only
intravesical_pk_dilution	Lee SJ, Kim SW, Chung H, Park YT, Choi YW, Cho YH, Yoon MS.	Bioadhesive drug delivery system using glyceryl monooleate for the intravesical administration of paclitaxel	Chemotherapy	2005	16224181	10.1159/000088953		https://doi.org/10.1159/000088953		barrier_penetration;bladder_cancer;formulation;intravesical;pharmacokinetics;quantitative	metadata_only
intravesical_pk_dilution	Au JL, Badalament RA, Wientjes MG, Young DC, Warner JA, Venema PL, Pollifrone DL, Harbrecht JD, Chin JL, Lerner SP, Miles BJ, International Mitomycin C Consortium.	Methods to improve efficacy of intravesical mitomycin C: results of a randomized phase III trial	Journal of the National Cancer Institute	2001	11309436	10.1093/jnci/93.8.597		https://doi.org/10.1093/jnci/93.8.597		bladder_cancer;clinical;dilution_dwell;dilution_or_dwell;intravesical;pharmacokinetics;quantitative	metadata_only
intravesical_pk_dilution	Paroni R, Salonia A, Lev A, Da Pozzo LF, Cighetti G, Montorsi F, Rigatti P, Colombo R.	Effect of local hyperthermia of the bladder on mitomycin C pharmacokinetics during intravesical chemotherapy for the treatment of superficial transitional cell carcinoma	British journal of clinical pharmacology	2001	11560559	10.1046/j.0306-5251.2001.01449.x	PMC2014553	https://pmc.ncbi.nlm.nih.gov/articles/PMC2014553/	fulltext/paroni_2001_pmid11560559.xml	bladder_cancer;dilution_dwell;dilution_or_dwell;intravesical;pharmacokinetics;quantitative	fulltext_xml
intravesical_pk_dilution	Dalton JT, Zhou D, Mukherjee A, Young D, Tolley EA, Golub AL, Meyer MC.	Pharmacokinetics of aminolevulinic acid after intravesical administration to dogs	Pharmaceutical research	1999	10100316	10.1023/a:1018840827910		https://doi.org/10.1023/a:1018840827910		bladder_cancer;dilution_dwell;dilution_or_dwell;formulation;intravesical;pharmacokinetics;preclinical;quantitative	metadata_only
intravesical_pk_dilution	Chai M, Wientjes MG, Badalament RA, Burgers JK, Au JL.	Pharmacokinetics of intravesical doxorubicin in superficial bladder cancer patients	The Journal of urology	1994	8015074	10.1016/s0022-5347(17)32742-8		https://doi.org/10.1016/s0022-5347(17)32742-8		bladder_cancer;clinical;dilution_dwell;dilution_or_dwell;formulation;intravesical;pharmacokinetics;quantitative	metadata_only
intravesical_pk_dilution	Wientjes MG, Badalament RA, Au JL.	Use of pharmacologic data and computer simulations to design an efficacy trial of intravesical mitomycin C therapy for superficial bladder cancer	Cancer chemotherapy and pharmacology	1993	8324866	10.1007/bf00686169		https://doi.org/10.1007/bf00686169		barrier_penetration;bladder_cancer;clinical;dilution_dwell;dilution_or_dwell;intravesical;pharmacokinetics;quantitative	metadata_only
intravesical_pk_dilution	Dalton JT, Wientjes MG, Badalament RA, Drago JR, Au JL.	Pharmacokinetics of intravesical mitomycin C in superficial bladder cancer patients	Cancer research	1991	1913640			https://pubmed.ncbi.nlm.nih.gov/1913640/		bladder_cancer;dilution_dwell;dilution_or_dwell;intravesical;pharmacokinetics;quantitative	metadata_only
intravesical_pk_dilution	Wientjes MG, Dalton JT, Badalament RA, Dasani BM, Drago JR, Au JL.	A method to study drug concentration-depth profiles in tissues: mitomycin C in dog bladder wall	Pharmaceutical research	1991	1902562	10.1023/a:1015827700904		https://doi.org/10.1023/a:1015827700904		barrier_penetration;dilution_dwell;dilution_or_dwell;intravesical;pharmacokinetics;preclinical;quantitative	metadata_only
intravesical_pk_dilution	Ilett KF, Ong RT, Batty KT, Taylor JD.	Effect of urine pH on the stability of doxorubicin and its recovery from bladder instillations	British journal of urology	1990	2354313	10.1111/j.1464-410x.1990.tb14790.x		https://doi.org/10.1111/j.1464-410x.1990.tb14790.x		bladder_cancer;dilution_dwell;dilution_or_dwell;formulation;intravesical;pharmacokinetics;quantitative	metadata_only
intravesical_pk_dilution	van Helsdingen PJ, de Bruijn EA, Sleeboom HP, Rikken CH, Tjaden UR.	Behavior and resorption of mitomycin C following multiple intravesical administrations	Journal of pharmaceutical sciences	1988	3148709	10.1002/jps.2600771006		https://doi.org/10.1002/jps.2600771006		dilution_dwell;dilution_or_dwell;formulation;intravesical;pharmacokinetics;quantitative	metadata_only
intravesical_pk_dilution	Odlind B, Dencker L, Tengblad A.	Preferential localization of 3H-pentosanpolysulphate to the urinary tract in rats	Pharmacology & toxicology	1987	2446305	10.1111/j.1600-0773.1987.tb01796.x		https://doi.org/10.1111/j.1600-0773.1987.tb01796.x		barrier_penetration;dilution_dwell;dilution_or_dwell;intravesical;preclinical;quantitative;route_comparison	metadata_only
intravesical_pk_dilution	Underberg WJ, Beijnen JH.	Re-use of mitomycin C in the treatment of superficial tumours of the urinary bladder: an evaluation in view of its chemical stability	Anticancer research	1987	3118758			https://pubmed.ncbi.nlm.nih.gov/3118758/		dilution_dwell;dilution_or_dwell;formulation;intravesical;quantitative	metadata_only
intravesical_biologics_barrier	Daneshmand S, Wuyts K, Meulder M, Vereyken L, van Heerden M, Borghys H, Mannens G, Daniel K, Spigelman S, Pradere B.	Tissue Penetration of Gemcitabine and Gemcitabine Phosphate Metabolites Following Gemcitabine Intravesical System Administration Versus Standard Intravesical Instillation in a Preclinical Minipig Model	European urology focus	2026	41864781	10.1016/j.euf.2026.03.007		https://doi.org/10.1016/j.euf.2026.03.007		barrier_penetration;bladder_cancer;intravesical;pharmacokinetics;preclinical;quantitative	metadata_only
intravesical_biologics_barrier	Huang L, Sun X, Song T, Liu Z, Cai Z, Liu H.	Squid tentacle-mimetic magnetically targeted nanomotors to overcome the bladder barrier for synergistic chemotherapy-immunotherapy of bladder cancer	Journal of controlled release : official journal of the Controlled Release Society	2026	41839262	10.1016/j.jconrel.2026.114808		https://doi.org/10.1016/j.jconrel.2026.114808		barrier_penetration;bladder_cancer;formulation;intravesical	metadata_only
intravesical_biologics_barrier	Jiang Y, Zhang Q, Zhang Y, Yu X, Jia B, Dong Y, Wu Y, Fan K, Gu X, Ji L, Jiang W, Liu B.	NIR-Activatable Domino Cascade Catalysis Nanozyme Reactor for Multi-Mechanism Synergistic Immunotherapy in Bladder Cancer	Advanced science (Weinheim, Baden-Wurttemberg, Germany)	2026	41387105	10.1002/advs.202513913	PMC13042462	https://pmc.ncbi.nlm.nih.gov/articles/PMC13042462/	fulltext/jiang_2026_pmid41387105.xml	barrier_penetration;bladder_cancer;formulation;intravesical	fulltext_xml
intravesical_biologics_barrier	Li R, Zhao A, Zhuang Q, Peng L, Liang R, Zhao J, Liu Y, Deng D, Yu P, Peng X, Zhang S, Wu S.	An Intravesical Akkermansia muciniphila-Based Chemo-Immunotherapeutic Platform for Bladder Cancer	Advanced science (Weinheim, Baden-Wurttemberg, Germany)	2026	42606020	10.1002/advs.77241		https://doi.org/10.1002/advs.77241		barrier_penetration;bladder_cancer;intravesical	metadata_only
intravesical_biologics_barrier	Lin L, Li H, Zhou Q, Ding Q, Sun X, Hu J, Zhao Z, Qin Y, Jiang T, Ye H, Wu X, Liu H, Huang L, Huang C, Gao Y, Tang J, Ma X, Yan X.	Machine-intelligent multimodal algebot for intracavitary chemotherapy	Nature nanotechnology	2026	42332250	10.1038/s41565-026-02195-0	PMC13379317	https://pmc.ncbi.nlm.nih.gov/articles/PMC13379317/	fulltext/lin_2026_pmid42332250.xml	barrier_penetration;bladder_cancer;formulation;intravesical;preclinical;quantitative;systemic_toxicity	fulltext_xml
intravesical_biologics_barrier	Sun L, Qin X, Liu D, Zuo W, Wang H, Xu W, Zheng B, Zhang Q, Xue W, Liu Y, Liu Z, Mou Y, Chen Y, Wang C, Zhou X, Zhang D, Zhang P.	A multifunctional M1-like cell vehicle to intravesically deliver ICG for photodynamic therapy of bladder cancer	Journal of controlled release : official journal of the Controlled Release Society	2026	41265643	10.1016/j.jconrel.2025.114428		https://doi.org/10.1016/j.jconrel.2025.114428		barrier_penetration;bladder_cancer;formulation;intravesical	metadata_only
intravesical_biologics_barrier	Zhang Y, Shi X, Yuan Y, Gao X, Huang C, Zhang H, Jiang G, Zhou Q.	MoN/Au/cTAT Boosted Sonochemotherapy Post-Intravesical Instillation in Bladder Cancer	Small (Weinheim an der Bergstrasse, Germany)	2026	42504482	10.1002/smll.202511210		https://doi.org/10.1002/smll.202511210		barrier_penetration;bladder_cancer;formulation;intravesical	metadata_only
intravesical_biologics_barrier	Zhao C, Hou D, Wang K, Chen J, Wu Y, Liu N, Wang Z, Liu Y, Li Y, Zhang Z, Liu Y, Hou Z, Yang X, Liu X, Xu W, Wang Z, Zhang H, Liu Z.	Mucoadhesive tumor-penetrating nanomedicine for intravesical chemo-immunotherapy against bladder cancer	Science advances	2026	41984946	10.1126/sciadv.aeb9764	PMC13082320	https://pmc.ncbi.nlm.nih.gov/articles/PMC13082320/	fulltext/zhao_2026_pmid41984946.xml	barrier_penetration;bladder_cancer;formulation;intravesical;preclinical	fulltext_xml
intravesical_biologics_barrier	Chen Y, Zheng B, Liu Z, Wang H, Xu L, Qin X, Sun L, Li H, Xu W, Mou Y, Wang C, Hua X, Zhou X, Liu D, Zuo W, Zhang C, Zhang P, Zhang D.	Dual-Spherical Multifunctional Nanomotors for Intravesical Bladder Cancer Therapy	International journal of nanomedicine	2025	41383278	10.2147/ijn.s552418	PMC12691648	https://pmc.ncbi.nlm.nih.gov/articles/PMC12691648/	fulltext/chen_2025_pmid41383278.xml	barrier_penetration;bladder_cancer;formulation;intravesical	fulltext_xml
intravesical_biologics_barrier	Liu Y, Xu W, Qin X, Zheng J, Zheng B, Sun L, Zuo W, Liu D, Liu Z, Mou Y, Wang H, Zhang Q, Chen J, Zhang P, Zhang D.	Intravesical delivery of mucoadhesive and tumor-selective-penetrating nanozymes for enhancing the PDT of bladder cancer	Journal of nanobiotechnology	2025	40770338	10.1186/s12951-025-03594-6	PMC12330023	https://pmc.ncbi.nlm.nih.gov/articles/PMC12330023/	fulltext/liu_2025_pmid40770338.xml	barrier_penetration;bladder_cancer;formulation;intravesical	fulltext_xml
intravesical_biologics_barrier	Mou Y, Liu Z, Xu W, Zheng B, Ma M, Qin X, Zheng J, Ni R, Li H, Wang L, Bai Y, Fan J, Qi X, Zhang Q, Zhang P, Zhang D.	Dual-source powered sea urchin-like nanomotors for intravesical photothermal therapy of bladder cancer	Journal of nanobiotechnology	2025	40380217	10.1186/s12951-025-03446-3	PMC12084915	https://pmc.ncbi.nlm.nih.gov/articles/PMC12084915/	fulltext/mou_2025_pmid40380217.xml	barrier_penetration;bladder_cancer;formulation;intravesical;pharmacokinetics	fulltext_xml
intravesical_biologics_barrier	Chen W, Wang Y, Hu H, Zhu Y, Zhao H, Wu J, Ju H, Zhang Q, Guo H, Liu Y.	NIR-II light powered hydrogel nanomotor for intravesical instillation with enhanced bladder cancer therapy	Nanoscale	2024	38717507	10.1039/d4nr01128g		https://doi.org/10.1039/d4nr01128g		barrier_penetration;bladder_cancer;formulation;intravesical	metadata_only
intravesical_biologics_barrier	Fattahi MR, Dehghani M, Paknahad S, Rahiminia S, Zareie D, Hoseini B, Oroomi TR, Motedayyen H, Arefnezhad R.	Clinical insights into nanomedicine and biosafety: advanced therapeutic approaches for common urological cancers	Frontiers in oncology	2024	39193389	10.3389/fonc.2024.1438297	PMC11347329	https://pmc.ncbi.nlm.nih.gov/articles/PMC11347329/	fulltext/fattahi_2024_pmid39193389.xml	barrier_penetration;formulation;intravesical;review	fulltext_xml
intravesical_biologics_barrier	Li F, Chen X, He Y, Peng Z.	Mucoadhesive Thiolated Hyaluronic Acid/Pluronic F127 Nanogel Formation via Thiol-Maleimide Click Reaction for Intravesical Drug Delivery	ACS applied bio materials	2024	38447202	10.1021/acsabm.4c00068		https://doi.org/10.1021/acsabm.4c00068		barrier_penetration;bladder_cancer;formulation;intravesical;quantitative	metadata_only
intravesical_biologics_barrier	Yao J, Chen Y, Zhang X, Chen J, Zhou C, Jiang J, Zhang H, Wu K.	Slightly photo-crosslinked chitosan/silk fibroin hydrogel adhesives with hemostasis and anti-inflammation for pro-healing cyclophosphamide-induced hemorrhagic cystitis	Materials today. Bio	2024	38298562	10.1016/j.mtbio.2024.100947	PMC10826334	https://pmc.ncbi.nlm.nih.gov/articles/PMC10826334/	fulltext/yao_2024_pmid38298562.xml	barrier_penetration;formulation;intravesical;preclinical	fulltext_xml
intravesical_biologics_barrier	Zheng B, Zhang H, Wang J, Qin X, Xu W, Wang H, Liu Z, Liu Y, Mou Y, Lai WF, Shen Y, Zhang D, Zhang P.	A mucoadhesive-to-penetrating nanomotors-in-hydrogel system for urothelium-oriented intravesical drug delivery	Journal of nanobiotechnology	2024	39272197	10.1186/s12951-024-02816-7	PMC11401290	https://pmc.ncbi.nlm.nih.gov/articles/PMC11401290/	fulltext/zheng_2024_pmid39272197.xml	barrier_penetration;formulation;intravesical	fulltext_xml
intravesical_biologics_barrier	de Lima CSA, Rial-Hermida MI, de Freitas LF, Pereira-da-Mota AF, Vivero-Lopez M, Ferreira AH, Kadłubowski S, Varca GHC, Lugão AB, Alvarez-Lorenzo C.	Mucoadhesive gellan gum-based and carboxymethyl cellulose -based hydrogels containing gemcitabine and papain for bladder cancer treatment	International journal of biological macromolecules	2023	37217049	10.1016/j.ijbiomac.2023.124957		https://doi.org/10.1016/j.ijbiomac.2023.124957		barrier_penetration;bladder_cancer;formulation;intravesical;quantitative	metadata_only
intravesical_biologics_barrier	Li G, Tao T, Deng D, Zhang S, Chao Y, Dai Y, Li Y, Tao R, Yuan S, Liu Z, Wu S.	Collagen-targeted tumor-specific transepithelial penetration enhancer mediated intravesical chemoimmunotherapy for non-muscle-invasive bladder cancer	Biomaterials	2022	35220019	10.1016/j.biomaterials.2022.121422		https://doi.org/10.1016/j.biomaterials.2022.121422		barrier_penetration;bladder_cancer;formulation;intravesical	metadata_only
intravesical_biologics_barrier	Shawky S, Makled S, Awaad A, Boraie N.	Quercetin Loaded Cationic Solid Lipid Nanoparticles in a Mucoadhesive In Situ Gel-A Novel Intravesical Therapy Tackling Bladder Cancer	Pharmaceutics	2022	36432718	10.3390/pharmaceutics14112527	PMC9695231	https://pmc.ncbi.nlm.nih.gov/articles/PMC9695231/	fulltext/shawky_2022_pmid36432718.xml	barrier_penetration;bladder_cancer;formulation;intravesical;quantitative	fulltext_xml
intravesical_biologics_barrier	Sun Z, Zhang W, Ye Z, Yuan L, Fu M, Liu X, Liang H, Han H.	NIR-II-triggered doxorubicin release for orthotopic bladder cancer chemo-photothermal therapy	Nanoscale	2022	36325926	10.1039/d2nr04200b		https://doi.org/10.1039/d2nr04200b		barrier_penetration;bladder_cancer;formulation;intravesical;preclinical;quantitative	metadata_only
intravesical_biologics_barrier	Zheng B, Liu Z, Wang H, Sun L, Lai WF, Zhang H, Wang J, Liu Y, Qin X, Qi X, Wang S, Shen Y, Zhang P, Zhang D.	R11 modified tumor cell membrane nanovesicle-camouflaged nanoparticles with enhanced targeting and mucus-penetrating efficiency for intravesical chemotherapy for bladder cancer	Journal of controlled release : official journal of the Controlled Release Society	2022	36191674	10.1016/j.jconrel.2022.09.055		https://doi.org/10.1016/j.jconrel.2022.09.055		barrier_penetration;bladder_cancer;formulation;intravesical;preclinical	metadata_only
intravesical_biologics_barrier	de Lima CSA, Varca JPRO, Alves VM, Nogueira KM, Cruz CPC, Rial-Hermida MI, Kadłubowski SS, Varca GHC, Lugão AB.	Mucoadhesive Polymers and Their Applications in Drug Delivery Systems for the Treatment of Bladder Cancer	Gels (Basel, Switzerland)	2022	36135300	10.3390/gels8090587	PMC9498303	https://pmc.ncbi.nlm.nih.gov/articles/PMC9498303/	fulltext/de_2022_pmid36135300.xml	barrier_penetration;bladder_cancer;formulation;intravesical;quantitative;review	fulltext_xml
intravesical_biologics_barrier	Wang S, Jin S, Shu Q, Wu S.	Strategies to Get Drugs across Bladder Penetrating Barriers for Improving Bladder Cancer Therapy	Pharmaceutics	2021	33513793	10.3390/pharmaceutics13020166	PMC7912621	https://pmc.ncbi.nlm.nih.gov/articles/PMC7912621/	fulltext/wang_2021_pmid33513793.xml	barrier_penetration;bladder_cancer;intravesical;pharmacokinetics;review	fulltext_xml
intravesical_biologics_barrier	Chen TY, Tsai MJ, Lin IL, Chang LC, Wu PC.	Gel-Based Nanocarrier for Intravesical Chemotherapy Delivery: In Vitro and In Vivo Study	Pharmaceuticals (Basel, Switzerland)	2020	33105632	10.3390/ph13110329	PMC7690443	https://pmc.ncbi.nlm.nih.gov/articles/PMC7690443/	fulltext/chen_2020_pmid33105632.xml	barrier_penetration;intravesical;quantitative;systemic_toxicity	fulltext_xml
intravesical_biologics_barrier	Guo H, Li F, Qiu H, Xu W, Li P, Hou Y, Ding J, Chen X.	Synergistically Enhanced Mucoadhesive and Penetrable Polypeptide Nanogel for Efficient Drug Delivery to Orthotopic Bladder Cancer	Research (Washington, D.C.)	2020	32832909	10.34133/2020/8970135	PMC7420878	https://pmc.ncbi.nlm.nih.gov/articles/PMC7420878/	fulltext/guo_2020_pmid32832909.xml	barrier_penetration;bladder_cancer;formulation;intravesical;preclinical	fulltext_xml
intravesical_biologics_barrier	Li G, Wang S, Deng D, Xiao Z, Dong Z, Wang Z, Lei Q, Gao S, Huang G, Zhang E, Zeng G, Wen Z, Wu S, Liu Z.	Fluorinated Chitosan To Enhance Transmucosal Delivery of Sonosensitizer-Conjugated Catalase for Sonodynamic Bladder Cancer Treatment Post-intravesical Instillation	ACS nano	2020	32011860	10.1021/acsnano.9b06689		https://doi.org/10.1021/acsnano.9b06689		barrier_penetration;bladder_cancer;formulation;intravesical;systemic_toxicity	metadata_only
intravesical_biologics_barrier	Kolawole OM, Lau WM, Khutoryanskiy VV.	Chitosan/β-glycerophosphate in situ gelling mucoadhesive systems for intravesical delivery of mitomycin-C	International journal of pharmaceutics: X	2019	31517272	10.1016/j.ijpx.2019.100007	PMC6733296	https://pmc.ncbi.nlm.nih.gov/articles/PMC6733296/	fulltext/kolawole_2019_pmid31517272.xml	barrier_penetration;bladder_cancer;formulation;intravesical	fulltext_xml
intravesical_biologics_barrier	Qiu X, Cao K, Lin T, Chen W, Yuan A, Wu J, Hu Y, Guo H.	Drug delivery system based on dendritic nanoparticles for enhancement of intravesical instillation	International journal of nanomedicine	2017	29066888	10.2147/ijn.s140111	PMC5644558	https://pmc.ncbi.nlm.nih.gov/articles/PMC5644558/	fulltext/qiu_2017_pmid29066888.xml	barrier_penetration;bladder_cancer;formulation;intravesical;preclinical	fulltext_xml
intravesical_biologics_barrier	Liu CW, Wu YT, Lin KJ, Yu TJ, Kuo YL, Chang LC.	A Hydrogel-Based Epirubicin Delivery System for Intravesical Chemotherapy	Molecules (Basel, Switzerland)	2016	27258243	10.3390/molecules21060712	PMC6274032	https://pmc.ncbi.nlm.nih.gov/articles/PMC6274032/	fulltext/liu_2016_pmid27258243.xml	barrier_penetration;bladder_cancer;formulation;intravesical;preclinical;quantitative	fulltext_xml
intravesical_biologics_barrier	Schwalenberg T, Berger FP, Horn LC, Thi PH, Stolzenburg JU, Neuhaus J.	Intravesical Glycosaminoglycan Replacement with Chondroitin Sulphate (Gepan(®) instill) in Patients with Chronic Radiotherapy- or Chemotherapy-Associated Cystitis	Clinical drug investigation	2015	26175064	10.1007/s40261-015-0306-6	PMC4519582	https://pmc.ncbi.nlm.nih.gov/articles/PMC4519582/	fulltext/schwalenberg_2015_pmid26175064.xml	barrier_penetration;intravesical;quantitative	fulltext_xml
intravesical_biologics_barrier	Martin DT, Steinbach JM, Liu J, Shimizu S, Kaimakliotis HZ, Wheeler MA, Hittelman AB, Mark Saltzman W, Weiss RM.	Surface-modified nanoparticles enhance transurothelial penetration and delivery of survivin siRNA in treating bladder cancer	Molecular cancer therapeutics	2014	24222663	10.1158/1535-7163.mct-13-0502	PMC3924597	https://pmc.ncbi.nlm.nih.gov/articles/PMC3924597/	fulltext/martin_2014_pmid24222663.xml	barrier_penetration;bladder_cancer;formulation;intravesical;preclinical;quantitative	fulltext_xml
intravesical_biologics_barrier	Martin DT, Hoimes CJ, Kaimakliotis HZ, Cheng CJ, Zhang K, Liu J, Wheeler MA, Kelly WK, Tew GN, Saltzman WM, Weiss RM.	Nanoparticles for urothelium penetration and delivery of the histone deacetylase inhibitor belinostat for treatment of bladder cancer	Nanomedicine : nanotechnology, biology, and medicine	2013	23764660	10.1016/j.nano.2013.05.017	PMC3815967	https://pmc.ncbi.nlm.nih.gov/articles/PMC3815967/	fulltext/martin_2013_pmid23764660.xml	barrier_penetration;bladder_cancer;formulation;intravesical;preclinical;quantitative	fulltext_xml
intravesical_biologics_barrier	Huygens A, Crnolatac I, Maes J, Van Cleynenbreugel B, Van Poppel H, Roskams T, de Witte PA.	Influence of the glycosaminoglycan layer on the permeation of hypericin in rat bladders in vivo	BJU international	2007	17868424	10.1111/j.1464-410x.2007.07167.x		https://doi.org/10.1111/j.1464-410x.2007.07167.x		barrier_penetration;bladder_cancer;intravesical;preclinical;quantitative	metadata_only
formulation_delivery_systems	Colson M, Aubry A, Gaide N, Lluel P, Oswald E, David L.	Bacterial nanoparticles as a potent and safe alternative to BCG for bladder cancer immunotherapy	Cancer gene therapy	2026	41168379	10.1038/s41417-025-00984-8		https://doi.org/10.1038/s41417-025-00984-8		bladder_cancer;formulation;intravesical;pharmacokinetics;preclinical;quantitative;systemic_toxicity	metadata_only
formulation_delivery_systems	Jiang L, Li Y, Liu W, Wu S, Tang S, Wen D, Yuan H, Zhang D, Chen S, Wang X.	Harmonizing the adhesion-release dilemma: a bio-based injectable hypertonic hydrogel for bladder perfusion therapy	Journal of materials chemistry. B	2026	41879096	10.1039/d5tb02530c		https://doi.org/10.1039/d5tb02530c		bladder_cancer;formulation;intravesical;quantitative	metadata_only
formulation_delivery_systems	Ouyang B, Wu Z, Li J, Zhu G, Shen Y, Lang M.	Preliminary study on intravesical instillation of IL-12 mRNA lipid nanoparticles for the treatment of bladder cancer	Tumori	2026	42494051	10.1177/03008916261463130		https://doi.org/10.1177/03008916261463130		bladder_cancer;formulation;intravesical;preclinical;quantitative	metadata_only
formulation_delivery_systems	Pan CX, Mossanen M, Ellis JL, Ma AH, Yang C, Farrukh H, Jiao Y, Bhardwaj U, Lee JS, Lara PN, Hynes C, Lin TY, Li Y, Lerner L, Preston MA, Kibel A, Dall'Era M, Lam KS.	Phase I first-in-human dose-escalation trial of a bladder cancer-specific nanoparticle in non-muscle-invasive bladder cancer	Nanomedicine (London, England)	2026	42415671	10.1080/17435889.2026.2693194		https://doi.org/10.1080/17435889.2026.2693194		bladder_cancer;clinical;formulation;intravesical;quantitative	metadata_only
formulation_delivery_systems	Peyton CC, Kates M, Nadkarni A, Dhanda R, Ugwuoke N, Tsurutis V, Burger B, Lee LV, Louie MJ, Burke T, Stover AM.	Patient-Reported Outcomes Following UGN-102 Treatment in Low-Grade Intermediate-Risk Nonmuscle-Invasive Bladder Cancer: An Analysis of 3 Clinical Trials	Urology practice	2026	41217883	10.1097/upj.0000000000000917	PMC12940632	https://pmc.ncbi.nlm.nih.gov/articles/PMC12940632/	fulltext/peyton_2026_pmid41217883.xml	bladder_cancer;clinical;formulation;intravesical;quantitative;systemic_toxicity	fulltext_xml
formulation_delivery_systems	Qin X, Zheng B, Liu D, Quan X, Wu Z, Zuo W, Wang H, Zhang Q, Li H, Liu Z, Mou Y, Liu Y, Dong S, Cai C, Han T, Zhang P, Bai Y, Jiang W.	A 'two-in-one' tumor-specific-hydrogel-assisted strategy for intravesical chemotherapy and protection of normal tissues	Journal of nanobiotechnology	2026	41840639	10.1186/s12951-026-04284-7	PMC13217950	https://pmc.ncbi.nlm.nih.gov/articles/PMC13217950/	fulltext/qin_2026_pmid41840639.xml	bladder_cancer;formulation;intravesical;quantitative	fulltext_xml
formulation_delivery_systems	Rhodes AC, McClintic KA, Witt E, Nwosu I, Balk KR, Reis C, Sutton IC, Bi J, Fu MZ, O'Donnell MA, Packiam VT, Byrne JD.	Drug-releasing intravesical floating technology for sequential gemcitabine and docetaxel in non-muscle-invasive bladder cancer	BJU international	2026	41178321	10.1111/bju.70060	PMC12789840	https://pmc.ncbi.nlm.nih.gov/articles/PMC12789840/	fulltext/rhodes_2026_pmid41178321.xml	barrier_penetration;bladder_cancer;formulation;intravesical;quantitative	fulltext_xml
formulation_delivery_systems	Tanuma K, Shiga M, Sano K, Hamada K, Nitta S, Chihara I, Nagumo Y, Kandori S, Hoshi A, Negoro H, Mathis BJ, Miyazaki J, Nishiyama H.	Systemic administration of liposomal trehalose dimycolate induces NK1.1⁺ cell mediated antitumor immunity in bladder cancer	BMC cancer	2026	41923001	10.1186/s12885-026-15951-1	PMC13169918	https://pmc.ncbi.nlm.nih.gov/articles/PMC13169918/	fulltext/tanuma_2026_pmid41923001.xml	bladder_cancer;formulation;intravesical;preclinical;quantitative;route_comparison	fulltext_xml
formulation_delivery_systems	Wang Y, An S, Min Y.	Crocin-coated zinc-alginate-PEG nanocomposite induces ROS-mediated apoptosis via PI3K/Akt/mTOR suppression in bladder cancer cells	3 Biotech	2026	42245395	10.1007/s13205-026-04874-0		https://doi.org/10.1007/s13205-026-04874-0		bladder_cancer;formulation;intravesical;pharmacokinetics;systemic_toxicity	metadata_only
formulation_delivery_systems	Yao W, Shen W, Zhou H, Dai X, Wei D, Zhao F, Fang Z, Wang J, Liu X, Tan W, Yang Y.	Bioinspired IgM-Mimetic Polyvalent Aptamer-Albumin Nanoplatform for Targeted Intravesical Therapy of Bladder Cancer	Small (Weinheim an der Bergstrasse, Germany)	2026	41853972	10.1002/smll.202514393		https://doi.org/10.1002/smll.202514393		bladder_cancer;formulation;intravesical	metadata_only
formulation_delivery_systems	Zeng J, Cao Z, Wang C, Xu Y.	Intravesical Delivery of P21 mRNA-Loaded Lipid Nanoparticles as a Tumor Suppressor Replacement Therapy for Bladder Cancer	FASEB journal : official publication of the Federation of American Societies for Experimental Biology	2026	42144924	10.1096/fj.202600049r	PMC13181305	https://pmc.ncbi.nlm.nih.gov/articles/PMC13181305/	fulltext/zeng_2026_pmid42144924.xml	bladder_cancer;formulation;intravesical;preclinical	fulltext_xml
formulation_delivery_systems	Amparo TR, Anunciação KFD, Almeida TC, Sousa LRD, Xavier VF, Seibert JB, Barboza APM, Vieira PMA, Dos Santos ODH, da Silva GN, Brandão GC.	Chitosan Nanoparticles Enhance the Antiproliferative Effect of Lapachol in Urothelial Carcinoma Cell Lines	Pharmaceutics	2025	40733077	10.3390/pharmaceutics17070868	PMC12301055	https://pmc.ncbi.nlm.nih.gov/articles/PMC12301055/	fulltext/amparo_2025_pmid40733077.xml	bladder_cancer;formulation;intravesical;pharmacokinetics;quantitative	fulltext_xml
formulation_delivery_systems	Hu X, Li G, Kong C, Liu L, Deng D, Xin G, Pan J, Wu S, Lei Q.	Fluorinated chitosan mediated transepithelial delivery of sanguinarine-loaded platinum (IV) prodrug for intravesical instillation therapy of muscle-invasive bladder cancer	Journal of controlled release : official journal of the Controlled Release Society	2025	39701454	10.1016/j.jconrel.2024.12.023		https://doi.org/10.1016/j.jconrel.2024.12.023		barrier_penetration;bladder_cancer;formulation;intravesical;preclinical;route_comparison;systemic_toxicity	metadata_only
formulation_delivery_systems	Jia J, Wu G, Zhang H, Wang F, Gu X, Dorma D, Zhang L, Chen H, Xu Y, Xie H.	Magnetic-Driven Hydrogel Robots Loaded with Mitomycin for Active Therapy of Bladder Cancer	ACS applied materials & interfaces	2025	40519022	10.1021/acsami.5c03787		https://doi.org/10.1021/acsami.5c03787		bladder_cancer;formulation;intravesical	metadata_only
formulation_delivery_systems	Katsurayama N, Horiuchi T, Nishimura K, Nakamura K, Endo T, Nemoto Y, Nakajima N, Toki D, Kondo T.	A Case of Complete Remission of Bilateral Upper Tract Carcinoma In Situ Following Retrograde Bacillus Calmette-Guérin (BCG) Instillation via Open-Ended Ureteral Catheters After Failure Using Double-J Stents	IJU case reports	2025	41185736	10.1002/iju5.70092	PMC12580006	https://pmc.ncbi.nlm.nih.gov/articles/PMC12580006/	fulltext/katsurayama_2025_pmid41185736.xml	bladder_cancer;formulation;intravesical	fulltext_xml
formulation_delivery_systems	Liu CW, Chen PH, Lin KJ, Cheng YT, Chang LC.	Novel Hydrogel-Mediated Lentiviral Gene Delivery via Intravesical Administration for Bladder Cancer Treatment	Pharmaceutics	2025	40006511	10.3390/pharmaceutics17020143	PMC11858974	https://pmc.ncbi.nlm.nih.gov/articles/PMC11858974/	fulltext/liu_2025_pmid40006511.xml	bladder_cancer;formulation;intravesical;preclinical;systemic_toxicity	fulltext_xml
formulation_delivery_systems	Liu K, Jiao B, Zhang G, Gan Z, Lai S, Ding Z, Yu Q.	Self-enhanced ROS-responsive camptothecin prodrug nanoparticles elicit safe and efficient intravesical instillation therapy of bladder cancer	Journal of controlled release : official journal of the Controlled Release Society	2025	40449800	10.1016/j.jconrel.2025.113905		https://doi.org/10.1016/j.jconrel.2025.113905		barrier_penetration;bladder_cancer;formulation;intravesical	metadata_only
formulation_delivery_systems	Polak L, Hojeij R, Cesson V, Haefliger JA, Roger T, Lucca I, Derré L, Nardelli-Haefliger D, Domingos-Pereira S.	Characterization of Ty21a immunostimulatory effects in the mouse bladder	Frontiers in immunology	2025	41383612	10.3389/fimmu.2025.1629462	PMC12689529	https://pmc.ncbi.nlm.nih.gov/articles/PMC12689529/	fulltext/polak_2025_pmid41383612.xml	bladder_cancer;formulation;intravesical;preclinical;systemic_toxicity	fulltext_xml
formulation_delivery_systems	Yin P, Wei C, Brozovic A, Wu C, Zhang W.	Chitosan/polyvinyl alcohol-based magnetic hydrogel microspheres with controlled retention and regulated drug release for intravesical instillation	International journal of biological macromolecules	2025	39657875	10.1016/j.ijbiomac.2024.138412		https://doi.org/10.1016/j.ijbiomac.2024.138412		bladder_cancer;formulation;intravesical	metadata_only
formulation_delivery_systems	Zhang C, Liu S, Zhang J, Lu J, Chen Z, Pan B, Liu C, Huang M, Zhan H, Wang H, Chen S, Jie K, He B, Wu J, Li Y, Wang H, Zhao J, Zhang Q, Chen X.	A Multifunctional Fe-EGCG@RSL3 Nanomedicine Synergizes Ferroptosis Induction and Tumor Microenvironment Remodeling for Enhanced Bladder Cancer Immunotherapy	Research (Washington, D.C.)	2025	40530387	10.34133/research.0735	PMC12173478	https://pmc.ncbi.nlm.nih.gov/articles/PMC12173478/	fulltext/zhang_2025_pmid40530387.xml	bladder_cancer;formulation;intravesical;preclinical;route_comparison	fulltext_xml
formulation_delivery_systems	Zheng B, Chen Z, Sun L, Quan J, Wei J, Huang B, Zhang D, Zhang P, Zhuo Y.	Intravesical Tumor-Selective Mucoadhesive Hydrogel for Effective Chemotherapy In Murine Model	International journal of nanomedicine	2025	40491849	10.2147/ijn.s522421	PMC12146100	https://pmc.ncbi.nlm.nih.gov/articles/PMC12146100/	fulltext/zheng_2025_pmid40491849.xml	barrier_penetration;bladder_cancer;formulation;intravesical;pharmacokinetics;preclinical	fulltext_xml
formulation_delivery_systems	Alhozeel B, Pandey SK, Shteinfer-Kuzmine A, Santhanam M, Shoshan-Barmatz V.	Silencing the Mitochondrial Gatekeeper VDAC1 as a Potential Treatment for Bladder Cancer	Cells	2024	38607066	10.3390/cells13070627	PMC11012128	https://pmc.ncbi.nlm.nih.gov/articles/PMC11012128/	fulltext/alhozeel_2024_pmid38607066.xml	bladder_cancer;clinical;formulation;intravesical;preclinical;quantitative;route_comparison	fulltext_xml
formulation_delivery_systems	Hu W, Zhou Z, Zou F, Huang Y, Li M, Zhang Y, Sun K, Deng H, Cheng F, Zhao Z, Yu W.	Harnessing Natural Pollen as Sustained-Release, Mucoadhesive, and Biosafe Drug Microcapsules for Intravesical Instillation in Bladder Cancer Treatment	Small (Weinheim an der Bergstrasse, Germany)	2024	39654339	10.1002/smll.202406351		https://doi.org/10.1002/smll.202406351		bladder_cancer;formulation;intravesical;preclinical;quantitative	metadata_only
formulation_delivery_systems	Liang M, Wang Y, Liu L, Deng D, Yan Z, Feng L, Kong C, Li C, Li Y, Li G.	Synergistic intravesical instillation for bladder cancer: CRISPR-Cas13a and fenbendazole combination therapy	Journal of experimental & clinical cancer research : CR	2024	39128990	10.1186/s13046-024-03146-0	PMC11318243	https://pmc.ncbi.nlm.nih.gov/articles/PMC11318243/	fulltext/liang_2024_pmid39128990.xml	bladder_cancer;formulation;intravesical	fulltext_xml
formulation_delivery_systems	Liu J, Yang TY, Dai LQ, Shi K, Hao Y, Chu BY, Hu DR, Bei ZW, Yuan LP, Pan M, Qian ZY.	Intravesical chemotherapy synergize with an immune adjuvant by a thermo-sensitive hydrogel system for bladder cancer	Bioactive materials	2024	37663619	10.1016/j.bioactmat.2023.08.013	PMC10468327	https://pmc.ncbi.nlm.nih.gov/articles/PMC10468327/	fulltext/liu_2024_pmid37663619.xml	bladder_cancer;formulation;intravesical;route_comparison	fulltext_xml
formulation_delivery_systems	Obireddy SR, Lai WF.	Advances in preclinical approaches for intravesical therapy of bladder cancer	Current opinion in urology	2024	38757170	10.1097/mou.0000000000001186		https://doi.org/10.1097/mou.0000000000001186		bladder_cancer;formulation;intravesical;preclinical;review	metadata_only
formulation_delivery_systems	P van Valenberg FJ, van der Heijden AG, Cutie CJ, Bhanvadia S, Keegan KA, Hampras S, Sweiti H, Maffeo JC, Jin S, Chau A, Reynolds DL, Iarossi C, Kelley A, Li X, Stromberg KA, Michiel Sedelaar JP, Steenbruggen JJO, Somford DM, Alfred Witjes J.	The Safety, Tolerability, and Preliminary Efficacy of a Gemcitabine-releasing Intravesical System (TAR-200) in American Urological Association-defined Intermediate-risk Non-muscle-invasive Bladder Cancer Patients: A Phase 1b Study	European urology open science	2024	38585206	10.1016/j.euros.2024.01.013	PMC10998271	https://pmc.ncbi.nlm.nih.gov/articles/PMC10998271/	fulltext/p_2024_pmid38585206.xml	bladder_cancer;clinical;formulation;intravesical;pharmacokinetics;quantitative;systemic_toxicity	fulltext_xml
formulation_delivery_systems	Tang D, Yan Y, Li Y, Li Y, Tian J, Yang L, Ding H, Bashir G, Zhou H, Ding Q, Tao R, Zhang S, Wang Z, Wu S.	Targeting DAD1 gene with CRISPR-Cas9 system transmucosally delivered by fluorinated polylysine nanoparticles for bladder cancer intravesical gene therapy	Theranostics	2024	38164146	10.7150/thno.88550	PMC10750211	https://pmc.ncbi.nlm.nih.gov/articles/PMC10750211/	fulltext/tang_2024_pmid38164146.xml	barrier_penetration;bladder_cancer;formulation;intravesical;preclinical;systemic_toxicity	fulltext_xml
formulation_delivery_systems	Tyagi P, Hafron J, Kaufman J, Chancellor M.	Enhancing Therapeutic Efficacy and Safety of Immune Checkpoint Inhibition for Bladder Cancer: A Comparative Analysis of Injectable vs. Intravesical Administration	International journal of molecular sciences	2024	38732167	10.3390/ijms25094945	PMC11084450	https://pmc.ncbi.nlm.nih.gov/articles/PMC11084450/	fulltext/tyagi_2024_pmid38732167.xml	barrier_penetration;bladder_cancer;formulation;intravesical;review;systemic_toxicity	fulltext_xml
formulation_delivery_systems	Zekan D, Hogan T, Jackson B, Jackson G, Kandzari S.	The Novel Platinum Analog Dicycloplatin Provides Reliable Growth Inhibition of Urothelial Carcinoma Cells In Vitro	Anticancer research	2024	39060036	10.21873/anticanres.17142		https://doi.org/10.21873/anticanres.17142		bladder_cancer;formulation;intravesical;quantitative;route_comparison	metadata_only
formulation_delivery_systems	Zhuang S, Jin X, Cen L, Shao Y.	Encapsulation of hydroxycamptothecin within porous and hollow poly(L-lactide-co-ε-caprolactone) microspheres as a floating delivery system for intravesical instillation	Biomaterials science	2024	38860438	10.1039/d4bm00618f		https://doi.org/10.1039/d4bm00618f		bladder_cancer;formulation;intravesical;quantitative	metadata_only
formulation_delivery_systems	Boschi F, Malatesta M.	Nanoparticle-Based Techniques for Bladder Cancer Imaging: A Review	International journal of molecular sciences	2023	36835222	10.3390/ijms24043812	PMC9965346	https://pmc.ncbi.nlm.nih.gov/articles/PMC9965346/	fulltext/boschi_2023_pmid36835222.xml	barrier_penetration;bladder_cancer;formulation;intravesical;preclinical;review	fulltext_xml
formulation_delivery_systems	Jing W, Chen C, Wang G, Han M, Chen S, Jiang X, Shi C, Sun P, Yang Z, Shi B, Jiang X.	Metabolic Modulation of Intracellular Ammonia via Intravesical Instillation of Nanoporter-Encased Hydrogel Eradicates Bladder Carcinoma	Advanced science (Weinheim, Baden-Wurttemberg, Germany)	2023	36775865	10.1002/advs.202206893	PMC10131795	https://pmc.ncbi.nlm.nih.gov/articles/PMC10131795/	fulltext/jing_2023_pmid36775865.xml	bladder_cancer;formulation;intravesical;preclinical	fulltext_xml
formulation_delivery_systems	Noh JI, Ahn EJ, Noh MG, Moon KS, Chung E, Choi C, Lee KH, Kim SS.	Orthotopic Mouse Models of Urinary Bladder Cancer	In vivo (Athens, Greece)	2023	37652486	10.21873/invivo.13301	PMC10500489	https://pmc.ncbi.nlm.nih.gov/articles/PMC10500489/	fulltext/noh_2023_pmid37652486.xml	bladder_cancer;formulation;intravesical;preclinical;quantitative	fulltext_xml
formulation_delivery_systems	Qiu H, Wang J, Zhi Y, Yan B, Huang Y, Li J, Shen C, Dai L, Fang Q, Shi C, Li W.	Hyaluronic Acid-Conjugated Fluorescent Probe-Shielded Polydopamine Nanomedicines for Targeted Imaging and Chemotherapy of Bladder Cancer	ACS applied materials & interfaces	2023	37769147	10.1021/acsami.3c09564		https://doi.org/10.1021/acsami.3c09564		bladder_cancer;formulation;intravesical;preclinical	metadata_only
formulation_delivery_systems	Song FX, Xu X, Ding H, Yu L, Huang H, Hao J, Wu C, Liang R, Zhang S.	Recent Progress in Nanomaterial-Based Biosensors and Theranostic Nanomedicine for Bladder Cancer	Biosensors	2023	36671940	10.3390/bios13010106	PMC9855444	https://pmc.ncbi.nlm.nih.gov/articles/PMC9855444/	fulltext/song_2023_pmid36671940.xml	bladder_cancer;formulation;intravesical;review	fulltext_xml
formulation_delivery_systems	Uboldi M, Perrotta C, Moscheni C, Zecchini S, Napoli A, Castiglioni C, Gazzaniga A, Melocchi A, Zema L.	Insights into the Safety and Versatility of 4D Printed Intravesical Drug Delivery Systems	Pharmaceutics	2023	36986618	10.3390/pharmaceutics15030757	PMC10057729	https://pmc.ncbi.nlm.nih.gov/articles/PMC10057729/	fulltext/uboldi_2023_pmid36986618.xml	barrier_penetration;bladder_cancer;formulation;intravesical;quantitative	fulltext_xml
formulation_delivery_systems	Chin YC, Yang LX, Hsu FT, Hsu CW, Chang TW, Chen HY, Chen LY, Chia ZC, Hung CH, Su WC, Chiu YC, Huang CC, Liao MY.	Iron oxide@chlorophyll clustered nanoparticles eliminate bladder cancer by photodynamic immunotherapy-initiated ferroptosis and immunostimulation	Journal of nanobiotechnology	2022	35953837	10.1186/s12951-022-01575-7	PMC9367122	https://pmc.ncbi.nlm.nih.gov/articles/PMC9367122/	fulltext/chin_2022_pmid35953837.xml	bladder_cancer;formulation;intravesical;quantitative	fulltext_xml
formulation_delivery_systems	Daneshmand S, Brummelhuis ISG, Pohar KS, Steinberg GD, Aron M, Cutie CJ, Keegan KA, Maffeo JC, Reynolds DL, Raybold B, Chau A, Witjes JA.	The safety, tolerability, and efficacy of a neoadjuvant gemcitabine intravesical drug delivery system (TAR-200) in muscle-invasive bladder cancer patients: a phase I trial	Urologic oncology	2022	35431132	10.1016/j.urolonc.2022.02.009		https://doi.org/10.1016/j.urolonc.2022.02.009		bladder_cancer;clinical;formulation;intravesical;pharmacokinetics;systemic_toxicity	metadata_only
formulation_delivery_systems	Di Gianfrancesco L, Ragonese M, Foti M, Palermo G, Sacco E, Bassi P, Racioppi M.	How to reduce bacillus Calmette-Guérin discontinuation in patients with severe functional impairment	Current urology	2022	36204364	10.1097/cu9.0000000000000134	PMC9527929	https://pmc.ncbi.nlm.nih.gov/articles/PMC9527929/	fulltext/di_2022_pmid36204364.xml	bladder_cancer;clinical;formulation;intravesical;quantitative	fulltext_xml
formulation_delivery_systems	Hao L, Shi Z, Dong Y, Chen J, Pang K, He H, Zhang S, Wu W, Zhang Q, Han C.	Efficient Delivery of P3H4 siRNA and Chlorin e6 by cRGDfK-Installed Polyarginine Nanoparticles for Tumor-Targeting Therapy of Bladder Cancer	Pharmaceutics	2022	36297587	10.3390/pharmaceutics14102149	PMC9609145	https://pmc.ncbi.nlm.nih.gov/articles/PMC9609145/	fulltext/hao_2022_pmid36297587.xml	bladder_cancer;formulation;intravesical	fulltext_xml
formulation_delivery_systems	Kong C, Zhang S, Lei Q, Wu S.	State-of-the-Art Advances of Nanomedicine for Diagnosis and Treatment of Bladder Cancer	Biosensors	2022	36290934	10.3390/bios12100796	PMC9599190	https://pmc.ncbi.nlm.nih.gov/articles/PMC9599190/	fulltext/kong_2022_pmid36290934.xml	bladder_cancer;formulation;intravesical;review	fulltext_xml
formulation_delivery_systems	Kong N, Zhang R, Wu G, Sui X, Wang J, Kim NY, Blake S, De D, Xie T, Cao Y, Tao W.	Intravesical delivery of KDM6A-mRNA via mucoadhesive nanoparticles inhibits the metastasis of bladder cancer	Proceedings of the National Academy of Sciences of the United States of America	2022	35131941	10.1073/pnas.2112696119	PMC8851555	https://pmc.ncbi.nlm.nih.gov/articles/PMC8851555/	fulltext/kong_2022_pmid35131941.xml	barrier_penetration;bladder_cancer;formulation;intravesical;preclinical	fulltext_xml
formulation_delivery_systems	Liao MY, Huang TC, Chin YC, Cheng TY, Lin GM.	Surfactant-Free Green Synthesis of Au@Chlorophyll Nanorods for NIR PDT-Elicited CDT in Bladder Cancer Therapy	ACS applied bio materials	2022	35616917	10.1021/acsabm.2c00228		https://doi.org/10.1021/acsabm.2c00228		bladder_cancer;formulation;intravesical;preclinical;quantitative;systemic_toxicity	metadata_only
formulation_delivery_systems	Lu Y, Wang S, Wang Y, Li M, Liu Y, Xue D.	Current Researches on Nanodrug Delivery Systems in Bladder Cancer Intravesical Chemotherapy	Frontiers in oncology	2022	35720013	10.3389/fonc.2022.879828	PMC9202556	https://pmc.ncbi.nlm.nih.gov/articles/PMC9202556/	fulltext/lu_2022_pmid35720013.xml	barrier_penetration;bladder_cancer;formulation;intravesical;review	fulltext_xml
formulation_delivery_systems	Ward K, Kitchen MO, Mathias SJ, Khanim FL, Bryan RT.	Novel intravesical therapeutics in the treatment of non-muscle invasive bladder cancer: Horizon scanning	Frontiers in surgery	2022	35959122	10.3389/fsurg.2022.912438	PMC9360612	https://pmc.ncbi.nlm.nih.gov/articles/PMC9360612/	fulltext/ward_2022_pmid35959122.xml	bladder_cancer;clinical;formulation;intravesical;review;systemic_toxicity	fulltext_xml
formulation_delivery_systems	Brummelhuis ISG, Simons M, Lindner LH, Kort S, de Jong S, Hossann M, Witjes JA, Oosterwijk E.	DPPG2-based thermosensitive liposomes as drug delivery system for effective muscle-invasive bladder cancer treatment in vivo	International journal of hyperthermia : the official journal of European Society for Hyperthermic Oncology, North American Hyperthermia Group	2021	34581259	10.1080/02656736.2021.1983038		https://doi.org/10.1080/02656736.2021.1983038		bladder_cancer;clinical;formulation;intravesical;preclinical;quantitative;route_comparison	metadata_only
formulation_delivery_systems	Qi A, Wang C, Ni S, Meng Y, Wang T, Yue Z, Yang K, Li Y, Cheng Z, Guo P, Zhang C.	Intravesical Mucoadhesive Hydrogel Induces Chemoresistant Bladder Cancer Ferroptosis through Delivering Iron Oxide Nanoparticles in a Three-Tier Strategy	ACS applied materials & interfaces	2021	34714617	10.1021/acsami.1c14944		https://doi.org/10.1021/acsami.1c14944		bladder_cancer;formulation;intravesical;quantitative;route_comparison	metadata_only
formulation_delivery_systems	Tang C, Liu H, Fan Y, He J, Li F, Wang J, Hou Y.	Functional Nanomedicines for Targeted Therapy of Bladder Cancer	Frontiers in pharmacology	2021	34867408	10.3389/fphar.2021.778973	PMC8635105	https://pmc.ncbi.nlm.nih.gov/articles/PMC8635105/	fulltext/tang_2021_pmid34867408.xml	bladder_cancer;formulation;intravesical;review	fulltext_xml
formulation_delivery_systems	Xu Y, Xu Y, Luo C, Wang J, Chen L, Chen J, Chen T, Zeng Q.	Application of nanotechnology in the diagnosis and treatment of bladder cancer	Journal of nanobiotechnology	2021	34838048	10.1186/s12951-021-01104-y	PMC8626998	https://pmc.ncbi.nlm.nih.gov/articles/PMC8626998/	fulltext/xu_2021_pmid34838048.xml	bladder_cancer;formulation;intravesical;review;route_comparison	fulltext_xml
formulation_delivery_systems	Wang B, Zhang K, Wang J, Zhao R, Zhang Q, Kong X.	Poly(amidoamine)-modified mesoporous silica nanoparticles as a mucoadhesive drug delivery system for potential bladder cancer therapy	Colloids and surfaces. B, Biointerfaces	2020	32070865	10.1016/j.colsurfb.2020.110832		https://doi.org/10.1016/j.colsurfb.2020.110832		bladder_cancer;formulation;intravesical	metadata_only
formulation_delivery_systems	Whang YM, Yoon DH, Hwang GY, Yoon H, Park SI, Choi YW, Chang IH.	Liposome-Encapsulated Bacillus Calmette-Guérin Cell Wall Skeleton Enhances Antitumor Efficiency for Bladder Cancer In Vitro and In Vivo via Induction of AMP-Activated Protein Kinase	Cancers	2020	33302414	10.3390/cancers12123679	PMC7762541	https://pmc.ncbi.nlm.nih.gov/articles/PMC7762541/	fulltext/whang_2020_pmid33302414.xml	bladder_cancer;formulation;intravesical	fulltext_xml
formulation_delivery_systems	Xiong Q, Liu A, Ren Q, Xue Y, Yu X, Ying Y, Gao H, Tan H, Zhang Z, Li W, Zeng S, Xu C.	Cuprous oxide nanoparticles trigger reactive oxygen species-induced apoptosis through activation of erk-dependent autophagy in bladder cancer	Cell death & disease	2020	32409654	10.1038/s41419-020-2554-5	PMC7224387	https://pmc.ncbi.nlm.nih.gov/articles/PMC7224387/	fulltext/xiong_2020_pmid32409654.xml	bladder_cancer;formulation;intravesical;preclinical;quantitative;route_comparison	fulltext_xml
formulation_delivery_systems	Xu X, Liu K, Jiao B, Luo K, Ren J, Zhang G, Yu Q, Gan Z.	Mucoadhesive nanoparticles based on ROS activated gambogic acid prodrug for safe and efficient intravesical instillation chemotherapy of bladder cancer	Journal of controlled release : official journal of the Controlled Release Society	2020	32243980	10.1016/j.jconrel.2020.03.028		https://doi.org/10.1016/j.jconrel.2020.03.028		bladder_cancer;formulation;intravesical	metadata_only
formulation_delivery_systems	Suo N, Wang M, Jin Y, Ding J, Gao X, Sun X, Zhang H, Cui M, Zheng J, Li N, Jin X, Jiang S.	Magnetic multiwalled carbon nanotubes with controlled release of epirubicin: an intravesical instillation system for bladder cancer	International journal of nanomedicine	2019	30863057	10.2147/ijn.s189688	PMC6391142	https://pmc.ncbi.nlm.nih.gov/articles/PMC6391142/	fulltext/suo_2019_pmid30863057.xml	bladder_cancer;formulation;intravesical	fulltext_xml
formulation_delivery_systems	Erman A, Veranič P.	The Use of Polymer Chitosan in Intravesical Treatment of Urinary Bladder Cancer and Infections	Polymers	2018	30966300	10.3390/polym10030265	PMC6414971	https://pmc.ncbi.nlm.nih.gov/articles/PMC6414971/	fulltext/erman_2018_pmid30966300.xml	bladder_cancer;formulation;intravesical;quantitative;review	fulltext_xml
formulation_delivery_systems	Karavana SY, Şenyiğit ZA, Çalışkan Ç, Sevin G, Özdemir Dİ, Erzurumlu Y, Şen S, Baloğlu E.	Gemcitabine hydrochloride microspheres used for intravesical treatment of superficial bladder cancer: a comprehensive in vitro/ex vivo/in vivo evaluation	Drug design, development and therapy	2018	29997433	10.2147/dddt.s164704	PMC6033088	https://pmc.ncbi.nlm.nih.gov/articles/PMC6033088/	fulltext/karavana_2018_pmid29997433.xml	bladder_cancer;formulation;intravesical;preclinical;quantitative	fulltext_xml
formulation_delivery_systems	van Valenberg FJP, Strauss-Ayali D, Agmon-Gerstein Y, Friedman A, Arentsen HC, Schaafsma HE, Witjes JA, Oosterwijk E.	Assessment of the efficacy of repeated instillations of mitomycin C mixed with a thermosensitive hydrogel in an orthotopic rat bladder cancer model	Therapeutic advances in urology	2018	30034540	10.1177/1756287218762064	PMC6048623	https://pmc.ncbi.nlm.nih.gov/articles/PMC6048623/	fulltext/van_2018_pmid30034540.xml	bladder_cancer;formulation;intravesical;preclinical;quantitative	fulltext_xml
formulation_delivery_systems	Apfelthaler C, Anzengruber M, Gabor F, Wirth M.	Poly - (l) - glutamic acid drug delivery system for the intravesical therapy of bladder cancer using WGA as targeting moiety	European journal of pharmaceutics and biopharmaceutics : official journal of Arbeitsgemeinschaft fur Pharmazeutische Verfahrenstechnik e.V	2017	28237713	10.1016/j.ejpb.2017.02.016		https://doi.org/10.1016/j.ejpb.2017.02.016		barrier_penetration;bladder_cancer;formulation;intravesical	metadata_only
formulation_delivery_systems	Dettlaff K, Stawny M, Ogrodowczyk M, Jelińska A, Bednarski W, Wątróbska-Świetlikowska D, Keck RW, Khan OA, Mostafa IH, Jankun J.	Formulation and characterization of EGCG for the treatment of superficial bladder cancer	International journal of molecular medicine	2017	28627636	10.3892/ijmm.2017.3024	PMC5504970	https://pmc.ncbi.nlm.nih.gov/articles/PMC5504970/	fulltext/dettlaff_2017_pmid28627636.xml	bladder_cancer;formulation;intravesical;quantitative	fulltext_xml
formulation_delivery_systems	Kates M, Date A, Yoshida T, Afzal U, Kanvinde P, Babu T, Sopko NA, Matsui H, Hahn NM, McConkey DJ, Baras A, Hanes J, Ensign L, Bivalacqua TJ.	Preclinical Evaluation of Intravesical Cisplatin Nanoparticles for Non-Muscle-Invasive Bladder Cancer	Clinical cancer research : an official journal of the American Association for Cancer Research	2017	28808039	10.1158/1078-0432.ccr-17-1082	PMC6487844	https://pmc.ncbi.nlm.nih.gov/articles/PMC6487844/	fulltext/kates_2017_pmid28808039.xml	bladder_cancer;clinical;formulation;intravesical;preclinical;quantitative;systemic_toxicity	fulltext_xml
formulation_delivery_systems	Myers AL, Zhang YP, Kawedia JD, Zhou X, Sobocinski SM, Metcalfe MJ, Kramer MA, Dinney CPN, Kamat AM.	Solubilization and Stability of Mitomycin C Solutions Prepared for Intravesical Administration	Drugs in R&D	2017	28470465	10.1007/s40268-017-0183-y	PMC5427054	https://pmc.ncbi.nlm.nih.gov/articles/PMC5427054/	fulltext/myers_2017_pmid28470465.xml	bladder_cancer;formulation;intravesical;pharmacokinetics;quantitative	fulltext_xml
formulation_delivery_systems	Smith SG, Baltz JL, Koppolu BP, Ravindranathan S, Nguyen K, Zaharoff DA.	Immunological mechanisms of intravesical chitosan/interleukin-12 immunotherapy against murine bladder cancer	Oncoimmunology	2017	28197381	10.1080/2162402x.2016.1259050	PMC5283638	https://pmc.ncbi.nlm.nih.gov/articles/PMC5283638/	fulltext/smith_2017_pmid28197381.xml	bladder_cancer;formulation;intravesical;preclinical;quantitative	fulltext_xml
formulation_delivery_systems	Jin X, Zhang P, Luo L, Cheng H, Li Y, Du T, Zou B, Gou M.	Efficient intravesical therapy of bladder cancer with cationic doxorubicin nanoassemblies	International journal of nanomedicine	2016	27660445	10.2147/ijn.s103994	PMC5019456	https://pmc.ncbi.nlm.nih.gov/articles/PMC5019456/	fulltext/jin_2016_pmid27660445.xml	barrier_penetration;bladder_cancer;formulation;intravesical	fulltext_xml
formulation_delivery_systems	Navai N, Benedict WF, Zhang G, Abraham A, Ainslie N, Shah JB, Grossman HB, Kamat AM, Dinney CP.	Phase 1b Trial to Evaluate Tissue Response to a Second Dose of Intravesical Recombinant Adenoviral Interferon α2b Formulated in Syn3 for Failures of Bacillus Calmette-Guerin (BCG) Therapy in Nonmuscle Invasive Bladder Cancer	Annals of surgical oncology	2016	27387678	10.1245/s10434-016-5300-6	PMC5459317	https://pmc.ncbi.nlm.nih.gov/articles/PMC5459317/	fulltext/navai_2016_pmid27387678.xml	bladder_cancer;clinical;formulation;intravesical;quantitative	fulltext_xml
formulation_delivery_systems	Chen CH, Chan TM, Wu YJ, Chen JJ.	Review: Application of Nanoparticles in Urothelial Cancer of the Urinary Bladder	Journal of medical and biological engineering	2015	26339222	10.1007/s40846-015-0060-5	PMC4551548	https://pmc.ncbi.nlm.nih.gov/articles/PMC4551548/	fulltext/chen_2015_pmid26339222.xml	bladder_cancer;formulation;intravesical;review	fulltext_xml
formulation_delivery_systems	Erdoğar N, Iskit AB, Eroğlu H, Sargon MF, Mungan NA, Bilensoy E.	Antitumor Efficacy of Bacillus Calmette-Guerin Loaded Cationic Nanoparticles for Intravesical Immunotherapy of Bladder Tumor Induced Rat Model	Journal of nanoscience and nanotechnology	2015	26682462	10.1166/jnn.2015.11690		https://doi.org/10.1166/jnn.2015.11690		bladder_cancer;formulation;intravesical;preclinical;quantitative;systemic_toxicity	metadata_only
formulation_delivery_systems	Smith SG, Koppolu BP, Ravindranathan S, Kurtz SL, Yang L, Katz MD, Zaharoff DA.	Intravesical chitosan/interleukin-12 immunotherapy induces tumor-specific systemic immunity against murine bladder cancer	Cancer immunology, immunotherapy : CII	2015	25754122	10.1007/s00262-015-1672-x	PMC4458215	https://pmc.ncbi.nlm.nih.gov/articles/PMC4458215/	fulltext/smith_2015_pmid25754122.xml	bladder_cancer;formulation;intravesical;preclinical;quantitative;route_comparison	fulltext_xml
formulation_delivery_systems	Dinney CP, Fisher MB, Navai N, O'Donnell MA, Cutler D, Abraham A, Young S, Hutchins B, Caceres M, Kishnani N, Sode G, Cullen C, Zhang G, Grossman HB, Kamat AM, Gonzales M, Kincaid M, Ainslie N, Maneval DC, Wszolek MF, Benedict WF.	Phase I trial of intravesical recombinant adenovirus mediated interferon-α2b formulated in Syn3 for Bacillus Calmette-Guérin failures in nonmuscle invasive bladder cancer	The Journal of urology	2013	23507396	10.1016/j.juro.2013.03.030	PMC3951790	https://pmc.ncbi.nlm.nih.gov/articles/PMC3951790/	fulltext/dinney_2013_pmid23507396.xml	bladder_cancer;clinical;formulation;intravesical;quantitative;systemic_toxicity	fulltext_xml
formulation_delivery_systems	Kang MR, Yang G, Charisse K, Epstein-Barash H, Manoharan M, Li LC.	An orthotopic bladder tumor model and the evaluation of intravesical saRNA treatment	Journal of visualized experiments : JoVE	2012	22872227	10.3791/4207	PMC3476411	https://pmc.ncbi.nlm.nih.gov/articles/PMC3476411/	fulltext/kang_2012_pmid22872227.xml	barrier_penetration;bladder_cancer;formulation;intravesical;preclinical;quantitative	fulltext_xml
local_vs_systemic_immunotherapy	Teke K, Özer C, Yaprak Bayrak B, Reyhancan İA, Vural Ç, Kasap M, Karabey AÜ, Akpınar G, Bosnalı E, Koyuncu N, Avcı İE, Erbay O, Sahip Kızıltaş M, Hunç F, Camtakan Z, Kara Ö, Aksu G, Dillioğlugil Ö.	Boron neutron capture therapy (BNCT) for experimental bladder cancer: systemic or intravesical approach	British journal of cancer	2026	41998205	10.1038/s41416-026-03418-w	PMC13310855	https://pmc.ncbi.nlm.nih.gov/articles/PMC13310855/	fulltext/teke_2026_pmid41998205.xml	bladder_cancer;intravesical;preclinical;quantitative;route_comparison	fulltext_xml
local_vs_systemic_immunotherapy	Nakayama M, Yanagihara T, Fujimoto M, Kushima N, Okabe Y, Aoki M, Koga K, Yokoyama K, Sakaki Y, Ikeda T, Hamada N, Hamasaki M, Fujita M.	A Rare Case of Hemophagocytic Lymphohistiocytosis Triggered by Intravesical Bacillus Calmette-Guérin (BCG) for Bladder Cancer	Cureus	2025	41393696	10.7759/cureus.96711	PMC12700763	https://pmc.ncbi.nlm.nih.gov/articles/PMC12700763/	fulltext/nakayama_2025_pmid41393696.xml	bladder_cancer;intravesical;route_comparison;systemic_toxicity	fulltext_xml
local_vs_systemic_immunotherapy	Falke J, Hulsbergen-van de Kaa CA, Maj R, Oosterwijk E, Witjes JA.	Pharmacokinetics and pharmacodynamics of intravesical and intravenous TMX-101 and TMX-202 in a F344 rat model	Urologic oncology	2018	29500135	10.1016/j.urolonc.2018.01.016		https://doi.org/10.1016/j.urolonc.2018.01.016		bladder_cancer;intravesical;pharmacokinetics;preclinical;route_comparison;route_pk	metadata_only
bladder_cancer_context	Saiding Q, Xiao F, Khan MM, Kong N, Huang X, Tao W.	Lipid-Polymer Hybrid Nanoparticles (LPHNPs) for RNA Delivery	Accounts of chemical research	2026	41698791	10.1021/acs.accounts.5c00874		https://doi.org/10.1021/acs.accounts.5c00874		formulation;intravesical;review;route_comparison	metadata_only
bladder_cancer_context	Logan H, Lockhart K, Chong P.	Knotting of a Urinary Catheter and Ureteric Stent: A Unique Complication and Management Solution	Case reports in urology	2025	40687984	10.1155/criu/5559138	PMC12271699	https://pmc.ncbi.nlm.nih.gov/articles/PMC12271699/	fulltext/logan_2025_pmid40687984.xml	formulation;intravesical;route_comparison	fulltext_xml
bladder_cancer_context	Purushothaman J, Kalra S, Dorairajan LN, Selvarajan S, Sreerag KS, Aggarwal D.	Intravesical bupivacaine in reducing catheter-related bladder discomfort and lower urinary tract symptoms after transurethral surgery: A randomized controlled trial	Indian journal of urology : IJU : journal of the Urological Society of India	2024	39100603	10.4103/iju.iju_431_23	PMC11296579	https://pmc.ncbi.nlm.nih.gov/articles/PMC11296579/	fulltext/purushothaman_2024_pmid39100603.xml	clinical;formulation;intravesical;quantitative	fulltext_xml
bladder_cancer_context	Palenca I, Seguella L, Zilli A, Basili Franzin S, Del Re A, Pepi F, Troiani A, Pesce M, Rurgo S, De Palma FDE, Luglio G, Tropeano FP, Sarnelli G, Esposito G.	Intrarectal Administration of Adelmidrol plus Hyaluronic Acid Gel Ameliorates Experimental Colitis in Mice and Inhibits Pro-Inflammatory Response in Ex Vivo Cultured Biopsies Derived from Ulcerative Colitis-Affected Patients	International journal of molecular sciences	2023	38203336	10.3390/ijms25010165	PMC10778920	https://pmc.ncbi.nlm.nih.gov/articles/PMC10778920/	fulltext/palenca_2023_pmid38203336.xml	barrier_penetration;formulation;intravesical;pharmacokinetics;preclinical;quantitative	fulltext_xml
bladder_cancer_context	Saveleva MS, Lobanov ME, Gusliakova OI, Plastun VO, Prikhozhdenko ES, Sindeeva OA, Gorin DA, Mayorova OA.	Mucoadhesive Emulsion Microgels for Intravesical Drug Delivery: Preparation, Retention at Urothelium, and Biodistribution Study	ACS applied materials & interfaces	2023	37204221	10.1021/acsami.3c02741		https://doi.org/10.1021/acsami.3c02741		formulation;intravesical;preclinical;quantitative;route_comparison	metadata_only
bladder_cancer_context	Loloi J, Babar M, Davies KP, Suadicani SO.	Nanotechnology as a tool to advance research and treatment of non-oncologic urogenital diseases	Therapeutic advances in urology	2022	35924206	10.1177/17562872221109023	PMC9340423	https://pmc.ncbi.nlm.nih.gov/articles/PMC9340423/	fulltext/loloi_2022_pmid35924206.xml	formulation;intravesical;preclinical;review	fulltext_xml
bladder_cancer_context	Rentsch CA, Bosshard P, Mayor G, Rieken M, Püschel H, Wirth G, Cathomas R, Parzmair GP, Grode L, Eisele B, Sharma H, Gupta M, Gairola S, Shaligram U, Goldenberger D, Spertini F, Audran R, Enoiu M, Berardi S, Hayoz S, Wicki A.	Results of the phase I open label clinical trial SAKK 06/14 assessing safety of intravesical instillation of VPM1002BC, a recombinant mycobacterium Bacillus Calmette Guérin (BCG), in patients with non-muscle invasive bladder cancer and previous failure of conventional BCG therapy	Oncoimmunology	2020	32363120	10.1080/2162402x.2020.1748981	PMC7185202	https://pmc.ncbi.nlm.nih.gov/articles/PMC7185202/	fulltext/rentsch_2020_pmid32363120.xml	bladder_cancer;clinical;intravesical;pharmacokinetics;quantitative;systemic_toxicity	fulltext_xml
bladder_cancer_context	Erdogar N, İskit AB, Eroglu H, Sargon MF, Mungan NA, Bilensoy E.	Cationic core-shell nanoparticles for intravesical chemotherapy in tumor-induced rat model: safety and efficacy	International journal of pharmaceutics	2014	24836669	10.1016/j.ijpharm.2014.05.014		https://doi.org/10.1016/j.ijpharm.2014.05.014		barrier_penetration;formulation;intravesical;preclinical	metadata_only
reviews_guidelines	Shen Z, Shen T, Wientjes MG, O'Donnell MA, Au JL.	Intravesical treatments of bladder cancer: review	Pharmaceutical research	2008	18369709	10.1007/s11095-008-9566-7	PMC2440939	https://pmc.ncbi.nlm.nih.gov/articles/PMC2440939/	fulltext/shen_2008_pmid18369709.xml	barrier_penetration;bladder_cancer;clinical;formulation;intravesical;pharmacokinetics;review	fulltext_xml
