category	authors	title	venue	year	pmid	doi	pmcid	url	local_fulltext	supp_pdf	topics	status
foundational_platform	Staerz UD, Bevan MJ.	Hybrid hybridoma producing a bispecific monoclonal antibody that can focus effector T-cell activity	Proceedings of the National Academy of Sciences of the United States of America	1986	2869486	10.1073/pnas.83.5.1453	PMC323094	https://pmc.ncbi.nlm.nih.gov/articles/PMC323094/			geo:US;preclinical_or_early	pmid_only
foundational_platform	Mezzanzanica D, Canevari S, Ménard S, Pupa SM, Tagliabue E, Lanzavecchia A, Colnaghi MI.	Human ovarian carcinoma lysis by cytotoxic T cells targeted by bispecific monoclonal antibodies: analysis of the antibody components	International journal of cancer	1988	3258590	10.1002/ijc.2910410422		https://doi.org/10.1002/ijc.2910410422			geo:Europe|US;preclinical_or_early	pmid_only
foundational_platform	Duke-Cohan JS, Morimoto C, Schlossman SF.	Targeting of an activated T-cell subset using a bispecific antibody-toxin conjugate directed against CD4 and CD26	Blood	1993	8104537	10.1182/blood.v82.7.2224.2224		https://doi.org/10.1182/blood.v82.7.2224.2224			geo:Europe|US;preclinical_or_early	pmid_only
foundational_platform	Duke-Cohan JS, Morimoto C, Schlossman SF.	Depletion of the helper/inducer (memory) T cell subset using a bispecific antibody-toxin conjugate directed against CD4 and CD29	Transplantation	1993	7504344	10.1097/00007890-199311000-00027		https://doi.org/10.1097/00007890-199311000-00027			geo:Europe|US;preclinical_or_early	pmid_only
foundational_platform	François C, Boeffard F, Jacques Y.	Chemically engineered bispecific antibody directed at the p55 and p75 chains of the human interleukin 2 receptor: specific high-affinity cross-linking of p55/p75 complexes and high blocking effect on IL2-induced T cell proliferation	Transplantation proceedings	1993	8438495			https://pubmed.ncbi.nlm.nih.gov/8438495/			geo:Europe;preclinical_or_early	pmid_only
foundational_platform	Weiner GJ, Kostelny SA, Hillstrom JR, Cole MS, Link BK, Wang SL, Tso JY.	The role of T cell activation in anti-CD3 x antitumor bispecific antibody therapy	Journal of immunology (Baltimore, Md. : 1950)	1994	8133049	10.4049/jimmunol.152.5.2385		https://doi.org/10.4049/jimmunol.152.5.2385			preclinical_or_early	pmid_only
foundational_platform	Demanet C, Brissinck J, Leo O, Moser M, Thielemans K.	Role of T-cell subsets in the bispecific antibody (anti-idiotype x anti-CD3) treatment of the BCL1 lymphoma	Cancer research	1994	8187084			https://pubmed.ncbi.nlm.nih.gov/8187084/			geo:Europe;preclinical_or_early	pmid_only
foundational_platform	Belani R, Weiner GJ.	T cell activation and cytokine production in anti-CD3 bispecific antibody therapy	Journal of hematotherapy	1995	8581375	10.1089/scd.1.1995.4.395		https://doi.org/10.1089/scd.1.1995.4.395			geo:US;preclinical_or_early	pmid_only
foundational_platform	Canevari S, Mezzanzanica D, Mazzoni A, Negri DR, Ramakrishna V, Bolhuis RL, Colnaghi MI, Bolis G.	Bispecific antibody targeted T cell therapy of ovarian cancer: clinical results and future directions	Journal of hematotherapy	1995	8581379	10.1089/scd.1.1995.4.423		https://doi.org/10.1089/scd.1.1995.4.423			geo:Europe;preclinical_or_early	pmid_only
foundational_platform	Moreno MB, Titus JA, Cole MS, Tso JY, Le N, Paik CH, Bakács T, Zacharchuk CM, Segal DM, Wunderlich JR.	Bispecific antibodies retarget murine T cell cytotoxicity against syngeneic breast cancer in vitro and in vivo	Cancer immunology, immunotherapy : CII	1995	7728777	10.1007/bf01517350	PMC11037834	https://pmc.ncbi.nlm.nih.gov/articles/PMC11037834/			geo:US;preclinical_or_early	pmid_only
foundational_platform	Kroesen BJ, Wellenberg GJ, Bakker A, Helfrich W, The TH, de Leij L.	The role of apoptosis in bispecific antibody-mediated T-cell cytotoxicity	British journal of cancer	1996	8611371	10.1038/bjc.1996.127	PMC2074386	https://pmc.ncbi.nlm.nih.gov/articles/PMC2074386/	fulltext/kroesen_1996_pmid8611371.xml		geo:Europe;preclinical_or_early	OA_available
foundational_platform	Armstrong JM, Vitetta ES.	The roles of Fas and perforin in LAK T-cell/bispecific antibody-mediated killing of the murine B-lymphoma cells, BCL1	International journal of cancer	1996	8980190	10.1002/(sici)1097-0215(19961211)68:6<822::aid-ijc22>3.0.co;2-0		https://doi.org/10.1002/(sici)1097-0215(19961211)68:6<822::aid-ijc22>3.0.co;2-0			geo:US;preclinical_or_early	pmid_only
foundational_platform	Jacobs N, Greimers R, Mazzoni A, Trebak M, Schaaf-Lafontaine N, Boniver J, Moutschen MP.	Further characterization of cytotoxic T cells generated by short-term culture of human peripheral blood lymphocytes with interleukin-2 and anti-CD3 mAb	Cancer immunology, immunotherapy : CII	1996	8830741	10.1007/s002620050296	PMC11037748	https://pmc.ncbi.nlm.nih.gov/articles/PMC11037748/			geo:Europe;preclinical_or_early	pmid_only
foundational_platform	Porter LE, Nelson H, Ethem Gecim I, Rice DC, Thibault C, Chapoval AI.	T cell activation and retargeting using staphylococcal enterotoxin B and bispecific antibody: an effective in vivo antitumor strategy	Cancer immunology, immunotherapy : CII	1997	9435868	10.1007/s002620050427	PMC11037842	https://pmc.ncbi.nlm.nih.gov/articles/PMC11037842/			geo:US;preclinical_or_early	pmid_only
foundational_platform	Link BK, Kostelny SA, Cole MS, Fusselman WP, Tso JY, Weiner GJ.	Anti-CD3-based bispecific antibody designed for therapy of human B-cell malignancy can induce T-cell activation by antigen-dependent and antigen-independent mechanisms	International journal of cancer	1998	9650561	10.1002/(sici)1097-0215(19980717)77:2<251::aid-ijc14>3.0.co;2-e		https://doi.org/10.1002/(sici)1097-0215(19980717)77:2<251::aid-ijc14>3.0.co;2-e			geo:US;preclinical_or_early	pmid_only
foundational_platform	Grosse-Hovest L, Brandl M, Dohlsten M, Kalland T, Wilmanns W, Jung G.	Tumor-growth inhibition with bispecific antibody fragments in a syngeneic mouse melanoma model: the role of targeted T-cell co-stimulation via CD28	International journal of cancer	1999	9935244	10.1002/(sici)1097-0215(19990105)80:1<138::aid-ijc25>3.0.co;2-j		https://doi.org/10.1002/(sici)1097-0215(19990105)80:1<138::aid-ijc25>3.0.co;2-j			geo:Europe;preclinical_or_early	pmid_only
foundational_platform	Ohmi Y, Shiku H, Nishimura T.	Tumor-specific targeting of T helper type 1 (Th1) cells by anti-CD3 x anti-c-ErbB-2 bispecific antibody	Cancer immunology, immunotherapy : CII	1999	10550550	10.1007/s002620050622	PMC11037147	https://pmc.ncbi.nlm.nih.gov/articles/PMC11037147/			preclinical_or_early	pmid_only
foundational_platform	Kipriyanov SM, Moldenhauer G, Schuhmacher J, Cochlovius B, Von der Lieth CW, Matys ER, Little M.	Bispecific tandem diabody for tumor therapy with improved antigen binding and pharmacokinetics	Journal of molecular biology	1999	10512714	10.1006/jmbi.1999.3156		https://doi.org/10.1006/jmbi.1999.3156			geo:Europe;preclinical_or_early	pmid_only
foundational_platform	Lum LG, Sen M.	Activated T-cell and bispecific antibody immunotherapy for high-risk breast cancer. Bench to bedside	Acta haematologica	2001	11463985	10.1159/000046554		https://doi.org/10.1159/000046554			geo:US;preclinical_or_early	pmid_only
foundational_platform	Jung G, Brandl M, Eisner W, Fraunberger P, Reifenberger G, Schlegel U, Wiestler OD, Reulen HJ, Wilmanns W.	Local immunotherapy of glioma patients with a combination of 2 bispecific antibody fragments and resting autologous lymphocytes: evidence for in situ t-cell activation and therapeutic efficacy	International journal of cancer	2001	11146449	10.1002/1097-0215(200002)9999:9999<::aid-ijc1038>3.3.co;2-7		https://doi.org/10.1002/1097-0215(200002)9999:9999<::aid-ijc1038>3.3.co;2-7			geo:Europe;preclinical_or_early	pmid_only
foundational_platform	Dreier T, Lorenczewski G, Brandl C, Hoffmann P, Syring U, Hanakam F, Kufer P, Riethmuller G, Bargou R, Baeuerle PA.	Extremely potent, rapid and costimulation-independent cytotoxic T-cell response against lymphoma cells catalyzed by a single-chain bispecific antibody	International journal of cancer	2002	12209608	10.1002/ijc.10557		https://doi.org/10.1002/ijc.10557			geo:Europe;preclinical_or_early	pmid_only
foundational_platform	Stel AJ, Kroesen BJ, Jacobs S, Groen H, de Leij LF, Kluin-Nelemans HC, Withoff S.	The role of B cell-mediated T cell costimulation in the efficacy of the T cell retargeting bispecific antibody BIS20x3	Journal of immunology (Baltimore, Md. : 1950)	2004	15528335	10.4049/jimmunol.173.10.6009		https://doi.org/10.4049/jimmunol.173.10.6009			geo:Europe|US;preclinical_or_early	pmid_only
foundational_platform	Grosse-Hovest L, Müller S, Minoia R, Wolf E, Zakhartchenko V, Wenigerkind H, Lassnig C, Besenfelder U, Müller M, Lytton SD, Jung G, Brem G.	Cloned transgenic farm animals produce a bispecific antibody for T cell-mediated tumor cell killing	Proceedings of the National Academy of Sciences of the United States of America	2004	15105446	10.1073/pnas.0308487101	PMC406432	https://pmc.ncbi.nlm.nih.gov/articles/PMC406432/			geo:Europe|US;preclinical_or_early	pmid_only
foundational_platform	Le Gall F, Reusch U, Little M, Kipriyanov SM.	Effect of linker sequences between the antibody variable domains on the formation, stability and biological activity of a bispecific tandem diabody	Protein engineering, design & selection : PEDS	2004	15126676	10.1093/protein/gzh039		https://doi.org/10.1093/protein/gzh039			geo:Europe;preclinical_or_early	pmid_only
foundational_platform		Stat bite: Incidence of brain and other nervous system cancers, 1975-2001	Journal of the National Cancer Institute	2005	15812069	10.1093/jnci/97.7.478-a		https://doi.org/10.1093/jnci/97.7.478-a			geo:Europe|US;preclinical_or_early	pmid_only
foundational_platform	Eskander RN, Tewari KS.	Epithelial cell-adhesion molecule-directed trifunctional antibody immunotherapy for symptom management of advanced ovarian cancer	Clinical pharmacology : advances and applications	2013	24124397	10.2147/cpaa.s45885	PMC3795053	https://pmc.ncbi.nlm.nih.gov/articles/PMC3795053/	fulltext/eskander_2013_pmid24124397.xml		geo:US;preclinical_or_early;review	OA_available
foundational_platform	Njoku I, Boockvar JA.	The intersection between genetic engineering and immunotherapy: taking a BiTE out of glioblastoma	Neurosurgery	2013	23685511	10.1227/01.neu.0000430735.78738.29		https://doi.org/10.1227/01.neu.0000430735.78738.29			preclinical_or_early	pmid_only
foundational_platform	Kermer V, Hornig N, Harder M, Bondarieva A, Kontermann RE, Müller D.	Combining antibody-directed presentation of IL-15 and 4-1BBL in a trifunctional fusion protein for cancer immunotherapy	Molecular cancer therapeutics	2014	24198185	10.1158/1535-7163.mct-13-0282		https://doi.org/10.1158/1535-7163.mct-13-0282			geo:Europe;preclinical_or_early	pmid_only
foundational_platform	Suryadevara CM, Gedeon PC, Sanchez-Perez L, Verla T, Alvarez-Breckenridge C, Choi BD, Fecci PE, Sampson JH.	"Are BiTEs the ""missing link"" in cancer therapy?"	Oncoimmunology	2015	26155413	10.1080/2162402x.2015.1008339	PMC4485829	https://pmc.ncbi.nlm.nih.gov/articles/PMC4485829/			geo:China|US;preclinical_or_early;review	pmid_only
foundational_platform	Muth A, Holzem A, Neumann AS, Buecklein VL, Subklewe M, Philipp N.	T cell exhaustion in bi- and trispecific T cell engager therapy in hematologic malignancies: Mechanisms and implications	Med (New York, N.Y.)	2026	41763222	10.1016/j.medj.2026.101031		https://doi.org/10.1016/j.medj.2026.101031			geo:Europe|US;recent;review	pmid_only
CD19	de Gast GC, Haagen IA, van Houten AA, Klein SC, Duits AJ, de Weger RA, Vroom TM, Clark MR, Phillips J, van Dijk AJ.	CD8 T cell activation after intravenous administration of CD3 x CD19 bispecific antibody in patients with non-Hodgkin lymphoma	Cancer immunology, immunotherapy : CII	1995	7543021	10.1007/bf01525390	PMC11037599	https://pmc.ncbi.nlm.nih.gov/articles/PMC11037599/			geo:Europe;preclinical_or_early	pmid_only
CD19	Csóka M, Strauss G, Debatin KM, Moldenhauer G.	Activation of T cell cytotoxicity against autologous common acute lymphoblastic leukemia (cALL) blasts by CD3xCD19 bispecific antibody	Leukemia	1996	8892680			https://pubmed.ncbi.nlm.nih.gov/8892680/			geo:Europe;preclinical_or_early	pmid_only
CD19	Klein SC, van der Burg SH, Boer LH, Melief CJ, Kast WM, de Gast GC, Bast EJ.	Targeting of cytotoxic T cells against leukemic B cells by bispecific antibody (aCD3 x aCD19) does not distract the T cell from its primary target	Journal of immunology (Baltimore, Md. : 1950)	1997	9548495	10.4049/jimmunol.159.11.5545		https://doi.org/10.4049/jimmunol.159.11.5545			geo:Europe;preclinical_or_early	pmid_only
CD19	Cochlovius B, Kipriyanov SM, Stassar MJ, Schuhmacher J, Benner A, Moldenhauer G, Little M.	Cure of Burkitt's lymphoma in severe combined immunodeficiency mice by T cells, tetravalent CD3 x CD19 tandem diabody, and CD28 costimulation	Cancer research	2000	10969772			https://pubmed.ncbi.nlm.nih.gov/10969772/			geo:Europe;preclinical_or_early	pmid_only
CD19	Mølhøj M, Crommer S, Brischwein K, Rau D, Sriskandarajah M, Hoffmann P, Kufer P, Hofmeister R, Baeuerle PA.	CD19-/CD3-bispecific antibody of the BiTE class is far superior to tandem diabody with respect to redirected tumor cell lysis	Molecular immunology	2007	17083975	10.1016/j.molimm.2006.09.032		https://doi.org/10.1016/j.molimm.2006.09.032			geo:Europe;preclinical_or_early	pmid_only
CD19	d'Argouges S, Wissing S, Brandl C, Prang N, Lutterbuese R, Kozhich A, Suzich J, Locher M, Kiener P, Kufer P, Hofmeister R, Baeuerle PA, Bargou RC.	Combination of rituximab with blinatumomab (MT103/MEDI-538), a T cell-engaging CD19-/CD3-bispecific antibody, for highly efficient lysis of human B lymphoma cells	Leukemia research	2009	18835037	10.1016/j.leukres.2008.08.025		https://doi.org/10.1016/j.leukres.2008.08.025			geo:Europe;preclinical_or_early	pmid_only
CD19	Wu J, Fu J, Zhang M, Liu D.	Blinatumomab: a bispecific T cell engager (BiTE) antibody against CD19/CD3 for refractory acute lymphoid leukemia	Journal of hematology & oncology	2015	26337639	10.1186/s13045-015-0195-4	PMC4558758	https://pmc.ncbi.nlm.nih.gov/articles/PMC4558758/	fulltext/wu_2015_pmid26337639.xml		geo:China|US;preclinical_or_early;review	OA_available
CD19	Köhnke T, Krupka C, Tischer J, Knösel T, Subklewe M.	Increase of PD-L1 expressing B-precursor ALL cells in a patient resistant to the CD19/CD3-bispecific T cell engager antibody blinatumomab	Journal of hematology & oncology	2015	26449653	10.1186/s13045-015-0213-6	PMC4599591	https://pmc.ncbi.nlm.nih.gov/articles/PMC4599591/	fulltext/khnke_2015_pmid26449653.xml		geo:Europe;preclinical_or_early	OA_available
CD19	Goebeler ME, Bargou R.	Blinatumomab: a CD19/CD3 bispecific T cell engager (BiTE) with unique anti-tumor efficacy	Leukemia & lymphoma	2016	27050240	10.3109/10428194.2016.1161185		https://doi.org/10.3109/10428194.2016.1161185			geo:Europe;recent;review	pmid_only
CD19	Wilke AC, Gökbuget N.	Clinical applications and safety evaluation of the new CD19 specific T-cell engager antibody construct blinatumomab	Expert opinion on drug safety	2017	28825327	10.1080/14740338.2017.1338270		https://doi.org/10.1080/14740338.2017.1338270			geo:Europe;recent;review	pmid_only
CD19	Viardot A, Locatelli F, Stieglmaier J, Zaman F, Jabbour E.	Concepts in immuno-oncology: tackling B cell malignancies with CD19-directed bispecific T cell engager therapies	Annals of hematology	2020	32856140	10.1007/s00277-020-04221-0	PMC7481145	https://pmc.ncbi.nlm.nih.gov/articles/PMC7481145/	fulltext/viardot_2020_pmid32856140.xml		geo:Europe|US;recent;review	OA_available
CD19	Fu XH, Wang Y, Wang HJ, Wei SN, Xu YX, Xing HY, Tang KJ, Tian Z, Rao Q, Wang JX, Wang M.	[CD19 antigen loss after treatment of Bispecific T-cell Engager and effective response to salvage bispecific CAR-T therapy in B cell acute lymphoblastic leukemia: a case report and literature review]	Zhonghua xue ye xue za zhi = Zhonghua xueyexue zazhi	2020	32447930	10.3760/cma.j.issn.0253-2727.2020.04.004	PMC7364923	https://pmc.ncbi.nlm.nih.gov/articles/PMC7364923/	fulltext/fu_2020_pmid32447930.xml		geo:China|US;recent;review	OA_available
CD19	Li L, Wang L, Liu Q, Wu Z, Zhang Y, Xia R.	Efficacy and safety of CD22-specific and CD19/CD22-bispecific CAR-T cell therapy in patients with hematologic malignancies: A systematic review and meta-analysis	Frontiers in oncology	2022	36644638	10.3389/fonc.2022.954345	PMC9837739	https://pmc.ncbi.nlm.nih.gov/articles/PMC9837739/	fulltext/li_2022_pmid36644638.xml		geo:China;recent;review	OA_available
CD19	Li X, Liao J, Liu S, Mo X, Wang B.	Anti-CD19 chimeric antigen receptor (CAR)-T cell therapy vs. CD20xCD3 bispecific antibody as third- or later-line treatment in follicular lymphoma: a meta-analysis	Annals of hematology	2026	42053782	10.1007/s00277-026-06747-1	PMC13128723	https://pmc.ncbi.nlm.nih.gov/articles/PMC13128723/	fulltext/li_2026_pmid42053782.xml		geo:China;recent;review	OA_available
CD19	Yang Y, Liu X, Wei J, Qin J, Tan Q, Ji J, Guo F, Zheng Y, Bi F, Liu M, Wang G.	In vivo expression of CD3/CD19 bispecific T-cell engager and α-PD-L1-Fc enables effective and durable immunotherapy for CD19&lt;sup&gt;+&lt;/sup&gt;/PD-L1&lt;sup&gt;+&lt;/sup&gt; leukemia	Leukemia	2026	41436638	10.1038/s41375-025-02832-y		https://doi.org/10.1038/s41375-025-02832-y			geo:China|US;recent	pmid_only
CD19	Heinze S, Stadler GL, Zhang Y, Engeland CE, Barth TFE, Heidbuechel JPW, Meyer LH, Mühlebach MD, Debatin KM, Dorneburg C, Beltinger C.	A measles virus encoding a CD19/CD3 bispecific T cell engager shows enhanced preclinical anti-BCP-ALL efficacy without significant toxicity	Molecular therapy. Oncology	2026	41631160	10.1016/j.omton.2026.201127	PMC12860616	https://pmc.ncbi.nlm.nih.gov/articles/PMC12860616/	fulltext/heinze_2026_pmid41631160.xml		geo:China|Europe;recent	OA_available
CD20	Brandl M, Grosse-Hovest L, Holler E, Kolb HJ, Jung G.	Bispecific antibody fragments with CD20 X CD28 specificity allow effective autologous and allogeneic T-cell activation against malignant cells in peripheral blood and bone marrow cultures from patients with B-cell lineage leukemia and lymphoma	Experimental hematology	1999	10428503	10.1016/s0301-472x(99)00072-7		https://doi.org/10.1016/s0301-472x(99)00072-7			geo:Europe;preclinical_or_early	pmid_only
CD20	Shen J, Zhang J, Zhu Z, Ma H, Li X, Zhang J, Zhou F, Tian H, Liu J.	CD20×CD3 bispecific antibody achieved significant efficacy in patients with large B-cell lymphoma relapsing after or refractory to CAR-T therapy: a systematic review and meta-analysis	Frontiers in oncology	2025	40919147	10.3389/fonc.2025.1641769	PMC12411438	https://pmc.ncbi.nlm.nih.gov/articles/PMC12411438/	fulltext/shen_2025_pmid40919147.xml		geo:China|US;recent;review	OA_available
CD20	Tomarchio V, Rigacci L, Annibali O.	CD20 xCD3 bispecific antibodies for large B cell lymphoma: latest updates from 2024 ASH annual meeting	Journal of hematology & oncology	2025	40264167	10.1186/s13045-025-01695-1	PMC12016283	https://pmc.ncbi.nlm.nih.gov/articles/PMC12016283/	fulltext/tomarchio_2025_pmid40264167.xml		geo:Europe;recent;review	OA_available
CD20	Danilov AV, Kambhampati Thiruvengadam S, Linton K, Cumings K, Chirikov V, Mutebi A, Bains Chawla S, Chhibber A, Rivas Navarro F, Marques Gonçalves F, Wang A, Ding Z, Alshreef A, Favaro E, Hoehn D, Sureda A.	Indirect comparison of epcoritamab vs chemoimmunotherapy, mosunetuzumab, or odronextamab in follicular lymphoma	Blood advances	2025	40472301	10.1182/bloodadvances.2024015274	PMC12309599	https://pmc.ncbi.nlm.nih.gov/articles/PMC12309599/	fulltext/danilov_2025_pmid40472301.xml		geo:Europe|US;recent	OA_available
CD20	Martín García-Sancho A, Cabero-Martínez A, Gutiérrez NC.	Odronextamab: a bispecific antibody for follicular lymphoma	Expert opinion on investigational drugs	2026	42287116	10.1080/13543784.2026.2689652		https://doi.org/10.1080/13543784.2026.2689652			geo:Europe|US;recent;review	pmid_only
CD20	Schmeing S, Nassiri S, Leclercq-Cohen G, Yángüez E, Hüsser T, Servera LA, Schlenker R, Sam J, Klein C, Umaña P, Herter S, Bottos A, Bacac M.	Molecular features of response and resistance to glofitamab, a T-cell engager for treatment of large B-cell lymphoma	Blood advances	2026	41569641	10.1182/bloodadvances.2025016925	PMC13141505	https://pmc.ncbi.nlm.nih.gov/articles/PMC13141505/	fulltext/schmeing_2026_pmid41569641.xml		geo:Europe;recent	OA_available
CD20	Carlo-Stella C, Hutchings M, Offner F, Mulvihill E, Relf J, Bene Tchaleu F, Lundberg L, Dickinson M.	Glofitamab monotherapy in patients with Richter transformation: safety and efficacy from a phase 1 study	Blood advances	2026	42024463	10.1182/bloodadvances.2025018159	PMC13285835	https://pmc.ncbi.nlm.nih.gov/articles/PMC13285835/	fulltext/carlostella_2026_pmid42024463.xml		geo:Europe|US;recent	OA_available
CD20	Lewis KL, Assouline SE, Baker R, Bartlett NL, El-Sharkawi D, Giri P, Ku M, Matasar M, Schuster S, Radford J, Wei MC, Yin S, Kwan A, To I, Raghavan V, Budde LE, Cheah CY.	Mosunetuzumab monotherapy is active and tolerable in patients with relapsed/refractory Richter transformation	Blood advances	2026	41643182	10.1182/bloodadvances.2025017914	PMC13141522	https://pmc.ncbi.nlm.nih.gov/articles/PMC13141522/	fulltext/lewis_2026_pmid41643182.xml		geo:Europe|US;recent	OA_available
CD20	Bastos-Oreiro M, Iacoboni G, Navarro V, Martínez C, Manresa P, Magnano L, Jiménez-Ubieto A, Vázquez S, Rodriguez MJ, Busnego MT, Del Campo R, Paúl PJ, Murillo I, Donato EM, Serna A, Luzardo H, Gómez P, Pérez E, Mendibil B, Ramos S, García-Noblejas A, Gonzalez de Villambrosia S, Díaz FJ, López J, Martín-Moro F, Fernandez-Caldas P, Fernandez R, Gutierrez A, Sánchez B, Domínguez N, Civeira M, Villafuerte P, Olazabal I, Zeberio I, Barrenetxea C, Gutierrez N, Romero S, Martín-Consuegra S, Huerga S, Golbano N, Riaza R, Hueso JA, Martinez-Barranco P, Navarro B, Villalón L, Ortega P, Torres A, Ormenazabal I, Sanchez Anton MP, Goñi MA, Abrisqueta P, Martín García-Sancho A.	Real-world resource utilization, toxicity management, and efficacy outcomes of CD20 × CD3 bispecific antibodies in B-cell lymphoma: A study from the GELTAMO network	HemaSphere	2026	42311429	10.1002/hem3.70398	PMC13270249	https://pmc.ncbi.nlm.nih.gov/articles/PMC13270249/	fulltext/bastosoreiro_2026_pmid42311429.xml		geo:Europe;recent	OA_available
CD20	Bartlett NL, Sehn LH, Assouline S, Giri P, Kuruvilla J, Schuster SJ, Yoon SS, Fay K, Hess G, Dreyling M, Gutierrez NC, Cybulski E, Sabalvaro F, Penuel E, Teodoro V, Tracy S, Kuruvilla D, Chen J, Wiebking V, Wei MC, Budde LE.	Fixed-Duration Subcutaneous Mosunetuzumab in Relapsed/Refractory Follicular Lymphoma: Pivotal Phase 2 Primary Analysis	American journal of hematology	2026	41862428	10.1002/ajh.70225	PMC13055116	https://pmc.ncbi.nlm.nih.gov/articles/PMC13055116/	fulltext/bartlett_2026_pmid41862428.xml		geo:Europe|US;recent	OA_available
CD20	Wang H, Hu Z, Huang Q, Deng J, Wu J, Zhang M.	Safety evaluation of CD3×CD20 bispecific antibodies: a pharmacovigilance study using FDA adverse event reporting system	BMJ open	2026	42379727	10.1136/bmjopen-2025-111380		https://doi.org/10.1136/bmjopen-2025-111380			geo:China|US;recent	pmid_only
CD20	Magno G, Rejeski K, Rappa G, Stock S, Holzem A, Landwehr M, Seib M, Kutsch N, Mammadova J, Mayer S, Aumann S, Van Ham J, Ringelstein-Harlev S, Velazquez GF, Wurm-Kuczera R, Scholz JK, Greenbaum U, Raj SS, Shouval R, Müller F, Chapuy B, Schmid C, Beyar-Katz O, Vergote VKJ, Poeck H, Dong N, Holtick U, Ram R, Pabst T, Shumilov E, Lenz G, Iacoboni G, Barba P, Bücklein V, Subklewe M.	Prognostic value of inflammation-based scores in patients with R/R LBCL treated with CD3×CD20 bispecific T-cell engagers	Blood advances	2026	41124666	10.1182/bloodadvances.2025017766	PMC12964016	https://pmc.ncbi.nlm.nih.gov/articles/PMC12964016/	fulltext/magno_2026_pmid41124666.xml		geo:Europe|US;recent	OA_available
CD20	Wollnitza S, Ventura D, Teichert M, Freisleben F, Boyadzhiev H, Seifert R, Amon M, Barbato F, Scholz JK, Beck M, Kerkhoff A, Behringer A, Backhaus P, Pohlmann A, Schindler P, Roll W, Müller F, Novak U, Pabst T, Schäfers M, von Tresckow B, Shumilov E, Lenz G.	Prognostic role of FDG-PET in patients with relapsed/refractory large B-cell lymphoma treated with CD3-CD20 directed bispecific antibodies: a multicentric analysis	European journal of nuclear medicine and molecular imaging	2026	42223630	10.1007/s00259-026-07958-4		https://doi.org/10.1007/s00259-026-07958-4			geo:Europe;recent	pmid_only
CD20	Yuan N, Chen C, Xu F, Yang H, Wang Y, Liu P, Li Z, Sun P.	Anti-CD3/CD20 bispecific antibodies as salvage therapy after CAR-T failure in relapsed/refractory large B-cell lymphoma: a systematic review and meta-analysis	Annals of hematology	2026	42118323	10.1007/s00277-026-07025-w		https://doi.org/10.1007/s00277-026-07025-w			geo:China;recent	pmid_only
BCMA	Leleu X, Bobin A, Herbelin A, Gombert JM, Rajkumar SV.	Time for a paradigm shift in immunotherapy-based BCMA/CD3 bispecific drug development in multiple myeloma	Leukemia	2025	40275071	10.1038/s41375-025-02610-w		https://doi.org/10.1038/s41375-025-02610-w			geo:Europe|US;recent;review	pmid_only
BCMA	Piron B, Moreau P, Touzeau C.	Teclistamab for Relapsed or Refractory Multiple Myeloma: A Review of Efficacy, Safety, Resistance Mechanisms and Future Directions	Biologics : targets & therapy	2026	41551208	10.2147/btt.s539066	PMC12811975	https://pmc.ncbi.nlm.nih.gov/articles/PMC12811975/	fulltext/piron_2026_pmid41551208.xml		geo:Europe;recent;review	OA_available
BCMA	Elmeliegy M, Viqueira A, Vandendries E, Soltantabar P, Lon HK, Poels K, Shtylla B, Irby D, Bompiani-Myers K, O'Brien T, Hibma J.	Elranatamab: Mechanism of Action, Clinical, and Translational Science	Clinical and translational science	2026	42050758	10.1111/cts.70554	PMC13124651	https://pmc.ncbi.nlm.nih.gov/articles/PMC13124651/	fulltext/elmeliegy_2026_pmid42050758.xml		geo:Europe|US;recent;review	OA_available
BCMA	Lowy JA, Rogers MF, Avigan ZM, Flores MS, Samuel M, Rattu MA, Richter J.	Linvoseltamab, a BCMA-directed CD3 T-cell engager for multiple myeloma: a patient-centric option via a response-adapted dosing regimen	Expert review of hematology	2026	41708325	10.1080/17474086.2026.2634283		https://doi.org/10.1080/17474086.2026.2634283			geo:Europe|US;recent;review	pmid_only
BCMA	Li J, Abulaiti A, Li D, Zhao Y, Wahafu P, Maimaitiming M, Qiu S, Zhang Y, An Y, Wang W, Shi L, Yakufu M, Shu L, Li G, Liu Z.	Efficacy and safety of BCMA- or GPRC5D-directed CD3 bispecific antibodies in relapsed/refractory multiple myeloma: a systematic review and meta-analysis of prospective clinical trials and real-world studies	Frontiers in immunology	2026	42245625	10.3389/fimmu.2026.1811816	PMC13230190	https://pmc.ncbi.nlm.nih.gov/articles/PMC13230190/	fulltext/li_2026_pmid42245625.xml		geo:China;recent;review	OA_available
BCMA	Tang A, Gauthier L, Zaghi E, Beninga J, Amara C, Basset A, Rossi B, Bourges D, Nicolazzi C, Rettman P, Couturier V, Zombori N, Mendez L, Qiu Y, Batchelor J, Blanchard-Alvarez A, Guillot F, Giordano M, Gourdin N, Morel A, Touzeau C, Pellat-Deceunynck C, Narni-Mancinelli E, Morel Y, Fantin V, Vivier E, Virone-Oddos A, Chiron M.	Targeting BCMA in multiple myeloma with a trifunctional NK cell engager	Cell reports. Medicine	2026	41709452	10.1016/j.xcrm.2026.102628		https://doi.org/10.1016/j.xcrm.2026.102628			geo:Europe|US;recent	pmid_only
BCMA	Bar N, Martin T, Hofmeister CC, Mateos MV, Hansson M, Paris L, Namburi S, Ribas P, Santoro A, Rodriguez-Otero P, Creignou M, Chen J, Cao C, Kiesel B, Gaudy A, Thompson EG, Shen Y, Zarif S, Hsu K, Shelat SG, Burgess MR, Godwin C, Costa LJ.	Alnuctamab, a bivalent B-cell maturation antigen-targeting T cell engager for patients with relapsed or refractory multiple myeloma: results from a phase 1, first-in-human study	Leukemia	2026	41501501	10.1038/s41375-025-02841-x	PMC12960249	https://pmc.ncbi.nlm.nih.gov/articles/PMC12960249/	fulltext/bar_2026_pmid41501501.xml		geo:Europe|US;recent	OA_available
BCMA	Wang YC, Li PH, Lin CH, Su YC, Teng CJ.	Elranatamab Versus Teclistamab in Relapsed and Refractory Multiple Myeloma: A Real-World Propensity Score-Matched Study	Targeted oncology	2026	41843362	10.1007/s11523-026-01209-0	PMC13031192	https://pmc.ncbi.nlm.nih.gov/articles/PMC13031192/	fulltext/wang_2026_pmid41843362.xml		geo:Europe;recent	OA_available
BCMA	Botta C, Colombo GL, Di Matteo S, Martinotti C, Fogliati EL, Bruno GM, Novelli G, Di Virgilio R, Veggia B, Galimberti S.	Cost-Effectiveness of Elranatamab Versus Teclistamab for the Management of Patients with Triple-Class Exposed Relapsed/Refractory Multiple Myeloma in Italy	Cancers	2026	41976293	10.3390/cancers18071070	PMC13071960	https://pmc.ncbi.nlm.nih.gov/articles/PMC13071960/	fulltext/botta_2026_pmid41976293.xml		geo:Europe;recent	OA_available
BCMA	van Nimwegen KJM, Oguz M, Morano R, Diels J.	"Letter to the Editor Regarding: ""Cost-Effectiveness of Elranatamab Versus Current Therapies for the Management of Patients with Triple-Class Exposed, Relapsed and Refractory Multiple Myeloma, Including Other Bispecific and Physician's Choice of Treatment in Spain"""	Oncology and therapy	2026	41758457	10.1007/s40487-026-00420-3	PMC12992832	https://pmc.ncbi.nlm.nih.gov/articles/PMC12992832/	fulltext/van_2026_pmid41758457.xml		geo:Europe;recent	OA_available
BCMA	Portuguese AJ, Inocencio TJ, Quon P, Harnett J, Zhou ZY, Hazra NC, Xu MK, Eales J, Chen H, Little M, Ma Q.	Comparative economic analysis of B-cell maturation antigen-targeted bispecific antibodies in triple-class exposed relapsed/refractory multiple myeloma: linvoseltamab versus teclistamab and elranatamab	Current medical research and opinion	2026	42159492	10.1080/03007995.2026.2665022		https://doi.org/10.1080/03007995.2026.2665022			geo:Europe|US;recent	pmid_only
BCMA	Lozano V, Llinares J, Halavacek P, Ashman O, Carcedo D, Encinas C, Martínez-López J, Martínez-López J.	"A Response to: Letter to the Editor Regarding ""Cost-Effectiveness of Elranatamab Versus Current Therapies for the Management of Patients with Triple-Class Exposed, Relapsed and Refractory Multiple Myeloma, Including Other Bispecific and Physician's Choice of Treatment in Spain"""	Oncology and therapy	2026	41761034	10.1007/s40487-026-00421-2	PMC12992846	https://pmc.ncbi.nlm.nih.gov/articles/PMC12992846/	fulltext/lozano_2026_pmid41761034.xml		geo:Europe|US;recent	OA_available
BCMA	Hameed M, Habib A, Khan A, Laharwal M, Mewawalla P, McKenna M, Tiger Y, Shah M, Shaikh H, Strouse C, Green K, Snyder J, Mahmoudjafari Z, Mushtaq M, Ahmed N, Abdallah A, Atrash S, Paul B, Friend R.	A Real-World Analysis of the Safety and Efficacy of Teclistamab for Patients with Relapsed/Refractory Multiple Myeloma and Baseline Renal Impairment—USMIRC Group	Cancers	2026			PMC12984311	https://pmc.ncbi.nlm.nih.gov/articles/PMC12984311/	fulltext/hameed_2026_pmidPMC12984311.xml		geo:Europe|US;recent	OA_available
BCMA	Lee HC, Plattel WJ, Harrison SJ, Sborov DW, Lentzsch S, Spencer A, Niesvizky R, Trudel S, Mollee P, Vij R, Minnema MC, Rasche L, Upreti VV, Zhou D, Xia Q, Talpes M, Eggert T, Kapoor P, Ailawadhi S.	Phase 1/1b study of BCMA-targeting bispecific T-cell engager pavurutamab in relapsed/refractory multiple myeloma	Blood	2026	41950113	10.1182/blood.2025032044		https://doi.org/10.1182/blood.2025032044			geo:Europe|US;recent	pmid_only
BCMA	Duque-Afonso J, Rummelt C, Förster K, Zeiser R, Mougiakakos D.	BCMA-CD3 T-cell engager as salvage therapy for multirefractory primary immune thrombocytopenia	Lancet (London, England)	2026	41587555	10.1016/s0140-6736(25)02515-2		https://doi.org/10.1016/s0140-6736(25)02515-2			geo:Europe;recent	pmid_only
GPRC5D		Talquetamab for treating relapsed and refractory multiple myeloma after 3 or more treatments	National Institute for Health and Care Excellence (NICE), London	2025	41533831			https://pubmed.ncbi.nlm.nih.gov/41533831/			geo:Europe;recent;review	pmid_only
GPRC5D	Chari A, Shenoy S, Kruyswijk S, Hilder B, O'Rourke L, van de Donk NWCJ.	Managing side effects of talquetamab for relapsed/ refractory multiple myeloma in MonumenTAL- 1: a plain language summary	Future oncology (London, England)	2025	40951933	10.1080/14796694.2025.2555170	PMC12490392	https://pmc.ncbi.nlm.nih.gov/articles/PMC12490392/	fulltext/chari_2025_pmid40951933.xml		geo:Europe|US;recent;review	OA_available
GPRC5D	Alves FA, Perez Perez A, Jaguar GC, Filho JS, Kim MK, Villa A.	On-target, off-tumor oral toxicities of talquetamab in heavily pretreated multiple myeloma	Supportive care in cancer : official journal of the Multinational Association of Supportive Care in Cancer	2026	41860737	10.1007/s00520-026-10583-4	PMC13004741	https://pmc.ncbi.nlm.nih.gov/articles/PMC13004741/	fulltext/alves_2026_pmid41860737.xml		geo:Europe|US;recent;review	OA_available
GPRC5D	Janakiram M, Tan CR, Mian H, Huang CY, Popat R, Martínez-Lopez J, Kastritis E, Chng WJ, Kapoor P, Dave M, Bal S, Garderet L, Corraes AMS, Riedhammer C, Steinbrunn T, Corona M, Nagarajan C, Einsele H, Martin T, Krishnan A, Lin Y.	Real-World Evaluation of Talquetamab for the Treatment of Relapsed/Refractory Multiple Myeloma (RRMM): An International Myeloma Working Group Immunotherapy Registry Real-World Analysis	American journal of hematology	2026	42157444	10.1002/ajh.70376		https://doi.org/10.1002/ajh.70376			geo:Europe|US;recent	pmid_only
GPRC5D	Schinke C, Touzeau C, Oriol A, Mateos MV, Stevens D, Rasche L, Moreau P, San-Miguel J, Rodríguez-Otero P, Kato K, Bathija S, Katz EG, Masterson T, Tomlinson C, Chari A.	A plain language summary describing how talquetamab affects the way people with multiple myeloma feel and function in the MonumenTAL-1 study	Future oncology (London, England)	2026	42299486	10.1080/14796694.2026.2669331		https://doi.org/10.1080/14796694.2026.2669331			geo:Europe|US;recent	pmid_only
GPRC5D	Kim EJ, Saravia SD, Sahni G.	A rare case of fulminant talquetamab-induced myocarditis presenting as a STEMI mimicker	Cardio-oncology (London, England)	2026	42321948	10.1186/s40959-026-00535-6		https://doi.org/10.1186/s40959-026-00535-6			geo:Europe|US;recent	pmid_only
GPRC5D	Fleischer A, Roll M, Panther F, Peter J, Kadel S, Riedhammer C, Strunz PP, Schaefers C, Gesierich A, Mersi J, Waldschmidt J, Gelbrich G, Kortüm KM, Einsele H, Maatouk I, Rasche L.	Supportive care for talquetamab-related dysgeusia in multiple myeloma: mixed-methods evidence, nutrition-focused flowchart, and digital companion concept	Supportive care in cancer : official journal of the Multinational Association of Supportive Care in Cancer	2026	42307796	10.1007/s00520-026-10863-z	PMC13275594	https://pmc.ncbi.nlm.nih.gov/articles/PMC13275594/	fulltext/fleischer_2026_pmid42307796.xml		geo:Europe|US;recent	OA_available
GPRC5D	Mina R, Beksac M, Rodríguez-Otero P, Chen W, Mateos MV, Li J, Moreau P, Cohen YC, Min CK, Jelinek T, Ye JC, Magen H, Rubinstein SM, Fu W, Hungria V, Cengiz Seval G, Farias JS, Radocha J, Maral S, Turgut M, Koh Y, O'Leary D, Schmidt Filho J, Thertulien R, An G, Huang SY, Grosicki S, Tyczyńska A, Banerjee R, Pianko MJ, Martínez-López J, Steckiewicz P, Maruyama D, Fukushima K, Oriol A, Lopez Pardo J, Goldschmidt H, Pawlyn C, Perrot A, Zamagni E, Dimopoulos MA, Rasche L, Tolbert J, Terry W, Courtoux C, Liu X, Vasey SY, Connors K, Festa M, Heuck C, Langlois A, O'Rourke L, Zhou J, Qin X, Lu J, Gong J, Vieyra D, Voorhees PM, MonumenTAL-3 Investigators.	Talquetamab-Daratumumab in Relapsed or Refractory Myeloma	The New England journal of medicine	2026	42294841	10.1056/nejmoa2604657		https://doi.org/10.1056/nejmoa2604657			geo:China|Europe|US;recent	pmid_only
GPRC5D	Ye JC, Biran N, Nair S, Lin X, Qi K, Ammann EM, Renaud T, Lau BW, Zhang J, Parekh T, Gray KS, Zhang X, Costa LJ.	Relative Effectiveness of Talquetamab Versus Real-World Physician's Choice Treatment Regimens in Patients With Relapsed/Refractory Multiple Myeloma: Updated Results From an Indirect Treatment Comparison	Clinical lymphoma, myeloma & leukemia	2026	41565510	10.1016/j.clml.2025.12.009		https://doi.org/10.1016/j.clml.2025.12.009			geo:Europe|US;recent	pmid_only
GPRC5D	Lee HC, Yang C, Liu YH, Mu F, Wang J, Goble J, Patel N, Zhang X, Grajales-Cruz AF, Jiao T.	Costs per responder for patients with relapsed or refractory multiple myeloma treated with Talquetamab compared with usual care	Journal of medical economics	2026	41483183	10.1080/13696998.2025.2604457		https://doi.org/10.1080/13696998.2025.2604457			geo:China|Europe|US;recent	pmid_only
GPRC5D	Ito S, Kuroda Y, Sunami K, Matsue K, Imada K, Tamura H, Fujikawa E, Yamazaki H, Takamoto M, Pei L, Qin X, Masterson TJ, Campagna M, Vreys V, Lau BW, Takamatsu Y.	Talquetamab in Japanese patients with relapsed/refractory multiple myeloma in the MonumenTAL-1 study	International journal of hematology	2026	41405810	10.1007/s12185-025-04134-6	PMC13083461	https://pmc.ncbi.nlm.nih.gov/articles/PMC13083461/	fulltext/ito_2026_pmid41405810.xml		geo:Europe|US;recent	OA_available
GPRC5D	Einsele H, Moreau P, Bahlis N, Bhutani M, Vincent L, Karlin L, Perrot A, Goldschmidt H, van de Donk NWCJ, Ocio EM, Martínez López J, Martínez López J, Rodríguez-Otero P, Dytfeld D, Jakubowiak A, Schinke C, Besemer B, Anguille S, Manier S, Rasche L, Teipel R, Scheid C, Pawlyn C, Cavo M, Diels J, Ghilotti F, Lau BW, Renaud T, Orel O, Ong F, Ramos DF, Ammann E, Parekh T, Albrecht C, Weisel K, Mateos MV.	Comparative Efficacy of Talquetamab vs. Real-World Physician's Choice of Treatment in Triple-Class-Exposed Relapsed/Refractory Multiple Myeloma: Updated Analyses of MonumenTAL-1 vs. LocoMMotion/MoMMent	Advances in therapy	2026	41313549	10.1007/s12325-025-03409-y	PMC12858606	https://pmc.ncbi.nlm.nih.gov/articles/PMC12858606/	fulltext/einsele_2026_pmid41313549.xml		geo:Europe|US;recent	OA_available
GPRC5D	Lee H, Ahn S, Gonzales GA, Leblay N, Barakat E, Greening D, Colarusso P, Canton J, Benaoudia S, Hasheminasabgorji E, Poorebrahim M, Jung D, Truger M, Jeong J, Riedhammer C, Einsele H, Kortüm KM, Eckmann J, Somandin J, Engel SS, Boise LH, Frenking JH, Weinhold N, Taouxi K, Kastritis E, Skerget S, Vishwamitra D, Cho Y, Maura F, Raab MS, Corre J, Rasche L, Avet-Loiseau H, Neri P, Bahlis NJ.	Multimodal antigenic escape to GPRC5D-targeted T cell engagers in multiple myeloma	Nature medicine	2026	41540108	10.1038/s41591-025-04175-8	PMC13004696	https://pmc.ncbi.nlm.nih.gov/articles/PMC13004696/	fulltext/lee_2026_pmid41540108.xml		geo:Europe|US;recent	OA_available
GPRC5D	An G, Jin J, Cai Z, Jing H, Fu C, He P, Xia Z, Liu R, Li L, Gai X, Zhang H, Zhu D, Luo X, Sun B, Xu H, Zhou L, Campagna M, Masterson TJ, Lau BW, Renaud T, Heuck C, Singh I, Vishwamitra D, Qiu L.	Talquetamab, a GPRC5D×CD3 bispecific antibody, in Chinese patients with relapsed/refractory multiple myeloma: efficacy and safety from the phase 1/2 MonumenTAL-1 study	Haematologica	2026	41063704	10.3324/haematol.2025.287334		https://doi.org/10.3324/haematol.2025.287334			geo:China|Europe|US;recent	pmid_only
CD33_FLT3_AML	Boucher JC, Shrestha B, Vishwasrao P, Leick M, Cervantes EV, Ghafoor T, Reid K, Spitler K, Yu B, Betts BC, Guevara-Patino JA, Maus MV, Davila ML.	Bispecific CD33/CD123 targeted chimeric antigen receptor T cells for the treatment of acute myeloid leukemia	Molecular therapy oncolytics	2023	38075241	10.1016/j.omto.2023.100751	PMC10701585	https://pmc.ncbi.nlm.nih.gov/articles/PMC10701585/	fulltext/boucher_2023_pmid38075241.xml		geo:Europe|US;recent	OA_available
CD33_FLT3_AML	Zeng Z, Roobrouck A, Deschamps G, Bonnevaux H, Guerif S, De Brabandere V, Amara C, Dejonckheere E, Virone-Oddos A, Chiron M, Konopleva M, Dullaers M.	Dual-targeting CD33/CD123 NANOBODY T-cell engager with potent anti-AML activity and good safety profile	Blood advances	2024	38266153	10.1182/bloodadvances.2023011858	PMC11063226	https://pmc.ncbi.nlm.nih.gov/articles/PMC11063226/	fulltext/zeng_2024_pmid38266153.xml		geo:Europe|US;recent	OA_available
CD33_FLT3_AML	Wang XY, Bian MR, Lin GQ, Yu L, Zhang YM, Wu DP.	Tandem bispecific CD123/CLL-1 CAR-T cells exhibit specific cytolytic effector functions against human acute myeloid leukaemia	European journal of haematology	2024	37712633	10.1111/ejh.14104		https://doi.org/10.1111/ejh.14104			geo:China;recent	pmid_only
CD33_FLT3_AML	Yan Z, Gu R, Chen N, Zhang T, Ma H, Xu Y, Qiu S, Xing H, Tang K, Tian Z, Rao Q, Wang M, Wang J.	A dual-targeting approach with anti-IL10R CAR-T cells engineered to release anti-CD33 bispecific antibody in enhancing killing effect on acute myeloid leukemia cells	Research Square	2024		10.21203/rs.3.rs-3926499/v1		https://doi.org/10.21203/rs.3.rs-3926499/v1			geo:Europe;recent	record_only
CD33_FLT3_AML	Narayan R, Piérola AA, Donnellan WB, Yordi AM, Abdul-Hay M, Platzbecker U, Subklewe M, Kadia TM, Alonso-Domínguez JM, McCloskey J, Bradford K, Curtis M, Daskalakis N, Guttke C, Safer K, Hiebert B, Murphy J, Li X, Duchin K, Esteban D.	First-in-human study of JNJ-67571244, a CD33 × CD3 bispecific antibody, in relapsed/refractory acute myeloid leukemia and myelodysplastic syndrome	Clinical and translational science	2024	38494922	10.1111/cts.13742	PMC10945216	https://pmc.ncbi.nlm.nih.gov/articles/PMC10945216/	fulltext/narayan_2024_pmid38494922.xml		geo:Europe|US;recent	OA_available
CD33_FLT3_AML	Ravandi F, Subklewe M, Walter RB, Vachhani P, Ossenkoppele G, Buecklein V, Döhner H, Jongen-Lavrencic M, Baldus CD, Fransecky L, Pardee TS, Kantarjian H, Yen PK, Mukundan L, Panwar B, Yago MR, Agarwal S, Khaldoyanidi SK, Stein A.	Safety and tolerability of AMG 330 in adults with relapsed/refractory AML: a phase 1a dose-escalation study	Leukemia & lymphoma	2024	38712673	10.1080/10428194.2024.2346755		https://doi.org/10.1080/10428194.2024.2346755			geo:Europe|US;recent	pmid_only
CD33_FLT3_AML	Liegel J, Stroopinsky D, Cheloni G, Karagkouni D, Nahas M, Ma Y, Torres D, Saldarriaga I, Wang S, Arruda de Amaral A, Ploumakis A, Clohessy J, Abirached J, Bisharat L, Fraenkel P, Yildirim O, Bonnevaux H, Guerif S, Rallis K, Chedid G, Kufe D, Vlachos IS, Avigan D, Rosenblatt J.	Vaccine-educated T cells and a CD123 bispecific T-cell engager for treatment of acute myeloid leukemia	Blood advances	2025	40811786	10.1182/bloodadvances.2024015449	PMC12630361	https://pmc.ncbi.nlm.nih.gov/articles/PMC12630361/	fulltext/liegel_2025_pmid40811786.xml		geo:Europe|US;recent	OA_available
CD33_FLT3_AML	Griffiths HBS, Jones N, Vitale M, Faulkner N, Masters EW, Nabi-Aldridge NLA, Mistry M, Patterson C, Blanco-Gomez A, Griessinger E, Schon O, Daniels-Thorn TJ.	A bispecific antibody-drug conjugate targeting CD7 and CD33 shows anti-tumor activity and improved tumor selectivity in an aggressive subtype of acute myeloid leukemia	mAbs	2025	40888053	10.1080/19420862.2025.2551205	PMC12407849	https://pmc.ncbi.nlm.nih.gov/articles/PMC12407849/	fulltext/griffiths_2025_pmid40888053.xml		geo:Europe;recent	OA_available
CD33_FLT3_AML	Bellout H.	Effector-to-target ratio as a translational bottleneck for CD33 T-cell engagers in acute myeloid leukemia: a quantitative reanalysis of AMG 330	Investigational new drugs	2026	42268556	10.1007/s10637-026-01624-0		https://doi.org/10.1007/s10637-026-01624-0			geo:Europe|US;recent	pmid_only
CD33_FLT3_AML	Zhao Y, Sun Y, Sun H, Cui C, Zhang X, Wang W, Wang L.	Treatment of acute myeloid leukemia using CD3/CD123 bispecific antibody-engaged γδT cells in a mouse xenograft model	Tissue & cell	2026	41930880	10.1016/j.tice.2026.103502		https://doi.org/10.1016/j.tice.2026.103502			geo:China;recent	pmid_only
CD33_FLT3_AML	Rohrbacher L, Nixdorf D, Stadler H, Brauchle B, Märkl F, Gottschlich A, Hoffmann GV, Philipp N, Hänel G, Kirmaier ME, Marcinek A, Kazerani M, Richter D, Magno G, Goldstein RL, Theurich S, Straub T, Kobold S, Arvedson T, Bücklein V, Subklewe M.	FLT3-directed BiTE molecules vs CAR T cells in AML: costimulatory signals mitigate T-cell exhaustion	Blood advances	2026	41324594	10.1182/bloodadvances.2025018168	PMC12917520	https://pmc.ncbi.nlm.nih.gov/articles/PMC12917520/	fulltext/rohrbacher_2026_pmid41324594.xml		geo:Europe|US;recent	OA_available
CD33_FLT3_AML	Hofstetter M, Volta L, Koch C, Rey MG, Maurer M, Gönüllü N, Pellegrino C, Gobbi C, Schneiter F, Manfredi F, Magnani CF, Elsayed A, Schroeder T, Neri D, Manz MG.	Enhancement of CD117-Targeted Bispecific T-cell Engagement by CD33-Targeted Bispecific T-cell Costimulation in Acute Myeloid Leukemia	Cancer research communications	2026	41911066	10.1158/2767-9764.crc-25-0672	PMC13114487	https://pmc.ncbi.nlm.nih.gov/articles/PMC13114487/	fulltext/hofstetter_2026_pmid41911066.xml		geo:Europe;recent	OA_available
CD33_FLT3_AML	Chen L, Duan H, Huang C, Xu Y, Wang Z, Huang H.	Humanized anti-CD33 CAR-T cells and antibody-drug conjugates for targeted therapy in acute myeloid leukemia	Frontiers in medicine	2026	41669343	10.3389/fmed.2026.1691417	PMC12884322	https://pmc.ncbi.nlm.nih.gov/articles/PMC12884322/	fulltext/chen_2026_pmid41669343.xml		geo:China|US;recent	OA_available
EpCAM	Goéré D, Flament C, Rusakiewicz S, Poirier-Colame V, Kepp O, Martins I, Pesquet J, Eggermont A, Elias D, Chaput N, Zitvogel L.	Potent immunomodulatory effects of the trifunctional antibody catumaxomab	Cancer research	2013	23737485	10.1158/0008-5472.can-12-4460		https://doi.org/10.1158/0008-5472.can-12-4460			geo:Europe|US;preclinical_or_early	pmid_only
EpCAM	Ferrari F, Bellone S, Black J, Schwab CL, Lopez S, Cocco E, Bonazzoli E, Predolini F, Menderes G, Litkouhi B, Ratner E, Silasi DA, Azodi M, Schwartz PE, Santin AD.	Solitomab, an EpCAM/CD3 bispecific antibody construct (BiTE®), is highly active against primary uterine and ovarian carcinosarcoma cell lines in vitro	Journal of experimental & clinical cancer research : CR	2015	26474755	10.1186/s13046-015-0241-7	PMC4609066	https://pmc.ncbi.nlm.nih.gov/articles/PMC4609066/	fulltext/ferrari_2015_pmid26474755.xml		geo:Europe|US;preclinical_or_early	OA_available
EpCAM	English DP, Bellone S, Schwab CL, Roque DM, Lopez S, Bortolomai I, Cocco E, Bonazzoli E, Chatterjee S, Ratner E, Silasi DA, Azodi M, Schwartz PE, Rutherford TJ, Santin AD.	Solitomab, an epithelial cell adhesion molecule/CD3 bispecific antibody (BiTE), is highly active against primary chemotherapy-resistant ovarian cancer cell lines in vitro and fresh tumor cells ex vivo	Cancer	2015	25251053	10.1002/cncr.29062	PMC4304922	https://pmc.ncbi.nlm.nih.gov/articles/PMC4304922/			preclinical_or_early	pmid_only
EpCAM	Deisting W, Raum T, Kufer P, Baeuerle PA, Münz M.	Impact of Diverse Immune Evasion Mechanisms of Cancer Cells on T Cells Engaged by EpCAM/CD3-Bispecific Antibody Construct AMG 110	PloS one	2015	26510188	10.1371/journal.pone.0141669	PMC4624873	https://pmc.ncbi.nlm.nih.gov/articles/PMC4624873/	fulltext/deisting_2015_pmid26510188.xml		geo:China|Europe|US;preclinical_or_early	OA_available
EpCAM	Knödler M, Körfer J, Kunzmann V, Trojan J, Daum S, Schenk M, Kullmann F, Schroll S, Behringer D, Stahl M, Al-Batran SE, Hacker U, Ibach S, Lindhofer H, Lordick F.	Randomised phase II trial to investigate catumaxomab (anti-EpCAM × anti-CD3) for treatment of peritoneal carcinomatosis in patients with gastric cancer	British journal of cancer	2018	29988111	10.1038/s41416-018-0150-6	PMC6070920	https://pmc.ncbi.nlm.nih.gov/articles/PMC6070920/	fulltext/kndler_2018_pmid29988111.xml		geo:Europe|US;recent	OA_available
EpCAM	Schönberger S, Kraft D, Nettersheim D, Schorle H, Casati A, Craveiro RB, Mohseni MM, Calaminus G, Dilloo D.	Targeting EpCAM by a Bispecific Trifunctional Antibody Exerts Profound Cytotoxic Efficacy in Germ Cell Tumor Cell Lines	Cancers	2020	32438548	10.3390/cancers12051279	PMC7281168	https://pmc.ncbi.nlm.nih.gov/articles/PMC7281168/	fulltext/schnberger_2020_pmid32438548.xml		geo:Europe|US;recent	OA_available
EpCAM	Suurs FV, Lorenczewski G, Stienen S, Friedrich M, de Vries EGE, de Groot DJA, Lub-de Hooge MN.	The Biodistribution of a CD3 and EpCAM Bispecific T-Cell Engager Is Driven by the CD3 Arm	Journal of nuclear medicine : official publication, Society of Nuclear Medicine	2020	32284393	10.2967/jnumed.120.241877		https://doi.org/10.2967/jnumed.120.241877			geo:Europe;recent	pmid_only
EpCAM	Ruf P, Bauer HW, Schoberth A, Kellermann C, Lindhofer H.	First time intravesically administered trifunctional antibody catumaxomab in patients with recurrent non-muscle invasive bladder cancer indicates high tolerability and local immunological activity	Cancer immunology, immunotherapy : CII	2021	33837852	10.1007/s00262-021-02930-7	PMC8360869	https://pmc.ncbi.nlm.nih.gov/articles/PMC8360869/	fulltext/ruf_2021_pmid33837852.xml		geo:Europe;recent	OA_available
EpCAM	Yang Y, McCloskey JE, Yang H, Puc J, Alcaina Y, Vedvyas Y, Gomez Gallegos AA, Ortiz-Sánchez E, de Stanchina E, Min IM, von Hofe E, Jin MM.	Bispecific CAR T Cells against EpCAM and Inducible ICAM-1 Overcome Antigen Heterogeneity and Generate Superior Antitumor Responses	Cancer immunology research	2021	34341066	10.1158/2326-6066.cir-21-0062	PMC8492509	https://pmc.ncbi.nlm.nih.gov/articles/PMC8492509/			geo:China|US;recent	pmid_only
EpCAM	Wang L, Qiao Y, Zong H, Han L, Ke Y, Pan Z, Chen J, Lu J, Li J, Ying T, Zhang B, Zhu J.	IgG-like Bispecific Antibody CD3×EpCAM Generated by Split Intein Against Colorectal Cancer	Frontiers in pharmacology	2022	35281893	10.3389/fphar.2022.803059	PMC8905292	https://pmc.ncbi.nlm.nih.gov/articles/PMC8905292/	fulltext/wang_2022_pmid35281893.xml		geo:China|US;recent	OA_available
EpCAM	Wei M, Zuo S, Chen Z, Qian P, Zhang Y, Kong L, Gao H, Wei J, Dong J.	Oncolytic vaccinia virus expressing a bispecific T-cell engager enhances immune responses in EpCAM positive solid tumors	Frontiers in immunology	2022	36451817	10.3389/fimmu.2022.1017574	PMC9702515	https://pmc.ncbi.nlm.nih.gov/articles/PMC9702515/	fulltext/wei_2022_pmid36451817.xml		geo:China;recent	OA_available
EpCAM	Liu R, Lin R, Li N, Li G, Zhang T, Zhao J, Li J, Sun M, Wang K, An H, Zhang W, Xu H, Zeng S, Zhang M, Duan W, Bai Y, Zhang J, Tian H, Yin F, Kang Y, Xu Q, Xu N, Deng Y, Chen Q, Li Y, Yang H, Su F, Xiao Z, Xiang X, Zhou P, Huang S, Zhang J, Xu J.	Development and clinical trial of M701, an Anti-EpCAM × Anti-CD3 bispecific antibody: a targeted intraperitoneal therapy for malignant ascites stemming from advanced solid tumors	Experimental hematology & oncology	2025	41275209	10.1186/s40164-025-00727-3	PMC12661848	https://pmc.ncbi.nlm.nih.gov/articles/PMC12661848/	fulltext/liu_2025_pmid41275209.xml		geo:China|Europe|US;recent	OA_available
EpCAM	Dong Z, Zhang H, Zhang H, Bai L, Guo Q, Robinson G, Elalfy A, Liu T, Aimaiti M, Xia X, Zuo S, Zhang Z.	Enhancing oncolytic virotherapy with a tri-specific T-cell engager targeting CD3ε, EpCaM, and 4-1BB: preclinical evaluation and implications for cancer immunotherapy	BMC medicine	2026	41612317	10.1186/s12916-026-04661-x	PMC12933958	https://pmc.ncbi.nlm.nih.gov/articles/PMC12933958/	fulltext/dong_2026_pmid41612317.xml		geo:China|Europe|US;recent	OA_available
EpCAM	Che J, Guo YY, Guo L, Liu J, Li T, Fei Y.	Intraperitoneal Co-Delivery of Claudin18.2×41BB and EpCAM×CD3 Bispecific Antibodies via mRNA-LNPs Synergistically Suppresses Gastric Cancer Peritoneal Metastasis Through T Cell Co-Activation	International journal of nanomedicine	2026	41884275	10.2147/ijn.s577606	PMC13011852	https://pmc.ncbi.nlm.nih.gov/articles/PMC13011852/	fulltext/che_2026_pmid41884275.xml		geo:China;recent	OA_available
CEA_CEACAM5	Holliger P, Manzke O, Span M, Hawkins R, Fleischmann B, Qinghua L, Wolf J, Diehl V, Cochet O, Winter G, Bohlen H.	Carcinoembryonic antigen (CEA)-specific T-cell activation in colon carcinoma induced by anti-CD3 x anti-CEA bispecific diabodies and B7 x anti-CEA bispecific fusion proteins	Cancer research	1999	10383154			https://pubmed.ncbi.nlm.nih.gov/10383154/			geo:Europe|US;preclinical_or_early	pmid_only
CEA_CEACAM5	Compte M, Blanco B, Serrano F, Cuesta AM, Sanz L, Bernad A, Holliger P, Alvarez-Vallina L.	Inhibition of tumor growth in vivo by in situ secretion of bispecific anti-CEA x anti-CD3 diabodies from lentivirally transduced human lymphocytes	Cancer gene therapy	2007	17218946	10.1038/sj.cgt.7701021		https://doi.org/10.1038/sj.cgt.7701021			geo:Europe;preclinical_or_early	pmid_only
CEA_CEACAM5	Lutterbuese R, Raum T, Kischel R, Lutterbuese P, Schlereth B, Schaller E, Mangold S, Rau D, Meier P, Kiener PA, Mulgrew K, Oberst MD, Hammond SA, Baeuerle PA, Kufer P.	Potent control of tumor growth by CEA/CD3-bispecific single-chain antibody constructs that are not competitively inhibited by soluble CEA	Journal of immunotherapy (Hagerstown, Md. : 1997)	2009	19342971	10.1097/cji.0b013e31819b7c70		https://doi.org/10.1097/cji.0b013e31819b7c70			geo:Europe|US;preclinical_or_early	pmid_only
CEA_CEACAM5	Osada T, Hsu D, Hammond S, Hobeika A, Devi G, Clay TM, Lyerly HK, Morse MA.	Metastatic colorectal cancer cells from patients previously treated with chemotherapy are sensitive to T-cell killing mediated by CEA/CD3-bispecific T-cell-engaging BiTE antibody	British journal of cancer	2010	19953093	10.1038/sj.bjc.6605364	PMC2813763	https://pmc.ncbi.nlm.nih.gov/articles/PMC2813763/	fulltext/osada_2010_pmid19953093.xml		geo:US;preclinical_or_early	OA_available
CEA_CEACAM5	Peng L, Oberst MD, Huang J, Brohawn P, Morehouse C, Lekstrom K, Baeuerle PA, Wu H, Yao Y, Coats SR, Dall'Acqua W, Damschroder M, Hammond SA.	The CEA/CD3-bispecific antibody MEDI-565 (MT111) binds a nonlinear epitope in the full-length but not a short splice variant of CEA	PloS one	2012	22574157	10.1371/journal.pone.0036412	PMC3344869	https://pmc.ncbi.nlm.nih.gov/articles/PMC3344869/	fulltext/peng_2012_pmid22574157.xml		geo:US;preclinical_or_early	OA_available
CEA_CEACAM5	Oberst MD, Fuhrmann S, Mulgrew K, Amann M, Cheng L, Lutterbuese P, Richman L, Coats S, Baeuerle PA, Hammond SA.	CEA/CD3 bispecific antibody MEDI-565/AMG 211 activation of T cells and subsequent killing of human tumors is independent of mutations commonly found in colorectal adenocarcinomas	mAbs	2014	25484061	10.4161/19420862.2014.975660	PMC4622052	https://pmc.ncbi.nlm.nih.gov/articles/PMC4622052/	fulltext/oberst_2014_pmid25484061.xml		geo:US;preclinical_or_early	OA_available
CEA_CEACAM5	Osada T, Patel SP, Hammond SA, Osada K, Morse MA, Lyerly HK.	CEA/CD3-bispecific T cell-engaging (BiTE) antibody-mediated T lymphocyte cytotoxicity maximized by inhibition of both PD1 and PD-L1	Cancer immunology, immunotherapy : CII	2015	25742933	10.1007/s00262-015-1671-y	PMC11029757	https://pmc.ncbi.nlm.nih.gov/articles/PMC11029757/			geo:US;preclinical_or_early	pmid_only
CEA_CEACAM5	Segal NH, Melero I, Moreno V, Steeghs N, Marabelle A, Rohrberg K, Rodriguez-Ruiz ME, Eder JP, Eng C, Manji GA, Waterkamp D, Leutgeb B, Bouseida S, Flinn N, Das Thakur M, Elze MC, Koeppen H, Jamois C, Martin-Facklam M, Lieu CH, Calvo E, Paz-Ares L, Tabernero J, Argilés G.	CEA-CD3 bispecific antibody cibisatamab with or without atezolizumab in patients with CEA-positive solid tumours: results of two multi-institutional Phase 1 trials	Nature communications	2024	38750034	10.1038/s41467-024-48479-8	PMC11096172	https://pmc.ncbi.nlm.nih.gov/articles/PMC11096172/	fulltext/segal_2024_pmid38750034.xml		geo:Europe|US;recent	OA_available
CEA_CEACAM5	Claus C, Ferrara-Koller C, Sam J, Lang S, Albrecht R, Buser R, Bommer E, Nicolini V, Colombetti S, Bacac M, Umaña P, Klein C.	CEA-4-1BBL: Design and Optimization of a Novel CEACAM5-Targeted 4-1BB Ligand Antibody Fusion Protein to Provide Costimulation in Cis in Combination with T Cell Bispecific Antibodies	Preprints.org	2025		10.20944/preprints202509.2415.v1		https://doi.org/10.20944/preprints202509.2415.v1			geo:Europe;recent	record_only
CEA_CEACAM5	Anstett V, Heinzelmann E, Piraino F, Roch A, Chrisnandy A, Norkin M, Garnier V, Homicsko K, Hoehnel-Ka S, Brandenberg N.	In Vitro Evaluation of the Safety and Efficacy of <i>Cibisatamab</i> Using Adult Stem Cell-Derived Organoids and Colorectal Cancer Spheroids	Cancers	2025	39858076	10.3390/cancers17020291	PMC11763756	https://pmc.ncbi.nlm.nih.gov/articles/PMC11763756/	fulltext/anstett_2025_pmid39858076.xml		geo:Europe|US;recent	OA_available
CEA_CEACAM5	Sanchez J, Pierrillas PB, Frey N, Lotz GP, Jönsson S, Friberg LE, Frances N.	A Model-Based Approach to Evaluate Anti-Drug Antibody Impact on Drug Exposure With Biologics: A Case Example With the CD3 T-Cell Bispecific Cibisatamab	CPT: pharmacometrics & systems pharmacology	2025	40108739	10.1002/psp4.70019	PMC12167918	https://pmc.ncbi.nlm.nih.gov/articles/PMC12167918/	fulltext/sanchez_2025_pmid40108739.xml		geo:Europe;recent	OA_available
CEA_CEACAM5	Andersson H, Uddbäck I, Hermodsson T, Celander M, Krishna Shetty A, Ljung L, Nilsson A, Sundstedt A, von Schantz L, Varas LA, Levin M, Säll A, Weilguny D, Jansson K, Fritzell S, Hägerbrand K, Lindstedt M, Ellmark P.	ATOR-4066, a Bispecific Antibody Targeting CD40 and CEACAM5, Induces Strong Myeloid and T Cell-Dependent Tumor Immunity and Synergizes with PD-1 Blockade	Cancer immunology research	2025	40928366	10.1158/2326-6066.cir-25-0075	PMC12670079	https://pmc.ncbi.nlm.nih.gov/articles/PMC12670079/	fulltext/andersson_2025_pmid40928366.xml		geo:Europe;recent	OA_available
CEA_CEACAM5	Abdelmotaleb O, Schneider A, Waldhauer I, Sam J, Hofer T, Lechmann M, Freimoser-Grundschober A, Giusti AM, Essig K, Nikic T, Steinacher L, Gassner C, Märsch S, Bransi A, Odermatt A, Brünker P, Colombetti S, Klein C.	Optimizing efficacy and safety of T cell bispecific antibodies: the interdependence of CD3 and tumor antigen binder affinities in FOLR1 and CEACAM5 2 + 1 TCBs	mAbs	2025	41196029	10.1080/19420862.2025.2584374	PMC12599352	https://pmc.ncbi.nlm.nih.gov/articles/PMC12599352/	fulltext/abdelmotaleb_2025_pmid41196029.xml		geo:Europe;recent	OA_available
CEA_CEACAM5	Melero I, Tanos T, Calvo Aller E, Qvortrup C, van Dongen M, Baraibar I, Beom SH, Thistlethwaite F, Riesco MDC, Garcia MM, Woodcock V, Kim TW, Umana P, McIntyre C, Chen L, Heichinger C, Hinton H, Saylan T, Davydov II, Guarin E, Boehnke A, Moreno V.	Cibisatamab and FAP-4-1BBL in microsatellite-stable colorectal cancer: a phase 1b trial	Nature medicine	2026	42010119	10.1038/s41591-026-04380-z		https://doi.org/10.1038/s41591-026-04380-z			geo:Europe|US;recent	pmid_only
gp100_ImmTAC	Chen LN, Carvajal RD.	Tebentafusp for the treatment of HLA-A*02:01-positive adult patients with unresectable or metastatic uveal melanoma	Expert review of anticancer therapy	2022	36102132	10.1080/14737140.2022.2124971	PMC10184536	https://pmc.ncbi.nlm.nih.gov/articles/PMC10184536/			geo:Europe|US;recent;review	pmid_only
gp100_ImmTAC	Howlett S, Carter TJ, Shaw HM, Nathan PD.	Tebentafusp: a first-in-class treatment for metastatic uveal melanoma	Therapeutic advances in medical oncology	2023	36970111	10.1177/17588359231160140	PMC10031621	https://pmc.ncbi.nlm.nih.gov/articles/PMC10031621/	fulltext/howlett_2023_pmid36970111.xml		geo:Europe|US;recent;review	OA_available
gp100_ImmTAC	Reschke R, Enk AH, Hassel JC.	T Cell-Engaging Bispecific Antibodies Targeting gp100 and PRAME: Expanding Application from Uveal Melanoma to Cutaneous Melanoma	Pharmaceutics	2024	39204391	10.3390/pharmaceutics16081046	PMC11360058	https://pmc.ncbi.nlm.nih.gov/articles/PMC11360058/	fulltext/reschke_2024_pmid39204391.xml		geo:Europe;recent;review	OA_available
gp100_ImmTAC	Wang Y, Sun W, Wang B.	Evaluating the efficacy and safety of tebentafusp in the treatment of metastatic uveal melanoma: a 2025 update systematic review and meta-analysis	Frontiers in oncology	2025	41170451	10.3389/fonc.2025.1667282	PMC12568024	https://pmc.ncbi.nlm.nih.gov/articles/PMC12568024/	fulltext/wang_2025_pmid41170451.xml		geo:China;recent;review	OA_available
gp100_ImmTAC	Krohn J, Vinnem LIH, Jansson RW, Straume O.	Fundus hypopigmentation and choroidal thinning associated with tebentafusp therapy: report of a case and literature review	BMC ophthalmology	2025	40817046	10.1186/s12886-025-04274-7	PMC12357441	https://pmc.ncbi.nlm.nih.gov/articles/PMC12357441/	fulltext/krohn_2025_pmid40817046.xml		geo:Europe;recent;review	OA_available
gp100_ImmTAC	Sato T, Butler MO, Piperno-Neumann S, Hassel JC, Nathan P, Shoushtari AN, Rutkowski P, Carvajal RD, Baurain JF, Schlaak M, Piulats JM, Sullivan RJ, Ochsenreither S, Dummer R, Kirkwood JM, Ikeguchi A, Joshua AM, Middleton MR, Edukulla R, Pfeiffer C, Sacco JJ.	Incidence and Management of Adverse Events Associated with Tebentafusp Treatment in Metastatic Uveal Melanoma: Pooled Safety Analysis of 410 Patients	Clinical cancer research : an official journal of the American Association for Cancer Research	2025	40938927	10.1158/1078-0432.ccr-25-1513	PMC12666308	https://pmc.ncbi.nlm.nih.gov/articles/PMC12666308/	fulltext/sato_2025_pmid40938927.xml		geo:Europe|US;recent	OA_available
gp100_ImmTAC	Mansilla-Polo M, de Unamuno-Bustos B, Martín-Torregrosa D, Martínez-Cozar V, Díaz-Beveridge R, Botella-Estrada R.	Dermatological Toxicities of Tebentafusp, a New Bispecific Drug: Case Series and Literature Review	The Australasian journal of dermatology	2026	41268669	10.1111/ajd.70004		https://doi.org/10.1111/ajd.70004			geo:Europe;recent;review	pmid_only
gp100_ImmTAC	Cai H, Huang Z, Wang BL, Wei M, Tian M, Zheng H.	Clinical outcomes of tebentafusp in metastatic uveal melanoma: a systematic review and single-arm meta-analysis. 	Frontiers in medicine	2026	42388498	10.3389/fmed.2026.1826626		https://doi.org/10.3389/fmed.2026.1826626			geo:China|US;recent;review	pmid_only
gp100_ImmTAC	Kalkavan H, Heinold A, Liu S, Borse GM, Heinemann FM, Dertnig T, Hense J, Ingenwerth M, Cheung FY, Antonopoulou G, Pretzell I, Fleischhauer K, Bechrakis NE, Schuler M.	Escape From Synthetic T Cell Activator Tebentafusp by Genomic HLA Loss: A Case Report	HLA	2026	42165161	10.1111/tan.70764		https://doi.org/10.1111/tan.70764			geo:Europe;recent	pmid_only
gp100_ImmTAC	Wang XM, Furness A, Heelan K.	Cutaneous toxicities in patients with metastatic uveal melanoma receiving tebentafusp: a retrospective review. The experience of a single large specialist institution	Clinical and experimental dermatology	2026	40988565	10.1093/ced/llaf426		https://doi.org/10.1093/ced/llaf426			geo:Europe;recent	pmid_only
gp100_ImmTAC	Piperno-Neumann S, Rutkowski P, Hassel JC, Butler MO, Schlaak M, Sullivan RJ, Dummer R, Kirkwood JM, Sacco JJ, Shoushtari AN, Piulats JM, Salama AKS, Orloff MM, Joshua AM, Ochsenreither S, Gastaud L, Curti BD, Demidov LV, Milhem MM, Chmielowski B, Kendra KL, Ascierto PA, Bernicker EH, Carvajal RD, Collins L, Lockwood S, Patel JM, Hamid OA, Baurain JF, Nathan PD.	Five-year survival with tebentafusp in metastatic uveal melanoma	Annals of oncology : official journal of the European Society for Medical Oncology	2026	42162665	10.1016/j.annonc.2026.05.695		https://doi.org/10.1016/j.annonc.2026.05.695			geo:Europe|US;recent	pmid_only
gp100_ImmTAC	Ramtohul T, Jasawant XL, Sandoval JL, Mailly-Giacchetti L, Pierron G, Cassoux N, Mariani P, Stern MH, Renault S, Rampanou A, Sanchez R, Piperno-Neumann S, Servois V, Rodrigues M.	Total tumor volume and growth rate at 3 months on MRI outperform baseline imaging and circulating tumor DNA for predicting survival of patients with metastatic uveal melanoma receiving tebentafusp	Diagnostic and interventional imaging	2026	41775639	10.1016/j.diii.2026.02.009		https://doi.org/10.1016/j.diii.2026.02.009			geo:Europe|US;recent	pmid_only
gp100_ImmTAC	Sachpekidis C, Machiraju D, Strauss DS, Pan L, Kopp-Schneider A, Edenbrandt L, Dimitrakopoulou-Strauss A, Hassel JC.	Artificial intelligence-assisted assessment of metabolic response to tebentafusp in metastatic uveal melanoma: a long axial field-of-view [<sup>18</sup>F]FDG PET/CT study	European journal of nuclear medicine and molecular imaging	2026	40913640	10.1007/s00259-025-07504-8	PMC12860866	https://pmc.ncbi.nlm.nih.gov/articles/PMC12860866/	fulltext/sachpekidis_2026_pmid40913640.xml		geo:Europe;recent	OA_available
gp100_ImmTAC	Huynh L, Aljohani A, Alsubaiti A, Grant T, Chapman A, Phillips G, Chamberlain J, Hayward-Wills A, Jungwirth U, Salio M, Holland CJ, Wülfing C.	ImmTACs overcome cytotoxic T cell suppression	bioRxiv	2026		10.64898/2026.03.20.713194		https://doi.org/10.64898/2026.03.20.713194			geo:Europe;recent	record_only
PSMA	Fortmüller K, Alt K, Gierschner D, Wolf P, Baum V, Freudenberg N, Wetterauer U, Elsässer-Beile U, Bühler P.	Effective targeting of prostate cancer by lymphocytes redirected by a PSMA × CD3 bispecific single-chain diabody	The Prostate	2011	20945402	10.1002/pros.21274		https://doi.org/10.1002/pros.21274			geo:Europe;preclinical_or_early	pmid_only
PSMA	Friedrich M, Raum T, Lutterbuese R, Voelkel M, Deegen P, Rau D, Kischel R, Hoffmann P, Brandl C, Schuhmacher J, Mueller P, Finnern R, Fuergut M, Zopf D, Slootstra JW, Baeuerle PA, Rattel B, Kufer P.	Regression of human prostate cancer xenografts in mice by AMG 212/BAY2010112, a novel PSMA/CD3-Bispecific BiTE antibody cross-reactive with non-human primate antigens	Molecular cancer therapeutics	2012	23041545	10.1158/1535-7163.mct-12-0042		https://doi.org/10.1158/1535-7163.mct-12-0042			geo:China|Europe;preclinical_or_early	pmid_only
PSMA	Leconet W, Liu H, Guo M, Le Lamer-Déchamps S, Molinier C, Kim S, Vrlinic T, Oster M, Liu F, Navarro V, Batra JS, Noriega AL, Grizot S, Bander NH.	Anti-PSMA/CD3 Bispecific Antibody Delivery and Antitumor Activity Using a Polymeric Depot Formulation	Molecular cancer therapeutics	2018	29891487	10.1158/1535-7163.mct-17-1138		https://doi.org/10.1158/1535-7163.mct-17-1138			geo:Europe|US;recent	pmid_only
PSMA	Chiu D, Tavaré R, Haber L, Aina OH, Vazzana K, Ram P, Danton M, Finney J, Jalal S, Krueger P, Giurleo JT, Ma D, Smith E, Thurston G, Kirshner JR, Crawford A.	A PSMA-Targeting CD3 Bispecific Antibody Induces Antitumor Responses that Are Enhanced by 4-1BB Costimulation	Cancer immunology research	2020	32184296	10.1158/2326-6066.cir-19-0518		https://doi.org/10.1158/2326-6066.cir-19-0518			geo:US;recent	pmid_only
PSMA	Hummel HD, Kufer P, Grüllich C, Seggewiss-Bernhardt R, Deschler-Baier B, Chatterjee M, Goebeler ME, Miller K, de Santis M, Loidl W, Dittrich C, Buck A, Lapa C, Thurner A, Wittemer-Rump S, Koca G, Boix O, Döcke WD, Finnern R, Kusi H, Ajavon-Hartmann A, Stienen S, Sayehli CM, Polat B, Bargou RC.	Pasotuxizumab, a BiTE<sup>®</sup> immune therapy for castration-resistant prostate cancer: Phase I, dose-escalation study findings	Immunotherapy	2021	33172323	10.2217/imt-2020-0256		https://doi.org/10.2217/imt-2020-0256			geo:Europe|US;recent	pmid_only
PSMA	Deegen P, Thomas O, Nolan-Stevaux O, Li S, Wahl J, Bogner P, Aeffner F, Friedrich M, Liao MZ, Matthes K, Rau D, Rattel B, Raum T, Kufer P, Coxon A, Bailis JM.	The PSMA-targeting Half-life Extended BiTE Therapy AMG 160 has Potent Antitumor Activity in Preclinical Models of Metastatic Castration-resistant Prostate Cancer	Clinical cancer research : an official journal of the American Association for Cancer Research	2021	33504551	10.1158/1078-0432.ccr-20-3725		https://doi.org/10.1158/1078-0432.ccr-20-3725			geo:Europe|US;recent	pmid_only
PSMA	Glud EN, Rasmussen M, Zhang Y, Mandrup OA, Salachan PV, Borre M, Sørensen KD, Howard KA.	Identification of a high-risk immunogenic prostate cancer patient subset as candidates for T-cell engager immunotherapy and the introduction of a novel albumin-fused anti-CD3 × anti-PSMA bispecific design	British journal of cancer	2022	36243890	10.1038/s41416-022-01994-1	PMC9727128	https://pmc.ncbi.nlm.nih.gov/articles/PMC9727128/	fulltext/glud_2022_pmid36243890.xml		geo:Europe;recent	OA_available
PSMA	Penny HL, Hainline K, Theoharis N, Wu B, Brandl C, Webhofer C, McComb M, Wittemer-Rump S, Koca G, Stienen S, Bargou RC, Hummel HD, Loidl W, Grüllich C, Eggert T, Tran B, Mytych DT.	Characterization and root cause analysis of immunogenicity to pasotuxizumab (AMG 212), a prostate-specific membrane antigen-targeting bispecific T-cell engager therapy	Frontiers in immunology	2023	37942314	10.3389/fimmu.2023.1261070	PMC10628759	https://pmc.ncbi.nlm.nih.gov/articles/PMC10628759/	fulltext/penny_2023_pmid37942314.xml		geo:Europe|US;recent	OA_available
PSMA	Das G, Ptacek J, Havlinova B, Nedvedova J, Barinka C, Novakova Z.	Targeting Prostate Cancer Using Bispecific T-Cell Engagers against Prostate-Specific Membrane Antigen	ACS pharmacology & translational science	2023	37974624	10.1021/acsptsci.3c00159	PMC10644396	https://pmc.ncbi.nlm.nih.gov/articles/PMC10644396/	fulltext/das_2023_pmid37974624.xml		recent	OA_available
PSMA	Lim EA, Schweizer MT, Chi KN, Aggarwal R, Agarwal N, Gulley J, Attiyeh E, Greger J, Wu S, Jaiprasart P, Loffredo J, Bandyopadhyay N, Xie H, Hansen AR.	Phase 1 Study of Safety and Preliminary Clinical Activity of JNJ-63898081, a PSMA and CD3 Bispecific Antibody, for Metastatic Castration-Resistant Prostate Cancer	Clinical genitourinary cancer	2023	36948922	10.1016/j.clgc.2023.02.010	PMC10219845	https://pmc.ncbi.nlm.nih.gov/articles/PMC10219845/			geo:US;recent	pmid_only
PSMA	Dorff T, Horvath LG, Autio K, Bernard-Tessier A, Rettig MB, Machiels JP, Bilen MA, Lolkema MP, Adra N, Rottey S, Greil R, Matsubara N, Tan DSW, Wong A, Uemura H, Lemech C, Meran J, Yu Y, Minocha M, McComb M, Penny HL, Gupta V, Hu X, Hu X, Jurida G, Kouros-Mehr H, Janát-Amsbury MM, Eggert T, Tran B.	A Phase I Study of Acapatamab, a Half-life Extended, PSMA-Targeting Bispecific T-cell Engager for Metastatic Castration-Resistant Prostate Cancer	Clinical cancer research : an official journal of the American Association for Cancer Research	2024	38300720	10.1158/1078-0432.ccr-23-2978	PMC11395298	https://pmc.ncbi.nlm.nih.gov/articles/PMC11395298/			geo:Europe|US;recent	pmid_only
PSMA	Wei PS, Chou PY, Hsu HY, Chen M, Chen YJ, Tsai TH, Wen BY, Sheu MT, Chuang KH, Lin HL.	Nonshrinkable Thermosensitive Hydrogels Combined with Bispecific Anti-PSMA/CD3 T-Cell Engager for Effective Against Tumors in Mice Model	International journal of nanomedicine	2025	40098725	10.2147/ijn.s496746	PMC11911822	https://pmc.ncbi.nlm.nih.gov/articles/PMC11911822/	fulltext/wei_2025_pmid40098725.xml		recent	OA_available
PSMA	Hudson A, Jayaram A, Garmezy B, Zorko NA, Zarrabi KK, Mathews L, Rupnow B, Li M, Ghosh D, Urtishak K, Francis P, Wang SC, Attiyeh E, de Bono J.	A phase 1, first-in-human, dose escalation study of JNJ-80038114, a PSMAxCD3 bispecific antibody, in participants with metastatic castration-resistant prostate cancer	Cancer chemotherapy and pharmacology	2026	41493473	10.1007/s00280-025-04846-w	PMC12774958	https://pmc.ncbi.nlm.nih.gov/articles/PMC12774958/	fulltext/hudson_2026_pmid41493473.xml		geo:Europe|US;recent	OA_available
PSMA	Aljaberi MA, Chabchoub E.	Development and Evaluation of a Bispecific Single-Chain Antibody Targeting PSMA and CD3 to Enhance T-Cell-Mediated Lysis	American journal of men's health	2026	42091111	10.1177/15579883261439951	PMC13161604	https://pmc.ncbi.nlm.nih.gov/articles/PMC13161604/	fulltext/aljaberi_2026_pmid42091111.xml		recent	OA_available
HER2_ERBB2	Haense N, Atmaca A, Pauligk C, Steinmetz K, Marmé F, Haag GM, Rieger M, Ottmann OG, Ruf P, Lindhofer H, Al-Batran SE.	A phase I trial of the trifunctional anti Her2 × anti CD3 antibody ertumaxomab in patients with advanced solid tumors	BMC cancer	2016	27387446	10.1186/s12885-016-2449-0	PMC4937525	https://pmc.ncbi.nlm.nih.gov/articles/PMC4937525/	fulltext/haense_2016_pmid27387446.xml		geo:Europe;recent	OA_available
HER2_ERBB2	Park JA, Cheung NV.	GD2 or HER2 targeting T cell engaging bispecific antibodies to treat osteosarcoma	Journal of hematology & oncology	2020	33303017	10.1186/s13045-020-01012-y	PMC7731630	https://pmc.ncbi.nlm.nih.gov/articles/PMC7731630/	fulltext/park_2020_pmid33303017.xml		geo:US;recent	OA_available
HER2_ERBB2	Zong H, Li X, Li Y, Wang L, Yue Y, Chen J, Ke Y, Paerhati P, Han L, Li Y, Zhu J, Zhang B.	Enhance therapeutic efficacy of BiTE (HER2/CD3) for HER2- positive tumors through &lt;i&gt;in vivo&lt;/i&gt; expression	International journal of pharmaceutics: X	2025	40919374	10.1016/j.ijpx.2025.100375	PMC12410412	https://pmc.ncbi.nlm.nih.gov/articles/PMC12410412/	fulltext/zong_2025_pmid40919374.xml		geo:China;recent	OA_available
HER2_ERBB2	Löffler AK, Huber A, Olayioye MA, Kontermann RE, Seifert O.	Trispecific eFab-eIg T-cell engagers targeting HER2 and HER3	Frontiers in immunology	2025	40936895	10.3389/fimmu.2025.1642454	PMC12420622	https://pmc.ncbi.nlm.nih.gov/articles/PMC12420622/	fulltext/lffler_2025_pmid40936895.xml		geo:Europe;recent	OA_available
HER2_ERBB2	Guo R, Chen X, Ying L, Zhang W, Sabeel Z, Zhao L, Dong J, Dong Y, Yang Z.	A novel bispecific aptamer targeting LAG3 and HER2 enhances T cell-mediated immunotherapy against HER2-positive cancer cells	Frontiers in immunology	2025	40761795	10.3389/fimmu.2025.1557910	PMC12318970	https://pmc.ncbi.nlm.nih.gov/articles/PMC12318970/	fulltext/guo_2025_pmid40761795.xml		geo:China;recent	OA_available
HER2_ERBB2	Barnes RW, Thakur A, Onengut-Gumuscu S, Lum LG, Dolatshahi S.	LAG3+ CD8+ T cell subset drives HR+/HER2- breast cancer reduction in bispecific antibody armed activated T cell therapy	Journal of immunology (Baltimore, Md. : 1950)	2025	40795300	10.1093/jimmun/vkaf155		https://doi.org/10.1093/jimmun/vkaf155			geo:US;recent	pmid_only
HER2_ERBB2	De Tavernier E, Kim PS, Bruch EM, Cortez-Retamozo VF, Timmerman L, Flynn AL, Van Overbeke W, Tirode F, Cintra Barbosa-Lorenzi V, Piepenhagen P, Dinh-Le T, Luna E, Li A, Baker A, Rak A, Pao LI, Vintém APB.	TPP-45142-an Anti-HER2 T-cell Engager-Designed for Selective HER2-Low Cancer Immunotherapy	Molecular cancer therapeutics	2026	41504346	10.1158/1535-7163.mct-25-0654	PMC13044525	https://pmc.ncbi.nlm.nih.gov/articles/PMC13044525/	fulltext/de_2026_pmid41504346.xml		geo:Europe|US;recent	OA_available
EGFR_EGFRvIII	Reusch U, Sundaram M, Davol PA, Olson SD, Davis JB, Demel K, Nissim J, Rathore R, Liu PY, Lum LG.	Anti-CD3 x anti-epidermal growth factor receptor (EGFR) bispecific antibody redirects T-cell cytolytic activity to EGFR-positive cancers in vitro and in an animal model	Clinical cancer research : an official journal of the American Association for Cancer Research	2006	16397041	10.1158/1078-0432.ccr-05-1855		https://doi.org/10.1158/1078-0432.ccr-05-1855			geo:US;preclinical_or_early	pmid_only
EGFR_EGFRvIII	Gedeon PC, Choi BD, Hodges TR, Mitchell DA, Bigner DD, Sampson JH.	An EGFRvIII-targeted bispecific T-cell engager overcomes limitations of the standard of care for glioblastoma	Expert review of clinical pharmacology	2013	23927666	10.1586/17512433.2013.811806	PMC4034273	https://pmc.ncbi.nlm.nih.gov/articles/PMC4034273/			geo:US;preclinical_or_early;review	pmid_only
EGFR_EGFRvIII	Rosenthal M, Balana C, van Linde M, Sayehli C, Fiedler W, Wermke M, Massard C, Mellinghoff I, Khasraw M, Ang A, Rasmussen E, Kast J, Stienen S, Cloughesy T.	ATIM-49 (LTBK-01). AMG 596, A NOVEL ANTI-EGFRVIII BISPECIFIC T CELL ENGAGER (BITE®) MOLECULE FOR THE TREATMENT OF GLIOBLASTOMA (GBM): PLANNED INTERIM ANALYSIS IN RECURRENT GBM (RGBM)	Neuro-oncology	2019			PMC6873614	https://pmc.ncbi.nlm.nih.gov/articles/PMC6873614/			geo:Europe|US;recent	record_only
EGFR_EGFRvIII	Sternjak A, Lee F, Thomas O, Balazs M, Wahl J, Lorenczewski G, Ullrich I, Muenz M, Rattel B, Bailis JM, Friedrich M.	Preclinical Assessment of AMG 596, a Bispecific T-cell Engager (BiTE) Immunotherapy Targeting the Tumor-specific Antigen EGFRvIII	Molecular cancer therapeutics	2021	33632870	10.1158/1535-7163.mct-20-0508		https://doi.org/10.1158/1535-7163.mct-20-0508			geo:Europe|US;recent	pmid_only
EGFR_EGFRvIII	Iurlaro R, Waldhauer I, Planas-Rigol E, Bonfill-Teixidor E, Arias A, Nicolini V, Freimoser-Grundschober A, Cuartas I, Martínez-Moreno A, Martínez-Ricarte F, Cordero E, Cicuendez M, Casalino S, Guardia-Reyes X, Fahrni L, Pöschinger T, Steinhart V, Richard M, Briner S, Mueller J, Osl F, Sam J, Colombetti S, Bacac M, Klein C, Pineda E, Reyes-Figueroa L, Di Somma A, González J, Nuciforo P, Carles J, Vieito M, Tabernero J, Umaña P, Seoane J.	A Novel EGFRvIII T-Cell Bispecific Antibody for the Treatment of Glioblastoma	Molecular cancer therapeutics	2022	35915983	10.1158/1535-7163.mct-22-0201		https://doi.org/10.1158/1535-7163.mct-22-0201			geo:China|Europe|US;recent	pmid_only
EGFR_EGFRvIII	King LA, Toffoli EC, Veth M, Iglesias-Guimarais V, Slot MC, Amsen D, van de Ven R, Derks S, Fransen MF, Tuynman JB, Riedl T, Roovers RC, Adang AEP, Ruben JM, Parren PWHI, de Gruijl TD, van der Vliet HJ.	A Bispecific γδ T-cell Engager Targeting EGFR Activates a Potent Vγ9Vδ2 T cell-Mediated Immune Response against EGFR-Expressing Tumors	Cancer immunology research	2023	37368791	10.1158/2326-6066.cir-23-0189		https://doi.org/10.1158/2326-6066.cir-23-0189			geo:Europe;recent	pmid_only
EGFR_EGFRvIII	Park DH, Bhojnagarwala PS, Liaw K, Bordoloi D, Tursi NJ, Zhao S, Binder ZA, O'Rourke D, Weiner DB.	Novel tri-specific T-cell engager targeting IL-13Rα2 and EGFRvIII provides long-term survival in heterogeneous GBM challenge and promotes antitumor cytotoxicity with patient immune cells	Journal for immunotherapy of cancer	2024	39622583	10.1136/jitc-2024-009604	PMC11624777	https://pmc.ncbi.nlm.nih.gov/articles/PMC11624777/	fulltext/park_2024_pmid39622583.xml		geo:US;recent	OA_available
EGFR_EGFRvIII	Asanuma T, Ding P, Kato Y, Nakanishi T, Asano R, Makabe K.	Evaluation of an anti-CD3 VHH and construction of an anti-CD3/anti-EGFR bispecific tandem VHH as a cancer cell targeting drug construct	Biochemistry and biophysics reports	2025	40275961	10.1016/j.bbrep.2025.102015	PMC12018060	https://pmc.ncbi.nlm.nih.gov/articles/PMC12018060/	fulltext/asanuma_2025_pmid40275961.xml		geo:Europe;recent	OA_available
EGFR_EGFRvIII	Aredo JV, Singhal S, Berry GJ, Moradi F, Wakelee HA, Myall NJ, Ramchandran KJ, Das M, Suarez CJ, Neal JW, Riess JW.	DLL3 Immunohistochemical Expression in Neuroendocrine-Transformed &lt;i&gt;EGFR&lt;/i&gt;-Mutant Lung Cancer and Two Cases of Tarlatamab Therapy	JTO clinical and research reports	2025	41256964	10.1016/j.jtocrr.2025.100913	PMC12621428	https://pmc.ncbi.nlm.nih.gov/articles/PMC12621428/	fulltext/aredo_2025_pmid41256964.xml		geo:Europe|US;recent	OA_available
EGFR_EGFRvIII	Whittle JR, Vieito M, Rohrberg K, Rodriguez-Ruiz ME, Castanon E, Mellinghoff IK, Van Linde M, Cloughesy T, Reardon DA, Chong RA, Rosenthal M, Wick A, Waldhauer I, Henkel N, Romagnoli B, Wolowski V, Dey S, Heil F, Heichinger C, Flinn N, Gou JP, Smith L, Prince F, Derks M, Roller A, Schiff C, Schneider M, Mason W.	First-in-human study of an EGFRvIII x CD3 T cell bispecific antibody in the treatment of newly diagnosed glioblastoma	Neuro-oncology advances	2025	40842640	10.1093/noajnl/vdaf160	PMC12365897	https://pmc.ncbi.nlm.nih.gov/articles/PMC12365897/	fulltext/whittle_2025_pmid40842640.xml		geo:Europe|US;recent	OA_available
EGFR_EGFRvIII	Boos MA, Seifert O, Sawall S, Genz J, Huber A, Hofmann I, Kontermann RE, Ungerechts G, Nettelbeck DM.	Oncolytic adenoviruses encoding bispecific T cell engagers or a novel trispecific T cell engager for dual-targeting of c-MET and EGFR	Molecular therapy. Oncology	2026	41552759	10.1016/j.omton.2025.201106	PMC12804148	https://pmc.ncbi.nlm.nih.gov/articles/PMC12804148/	fulltext/boos_2026_pmid41552759.xml		geo:Europe;recent	OA_available
EGFR_EGFRvIII	Guo H, Wang Y, Diao M, Han R, He T, Wu Y, Wang Q, Cheng L, Zhao C, Li X, Xiong A, Li W, Zhou F, Zhou C.	Bispecific T-cell Engager (CD3 × EGFR)-Based Triplet Therapy Unlocks CD40/CD40L Crosstalk to Revert Immunosuppression in Third-Generation EGFR-Tyrosine Kinase Inhibitor-Refractory NSCLC	Journal of thoracic oncology : official publication of the International Association for the Study of Lung Cancer	2026	41672197	10.1016/j.jtho.2026.103607		https://doi.org/10.1016/j.jtho.2026.103607			geo:China;recent	pmid_only
EGFR_EGFRvIII	Kühl L, Löffler AK, Seifert O, Michler D, Kuhlmann M, Russo G, Kuhn P, Nowack H, Frenzel A, Schirrmann T, Olayioye MA, Kontermann RE.	Novel bispecific T-cell engagers overcoming acquired EGFR resistance	mAbs	2026	42152476	10.1080/19420862.2026.2674236	PMC13192131	https://pmc.ncbi.nlm.nih.gov/articles/PMC13192131/	fulltext/khl_2026_pmid42152476.xml		geo:Europe;recent	OA_available
EGFR_EGFRvIII	Husar E, Simon S, Abdolzade-Bavil A, Augustin A, Eigenmann MJ, Freimoser-Grundschober A, Gavrilov A, Gianotti R, Gjorevski N, Godoy P, Hollenstein A, Lechmann M, Nicolini VG, Polonchuk L, Stokar-Regenscheit N, Villaseñor R, Wagner C, Waldhauer I, Walz AC.	An alternative nonclinical approach to support the first-in-human clinical trial of a T-cell bispecific targeting EGFRvIII	Journal of pharmaceutical sciences	2026	41352482	10.1016/j.xphs.2025.104112		https://doi.org/10.1016/j.xphs.2025.104112			geo:Europe|US;recent	pmid_only
DLL3	Hipp S, Voynov V, Drobits-Handl B, Giragossian C, Trapani F, Nixon AE, Scheer JM, Adam PJ.	A Bispecific DLL3/CD3 IgG-Like T-Cell Engaging Antibody Induces Antitumor Responses in Small Cell Lung Cancer	Clinical cancer research : an official journal of the American Association for Cancer Research	2020	32554516	10.1158/1078-0432.ccr-20-0926		https://doi.org/10.1158/1078-0432.ccr-20-0926			geo:Europe|US;recent	pmid_only
DLL3	Giffin MJ, Cooke K, Lobenhofer EK, Estrada J, Zhan J, Deegen P, Thomas M, Murawsky CM, Werner J, Liu S, Lee F, Homann O, Friedrich M, Pearson JT, Raum T, Yang Y, Caenepeel S, Stevens J, Beltran PJ, Canon J, Coxon A, Bailis JM, Hughes PE.	AMG 757, a Half-Life Extended, DLL3-Targeted Bispecific T-Cell Engager, Shows High Potency and Sensitivity in Preclinical Models of Small-Cell Lung Cancer	Clinical cancer research : an official journal of the American Association for Cancer Research	2021	33203642	10.1158/1078-0432.ccr-20-2845		https://doi.org/10.1158/1078-0432.ccr-20-2845			geo:Europe|US;recent	pmid_only
DLL3	Wermke M, Felip E, Gambardella V, Kuboki Y, Morgensztern D, Hamed ZO, Liu M, Studeny M, Owonikoko TK.	Phase I trial of the DLL3/CD3 bispecific T-cell engager BI 764532 in DLL3-positive small-cell lung cancer and neuroendocrine carcinomas	Future oncology (London, England)	2022	35815644	10.2217/fon-2022-0196		https://doi.org/10.2217/fon-2022-0196			geo:Europe|US;recent	pmid_only
DLL3	Paz-Ares L, Champiat S, Lai WV, Izumi H, Govindan R, Boyer M, Hummel HD, Borghaei H, Johnson ML, Steeghs N, Blackhall F, Dowlati A, Reguart N, Yoshida T, He K, Gadgeel SM, Felip E, Zhang Y, Zhang Y, Pati A, Minocha M, Mukherjee S, Goldrick A, Nagorsen D, Hashemi Sadraei N, Owonikoko TK.	Tarlatamab, a First-in-Class DLL3-Targeted Bispecific T-Cell Engager, in Recurrent Small-Cell Lung Cancer: An Open-Label, Phase I Study	Journal of clinical oncology : official journal of the American Society of Clinical Oncology	2023	36689692	10.1200/jco.22.02823	PMC10414718	https://pmc.ncbi.nlm.nih.gov/articles/PMC10414718/	fulltext/pazares_2023_pmid36689692.xml		geo:Europe|US;recent	OA_available
DLL3	Minocha M, Thompson CG, Murphy A, Zhou Y, Brandl C, Parkes A, Chen X, Yu B, Martinez P, Houk BE.	Pharmacokinetics of Tarlatamab, a Delta-Like Ligand-3 (DLL3) Targeted Half-Life Extended Bispecific T-Cell Engager (BiTE<sup>®</sup>) Immunotherapy in Adult Patients with Previously Treated Small-Cell Lung Cancer: Results from DeLLphi-300, a Phase I Multiple-Dose-Escalation Study	Clinical pharmacokinetics	2024	39589690	10.1007/s40262-024-01451-7		https://doi.org/10.1007/s40262-024-01451-7			geo:Europe|US;recent	pmid_only
DLL3	Sands JM, Champiat S, Hummel HD, Paulson KG, Borghaei H, Alvarez JB, Carbone DP, Carlisle JW, Choudhury NJ, Clarke JM, Gadgeel SM, Izumi H, Navarro A, Lau SCM, Lammers PE, Huang S, Hamidi A, Mukherjee S, Owonikoko TK.	Practical management of adverse events in patients receiving tarlatamab, a delta-like ligand 3-targeted bispecific T-cell engager immunotherapy, for previously treated small cell lung cancer	Cancer	2025	39876075	10.1002/cncr.35738	PMC11775405	https://pmc.ncbi.nlm.nih.gov/articles/PMC11775405/	fulltext/sands_2025_pmid39876075.xml		geo:Europe|US;recent;review	OA_available
DLL3	Aggarwal R, Rottey S, Bernard-Tessier A, Mellado B, Kosaka T, Stadler WM, Horvath L, Greil R, O'Neil B, Siddiqui BA, Bauernhofer T, Bilen MA, Eskens F, Sandhu S, Shaw C, Ju CH, Decato BE, Yu B, Aparicio A.	Safety and Efficacy of Tarlatamab in Patients with Neuroendocrine Prostate Cancer: Results from the Phase 1b DeLLpro-300 Study	Clinical cancer research : an official journal of the American Association for Cancer Research	2025	40689871	10.1158/1078-0432.ccr-25-1211	PMC12434391	https://pmc.ncbi.nlm.nih.gov/articles/PMC12434391/	fulltext/aggarwal_2025_pmid40689871.xml		geo:Europe|US;recent	OA_available
DLL3	Kong S, Minocha M, Chen PW, Martinez P, Anderson ES, Parkes A, Houk BE, Lin CW.	Population Pharmacokinetics of Tarlatamab, a Half-Life Extended DLL3-Directed Bispecific T-Cell Engager in Patients with Previously Treated Small Cell Lung Cancer	Clinical pharmacokinetics	2025	40261494	10.1007/s40262-025-01499-z		https://doi.org/10.1007/s40262-025-01499-z			geo:Europe|US;recent	pmid_only
DLL3	Chen S, Zhang G, He X, Li Y, Li D.	Structural and functional insights into CD3 bispecific antibodies targeting DLL3 in cancer immunotherapy	Medical oncology (Northwood, London, England)	2026	41653365	10.1007/s12032-025-03232-z		https://doi.org/10.1007/s12032-025-03232-z			geo:China|Europe;recent	pmid_only
DLL3	Kim D, Blocker S, Cavalieri CC, Cannon S, Cass AS, Olinger A, Bortka B, Gustafson B, Schepers A, Hobbs J, Blackwell L, Holman K, Widman W, Quick A, Grauer D, Lekkala MR, Huang C, Neupane P, Zhang J, Mullangi S, Schieber T.	Outcomes of Concurrent Radiotherapy With Tarlatamab in Extensive-Stage Small Cell Lung Cancer From the DLL3 PanTUMOR Database	Clinical lung cancer	2026	41748376	10.1016/j.cllc.2026.01.007		https://doi.org/10.1016/j.cllc.2026.01.007			geo:Europe|US;recent	pmid_only
DLL3	Jin X, Zhao W, Li Y, Peng H.	Post-marketing safety surveillance of tarlatamab: a real-world pharmacovigilance study based on the FAERS database	Naunyn-Schmiedeberg's archives of pharmacology	2026	41609856	10.1007/s00210-026-05028-y		https://doi.org/10.1007/s00210-026-05028-y			geo:China|US;recent	pmid_only
DLL3	Cheng R, Reddy S, Gee-Rodriguez K, Harlan R, Vakkalagadda C, Cetnar J, Silbermann R, Maziarz RT, Thawani R.	Successful Tarlatamab Rechallenge After Recurrent High-Grade Cytokine Release Syndrome in Chromothripsis-Mediated SCLC: A Case Report	JTO clinical and research reports	2026	42158272	10.1016/j.jtocrr.2026.100997	PMC13181248	https://pmc.ncbi.nlm.nih.gov/articles/PMC13181248/	fulltext/cheng_2026_pmid42158272.xml		geo:Europe;recent	OA_available
DLL3	Wang J, Takundwa R, Yang H, Chai X, Yu Y, Zhang Y, Dirnberger F, Anderson ES, Pastel M, Pundole X, Gomez-Randulfe I, Blackhall F.	Comparative efficacy of tarlatamab and second-line therapies in extensive-stage small cell lung cancer: A network meta-analysis	Lung cancer (Amsterdam, Netherlands)	2026	42229339	10.1016/j.lungcan.2026.109465		https://doi.org/10.1016/j.lungcan.2026.109465			geo:Europe|US;recent	pmid_only
DLL3	Ou Y, Zhong X, Mei M, Gu X, Luo S, Chen G, Xie X, Sun D.	Post-marketing safety of tarlatamab in small cell lung cancer based on FAERS and WHO-VigiAccess with SHAP-based interpretable machine learning analysis of immune-related adverse events	Frontiers in pharmacology	2026	42358360	10.3389/fphar.2026.1844248		https://doi.org/10.3389/fphar.2026.1844248			geo:China|Europe;recent	pmid_only
DLL3	Cooper AJ, Liang J, McDonald S, Arfe A, Bogdanska W, Ross JS, Rivera J, Clark P, Saito S, Daly B, Gainor JF, Rudin CM, Sands J, Meador CB.	Real-world multi-institution analysis of tarlatamab in patients with small cell lung cancer	Lung cancer (Amsterdam, Netherlands)	2026	41930543	10.1016/j.lungcan.2026.109390		https://doi.org/10.1016/j.lungcan.2026.109390			geo:Europe|US;recent	pmid_only
DLL3	Liu Y, Cao L, Xu M, Li N, Zhang J, Zhu M, Kuang Z, Sha H, Wu M, Xu J, Wu Z, Feng Y, Li L.	IAR025, a novel anti-DLL3 x CD3-bispecific antibody, displays high antitumor efficacy in preclinical models of small-cell lung cancer	Cancer immunology, immunotherapy : CII	2026	42189233	10.1007/s00262-026-04416-w		https://doi.org/10.1007/s00262-026-04416-w			geo:China|US;recent	pmid_only
B7H3_CD276	Liu X, Zhelev D, Adams C, Chen C, Mellors JW, Dimitrov DS.	Effective killing of cells expressing CD276 (B7-H3) by a bispecific T cell engager based on a new fully human antibody	Translational oncology	2021	34601396	10.1016/j.tranon.2021.101232	PMC8493583	https://pmc.ncbi.nlm.nih.gov/articles/PMC8493583/	fulltext/liu_2021_pmid34601396.xml		geo:China|US;recent	OA_available
B7H3_CD276	Molloy ME, Austin RJ, Lemon BD, Aaron WH, Ganti V, Jones A, Jones SD, Strobel KL, Patnaik P, Sexton K, Tatalick L, Yu TZ, Baeuerle PA, Law CL, Wesche H.	Preclinical Characterization of HPN536, a Trispecific, T-Cell-Activating Protein Construct for the Treatment of Mesothelin-Expressing Solid Tumors	Clinical cancer research : an official journal of the American Association for Cancer Research	2021	33262134	10.1158/1078-0432.ccr-20-3392		https://doi.org/10.1158/1078-0432.ccr-20-3392			geo:Europe|US;recent	pmid_only
B7H3_CD276	Zhu H, Zhang W, Guo Q, Fan R, Luo G, Liu Y.	Engineered oncolytic virus expressing B7H3-targeting BiTE enhances antitumor T-cell immune response	Journal for immunotherapy of cancer	2024	39615894	10.1136/jitc-2024-009901	PMC11624812	https://pmc.ncbi.nlm.nih.gov/articles/PMC11624812/	fulltext/zhu_2024_pmid39615894.xml		geo:China;recent	OA_available
B7H3_CD276	Liu P, Ding H, Jia S, Pang Y, Li C, Zhao T, Skudder-Hill L, Wang J, Chen H, Zhao X, Chen X, Zhang J.	Molecular Imaging of B7-H3-Targeting Bispecific T Cell-Engaging Antibody MGD009 in Glioblastoma Models	ACS applied materials & interfaces	2025	40183579	10.1021/acsami.5c01451		https://doi.org/10.1021/acsami.5c01451			geo:China|US;recent	pmid_only
B7H3_CD276	Zhou S, Hong M, Zhao D, Li W, Yuan X, Wang Y, Li H, Yang Y, Jin T, Pan J.	Reprogramming the Tumor Immune Microenvironment with ICAM-1-Targeted Antibody‒Drug Conjugates and B7-H3-CD3 Bispecific Antibodies	Advanced science (Weinheim, Baden-Wurttemberg, Germany)	2025	39996528	10.1002/advs.202415577	PMC12021053	https://pmc.ncbi.nlm.nih.gov/articles/PMC12021053/	fulltext/zhou_2025_pmid39996528.xml		geo:China|Europe|US;recent	OA_available
B7H3_CD276	Moore GL, Zeng VG, Diaz JE, Bonzon C, Avery KN, Rashid R, Qi J, Nam DH, Jacinto J, Dragovich MA, Kim YK, Balcazar KP, Bakhit CG, Eivazi A, Nguyen H, Muchhal US, Szymkowski DE, Desjarlais JR, Hedvat M.	A B7-H3-Targeted CD28 Bispecific Antibody Enhances the Activity of Anti-PD-1 and CD3 T-cell Engager Immunotherapies	Molecular cancer therapeutics	2025	39301613	10.1158/1535-7163.mct-24-0327	PMC11876962	https://pmc.ncbi.nlm.nih.gov/articles/PMC11876962/	fulltext/moore_2025_pmid39301613.xml		geo:US;recent	OA_available
B7H3_CD276	Rujirachaivej P, Siriboonpiputtana T, Choomee K, Supimon K, Sangsuwannukul T, Songprakhon P, Natungnuy K, Luangwattananun P, Yuti P, Junking M, Yenchitsomanus PT.	Engineered T cells secreting αB7-H3-αCD3 bispecific engagers for enhanced anti-tumor activity against B7-H3 positive multiple myeloma: a novel therapeutic approach	Journal of translational medicine	2025	39806405	10.1186/s12967-024-05923-z	PMC11727291	https://pmc.ncbi.nlm.nih.gov/articles/PMC11727291/	fulltext/rujirachaivej_2025_pmid39806405.xml		geo:US;recent	OA_available
B7H3_CD276	Kielbik A, Bahlinger V, Schürch CM, Barcena ML, Vakhrusheva O, Thomas A, Tsaur I, Heitmann JS, Salih HR, Hagelstein I.	B7-H3 (CD276) as Target for T Cell-Based Bispecific Antibody Therapy of Penile Cancer	ImmunoTargets and therapy	2026	42094867	10.2147/itt.s577364	PMC13142290	https://pmc.ncbi.nlm.nih.gov/articles/PMC13142290/	fulltext/kielbik_2026_pmid42094867.xml		geo:Europe;recent	OA_available
B7H3_CD276	Suita Y, Ang LS, Brasel K, Morris SM, Girard EJ, Williams AM, Chen SC, Blumenthal I, Hottmann NM, Heusser J, Mhyre AJ, DeForest CA, Moore P, Price JP, Fidel J, Olson JM.	Intratumoral B7H3:CD3 Bispecific T-cell Engager Drives Localized T-cell Accumulation in Canine Sarcoma Patients	bioRxiv	2026		10.64898/2026.05.27.728355		https://doi.org/10.64898/2026.05.27.728355			recent	record_only
B7H3_CD276	Rasic P, Samardzija G, Djuricic SM, Mitrovic N, Bogosavljevic A, Milicevic A, Soldatovic I, Stefanovic O, Krstovski N, Kuzmanovic M, Aleksic D, Redzic D, Rodic P, Lazic J, Milosevic G, Svorcan J, Radeta R, Milickovic M, Dundjerovic D.	The B7-H3/CD3 immune phenotype identifies prognostic subgroups in neuroblastoma	Frontiers in immunology	2026	42233020	10.3389/fimmu.2026.1829359	PMC13223607	https://pmc.ncbi.nlm.nih.gov/articles/PMC13223607/	fulltext/rasic_2026_pmid42233020.xml		recent	OA_available
GD2	Yankelevich M, Kondadasula SV, Thakur A, Buck S, Cheung NK, Lum LG.	Anti-CD3 × anti-GD2 bispecific antibody redirects T-cell cytolytic activity to neuroblastoma targets	Pediatric blood & cancer	2012	22707078	10.1002/pbc.24237	PMC3792711	https://pmc.ncbi.nlm.nih.gov/articles/PMC3792711/			geo:US;preclinical_or_early	pmid_only
GD2	Ruf P, Schäfer B, Eissler N, Mocikat R, Hess J, Plöscher M, Wosch S, Suckstorff I, Zehetmeier C, Lindhofer H.	Ganglioside GD2-specific trifunctional surrogate antibody Surek demonstrates therapeutic activity in a mouse melanoma model	Journal of translational medicine	2012	23134699	10.1186/1479-5876-10-219	PMC3543252	https://pmc.ncbi.nlm.nih.gov/articles/PMC3543252/	fulltext/ruf_2012_pmid23134699.xml		geo:Europe|US;preclinical_or_early	OA_available
GD2	Xu H, Cheng M, Guo H, Chen Y, Huse M, Cheung NK.	Retargeting T cells to GD2 pentasaccharide on human tumors using Bispecific humanized antibody	Cancer immunology research	2015	25542634	10.1158/2326-6066.cir-14-0230-t	PMC4351131	https://pmc.ncbi.nlm.nih.gov/articles/PMC4351131/			geo:US;preclinical_or_early	pmid_only
GD2	Deppisch N, Ruf P, Eissler N, Neff F, Buhmann R, Lindhofer H, Mocikat R.	Efficacy and Tolerability of a GD2-Directed Trifunctional Bispecific Antibody in a Preclinical Model: Subcutaneous Administration Is Superior to Intravenous Delivery	Molecular cancer therapeutics	2015	26063765	10.1158/1535-7163.mct-15-0156		https://doi.org/10.1158/1535-7163.mct-15-0156			geo:Europe;preclinical_or_early	pmid_only
GD2	Cheng M, Ahmed M, Xu H, Cheung NK.	Structural design of disialoganglioside GD2 and CD3-bispecific antibodies to redirect T cells for tumor therapy	International journal of cancer	2015	24895182	10.1002/ijc.29007	PMC4517675	https://pmc.ncbi.nlm.nih.gov/articles/PMC4517675/			geo:US;preclinical_or_early	pmid_only
GD2	Hoseini SS, Dobrenkov K, Pankov D, Xu XL, Cheung NK.	Bispecific antibody does not induce T-cell death mediated by chimeric antigen receptor against disialoganglioside GD2	Oncoimmunology	2017	28680755	10.1080/2162402x.2017.1320625	PMC5486173	https://pmc.ncbi.nlm.nih.gov/articles/PMC5486173/	fulltext/hoseini_2017_pmid28680755.xml		geo:US;recent	OA_available
GD2	Zirngibl F, Ivasko SM, Grunewald L, Klaus A, Schwiebert S, Ruf P, Lindhofer H, Astrahantseff K, Andersch L, Schulte JH, Lode HN, Eggert A, Anders K, Hundsdoerfer P, Künkele A.	GD2-directed bispecific trifunctional antibody outperforms dinutuximab beta in a murine model for aggressive metastasized neuroblastoma	Journal for immunotherapy of cancer	2021	34285106	10.1136/jitc-2021-002923	PMC8292814	https://pmc.ncbi.nlm.nih.gov/articles/PMC8292814/	fulltext/zirngibl_2021_pmid34285106.xml		geo:Europe;recent	OA_available
GD2	Nakajima M, Guo HF, Hoseini SS, Suzuki M, Xu H, Cheung NV.	Potent antitumor effect of T cells armed with anti-GD2 bispecific antibody	Pediatric blood & cancer	2021	33844437	10.1002/pbc.28971	PMC9347186	https://pmc.ncbi.nlm.nih.gov/articles/PMC9347186/			geo:US;recent	pmid_only
GD2	Ivasko SM, Anders K, Grunewald L, Launspach M, Klaus A, Schwiebert S, Ruf P, Lindhofer H, Lode HN, Andersch L, Schulte JH, Eggert A, Hundsdoerfer P, Künkele A, Zirngibl F.	Combination of GD2-directed bispecific trifunctional antibody therapy with Pd-1 immune checkpoint blockade induces anti-neuroblastoma immunity in a syngeneic mouse model	Frontiers in immunology	2022	36700232	10.3389/fimmu.2022.1023206	PMC9869131	https://pmc.ncbi.nlm.nih.gov/articles/PMC9869131/	fulltext/ivasko_2022_pmid36700232.xml		geo:Europe;recent	OA_available
GD2	Arendt AM, Heubach F, Maier CP, Giardino S, Jung G, Kowalewski E, Rabsteyn A, Amorelli G, Seitz C, Schlegel P, Handgretinger R, Lang P.	Targeting GD2 after allogeneic SCT: effector cell composition defines the optimal use of ch14.18 and the bispecific antibody construct NG-CU (GD2-CD3)	Cancer immunology, immunotherapy : CII	2023	37742286	10.1007/s00262-023-03536-x	PMC10576705	https://pmc.ncbi.nlm.nih.gov/articles/PMC10576705/	fulltext/arendt_2023_pmid37742286.xml		geo:Europe;recent	OA_available
GD2	Yankelevich M, Thakur A, Modak S, Chu R, Taub J, Martin A, Schalk DL, Schienshang A, Whitaker S, Rea K, Lee DW, Liu Q, Shields A, Cheung N, Lum LG.	Targeting GD2-positive Refractory/Resistant Neuroblastoma and Osteosarcoma with Anti- CD3 x Anti-GD2 Bispecific Antibody Armed T cells	Research Square	2023		10.21203/rs.3.rs-3570311/v1		https://doi.org/10.21203/rs.3.rs-3570311/v1			recent	record_only
GD2	Yankelevich M, Thakur A, Modak S, Chu R, Taub J, Martin A, Schalk D, Schienshang A, Whitaker S, Rea K, Lee DW, Liu Q, Shields AF, Cheung NV, Lum LG.	Targeting refractory/recurrent neuroblastoma and osteosarcoma with anti-CD3×anti-GD2 bispecific antibody armed T cells	Journal for immunotherapy of cancer	2024	38519053	10.1136/jitc-2023-008744	PMC10961524	https://pmc.ncbi.nlm.nih.gov/articles/PMC10961524/	fulltext/yankelevich_2024_pmid38519053.xml		geo:US;recent	OA_available
GD2	Kitidee K, Amonyingcharoen S, Preedagasamzin S, Atjanasuppat K, Sawaisorn P, Srimorkun P, Petvises S, Chaicumpa W, Borwornpinyo S, Anurathapan U, Hongeng S.	Combining CD3/GD2 bispecific T cell engager with human Vγ9Vδ2 T cells facilitates neuroblastoma cell targeting and killing in vitro	PloS one	2025	40489497	10.1371/journal.pone.0325389	PMC12148185	https://pmc.ncbi.nlm.nih.gov/articles/PMC12148185/	fulltext/kitidee_2025_pmid40489497.xml		geo:US;recent	OA_available
GD2	Sawasdee N, Panya A, Sujjitjoon J, Yenchitsomanus PT, Thepmalee C.	Harnessing a bispecific αGD2 × αCD3 protein engager to target GD2-overexpressing lung tumors	Scientific reports	2026	41807526	10.1038/s41598-026-42885-2	PMC13096118	https://pmc.ncbi.nlm.nih.gov/articles/PMC13096118/	fulltext/sawasdee_2026_pmid41807526.xml		recent	OA_available
Claudin18_2	Zhu G, Foletti D, Liu X, Ding S, Melton Witt J, Hasa-Moreno A, Rickert M, Holz C, Aschenbrenner L, Yang AH, Kraynov E, Evering W, Obert L, Lee C, Sai T, Mistry T, Lindquist KC, Van Blarcom T, Strop P, Chaparro-Riggers J, Liu SH.	Targeting CLDN18.2 by CD3 Bispecific and ADC Modalities for the Treatments of Gastric and Pancreatic Cancer	Scientific reports	2019	31182754	10.1038/s41598-019-44874-0	PMC6557842	https://pmc.ncbi.nlm.nih.gov/articles/PMC6557842/	fulltext/zhu_2019_pmid31182754.xml		geo:US;recent	OA_available
Claudin18_2	Zhu G, Foletti D, Liu X, Ding S, Melton Witt J, Hasa-Moreno A, Rickert M, Holz C, Aschenbrenner L, Yang AH, Kraynov E, Evering W, Obert L, Lee C, Sai T, Mistry T, Lindquist KC, Van Blarcom T, Strop P, Chaparro-Riggers J, Liu SH.	Author Correction: Targeting CLDN18.2 by CD3 Bispecific and ADC Modalities for the Treatments of Gastric and Pancreatic Cancer	Scientific reports	2019	31700121	10.1038/s41598-019-53130-4	PMC6838164	https://pmc.ncbi.nlm.nih.gov/articles/PMC6838164/	fulltext/zhu_2019_pmid31700121.xml		geo:US;recent	OA_available
Claudin18_2	Liang J, Zhang H, Huang Y, Fan L, Li F, Li M, Yan Y, Zhang J, Li Z, Yang X.	A CLDN18.2-Targeting Bispecific T Cell Co-Stimulatory Activator for Cancer Immunotherapy	Cancer management and research	2021	34522140	10.2147/cmar.s330637	PMC8434866	https://pmc.ncbi.nlm.nih.gov/articles/PMC8434866/	fulltext/liang_2021_pmid34522140.xml		geo:China;recent	OA_available
Claudin18_2	Xu G, Qian N, Liu Y, Li H, Yang C, Wang J, Wang F, Chen L, Bai G, Xu Q, Pan X, Gao X.	Preclinical characterization of a Fab-like CD3/CLDN18.2 XFab® bispecific antibody against solid tumors	Immunobiology	2022	36198215	10.1016/j.imbio.2022.152283		https://doi.org/10.1016/j.imbio.2022.152283			geo:China;recent	pmid_only
Claudin18_2	Xu Y, Fu J, Henderson M, Lee F, Jurcak N, Henn A, Wahl J, Shao Y, Wang J, Lyman M, Funes V, Espinoza B, Zhang R, Washington I, Chen SY, Zlomke H, Wang J, Niu N, Li P, Meng F, Burns W, Friedrich M, Stienen S, Bailis JM, Zheng L.	CLDN18.2 BiTE Engages Effector and Regulatory T Cells for Antitumor Immune Response in Preclinical Models of Pancreatic Cancer	Gastroenterology	2023	37507075	10.1053/j.gastro.2023.06.037	PMC11008763	https://pmc.ncbi.nlm.nih.gov/articles/PMC11008763/			geo:China|Europe|US;recent	pmid_only
Claudin18_2	Gao J, Wang Z, Jiang W, Zhang Y, Meng Z, Niu Y, Sheng Z, Chen C, Liu X, Chen X, Liu C, Jia K, Zhang C, Liao H, Jung J, Sung E, Chung H, Zhang JZ, Zhu AX, Shen L.	CLDN18.2 and 4-1BB bispecific antibody givastomig exerts antitumor activity through CLDN18.2-expressing tumor-directed T-cell activation	Journal for immunotherapy of cancer	2023	37364935	10.1136/jitc-2023-006704	PMC10410885	https://pmc.ncbi.nlm.nih.gov/articles/PMC10410885/	fulltext/gao_2023_pmid37364935.xml		geo:China|US;recent	OA_available
Claudin18_2	Ma Z, Zhou Z, Duan W, Yao G, Sheng S, Zong S, Zhang X, Li C, Liu Y, Ou F, Dahar MR, Huang Y, Yu L.	DR30318, a novel tri-specific T cell engager for Claudin 18.2 positive cancers immunotherapy	Cancer immunology, immunotherapy : CII	2024	38554200	10.1007/s00262-024-03673-x	PMC10981630	https://pmc.ncbi.nlm.nih.gov/articles/PMC10981630/	fulltext/ma_2024_pmid38554200.xml		geo:China|US;recent	OA_available
Claudin18_2	Zhou T, Hou X, Yan J, Li L, Xie Y, Bai W, Jiang W, Zou Y, Li X, Liu Z, Zhang Z, Xu B, Mao G, Wang Y, Gao S, Wang X, Zhao T, Wang H, Sun H, Zhang X, Yu J, Huang C, Liu J, Hao J.	CD64&lt;sup&gt;+&lt;/sup&gt; fibroblast-targeted vilanterol and a STING agonist augment CLDN18.2 BiTEs efficacy against pancreatic cancer by reducing desmoplasia and enriching stem-like CD8&lt;sup&gt;+&lt;/sup&gt; T cells	Gut	2024	39187291	10.1136/gutjnl-2024-332371		https://doi.org/10.1136/gutjnl-2024-332371			geo:China;recent	pmid_only
Claudin18_2	Gaspar M, Natoli M, Castan L, Rahmy S, Korade M, Kelton C, Mulgrew K, Huhn O, Rees DG, Sigurdardottir A, Lloyd C, Taylor JJ, Brailey PM, Dallaway L, Toloczko A, Giraldo N, Broggi MAS, Kunihiro A, Abhishek S, He Y, Rong Y, Eyles J, Ball K, Fitzgerald J, Hammond SA, Cemerski S, Dovedi SJ, Cobbold M.	An affinity-modulated T cell engager targeting Claudin 18.2 shows potent anti-tumor activity with limited cytokine release	Journal for immunotherapy of cancer	2025	40759445	10.1136/jitc-2025-011857	PMC12323529	https://pmc.ncbi.nlm.nih.gov/articles/PMC12323529/	fulltext/gaspar_2025_pmid40759445.xml		geo:China|US;recent	OA_available
Claudin18_2	Ku G, Shen L, Dayyani F, Kratz J, Liang X, Liu F, Wang Z, Feller L, Girda E, Pan H, Kim S, Deng Y, Deng T, Liu T, Powderly J, Spencer K, Schneider R, Berlin J, Xu CC, Ahlers CM, Liu X, Chung JK, Sabbatini P, Park J, Lim Y, Jeon J, Meng Y, Klempner SJ.	A First-in-Human Study of Givastomig, a CLDN18.2 and 4-1BB Bispecific Antibody, as Monotherapy in Patients with CLDN18.2-Positive Advanced or Metastatic Solid Tumors	Clinical cancer research : an official journal of the American Association for Cancer Research	2025	40586719	10.1158/1078-0432.ccr-24-4280	PMC12582174	https://pmc.ncbi.nlm.nih.gov/articles/PMC12582174/	fulltext/ku_2025_pmid40586719.xml		geo:China|US;recent	OA_available
Claudin18_2	Zhu Y, Liu X, Zhang C, Zhou S, Ye D, Tang Q, Xiao H, Bi F.	The claudin-18.2-CD3 bispecific antibody IBI389 exerts an antitumor effect on malignant tumors with positive claudin-18.2 expression by promoting T-cell infiltration and remodeling the tumor immune microenvironment	Translational cancer research	2026	41969434	10.21037/tcr-2026-0474	PMC13067181	https://pmc.ncbi.nlm.nih.gov/articles/PMC13067181/	fulltext/zhu_2026_pmid41969434.xml		geo:China;recent	OA_available
Claudin18_2	Liu S, Felsenstein M, Liu S, Sauer IM, Ashraf MI.	Targeting the stromal-immune barrier: A novel strategy to overcome resistance to CLDN18.2/CD3 bispecific T-cell engager therapy in pancreatic cancer	Cancer letters	2026	41519462	10.1016/j.canlet.2026.218248		https://doi.org/10.1016/j.canlet.2026.218248			geo:Europe|US;recent	pmid_only
Claudin18_2	Chu H, Xu G, Liu Y, Qian N, Li Y, Liu Y, Pan X, Gao X, Ou L, Lv J, Song H.	Preclinical Evaluation of AHT-102, a CLDN18.2 × CD3 Bispecific Antibody: Pharmacokinetics, Anti-Tumor Efficacy, Tissue Distribution, and Safety Profile	Drugs in R&D	2026	41746497	10.1007/s40268-026-00535-y	PMC13076708	https://pmc.ncbi.nlm.nih.gov/articles/PMC13076708/	fulltext/chu_2026_pmid41746497.xml		geo:China;recent	OA_available
Mesothelin_MUC_PSCA	Suurs FV, Lorenczewski G, Bailis JM, Stienen S, Friedrich M, Lee F, van der Vegt B, de Vries EGE, de Groot DA, Lub-de Hooge MN.	Mesothelin/CD3 half-life extended bispecific T-cell engager molecule shows specific tumor uptake and distributes to mesothelin and CD3 expressing tissues	Journal of nuclear medicine : official publication, Society of Nuclear Medicine	2021	33931466	10.2967/jnumed.120.259036	PMC8612194	https://pmc.ncbi.nlm.nih.gov/articles/PMC8612194/			geo:Europe;recent	pmid_only
Mesothelin_MUC_PSCA	Gopalakrishnapillai A, Correnti CE, Pilat K, Lin I, Chan MK, Bandaranayake AD, Mehlin C, Kisielewski A, Hamill D, Kaeding AJ, Meshinchi S, Olson JM, Kolb EA, Barwe SP.	Immunotherapeutic Targeting of Mesothelin Positive Pediatric AML Using Bispecific T Cell Engaging Antibodies	Cancers	2021	34885074	10.3390/cancers13235964	PMC8657033	https://pmc.ncbi.nlm.nih.gov/articles/PMC8657033/	fulltext/gopalakrishnapillai_2021_pmid34885074.xml		geo:Europe|US;recent	OA_available
Mesothelin_MUC_PSCA	Yeku OO, Rao TD, Laster I, Kononenko A, Purdon TJ, Wang P, Cui Z, Liu H, Brentjens RJ, Spriggs D.	Bispecific T-Cell Engaging Antibodies Against MUC16 Demonstrate Efficacy Against Ovarian Cancer in Monotherapy and in Combination With PD-1 and VEGF Inhibition	Frontiers in immunology	2021	33936101	10.3389/fimmu.2021.663379	PMC8079980	https://pmc.ncbi.nlm.nih.gov/articles/PMC8079980/	fulltext/yeku_2021_pmid33936101.xml		geo:US;recent	OA_available
Mesothelin_MUC_PSCA	Wang Q, Ma X, Wu H, Zhao C, Chen J, Li R, Yan S, Li Y, Zhang Q, Song K, Yuan C, Kong B.	Oncolytic adenovirus with MUC16-BiTE shows enhanced antitumor immune response by reversing the tumor microenvironment in PDX model of ovarian cancer	Oncoimmunology	2022	35800156	10.1080/2162402x.2022.2096362	PMC9255048	https://pmc.ncbi.nlm.nih.gov/articles/PMC9255048/	fulltext/wang_2022_pmid35800156.xml		geo:China;recent	OA_available
Mesothelin_MUC_PSCA	Snell D, Gunde T, Warmuth S, Chatterjee B, Brock M, Hess C, Johansson M, Simonin A, Spiga FM, Weinert C, Kirk N, Bassler N, Campos Carrascosa L, Flückiger N, Heiz R, Wagen S, Giezendanner N, Alberti A, Yaman Y, Mahler D, Diem D, Lichtlen P, Urech D.	An engineered T-cell engager with selectivity for high mesothelin-expressing cells and activity in the presence of soluble mesothelin	Oncoimmunology	2023	37456982	10.1080/2162402x.2023.2233401		https://doi.org/10.1080/2162402x.2023.2233401			geo:Europe|US;recent	pmid_only
Mesothelin_MUC_PSCA	Fang J, Lai S, Yu H, Ma L.	Suppression of MUC1-Overexpressing Tumors by a Novel MUC1/CD3 Bispecific Antibody	Antibodies (Basel, Switzerland)	2023	37489369	10.3390/antib12030047	PMC10366937	https://pmc.ncbi.nlm.nih.gov/articles/PMC10366937/	fulltext/fang_2023_pmid37489369.xml		geo:China|Europe;recent	OA_available
Mesothelin_MUC_PSCA	Grasso L, Jiang Q, Hassan R, Nicolaides NC, Kline JB.	NAV-003, a bispecific antibody targeting a unique mesothelin epitope and CD3ε with improved cytotoxicity against humoral immunosuppressed tumors	European journal of immunology	2023	37146241	10.1002/eji.202250309	PMC10524251	https://pmc.ncbi.nlm.nih.gov/articles/PMC10524251/			geo:US;recent	pmid_only
Mesothelin_MUC_PSCA	Zhu M, Madia P, Crawford A, Brouwer-Visser J, Krueger P, Haber L, Peterman M, Uldrick TS, Miller E, Davis JD, Retter MW.	Translational findings support regimen selection for first-in-human study of ubamatamab (MUC16 × CD3 bispecific antibody) in patients with recurrent ovarian cancer	Clinical and translational science	2024	39652449	10.1111/cts.70082	PMC11627180	https://pmc.ncbi.nlm.nih.gov/articles/PMC11627180/	fulltext/zhu_2024_pmid39652449.xml		geo:US;recent	OA_available
Mesothelin_MUC_PSCA	Smans K, Nesspor T, De Breucker S, van Heerde E, Valckx A, Van Slycken N, Sproesser K, Mattson Cypert B, Packman K, Chu G, Fisher J, Mazzanti N, Petley T, Chan W, Del Rosario B, Liu T, Ember S, Shaffer PL, Clawson JS, Bauml JM, Moores S, Laquerre S, Gavine PR.	JNJ-79032421, a Novel Membrane-restricted Mesothelin-targeting T-cell-engaging Bispecific Antibody for the Treatment of Mesothelin-positive Cancers	Molecular cancer therapeutics	2026	41773493	10.1158/1535-7163.mct-25-0665		https://doi.org/10.1158/1535-7163.mct-25-0665			geo:Europe|US;recent	pmid_only
solid_tumor_other	Gohil SH, Evans R, Harasser M, El-Kholy M, Paredes-Moscosso SR, Della Peruta M, Nathwani AC.	Ibrutinib enhances the efficacy of ROR1 bispecific T cell engager mediated cytotoxicity in chronic lymphocytic leukaemia	British journal of haematology	2019	30957227	10.1111/bjh.15911		https://doi.org/10.1111/bjh.15911			geo:Europe;recent	pmid_only
solid_tumor_other	Sam J, Colombetti S, Fauti T, Roller A, Biehl M, Fahrni L, Nicolini V, Perro M, Nayak T, Bommer E, Schoenle A, Karagianni M, Le Clech M, Steinhoff N, Klein C, Umaña P, Bacac M.	Combination of T-Cell Bispecific Antibodies With PD-L1 Checkpoint Inhibition Elicits Superior Anti-Tumor Activity	Frontiers in oncology	2020	33330050	10.3389/fonc.2020.575737	PMC7735156	https://pmc.ncbi.nlm.nih.gov/articles/PMC7735156/	fulltext/sam_2020_pmid33330050.xml		geo:Europe;recent	OA_available
solid_tumor_other	Harper T, Sharma A, Kaliyaperumal S, Fajardo F, Hsu K, Liu L, Davies R, Wei YL, Zhan J, Estrada J, Kvesic M, Nahrwold L, Deisting W, Panzer M, Cooke K, Lebrec H, Nolan-Stevaux O.	Characterization of an Anti-CD70 Half-Life Extended Bispecific T-Cell Engager (HLE-BiTE) and Associated On-Target Toxicity in Cynomolgus Monkeys	Toxicological sciences : an official journal of the Society of Toxicology	2022	35583313	10.1093/toxsci/kfac052		https://doi.org/10.1093/toxsci/kfac052			geo:Europe|US;recent	pmid_only
solid_tumor_other	Riillo C, Polerà N, Di Martino MT, Juli G, Hokanson CA, Odineca T, Signorelli S, Grillone K, Ascrizzi S, Mancuso A, Staropoli N, Caparello B, Cerra M, Nisticò G, Tagliaferri P, Crea R, Caracciolo D, Tassone P.	A Pronectin™ AXL-targeted first-in-class bispecific T cell engager (pAXLxCD3ε) for ovarian cancer	Journal of translational medicine	2023	37143061	10.1186/s12967-023-04101-x	PMC10161629	https://pmc.ncbi.nlm.nih.gov/articles/PMC10161629/	fulltext/riillo_2023_pmid37143061.xml		geo:Europe|US;recent	OA_available
solid_tumor_other	Wang Y, Zhang Y, Sun H, Chen J, Yang H, Zhong Z, Xiao X, Li Y, Tang Y, Lu H, Tang X, Zhang M, Wu W, Zhou S, Yang J.	Antitumor activity of a ROR1 × CD3 bispecific antibody in non-small cell lung cancer	International immunopharmacology	2023	37499397	10.1016/j.intimp.2023.110686		https://doi.org/10.1016/j.intimp.2023.110686			geo:China;recent	pmid_only
solid_tumor_other	Nelson MH, Fritzell S, Miller R, Werchau D, Van Citters D, Nilsson A, Misher L, Ljung L, Bader R, Deronic A, Chunyk AG, Schultz L, Varas LA, Rose N, Håkansson M, Gross J, Furebring C, Pavlik P, Sundstedt A, Veitonmäki N, Ramos HJ, Säll A, Dahlman A, Bienvenue D, von Schantz L, McMahan CJ, Askmyr M, Hernandez-Hoyos G, Ellmark P.	The Bispecific Tumor Antigen-Conditional 4-1BB x 5T4 Agonist, ALG.APV-527, Mediates Strong T-Cell Activation and Potent Antitumor Activity in Preclinical Studies	Molecular cancer therapeutics	2023	36343381	10.1158/1535-7163.mct-22-0395	PMC9808321	https://pmc.ncbi.nlm.nih.gov/articles/PMC9808321/	fulltext/nelson_2023_pmid36343381.xml		geo:Europe|US;recent	OA_available
solid_tumor_other	Zhou X, Geyer FK, Happel D, Takimoto J, Kolmar H, Rabinovich B.	Using protein geometry to optimize cytotoxicity and the cytokine window of a ROR1 specific T cell engager	Frontiers in immunology	2024	38455046	10.3389/fimmu.2024.1323049	PMC10917902	https://pmc.ncbi.nlm.nih.gov/articles/PMC10917902/	fulltext/zhou_2024_pmid38455046.xml		geo:Europe|US;recent	OA_available
solid_tumor_other	Zhou L, Li Y, Zheng D, Zheng Y, Cui Y, Qin L, Tang Z, Peng D, Wu Q, Long Y, Yao Y, Wong N, Lau J, Li P.	Bispecific CAR-T cells targeting FAP and GPC3 have the potential to treat hepatocellular carcinoma	Molecular therapy. Oncology	2024	38882528	10.1016/j.omton.2024.200817	PMC11179089	https://pmc.ncbi.nlm.nih.gov/articles/PMC11179089/	fulltext/zhou_2024_pmid38882528.xml		geo:China;recent	OA_available
solid_tumor_other	Lin YC, Chen MC, Huang SW, Chen Y, Ho JH, Lin FY, Tan XT, Chiang HC, Huang CC, Tu CY, Cho DY, Chiu SC.	Targeting Dual Immune Checkpoints PD-L1 and HLA-G by Trispecific T Cell Engager for Treating Heterogeneous Lung Cancer	Advanced science (Weinheim, Baden-Wurttemberg, Germany)	2024	39234811	10.1002/advs.202309697	PMC11538689	https://pmc.ncbi.nlm.nih.gov/articles/PMC11538689/	fulltext/lin_2024_pmid39234811.xml		geo:China|Europe|US;recent	OA_available
solid_tumor_other	Wang F, Li W, Han G, Xie J, Bai X.	A ROR1 targeted bispecific T cell engager shows high potency in the pre-clinical model of triple negative breast cancer	Breast cancer research : BCR	2025	40165319	10.1186/s13058-025-02005-w	PMC11956192	https://pmc.ncbi.nlm.nih.gov/articles/PMC11956192/	fulltext/wang_2025_pmid40165319.xml		geo:China|US;recent	OA_available
solid_tumor_other	Huang RR, Spliedt M, Kaufman T, Gorlatov S, Barat B, Shah K, Gill J, Stahl K, DiChiara J, Wang Q, Li JC, Alderson R, Moore PA, Brown JG, Tamura J, Zhang X, Bonvini E, Diedrich G.	A Strategy for Simultaneous Engineering of Interspecies Cross-Reactivity, Thermostability, and Expression of a Bispecific 5T4 x CD3 DART<sup>®</sup> Molecule for Treatment of Solid Tumors	Antibodies (Basel, Switzerland)	2025	39846615	10.3390/antib14010007	PMC11755548	https://pmc.ncbi.nlm.nih.gov/articles/PMC11755548/	fulltext/huang_2025_pmid39846615.xml		geo:Europe|US;recent	OA_available
solid_tumor_other	Diamanti P, Bailey BK, Iheanacho OE, Moppett JP, Nathwani AC, Blair A.	Expression and treatment of ROR1+ cells with bispecific T-cell engagers in pediatric acute lymphoblastic leukemia	Blood advances	2025	40238899	10.1182/bloodadvances.2024013814	PMC12246702	https://pmc.ncbi.nlm.nih.gov/articles/PMC12246702/	fulltext/diamanti_2025_pmid40238899.xml		geo:Europe;recent	OA_available
solid_tumor_other	de Jong M, Žiberna R, Veth M, Michielon E, Myrda J, Seidel J, Akbarzadeh M, van Helden PM, Vis AN, Derks S, Lameris R, de Gruijl TD, van der Vliet HJ.	A trophoblast glycoprotein specific 5T4-Vδ2 bispecific T cell engager recruits Vγ9Vδ2-T cells for tumor-selective cytotoxicity across solid malignancies	Clinical immunology (Orlando, Fla.)	2026	41999960	10.1016/j.clim.2026.110707		https://doi.org/10.1016/j.clim.2026.110707			geo:Europe|US;recent	pmid_only
solid_tumor_other	Liu S, Ren Z, Tu Y, Chen P, Zhang Y, Zhao S, Chen X, Deng H, Yang S, Qu F, Zhang M, Gou L, Li Q, Huang Y, Ma F, Yang J.	FTL008.16, a 5T4-Conditional 4-1BB bispecific antibody, potently enhances antitumor immunity via tumor-directed t-cell activation	Oncoimmunology	2026	42268792	10.1080/2162402x.2026.2684136	PMC13271331	https://pmc.ncbi.nlm.nih.gov/articles/PMC13271331/	fulltext/liu_2026_pmid42268792.xml		geo:China;recent	OA_available
cart_tce_combination	Cao G, Zhang G, Liu M, Liu J, Wang Q, Zhu L, Wan X.	GPC3-targeted CAR-T cells secreting B7H3-targeted BiTE exhibit potent cytotoxicity activity against hepatocellular carcinoma cell in the in vitro assay	Biochemistry and biophysics reports	2022	36032401	10.1016/j.bbrep.2022.101324	PMC9399963	https://pmc.ncbi.nlm.nih.gov/articles/PMC9399963/	fulltext/cao_2022_pmid36032401.xml		geo:China;recent	OA_available
cart_tce_combination	Mun SS, Peraro L, Meyerberg J, Korontsvit T, Malviya M, Gardner T, Kyi C, O’Cearbhaill RE, Liu C, Dao T, Scheinberg DA.	Dual targeting ovarian cancer by Muc16 CAR-T cells secreting a bispecific T cell engager antibody for an intracellular tumor antigen WT1	Research Square	2023		10.21203/rs.3.rs-2887299/v1		https://doi.org/10.21203/rs.3.rs-2887299/v1			recent	record_only
cart_tce_combination	Pascual-Pasto G, McIntyre B, Hines MG, Giudice AM, Garcia-Gerique L, Hoffmann J, Mishra P, Matlaga S, Lombardi S, Shraim R, Schürch PM, Yarmarkovich M, Hofmann TJ, Alikarami F, Martinez D, Tsang M, Gil-de-Gómez L, Spear TT, Bernt KM, Wolpaw AJ, Dimitrov DS, Li W, Bosse KR.	CAR T-cell-mediated delivery of bispecific innate immune cell engagers for neuroblastoma	Nature communications	2024	39164224	10.1038/s41467-024-51337-2	PMC11336212	https://pmc.ncbi.nlm.nih.gov/articles/PMC11336212/	fulltext/pascualpasto_2024_pmid39164224.xml		geo:Europe|US;recent	OA_available
cart_tce_combination	Wehrli M, Guinn S, Birocchi F, Kuo A, Sun Y, Larson RC, Almazan AJ, Scarfò I, Bouffard AA, Bailey SR, Anekal PV, Montero Llopis P, Nieman LT, Song Y, Xu KH, Berger TR, Kann MC, Leick MB, Silva H, Salas-Benito D, Kienka T, Grauwet K, Armstrong TD, Zhang R, Zhu Q, Fu J, Schmidts A, Korell F, Jan M, Choi BD, Liss AS, Boland GM, Ting DT, Burkhart RA, Jenkins RW, Zheng L, Jaffee EM, Zimmerman JW, Maus MV.	Mesothelin CAR T Cells Secreting Anti-FAP/Anti-CD3 Molecules Efficiently Target Pancreatic Adenocarcinoma and its Stroma	Clinical cancer research : an official journal of the American Association for Cancer Research	2024	38393682	10.1158/1078-0432.ccr-23-3841	PMC11062832	https://pmc.ncbi.nlm.nih.gov/articles/PMC11062832/			geo:US;recent	pmid_only
cart_tce_combination	Saliu MA, Wang Q, Salisu MD, Ren Y, Zhang P, Suleiman RB, Cao B, Xu Y, Liu X, Lluis F, Liu M, Wan X.	Mesothelin-targeted CAR-T cells secreting NKG2D-BiTEs exhibit potent efficacy against triple-negative breast cancer	Experimental hematology & oncology	2025	40033418	10.1186/s40164-025-00621-y	PMC11874698	https://pmc.ncbi.nlm.nih.gov/articles/PMC11874698/	fulltext/saliu_2025_pmid40033418.xml		geo:China|Europe|US;recent	OA_available
cart_tce_combination	Arroyo-Ródenas J, Falgas A, Díez-Alonso L, Martinez-Moreno A, Roca-Ho H, Gil-Etayo FJ, Pérez-Pons A, Aguilar-Sopeña Ó, Velasco-Sidro M, Gómez-Rosel M, Jiménez-Matías B, Muñoz-Sánchez G, Pacheco Y, Bravo-Martín C, Ramírez-Fernández Á, Jiménez-Reinoso A, González-Navarro EA, Juan M, Orfao A, Blanco B, Roda-Navarro P, Bueno C, Menéndez P, Álvarez-Vallina L.	CD22 CAR-T cells secreting CD19 T-cell engagers for improved control of B-cell acute lymphoblastic leukemia progression	Journal for immunotherapy of cancer	2025	40306957	10.1136/jitc-2024-009048	PMC12049870	https://pmc.ncbi.nlm.nih.gov/articles/PMC12049870/	fulltext/arroyordenas_2025_pmid40306957.xml		geo:Europe|US;recent	OA_available
cart_tce_combination	Silva HJ, Martin G, Birocchi F, Wehrli M, Kann MC, Supper V, Parker A, Graham C, Bratt A, Bouffard A, Donner H, Escobar G, Takei H, Armstrong A, Goncalves S, Berger TR, Choi BD, Maus MV, Leick MB.	CD70 CAR T cells secreting an anti-CD33/anti-CD3 dual-targeting antibody overcome antigen heterogeneity in AML	Blood	2025	39571145	10.1182/blood.2023023210	PMC11863708	https://pmc.ncbi.nlm.nih.gov/articles/PMC11863708/			geo:US;recent	pmid_only
cart_tce_combination	Zhang Z, Yang N, Zeng H, Chen Y, Lu H, Xu L, Wang Z, Wang G, Zhou L, Tong A.	B7 homolog 3-targeted CAR-T cells secreting EGFR T-cell engagers for improved control of glioblastoma progression	Molecular biomedicine	2026	42301527	10.1186/s43556-026-00492-7	PMC13272847	https://pmc.ncbi.nlm.nih.gov/articles/PMC13272847/	fulltext/zhang_2026_pmid42301527.xml		geo:China;recent	OA_available
cart_tce_combination	Huang SW, Lin YC, Pan CM, Chen Y, Shie MY, Chen CY, Kan KW, Chen YW, Liu MC, Wu CC, Chiang YT, Ho HP, Lin CY, Lin PY, Huang YH, Rusli S, Mao WY, Huang PW, Wang ST, Tsai WC, Chiu YH, Lin TH, Chiang WL, Chang CK, Lai ZL, Chen MC, Chiu SC, Cho DY.	CD3ɛ Nanobody-Engineered Extracellular Vesicles Driving In Vivo Generation of TCE-secreting CAR-Ts for Solid Tumor Therapy With Memory Response and Minimal Immunogenicity	Advanced science (Weinheim, Baden-Wurttemberg, Germany)	2026	41632088	10.1002/advs.202519440	PMC13045241	https://pmc.ncbi.nlm.nih.gov/articles/PMC13045241/	fulltext/huang_2026_pmid41632088.xml		geo:China|Europe;recent	OA_available
