axis	evidence	disease	manufacturing	engineered	authors	title	venue	year	cited	pmid	doi	pmcid	url	local_fulltext	status
nk_phenotype_states	preclinical	pan-cancer	yes	yes	Gao Y, Souza-Fonseca-Guimaraes F, Bald T, Ng SS, Young A, Ngiow SF, Rautela J, Straube J, Waddell N, Blake SJ, Yan J, Bartholin L, Lee JS, Vivier E, Takeda K, Messaoudene M, Zitvogel L, Teng MWL, Belz GT, Engwerda CR, Huntington ND, Nakamura K, Hölzel M, Smyth MJ.	Tumor immunoevasion by the conversion of effector NK cells into type 1 innate lymphoid cells	Nature immunology	2017	564	28759001	10.1038/ni.3800		https://pubmed.ncbi.nlm.nih.gov/28759001/		metadata_only
nk_phenotype_states	preclinical	pan-cancer	no	yes	Romee R, Schneider SE, Leong JW, Chase JM, Keppel CR, Sullivan RP, Cooper MA, Fehniger TA.	Cytokine activation induces human memory-like NK cells	Blood	2012	567	22983442	10.1182/blood-2012-04-419283	PMC3520618	https://pmc.ncbi.nlm.nih.gov/articles/PMC3520618/		oa_xml
nk_phenotype_states	mechanistic	pan-cancer	yes	no	Freud AG, Mundy-Bosse BL, Yu J, Caligiuri MA.	The Broad Spectrum of Human Natural Killer Cell Diversity	Immunity	2017	590	29166586	10.1016/j.immuni.2017.10.008	PMC5728700	https://pmc.ncbi.nlm.nih.gov/articles/PMC5728700/		oa_xml
nk_phenotype_states	mechanistic	pan-cancer	no	no	Rebuffet L, Melsen JE, Escalière B, Basurto-Lozada D, Bhandoola A, Björkström NK, Bryceson YT, Castriconi R, Cichocki F, Colonna M, Davis DM, Diefenbach A, Ding Y, Haniffa M, Horowitz A, Lanier LL, Malmberg KJ, Miller JS, Moretta L, Narni-Mancinelli E, O'Neill LAJ, Romagnani C, Ryan DG, Sivori S, Sun D, Vagne C, Vivier E.	High-dimensional single-cell analysis of human natural killer cell heterogeneity	Nature immunology	2024	207	38956378	10.1038/s41590-024-01883-0	PMC11291291	https://pmc.ncbi.nlm.nih.gov/articles/PMC11291291/	fulltext/rebuffet_2024_pmid38956378.xml	oa_xml
nk_phenotype_states	translational_human	gbm_cns	yes	yes	Shaim H, Shanley M, Basar R, Daher M, Gumin J, Zamler DB, Uprety N, Wang F, Huang Y, Gabrusiewicz K, Miao Q, Dou J, Alsuliman A, Kerbauy LN, Acharya S, Mohanty V, Mendt M, Li S, Lu J, Wei J, Fowlkes NW, Gokdemir E, Ensley EL, Kaplan M, Kassab C, Li L, Ozcan G, Banerjee PP, Shen Y, Gilbert AL, Jones CM, Bdiwi M, Nunez-Cortes AK, Liu E, Yu J, Imahashi N, Muniz-Feliciano L, Li Y, Hu J, Draetta G, Marin D, Yu D, Mielke S, Eyrich M, Champlin RE, Chen K, Lang FF, Shpall EJ, Heimberger AB, Rezvani K.	Targeting the αv integrin/TGF-β axis improves natural killer cell function against glioblastoma stem cells	The Journal of clinical investigation	2021	230	34138753	10.1172/jci142116	PMC8279586	https://pmc.ncbi.nlm.nih.gov/articles/PMC8279586/		oa_xml
nk_phenotype_states	process_method	hnscc_melanoma	yes	no	Balsamo M, Scordamaglia F, Pietra G, Manzini C, Cantoni C, Boitano M, Queirolo P, Vermi W, Facchetti F, Moretta A, Moretta L, Mingari MC, Vitale M.	Melanoma-associated fibroblasts modulate NK cell phenotype and antitumor cytotoxicity	Proceedings of the National Academy of Sciences of the United States of America	2009	253	19934056	10.1073/pnas.0906481106	PMC2791633	https://pmc.ncbi.nlm.nih.gov/articles/PMC2791633/		oa_xml
nk_phenotype_states	preclinical	lung	no	yes	Platonova S, Cherfils-Vicini J, Damotte D, Crozet L, Vieillard V, Validire P, André P, Dieu-Nosjean MC, Alifano M, Régnard JF, Fridman WH, Sautès-Fridman C, Cremer I.	Profound coordinated alterations of intratumoral NK cell phenotype and function in lung carcinoma	Cancer research	2011	406	21708957	10.1158/0008-5472.can-10-4179		https://pubmed.ncbi.nlm.nih.gov/21708957/		metadata_only
nk_phenotype_states	mechanistic	pan-cancer	yes	no	Dogra P, Rancan C, Ma W, Toth M, Senda T, Carpenter DJ, Kubota M, Matsumoto R, Thapa P, Szabo PA, Li Poon MM, Li J, Arakawa-Hoyt J, Shen Y, Fong L, Lanier LL, Farber DL.	Tissue Determinants of Human NK Cell Development, Function, and Residence	Cell	2020	366	32059780	10.1016/j.cell.2020.01.022	PMC7194029	https://pmc.ncbi.nlm.nih.gov/articles/PMC7194029/		oa_xml
nk_phenotype_states	preclinical	myeloma	yes	yes	Wagner JA, Rosario M, Romee R, Berrien-Elliott MM, Schneider SE, Leong JW, Sullivan RP, Jewell BA, Becker-Hapak M, Schappe T, Abdel-Latif S, Ireland AR, Jaishankar D, King JA, Vij R, Clement D, Goodridge J, Malmberg KJ, Wong HC, Fehniger TA.	CD56bright NK cells exhibit potent antitumor responses following IL-15 priming	The Journal of clinical investigation	2017	255	28972539	10.1172/jci90387	PMC5663359	https://pmc.ncbi.nlm.nih.gov/articles/PMC5663359/		oa_xml
nk_phenotype_states	clinical_trial	lymphoma_cll	yes	no	Shapiro RM, Birch GC, Hu G, Vergara Cadavid J, Nikiforow S, Baginska J, Ali AK, Tarannum M, Sheffer M, Abdulhamid YZ, Rambaldi B, Arihara Y, Reynolds C, Halpern MS, Rodig SJ, Cullen N, Wolff JO, Pfaff KL, Lane AA, Lindsley RC, Cutler CS, Antin JH, Ho VT, Koreth J, Gooptu M, Kim HT, Malmberg KJ, Wu CJ, Chen J, Soiffer RJ, Ritz J, Romee R.	Expansion, persistence, and efficacy of donor memory-like NK cells infused for posttransplant relapse	The Journal of clinical investigation	2022	118	35349491	10.1172/jci154334	PMC9151697	https://pmc.ncbi.nlm.nih.gov/articles/PMC9151697/	fulltext/shapiro_2022_pmid35349491.xml	oa_xml
nk_phenotype_states	preclinical	gi	yes	yes	Sun C, Xu J, Huang Q, Huang M, Wen H, Zhang C, Wang J, Song J, Zheng M, Sun H, Wei H, Xiao W, Sun R, Tian Z.	High NKG2A expression contributes to NK cell exhaustion and predicts a poor prognosis of patients with liver cancer	Oncoimmunology	2017	242	28197391	10.1080/2162402x.2016.1264562	PMC5283631	https://pmc.ncbi.nlm.nih.gov/articles/PMC5283631/		oa_xml
nk_phenotype_states	mechanistic	pan-cancer	no	no	Horowitz A, Strauss-Albee DM, Leipold M, Kubo J, Nemat-Gorgani N, Dogan OC, Dekker CL, Mackey S, Maecker H, Swan GE, Davis MM, Norman PJ, Guethlein LA, Desai M, Parham P, Blish CA.	Genetic and environmental determinants of human NK cell diversity revealed by mass cytometry	Science translational medicine	2013	475	24154599	10.1126/scitranslmed.3006702	PMC3918221	https://pmc.ncbi.nlm.nih.gov/articles/PMC3918221/		oa_xml
nk_phenotype_states	preclinical	pan-cancer	yes	no	Ni J, Wang X, Stojanovic A, Zhang Q, Wincher M, Bühler L, Arnold A, Correia MP, Winkler M, Koch PS, Sexl V, Höfer T, Cerwenka A.	Single-Cell RNA Sequencing of Tumor-Infiltrating NK Cells Reveals that Inhibition of Transcription Factor HIF-1α Unleashes NK Cell Activity	Immunity	2020	274	32445619	10.1016/j.immuni.2020.05.001		https://pubmed.ncbi.nlm.nih.gov/32445619/		metadata_only
nk_phenotype_states	translational_human	neuroblastoma_sarcoma;hnscc_melanoma	no	no	Netskar H, Pfefferle A, Goodridge JP, Sohlberg E, Dufva O, Teichmann SA, Brownlie D, Michaëlsson J, Marquardt N, Clancy T, Horowitz A, Malmberg KJ.	Pan-cancer profiling of tumor-infiltrating natural killer cells through transcriptional reference mapping	Nature immunology	2024	81	38956379	10.1038/s41590-024-01884-z	PMC11291284	https://pmc.ncbi.nlm.nih.gov/articles/PMC11291284/	fulltext/netskar_2024_pmid38956379.xml	oa_xml
nk_phenotype_states	process_method	pan-cancer	yes	no	Cichocki F, Cooley S, Davis Z, DeFor TE, Schlums H, Zhang B, Brunstein CG, Blazar BR, Wagner J, Diamond DJ, Verneris MR, Bryceson YT, Weisdorf DJ, Miller JS.	CD56dimCD57+NKG2C+ NK cell expansion is associated with reduced leukemia relapse after reduced intensity HCT	Leukemia	2016	193	26416461	10.1038/leu.2015.260	PMC4740203	https://pmc.ncbi.nlm.nih.gov/articles/PMC4740203/		oa_xml
nk_phenotype_states	translational_human	ovarian	yes	yes	Pesce S, Greppi M, Tabellini G, Rampinelli F, Parolini S, Olive D, Moretta L, Moretta A, Marcenaro E.	Identification of a subset of human natural killer cells expressing high levels of programmed death 1: A phenotypic and functional characterization	The Journal of allergy and clinical immunology	2017	395	27372564	10.1016/j.jaci.2016.04.025		https://pubmed.ncbi.nlm.nih.gov/27372564/		metadata_only
nk_phenotype_states	preclinical	pan-cancer	yes	yes	Woan KV, Kim H, Bjordahl R, Davis ZB, Gaidarova S, Goulding J, Hancock B, Mahmood S, Abujarour R, Wang H, Tuininga K, Zhang B, Wu CY, Kodal B, Khaw M, Bendzick L, Rogers P, Ge MQ, Bonello G, Meza M, Felices M, Huffman J, Dailey T, Lee TT, Walcheck B, Malmberg KJ, Blazar BR, Bryceson YT, Valamehr B, Miller JS, Cichocki F.	Harnessing features of adaptive NK cells to generate iPSC-derived NK cells for enhanced immunotherapy	Cell stem cell	2021	138	34525347	10.1016/j.stem.2021.08.013	PMC8642276	https://pmc.ncbi.nlm.nih.gov/articles/PMC8642276/		oa_xml
nk_phenotype_states	process_method	hnscc_melanoma	yes	no	Ali TH, Pisanti S, Ciaglia E, Mortarini R, Anichini A, Garofalo C, Tallerico R, Santinami M, Gulletta E, Ietto C, Galgani M, Matarese G, Bifulco M, Ferrone S, Colucci F, Moretta A, Kärre K, Carbone E.	Enrichment of CD56(dim)KIR + CD57 + highly cytotoxic NK cells in tumour-infiltrated lymph nodes of melanoma patients	Nature communications	2014	123	25472612	10.1038/ncomms6639	PMC4338526	https://pmc.ncbi.nlm.nih.gov/articles/PMC4338526/	fulltext/ali_2014_pmid25472612.xml	oa_xml
nk_phenotype_states	review	pan-cancer	no	no	Chiossone L, Dumas PY, Vienne M, Vivier E.	Natural killer cells and other innate lymphoid cells in cancer	Nature reviews. Immunology	2018	809	30209347	10.1038/s41577-018-0061-z		https://pubmed.ncbi.nlm.nih.gov/30209347/		metadata_only
nk_phenotype_states	review	pan-cancer	no	no	Bi J, Tian Z.	NK Cell Exhaustion	Frontiers in immunology	2017	272	28702032	10.3389/fimmu.2017.00760	PMC5487399	https://pmc.ncbi.nlm.nih.gov/articles/PMC5487399/	fulltext/bi_2017_pmid28702032.xml	oa_xml
nk_phenotype_states	preclinical	ovarian	no	yes	Tarannum M, Dinh K, Vergara J, Birch G, Abdulhamid YZ, Kaplan IE, Ay O, Maia A, Beaver O, Sheffer M, Shapiro R, Ali AK, Dong H, Ham JD, Bobilev E, James S, Cameron AB, Nguyen QD, Ganapathy S, Chayawatto C, Koreth J, Paweletz CP, Gokhale PC, Barbie DA, Matulonis UA, Soiffer RJ, Ritz J, Porter RL, Chen J, Romee R.	CAR memory-like NK cells targeting the membrane proximal domain of mesothelin demonstrate promising activity in ovarian cancer	Science advances	2024	39	38996027	10.1126/sciadv.adn0881	PMC11244547	https://pmc.ncbi.nlm.nih.gov/articles/PMC11244547/	fulltext/tarannum_2024_pmid38996027.xml	oa_xml
nk_phenotype_states	clinical_trial	aml_mds	yes	yes	Hallner A, Bernson E, Hussein BA, Ewald Sander F, Brune M, Aurelius J, Martner A, Hellstrand K, Thorén FB.	The HLA-B -21 dimorphism impacts on NK cell education and clinical outcome of immunotherapy in acute myeloid leukemia	Blood	2019	53	30647027	10.1182/blood-2018-09-874990	PMC6440292	https://pmc.ncbi.nlm.nih.gov/articles/PMC6440292/		oa_xml
nk_phenotype_states	mechanistic	hnscc_melanoma	yes	yes	Hofman T, Ng SW, Garcés-Lázaro I, Heigwer F, Boutros M, Cerwenka A.	IFNγ mediates the resistance of tumor cells to distinct NK cell subsets	Journal for immunotherapy of cancer	2024	27	38955423	10.1136/jitc-2024-009410	PMC11218003	https://pmc.ncbi.nlm.nih.gov/articles/PMC11218003/	fulltext/hofman_2024_pmid38955423.xml	oa_xml
nk_phenotype_states	mechanistic	pan-cancer	no	yes	Foltz JA, Tran J, Wong P, Fan C, Schmidt E, Fisk B, Becker-Hapak M, Russler-Germain DA, Johnson J, Marin ND, Cubitt CC, Pence P, Rueve J, Pureti S, Hwang K, Gao F, Zhou AY, Foster M, Schappe T, Marsala L, Berrien-Elliott MM, Cashen AF, Bednarski JJ, Fertig E, Griffith OL, Griffith M, Wang T, Petti AA, Fehniger TA.	Cytokines drive the formation of memory-like NK cell subsets via epigenetic rewiring and transcriptional regulation	Science immunology	2024	31	38941480	10.1126/sciimmunol.adk4893	PMC12329699	https://pmc.ncbi.nlm.nih.gov/articles/PMC12329699/		oa_xml
nk_phenotype_states	preclinical	pan-cancer	no	no	Ding Y, Lavaert M, Grassmann S, Band VI, Chi L, Das A, Das S, Harly C, Shissler SC, Malin J, Peng D, Zhao Y, Zhu J, Belkaid Y, Sun JC, Bhandoola A.	Distinct developmental pathways generate functionally distinct populations of natural killer cells	Nature immunology	2024	29	38872000	10.1038/s41590-024-01865-2	PMC12338846	https://pmc.ncbi.nlm.nih.gov/articles/PMC12338846/		oa_xml
nk_phenotype_states	clinical_trial	ovarian;gu;hnscc_melanoma	no	no	Guillamón CF, Martínez-Sánchez MV, Gimeno L, Mrowiec A, Martínez-García J, Server-Pastor G, Martínez-Escribano J, Torroba A, Ferri B, Abellán D, Campillo JA, Legaz I, López-Álvarez MR, Moya-Quiles MR, Muro M, Minguela A.	NK Cell Education in Tumor Immune Surveillance: DNAM-1/KIR Receptor Ratios as Predictive Biomarkers for Solid Tumor Outcome	Cancer immunology research	2018	32	30242020	10.1158/2326-6066.cir-18-0022		https://pubmed.ncbi.nlm.nih.gov/30242020/		metadata_only
nk_cell_sources	clinical_trial	lymphoma_cll;neuroblastoma_sarcoma;lung	yes	yes	Tonn T, Schwabe D, Klingemann HG, Becker S, Esser R, Koehl U, Suttorp M, Seifried E, Ottmann OG, Bug G.	Treatment of patients with advanced cancer with the natural killer cell line NK-92	Cytotherapy	2013	392	24094496	10.1016/j.jcyt.2013.06.017		https://pubmed.ncbi.nlm.nih.gov/24094496/		metadata_only
nk_cell_sources	preclinical	pan-cancer	yes	yes	Myers JA, Miller JS.	Exploring the NK cell platform for cancer immunotherapy	Nature reviews. Clinical oncology	2021	1033	32934330	10.1038/s41571-020-0426-7	PMC8316981	https://pmc.ncbi.nlm.nih.gov/articles/PMC8316981/		oa_xml
nk_cell_sources	clinical_trial	pan-cancer	yes	yes	Zhang C, Oberoi P, Oelsner S, Waldmann A, Lindner A, Tonn T, Wels WS.	Chimeric Antigen Receptor-Engineered NK-92 Cells: An Off-the-Shelf Cellular Therapeutic for Targeted Elimination of Cancer Cells and Induction of Protective Antitumor Immunity	Frontiers in immunology	2017	268	28572802	10.3389/fimmu.2017.00533	PMC5435757	https://pmc.ncbi.nlm.nih.gov/articles/PMC5435757/	fulltext/zhang_2017_pmid28572802.xml	oa_xml
nk_cell_sources	review	pan-cancer	yes	yes	Berrien-Elliott MM, Jacobs MT, Fehniger TA.	Allogeneic natural killer cell therapy	Blood	2023	189	36416736	10.1182/blood.2022016200	PMC10023727	https://pmc.ncbi.nlm.nih.gov/articles/PMC10023727/	fulltext/berrienelliott_2023_pmid36416736.xml	oa_xml
nk_cell_sources	mechanistic	lymphoma_cll	yes	no	Gong JH, Maki G, Klingemann HG.	Characterization of a human cell line (NK-92) with phenotypical and functional characteristics of activated natural killer cells	Leukemia	1994	626	8152260			https://pubmed.ncbi.nlm.nih.gov/8152260/		metadata_only
nk_cell_sources	process_method	pan-cancer	yes	no	Della Chiesa M, Falco M, Podestà M, Locatelli F, Moretta L, Frassoni F, Moretta A.	Phenotypic and functional heterogeneity of human NK cells developing after umbilical cord blood transplantation: a role for human cytomegalovirus?	Blood	2012	222	22096237	10.1182/blood-2011-08-372003		https://pubmed.ncbi.nlm.nih.gov/22096237/		metadata_only
nk_cell_sources	mechanistic	aml_mds;all_peds_heme	no	no	Cooley S, Weisdorf DJ, Guethlein LA, Klein JP, Wang T, Le CT, Marsh SG, Geraghty D, Spellman S, Haagenson MD, Ladner M, Trachtenberg E, Parham P, Miller JS.	Donor selection for natural killer cell receptor genes leads to superior survival after unrelated transplantation for acute myelogenous leukemia	Blood	2010	475	20581313	10.1182/blood-2010-05-283051	PMC2953880	https://pmc.ncbi.nlm.nih.gov/articles/PMC2953880/		oa_xml
nk_cell_sources	review	lymphoma_cll	yes	no	Klingemann H, Boissel L, Toneguzzo F.	Natural Killer Cells for Immunotherapy - Advantages of the NK-92 Cell Line over Blood NK Cells	Frontiers in immunology	2016	354	27014270	10.3389/fimmu.2016.00091	PMC4789404	https://pmc.ncbi.nlm.nih.gov/articles/PMC4789404/	fulltext/klingemann_2016_pmid27014270.xml	oa_xml
nk_cell_sources	mechanistic	gi	yes	yes	Thangaraj JL, Coffey M, Lopez E, Kaufman DS.	Disruption of TGF-β signaling pathway is required to mediate effective killing of hepatocellular carcinoma by human iPSC-derived NK cells	Cell stem cell	2024	71	38986609	10.1016/j.stem.2024.06.009	PMC11380586	https://pmc.ncbi.nlm.nih.gov/articles/PMC11380586/		oa_xml
nk_cell_sources	preclinical	pan-cancer	yes	no	Cichocki F, Bjordahl R, Gaidarova S, Mahmood S, Abujarour R, Wang H, Tuininga K, Felices M, Davis ZB, Bendzick L, Clarke R, Stokely L, Rogers P, Ge M, Robinson M, Rezner B, Robbins DL, Lee TT, Kaufman DS, Blazar BR, Valamehr B, Miller JS.	iPSC-derived NK cells maintain high cytotoxicity and enhance in vivo tumor control in concert with T cells and anti-PD-1 therapy	Science translational medicine	2020	218	33148626	10.1126/scitranslmed.aaz5618	PMC8861807	https://pmc.ncbi.nlm.nih.gov/articles/PMC8861807/		oa_xml
nk_cell_sources	review	pan-cancer	yes	yes	Heipertz EL, Zynda ER, Stav-Noraas TE, Hungler AD, Boucher SE, Kaur N, Vemuri MC.	"Current Perspectives on ""Off-The-Shelf"" Allogeneic NK and CAR-NK Cell Therapies"	Frontiers in immunology	2021	185	34925314	10.3389/fimmu.2021.732135	PMC8671166	https://pmc.ncbi.nlm.nih.gov/articles/PMC8671166/	fulltext/heipertz_2021_pmid34925314.xml	oa_xml
nk_cell_sources	preclinical	lymphoma_cll;all_peds_heme	yes	yes	Boissel L, Betancur-Boissel M, Lu W, Krause DS, Van Etten RA, Wels WS, Klingemann H.	Retargeting NK-92 cells by means of CD19- and CD20-specific chimeric antigen receptors compares favorably with antibody-dependent cellular cytotoxicity	Oncoimmunology	2013	154	24404423	10.4161/onci.26527	PMC3881109	https://pmc.ncbi.nlm.nih.gov/articles/PMC3881109/	fulltext/boissel_2013_pmid24404423.xml	oa_xml
nk_cell_sources	clinical_trial	myeloma	yes	yes	Suck G, Odendahl M, Nowakowska P, Seidl C, Wels WS, Klingemann HG, Tonn T.	NK-92: an 'off-the-shelf therapeutic' for adoptive natural killer cell-based cancer immunotherapy	Cancer immunology, immunotherapy : CII	2016	272	26559813	10.1007/s00262-015-1761-x	PMC11029582	https://pmc.ncbi.nlm.nih.gov/articles/PMC11029582/		oa_xml
nk_cell_sources	process_method	pan-cancer	yes	yes	Koehl U, Kalberer C, Spanholtz J, Lee DA, Miller JS, Cooley S, Lowdell M, Uharek L, Klingemann H, Curti A, Leung W, Alici E.	Advances in clinical NK cell studies: Donor selection, manufacturing and quality control	Oncoimmunology	2016	92	27141397	10.1080/2162402x.2015.1115178	PMC4839369	https://pmc.ncbi.nlm.nih.gov/articles/PMC4839369/	fulltext/koehl_2016_pmid27141397.xml	oa_xml
nk_cell_sources	process_method	pan-cancer	yes	no	Ribeiro A, Laranjeira P, Mendes S, Velada I, Leite C, Andrade P, Santos F, Henriques A, Grãos M, Cardoso CM, Martinho A, Pais M, da Silva CL, Cabral J, Trindade H, Paiva A.	Mesenchymal stem cells from umbilical cord matrix, adipose tissue and bone marrow exhibit different capability to suppress peripheral blood B, natural killer and T cells	Stem cell research & therapy	2013	201	24406104	10.1186/scrt336	PMC3854702	https://pmc.ncbi.nlm.nih.gov/articles/PMC3854702/	fulltext/ribeiro_2013_pmid24406104.xml	oa_xml
nk_cell_sources	clinical_trial	lung	yes	yes	Lu T, Ma R, Mansour AG, Bustillos C, Li Z, Li Z, Ma S, Teng KY, Chen H, Zhang J, Villalona-Calero MA, Caligiuri MA, Yu J.	Preclinical Evaluation of Off-The-Shelf PD-L1+ Human Natural Killer Cells Secreting IL15 to Treat Non-Small Cell Lung Cancer	Cancer immunology research	2024	12	38572955	10.1158/2326-6066.cir-23-0324	PMC11218741	https://pmc.ncbi.nlm.nih.gov/articles/PMC11218741/		oa_xml
nk_cell_sources	clinical_trial	lung	yes	yes	Villalona-Calero MA, Tian L, Li X, Palmer JM, Aceves C, Meisen H, Cortez C, Synold TW, Egelston C, VanDeusen J, Bruno I, Zhang L, Romeu-Bonilla E, Butt O, Forman SJ, Caligiuri MA, Yu J.	Interim report on engineered NK cell trial in lung cancer refractory to immune checkpoint inhibitors	JCI insight	2025	11	39903538	10.1172/jci.insight.186890	PMC11949060	https://pmc.ncbi.nlm.nih.gov/articles/PMC11949060/	fulltext/villalonacalero_2025_pmid39903538.xml	oa_xml
nk_cell_sources	process_method	pan-cancer	yes	no	Huyghe M, Desterke C, Imeri J, Belliard N, Chaker D, Oudrirhi N, Bezerra H, Turhan AG, Bennaceur-Griscelli A, Griscelli F.	Comparative analysis of iPSC-derived NK cells from two differentiation strategies reveals distinct signatures and cytotoxic activities	Frontiers in immunology	2024	8	39445004	10.3389/fimmu.2024.1463736	PMC11496199	https://pmc.ncbi.nlm.nih.gov/articles/PMC11496199/	fulltext/huyghe_2024_pmid39445004.xml	oa_xml
nk_cell_sources	preclinical	gbm_cns	yes	yes	Kong D, Kwon D, Moon B, Kim DH, Kim MJ, Choi J, Kang KS.	CD19 CAR-expressing iPSC-derived NK cells effectively enhance migration and cytotoxicity into glioblastoma by targeting to the pericytes in tumor microenvironment	Biomedicine & pharmacotherapy = Biomedecine & pharmacotherapie	2024	24	38508081	10.1016/j.biopha.2024.116436		https://pubmed.ncbi.nlm.nih.gov/38508081/		metadata_only
nk_cell_sources	translational_human	aml_mds	no	no	Zhang TY, Liu RY, Lei YY, Cai B, Yu CL, Guo M, Ai HS, Wang Y, Hu KX.	Study on the Mechanisms of Allogeneic NK Cells Combined with Myeloid Cells in Treating Acute Myeloid Leukemia	Transplantation and cellular therapy	2026	0	42035877	10.1016/j.jtct.2026.03.043		https://pubmed.ncbi.nlm.nih.gov/42035877/		metadata_only
car_nk_engineering	preclinical	ovarian	yes	yes	Li Y, Hermanson DL, Moriarity BS, Kaufman DS.	Human iPSC-Derived Natural Killer Cells Engineered with Chimeric Antigen Receptors Enhance Anti-tumor Activity	Cell stem cell	2018	832	30082067	10.1016/j.stem.2018.06.002	PMC6084450	https://pmc.ncbi.nlm.nih.gov/articles/PMC6084450/		oa_xml
car_nk_engineering	review	pan-cancer	yes	yes	Pan K, Farrukh H, Chittepu VCSR, Xu H, Pan CX, Zhu Z.	CAR race to cancer immunotherapy: from CAR T, CAR NK to CAR macrophage therapy	Journal of experimental & clinical cancer research : CR	2022	577	35361234	10.1186/s13046-022-02327-z	PMC8969382	https://pmc.ncbi.nlm.nih.gov/articles/PMC8969382/	fulltext/pan_2022_pmid35361234.xml	oa_xml
car_nk_engineering	review	pan-cancer	yes	yes	Gong Y, Klein Wolterink RGJ, Wang J, Bos GMJ, Germeraad WTV.	Chimeric antigen receptor natural killer (CAR-NK) cell design and engineering for cancer therapy	Journal of hematology & oncology	2021	324	33933160	10.1186/s13045-021-01083-5	PMC8088725	https://pmc.ncbi.nlm.nih.gov/articles/PMC8088725/	fulltext/gong_2021_pmid33933160.xml	oa_xml
car_nk_engineering	preclinical	myeloma	no	yes	Chu J, Deng Y, Benson DM, He S, Hughes T, Zhang J, Peng Y, Mao H, Yi L, Ghoshal K, He X, Devine SM, Zhang X, Caligiuri MA, Hofmeister CC, Yu J.	CS1-specific chimeric antigen receptor (CAR)-engineered natural killer cells enhance in vitro and in vivo antitumor activity against human multiple myeloma	Leukemia	2014	362	24067492	10.1038/leu.2013.279	PMC3967004	https://pmc.ncbi.nlm.nih.gov/articles/PMC3967004/		oa_xml
car_nk_engineering	clinical_trial	gbm_cns	yes	yes	Burger MC, Zhang C, Harter PN, Romanski A, Strassheimer F, Senft C, Tonn T, Steinbach JP, Wels WS.	CAR-Engineered NK Cells for the Treatment of Glioblastoma: Turning Innate Effectors Into Precision Tools for Cancer Immunotherapy	Frontiers in immunology	2019	166	31798595	10.3389/fimmu.2019.02683	PMC6868035	https://pmc.ncbi.nlm.nih.gov/articles/PMC6868035/	fulltext/burger_2019_pmid31798595.xml	oa_xml
car_nk_engineering	preclinical	pan-cancer	yes	yes	Li Y, Basar R, Wang G, Liu E, Moyes JS, Li L, Kerbauy LN, Uprety N, Fathi M, Rezvan A, Banerjee PP, Muniz-Feliciano L, Laskowski TJ, Ensley E, Daher M, Shanley M, Mendt M, Acharya S, Liu B, Biederstädt A, Rafei H, Guo X, Melo Garcia L, Lin P, Ang S, Marin D, Chen K, Bover L, Champlin RE, Varadarajan N, Shpall EJ, Rezvani K.	KIR-based inhibitory CARs overcome CAR-NK cell trogocytosis-mediated fratricide and tumor escape	Nature medicine	2022	156	36175679	10.1038/s41591-022-02003-x	PMC9942695	https://pmc.ncbi.nlm.nih.gov/articles/PMC9942695/		oa_xml
car_nk_engineering	review	pan-cancer	yes	yes	Xie G, Dong H, Liang Y, Ham JD, Rizwan R, Chen J.	CAR-NK cells: A promising cellular immunotherapy for cancer	EBioMedicine	2020	641	32853984	10.1016/j.ebiom.2020.102975	PMC7452675	https://pmc.ncbi.nlm.nih.gov/articles/PMC7452675/	fulltext/xie_2020_pmid32853984.xml	oa_xml
car_nk_engineering	preclinical	lymphoma_cll	no	yes	Daher M, Basar R, Gokdemir E, Baran N, Uprety N, Nunez Cortes AK, Mendt M, Kerbauy LN, Banerjee PP, Shanley M, Imahashi N, Li L, Lim FLWI, Fathi M, Rezvan A, Mohanty V, Shen Y, Shaim H, Lu J, Ozcan G, Ensley E, Kaplan M, Nandivada V, Bdiwi M, Acharya S, Xi Y, Wan X, Mak D, Liu E, Jiang XR, Ang S, Muniz-Feliciano L, Li Y, Wang J, Kordasti S, Petrov N, Varadarajan N, Marin D, Brunetti L, Skinner RJ, Lyu S, Silva L, Turk R, Schubert MS, Rettig GR, McNeill MS, Kurgan G, Behlke MA, Li H, Fowlkes NW, Chen K, Konopleva M, Champlin RE, Shpall EJ, Rezvani K.	Targeting a cytokine checkpoint enhances the fitness of armored cord blood CAR-NK cells	Blood	2021	249	32902645	10.1182/blood.2020007748	PMC7869185	https://pmc.ncbi.nlm.nih.gov/articles/PMC7869185/		oa_xml
car_nk_engineering	mechanistic	pan-cancer	yes	yes	Dagher OK, Posey AD.	Forks in the road for CAR T and CAR NK cell cancer therapies	Nature immunology	2023	150	38012406	10.1038/s41590-023-01659-y	PMC12798859	https://pmc.ncbi.nlm.nih.gov/articles/PMC12798859/		oa_xml
car_nk_engineering	preclinical	aml_mds	yes	yes	Christodoulou I, Ho WJ, Marple A, Ravich JW, Tam A, Rahnama R, Fearnow A, Rietberg C, Yanik S, Solomou EE, Varadhan R, Koldobskiy MA, Bonifant CL.	Engineering CAR-NK cells to secrete IL-15 sustains their anti-AML functionality but is associated with systemic toxicities	Journal for immunotherapy of cancer	2021	162	34896980	10.1136/jitc-2021-003894	PMC8655609	https://pmc.ncbi.nlm.nih.gov/articles/PMC8655609/	fulltext/christodoulou_2021_pmid34896980.xml	oa_xml
car_nk_engineering	preclinical	neuroblastoma_sarcoma	no	yes	Chang YH, Connolly J, Shimasaki N, Mimura K, Kono K, Campana D.	A chimeric receptor with NKG2D specificity enhances natural killer cell activation and killing of tumor cells	Cancer research	2013	272	23302231	10.1158/0008-5472.can-12-3558		https://pubmed.ncbi.nlm.nih.gov/23302231/		metadata_only
car_nk_engineering	review	pan-cancer	yes	yes	Balkhi S, Zuccolotto G, Di Spirito A, Rosato A, Mortara L.	CAR-NK cell therapy: promise and challenges in solid tumors	Frontiers in immunology	2025	48	40260240	10.3389/fimmu.2025.1574742	PMC12009813	https://pmc.ncbi.nlm.nih.gov/articles/PMC12009813/	fulltext/balkhi_2025_pmid40260240.xml	oa_xml
car_nk_engineering	review	pan-cancer	yes	yes	Mehta RS, Rezvani K.	Chimeric Antigen Receptor Expressing Natural Killer Cells for the Immunotherapy of Cancer	Frontiers in immunology	2018	215	29497427	10.3389/fimmu.2018.00283	PMC5818392	https://pmc.ncbi.nlm.nih.gov/articles/PMC5818392/	fulltext/mehta_2018_pmid29497427.xml	oa_xml
car_nk_engineering	preclinical	gbm_cns	no	yes	Ma R, Lu T, Li Z, Teng KY, Mansour AG, Yu M, Tian L, Xu B, Ma S, Zhang J, Barr T, Peng Y, Caligiuri MA, Yu J.	An Oncolytic Virus Expressing IL15/IL15Rα Combined with Off-the-Shelf EGFR-CAR NK Cells Targets Glioblastoma	Cancer research	2021	197	34006525	10.1158/0008-5472.can-21-0035	PMC8562586	https://pmc.ncbi.nlm.nih.gov/articles/PMC8562586/		oa_xml
car_nk_engineering	preclinical	ovarian;gi	no	yes	Luo J, Guo M, Huang M, Liu Y, Qian Y, Liu Q, Cao X.	Neoleukin-2/15-armored CAR-NK cells sustain superior therapeutic efficacy in solid tumors via c-Myc/NRF1 activation	Signal transduction and targeted therapy	2025	46	40025022	10.1038/s41392-025-02158-2	PMC11873268	https://pmc.ncbi.nlm.nih.gov/articles/PMC11873268/	fulltext/luo_2025_pmid40025022.xml	oa_xml
car_nk_engineering	process_method	pan-cancer	yes	yes	Ingegnere T, Mariotti FR, Pelosi A, Quintarelli C, De Angelis B, Tumino N, Besi F, Cantoni C, Locatelli F, Vacca P, Moretta L.	Human CAR NK Cells: A New Non-viral Method Allowing High Efficient Transfection and Strong Tumor Cell Killing	Frontiers in immunology	2019	108	31114587	10.3389/fimmu.2019.00957	PMC6503170	https://pmc.ncbi.nlm.nih.gov/articles/PMC6503170/	fulltext/ingegnere_2019_pmid31114587.xml	oa_xml
car_nk_engineering	preclinical	pan-cancer	no	yes	Peng L, Renauer PA, Sferruzza G, Yang L, Zou Y, Fang Z, Park JJ, Chow RD, Zhang Y, Lin Q, Bai M, Sanchez A, Zhang Y, Lam SZ, Ye L, Chen S.	In vivo AAV-SB-CRISPR screens of tumor-infiltrating primary NK cells identify genetic checkpoints of CAR-NK therapy	Nature biotechnology	2025	45	38918616	10.1038/s41587-024-02282-4	PMC11668911	https://pmc.ncbi.nlm.nih.gov/articles/PMC11668911/		oa_xml
car_nk_engineering	preclinical	pan-cancer	no	yes	Acharya S, Basar R, Daher M, Rafei H, Li P, Uprety N, Ensley E, Shanley M, Kumar B, Banerjee PP, Melo Garcia L, Lin P, Mohanty V, Kim KH, Jiang X, Pan Y, Li Y, Liu B, Nunez Cortes AK, Zhang C, Fathi M, Rezvan A, Montalvo MJ, Cha SL, Reyes-Silva F, Shrestha R, Guo X, Kundu K, Biederstädt A, Muniz-Feliciano L, Deyter GM, Kaplan M, Jiang XR, Liu E, Jain A, Roszik J, Fowlkes NW, Solis Soto LM, Raso MG, Khoury JD, Lin P, Vega F, Varadarajan N, Chen K, Marin D, Shpall EJ, Rezvani K.	CD28 Costimulation Augments CAR Signaling in NK Cells via the LCK/CD3ζ/ZAP70 Signaling Axis	Cancer discovery	2024	56	38900051	10.1158/2159-8290.cd-24-0096	PMC11452288	https://pmc.ncbi.nlm.nih.gov/articles/PMC11452288/		oa_xml
car_nk_engineering	preclinical	gu	yes	yes	Schönfeld K, Sahm C, Zhang C, Naundorf S, Brendel C, Odendahl M, Nowakowska P, Bönig H, Köhl U, Kloess S, Köhler S, Holtgreve-Grez H, Jauch A, Schmidt M, Schubert R, Kühlcke K, Seifried E, Klingemann HG, Rieger MA, Tonn T, Grez M, Wels WS.	Selective inhibition of tumor growth by clonal NK cells expressing an ErbB2/HER2-specific chimeric antigen receptor	Molecular therapy : the journal of the American Society of Gene Therapy	2015	288	25373520	10.1038/mt.2014.219	PMC4445620	https://pmc.ncbi.nlm.nih.gov/articles/PMC4445620/		oa_xml
car_nk_engineering	process_method	all_peds_heme	yes	yes	Müller S, Bexte T, Gebel V, Kalensee F, Stolzenberg E, Hartmann J, Koehl U, Schambach A, Wels WS, Modlich U, Ullrich E.	High Cytotoxic Efficiency of Lentivirally and Alpharetrovirally Engineered CD19-Specific Chimeric Antigen Receptor Natural Killer Cells Against Acute Lymphoblastic Leukemia	Frontiers in immunology	2019	97	32117200	10.3389/fimmu.2019.03123	PMC7025537	https://pmc.ncbi.nlm.nih.gov/articles/PMC7025537/	fulltext/mller_2019_pmid32117200.xml	oa_xml
car_nk_engineering	preclinical	gi;hnscc_melanoma	no	yes	Yang S, Sheffer M, Kaplan IE, Wang Z, Tarannum M, Dinh K, Abdulhamid Y, Bobilev E, Shapiro R, Porter R, Soiffer R, Ritz J, Koreth J, Wei Y, Chen P, Zhang K, Márquez-Pellegrin V, Bonanno S, Joshi N, Guan M, Yang M, Li D, Bellini C, Liu F, Chen J, Wu CJ, Barbie D, Li J, Romee R.	Non-pathogenic E. coli displaying decoy-resistant IL18 mutein boosts anti-tumor and CAR NK cell responses	Nature biotechnology	2025	41	39367093	10.1038/s41587-024-02418-6	PMC12797303	https://pmc.ncbi.nlm.nih.gov/articles/PMC12797303/		oa_xml
car_nk_engineering	review	pan-cancer	yes	yes	Jørgensen LV, Christensen EB, Barnkob MB, Barington T.	The clinical landscape of CAR NK cells	Experimental hematology & oncology	2025	84	40149002	10.1186/s40164-025-00633-8	PMC11951618	https://pmc.ncbi.nlm.nih.gov/articles/PMC11951618/	fulltext/jrgensen_2025_pmid40149002.xml	oa_xml
car_nk_engineering	preclinical	gi	yes	yes	Da Y, Liu Y, Hu Y, Liu W, Ma J, Lu N, Zhang C, Zhang C.	STING agonist cGAMP enhances anti-tumor activity of CAR-NK cells against pancreatic cancer	Oncoimmunology	2022	85	35371622	10.1080/2162402x.2022.2054105	PMC8967397	https://pmc.ncbi.nlm.nih.gov/articles/PMC8967397/	fulltext/da_2022_pmid35371622.xml	oa_xml
car_nk_engineering	review	pan-cancer	no	yes	Wang W, Liu Y, He Z, Li L, Liu S, Jiang M, Zhao B, Deng M, Wang W, Mi X, Sun Z, Ge X.	Breakthrough of solid tumor treatment: CAR-NK immunotherapy	Cell death discovery	2024	151	38245520	10.1038/s41420-024-01815-9	PMC10799930	https://pmc.ncbi.nlm.nih.gov/articles/PMC10799930/	fulltext/wang_2024_pmid38245520.xml	oa_xml
car_nk_engineering	preclinical	gbm_cns	yes	yes	Han J, Chu J, Keung Chan W, Zhang J, Wang Y, Cohen JB, Victor A, Meisen WH, Kim SH, Grandi P, Wang QE, He X, Nakano I, Chiocca EA, Glorioso Iii JC, Kaur B, Caligiuri MA, Yu J.	CAR-Engineered NK Cells Targeting Wild-Type EGFR and EGFRvIII Enhance Killing of Glioblastoma and Patient-Derived Glioblastoma Stem Cells	Scientific reports	2015	274	26155832	10.1038/srep11483	PMC4496728	https://pmc.ncbi.nlm.nih.gov/articles/PMC4496728/	fulltext/han_2015_pmid26155832.xml	oa_xml
car_nk_engineering	preclinical	lymphoma_cll	no	yes	Li L, Mohanty V, Dou J, Huang Y, Banerjee PP, Miao Q, Lohr JG, Vijaykumar T, Frede J, Knoechel B, Muniz-Feliciano L, Laskowski TJ, Liang S, Moyes JS, Nandivada V, Basar R, Kaplan M, Daher M, Liu E, Li Y, Acharya S, Lin P, Shanley M, Rafei H, Marin D, Mielke S, Champlin RE, Shpall EJ, Chen K, Rezvani K.	Loss of metabolic fitness drives tumor resistance after CAR-NK cell therapy and can be overcome by cytokine engineering	Science advances	2023	105	37494448	10.1126/sciadv.add6997	PMC10371011	https://pmc.ncbi.nlm.nih.gov/articles/PMC10371011/	fulltext/li_2023_pmid37494448.xml	oa_xml
car_nk_engineering	preclinical	aml_mds	yes	yes	Albinger N, Müller S, Kostyra J, Kuska J, Mertlitz S, Penack O, Zhang C, Möker N, Ullrich E.	Manufacturing of primary CAR-NK cells in an automated system for the treatment of acute myeloid leukemia	Bone marrow transplantation	2024	36	38253870	10.1038/s41409-023-02180-4	PMC10994833	https://pmc.ncbi.nlm.nih.gov/articles/PMC10994833/	fulltext/albinger_2024_pmid38253870.xml	oa_xml
car_nk_engineering	mechanistic	aml_mds;myeloma	yes	yes	Gurney M, Stikvoort A, Nolan E, Kirkham-McCarthy L, Khoruzhenko S, Shivakumar R, Zweegman S, Van de Donk NWCJ, Mutis T, Szegezdi E, Sarkar S, O'Dwyer M.	CD38 knockout natural killer cells expressing an affinity optimized CD38 chimeric antigen receptor successfully target acute myeloid leukemia with reduced effector cell fratricide	Haematologica	2022	102	33375774	10.3324/haematol.2020.271908	PMC8804573	https://pmc.ncbi.nlm.nih.gov/articles/PMC8804573/	fulltext/gurney_2022_pmid33375774.xml	oa_xml
car_nk_engineering	process_method	pan-cancer	yes	yes	Wang X, Jasinski DL, Medina JL, Spencer DM, Foster AE, Bayle JH.	Inducible MyD88/CD40 synergizes with IL-15 to enhance antitumor efficacy of CAR-NK cells	Blood advances	2020	64	32384544	10.1182/bloodadvances.2020001510	PMC7218419	https://pmc.ncbi.nlm.nih.gov/articles/PMC7218419/		oa_xml
car_nk_engineering	clinical_trial	aml_mds;myeloma	yes	yes	Murad JM, Baumeister SH, Werner L, Daley H, Trébéden-Negre H, Reder J, Sentman CL, Gilham D, Lehmann F, Snykers S, Sentman ML, Wade T, Schmucker A, Fanger MW, Dranoff G, Ritz J, Nikiforow S.	Manufacturing development and clinical production of NKG2D chimeric antigen receptor-expressing T cells for autologous adoptive cell therapy	Cytotherapy	2018	46	30180944	10.1016/j.jcyt.2018.05.001	PMC6127861	https://pmc.ncbi.nlm.nih.gov/articles/PMC6127861/		oa_xml
car_nk_engineering	clinical_trial	all_peds_heme	yes	yes	Sun M, Xu P, Wang E, Zhou M, Xu T, Wang J, Wang Q, Wang B, Lu K, Wang C, Chen B.	Novel two-chain structure utilizing KIRS2/DAP12 domain improves the safety and efficacy of CAR-T cells in adults with r/r B-ALL	Molecular therapy oncolytics	2021	26	34703879	10.1016/j.omto.2021.08.014	PMC8517091	https://pmc.ncbi.nlm.nih.gov/articles/PMC8517091/	fulltext/sun_2021_pmid34703879.xml	oa_xml
car_nk_engineering	translational_human	all_peds_heme	yes	no	Powers SB, Ahmed NG, Jose R, Brezgiel M, Aryal S, Bowman WP, Mathew PA, Mathew SO.	Differential Expression of LLT1, SLAM Receptors CS1 and 2B4 and NCR Receptors NKp46 and NKp30 in Pediatric Acute Lymphoblastic Leukemia (ALL)	International journal of molecular sciences	2023	6	36835271	10.3390/ijms24043860	PMC9959214	https://pmc.ncbi.nlm.nih.gov/articles/PMC9959214/	fulltext/powers_2023_pmid36835271.xml	oa_xml
nk_engagers	mechanistic	aml_mds	yes	yes	Gleason MK, Ross JA, Warlick ED, Lund TC, Verneris MR, Wiernik A, Spellman S, Haagenson MD, Lenvik AJ, Litzow MR, Epling-Burnette PK, Blazar BR, Weiner LM, Weisdorf DJ, Vallera DA, Miller JS.	CD16xCD33 bispecific killer cell engager (BiKE) activates NK cells against primary MDS and MDSC CD33+ targets	Blood	2014	219	24652987	10.1182/blood-2013-10-533398	PMC4014844	https://pmc.ncbi.nlm.nih.gov/articles/PMC4014844/		oa_xml
nk_engagers	preclinical	aml_mds	yes	yes	Vallera DA, Felices M, McElmurry R, McCullar V, Zhou X, Schmohl JU, Zhang B, Lenvik AJ, Panoskaltsis-Mortari A, Verneris MR, Tolar J, Cooley S, Weisdorf DJ, Blazar BR, Miller JS.	IL15 Trispecific Killer Engagers (TriKE) Make Natural Killer Cells Specific to CD33+ Targets While Also Inducing Persistence, In Vivo Expansion, and Enhanced Function	Clinical cancer research : an official journal of the American Association for Cancer Research	2016	328	26847056	10.1158/1078-0432.ccr-15-2710	PMC4947440	https://pmc.ncbi.nlm.nih.gov/articles/PMC4947440/		oa_xml
nk_engagers	process_method	lymphoma_cll	yes	yes	Felices M, Kodal B, Hinderlie P, Kaminski MF, Cooley S, Weisdorf DJ, Vallera DA, Miller JS, Bachanova V.	Novel CD19-targeted TriKE restores NK cell function and proliferative capacity in CLL	Blood advances	2019	79	30890546	10.1182/bloodadvances.2018029371	PMC6436008	https://pmc.ncbi.nlm.nih.gov/articles/PMC6436008/		oa_xml
nk_engagers	preclinical	aml_mds	yes	yes	Arvindam US, van Hauten PMM, Schirm D, Schaap N, Hobo W, Blazar BR, Vallera DA, Dolstra H, Felices M, Miller JS.	A trispecific killer engager molecule against CLEC12A effectively induces NK-cell mediated killing of AML cells	Leukemia	2021	94	33097838	10.1038/s41375-020-01065-5	PMC8189652	https://pmc.ncbi.nlm.nih.gov/articles/PMC8189652/	fulltext/arvindam_2021_pmid33097838.xml	oa_xml
nk_engagers	review	pan-cancer	no	yes	Hodgins JJ, Khan ST, Park MM, Auer RC, Ardolino M.	Killers 2.0: NK cell therapies at the forefront of cancer control	The Journal of clinical investigation	2019	188	31478911	10.1172/jci129338	PMC6715409	https://pmc.ncbi.nlm.nih.gov/articles/PMC6715409/		oa_xml
nk_engagers	preclinical	aml_mds	no	yes	Gauthier L, Virone-Oddos A, Beninga J, Rossi B, Nicolazzi C, Amara C, Blanchard-Alvarez A, Gourdin N, Courta J, Basset A, Agnel M, Guillot F, Grondin G, Bonnevaux H, Bauchet AL, Morel A, Morel Y, Chiron M, Vivier E.	Control of acute myeloid leukemia by a trifunctional NKp46-CD16a-NK cell engager targeting CD123	Nature biotechnology	2023	86	36635380	10.1038/s41587-022-01626-2	PMC10497414	https://pmc.ncbi.nlm.nih.gov/articles/PMC10497414/	fulltext/gauthier_2023_pmid36635380.xml	oa_xml
nk_engagers	translational_human	lymphoma_cll	yes	yes	Kerbauy LN, Marin ND, Kaplan M, Banerjee PP, Berrien-Elliott MM, Becker-Hapak M, Basar R, Foster M, Garcia Melo L, Neal CC, McClain E, Daher M, Nunez Cortes AK, Desai S, Inng Lim FW, Mendt MC, Schappe T, Li L, Shaim H, Shanley M, Ensley EL, Uprety N, Wong P, Liu E, Ang SO, Cai R, Nandivada V, Mohanty V, Miao Q, Shen Y, Baran N, Fowlkes NW, Chen K, Muniz-Feliciano L, Champlin RE, Nieto YL, Koch J, Treder M, Fischer W, Okamoto OK, Shpall EJ, Fehniger TA, Rezvani K.	Combining AFM13, a Bispecific CD30/CD16 Antibody, with Cytokine-Activated Blood and Cord Blood-Derived NK Cells Facilitates CAR-like Responses Against CD30+ Malignancies	Clinical cancer research : an official journal of the American Association for Cancer Research	2021	137	33986022	10.1158/1078-0432.ccr-21-0164	PMC8254785	https://pmc.ncbi.nlm.nih.gov/articles/PMC8254785/		oa_xml
nk_engagers	review	pan-cancer	yes	yes	Zhang M, Lam KP, Xu S.	Natural Killer Cell Engagers (NKCEs): a new frontier in cancer immunotherapy	Frontiers in immunology	2023	54	37638058	10.3389/fimmu.2023.1207276	PMC10450036	https://pmc.ncbi.nlm.nih.gov/articles/PMC10450036/	fulltext/zhang_2023_pmid37638058.xml	oa_xml
nk_engagers	process_method	pan-cancer	yes	yes	Felices M, Lenvik TR, Davis ZB, Miller JS, Vallera DA.	Generation of BiKEs and TriKEs to Improve NK Cell-Mediated Targeting of Tumor Cells	Methods in molecular biology (Clifton, N.J.)	2016	139	27177679	10.1007/978-1-4939-3684-7_28	PMC5823010	https://pmc.ncbi.nlm.nih.gov/articles/PMC5823010/		oa_xml
nk_engagers	preclinical	ovarian	yes	yes	Bordoloi D, Bordoloi D, Kulkarni AJ, Adeniji OS, Pampena MB, Bhojnagarwala PS, Zhao S, Ionescu C, Perales-Puchalt A, Parzych EM, Zhu X, Ali AR, Cassel J, Zhang R, Betts MR, Abdel-Mohsen M, Weiner DB.	Siglec-7 glyco-immune binding mAbs or NK cell engager biologics induce potent antitumor immunity against ovarian cancers	Science advances	2023	41	37910620	10.1126/sciadv.adh4379	PMC10619929	https://pmc.ncbi.nlm.nih.gov/articles/PMC10619929/	fulltext/bordoloi_2023_pmid37910620.xml	oa_xml
nk_engagers	mechanistic	lymphoma_cll	yes	no	Wu J, Fu J, Zhang M, Liu D.	AFM13: a first-in-class tetravalent bispecific anti-CD30/CD16A antibody for NK cell-mediated immunotherapy	Journal of hematology & oncology	2015	95	26231785	10.1186/s13045-015-0188-3	PMC4522136	https://pmc.ncbi.nlm.nih.gov/articles/PMC4522136/	fulltext/wu_2015_pmid26231785.xml	oa_xml
nk_engagers	mechanistic	aml_mds	yes	yes	Wiernik A, Foley B, Foley B, Zhang B, Verneris MR, Warlick E, Gleason MK, Ross JA, Luo X, Weisdorf DJ, Walcheck B, Vallera DA, Miller JS.	Targeting natural killer cells to acute myeloid leukemia in vitro with a CD16 x 33 bispecific killer cell engager and ADAM17 inhibition	Clinical cancer research : an official journal of the American Association for Cancer Research	2013	183	23690482	10.1158/1078-0432.ccr-13-0505	PMC3715574	https://pmc.ncbi.nlm.nih.gov/articles/PMC3715574/		oa_xml
nk_engagers	mechanistic	ovarian;breast	yes	yes	Nikkhoi SK, Li G, Eleya S, Yang G, Vandavasi VG, Hatefi A.	Bispecific killer cell engager with high affinity and specificity toward CD16a on NK cells for cancer immunotherapy	Frontiers in immunology	2022	48	36685519	10.3389/fimmu.2022.1039969	PMC9852913	https://pmc.ncbi.nlm.nih.gov/articles/PMC9852913/	fulltext/nikkhoi_2022_pmid36685519.xml	oa_xml
nk_engagers	preclinical	lymphoma_cll	no	yes	Demaria O, Habif G, Vetizou M, Gauthier L, Remark R, Chiossone L, Vagne C, Rebuffet L, Courtois R, Denis C, Le Floch F, Muller M, Girard-Madoux M, Augier S, Lopez J, Carrette B, Maguer A, Vallier JB, Grondin G, Baron W, Galluso J, Yessaad N, Giordano M, Simon L, Chanuc F, Alvarez AB, Perrot I, Bonnafous C, Represa A, Rossi B, Morel A, Morel Y, Paturel C, Vivier E.	A tetraspecific engager armed with a non-alpha IL-2 variant harnesses natural killer cells against B cell non-Hodgkin lymphoma	Science immunology	2024	16	39546590	10.1126/sciimmunol.adp3720		https://pubmed.ncbi.nlm.nih.gov/39546590/		metadata_only
nk_engagers	preclinical	hnscc_melanoma	yes	yes	Khaw MJ, Zorko NA, Kennedy PR, Bendzick LE, Shackelford M, Selleck C, Hinderlie P, Walker JT, Soignier Y, Lyons RC, Femino EL, Stenger T, Dasgupta T, Kotz LE, Shetty M, Phung SK, Lee EH, Lu Q, Lim J, Provenzano PP, Fujioka N, Davis ZB, Geller MA, Wagner JE, MacMillan ML, Felices M, Miller JS.	Novel trispecific killer engager targeting B7-H3 enhances natural killer cell antitumor activity against head and neck cancer	Journal for immunotherapy of cancer	2025	7	40707133	10.1136/jitc-2024-011370	PMC12306285	https://pmc.ncbi.nlm.nih.gov/articles/PMC12306285/	fulltext/khaw_2025_pmid40707133.xml	oa_xml
nk_engagers	translational_human	aml_mds;all_peds_heme	no	yes	Reusing SB, Vallera DA, Manser AR, Vatrin T, Bhatia S, Felices M, Miller JS, Uhrberg M, Babor F.	CD16xCD33 Bispecific Killer Cell Engager (BiKE) as potential immunotherapeutic in pediatric patients with AML and biphenotypic ALL	Cancer immunology, immunotherapy : CII	2021	38	34398302	10.1007/s00262-021-03008-0	PMC8571204	https://pmc.ncbi.nlm.nih.gov/articles/PMC8571204/	fulltext/reusing_2021_pmid34398302.xml	oa_xml
nk_engagers	review	pan-cancer	no	yes	Shin MH, Oh E, Minn D.	Current Developments in NK Cell Engagers for Cancer Immunotherapy: Focus on CD16A and NKp46	Immune network	2024	15	39513028	10.4110/in.2024.24.e34	PMC11538608	https://pmc.ncbi.nlm.nih.gov/articles/PMC11538608/	fulltext/shin_2024_pmid39513028.xml	oa_xml
nk_engagers	mechanistic	pan-cancer	yes	yes	Zambarda C, Guldevall K, Breunig C, Toullec D, Sandoz PA, Carannante V, Xu S, Ross P, Kuhnigk K, Sandström N, Fontana J, Wingert S, Pinto S, Knoch J, Hussain A, Wagner AK, Pahl J, Alici E, Koch J, Önfelt B.	CD16A Shedding Regulates Innate Cell Engager-Induced Serial Killing by Natural Killer Cells	European journal of immunology	2025	7	41116262	10.1002/eji.70078	PMC12537995	https://pmc.ncbi.nlm.nih.gov/articles/PMC12537995/	fulltext/zambarda_2025_pmid41116262.xml	oa_xml
nk_engagers	process_method	pan-cancer	yes	yes	Cheng Y, Li Q, Kong Y, Huang A, Yang Z, Ying T, Wu Y.	An IL-15-modified NKp30×HER2 trispecific NK cell engager enhances NK cell activation and tumor cell killing	Journal of leukocyte biology	2025	3	40694640	10.1093/jleuko/qiaf107		https://pubmed.ncbi.nlm.nih.gov/40694640/		metadata_only
nk_engagers	preclinical	lymphoma_cll	no	yes	Fan Y, Duan Y, Chen J, Wang Y, Shang K, Jiang J, Su L, Zhou C, Sadelain M, Huang H, Sun J.	Bispecific killer cell engager-secreting CAR-T cells redirect natural killer specificity to enhance antitumour responses	Nature biomedical engineering	2026	6	40659834	10.1038/s41551-025-01450-4		https://pubmed.ncbi.nlm.nih.gov/40659834/		metadata_only
gene_editing_knockouts	preclinical	pan-cancer	yes	yes	Zhu H, Blum RH, Bernareggi D, Ask EH, Wu Z, Hoel HJ, Meng Z, Wu C, Guan KL, Malmberg KJ, Kaufman DS.	Metabolic Reprograming via Deletion of CISH in Human iPSC-Derived NK Cells Promotes In Vivo Persistence and Enhances Anti-tumor Activity	Cell stem cell	2020	299	32531207	10.1016/j.stem.2020.05.008	PMC7415618	https://pmc.ncbi.nlm.nih.gov/articles/PMC7415618/		oa_xml
gene_editing_knockouts	preclinical	lymphoma_cll;gi;hnscc_melanoma	no	no	Paolino M, Choidas A, Wallner S, Pranjic B, Uribesalgo I, Loeser S, Jamieson AM, Langdon WY, Ikeda F, Fededa JP, Cronin SJ, Nitsch R, Schultz-Fademrecht C, Eickhoff J, Menninger S, Unger A, Torka R, Gruber T, Hinterleitner R, Baier G, Wolf D, Ullrich A, Klebl BM, Penninger JM.	The E3 ligase Cbl-b and TAM receptors regulate cancer metastasis via natural killer cells	Nature	2014	391	24553136	10.1038/nature12998	PMC6258903	https://pmc.ncbi.nlm.nih.gov/articles/PMC6258903/		oa_xml
gene_editing_knockouts	preclinical	aml_mds	yes	yes	Bexte T, Albinger N, Al Ajami A, Wendel P, Buchinger L, Gessner A, Alzubi J, Särchen V, Vogler M, Rasheed HM, Jung BA, Wolf S, Bhayadia R, Oellerich T, Klusmann JH, Penack O, Möker N, Cathomen T, Rieger MA, Imkeller K, Ullrich E.	CRISPR/Cas9 editing of NKG2A improves the efficacy of primary CD33-directed chimeric antigen receptor natural killer cells	Nature communications	2024	67	39349459	10.1038/s41467-024-52388-1	PMC11442982	https://pmc.ncbi.nlm.nih.gov/articles/PMC11442982/	fulltext/bexte_2024_pmid39349459.xml	oa_xml
gene_editing_knockouts	preclinical	pan-cancer	yes	yes	Biederstädt A, Basar R, Park JM, Uprety N, Shrestha R, Reyes Silva F, Dede M, Watts J, Acharya S, Xiong D, Liu B, Daher M, Rafei H, Banerjee P, Li P, Islam S, Fan H, Shanley M, Jin J, Kumar B, Woods V, Lin P, Tiberti S, Nunez Cortes AK, Jiang XR, Biederstädt I, Zhang P, Li Y, Rawal S, Liu E, Muniz-Feliciano L, Deyter GM, Shpall EJ, Fowlkes NW, Chen K, Rezvani K.	Genome-wide CRISPR screens identify critical targets to enhance CAR-NK cell antitumor potency	Cancer cell	2025	42	40845844	10.1016/j.ccell.2025.07.021	PMC12396527	https://pmc.ncbi.nlm.nih.gov/articles/PMC12396527/		oa_xml
gene_editing_knockouts	process_method	myeloma	yes	yes	Bexte T, Alzubi J, Reindl LM, Wendel P, Schubert R, Salzmann-Manrique E, von Metzler I, Cathomen T, Ullrich E.	CRISPR-Cas9 based gene editing of the immune checkpoint NKG2A enhances NK cell mediated cytotoxicity against multiple myeloma	Oncoimmunology	2022	72	35694192	10.1080/2162402x.2022.2081415	PMC9176243	https://pmc.ncbi.nlm.nih.gov/articles/PMC9176243/	fulltext/bexte_2022_pmid35694192.xml	oa_xml
gene_editing_knockouts	process_method	aml_mds	yes	yes	Huang RS, Lai MC, Shih HA, Lin S.	A robust platform for expansion and genome editing of primary human natural killer cells	The Journal of experimental medicine	2021	77	33433623	10.1084/jem.20201529	PMC7808298	https://pmc.ncbi.nlm.nih.gov/articles/PMC7808298/	fulltext/huang_2021_pmid33433623.xml	oa_xml
gene_editing_knockouts	preclinical	myeloma	yes	yes	Naeimi Kararoudi M, Nagai Y, Elmas E, de Souza Fernandes Pereira M, Ali SA, Imus PH, Wethington D, Borrello IM, Lee DA, Ghiaur G.	CD38 deletion of human primary NK cells eliminates daratumumab-induced fratricide and boosts their effector activity	Blood	2020	116	32603414	10.1182/blood.2020006200	PMC7685207	https://pmc.ncbi.nlm.nih.gov/articles/PMC7685207/		oa_xml
gene_editing_knockouts	preclinical	pan-cancer	yes	no	Tang PM, Zhou S, Meng XM, Wang QM, Li CJ, Lian GY, Huang XR, Tang YJ, Guan XY, Guan XY, Yan BP, To KF, Lan HY.	Smad3 promotes cancer progression by inhibiting E4BP4-mediated NK cell development	Nature communications	2017	163	28262747	10.1038/ncomms14677	PMC5343519	https://pmc.ncbi.nlm.nih.gov/articles/PMC5343519/	fulltext/tang_2017_pmid28262747.xml	oa_xml
gene_editing_knockouts	preclinical	gbm_cns;hnscc_melanoma	yes	yes	Bernareggi D, Xie Q, Prager BC, Yun J, Cruz LS, Pham TV, Kim W, Lee X, Coffey M, Zalfa C, Azmoon P, Zhu H, Tamayo P, Rich JN, Kaufman DS.	CHMP2A regulates tumor sensitivity to natural killer cell-mediated cytotoxicity	Nature communications	2022	63	35393416	10.1038/s41467-022-29469-0	PMC8990014	https://pmc.ncbi.nlm.nih.gov/articles/PMC8990014/	fulltext/bernareggi_2022_pmid35393416.xml	oa_xml
gene_editing_knockouts	mechanistic	pan-cancer	no	yes	Rea A, Santana-Hernández S, Villanueva J, Sanvicente-García M, Cabo M, Suarez-Olmos J, Quimis F, Qin M, Llorens E, Blasco-Benito S, Torralba-Raga L, Perez L, Bhattarai B, Alari-Pahissa E, Georgoudaki AM, Balaguer F, Juan M, Pardo J, Celià-Terrassa T, Rovira A, Möker N, Zhang C, Colonna M, Spanholtz J, Malmberg KJ, Montagut C, Albanell J, Güell M, López-Botet M, Muntasell A.	Enhancing human NK cell antitumor function by knocking out SMAD4 to counteract TGFβ and activin A suppression	Nature immunology	2025	36	40119192	10.1038/s41590-025-02103-z	PMC11957989	https://pmc.ncbi.nlm.nih.gov/articles/PMC11957989/	fulltext/rea_2025_pmid40119192.xml	oa_xml
gene_editing_knockouts	preclinical	pan-cancer	yes	yes	Huang RS, Shih HA, Lai MC, Chang YJ, Lin S.	Enhanced NK-92 Cytotoxicity by CRISPR Genome Engineering Using Cas9 Ribonucleoproteins	Frontiers in immunology	2020	78	32528479	10.3389/fimmu.2020.01008	PMC7256201	https://pmc.ncbi.nlm.nih.gov/articles/PMC7256201/	fulltext/huang_2020_pmid32528479.xml	oa_xml
gene_editing_knockouts	preclinical	breast;hnscc_melanoma	no	yes	Bernard PL, Delconte R, Pastor S, Laletin V, Costa Da Silva C, Goubard A, Josselin E, Castellano R, Krug A, Vernerey J, Devillier R, Olive D, Verhoeyen E, Vivier E, Huntington ND, Nunes J, Guittard G.	Targeting CISH enhances natural cytotoxicity receptor signaling and reduces NK cell exhaustion to improve solid tumor immunity	Journal for immunotherapy of cancer	2022	64	35589278	10.1136/jitc-2021-004244	PMC9121483	https://pmc.ncbi.nlm.nih.gov/articles/PMC9121483/	fulltext/bernard_2022_pmid35589278.xml	oa_xml
gene_editing_knockouts	preclinical	breast	yes	yes	Mac Donald A, Guipouy D, Lemieux W, Harvey M, Bordeleau LJ, Guay D, Roméro H, Li Y, Dion R, Béland K, Haddad E.	KLRC1 knockout overcomes HLA-E-mediated inhibition and improves NK cell antitumor activity against solid tumors	Frontiers in immunology	2023	39	37675109	10.3389/fimmu.2023.1231916	PMC10478211	https://pmc.ncbi.nlm.nih.gov/articles/PMC10478211/	fulltext/mac_2023_pmid37675109.xml	oa_xml
gene_editing_knockouts	preclinical	lung	yes	yes	Reggiani F, Talarico G, Gobbi G, Sauta E, Torricelli F, Manicardi V, Zanetti E, Orecchioni S, Falvo P, Piana S, Lococo F, Paci M, Bertolini F, Ciarrocchi A, Sancisi V.	BET inhibitors drive Natural Killer activation in non-small cell lung cancer via BRD4 and SMAD3	Nature communications	2024	14	38519469	10.1038/s41467-024-46778-8	PMC10960013	https://pmc.ncbi.nlm.nih.gov/articles/PMC10960013/	fulltext/reggiani_2024_pmid38519469.xml	oa_xml
gene_editing_knockouts	preclinical	aml_mds	yes	yes	Hoerster K, Uhrberg M, Wiek C, Horn PA, Hanenberg H, Heinrichs S.	"HLA Class I Knockout Converts Allogeneic Primary NK Cells Into Suitable Effectors for ""Off-the-Shelf"" Immunotherapy"	Frontiers in immunology	2020	44	33584651	10.3389/fimmu.2020.586168	PMC7878547	https://pmc.ncbi.nlm.nih.gov/articles/PMC7878547/	fulltext/hoerster_2020_pmid33584651.xml	oa_xml
gene_editing_knockouts	preclinical	pan-cancer	no	no	Sun X, Nagahama Y, Singh SK, Kozakai Y, Nabeshima H, Fukushima K, Tanaka H, Motooka D, Fukui E, Vivier E, Diez D, Akira S.	Deletion of the mRNA endonuclease Regnase-1 promotes NK cell anti-tumor activity via OCT2-dependent transcription of Ifng	Immunity	2024	24	38821052	10.1016/j.immuni.2024.05.006		https://pubmed.ncbi.nlm.nih.gov/38821052/		metadata_only
gene_editing_knockouts	mechanistic	pan-cancer	no	yes	Pomeroy EJ, Hunzeker JT, Kluesner MG, Lahr WS, Smeester BA, Crosby MR, Lonetree CL, Yamamoto K, Bendzick L, Miller JS, Geller MA, Walcheck B, Felices M, Webber BR, Starr TK, Moriarity BS.	A Genetically Engineered Primary Human Natural Killer Cell Platform for Cancer Immunotherapy	Molecular therapy : the journal of the American Society of Gene Therapy	2020	175	31704085	10.1016/j.ymthe.2019.10.009	PMC6953961	https://pmc.ncbi.nlm.nih.gov/articles/PMC6953961/		oa_xml
gene_editing_knockouts	preclinical	myeloma	yes	yes	Clara JA, Levy ER, Reger R, Barisic S, Chen L, Cherkasova E, Chakraborty M, Allan DSJ, Childs R.	High-affinity CD16 integration into a CRISPR/Cas9-edited CD38 locus augments CD38-directed antitumor activity of primary human natural killer cells	Journal for immunotherapy of cancer	2022	26	35135865	10.1136/jitc-2021-003804	PMC8830298	https://pmc.ncbi.nlm.nih.gov/articles/PMC8830298/	fulltext/clara_2022_pmid35135865.xml	oa_xml
gene_editing_knockouts	translational_human	pan-cancer	no	yes	Bi J, Huang C, Jin X, Zheng C, Huang Y, Zheng X, Tian Z, Sun H.	TIPE2 deletion improves the therapeutic potential of adoptively transferred NK cells	Journal for immunotherapy of cancer	2023	25	36725083	10.1136/jitc-2022-006002	PMC9896240	https://pmc.ncbi.nlm.nih.gov/articles/PMC9896240/	fulltext/bi_2023_pmid36725083.xml	oa_xml
gene_editing_knockouts	translational_human	gi	yes	yes	Xu Y, Sun F, Tian Y, Zeng G, Lei G, Bai Z, Wang Y, Ge X, Wang J, Xiao C, Wang Z, Hu M, Song J, Yang P, Liu R.	Enhanced NK cell activation via eEF2K-mediated potentiation of the cGAS-STING pathway in hepatocellular carcinoma	International immunopharmacology	2024	22	38320351	10.1016/j.intimp.2024.111628		https://pubmed.ncbi.nlm.nih.gov/38320351/		metadata_only
gene_editing_knockouts	process_method	gbm_cns	yes	yes	Morimoto T, Nakazawa T, Matsuda R, Nishimura F, Nakamura M, Yamada S, Nakagawa I, Park YS, Tsujimura T, Nakase H.	CRISPR-Cas9-Mediated TIM3 Knockout in Human Natural Killer Cells Enhances Growth Inhibitory Effects on Human Glioma Cells	International journal of molecular sciences	2021	51	33800561	10.3390/ijms22073489	PMC8036491	https://pmc.ncbi.nlm.nih.gov/articles/PMC8036491/	fulltext/morimoto_2021_pmid33800561.xml	oa_xml
gene_editing_knockouts	preclinical	pan-cancer	yes	yes	Matson AW, Hullsiek R, Dixon KJ, Wang S, Lindstedt AJ, Friess RR, Phung SK, Freedman TS, Felices M, Truckenbrod EN, Wu J, Miller JS, Walcheck B.	Enhanced IL-15-mediated NK cell activation and proliferation by an ADAM17 function-blocking antibody involves CD16A, CD137, and accessory cells	Journal for immunotherapy of cancer	2024	9	39053944	10.1136/jitc-2024-008959	PMC11284835	https://pmc.ncbi.nlm.nih.gov/articles/PMC11284835/	fulltext/matson_2024_pmid39053944.xml	oa_xml
gene_editing_knockouts	review	pan-cancer	yes	yes	Afolabi LO, Adeshakin AO, Sani MM, Bi J, Wan X.	Genetic reprogramming for NK cell cancer immunotherapy with CRISPR/Cas9	Immunology	2019	66	31315144	10.1111/imm.13094		https://pubmed.ncbi.nlm.nih.gov/31315144/		metadata_only
gene_editing_knockouts	review	pan-cancer	yes	yes	Fazeli A, Ullrich E, Cathomen T, Bexte T.	Engineering with care: safety assessment platforms for CRISPR-modified natural killer cells	Frontiers in immunology	2025	2	41425600	10.3389/fimmu.2025.1711414	PMC12714958	https://pmc.ncbi.nlm.nih.gov/articles/PMC12714958/	fulltext/fazeli_2025_pmid41425600.xml	oa_xml
metabolism_persistence	preclinical	pan-cancer	yes	no	Michelet X, Dyck L, Hogan A, Loftus RM, Duquette D, Wei K, Beyaz S, Tavakkoli A, Foley C, Donnelly R, O'Farrelly C, Raverdeau M, Vernon A, Pettee W, O'Shea D, Nikolajczyk BS, Mills KHG, Brenner MB, Finlay D, Lynch L.	Metabolic reprogramming of natural killer cells in obesity limits antitumor responses	Nature immunology	2018	536	30420624	10.1038/s41590-018-0251-7		https://pubmed.ncbi.nlm.nih.gov/30420624/		metadata_only
metabolism_persistence	preclinical	breast	yes	no	Baginska J, Viry E, Berchem G, Poli A, Noman MZ, van Moer K, Medves S, Zimmer J, Oudin A, Niclou SP, Bleackley RC, Goping IS, Chouaib S, Janji B.	Granzyme B degradation by autophagy decreases tumor cell susceptibility to natural killer-mediated lysis under hypoxia	Proceedings of the National Academy of Sciences of the United States of America	2013	285	24101526	10.1073/pnas.1304790110	PMC3808626	https://pmc.ncbi.nlm.nih.gov/articles/PMC3808626/		oa_xml
metabolism_persistence	preclinical	pan-cancer	no	yes	Loftus RM, Assmann N, Kedia-Mehta N, O'Brien KL, Garcia A, Gillespie C, Hukelmann JL, Oefner PJ, Lamond AI, Gardiner CM, Dettmer K, Cantrell DA, Sinclair LV, Finlay DK.	Amino acid-dependent cMyc expression is essential for NK cell metabolic and functional responses in mice	Nature communications	2018	325	29904050	10.1038/s41467-018-04719-2	PMC6002377	https://pmc.ncbi.nlm.nih.gov/articles/PMC6002377/	fulltext/loftus_2018_pmid29904050.xml	oa_xml
metabolism_persistence	preclinical	pan-cancer	yes	no	Pan R, Ryan J, Pan D, Wucherpfennig KW, Letai A.	Augmenting NK cell-based immunotherapy by targeting mitochondrial apoptosis	Cell	2022	174	35447071	10.1016/j.cell.2022.03.030	PMC9097966	https://pmc.ncbi.nlm.nih.gov/articles/PMC9097966/		oa_xml
metabolism_persistence	review	pan-cancer	no	no	Terrén I, Orrantia A, Vitallé J, Zenarruzabeitia O, Borrego F.	NK Cell Metabolism and Tumor Microenvironment	Frontiers in immunology	2019	421	31616440	10.3389/fimmu.2019.02278	PMC6769035	https://pmc.ncbi.nlm.nih.gov/articles/PMC6769035/	fulltext/terrn_2019_pmid31616440.xml	oa_xml
metabolism_persistence	preclinical	pan-cancer	yes	yes	Viel S, Marçais A, Guimaraes FS, Loftus R, Rabilloud J, Grau M, Degouve S, Djebali S, Sanlaville A, Charrier E, Bienvenu J, Marie JC, Caux C, Marvel J, Town L, Huntington ND, Bartholin L, Finlay D, Smyth MJ, Walzer T.	TGF-β inhibits the activation and functions of NK cells by repressing the mTOR pathway	Science signaling	2016	562	26884601	10.1126/scisignal.aad1884		https://pubmed.ncbi.nlm.nih.gov/26884601/		metadata_only
metabolism_persistence	preclinical	hnscc_melanoma	yes	no	Sceneay J, Chow MT, Chen A, Halse HM, Wong CS, Andrews DM, Sloan EK, Parker BS, Bowtell DD, Smyth MJ, Möller A.	Primary tumor hypoxia recruits CD11b+/Ly6Cmed/Ly6G+ immune suppressor cells and compromises NK cell cytotoxicity in the premetastatic niche	Cancer research	2012	258	22751463	10.1158/0008-5472.can-11-3873		https://pubmed.ncbi.nlm.nih.gov/22751463/		metadata_only
metabolism_persistence	translational_human	breast	no	no	Slattery K, Woods E, Zaiatz-Bittencourt V, Marks S, Chew S, Conroy M, Goggin C, MacEochagain C, Kennedy J, Lucas S, Finlay DK, Gardiner CM.	TGFβ drives NK cell metabolic dysfunction in human metastatic breast cancer	Journal for immunotherapy of cancer	2021	137	33568351	10.1136/jitc-2020-002044	PMC7878131	https://pmc.ncbi.nlm.nih.gov/articles/PMC7878131/	fulltext/slattery_2021_pmid33568351.xml	oa_xml
metabolism_persistence	preclinical	hnscc_melanoma	yes	yes	Wu S, Peng H, Li S, Huang L, Wang X, Li Y, Liu Y, Xiong P, Yang Q, Tian K, Wu W, Pu R, Lu X, Xiao Z, Yang J, Zhong Z, Gao Y, Deng Y, Deng Y.	The ω-3 Polyunsaturated Fatty Acid Docosahexaenoic Acid Enhances NK-Cell Antitumor Effector Functions	Cancer immunology research	2024	27	38526128	10.1158/2326-6066.cir-23-0359	PMC11148550	https://pmc.ncbi.nlm.nih.gov/articles/PMC11148550/	fulltext/wu_2024_pmid38526128.xml	oa_xml
metabolism_persistence	translational_human	gu	no	yes	Portale F, Carriero R, Iovino M, Kunderfranco P, Kunderfranco P, Pandini M, Marelli G, Morina N, Lazzeri M, Casale P, Colombo P, De Simone G, Camisaschi C, Lugli E, Basso G, Cibella J, Marchini S, Bordi M, Meregalli G, Garbin A, Dambra M, Magrini E, Rackwitz W, Cecconi F, Corbelli A, Fiordaliso F, Eitler J, Tonn T, Di Mitri D.	C/EBPβ-dependent autophagy inhibition hinders NK cell function in cancer	Nature communications	2024	25	39609420	10.1038/s41467-024-54355-2	PMC11604937	https://pmc.ncbi.nlm.nih.gov/articles/PMC11604937/	fulltext/portale_2024_pmid39609420.xml	oa_xml
metabolism_persistence	process_method	myeloma	yes	no	Sarkar S, Germeraad WT, Rouschop KM, Steeghs EM, van Gelder M, Bos GM, Wieten L.	Hypoxia induced impairment of NK cell cytotoxicity against multiple myeloma can be overcome by IL-2 activation of the NK cells	PloS one	2013	150	23724099	10.1371/journal.pone.0064835	PMC3665801	https://pmc.ncbi.nlm.nih.gov/articles/PMC3665801/	fulltext/sarkar_2013_pmid23724099.xml	oa_xml
metabolism_persistence	review	pan-cancer	no	no	Miao L, Lu C, Zhang B, Li H, Zhao X, Chen H, Liu Y, Cui X.	Advances in metabolic reprogramming of NK cells in the tumor microenvironment on the impact of NK therapy	Journal of translational medicine	2024	61	38433193	10.1186/s12967-024-05033-w	PMC10909296	https://pmc.ncbi.nlm.nih.gov/articles/PMC10909296/	fulltext/miao_2024_pmid38433193.xml	oa_xml
metabolism_persistence	translational_human	gi	yes	yes	von Kries A, Garcés-Lázaro I, Balzasch BM, Sticht C, Shaltiel IA, Boonekamp KE, Sams A, Triassi A, Hofman T, Burgermeister E, Betge J, Ebert M, Boutros M, Helming L, Stojanovic A, Cerwenka A.	Colorectal cancer organoids drive hypoxia, TGF-β, and patient-specific diversification of NK cell activation programs	Journal for immunotherapy of cancer	2025	7	41360426	10.1136/jitc-2025-012988	PMC12684226	https://pmc.ncbi.nlm.nih.gov/articles/PMC12684226/	fulltext/von_2025_pmid41360426.xml	oa_xml
metabolism_persistence	mechanistic	pan-cancer	no	yes	Meng M, Zhong Z, Song L, Zhang Z, Yin X, Xie X, Tian L, Wu W, Yang Y, Deng Y, Peng H, Wu S, Ran G, Lin Y, Lai Q, Bi Q, Yan F, Ji Y, Wang Y, Li X, Yi P, Yu J, Deng Y.	mTOR Signaling Promotes Rapid m6A mRNA Methylation to Regulate NK-Cell Activation and Effector Functions	Cancer immunology research	2024	22	38640466	10.1158/2326-6066.cir-23-0339		https://pubmed.ncbi.nlm.nih.gov/38640466/		metadata_only
metabolism_persistence	process_method	pan-cancer	yes	no	Teng R, Wang Y, Lv N, Zhang D, Williamson RA, Lei L, Chen P, Lei L, Wang B, Fu J, Liu X, He A, O'Dwyer M, Hu J.	Hypoxia Impairs NK Cell Cytotoxicity through SHP-1-Mediated Attenuation of STAT3 and ERK Signaling Pathways	Journal of immunology research	2020	72	33123602	10.1155/2020/4598476	PMC7584946	https://pmc.ncbi.nlm.nih.gov/articles/PMC7584946/	fulltext/teng_2020_pmid33123602.xml	oa_xml
metabolism_persistence	process_method	gu	yes	yes	Xu LJ, Ma Q, Zhu J, Li J, Xue BX, Gao J, Sun CY, Zang YC, Zhou YB, Yang DR, Shan YX.	Combined inhibition of JAK1,2/Stat3‑PD‑L1 signaling pathway suppresses the immune escape of castration‑resistant prostate cancer to NK cells in hypoxia	Molecular medicine reports	2018	47	29693186	10.3892/mmr.2018.8905	PMC5983983	https://pmc.ncbi.nlm.nih.gov/articles/PMC5983983/	fulltext/xu_2018_pmid29693186.xml	oa_xml
metabolism_persistence	review	pan-cancer	yes	no	Ghosh S, Dutta R, Goswami D, Ghatak D, De R.	Mitochondrial dynamics and metabolic attributes regulate function of natural killer cell and infiltration in tumor microenvironment modulating disease progression	Biochimica et biophysica acta. Reviews on cancer	2025	18	41075850	10.1016/j.bbcan.2025.189471		https://pubmed.ncbi.nlm.nih.gov/41075850/		metadata_only
metabolism_persistence	mechanistic	gi	no	no	Wei C, Liao K, Chen HJ, Xiao ZX, Meng Q, Liu ZK, Lu YX, Sheng H, Mo HY, Wu QN, Han Y, Zeng ZL, Guan XY, Luo HY, Ju HQ, Xu RH.	Nuclear mitochondrial acetyl-CoA acetyltransferase 1 orchestrates natural killer cell-dependent antitumor immunity in colorectal cancer	Signal transduction and targeted therapy	2025	6	40289129	10.1038/s41392-025-02221-y	PMC12034769	https://pmc.ncbi.nlm.nih.gov/articles/PMC12034769/	fulltext/wei_2025_pmid40289129.xml	oa_xml
cytokine_support	clinical_trial	aml_mds	yes	yes	Romee R, Rosario M, Berrien-Elliott MM, Wagner JA, Jewell BA, Schappe T, Leong JW, Abdel-Latif S, Schneider SE, Willey S, Neal CC, Yu L, Oh ST, Lee YS, Mulder A, Claas F, Cooper MA, Fehniger TA.	Cytokine-induced memory-like natural killer cells exhibit enhanced responses against myeloid leukemia	Science translational medicine	2016	792	27655849	10.1126/scitranslmed.aaf2341	PMC5436500	https://pmc.ncbi.nlm.nih.gov/articles/PMC5436500/		oa_xml
cytokine_support	review	pan-cancer	yes	yes	Abel AM, Yang C, Thakar MS, Malarkannan S.	Natural Killer Cells: Development, Maturation, and Clinical Utilization	Frontiers in immunology	2018	922	30150991	10.3389/fimmu.2018.01869	PMC6099181	https://pmc.ncbi.nlm.nih.gov/articles/PMC6099181/	fulltext/abel_2018_pmid30150991.xml	oa_xml
cytokine_support	preclinical	pan-cancer	yes	no	D'Andrea A, Aste-Amezaga M, Valiante NM, Ma X, Kubin M, Trinchieri G.	Interleukin 10 (IL-10) inhibits human lymphocyte interferon gamma-production by suppressing natural killer cell stimulatory factor/IL-12 synthesis in accessory cells	The Journal of experimental medicine	1993	947	8102388	10.1084/jem.178.3.1041	PMC2191152	https://pmc.ncbi.nlm.nih.gov/articles/PMC2191152/	fulltext/dandrea_1993_pmid8102388.xml	oa_xml
cytokine_support	preclinical	lymphoma_cll	no	yes	Liu E, Tong Y, Dotti G, Shaim H, Savoldo B, Mukherjee M, Orange J, Wan X, Lu X, Reynolds A, Gagea M, Banerjee P, Cai R, Bdaiwi MH, Basar R, Muftuoglu M, Li L, Marin D, Wierda W, Keating M, Champlin R, Shpall E, Rezvani K.	Cord blood NK cells engineered to express IL-15 and a CD19-targeted CAR show long-term persistence and potent antitumor activity	Leukemia	2018	705	28725044	10.1038/leu.2017.226	PMC6063081	https://pmc.ncbi.nlm.nih.gov/articles/PMC6063081/		oa_xml
cytokine_support	mechanistic	pan-cancer	yes	yes	Carson WE, Giri JG, Lindemann MJ, Linett ML, Ahdieh M, Paxton R, Anderson D, Eisenmann J, Grabstein K, Caligiuri MA.	Interleukin (IL) 15 is a novel cytokine that activates human natural killer cells via components of the IL-2 receptor	The Journal of experimental medicine	1994	774	7523571	10.1084/jem.180.4.1395	PMC2191697	https://pmc.ncbi.nlm.nih.gov/articles/PMC2191697/	fulltext/carson_1994_pmid7523571.xml	oa_xml
cytokine_support	clinical_trial	pan-cancer	yes	yes	Shah NN, Baird K, Delbrook CP, Fleisher TA, Kohler ME, Rampertaap S, Lemberg K, Hurley CK, Kleiner DE, Merchant MS, Pittaluga S, Sabatino M, Stroncek DF, Wayne AS, Zhang H, Fry TJ, Mackall CL.	Acute GVHD in patients receiving IL-15/4-1BBL activated NK cells following T-cell-depleted stem cell transplantation	Blood	2015	200	25452614	10.1182/blood-2014-07-592881	PMC4311226	https://pmc.ncbi.nlm.nih.gov/articles/PMC4311226/		oa_xml
cytokine_support	mechanistic	pan-cancer	yes	yes	Ndhlovu LC, Lopez-Vergès S, Barbour JD, Jones RB, Jha AR, Long BR, Schoeffler EC, Fujita T, Nixon DF, Lanier LL.	Tim-3 marks human natural killer cell maturation and suppresses cell-mediated cytotoxicity	Blood	2012	442	22383801	10.1182/blood-2011-11-392951	PMC3335380	https://pmc.ncbi.nlm.nih.gov/articles/PMC3335380/		oa_xml
cytokine_support	preclinical	pan-cancer	no	yes	Huntington ND, Legrand N, Legrand N, Alves NL, Jaron B, Weijer K, Plet A, Corcuff E, Mortier E, Jacques Y, Spits H, Di Santo JP.	IL-15 trans-presentation promotes human NK cell development and differentiation in vivo	The Journal of experimental medicine	2009	481	19103877	10.1084/jem.20082013	PMC2626663	https://pmc.ncbi.nlm.nih.gov/articles/PMC2626663/	fulltext/huntington_2009_pmid19103877.xml	oa_xml
cytokine_support	preclinical	pan-cancer	yes	no	Kitamura H, Iwakabe K, Yahata T, Nishimura S, Ohta A, Ohmi Y, Sato M, Takeda K, Okumura K, Van Kaer L, Kawano T, Taniguchi M, Nishimura T.	The natural killer T (NKT) cell ligand alpha-galactosylceramide demonstrates its immunopotentiating effect by inducing interleukin (IL)-12 production by dendritic cells and IL-12 receptor expression on NKT cells	The Journal of experimental medicine	1999	448	10190903	10.1084/jem.189.7.1121	PMC2193012	https://pmc.ncbi.nlm.nih.gov/articles/PMC2193012/	fulltext/kitamura_1999_pmid10190903.xml	oa_xml
cytokine_support	clinical_trial	aml_mds	yes	yes	Berrien-Elliott MM, Becker-Hapak M, Cashen AF, Jacobs M, Wong P, Foster M, McClain E, Desai S, Pence P, Cooley S, Brunstein C, Gao F, Abboud CN, Uy GL, Westervelt P, Jacoby MA, Pusic I, Stockerl-Goldstein KE, Schroeder MA, DiPersio JF, Soon-Shiong P, Miller JS, Fehniger TA.	Systemic IL-15 promotes allogeneic cell rejection in patients treated with natural killer cell adoptive therapy	Blood	2022	103	34797911	10.1182/blood.2021011532	PMC9211446	https://pmc.ncbi.nlm.nih.gov/articles/PMC9211446/		oa_xml
cytokine_support	preclinical	pan-cancer	yes	yes	Denman CJ, Senyukov VV, Somanchi SS, Phatarpekar PV, Kopp LM, Johnson JL, Singh H, Hurton L, Maiti SN, Huls MH, Champlin RE, Cooper LJ, Lee DA.	Membrane-bound IL-21 promotes sustained ex vivo proliferation of human natural killer cells	PloS one	2012	566	22279576	10.1371/journal.pone.0030264	PMC3261192	https://pmc.ncbi.nlm.nih.gov/articles/PMC3261192/	fulltext/denman_2012_pmid22279576.xml	oa_xml
cytokine_support	preclinical	pan-cancer	no	yes	Ni J, Miller M, Stojanovic A, Garbi N, Cerwenka A.	Sustained effector function of IL-12/15/18-preactivated NK cells against established tumors	The Journal of experimental medicine	2012	334	23209317	10.1084/jem.20120944	PMC3526364	https://pmc.ncbi.nlm.nih.gov/articles/PMC3526364/	fulltext/ni_2012_pmid23209317.xml	oa_xml
cytokine_support	clinical_trial	pan-cancer	yes	yes	Viaud S, Terme M, Flament C, Taieb J, André F, Novault S, Escudier B, Robert C, Caillat-Zucman S, Tursz T, Zitvogel L, Chaput N.	Dendritic cell-derived exosomes promote natural killer cell activation and proliferation: a role for NKG2D ligands and IL-15Ralpha	PloS one	2009	371	19319200	10.1371/journal.pone.0004942	PMC2657211	https://pmc.ncbi.nlm.nih.gov/articles/PMC2657211/	fulltext/viaud_2009_pmid19319200.xml	oa_xml
cytokine_support	preclinical	lymphoma_cll;gi	no	yes	Van den Eynde A, Gehrcken L, Verhezen T, Lau HW, Hermans C, Lambrechts H, Flieswasser T, Quatannens D, Roex G, Zwaenepoel K, Marcq E, Joye P, Cardenas De La Hoz E, Deben C, Gasparini A, Montay-Gruel P, Le Compte M, Lion E, Lardon F, Van Laere S, Siozopoulou V, Campillo-Davo D, De Waele J, Pauwels P, Jacobs J, Smits E, Van Audenaerde JRM.	IL-15-secreting CAR natural killer cells directed toward the pan-cancer target CD70 eliminate both cancer cells and cancer-associated fibroblasts	Journal of hematology & oncology	2024	90	38331849	10.1186/s13045-024-01525-w	PMC10854128	https://pmc.ncbi.nlm.nih.gov/articles/PMC10854128/	fulltext/van_2024_pmid38331849.xml	oa_xml
cytokine_support	preclinical	gbm_cns	no	yes	Shanley M, Daher M, Dou J, Li S, Basar R, Rafei H, Dede M, Gumin J, Pantaleόn Garcίa J, Nunez Cortes AK, He S, Jones CM, Acharya S, Fowlkes NW, Xiong D, Singh S, Shaim H, Hicks SC, Liu B, Jain A, Zaman MF, Miao Q, Li Y, Uprety N, Liu E, Muniz-Feliciano L, Deyter GM, Mohanty V, Zhang P, Evans SE, Shpall EJ, Lang FF, Chen K, Rezvani K.	Interleukin-21 engineering enhances NK cell activity against glioblastoma via CEBPD	Cancer cell	2024	83	39137729	10.1016/j.ccell.2024.07.007	PMC11370652	https://pmc.ncbi.nlm.nih.gov/articles/PMC11370652/		oa_xml
cytokine_support	review	pan-cancer	yes	yes	Carlsten M, Childs RW.	Genetic Manipulation of NK Cells for Cancer Immunotherapy: Techniques and Clinical Implications	Frontiers in immunology	2015	191	26113846	10.3389/fimmu.2015.00266	PMC4462109	https://pmc.ncbi.nlm.nih.gov/articles/PMC4462109/	fulltext/carlsten_2015_pmid26113846.xml	oa_xml
cytokine_support	preclinical	pan-cancer	yes	yes	Rafei H, Basar R, Acharya S, Hsu YS, Liu P, Zhang D, Bohn T, Liang Q, Mohanty V, Upadhyay R, Li P, Phadatare P, Dede M, Xiong D, Fan H, Jones CM, Kunz S, Daher M, Nunez Cortes AK, Shanley M, Liu B, Moseley SM, Zhang C, Fang D, Banerjee P, Uprety N, Li Y, Shrestha R, Wan X, Shen H, Woods V, Gilbert AL, Rawal S, Dou J, Tan Y, Park JM, Reyes Silva F, Biederstädt A, Kaplan M, Jiang XR, Biederstädt I, Kumar B, Tiberti S, Moore M, Jin J, Yang RZ, Muniz-Feliciano L, Rosemore S, Lin P, Deyter GM, Fowlkes NW, Jain AK, Marin D, Maitra A, Chen K, Bopp T, Shpall EJ, Rezvani K.	CREM is a regulatory checkpoint of CAR and IL-15 signalling in NK cells	Nature	2025	35	40468083	10.1038/s41586-025-09087-8	PMC12286855	https://pmc.ncbi.nlm.nih.gov/articles/PMC12286855/	fulltext/rafei_2025_pmid40468083.xml	oa_xml
cytokine_support	preclinical	lymphoma_cll	yes	yes	Berjis A, Muthumani D, Aguilar OA, Pomp O, Johnson O, Finck AV, Engel NW, Chen L, Plachta N, Scholler J, Lanier LL, June CH, Sheppard NC.	Pretreatment with IL-15 and IL-18 rescues natural killer cells from granzyme B-mediated apoptosis after cryopreservation	Nature communications	2024	44	38729924	10.1038/s41467-024-47574-0	PMC11087472	https://pmc.ncbi.nlm.nih.gov/articles/PMC11087472/	fulltext/berjis_2024_pmid38729924.xml	oa_xml
cytokine_support	mechanistic	pan-cancer	yes	yes	Kennedy PR, Arvindam US, Phung SK, Ettestad B, Feng X, Li Y, Kile QM, Hinderlie P, Khaw M, Huang RS, Kaufman M, Puchalska P, Russell A, Butler J, Abbott L, McClure P, Luo X, Lu QT, Blazar BR, Crawford PA, Lim J, Miller JS, Felices M.	Metabolic programs drive function of therapeutic NK cells in hypoxic tumor environments	Science advances	2024	50	39475618	10.1126/sciadv.adn1849	PMC11524192	https://pmc.ncbi.nlm.nih.gov/articles/PMC11524192/	fulltext/kennedy_2024_pmid39475618.xml	oa_xml
cytokine_support	process_method	pan-cancer	yes	yes	Choi YH, Lim EJ, Kim SW, Moon YW, Park KS, An HJ.	IL-27 enhances IL-15/IL-18-mediated activation of human natural killer cells	Journal for immunotherapy of cancer	2019	90	31277710	10.1186/s40425-019-0652-7	PMC6612093	https://pmc.ncbi.nlm.nih.gov/articles/PMC6612093/	fulltext/choi_2019_pmid31277710.xml	oa_xml
cytokine_support	process_method	pan-cancer	yes	yes	Kweon S, Phan MT, Chun S, Yu H, Kim J, Kim S, Lee J, Ali AK, Lee SH, Kim SK, Doh J, Cho D.	Expansion of Human NK Cells Using K562 Cells Expressing OX40 Ligand and Short Exposure to IL-21	Frontiers in immunology	2019	87	31105701	10.3389/fimmu.2019.00879	PMC6491902	https://pmc.ncbi.nlm.nih.gov/articles/PMC6491902/	fulltext/kweon_2019_pmid31105701.xml	oa_xml
cytokine_support	process_method	pan-cancer	yes	yes	Sahm C, Schönfeld K, Wels WS.	Expression of IL-15 in NK cells results in rapid enrichment and selective cytotoxicity of gene-modified effectors that carry a tumor-specific antigen receptor	Cancer immunology, immunotherapy : CII	2012	153	22310931	10.1007/s00262-012-1212-x	PMC11029748	https://pmc.ncbi.nlm.nih.gov/articles/PMC11029748/		oa_xml
cytokine_support	translational_human	pan-cancer	yes	yes	Al-Attar A, Presnell SR, Clasey JL, Long DE, Walton RG, Sexton M, Starr ME, Kern PA, Peterson CA, Lutz CT.	Human Body Composition and Immunity: Visceral Adipose Tissue Produces IL-15 and Muscle Strength Inversely Correlates with NK Cell Function in Elderly Humans	Frontiers in immunology	2018	23	29559978	10.3389/fimmu.2018.00440	PMC5845694	https://pmc.ncbi.nlm.nih.gov/articles/PMC5845694/	fulltext/alattar_2018_pmid29559978.xml	oa_xml
cytokine_support	translational_human	aml_mds	no	yes	Li Y, Guo C, Zhang F, Cheng S, Li Y, Luo S, Zeng Y, Zhao Y, Wu K.	DNMT1 inhibition improves the activity of memory-like natural killer cells by enhancing the level of autophagy	Molecular biology reports	2024	6	39704855	10.1007/s11033-024-10181-9	PMC11662054	https://pmc.ncbi.nlm.nih.gov/articles/PMC11662054/	fulltext/li_2024_pmid39704855.xml	oa_xml
expansion_feeders	preclinical	aml_mds	yes	yes	Fujisaki H, Kakuda H, Shimasaki N, Imai C, Ma J, Lockey T, Eldridge P, Leung WH, Campana D.	Expansion of highly cytotoxic human natural killer cells for cancer cell therapy	Cancer research	2009	469	19383914	10.1158/0008-5472.can-08-3712	PMC2716664	https://pmc.ncbi.nlm.nih.gov/articles/PMC2716664/		oa_xml
expansion_feeders	clinical_trial	pan-cancer	yes	yes	Rölle A, Pollmann J, Ewen EM, Le VT, Halenius A, Hengel H, Cerwenka A.	IL-12-producing monocytes and HLA-E control HCMV-driven NKG2C+ NK cell expansion	The Journal of clinical investigation	2014	166	25384219	10.1172/jci77440	PMC4348979	https://pmc.ncbi.nlm.nih.gov/articles/PMC4348979/		oa_xml
expansion_feeders	process_method	pan-cancer	yes	yes	Knorr DA, Ni Z, Hermanson D, Hexum MK, Bendzick L, Cooper LJ, Lee DA, Kaufman DS.	Clinical-scale derivation of natural killer cells from human pluripotent stem cells for cancer therapy	Stem cells translational medicine	2013	337	23515118	10.5966/sctm.2012-0084	PMC3659832	https://pmc.ncbi.nlm.nih.gov/articles/PMC3659832/		oa_xml
expansion_feeders	process_method	pan-cancer	yes	no	Lapteva N, Durett AG, Sun J, Rollins LA, Huye LL, Fang J, Dandekar V, Mei Z, Jackson K, Vera J, Ando J, Ngo MC, Coustan-Smith E, Campana D, Szmania S, Garg T, Moreno-Bost A, Vanrhee F, Gee AP, Rooney CM.	Large-scale ex vivo expansion and characterization of natural killer cells for clinical applications	Cytotherapy	2012	176	22900959	10.3109/14653249.2012.700767	PMC4787300	https://pmc.ncbi.nlm.nih.gov/articles/PMC4787300/		oa_xml
expansion_feeders	preclinical	gi	yes	yes	Sun Y, Hu H, Liu Z, Xu J, Gao Y, Zhan X, Zhou S, Zhong W, Wu D, Wang P, Rao Z, Kong L, Zhou H.	Macrophage STING signaling promotes NK cell to suppress colorectal cancer liver metastasis via 4-1BBL/4-1BB co-stimulation	Journal for immunotherapy of cancer	2023	107	36927529	10.1136/jitc-2022-006481	PMC10030919	https://pmc.ncbi.nlm.nih.gov/articles/PMC10030919/	fulltext/sun_2023_pmid36927529.xml	oa_xml
expansion_feeders	process_method	myeloma	yes	no	Sutlu T, Stellan B, Gilljam M, Quezada HC, Nahi H, Gahrton G, Alici E.	Clinical-grade, large-scale, feeder-free expansion of highly active human natural killer cells for adoptive immunotherapy using an automated bioreactor	Cytotherapy	2010	104	20795758	10.3109/14653249.2010.504770		https://pubmed.ncbi.nlm.nih.gov/20795758/		metadata_only
expansion_feeders	clinical_trial	neuroblastoma_sarcoma	yes	no	Cho D, Shook DR, Shimasaki N, Chang YH, Fujisaki H, Campana D.	Cytotoxicity of activated natural killer cells against pediatric solid tumors	Clinical cancer research : an official journal of the American Association for Cancer Research	2010	190	20542985	10.1158/1078-0432.ccr-10-0735	PMC3168562	https://pmc.ncbi.nlm.nih.gov/articles/PMC3168562/		oa_xml
expansion_feeders	process_method	gi	yes	yes	Wang X, Byrne ME, Liu C, Ma MT, Liu D.	Scalable process development of NK and CAR-NK expansion in a closed bioreactor	Frontiers in immunology	2024	16	39114666	10.3389/fimmu.2024.1412378	PMC11303211	https://pmc.ncbi.nlm.nih.gov/articles/PMC11303211/	fulltext/wang_2024_pmid39114666.xml	oa_xml
expansion_feeders	clinical_trial	myeloma	yes	no	Leivas A, Perez-Martinez A, Blanchard MJ, Martín-Clavero E, Fernández L, Lahuerta JJ, Martinez-Lopez J, Martinez-Lopez J.	Novel treatment strategy with autologous activated and expanded natural killer cells plus anti-myeloma drugs for multiple myeloma	Oncoimmunology	2016	70	28123890	10.1080/2162402x.2016.1250051	PMC5213771	https://pmc.ncbi.nlm.nih.gov/articles/PMC5213771/	fulltext/leivas_2016_pmid28123890.xml	oa_xml
expansion_feeders	process_method	pan-cancer	yes	no	Huijskens MJ, Walczak M, Sarkar S, Atrafi F, Senden-Gijsbers BL, Tilanus MG, Bos GM, Wieten L, Germeraad WT.	Ascorbic acid promotes proliferation of natural killer cell populations in culture systems applicable for natural killer cell therapy	Cytotherapy	2015	66	25747742	10.1016/j.jcyt.2015.01.004		https://pubmed.ncbi.nlm.nih.gov/25747742/		metadata_only
expansion_feeders	process_method	pan-cancer	yes	yes	Fernández L, Fernández A, Mirones I, Escudero A, Cardoso L, Vela M, Lanzarot D, de Paz R, Leivas A, Gallardo M, Marcos A, Romero AB, Martínez-López J, Martínez-López J, Pérez-Martínez A.	GMP-Compliant Manufacturing of NKG2D CAR Memory T Cells Using CliniMACS Prodigy	Frontiers in immunology	2019	52	31649672	10.3389/fimmu.2019.02361	PMC6795760	https://pmc.ncbi.nlm.nih.gov/articles/PMC6795760/	fulltext/fernndez_2019_pmid31649672.xml	oa_xml
expansion_feeders	preclinical	hnscc_melanoma	yes	yes	Granzin M, Stojanovic A, Miller M, Childs R, Huppert V, Cerwenka A.	Highly efficient IL-21 and feeder cell-driven ex vivo expansion of human NK cells with therapeutic activity in a xenograft mouse model of melanoma	Oncoimmunology	2016	73	27757317	10.1080/2162402x.2016.1219007	PMC5048763	https://pmc.ncbi.nlm.nih.gov/articles/PMC5048763/		oa_xml
expansion_feeders	preclinical	gi	yes	yes	Kamiya T, Chang YH, Campana D.	Expanded and Activated Natural Killer Cells for Immunotherapy of Hepatocellular Carcinoma	Cancer immunology research	2016	78	27197065	10.1158/2326-6066.cir-15-0229		https://pubmed.ncbi.nlm.nih.gov/27197065/		metadata_only
expansion_feeders	preclinical	aml_mds	yes	yes	Siegler U, Meyer-Monard S, Jörger S, Stern M, Tichelli A, Gratwohl A, Wodnar-Filipowicz A, Kalberer CP.	Good manufacturing practice-compliant cell sorting and large-scale expansion of single KIR-positive alloreactive human natural killer cells for multiple infusions to leukemia patients	Cytotherapy	2010	68	20491532	10.3109/14653241003786155		https://pubmed.ncbi.nlm.nih.gov/20491532/		metadata_only
expansion_feeders	preclinical	myeloma	yes	no	Shah N, Martin-Antonio B, Yang H, Ku S, Lee DA, Cooper LJ, Decker WK, Li S, Robinson SN, Sekine T, Parmar S, Gribben J, Wang M, Rezvani K, Yvon E, Najjar A, Burks J, Kaur I, Champlin RE, Bollard CM, Shpall EJ.	Antigen presenting cell-mediated expansion of human umbilical cord blood yields log-scale expansion of natural killer cells with anti-myeloma activity	PloS one	2013	156	24204673	10.1371/journal.pone.0076781	PMC3800010	https://pmc.ncbi.nlm.nih.gov/articles/PMC3800010/	fulltext/shah_2013_pmid24204673.xml	oa_xml
expansion_feeders	preclinical	pan-cancer	yes	yes	Somanchi SS, Senyukov VV, Denman CJ, Lee DA.	Expansion, purification, and functional assessment of human peripheral blood NK cells	Journal of visualized experiments : JoVE	2011	128	21339714	10.3791/2540	PMC3180743	https://pmc.ncbi.nlm.nih.gov/articles/PMC3180743/		oa_xml
expansion_feeders	translational_human	pan-cancer	yes	yes	Zhu H, Kaufman DS.	An Improved Method to Produce Clinical-Scale Natural Killer Cells from Human Pluripotent Stem Cells	Methods in molecular biology (Clifton, N.J.)	2019	121	31396935	10.1007/978-1-4939-9728-2_12		https://pubmed.ncbi.nlm.nih.gov/31396935/		metadata_only
expansion_feeders	process_method	aml_mds	yes	yes	Klöß S, Oberschmidt O, Morgan M, Dahlke J, Arseniev L, Huppert V, Granzin M, Gardlowski T, Matthies N, Soltenborn S, Schambach A, Koehl U.	Optimization of Human NK Cell Manufacturing: Fully Automated Separation, Improved Ex Vivo Expansion Using IL-21 with Autologous Feeder Cells, and Generation of Anti-CD123-CAR-Expressing Effector Cells	Human gene therapy	2017	112	28810809	10.1089/hum.2017.157		https://pubmed.ncbi.nlm.nih.gov/28810809/		metadata_only
expansion_feeders	process_method	myeloma	yes	yes	Reina-Ortiz C, Constantinides M, Fayd-Herbe-de-Maudave A, Présumey J, Hernandez J, Cartron G, Giraldos D, Díez R, Izquierdo I, Azaceta G, Palomera L, Marzo I, Naval J, Anel A, Villalba M.	Expanded NK cells from umbilical cord blood and adult peripheral blood combined with daratumumab are effective against tumor cells from multiple myeloma patients	Oncoimmunology	2020	34	33457074	10.1080/2162402x.2020.1853314	PMC7781838	https://pmc.ncbi.nlm.nih.gov/articles/PMC7781838/	fulltext/reinaortiz_2020_pmid33457074.xml	oa_xml
expansion_feeders	preclinical	aml_mds;gi	yes	no	Oyer JL, Pandey V, Igarashi RY, Somanchi SS, Zakari A, Solh M, Lee DA, Altomare DA, Copik AJ.	Natural killer cells stimulated with PM21 particles expand and biodistribute in vivo: Clinical implications for cancer treatment	Cytotherapy	2016	78	27059202	10.1016/j.jcyt.2016.02.006		https://pubmed.ncbi.nlm.nih.gov/27059202/		metadata_only
expansion_feeders	review	pan-cancer	yes	yes	Gurney M, Kundu S, Pandey S, O'Dwyer M.	Feeder Cells at the Interface of Natural Killer Cell Activation, Expansion and Gene Editing	Frontiers in immunology	2022	39	35222382	10.3389/fimmu.2022.802906	PMC8873083	https://pmc.ncbi.nlm.nih.gov/articles/PMC8873083/	fulltext/gurney_2022_pmid35222382.xml	oa_xml
expansion_feeders	preclinical	neuroblastoma_sarcoma	yes	yes	Ojo EO, Sharma AA, Liu R, Moreton S, Checkley-Luttge MA, Gupta K, Lee G, Lee DA, Otegbeye F, Sekaly RP, de Lima M, Wald DN.	Membrane bound IL-21 based NK cell feeder cells drive robust expansion and metabolic activation of NK cells	Scientific reports	2019	113	31624330	10.1038/s41598-019-51287-6	PMC6797802	https://pmc.ncbi.nlm.nih.gov/articles/PMC6797802/	fulltext/ojo_2019_pmid31624330.xml	oa_xml
expansion_feeders	process_method	pan-cancer	yes	no	Kang L, Voskinarian-Berse V, Law E, Reddin T, Bhatia M, Hariri A, Ning Y, Dong D, Maguire T, Yarmush M, Hofgartner W, Abbot S, Zhang X, Hariri R.	Characterization and ex vivo Expansion of Human Placenta-Derived Natural Killer Cells for Cancer Immunotherapy	Frontiers in immunology	2013	38	23641243	10.3389/fimmu.2013.00101	PMC3640206	https://pmc.ncbi.nlm.nih.gov/articles/PMC3640206/	fulltext/kang_2013_pmid23641243.xml	oa_xml
expansion_feeders	process_method	pan-cancer	yes	yes	Cho D, Campana D.	Expansion and activation of natural killer cells for cancer immunotherapy	The Korean journal of laboratory medicine	2009	79	19411773	10.3343/kjlm.2009.29.2.89	PMC2771620	https://pmc.ncbi.nlm.nih.gov/articles/PMC2771620/		oa_xml
expansion_feeders	preclinical	pan-cancer	yes	yes	Oyer JL, Croom-Perez TJ, Hasan MF, Rivera-Huertas JA, Gitto SB, Mucha JM, Zhu X, Altomare DA, Igarashi RY, Copik AJ.	PM21-particle stimulation augmented with cytokines enhances NK cell expansion and confers memory-like characteristics with enhanced survival	Frontiers in immunology	2024	7	38711506	10.3389/fimmu.2024.1383281	PMC11070970	https://pmc.ncbi.nlm.nih.gov/articles/PMC11070970/	fulltext/oyer_2024_pmid38711506.xml	oa_xml
expansion_feeders	preclinical	pan-cancer	yes	yes	Lin H, Ye S, Zhang S, Ge T, Li D, Huang L, Zhu L, Mu W.	Optimizing the procedure for manufacturing clinical-grade genetically manipulated natural killer cells for adoptive immunotherapy	Cytotherapy	2025	6	39570247	10.1016/j.jcyt.2024.10.006		https://pubmed.ncbi.nlm.nih.gov/39570247/		metadata_only
expansion_feeders	process_method	pan-cancer	yes	yes	Tran TBT, Bui TVA, Tran TMT, Nguyen NM, Nguyen HTP, Tran TPD, Nguyen DMQ, Ngo TMQ, Nguyen TB, Verhoeyen E, Tran NT, Nguyen HN, Tran LS.	In Vitro Expansion and Transduction of Primary NK Cells Using Feeder Cells Expressing Costimulatory Molecules and IL-21	Cancer science	2025	6	40325497	10.1111/cas.70090	PMC12210053	https://pmc.ncbi.nlm.nih.gov/articles/PMC12210053/	fulltext/tran_2025_pmid40325497.xml	oa_xml
expansion_feeders	review	pan-cancer	yes	yes	Lee J, Kim M, Jeong H, Noh I, Park J.	Recent advances in feeder-free NK cell expansion as a future direction of adoptive cell therapy	Frontiers in immunology	2025	4	41089682	10.3389/fimmu.2025.1675353	PMC12515938	https://pmc.ncbi.nlm.nih.gov/articles/PMC12515938/	fulltext/lee_2025_pmid41089682.xml	oa_xml
expansion_feeders	process_method	pan-cancer	yes	yes	Kikuchi T, Takeuchi I, Yamaguchi H.	Scalable production process development for NK cells targeting large-scale expansion	Regenerative therapy	2025	5	40808775	10.1016/j.reth.2025.07.014	PMC12347513	https://pmc.ncbi.nlm.nih.gov/articles/PMC12347513/	fulltext/kikuchi_2025_pmid40808775.xml	oa_xml
expansion_feeders	translational_human	lymphoma_cll	yes	yes	Mou J, Xie L, Xu Y, Zhou T, Liu Y, Huang Q, Tang K, Tian Z, Xing H, Qiu S, Rao Q, Wang M, Wang J.	2B4 inhibits the apoptosis of natural killer cells through phosphorylated extracellular signal-related kinase/B-cell lymphoma 2 signal pathway	Cytotherapy	2023	7	37516949	10.1016/j.jcyt.2023.07.002		https://pubmed.ncbi.nlm.nih.gov/37516949/		metadata_only
cryo_qc_manufacturing	process_method	pan-cancer	yes	yes	Joules A, Mallya AS, Louwagie T, Yu G, Hubel A.	Probing mechanisms of cryopreservation damage to natural killer cells	Cytotherapy	2025	9	39918490	10.1016/j.jcyt.2025.01.012		https://pubmed.ncbi.nlm.nih.gov/39918490/		metadata_only
cryo_qc_manufacturing	mechanistic	pan-cancer	yes	no	Mark C, Czerwinski T, Roessner S, Mainka A, Hörsch F, Heublein L, Winterl A, Sanokowski S, Richter S, Bauer N, Angelini TE, Schuler G, Fabry B, Voskens CJ.	Cryopreservation impairs 3-D migration and cytotoxicity of natural killer cells	Nature communications	2020	81	33067467	10.1038/s41467-020-19094-0	PMC7568558	https://pmc.ncbi.nlm.nih.gov/articles/PMC7568558/	fulltext/mark_2020_pmid33067467.xml	oa_xml
cryo_qc_manufacturing	process_method	pan-cancer	yes	no	Vasu S, Berg M, Davidson-Moncada J, Tian X, Cullis H, Childs RW.	A novel method to expand large numbers of CD56(+) natural killer cells from a minute fraction of selectively accessed cryopreserved cord blood for immunotherapy after transplantation	Cytotherapy	2015	33	26432560	10.1016/j.jcyt.2015.07.020	PMC7241296	https://pmc.ncbi.nlm.nih.gov/articles/PMC7241296/		oa_xml
cryo_qc_manufacturing	process_method	pan-cancer	yes	yes	Yao X, Jovevski JJ, Todd MF, Xu R, Li Y, Wang J, Matosevic S.	Nanoparticle-Mediated Intracellular Protection of Natural Killer Cells Avoids Cryoinjury and Retains Potent Antitumor Functions	Advanced science (Weinheim, Baden-Wurttemberg, Germany)	2020	40	32382476	10.1002/advs.201902938	PMC7201255	https://pmc.ncbi.nlm.nih.gov/articles/PMC7201255/	fulltext/yao_2020_pmid32382476.xml	oa_xml
cryo_qc_manufacturing	process_method	pan-cancer	yes	no	Lee S, Joo Y, Lee EJ, Byeon Y, Kim JH, Pyo KH, Kim YS, Lim SM, Kilbride P, Iyer RK, Li M, French MC, Lee JY, Kang J, Byun H, Cho BC.	Successful expansion and cryopreservation of human natural killer cell line NK-92 for clinical manufacturing	PloS one	2024	13	38394177	10.1371/journal.pone.0294857	PMC10889882	https://pmc.ncbi.nlm.nih.gov/articles/PMC10889882/	fulltext/lee_2024_pmid38394177.xml	oa_xml
cryo_qc_manufacturing	mechanistic	pan-cancer	yes	no	Damodharan SN, Walker KL, Forsberg MH, McDowell KA, Bouchlaka MN, Drier DA, Sondel PM, DeSantes KB, Capitini CM.	Analysis of ex vivo expanded and activated clinical-grade human NK cells after cryopreservation	Cytotherapy	2020	35	32536506	10.1016/j.jcyt.2020.05.001	PMC7387178	https://pmc.ncbi.nlm.nih.gov/articles/PMC7387178/		oa_xml
cryo_qc_manufacturing	process_method	breast	yes	no	Nham T, Poznanski SM, Fan IY, Vahedi F, Shenouda MM, Lee AJ, Chew MV, Hogg RT, Lee DA, Ashkar AA.	Ex Vivo-expanded Natural Killer Cells Derived From Long-term Cryopreserved Cord Blood are Cytotoxic Against Primary Breast Cancer Cells	Journal of immunotherapy (Hagerstown, Md. : 1997)	2018	32	29189387	10.1097/cji.0000000000000192		https://pubmed.ncbi.nlm.nih.gov/29189387/		metadata_only
cryo_qc_manufacturing	process_method	pan-cancer	yes	no	Zhou X, Zhang S, Yang W, Gonder S, Sadjadi Z, Piernitzki N, Moter A, Sharma S, Largeot A, Küchler N, Kaschek L, Schäfer G, Schwarz EC, Eichler H, Ullrich E, Rieger H, Staufer O, Paggetti J, Moussay E, Hoth M, Qu B.	Restoring NK Cell Cytotoxicity Post-Cryopreservation via Synthetic Cells	Advanced science (Weinheim, Baden-Wurttemberg, Germany)	2025	4	40966444	10.1002/advs.202505731	PMC12622558	https://pmc.ncbi.nlm.nih.gov/articles/PMC12622558/	fulltext/zhou_2025_pmid40966444.xml	oa_xml
cryo_qc_manufacturing	mechanistic	pan-cancer	yes	yes	Reusch U, Ellwanger K, Fucek I, Müller T, Schniegler-Mattox U, Koch J, Tesar M.	Cryopreservation of Natural Killer Cells Pre-Complexed with Innate Cell Engagers	Antibodies (Basel, Switzerland)	2022	12	35225870	10.3390/antib11010012	PMC8883965	https://pmc.ncbi.nlm.nih.gov/articles/PMC8883965/	fulltext/reusch_2022_pmid35225870.xml	oa_xml
cryo_qc_manufacturing	mechanistic	breast	yes	no	St-Denis-Bissonnette F, Qiu S, Cummings SE, Kirkby M, Haile Y, Wassmer S, Muradia G, Mehic J, Stalker A, Shrestha A, Ardolino M, Lee SH, Burger D, Wang L, Lavoie JR.	Evaluation of resazurin phenoxazine dye as a highly sensitive cell viability potency assay for natural killer cell-derived extracellular vesicle-based cancer biotherapeutics	Journal of extracellular biology	2024	6	39022723	10.1002/jex2.166	PMC11253028	https://pmc.ncbi.nlm.nih.gov/articles/PMC11253028/	fulltext/stdenisbissonnette_2024_pmid39022723.xml	oa_xml
cryo_qc_manufacturing	mechanistic	pan-cancer	yes	no	Holubova M, Miklikova M, Leba M, Georgiev D, Jindra P, Caprnda M, Ciccocioppo R, Kruzliak P, Lysak D.	Cryopreserved NK cells in the treatment of haematological malignancies: preclinical study	Journal of cancer research and clinical oncology	2016	18	27614454	10.1007/s00432-016-2247-8	PMC11819048	https://pmc.ncbi.nlm.nih.gov/articles/PMC11819048/		oa_xml
cryo_qc_manufacturing	process_method	pan-cancer	yes	no	Joules A, Louwagie T, Mallya AS, Hubel A.	Natural killer cell cryopreservation: Influence of composition, temperature, and granules on post-thaw survival and function	Molecular therapy. Advances	2026	0	42564981	10.1016/j.omta.2026.201813	PMC13446314	https://pmc.ncbi.nlm.nih.gov/articles/PMC13446314/	fulltext/joules_2026_pmid42564981.xml	oa_xml
cryo_qc_manufacturing	process_method	pan-cancer	yes	no	Liu Y, Liu X, Wu G, Wang X, Yu K, Wang H, Sun X, An Z, Xu H, Zhao L, Shi C, Zheng SG, Huang M, Zhang Z, Wang Z.	Induction of stress granules alleviates programmed cell death induced by lysosomal damage during NK cell cryopreservation	Cell death discovery	2026	0	42098076	10.1038/s41420-026-03149-0	PMC13319456	https://pmc.ncbi.nlm.nih.gov/articles/PMC13319456/	fulltext/liu_2026_pmid42098076.xml	oa_xml
cryo_qc_manufacturing	process_method	pan-cancer	yes	no	Kikuchi T, Takeuchi I, Yamaguchi H.	Evaluation of several type of chemical cryoprotectants and combination towards cryopreservation of NK cell	Cytotechnology	2025	0	41208818	10.1007/s10616-025-00865-w		https://pubmed.ncbi.nlm.nih.gov/41208818/		metadata_only
cryo_qc_manufacturing	mechanistic	pan-cancer	yes	no	Mark C, Czerwinski T, Roessner S, Mainka A, Hörsch F, Heublein L, Winterl A, Sanokowski S, Richter S, Bauer N, Schuler G, Fabry B, Voskens CJ.	Cryopreservation impairs cytotoxicity and migration of NK cells in 3-D tissue: Implications for cancer immunotherapy	bioRxiv	2019	0		10.1101/812172		https://doi.org/10.1101/812172		metadata_only
checkpoints_inhibitory	clinical_trial	hnscc_melanoma	no	yes	André P, Denis C, Soulas C, Bourbon-Caillet C, Lopez J, Arnoux T, Bléry M, Bonnafous C, Gauthier L, Morel A, Rossi B, Remark R, Breso V, Bonnet E, Habif G, Guia S, Lalanne AI, Hoffmann C, Lantz O, Fayette J, Boyer-Chammard A, Zerbib R, Dodion P, Ghadially H, Jure-Kunkel M, Morel Y, Herbst R, Narni-Mancinelli E, Cohen RB, Vivier E.	Anti-NKG2A mAb Is a Checkpoint Inhibitor that Promotes Anti-tumor Immunity by Unleashing Both T and NK Cells	Cell	2018	1029	30503213	10.1016/j.cell.2018.10.014	PMC6292840	https://pmc.ncbi.nlm.nih.gov/articles/PMC6292840/	fulltext/andr_2018_pmid30503213.xml	oa_xml
checkpoints_inhibitory	preclinical	pan-cancer	yes	no	Zhang Q, Bi J, Zheng X, Chen Y, Wang H, Wu W, Wang Z, Wu Q, Peng H, Wei H, Sun R, Tian Z.	Blockade of the checkpoint receptor TIGIT prevents NK cell exhaustion and elicits potent anti-tumor immunity	Nature immunology	2018	933	29915296	10.1038/s41590-018-0132-0		https://pubmed.ncbi.nlm.nih.gov/29915296/		metadata_only
checkpoints_inhibitory	clinical_trial	myeloma	no	no	Benson DM, Bakan CE, Mishra A, Hofmeister CC, Efebera Y, Becknell B, Baiocchi RA, Zhang J, Yu J, Smith MK, Greenfield CN, Porcu P, Devine SM, Rotem-Yehudar R, Lozanski G, Byrd JC, Caligiuri MA.	The PD-1/PD-L1 axis modulates the natural killer cell versus multiple myeloma effect: a therapeutic target for CT-011, a novel monoclonal anti-PD-1 antibody	Blood	2010	672	20460501	10.1182/blood-2010-02-271874	PMC3490105	https://pmc.ncbi.nlm.nih.gov/articles/PMC3490105/		oa_xml
checkpoints_inhibitory	preclinical	pan-cancer	yes	no	Hsu J, Hodgins JJ, Marathe M, Nicolai CJ, Bourgeois-Daigneault MC, Trevino TN, Azimi CS, Scheer AK, Randolph HE, Thompson TW, Zhang L, Iannello A, Mathur N, Jardine KE, Kirn GA, Bell JC, McBurney MW, Raulet DH, Ardolino M.	Contribution of NK cells to immunotherapy mediated by PD-1/PD-L1 blockade	The Journal of clinical investigation	2018	703	30198904	10.1172/jci99317	PMC6159991	https://pmc.ncbi.nlm.nih.gov/articles/PMC6159991/		oa_xml
checkpoints_inhibitory	preclinical	gi	yes	yes	Liu X, Song J, Zhang H, Liu X, Zuo F, Zhao Y, Zhao Y, Yin X, Guo X, Wu X, Zhang H, Xu J, Hu J, Jing J, Ma X, Shi H.	Immune checkpoint HLA-E:CD94-NKG2A mediates evasion of circulating tumor cells from NK cell surveillance	Cancer cell	2023	306	36706761	10.1016/j.ccell.2023.01.001		https://pubmed.ncbi.nlm.nih.gov/36706761/		metadata_only
checkpoints_inhibitory	clinical_trial	lymphoma_cll;neuroblastoma_sarcoma	yes	yes	Vari F, Arpon D, Keane C, Hertzberg MS, Talaulikar D, Jain S, Cui Q, Han E, Tobin J, Bird R, Cross D, Hernandez A, Gould C, Birch S, Gandhi MK.	Immune evasion via PD-1/PD-L1 on NK cells and monocyte/macrophages is more prominent in Hodgkin lymphoma than DLBCL	Blood	2018	268	29449276	10.1182/blood-2017-07-796342	PMC5922274	https://pmc.ncbi.nlm.nih.gov/articles/PMC5922274/		oa_xml
checkpoints_inhibitory	review	pan-cancer	yes	no	Pende D, Falco M, Vitale M, Cantoni C, Vitale C, Munari E, Bertaina A, Moretta F, Del Zotto G, Pietra G, Mingari MC, Locatelli F, Moretta L.	Killer Ig-Like Receptors (KIRs): Their Role in NK Cell Modulation and Developments Leading to Their Clinical Exploitation	Frontiers in immunology	2019	318	31231370	10.3389/fimmu.2019.01179	PMC6558367	https://pmc.ncbi.nlm.nih.gov/articles/PMC6558367/	fulltext/pende_2019_pmid31231370.xml	oa_xml
checkpoints_inhibitory	review	pan-cancer	no	no	Khan M, Arooj S, Wang H.	NK Cell-Based Immune Checkpoint Inhibition	Frontiers in immunology	2020	311	32117298	10.3389/fimmu.2020.00167	PMC7031489	https://pmc.ncbi.nlm.nih.gov/articles/PMC7031489/	fulltext/khan_2020_pmid32117298.xml	oa_xml
checkpoints_inhibitory	preclinical	breast	no	no	Taylor BC, Sun X, Gonzalez-Ericsson PI, Sanchez V, Sanders ME, Wescott EC, Opalenik SR, Hanna A, Chou ST, Van Kaer L, Gomez H, Gomez H, Isaacs C, Ballinger TJ, Santa-Maria CA, Shah PD, Dees EC, Lehmann BD, Abramson VG, Pietenpol JA, Balko JM.	NKG2A Is a Therapeutic Vulnerability in Immunotherapy Resistant MHC-I Heterogeneous Triple-Negative Breast Cancer	Cancer discovery	2024	63	37791898	10.1158/2159-8290.cd-23-0519	PMC10850946	https://pmc.ncbi.nlm.nih.gov/articles/PMC10850946/		oa_xml
checkpoints_inhibitory	mechanistic	gbm_cns	yes	yes	Lupo KB, Yao X, Borde S, Wang J, Torregrosa-Allen S, Elzey BD, Utturkar S, Lanman NA, McIntosh M, Matosevic S.	synNotch-programmed iPSC-derived NK cells usurp TIGIT and CD73 activities for glioblastoma therapy	Nature communications	2024	45	38429294	10.1038/s41467-024-46343-3	PMC10907695	https://pmc.ncbi.nlm.nih.gov/articles/PMC10907695/	fulltext/lupo_2024_pmid38429294.xml	oa_xml
checkpoints_inhibitory	translational_human	pan-cancer	yes	no	Sun Y, Li T, Ding L, Wang J, Chen C, Liu T, Liu Y, Li Q, Wang C, Huo R, Wang H, Tian T, Zhang C, Pan B, Zhou J, Fan J, Yang X, Yang W, Wang B, Guo W.	Platelet-mediated circulating tumor cell evasion from natural killer cell killing through immune checkpoint CD155-TIGIT	Hepatology (Baltimore, Md.)	2025	65	38779918	10.1097/hep.0000000000000934		https://pubmed.ncbi.nlm.nih.gov/38779918/		metadata_only
checkpoints_inhibitory	review	pan-cancer	yes	yes	Li Y, Li Z, Tang Y, Zhuang X, Feng W, Boor PPC, Buschow S, Sprengers D, Zhou G.	Unlocking the therapeutic potential of the NKG2A-HLA-E immune checkpoint pathway in T cells and NK cells for cancer immunotherapy	Journal for immunotherapy of cancer	2024	37	39486805	10.1136/jitc-2024-009934	PMC11529472	https://pmc.ncbi.nlm.nih.gov/articles/PMC11529472/	fulltext/li_2024_pmid39486805.xml	oa_xml
checkpoints_inhibitory	clinical_trial	lymphoma_cll	yes	no	Xiong J, Cheng S, Gao X, Yu SH, Dai YT, Huang XY, Zhong HJ, Wang CF, Yi HM, Zhang H, Cao WG, Li R, Tang W, Zhao Y, Xu PP, Wang L, Zhao WL.	Anti-metabolic agent pegaspargase plus PD-1 antibody sintilimab for first-line treatment in advanced natural killer T cell lymphoma	Signal transduction and targeted therapy	2024	19	38448403	10.1038/s41392-024-01782-8	PMC10917752	https://pmc.ncbi.nlm.nih.gov/articles/PMC10917752/	fulltext/xiong_2024_pmid38448403.xml	oa_xml
checkpoints_inhibitory	translational_human	hnscc_melanoma	yes	yes	Wang J, Li H, Kulkarni A, Anderson JL, Upadhyay P, Onyekachi OV, Arantes LMRB, Banerjee H, Kane LP, Zhang X, Bruno TC, Bao R, Ferris RL, Vujanovic L.	Differential impact of TIM-3 ligands on NK cell function	Journal for immunotherapy of cancer	2025	14	39773563	10.1136/jitc-2024-010618	PMC11748930	https://pmc.ncbi.nlm.nih.gov/articles/PMC11748930/	fulltext/wang_2025_pmid39773563.xml	oa_xml
checkpoints_inhibitory	preclinical	aml_mds	no	yes	Xie J, Liu XF, Zhou T, Liu L, Hou RQ, Yu XX, Fan ZY, Shang QN, Chang YJ, Zhao XS, Wang Y, Xu LP, Zhang XH, Huang XJ, Zhao XY.	Overexpressing natural killer group 2 member A drives natural killer cell exhaustion in relapsed acute myeloid leukemia	Signal transduction and targeted therapy	2025	21	40320412	10.1038/s41392-025-02228-5	PMC12050333	https://pmc.ncbi.nlm.nih.gov/articles/PMC12050333/	fulltext/xie_2025_pmid40320412.xml	oa_xml
checkpoints_inhibitory	process_method	gi	yes	yes	Lanuza PM, Vigueras A, Olivan S, Prats AC, Costas S, Llamazares G, Sanchez-Martinez D, Ayuso JM, Fernandez L, Ochoa I, Pardo J.	Activated human primary NK cells efficiently kill colorectal cancer cells in 3D spheroid cultures irrespectively of the level of PD-L1 expression	Oncoimmunology	2018	48	29632716	10.1080/2162402x.2017.1395123	PMC5889279	https://pmc.ncbi.nlm.nih.gov/articles/PMC5889279/		oa_xml
checkpoints_inhibitory	process_method	gu	yes	yes	Xu L, Chen X, Shen M, Yang DR, Fang L, Weng G, Tsai Y, Keng PC, Chen Y, Lee SO.	Inhibition of IL-6-JAK/Stat3 signaling in castration-resistant prostate cancer cells enhances the NK cell-mediated cytotoxicity via alteration of PD-L1/NKG2D ligand levels	Molecular oncology	2018	114	28865178	10.1002/1878-0261.12135	PMC5830627	https://pmc.ncbi.nlm.nih.gov/articles/PMC5830627/	fulltext/xu_2018_pmid28865178.xml	oa_xml
checkpoints_inhibitory	process_method	myeloma	yes	no	Carlsten M, Namazi A, Reger R, Levy E, Berg M, St Hilaire C, Childs RW.	Bortezomib sensitizes multiple myeloma to NK cells via ER-stress-induced suppression of HLA-E and upregulation of DR5	Oncoimmunology	2019	44	30713790	10.1080/2162402x.2018.1534664	PMC6343814	https://pmc.ncbi.nlm.nih.gov/articles/PMC6343814/	fulltext/carlsten_2019_pmid30713790.xml	oa_xml
adcc_combinations	review	lymphoma_cll;neuroblastoma_sarcoma;breast	yes	no	Wang W, Erbe AK, Hank JA, Morris ZS, Sondel PM.	NK Cell-Mediated Antibody-Dependent Cellular Cytotoxicity in Cancer Immunotherapy	Frontiers in immunology	2015	463	26284063	10.3389/fimmu.2015.00368	PMC4515552	https://pmc.ncbi.nlm.nih.gov/articles/PMC4515552/	fulltext/wang_2015_pmid26284063.xml	oa_xml
adcc_combinations	preclinical	lymphoma_cll;ovarian	yes	yes	Zhu H, Blum RH, Bjordahl R, Gaidarova S, Rogers P, Lee TT, Abujarour R, Bonello GB, Wu J, Tsai PF, Miller JS, Walcheck B, Valamehr B, Kaufman DS.	Pluripotent stem cell-derived NK cells with high-affinity noncleavable CD16a mediate improved antitumor activity	Blood	2020	239	31856277	10.1182/blood.2019000621	PMC7005364	https://pmc.ncbi.nlm.nih.gov/articles/PMC7005364/		oa_xml
adcc_combinations	translational_human	hnscc_melanoma	yes	no	Jie HB, Schuler PJ, Lee SC, Srivastava RM, Argiris A, Ferrone S, Whiteside TL, Ferris RL.	CTLA-4⁺ Regulatory T Cells Increased in Cetuximab-Treated Head and Neck Cancer Patients Suppress NK Cell Cytotoxicity and Correlate with Poor Prognosis	Cancer research	2015	220	25832655	10.1158/0008-5472.can-14-2788	PMC4452385	https://pmc.ncbi.nlm.nih.gov/articles/PMC4452385/		oa_xml
adcc_combinations	clinical_trial	gi	no	no	Walle T, Kraske JA, Liao B, Lenoir B, Timke C, von Bohlen Und Halbach E, Tran F, Griebel P, Albrecht D, Ahmed A, Suarez-Carmona M, Jiménez-Sánchez A, Beikert T, Tietz-Dahlfuß A, Menevse AN, Schmidt G, Brom M, Pahl JHW, Antonopoulos W, Miller M, Perez RL, Bestvater F, Giese NA, Beckhove P, Rosenstiel P, Jäger D, Strobel O, Pe'er D, Halama N, Debus J, Cerwenka A, Huber PE.	Radiotherapy orchestrates natural killer cell dependent antitumor immune responses through CXCL8	Science advances	2022	135	35319989	10.1126/sciadv.abh4050	PMC8942354	https://pmc.ncbi.nlm.nih.gov/articles/PMC8942354/	fulltext/walle_2022_pmid35319989.xml	oa_xml
adcc_combinations	preclinical	pan-cancer	yes	yes	Yin J, Leavenworth JW, Li Y, Luo Q, Xie H, Liu X, Huang S, Yan H, Fu Z, Zhang LY, Zhang L, Hao J, Wu X, Deng X, Roberts CW, Orkin SH, Cantor H, Wang X.	Ezh2 regulates differentiation and function of natural killer cells through histone methyltransferase activity	Proceedings of the National Academy of Sciences of the United States of America	2015	152	26668377	10.1073/pnas.1521740112	PMC4702963	https://pmc.ncbi.nlm.nih.gov/articles/PMC4702963/		oa_xml
adcc_combinations	preclinical	gbm_cns	no	yes	Weiss T, Weller M, Guckenberger M, Sentman CL, Roth P.	NKG2D-Based CAR T Cells and Radiotherapy Exert Synergistic Efficacy in Glioblastoma	Cancer research	2018	253	29222400	10.1158/0008-5472.can-17-1788		https://pubmed.ncbi.nlm.nih.gov/29222400/		metadata_only
adcc_combinations	clinical_trial	neuroblastoma_sarcoma	yes	no	Canter RJ, Grossenbacher SK, Foltz JA, Sturgill IR, Park JS, Luna JI, Kent MS, Culp WTN, Chen M, Modiano JF, Monjazeb AM, Lee DA, Murphy WJ.	Radiotherapy enhances natural killer cell cytotoxicity and localization in pre-clinical canine sarcomas and first-in-dog clinical trial	Journal for immunotherapy of cancer	2017	105	29254507	10.1186/s40425-017-0305-7	PMC5735903	https://pmc.ncbi.nlm.nih.gov/articles/PMC5735903/	fulltext/canter_2017_pmid29254507.xml	oa_xml
adcc_combinations	review	pan-cancer	yes	no	Seidel UJ, Schlegel P, Lang P.	Natural killer cell mediated antibody-dependent cellular cytotoxicity in tumor immunotherapy with therapeutic antibodies	Frontiers in immunology	2013	176	23543707	10.3389/fimmu.2013.00076	PMC3608903	https://pmc.ncbi.nlm.nih.gov/articles/PMC3608903/	fulltext/seidel_2013_pmid23543707.xml	oa_xml
adcc_combinations	translational_human	pan-cancer	yes	yes	Park JE, Kim SE, Keam B, Park HR, Kim S, Kim M, Kim TM, Doh J, Kim DW, Heo DS.	Anti-tumor effects of NK cells and anti-PD-L1 antibody with antibody-dependent cellular cytotoxicity in PD-L1-positive cancer cell lines	Journal for immunotherapy of cancer	2020	76	32830112	10.1136/jitc-2020-000873	PMC7445348	https://pmc.ncbi.nlm.nih.gov/articles/PMC7445348/	fulltext/park_2020_pmid32830112.xml	oa_xml
adcc_combinations	clinical_trial	lymphoma_cll	no	no	Nakamura A, Grossman S, Song K, Xega K, Zhang Y, Cvet D, Berger A, Shapiro G, Huszar D.	The SUMOylation inhibitor subasumstat potentiates rituximab activity by IFN1-dependent macrophage and NK cell stimulation	Blood	2022	64	35226739	10.1182/blood.2021014267	PMC11022956	https://pmc.ncbi.nlm.nih.gov/articles/PMC11022956/	fulltext/nakamura_2022_pmid35226739.xml	oa_xml
adcc_combinations	mechanistic	myeloma	yes	yes	Liu J, Xing L, Li J, Wen K, Liu N, Liu Y, Wu G, Wang S, Ogiya D, Song TY, Kurata K, Penailillo J, Morelli E, Wang T, Hong X, Gulla A, Tai YT, Munshi N, Richardson P, Carrasco R, Hideshima T, Anderson KC.	Epigenetic regulation of CD38/CD48 by KDM6A mediates NK cell response in multiple myeloma	Nature communications	2024	32	38355622	10.1038/s41467-024-45561-z	PMC10866908	https://pmc.ncbi.nlm.nih.gov/articles/PMC10866908/	fulltext/liu_2024_pmid38355622.xml	oa_xml
adcc_combinations	translational_human	aml_mds	yes	no	Kumar B, Singh A, Basar R, Uprety N, Li Y, Fan H, Cortes AKN, Kaplan M, Acharya S, Shaim H, Xu AC, Wu M, Ensley E, Fang D, Banerjee PP, Garcia LM, Tiberti S, Lin P, Rafei H, Munir MN, Moore M, Shanley M, Mendt M, Kerbauy LN, Liu B, Biederstädt A, Gokdemir E, Ghosh S, Kundu K, Reyes-Silva F, Jiang XR, Wan X, Gilbert AL, Dede M, Mohanty V, Dou J, Zhang P, Liu E, Muniz-Feliciano L, Deyter GM, Jain AK, Rodriguez-Sevilla JJ, Colla S, Garcia-Manero G, Shpall EJ, Chen K, Abbas HA, Rai K, Rezvani K, Daher M.	BATF is a major driver of NK cell epigenetic reprogramming and dysfunction in AML	Science translational medicine	2024	25	39259809	10.1126/scitranslmed.adp0004	PMC11967735	https://pmc.ncbi.nlm.nih.gov/articles/PMC11967735/		oa_xml
adcc_combinations	process_method	pan-cancer	yes	no	Maskalenko NA, Zahroun S, Tsygankova O, Anikeeva N, Sykulev Y, Campbell KS.	The FcγRIIIA (CD16) L48-H/R Polymorphism Enhances NK Cell-Mediated Antibody-Dependent Cellular Cytotoxicity by Promoting Serial Killing	Cancer immunology research	2025	15	39666369	10.1158/2326-6066.cir-24-0384	PMC11879761	https://pmc.ncbi.nlm.nih.gov/articles/PMC11879761/		oa_xml
adcc_combinations	preclinical	lymphoma_cll	yes	no	Arora J, Ayyappan S, Yin C, Smith BJ, Lemke-Miltner CD, Wang Z, Wang Z, Farooq U, Weiner GJ.	T-cell help in the tumor microenvironment enhances rituximab-mediated NK-cell ADCC	Blood	2024	24	38457360	10.1182/blood.2023023370	PMC11076912	https://pmc.ncbi.nlm.nih.gov/articles/PMC11076912/		oa_xml
adcc_combinations	process_method	lymphoma_cll	yes	no	Binyamin L, Alpaugh RK, Hughes TL, Lutz CT, Campbell KS, Weiner LM.	Blocking NK cell inhibitory self-recognition promotes antibody-dependent cellular cytotoxicity in a model of anti-lymphoma therapy	Journal of immunology (Baltimore, Md. : 1950)	2008	144	18424763	10.4049/jimmunol.180.9.6392	PMC2810560	https://pmc.ncbi.nlm.nih.gov/articles/PMC2810560/		oa_xml
adcc_combinations	clinical_trial	lung	yes	yes	Choi MG, Son GW, Choi MY, Jung JS, Rho JK, Ji W, Yoon BG, Jo JM, Kim YM, Ko DH, Lee JC, Choi CM.	Safety and efficacy of SNK01 (autologous natural killer cells) in combination with cytotoxic chemotherapy and/or cetuximab after failure of prior tyrosine kinase inhibitor in non-small cell lung cancer: non-clinical mouse model and phase I/IIa clinical study	Journal for immunotherapy of cancer	2024	10	38538093	10.1136/jitc-2023-008585	PMC10982808	https://pmc.ncbi.nlm.nih.gov/articles/PMC10982808/	fulltext/choi_2024_pmid38538093.xml	oa_xml
adcc_combinations	review	pan-cancer	yes	no	Vincken R, Armendáriz-Martínez U, Ruiz-Sáenz A.	ADCC: the rock band led by therapeutic antibodies, tumor and immune cells	Frontiers in immunology	2025	20	40308580	10.3389/fimmu.2025.1548292	PMC12040827	https://pmc.ncbi.nlm.nih.gov/articles/PMC12040827/	fulltext/vincken_2025_pmid40308580.xml	oa_xml
adcc_combinations	process_method	breast;gi	yes	no	Gopal S, Kwon SJ, Ku B, Lee DW, Kim J, Dordick JS.	3D tumor spheroid microarray for high-throughput, high-content natural killer cell-mediated cytotoxicity	Communications biology	2021	58	34290356	10.1038/s42003-021-02417-2	PMC8295284	https://pmc.ncbi.nlm.nih.gov/articles/PMC8295284/	fulltext/gopal_2021_pmid34290356.xml	oa_xml
trafficking_solid_tme	preclinical	pan-cancer	yes	no	Böttcher JP, Bonavita E, Chakravarty P, Blees H, Cabeza-Cabrerizo M, Sammicheli S, Rogers NC, Sahai E, Zelenay S, Reis e Sousa C.	NK Cells Stimulate Recruitment of cDC1 into the Tumor Microenvironment Promoting Cancer Immune Control	Cell	2018	1591	29429633	10.1016/j.cell.2018.01.004	PMC5847168	https://pmc.ncbi.nlm.nih.gov/articles/PMC5847168/	fulltext/bttcher_2018_pmid29429633.xml	oa_xml
trafficking_solid_tme	preclinical	hnscc_melanoma	no	no	Barry KC, Hsu J, Broz ML, Cueto FJ, Binnewies M, Combes AJ, Nelson AE, Loo K, Kumar R, Rosenblum MD, Alvarado MD, Wolf DM, Bogunovic D, Bhardwaj N, Daud AI, Ha PK, Ryan WR, Pollack JL, Samad B, Asthana S, Chan V, Krummel MF.	A natural killer-dendritic cell axis defines checkpoint therapy-responsive tumor microenvironments	Nature medicine	2018	888	29942093	10.1038/s41591-018-0085-8	PMC6475503	https://pmc.ncbi.nlm.nih.gov/articles/PMC6475503/		oa_xml
trafficking_solid_tme	review	pan-cancer	yes	yes	Shimasaki N, Jain A, Campana D.	NK cells for cancer immunotherapy	Nature reviews. Drug discovery	2020	966	31907401	10.1038/s41573-019-0052-1		https://pubmed.ncbi.nlm.nih.gov/31907401/		metadata_only
trafficking_solid_tme	review	pan-cancer	yes	yes	Ran GH, Lin YQ, Tian L, Zhang T, Yan DM, Yu JH, Deng YC.	Natural killer cell homing and trafficking in tissues and tumors: from biology to application	Signal transduction and targeted therapy	2022	252	35768424	10.1038/s41392-022-01058-z	PMC9243142	https://pmc.ncbi.nlm.nih.gov/articles/PMC9243142/	fulltext/ran_2022_pmid35768424.xml	oa_xml
trafficking_solid_tme	preclinical	pan-cancer	yes	no	Ancuta P, Rao R, Moses A, Mehle A, Shaw SK, Luscinskas FW, Gabuzda D.	Fractalkine preferentially mediates arrest and migration of CD16+ monocytes	The Journal of experimental medicine	2003	425	12810688	10.1084/jem.20022156	PMC2193954	https://pmc.ncbi.nlm.nih.gov/articles/PMC2193954/	fulltext/ancuta_2003_pmid12810688.xml	oa_xml
trafficking_solid_tme	translational_human	neuroblastoma_sarcoma;breast	yes	yes	Neo SY, Tong L, Chong J, Liu Y, Jing X, Oliveira MMS, Chen Y, Chen Z, Lee K, Burduli N, Chen X, Gao J, Ma R, Lim JP, Huo J, Xu S, Alici E, Wickström SL, Haglund F, Hartman J, Wagner AK, Cao Y, Kiessling R, Lam KP, Westerberg LS, Lundqvist A.	Tumor-associated NK cells drive MDSC-mediated tumor immune tolerance through the IL-6/STAT3 axis	Science translational medicine	2024	72	38748775	10.1126/scitranslmed.adi2952		https://pubmed.ncbi.nlm.nih.gov/38748775/		metadata_only
trafficking_solid_tme	review	pan-cancer	no	yes	Peng L, Sferruzza G, Yang L, Zhou L, Chen S.	CAR-T and CAR-NK as cellular cancer immunotherapy for solid tumors	Cellular & molecular immunology	2024	270	39134804	10.1038/s41423-024-01207-0	PMC11442786	https://pmc.ncbi.nlm.nih.gov/articles/PMC11442786/	fulltext/peng_2024_pmid39134804.xml	oa_xml
trafficking_solid_tme	clinical_trial	pan-cancer	yes	no	Somanchi SS, Somanchi A, Cooper LJ, Lee DA.	Engineering lymph node homing of ex vivo-expanded human natural killer cells via trogocytosis of the chemokine receptor CCR7	Blood	2012	113	22498742	10.1182/blood-2011-11-389924	PMC3418772	https://pmc.ncbi.nlm.nih.gov/articles/PMC3418772/		oa_xml
trafficking_solid_tme	preclinical	gi	no	yes	He C, Wang D, Shukla SK, Hu T, Thakur R, Fu X, King RJ, Kollala SS, Attri KS, Murthy D, Chaika NV, Fujii Y, Gonzalez D, Pacheco CG, Qiu Y, Singh PK, Locasale JW, Mehla K.	Vitamin B6 Competition in the Tumor Microenvironment Hampers Antitumor Functions of NK Cells	Cancer discovery	2024	56	37931287	10.1158/2159-8290.cd-23-0334	PMC10784745	https://pmc.ncbi.nlm.nih.gov/articles/PMC10784745/	fulltext/he_2024_pmid37931287.xml	oa_xml
trafficking_solid_tme	clinical_trial	pan-cancer	yes	yes	Okoye I, Xu L, Motamedi M, Parashar P, Walker JW, Elahi S.	Galectin-9 expression defines exhausted T cells and impaired cytotoxic NK cells in patients with virus-associated solid tumors	Journal for immunotherapy of cancer	2020	73	33310773	10.1136/jitc-2020-001849	PMC7735134	https://pmc.ncbi.nlm.nih.gov/articles/PMC7735134/	fulltext/okoye_2020_pmid33310773.xml	oa_xml
trafficking_solid_tme	preclinical	breast	yes	yes	Ben-Shmuel A, Gruper Y, Halperin C, Levi-Galibov O, Rosenberg-Fogler H, Barki D, Carradori G, Stein Y, Yagel G, Naumova M, Mayer S, Dadiani M, Morzaev-Sulzbach D, Golani O, Nevo R, Porat Z, Nili Gal-Yam E, Scherz-Shouval R.	Cancer-Associated Fibroblasts Serve as Decoys to Suppress NK Cell Anticancer Cytotoxicity in Breast Cancer	Cancer discovery	2025	28	40052789	10.1158/2159-8290.cd-24-0131		https://pubmed.ncbi.nlm.nih.gov/40052789/		metadata_only
trafficking_solid_tme	preclinical	pan-cancer	no	no	Jin J, Yan P, Wang D, Bai L, Liang H, Zhu X, Zhu H, Ding C, Wei H, Wang Y.	Targeting lactylation reinforces NK cell cytotoxicity within the tumor microenvironment	Nature immunology	2025	46	40494934	10.1038/s41590-025-02178-8		https://pubmed.ncbi.nlm.nih.gov/40494934/		metadata_only
trafficking_solid_tme	translational_human	gi	no	no	Fang H, Dai W, Gu R, Zhang Y, Li J, Luo W, Tong S, Han L, Wang Y, Jiang C, Wang X, Wang R, Cai G.	myCAF-derived exosomal PWAR6 accelerates CRC liver metastasis via altering glutamine availability and NK cell function in the tumor microenvironment	Journal of hematology & oncology	2024	38	39696364	10.1186/s13045-024-01643-5	PMC11657131	https://pmc.ncbi.nlm.nih.gov/articles/PMC11657131/	fulltext/fang_2024_pmid39696364.xml	oa_xml
trafficking_solid_tme	translational_human	gi	yes	no	Russo E, D'Aquino C, Di Censo C, Laffranchi M, Tomaipitinca L, Licursi V, Garofalo S, Promeuschel J, Peruzzi G, Sozio F, Kaffke A, Garlanda C, Panzer U, Limatola C, Vosshenrich CA, Sozzani S, Sciumè G, Santoni A, Bernardini G.	Cxcr3 promotes protection from colorectal cancer liver metastasis by driving NK cell infiltration and plasticity	The Journal of clinical investigation	2025	20	40168086	10.1172/jci184036	PMC12126236	https://pmc.ncbi.nlm.nih.gov/articles/PMC12126236/	fulltext/russo_2025_pmid40168086.xml	oa_xml
trafficking_solid_tme	process_method	hnscc_melanoma	yes	no	Huergo-Zapico L, Parodi M, Cantoni C, Lavarello C, Fernández-Martínez JL, Petretto A, DeAndrés-Galiana EJ, Balsamo M, López-Soto A, Pietra G, Bugatti M, Munari E, Marconi M, Mingari MC, Vermi W, Moretta L, González S, Vitale M.	NK-cell Editing Mediates Epithelial-to-Mesenchymal Transition via Phenotypic and Proteomic Changes in Melanoma Cell Lines	Cancer research	2018	59	29752261	10.1158/0008-5472.can-17-1891		https://pubmed.ncbi.nlm.nih.gov/29752261/		metadata_only
trafficking_solid_tme	clinical_trial	lymphoma_cll	no	yes	Schomer NT, Jiang ZK, Lloyd MI, Klingemann H, Boissel L.	CCR7 expression in CD19 chimeric antigen receptor-engineered natural killer cells improves migration toward CCL19-expressing lymphoma cells and increases tumor control in mice with human lymphoma	Cytotherapy	2022	35	35400595	10.1016/j.jcyt.2022.02.006		https://pubmed.ncbi.nlm.nih.gov/35400595/		metadata_only
trafficking_solid_tme	process_method	neuroblastoma_sarcoma	yes	no	Marzagalli M, Pelizzoni G, Fedi A, Vitale C, Fontana F, Bruno S, Poggi A, Dondero A, Aiello M, Castriconi R, Bottino C, Scaglione S.	A multi-organ-on-chip to recapitulate the infiltration and the cytotoxic activity of circulating NK cells in 3D matrix-based tumor model	Frontiers in bioengineering and biotechnology	2022	56	35957642	10.3389/fbioe.2022.945149	PMC9358021	https://pmc.ncbi.nlm.nih.gov/articles/PMC9358021/	fulltext/marzagalli_2022_pmid35957642.xml	oa_xml
trafficking_solid_tme	process_method	ovarian	yes	yes	Karlsson V, Stål E, Stoopendahl E, Ivarsson A, Leffler H, Lycke M, Sundqvist M, Sundfeldt K, Christenson K, Bernson E.	Elevated Galectin-3 levels in the tumor microenvironment of ovarian cancer - implication of ROS mediated suppression of NK cell antitumor response via tumor-associated neutrophils	Frontiers in immunology	2024	7	39759523	10.3389/fimmu.2024.1506236	PMC11695286	https://pmc.ncbi.nlm.nih.gov/articles/PMC11695286/	fulltext/karlsson_2024_pmid39759523.xml	oa_xml
clinical_nk	clinical_trial	lymphoma_cll	yes	yes	Liu E, Marin D, Banerjee P, Macapinlac HA, Thompson P, Basar R, Nassif Kerbauy L, Overman B, Thall P, Kaplan M, Nandivada V, Kaur I, Nunez Cortes A, Cao K, Daher M, Hosing C, Cohen EN, Kebriaei P, Mehta R, Neelapu S, Nieto Y, Wang M, Wierda W, Keating M, Champlin R, Shpall EJ, Rezvani K.	Use of CAR-Transduced Natural Killer Cells in CD19-Positive Lymphoid Tumors	The New England journal of medicine	2020	1813	32023374	10.1056/nejmoa1910607	PMC7101242	https://pmc.ncbi.nlm.nih.gov/articles/PMC7101242/		oa_xml
clinical_nk	clinical_trial	pan-cancer	yes	yes	Marin D, Li Y, Basar R, Rafei H, Daher M, Dou J, Mohanty V, Dede M, Nieto Y, Uprety N, Acharya S, Liu E, Wilson J, Banerjee P, Macapinlac HA, Ganesh C, Thall PF, Bassett R, Ammari M, Rao S, Cao K, Shanley M, Kaplan M, Hosing C, Kebriaei P, Nastoupil LJ, Flowers CR, Moseley SM, Lin P, Ang S, Popat UR, Qazilbash MH, Champlin RE, Chen K, Shpall EJ, Rezvani K.	Safety, efficacy and determinants of response of allogeneic CD19-specific CAR-NK cells in CD19+ B cell tumors: a phase 1/2 trial	Nature medicine	2024	434	38238616	10.1038/s41591-023-02785-8	PMC10957466	https://pmc.ncbi.nlm.nih.gov/articles/PMC10957466/	fulltext/marin_2024_pmid38238616.xml	oa_xml
clinical_nk	clinical_trial	aml_mds	yes	yes	Miller JS, Soignier Y, Panoskaltsis-Mortari A, McNearney SA, Yun GH, Fautsch SK, McKenna D, Le C, Defor TE, Burns LJ, Orchard PJ, Blazar BR, Wagner JE, Slungaard A, Weisdorf DJ, Okazaki IJ, McGlave PB.	Successful adoptive transfer and in vivo expansion of human haploidentical NK cells in patients with cancer	Blood	2005	1504	15632206	10.1182/blood-2004-07-2974		https://pubmed.ncbi.nlm.nih.gov/15632206/		metadata_only
clinical_nk	preclinical	pan-cancer	yes	no	Ruggeri L, Capanni M, Urbani E, Perruccio K, Shlomchik WD, Tosti A, Posati S, Rogaia D, Frassoni F, Aversa F, Martelli MF, Velardi A.	Effectiveness of donor natural killer cell alloreactivity in mismatched hematopoietic transplants	Science (New York, N.Y.)	2002	2562	11896281	10.1126/science.1068440		https://pubmed.ncbi.nlm.nih.gov/11896281/		metadata_only
clinical_nk	preclinical	pan-cancer	yes	yes	Ghiringhelli F, Ménard C, Terme M, Flament C, Taieb J, Chaput N, Puig PE, Novault S, Escudier B, Vivier E, Lecesne A, Robert C, Blay JY, Bernard J, Caillat-Zucman S, Freitas A, Tursz T, Wagner-Ballon O, Capron C, Vainchencker W, Martin F, Zitvogel L.	CD4+CD25+ regulatory T cells inhibit natural killer cell functions in a transforming growth factor-beta-dependent manner	The Journal of experimental medicine	2005	715	16230475	10.1084/jem.20051511	PMC2213209	https://pmc.ncbi.nlm.nih.gov/articles/PMC2213209/	fulltext/ghiringhelli_2005_pmid16230475.xml	oa_xml
clinical_nk	clinical_trial	aml_mds	yes	yes	Bachanova V, Cooley S, Defor TE, Verneris MR, Zhang B, McKenna DH, Curtsinger J, Panoskaltsis-Mortari A, Lewis D, Hippen K, McGlave P, Weisdorf DJ, Blazar BR, Miller JS.	Clearance of acute myeloid leukemia by haploidentical natural killer cells is improved using IL-2 diphtheria toxin fusion protein	Blood	2014	360	24719405	10.1182/blood-2013-10-532531	PMC4064329	https://pmc.ncbi.nlm.nih.gov/articles/PMC4064329/		oa_xml
clinical_nk	clinical_trial	ovarian;breast	yes	yes	Geller MA, Cooley S, Judson PL, Ghebre R, Carson LF, Argenta PA, Jonson AL, Panoskaltsis-Mortari A, Curtsinger J, McKenna D, Dusenbery K, Bliss R, Downs LS, Miller JS.	A phase II study of allogeneic natural killer cell therapy to treat patients with recurrent ovarian and breast cancer	Cytotherapy	2011	354	20849361	10.3109/14653249.2010.515582	PMC3760671	https://pmc.ncbi.nlm.nih.gov/articles/PMC3760671/		oa_xml
clinical_nk	clinical_trial	aml_mds;myeloma	yes	yes	Baumeister SH, Murad J, Werner L, Daley H, Trebeden-Negre H, Gicobi JK, Schmucker A, Reder J, Sentman CL, Gilham DE, Lehmann FF, Galinsky I, DiPietro H, Cummings K, Munshi NC, Stone RM, Neuberg DS, Soiffer R, Dranoff G, Ritz J, Nikiforow S.	Phase I Trial of Autologous CAR T Cells Targeting NKG2D Ligands in Patients with AML/MDS and Multiple Myeloma	Cancer immunology research	2019	296	30396908	10.1158/2326-6066.cir-18-0307	PMC7814996	https://pmc.ncbi.nlm.nih.gov/articles/PMC7814996/		oa_xml
clinical_nk	clinical_trial	gu;hnscc_melanoma	yes	yes	Conlon KC, Lugli E, Welles HC, Rosenberg SA, Fojo AT, Morris JC, Fleisher TA, Dubois SP, Perera LP, Stewart DM, Goldman CK, Bryant BR, Decker JM, Chen J, Worthy TA, Figg WD, Peer CJ, Sneller MC, Lane HC, Yovandich JL, Creekmore SP, Roederer M, Waldmann TA.	Redistribution, hyperproliferation, activation of natural killer cells and CD8 T cells, and cytokine production during first-in-human clinical trial of recombinant human interleukin-15 in patients with cancer	Journal of clinical oncology : official journal of the American Society of Clinical Oncology	2015	605	25403209	10.1200/jco.2014.57.3329	PMC4268254	https://pmc.ncbi.nlm.nih.gov/articles/PMC4268254/		oa_xml
clinical_nk	clinical_trial	pan-cancer	yes	yes	Ciurea SO, Schafer JR, Bassett R, Denman CJ, Cao K, Willis D, Rondon G, Chen J, Soebbing D, Kaur I, Gulbis A, Ahmed S, Rezvani K, Shpall EJ, Lee DA, Champlin RE.	Phase 1 clinical trial using mbIL21 ex vivo-expanded donor-derived NK cells after haploidentical transplantation	Blood	2017	280	28835441	10.1182/blood-2017-05-785659	PMC5649552	https://pmc.ncbi.nlm.nih.gov/articles/PMC5649552/		oa_xml
clinical_nk	clinical_trial	lymphoma_cll	yes	yes	Nieto Y, Banerjee P, Kaur I, Basar R, Li Y, Daher M, Rafei H, Kerbauy LN, Kaplan M, Marin D, Griffin L, Barnett M, Bassett R, Uprety N, Shrestha R, Silva FR, Islam S, Ganesh C, Borneo Z, Ramdial J, Ramirez A, Hosing C, Alousi A, Popat U, Qazilbash M, Ahmed S, Iyer S, Sainz TP, Vega F, Fowlkes NW, Alexis K, Emig M, Harstrick A, Overesch A, Shpall EJ, Rezvani K.	Allogeneic NK cells with a bispecific innate cell engager in refractory relapsed lymphoma: a phase 1 trial	Nature medicine	2025	51	40186077	10.1038/s41591-025-03640-8	PMC13218020	https://pmc.ncbi.nlm.nih.gov/articles/PMC13218020/		oa_xml
clinical_nk	clinical_trial	aml_mds	yes	no	Curti A, Ruggeri L, D'Addio A, Bontadini A, Dan E, Motta MR, Trabanelli S, Giudice V, Urbani E, Martinelli G, Paolini S, Fruet F, Isidori A, Parisi S, Bandini G, Baccarani M, Velardi A, Lemoli RM.	Successful transfer of alloreactive haploidentical KIR ligand-mismatched natural killer cells after infusion in elderly high risk acute myeloid leukemia patients	Blood	2011	331	21791425	10.1182/blood-2011-01-329508		https://pubmed.ncbi.nlm.nih.gov/21791425/		metadata_only
clinical_nk	clinical_trial	gu;hnscc_melanoma	yes	no	Arai S, Meagher R, Swearingen M, Myint H, Rich E, Martinson J, Klingemann H.	Infusion of the allogeneic cell line NK-92 in patients with advanced renal cell cancer or melanoma: a phase I trial	Cytotherapy	2008	340	18836917	10.1080/14653240802301872		https://pubmed.ncbi.nlm.nih.gov/18836917/		metadata_only
clinical_nk	clinical_trial	gbm_cns	yes	yes	Burger MC, Forster MT, Romanski A, Straßheimer F, Macas J, Zeiner PS, Steidl E, Herkt S, Weber KJ, Schupp J, Lun JH, Strecker MI, Wlotzka K, Cakmak P, Opitz C, George R, Mildenberger IC, Nowakowska P, Zhang C, Röder J, Müller E, Ihrig K, Langen KJ, Rieger MA, Herrmann E, Bonig H, Harter PN, Reiss Y, Hattingen E, Rödel F, Plate KH, Tonn T, Senft C, Steinbach JP, Wels WS.	Intracranial injection of natural killer cells engineered with a HER2-targeted chimeric antigen receptor in patients with recurrent glioblastoma	Neuro-oncology	2023	124	37148198	10.1093/neuonc/noad087	PMC10628939	https://pmc.ncbi.nlm.nih.gov/articles/PMC10628939/	fulltext/burger_2023_pmid37148198.xml	oa_xml
clinical_nk	process_method	gu	yes	yes	Berg M, Lundqvist A, McCoy P, Samsel L, Fan Y, Tawab A, Childs R.	Clinical-grade ex vivo-expanded human natural killer cells up-regulate activating receptors and death receptor ligands and have enhanced cytolytic activity against tumor cells	Cytotherapy	2009	238	19308771	10.1080/14653240902807034	PMC2736058	https://pmc.ncbi.nlm.nih.gov/articles/PMC2736058/		oa_xml
clinical_nk	clinical_trial	aml_mds	yes	yes	Cooley S, He F, Bachanova V, Vercellotti GM, DeFor TE, Curtsinger JM, Robertson P, Grzywacz B, Conlon KC, Waldmann TA, McKenna DH, Blazar BR, Weisdorf DJ, Miller JS.	First-in-human trial of rhIL-15 and haploidentical natural killer cell therapy for advanced acute myeloid leukemia	Blood advances	2019	202	31266741	10.1182/bloodadvances.2018028332	PMC6616260	https://pmc.ncbi.nlm.nih.gov/articles/PMC6616260/		oa_xml
clinical_nk	clinical_trial	lymphoma_cll	yes	yes	Lei W, Liu H, Deng W, Chen W, Liang Y, Gao W, Yuan X, Guo S, Li P, Wang J, Tong X, Sun YE, Liang A, Qian W.	Safety and feasibility of 4-1BB co-stimulated CD19-specific CAR-NK cell therapy in refractory/relapsed large B cell lymphoma: a phase 1 trial	Nature cancer	2025	42	40251398	10.1038/s43018-025-00940-3	PMC12122374	https://pmc.ncbi.nlm.nih.gov/articles/PMC12122374/	fulltext/lei_2025_pmid40251398.xml	oa_xml
clinical_nk	clinical_trial	lymphoma_cll	yes	yes	Ghobadi A, Bachanova V, Patel K, Park JH, Flinn I, Riedell PA, Bachier C, Diefenbach CS, Wong C, Bickers C, Wong L, Patel D, Goodridge J, Denholt M, Valamehr B, Elstrom RL, Strati P.	Induced pluripotent stem-cell-derived CD19-directed chimeric antigen receptor natural killer cells in B-cell lymphoma: a phase 1, first-in-human trial	Lancet (London, England)	2025	97	39798981	10.1016/s0140-6736(24)02462-0	PMC11827677	https://pmc.ncbi.nlm.nih.gov/articles/PMC11827677/		oa_xml
clinical_nk	clinical_trial	lymphoma_cll	no	no	Rothe A, Sasse S, Topp MS, Eichenauer DA, Hummel H, Reiners KS, Dietlein M, Kuhnert G, Kessler J, Buerkle C, Ravic M, Knackmuss S, Marschner JP, Pogge von Strandmann E, Borchmann P, Engert A.	A phase 1 study of the bispecific anti-CD30/CD16A antibody construct AFM13 in patients with relapsed or refractory Hodgkin lymphoma	Blood	2015	265	25887777	10.1182/blood-2014-12-614636	PMC4528081	https://pmc.ncbi.nlm.nih.gov/articles/PMC4528081/		oa_xml
clinical_nk	clinical_trial	hnscc_melanoma	yes	yes	Shapiro RM, Sheffer M, Booker MA, Tolstorukov MY, Birch GC, Sade-Feldman M, Fang J, Li S, Lu W, Ansuinelli M, Dulery R, Tarannum M, Baginska J, Dwivedi N, Kothari A, Penter L, Abdulhamid YZ, Kaplan IE, Khanhlinh D, Uppaluri R, Redd RA, Nikiforow S, Koreth J, Ritz J, Wu CJ, Soiffer RJ, Hanna GJ, Romee R.	First-in-human evaluation of memory-like NK cells with an IL-15 super-agonist and CTLA-4 blockade in advanced head and neck cancer	Journal of hematology & oncology	2025	34	39948608	10.1186/s13045-025-01669-3	PMC11827236	https://pmc.ncbi.nlm.nih.gov/articles/PMC11827236/	fulltext/shapiro_2025_pmid39948608.xml	oa_xml
clinical_nk	preclinical	gi	yes	yes	Hoechst B, Voigtlaender T, Ormandy L, Gamrekelashvili J, Zhao F, Wedemeyer H, Lehner F, Manns MP, Greten TF, Korangy F.	Myeloid derived suppressor cells inhibit natural killer cells in patients with hepatocellular carcinoma via the NKp30 receptor	Hepatology (Baltimore, Md.)	2009	529	19551844	10.1002/hep.23054	PMC6357774	https://pmc.ncbi.nlm.nih.gov/articles/PMC6357774/		oa_xml
clinical_nk	review	pan-cancer	yes	yes	Lamers-Kok N, Panella D, Georgoudaki AM, Liu H, Özkazanc D, Kučerová L, Duru AD, Spanholtz J, Raimo M.	Natural killer cells in clinical development as non-engineered, engineered, and combination therapies	Journal of hematology & oncology	2022	147	36348457	10.1186/s13045-022-01382-5	PMC9644572	https://pmc.ncbi.nlm.nih.gov/articles/PMC9644572/	fulltext/lamerskok_2022_pmid36348457.xml	oa_xml
clinical_nk	clinical_trial	aml_mds;lymphoma_cll;all_peds_heme	yes	yes	Huang R, Wang X, Yan H, Tan X, Ma Y, Wang M, Han X, Liu J, Gao L, Gao L, Jing G, Zhang C, Wen Q, Zhang X.	Safety and efficacy of CD33-targeted CAR-NK cell therapy for relapsed/refractory AML: preclinical evaluation and phase I trial	Experimental hematology & oncology	2025	55	39748428	10.1186/s40164-024-00592-6	PMC11694373	https://pmc.ncbi.nlm.nih.gov/articles/PMC11694373/	fulltext/huang_2025_pmid39748428.xml	oa_xml
clinical_nk	review	pan-cancer	yes	no	Moretta L, Locatelli F, Pende D, Marcenaro E, Mingari MC, Moretta A.	Killer Ig-like receptor-mediated control of natural killer cell alloreactivity in haploidentical hematopoietic stem cell transplantation	Blood	2011	179	20889923	10.1182/blood-2010-08-264085		https://pubmed.ncbi.nlm.nih.gov/20889923/		metadata_only
clinical_nk	process_method	pan-cancer	yes	no	Kreutzman A, Ladell K, Koechel C, Gostick E, Ekblom M, Stenke L, Melo T, Einsele H, Porkka K, Price DA, Mustjoki S, Seggewiss R.	Expansion of highly differentiated CD8+ T-cells or NK-cells in patients treated with dasatinib is associated with cytomegalovirus reactivation	Leukemia	2011	90	21647156	10.1038/leu.2011.135		https://pubmed.ncbi.nlm.nih.gov/21647156/		metadata_only
clinical_nk	process_method	pan-cancer	yes	no	Pierson BA, Miller JS.	CD56+bright and CD56+dim natural killer cells in patients with chronic myelogenous leukemia progressively decrease in number, respond less to stimuli that recruit clonogenic natural killer cells, and exhibit decreased proliferation on a per cell basis	Blood	1996	102	8822949	10.1182/blood.v88.6.2279.bloodjournal8862279		https://pubmed.ncbi.nlm.nih.gov/8822949/		metadata_only
clinical_nk	translational_human	myeloma	no	no	Korst CLBM, Tahri S, Duetz C, Bruins WSC, de Jonge AV, de Jong ME, Fokkema C, Smits F, Groen K, Verkleij CPM, Frerichs KA, Papazian N, van Duin M, van Beek G, Hoogenboezem R, Baardemans T, Dal Collo G, Stoetman ECG, Cosovic M, Twickler I, Rentenaar R, Eken M, Homan-Weert PM, Saraci E, D'Agostino M, van der Velden VHJ, Sanders MA, Gay F, Broijl A, Moreau P, Sonneveld P, Zweegman S, Mutis T, Cupedo T, van de Donk NWCJ.	The bone marrow NK-cell profile predicts MRD negativity in patients with multiple myeloma treated with daratumumab-based therapy	Blood	2025	9	40019438	10.1182/blood.2024026455		https://pubmed.ncbi.nlm.nih.gov/40019438/		metadata_only
clinical_nk	translational_human	aml_mds	yes	no	Stringaris K, Marin D, Barrett AJ, Hills R, Sobieski C, Cao K, Saltarrelli JG, Daher M, Shaim H, Smith N, Linch D, Gale R, Allen C, Sekine T, Mehta R, Champlin R, Shpall EJ, Kantarjian H, Garcia-Manero G, Rezvani K.	KIR gene haplotype: an independent predictor of clinical outcome in MDS patients	Blood	2016	27	27760759	10.1182/blood-2016-05-713099	PMC5159704	https://pmc.ncbi.nlm.nih.gov/articles/PMC5159704/		oa_xml
general_nk_therapy	review	pan-cancer	no	no	Vivier E, Tomasello E, Baratin M, Walzer T, Ugolini S.	Functions of natural killer cells	Nature immunology	2008	3055	18425107	10.1038/ni1582		https://pubmed.ncbi.nlm.nih.gov/18425107/		metadata_only
general_nk_therapy	review	pan-cancer	yes	yes	Vivier E, Rebuffet L, Narni-Mancinelli E, Cornen S, Igarashi RY, Fantin VR.	Natural killer cell therapies	Nature	2024	349	38383621	10.1038/s41586-023-06945-1		https://pubmed.ncbi.nlm.nih.gov/38383621/		metadata_only
general_nk_therapy	preclinical	pan-cancer	yes	no	Cella M, Fuchs A, Vermi W, Facchetti F, Otero K, Lennerz JK, Doherty JM, Mills JC, Colonna M.	A human natural killer cell subset provides an innate source of IL-22 for mucosal immunity	Nature	2009	1039	18978771	10.1038/nature07537	PMC3772687	https://pmc.ncbi.nlm.nih.gov/articles/PMC3772687/		oa_xml
general_nk_therapy	preclinical	pan-cancer	no	yes	Gasser S, Orsulic S, Brown EJ, Raulet DH.	The DNA damage pathway regulates innate immune system ligands of the NKG2D receptor	Nature	2005	1045	15995699	10.1038/nature03884	PMC1352168	https://pmc.ncbi.nlm.nih.gov/articles/PMC1352168/		oa_xml
general_nk_therapy	preclinical	neuroblastoma_sarcoma	yes	no	Kägi D, Ledermann B, Bürki K, Seiler P, Odermatt B, Olsen KJ, Podack ER, Zinkernagel RM, Hengartner H.	Cytotoxicity mediated by T cells and natural killer cells is greatly impaired in perforin-deficient mice	Nature	1994	1216	8164737	10.1038/369031a0		https://pubmed.ncbi.nlm.nih.gov/8164737/		metadata_only
general_nk_therapy	process_method	pan-cancer	yes	yes	Vitale M, Bottino C, Sivori S, Sanseverino L, Castriconi R, Marcenaro E, Augugliaro R, Moretta L, Moretta A.	NKp44, a novel triggering surface molecule specifically expressed by activated natural killer cells, is involved in non-major histocompatibility complex-restricted tumor cell lysis	The Journal of experimental medicine	1998	540	9625766	10.1084/jem.187.12.2065	PMC2212362	https://pmc.ncbi.nlm.nih.gov/articles/PMC2212362/	fulltext/vitale_1998_pmid9625766.xml	oa_xml
general_nk_therapy	mechanistic	pan-cancer	no	no	Caligiuri MA.	Human natural killer cells	Blood	2008	1477	18650461	10.1182/blood-2007-09-077438	PMC2481557	https://pmc.ncbi.nlm.nih.gov/articles/PMC2481557/		oa_xml
general_nk_therapy	translational_human	pan-cancer	yes	no	Tang F, Li J, Qi L, Liu D, Bo Y, Qin S, Miao Y, Yu K, Hou W, Li J, Peng J, Tian Z, Zhu L, Peng H, Wang D, Zhang Z.	A pan-cancer single-cell panorama of human natural killer cells	Cell	2023	339	37607536	10.1016/j.cell.2023.07.034		https://pubmed.ncbi.nlm.nih.gov/37607536/		metadata_only
general_nk_therapy	preclinical	pan-cancer	yes	no	Diefenbach A, Jensen ER, Jamieson AM, Raulet DH.	Rae1 and H60 ligands of the NKG2D receptor stimulate tumour immunity	Nature	2001	749	11557981	10.1038/35093109	PMC3900321	https://pmc.ncbi.nlm.nih.gov/articles/PMC3900321/		oa_xml
general_nk_therapy	preclinical	pan-cancer	yes	no	Palumbo JS, Talmage KE, Massari JV, La Jeunesse CM, Flick MJ, Kombrinck KW, Jirousková M, Degen JL.	Platelets and fibrin(ogen) increase metastatic potential by impeding natural killer cell-mediated elimination of tumor cells	Blood	2005	782	15367435	10.1182/blood-2004-06-2272		https://pubmed.ncbi.nlm.nih.gov/15367435/		metadata_only
general_nk_therapy	review	pan-cancer	yes	no	Guillerey C, Huntington ND, Smyth MJ.	Targeting natural killer cells in cancer immunotherapy	Nature immunology	2016	869	27540992	10.1038/ni.3518		https://pubmed.ncbi.nlm.nih.gov/27540992/		metadata_only
general_nk_therapy	translational_human	gbm_cns	yes	no	Mathewson ND, Ashenberg O, Tirosh I, Gritsch S, Perez EM, Marx S, Jerby-Arnon L, Chanoch-Myers R, Hara T, Richman AR, Ito Y, Pyrdol J, Friedrich M, Schumann K, Poitras MJ, Gokhale PC, Gonzalez Castro LN, Shore ME, Hebert CM, Shaw B, Cahill HL, Drummond M, Zhang W, Olawoyin O, Wakimoto H, Rozenblatt-Rosen O, Brastianos PK, Liu XS, Jones PS, Cahill DP, Frosch MP, Louis DN, Freeman GJ, Ligon KL, Marson A, Chiocca EA, Reardon DA, Regev A, Suvà ML, Wucherpfennig KW.	Inhibitory CD161 receptor identified in glioma-infiltrating T cells by single-cell analysis	Cell	2021	374	33592174	10.1016/j.cell.2021.01.022	PMC7935772	https://pmc.ncbi.nlm.nih.gov/articles/PMC7935772/		oa_xml
general_nk_therapy	process_method	pan-cancer	yes	yes	Cantoni C, Bottino C, Vitale M, Pessino A, Augugliaro R, Malaspina A, Parolini S, Moretta L, Moretta A, Biassoni R.	NKp44, a triggering receptor involved in tumor cell lysis by activated human natural killer cells, is a novel member of the immunoglobulin superfamily	The Journal of experimental medicine	1999	316	10049942	10.1084/jem.189.5.787	PMC2192947	https://pmc.ncbi.nlm.nih.gov/articles/PMC2192947/	fulltext/cantoni_1999_pmid10049942.xml	oa_xml
general_nk_therapy	process_method	lymphoma_cll	yes	no	Kimura H, Ito Y, Kawabe S, Gotoh K, Takahashi Y, Kojima S, Naoe T, Esaki S, Kikuta A, Sawada A, Kawa K, Ohshima K, Nakamura S.	EBV-associated T/NK-cell lymphoproliferative diseases in nonimmunocompromised hosts: prospective analysis of 108 cases	Blood	2012	334	22096243	10.1182/blood-2011-10-381921		https://pubmed.ncbi.nlm.nih.gov/22096243/		metadata_only
general_nk_therapy	mechanistic	pan-cancer	no	yes	Dean I, Lee CYC, Tuong ZK, Li Z, Tibbitt CA, Willis C, Gaspal F, Kennedy BC, Matei-Rascu V, Fiancette R, Nordenvall C, Lindforss U, Baker SM, Stockmann C, Sexl V, Hammond SA, Dovedi SJ, Mjösberg J, Hepworth MR, Carlesso G, Clatworthy MR, Withers DR.	Rapid functional impairment of natural killer cells following tumor entry limits anti-tumor immunity	Nature communications	2024	157	38267402	10.1038/s41467-024-44789-z	PMC10808449	https://pmc.ncbi.nlm.nih.gov/articles/PMC10808449/	fulltext/dean_2024_pmid38267402.xml	oa_xml
general_nk_therapy	clinical_trial	all_peds_heme	yes	no	Mustjoki S, Ekblom M, Arstila TP, Dybedal I, Epling-Burnette PK, Guilhot F, Hjorth-Hansen H, Höglund M, Kovanen P, Laurinolli T, Liesveld J, Paquette R, Pinilla-Ibarz J, Rauhala A, Shah N, Simonsson B, Sinisalo M, Steegmann JL, Stenke L, Porkka K.	Clonal expansion of T/NK-cells during tyrosine kinase inhibitor dasatinib therapy	Leukemia	2009	264	19295545	10.1038/leu.2009.46		https://pubmed.ncbi.nlm.nih.gov/19295545/		metadata_only
general_nk_therapy	review	pan-cancer	yes	yes	Page A, Chuvin N, Valladeau-Guilemond J, Depil S.	Development of NK cell-based cancer immunotherapies through receptor engineering	Cellular & molecular immunology	2024	173	38443448	10.1038/s41423-024-01145-x	PMC10978891	https://pmc.ncbi.nlm.nih.gov/articles/PMC10978891/	fulltext/page_2024_pmid38443448.xml	oa_xml
general_nk_therapy	preclinical	gu	yes	no	Colucci M, Zumerle S, Bressan S, Gianfanti F, Troiani M, Valdata A, D'Ambrosio M, Pasquini E, Varesi A, Cogo F, Mosole S, Dongilli C, Desbats MA, Contu L, Revankdar A, Chen J, Kalathur M, Perciato ML, Basilotta R, Endre L, Schauer S, Othman A, Guccini I, Saponaro M, Maraccani L, Bancaro N, Lai P, Liu L, Pernigoni N, Mele F, Merler S, Trotman LC, Guarda G, Calì B, Montopoli M, Alimonti A.	Retinoic acid receptor activation reprograms senescence response and enhances anti-tumor activity of natural killer cells	Cancer cell	2024	62	38428412	10.1016/j.ccell.2024.02.004	PMC11003464	https://pmc.ncbi.nlm.nih.gov/articles/PMC11003464/	fulltext/colucci_2024_pmid38428412.xml	oa_xml
general_nk_therapy	clinical_trial	pan-cancer	no	yes	Uherek C, Tonn T, Uherek B, Becker S, Schnierle B, Klingemann HG, Wels W.	Retargeting of natural killer-cell cytolytic activity to ErbB2-expressing cancer cells results in efficient and selective tumor cell destruction	Blood	2002	197	12149207	10.1182/blood.v100.4.1265.h81602001265_1265_1273		https://pubmed.ncbi.nlm.nih.gov/12149207/		metadata_only
general_nk_therapy	preclinical	pan-cancer	yes	yes	Kath J, Franke C, Drosdek V, Du W, Glaser V, Fuster-Garcia C, Stein M, Zittel T, Schulenberg S, Porter CE, Andersch L, Künkele A, Alcaniz J, Hoffmann J, Abken H, Abou-El-Enein M, Pruß A, Suzuki M, Cathomen T, Stripecke R, Volk HD, Reinke P, Schmueck-Henneresse M, Wagner DL.	Integration of ζ-deficient CARs into the CD3ζ gene conveys potent cytotoxicity in T and NK cells	Blood	2024	44	38493479	10.1182/blood.2023020973	PMC11196866	https://pmc.ncbi.nlm.nih.gov/articles/PMC11196866/	fulltext/kath_2024_pmid38493479.xml	oa_xml
general_nk_therapy	clinical_trial	breast	yes	no	Roda JM, Parihar R, Magro C, Nuovo GJ, Tridandapani S, Carson WE.	Natural killer cells produce T cell-recruiting chemokines in response to antibody-coated tumor cells	Cancer research	2006	138	16397268	10.1158/0008-5472.can-05-2429		https://pubmed.ncbi.nlm.nih.gov/16397268/		metadata_only
general_nk_therapy	preclinical	pan-cancer	yes	no	Delconte RB, Owyong M, Santosa EK, Srpan K, Sheppard S, McGuire TJ, Abbasi A, Diaz-Salazar C, Chun J, Rogatsky I, Hsu KC, Jordan S, Merad M, Sun JC.	Fasting reshapes tissue-specific niches to improve NK cell-mediated anti-tumor immunity	Immunity	2024	49	38878769	10.1016/j.immuni.2024.05.021	PMC11684419	https://pmc.ncbi.nlm.nih.gov/articles/PMC11684419/		oa_xml
