,logFC,P.Value,adj.P.Val
AQP10,1.6436384,1.58E-72,1.76E-67
C10orf32,1.6069382,7.02E-63,3.90E-58
PTPN6,1.5756834,4.80E-57,1.78E-52
AHSA2,2.0522692,4.51E-55,1.25E-50
CDH1,1.9064431,2.60E-46,5.77E-42
SMPD4,1.4242561,1.66E-42,3.08E-38
ZBTB1,1.3564476,6.38E-36,8.87E-32
C1orf144,1.170801,1.75E-33,1.77E-29
ARNTL,1.3899701,9.93E-33,9.19E-29
SPDEF,2.1204023,6.88E-30,5.46E-26
TAF9B,1.2718738,2.94E-25,1.92E-21
SETD1B,1.2526894,1.28E-24,7.89E-21
ENOSF1,1.3611872,3.42E-23,1.90E-19
LOC728734,1.3902721,1.75E-21,9.27E-18
LOC728741,1.3902721,1.75E-21,9.27E-18
PARP16,1.5055965,7.94E-21,3.83E-17
UBE2D4,1.1464989,1.35E-20,5.99E-17
ARL1,1.2650232,4.23E-20,1.81E-16
TAS2R8,1.167898,1.23E-19,4.88E-16
KLHDC9,1.8978165,1.22E-18,4.36E-15
LOC442572,1.3145083,1.83E-18,6.37E-15
MMP24,1.0953785,2.87E-18,9.65E-15
TAF9,1.2681061,2.07E-17,6.77E-14
MIPOL1,1.574303,2.46E-17,7.80E-14
RAB11FIP3,1.7405628,2.98E-17,9.19E-14
HSPBL2,1.5600429,1.98E-16,5.78E-13
HSPB1,1.5600429,1.98E-16,5.78E-13
FAM128B,1.2578251,4.61E-16,1.28E-12
GPATCH3,1.1804074,6.83E-16,1.85E-12
C1orf159,1.3251774,1.37E-15,3.62E-12
FAM9C,1.2333152,1.77E-15,4.57E-12
CXorf58,1.2833046,1.12E-14,2.70E-11
KIAA1191,1.1430641,1.57E-14,3.70E-11
PSD,1.2203262,2.11E-14,4.89E-11
PSCA,2.347145,2.41E-14,5.48E-11
IL10RB,1.2308347,4.99E-14,1.09E-10
HSF2BP,1.4215542,5.81E-14,1.24E-10
MCTS1,1.5634364,6.65E-14,1.39E-10
LRRC47,1.1711639,1.38E-13,2.78E-10
POLR2J4,1.4742151,2.09E-13,4.15E-10
OTUD1,1.1671058,6.75E-13,1.32E-09
BLNK,1.5792677,1.02E-12,1.95E-09
TUBGCP6,1.5352376,3.55E-12,6.57E-09
ZZEF1,1.0854762,3.94E-12,7.18E-09
ASMTL,1.4523119,5.50E-12,9.70E-09
ALKBH3,1.3305174,6.63E-12,1.13E-08
KHNYN,2.0342262,9.27E-12,1.54E-08
SDR39U1,2.0342262,9.27E-12,1.54E-08
EPB41L1,2.4127984,1.08E-11,1.77E-08
C3orf75,1.2124363,1.91E-11,3.04E-08
TRPM2,1.5356684,1.99E-11,3.11E-08
PTPRS,1.8934596,2.51E-11,3.83E-08
C10orf81,1.9770124,2.66E-11,4.00E-08
TSPAN31,1.1382394,4.41E-11,6.53E-08
CDK4,1.1382394,4.41E-11,6.53E-08
HMGN1,1.2482806,5.31E-11,7.76E-08
C15orf62,1.2190688,5.66E-11,8.17E-08
SETDB2,1.3392276,6.04E-11,8.49E-08
LOC643446,1.2356874,6.17E-11,8.57E-08
RNPS1,1.2356874,6.17E-11,8.57E-08
PPOX,1.2988468,9.32E-11,1.28E-07
SPDYE8P,1.4989992,9.33E-11,1.26E-07
POR,1.1789734,1.99E-10,2.66E-07
LOC651610,1.3085215,4.24E-10,5.41E-07
ATM,1.3085215,4.24E-10,5.41E-07
RMND5B,1.3724017,5.19E-10,6.55E-07
CTSW,1.4865158,5.27E-10,6.58E-07
LOC220906,1.1697514,1.04E-09,1.27E-06
CCDC15,1.2457358,1.07E-09,1.29E-06
FOXP2,1.4973183,1.16E-09,1.39E-06
TPT1,1.366477,1.66E-09,1.91E-06
MKRN3,1.9111705,1.95E-09,2.21E-06
SNRPE,1.1196202,2.00E-09,2.25E-06
LOC100130109,1.1196202,2.00E-09,2.25E-06
FIBP,1.4259665,2.07E-09,2.30E-06
ALLC,1.2184392,2.84E-09,3.12E-06
SIGIRR,1.7877226,3.55E-09,3.83E-06
PIN1L,1.3436298,3.56E-09,3.81E-06
HTT,1.7125022,4.00E-09,4.23E-06
CDH20,1.1556772,4.12E-09,4.32E-06
MFAP1,1.3627937,6.50E-09,6.62E-06
VEGFB,1.3713781,7.79E-09,7.87E-06
LRBA,1.4777253,9.55E-09,9.56E-06
RBBP4,1.630208,1.35E-08,1.31E-05
STYXL1,1.6195484,2.61E-08,2.46E-05
MPV17,1.5358086,2.75E-08,2.57E-05
UBE3B,1.3053231,2.96E-08,2.74E-05
TRMT5,1.3079358,3.07E-08,2.80E-05
FLJ35700,1.0725726,3.36E-08,3.03E-05
KIAA1009,1.3529049,3.63E-08,3.22E-05
ZNF613,1.1437731,3.64E-08,3.21E-05
ANAPC5,1.2025838,3.76E-08,3.29E-05
KIAA1598,1.1671497,4.62E-08,3.98E-05
LOC100133224,1.5572735,4.75E-08,4.06E-05
CDS1,1.1359365,4.76E-08,4.03E-05
APITD1,1.4099879,4.87E-08,4.10E-05
CORT,1.4099879,4.87E-08,4.10E-05
RESP18,1.1149443,6.28E-08,5.21E-05
SERF2,1.2542477,6.84E-08,5.63E-05
LOC728361,1.2318375,8.84E-08,7.22E-05
ELMOD3,1.6008135,1.27E-07,1.03E-04
C1orf111,1.1391495,1.34E-07,1.08E-04
LOC642838,1.4926523,1.45E-07,1.16E-04
REL,1.4871778,1.45E-07,1.15E-04
CSMD1,1.237633,1.52E-07,1.20E-04
HTR3A,1.0731504,2.34E-07,1.78E-04
TMEM175,1.3443637,2.65E-07,2.00E-04
LOC100125556,1.2096245,2.88E-07,2.16E-04
ATP5G1,1.1820477,3.26E-07,2.43E-04
CNN2,1.1385514,3.37E-07,2.50E-04
NCRNA00105,1.4248154,4.13E-07,3.04E-04
LOC100130288,1.4919428,4.52E-07,3.31E-04
TIMM17B,1.5855579,4.59E-07,3.34E-04
LPA,1.2929626,4.74E-07,3.42E-04
LOC652494,1.7356708,5.00E-07,3.58E-04
IGHM,1.7356708,5.00E-07,3.58E-04
MRFAP1,1.2495495,5.36E-07,3.82E-04
CMPK1,1.1300051,5.41E-07,3.83E-04
TRAPPC9,1.5082319,5.53E-07,3.89E-04
ATG9B,1.248685,5.69E-07,3.98E-04
C11orf61,1.3097305,5.92E-07,4.09E-04
SLC24A1,1.9728488,6.23E-07,4.27E-04
ZNF253,1.2558141,6.24E-07,4.25E-04
CCDC42,1.2522632,6.72E-07,4.55E-04
PRMT7,1.1252737,7.63E-07,5.14E-04
PAK6,1.5047219,8.59E-07,5.68E-04
ESRRA,1.1433156,8.94E-07,5.88E-04
PGS1,1.1623088,9.07E-07,5.93E-04
DDX3X,1.1318498,9.45E-07,6.14E-04
SORD,1.5597417,1.05E-06,6.77E-04
ZKSCAN5,1.3960449,1.09E-06,6.94E-04
XAGE5,1.2257609,1.20E-06,7.55E-04
CTSE,1.1876149,1.31E-06,8.22E-04
KIFC2,2.3063807,1.34E-06,8.36E-04
FOXH1,2.3063807,1.34E-06,8.36E-04
ABO,1.1128095,1.39E-06,8.61E-04
RPRD1B,1.4655933,1.43E-06,8.82E-04
TULP2,1.1916724,1.50E-06,9.14E-04
SLC9A1,1.2318267,1.50E-06,9.09E-04
SYNGR1,1.5265292,1.51E-06,9.11E-04
RRN3,1.4780632,1.61E-06,9.66E-04
TUBGCP2,1.5488237,1.73E-06,0.001029353
XIST,1.9251333,1.76E-06,0.001037785
GALM,1.799533,1.90E-06,0.001112065
ERMAP,1.127508,2.12E-06,0.001217774
RNF111,1.391145,2.25E-06,0.001287755
HSPA14,1.1312181,2.36E-06,0.001342573
VPS13B,1.2944257,2.39E-06,0.001356392
SNRK,1.3597296,2.41E-06,0.001358629
AGBL5,1.2279153,2.50E-06,0.00139606
DERL3,1.5780832,2.57E-06,0.001427089
MYO15B,1.557295,3.49E-06,0.001891374
BPHL,1.0744232,3.75E-06,0.002021424
EZH2,1.4198581,3.83E-06,0.002045964
SC65,1.6514423,4.04E-06,0.002146019
STRN3,1.6002291,4.23E-06,0.002228885
FAM63A,2.6927495,4.47E-06,0.002341832
ANXA9,2.6927495,4.47E-06,0.002341832
B4GALNT4,1.5782694,4.51E-06,0.002351919
APAF1,1.3918303,4.78E-06,0.002471305
MDM4,1.3612657,5.81E-06,0.002934235
FAM50A,1.2959443,6.13E-06,0.003080776
C5orf43,1.1941212,6.28E-06,0.00314226
TOR3A,1.2245706,7.38E-06,0.003643408
GOT1L1,1.1230578,7.66E-06,0.003767193
MTMR15,1.6059184,8.34E-06,0.004065343
MTMR10,1.6059184,8.34E-06,0.004065343
TSIX,2.0776663,8.81E-06,0.004254848
PCBP1,1.3917211,8.89E-06,0.004275546
C16orf57,1.1726669,1.06E-05,0.005037235
ZNF185,1.7904806,1.29E-05,0.006017158
FCGR2A,1.3005388,1.33E-05,0.006182642
PKNOX1,1.259454,1.40E-05,0.006461732
NAA15,1.5665704,1.50E-05,0.00693606
LOC145783,1.4746581,1.51E-05,0.006943251
SCGB2A2,1.4135158,1.52E-05,0.006936269
TEKT5,2.329786,1.67E-05,0.007584553
EXOC8,1.2194889,1.69E-05,0.007626592
TMLHE,1.7416389,1.70E-05,0.007654586
LOC541473,1.1442772,1.71E-05,0.007660876
ANKS1B,2.998855,1.83E-05,0.008113364
IRF9,1.380881,2.14E-05,0.00920361
CASP2,1.4033427,2.43E-05,0.010337239
KRT7,2.0255272,2.74E-05,0.011525326
NFASC,1.794567,2.88E-05,0.012075825
KCNIP1,1.2882298,2.93E-05,0.012230514
RCOR2,1.214091,3.22E-05,0.013361846
USP22,1.1398861,3.34E-05,0.013730812
PLA2G2E,1.1600676,3.74E-05,0.015101334
FLJ32756,1.073475,3.78E-05,0.015169079
SELO,1.6169101,3.79E-05,0.015143239
SKAP1,1.4577098,3.92E-05,0.015616564
MAP1S,1.1715794,4.51E-05,0.017776003
WNT3A,1.0462373,4.55E-05,0.017794359
LOC285878,17.49933,4.60E-05,0.017917506
WDR53,1.3927814,4.70E-05,0.018250669
PHKA2,1.1571656,4.71E-05,0.018255329
C5orf22,1.1661487,4.91E-05,0.018872485
NDFIP2,1.2512045,4.94E-05,0.018919245
VPS39,1.4113837,5.16E-05,0.019580951
ZNF84,1.0965872,5.26E-05,0.019875923
TSPAN16,1.1459055,5.27E-05,0.019856809
FLJ44635,1.2855963,5.35E-05,0.019947521
ATP2B2,1.3278924,5.50E-05,0.020451573
EIF5B,1.1492699,5.80E-05,0.021341184
DGKA,2.0283556,5.84E-05,0.021350546
ZNF224,1.1953132,5.88E-05,0.021434334
FBXL18,1.0836282,6.08E-05,0.021780791
RFX4,1.1341206,6.43E-05,0.022697176
MTMR14,1.1454996,6.80E-05,0.023830411
PXN,1.3925502,6.96E-05,0.024319268
ERGIC1,1.4231067,8.89E-05,0.03037972
SNX8,1.0687922,9.23E-05,0.031261083
FAM82A2,1.1899633,9.29E-05,0.031362477
ODF3,1.1537942,9.81E-05,0.032720105
DHRSX,1.338337,9.94E-05,0.033056491
LOC149837,1.5283104,1.05E-04,0.034596376
PRR3,1.1092378,1.06E-04,0.034872572
SNX25,1.5546578,1.08E-04,0.035477376
VIPAR,1.1854701,1.10E-04,0.035862118
SIN3B,1.8074332,1.11E-04,0.036031409
SLC35A2,1.3019072,1.15E-04,0.037188578
SLC9A3,1.4781135,1.15E-04,0.037184541
GPR114,1.4008925,1.27E-04,0.040130786
UCKL1,1.4874858,1.27E-04,0.040073536
ARAF,1.6046928,1.30E-04,0.040858375
MTCH1,1.2869701,1.33E-04,0.041368949
LPCAT3,1.6079793,1.38E-04,0.042810588
ZNF512,1.3136445,1.39E-04,0.043042264
FBXL3,1.2362213,1.47E-04,0.045282397
C1orf105,1.3269535,1.49E-04,0.045632553
TMEM89,1.3292294,1.52E-04,0.046420624
RUNX1,1.3285581,1.55E-04,0.047197526
BAT5,1.6796273,1.64E-04,0.049189692
TTLL3,1.4012434,1.65E-04,0.049324258
PCGF3,1.4937437,1.67E-04,0.049656338
LOC388882,1.083168,1.68E-04,0.04985837
P2RY8,1.0950936,1.75E-04,0.051711713
MIER3,1.359224,1.78E-04,0.052171413
STRA13,1.1474822,1.82E-04,0.053365617
SLC29A3,1.613479,1.83E-04,0.053293766
DIP2A,1.1522472,1.89E-04,0.054596606
EEF1A1P32,1.1356939,1.99E-04,0.057317685
FGF19,1.4377617,2.03E-04,0.058481308
PEX16,1.104489,2.03E-04,0.058363282
SCN10A,1.3618892,2.03E-04,0.058213657
DNTTIP1,1.3430651,2.06E-04,0.058723269
KIAA1147,1.3965547,2.14E-04,0.061057316
POLD2,1.3269179,2.17E-04,0.061624502
FSIP1,5.471497,2.18E-04,0.061795757
SERPINE3,1.1693732,2.20E-04,0.06228232
C14orf102,1.2813468,2.25E-04,0.06323283
FAM119B,1.1531143,2.30E-04,0.06458709
LFNG,1.823453,2.35E-04,0.065561925
MAX,1.2055782,2.35E-04,0.065554316
MYNN,1.1438084,2.41E-04,0.066661135
HMGN2,1.264045,2.47E-04,0.068167414
LOC729505,1.264045,2.47E-04,0.068167414
PRAMEF2,1.156933,2.49E-04,0.068732589
C7orf58,1.323359,2.57E-04,0.070380673
PRPF38A,1.1272241,2.57E-04,0.070311287
MXD3,1.4270289,2.65E-04,0.071907991
FAM65C,1.4913656,2.66E-04,0.071968488
NCF1,1.6912957,2.67E-04,0.072069255
NCF1B,1.6912957,2.67E-04,0.072069255
HSD3B1,1.1283877,2.76E-04,0.074143105
MAPK9,1.1477027,2.83E-04,0.075211177
PPIF,1.1536534,2.83E-04,0.075149265
ARHGAP12,1.1952096,2.94E-04,0.0778325
LOC644063,1.1299438,3.05E-04,0.080074097
PDCD11,1.2567005,3.05E-04,0.079993443
LUC7L2,1.2681448,3.47E-04,0.089651733
LOC391358,1.3894588,3.64E-04,0.09307624
LRPPRC,1.2308041,3.67E-04,0.093854379
RAB37,2.6822333,3.70E-04,0.094355004
ERBB3,1.3630975,3.70E-04,0.09420994
OR9K2,1.0610024,3.71E-04,0.094146718
SSX3,1.5444582,3.73E-04,0.094310828
C3orf27,1.1247466,3.78E-04,0.094975405
ZNF317,1.1500523,3.85E-04,0.096523959
EDC4,1.2686203,3.88E-04,0.096963411
FLAD1,1.1009481,4.05E-04,0.100159088
RBP5,3.8969924,4.39E-04,0.106882427
EFCAB4B,1.3173934,4.39E-04,0.106833171
BRF1,1.1505715,4.45E-04,0.107760004
NRBP1,1.2799541,4.50E-04,0.108720208
DOT1L,1.1084172,4.59E-04,0.110248571
C10orf137,1.1009898,4.63E-04,0.11086018
LOC730091,1.7531629,4.87E-04,0.115954723
RALGPS2,1.2887355,5.02E-04,0.118741979
ZFP41,1.3607004,5.02E-04,0.118531959
RILP,1.4221759,5.04E-04,0.118707794
UBE3A,1.358788,5.22E-04,0.1220909
EIF2C4,1.3498257,5.22E-04,0.121843513
NDUFAF1,1.6228755,5.26E-04,0.122374257
EXD1,1.0579805,5.37E-04,0.124172301
AKR1CL1,1.0975939,5.38E-04,0.124127787
MYO9B,1.3643123,5.47E-04,0.12589051
CAPN13,1.9126862,5.65E-04,0.128739195
GATAD1,1.4230883,5.72E-04,0.129890671
C20orf114,2.2137623,5.87E-04,0.132951775
LOC285741,1.3663654,5.92E-04,0.133732333
MAML1,1.3214674,6.01E-04,0.135465591
YIF1B,1.189731,6.27E-04,0.140431334
MOB2,1.1516703,6.27E-04,0.140298378
HLA-DRA,1.3743625,6.28E-04,0.140097955
GNB2,1.4535748,6.28E-04,0.139950348
MLF2,1.3369187,6.37E-04,0.14120062
CCDC22,1.591929,6.55E-04,0.144445428
HNF4A,1.195644,6.68E-04,0.146369847
EMP2,2.041536,6.78E-04,0.147941093
EIF2AK4,1.5795075,6.79E-04,0.147992484
MRPS14,1.0806704,6.88E-04,0.149131338
LOC645212,1.8407061,6.97E-04,0.15068465
DPY19L1P1,2.0550084,7.29E-04,0.155278571
LRRC3B,1.5890316,7.34E-04,0.155595788
ZMAT1,1.7509619,7.44E-04,0.15756563
MRM1,1.0750196,7.48E-04,0.158001935
CS,1.3792832,7.51E-04,0.158342208
GAS5,1.250212,7.70E-04,0.16117181
PAPLN,1.2599021,7.84E-04,0.163686724
SFRS18,1.2346718,8.00E-04,0.166120174
FAM3A,1.4594712,8.06E-04,0.167031648
SPATA3,1.1108838,8.13E-04,0.167855134
TMEM156,3.0677674,8.16E-04,0.167900443
EPB41,1.1967522,8.23E-04,0.168652148
PRKRIP1,1.2172031,8.23E-04,0.168510694
USP39,1.1469803,8.37E-04,0.169976667
MED4,1.2000067,8.47E-04,0.171770236
PPY2,1.091006,8.54E-04,0.172566474
GFAP,1.2046884,8.57E-04,0.172798321
SSH3,2.0772555,8.63E-04,0.17372452
GLUL,1.2505543,8.63E-04,0.173489322
FLRT3,6.378023,8.81E-04,0.176446449
FAM71C,1.0710266,8.84E-04,0.176769323
ARHGAP39,1.2646669,8.95E-04,0.178512447
LOC729400,1.3068166,9.23E-04,0.183097716
RAD52,1.1894035,9.25E-04,0.183156651
CLK2,1.2578976,9.33E-04,0.184474273
MAP3K12,1.2753723,9.40E-04,0.185560369
TERT,1.3944626,9.53E-04,0.18767384
POLR1A,1.1627462,9.59E-04,0.18800439
ANKFN1,1.1674043,9.90E-04,0.191961327
PBX1,1.6730418,9.92E-04,0.192024126
TSEN54,1.1107237,0.001000652,0.193047687
MRFAP1L1,1.2036489,0.001000679,0.192718227
LOC339290,1.285313,0.001020039,0.195430702
JMJD4,1.3912905,0.00102963,0.196590342
PIK3IP1,1.492677,0.001035899,0.197109904
ZDHHC21,1.1045418,0.001040339,0.19761646
LYPD3,2.3383443,0.001041037,0.19741153
PCGF5,1.094806,0.001043177,0.197480404
ELSPBP1,1.7502475,0.001045415,0.197567377
GFRA4,1.2483624,0.001052757,0.198617123
MCF2L2,1.3672314,0.001054637,0.198634617
SENP3,1.2354672,0.001062288,0.199737113
DDX41,1.1338133,0.00107086,0.201008818
ZNF266,1.9743642,0.001075585,0.201555214
SLC25A39,1.2234102,0.001088279,0.20324843
FAM53B,1.6685079,0.001101186,0.205313972
LOC643659,1.1130468,0.00110381,0.205458353
OTUB1,1.5825224,0.001104293,0.204861989
PQBP1,1.1618792,0.001105108,0.204671608
TEX261,1.2725067,0.0011131,0.205808616
C1GALT1,1.704,0.001122216,0.206463652
LRG1,4.2109146,0.001153921,0.211247402
IMMP2L,1.5916686,0.001166495,0.213198105
ZNF880,1.3819104,0.001190521,0.216520846
TRERF1,1.2948023,0.001200672,0.217654603
TMEM165,1.1892266,0.001203625,0.217834532
PRX,1.4631013,0.001216909,0.219880682
FUS,1.3847194,0.00122162,0.220373561
EGLN2,1.756169,0.001223589,0.220370888
LOC341056,1.4573298,0.001292853,0.232093166
LOC100132247,1.7782247,0.001311027,0.233844729
LOC100132540,1.7782247,0.001311027,0.233844729
DIS3,1.4036486,0.001313146,0.233847368
NFKBIB,1.64759,0.001324835,0.235551416
SETD4,1.4206753,0.001325634,0.235316946
SPG11,1.8889247,0.001351409,0.239128329
SUV420H2,1.4099444,0.001371009,0.241061075
PIN1,1.4167523,0.001383479,0.24286943
PCNT,1.1805378,0.001389262,0.243499874
ZFP106,1.280679,0.00140326,0.245566011
SLTM,1.1807227,0.001425751,0.249109605
MTMR1,1.2667576,0.001437107,0.249524424
CCDC56,1.2146503,0.001466451,0.253826159
LOC652493,1.4317001,0.001494208,0.257427687
IGKC,1.4317001,0.001494208,0.257427687
CNGB1,1.0480027,0.001522471,0.261082627
PPM1B,1.4189526,0.001522681,0.26071625
SLC22A13,1.1764609,0.001528758,0.261354137
COX18,1.1923971,0.001533486,0.261358274
TMC7,1.3127503,0.001535357,0.261276385
WDR27,1.7847915,0.001542933,0.262164111
LOC441869,1.131458,0.00157619,0.265783014
CHD2,1.2277116,0.001579231,0.265892261
NPLOC4,1.2658517,0.001579563,0.265545885
SF4,1.2718114,0.001588335,0.266617152
SESN3,2.8213677,0.001589667,0.266438194
RAB11FIP4,2.2511506,0.001621413,0.271349817
NCF1C,1.7430907,0.001631497,0.27140239
WFDC10B,1.148296,0.001632446,0.271154446
C7,7.3781877,0.001663927,0.275559621
GABPB1,1.5767411,0.001672885,0.27663098
POLR2J3,1.3214751,0.001684859,0.276553305
KBTBD5,1.04097,0.001689314,0.276467822
NAGPA,1.406874,0.001721673,0.279703876
ZNF394,1.2055346,0.001758507,0.283203672
NUP188,1.1687251,0.001765496,0.28391784
NLGN4X,1.2763157,0.001771029,0.284396003
MIOS,1.240002,0.00177461,0.284559878
C1orf131,1.4276756,0.001787986,0.28629158
LAMP1,1.5156176,0.001814234,0.28924408
LOC100132941,1.7575873,0.001868179,0.296145031
RAD17,1.0493734,0.001871594,0.295842322
EWSR1,1.0966401,0.001877179,0.295883334
ZNF649,1.1842439,0.001911817,0.300916195
LOC644390,1.4316398,0.001923458,0.302320319
C4orf41,1.1576452,0.001927722,0.302562445
GOLM1,1.332667,0.001931792,0.302773599
GPR68,1.7336476,0.001946843,0.304274338
COG4,1.1913742,0.002006602,0.311424053
HNF1B,1.2753127,0.002023576,0.313620467
FRMD7,2.0160735,0.002034797,0.314920284
LRWD1,1.1340985,0.002042401,0.315657525
DPM3,1.762886,0.002052572,0.316349477
KLHDC8B,1.3136102,0.002077121,0.319689598
MYO1F,1.283786,0.002090263,0.320823646
AGR3,7.5967507,0.002092364,0.320703053
SUFU,1.1528087,0.002106145,0.321927236
TRH,2.5450034,0.002134014,0.324402305
SYF2,1.4010644,0.002183628,0.331038557
TTC14,1.4201778,0.002189062,0.330959353
C12orf53,1.3386962,0.002193563,0.331189327
MICALL2,1.8177127,0.002204538,0.332394625
WNT10A,1.692763,0.002211191,0.332946053
NAT1,3.101792,0.002216177,0.333245209
TEP1,1.4371138,0.002245385,0.336725966
EIF3CL,1.3069582,0.002263688,0.338556953
EIF3C,1.3069582,0.002263688,0.338556953
RWDD4A,1.2477467,0.002299881,0.342128105
ALS2CL,1.3244609,0.002312827,0.342677721
UBE2J2,1.4026423,0.002318201,0.343016641
IGHD,1.5865386,0.00233493,0.344574244
L2HGDH,1.1598966,0.00240026,0.351415194
CCDC88B,1.9022236,0.002406893,0.351922623
AMFR,1.1874759,0.002460873,0.356996851
LOC643332,1.1990737,0.002464303,0.357028327
SEC31B,2.114465,0.002484513,0.359487708
ZNF706,1.2584537,0.002491562,0.359571277
CSK,1.3198797,0.002512139,0.362070557
IDE,1.2862045,0.002516925,0.36182176
C5orf45,1.5666509,0.00254961,0.365103475
SQSTM1,1.5666509,0.00254961,0.365103475
ZMYM3,1.4970531,0.00256394,0.36668301
ZNF225,1.4224048,0.002581788,0.367815441
LOC389787,1.3009375,0.002584999,0.367801289
NFKBID,1.6885555,0.002620692,0.370979811
GPR55,1.1313636,0.002628079,0.371552121
PEX2,1.5118748,0.002667445,0.375683788
AGR2,3.2304637,0.00266966,0.375519736
HFE,1.4986244,0.002682432,0.375888873
NDE1,1.4101591,0.002693767,0.375582731
FOLR2,1.3084235,0.002703988,0.376535438
FAM127B,1.5089343,0.002742187,0.380900109
LOC340073,1.149354,0.002742856,0.380517397
HIST1H2BD,2.3872318,0.002746201,0.38003254
FAM133B,1.0675011,0.002787917,0.383893071
LOC728153,1.0675011,0.002787917,0.383893071
VEZT,1.2882738,0.002790104,0.38371873
ARID4A,1.2122798,0.002793462,0.383705594
GLDC,1.1857376,0.002808042,0.385232148
LOC100131929,1.49815,0.002830184,0.387791108
FLJ43963,1.2367656,0.00284757,0.389213409
NCF4,1.6850544,0.002848795,0.388902557
FDX1L,1.4089023,0.002896148,0.393915173
DYNLRB1,1.4173484,0.002905954,0.394283646
TMEM131,1.3806001,0.002934238,0.3961863
IGSF8,1.2737467,0.002947693,0.397038235
TPP1,1.3279171,0.002956236,0.397706847
ZNF280D,1.3353285,0.0029719,0.398367255
FANCI,1.1078756,0.002998848,0.400530013
POLG,1.1078756,0.002998848,0.400530013
TBC1D14,1.1341436,0.002999306,0.400110292
LOC100129931,1.1341436,0.002999306,0.400110292
SLC4A1,1.2797441,0.00300736,0.399745081
YTHDF1,1.3153644,0.003019676,0.400902561
THAP8,1.5941962,0.003039625,0.402589142
TP53INP1,1.5539756,0.003067201,0.404794082
KCNE4,1.6388922,0.003079322,0.404950875
FRYL,1.1175597,0.003084161,0.405107792
CLSTN2,2.2563686,0.003089682,0.405353879
KAT2A,1.7774525,0.003093495,0.404421729
KCTD19,1.4814489,0.003093924,0.404002484
SLC35C2,1.3952844,0.003108074,0.404898617
LOC407835,1.1295286,0.003142708,0.407975678
PLEKHA8,1.7240932,0.003156078,0.408756241
TADA1,1.0602921,0.003164529,0.408897656
GRHPR,1.1240135,0.003179549,0.410361235
TMBIM6,1.4854212,0.003187005,0.410846322
MTERF,1.2300826,0.003187532,0.410438096
ITIH1,1.2402065,0.003193332,0.410709115
LRRC27,1.5292345,0.003200234,0.410646247
C2orf42,1.1528875,0.003202222,0.410427314
C12orf60,1.392612,0.003202701,0.410015788
ARHGAP33,1.3263295,0.003216749,0.411340442
MAP2K5,1.9443318,0.003231283,0.412723917
CATSPER2,1.5141547,0.003283943,0.416102169
STRC,1.5141547,0.003283943,0.416102169
VPS4B,1.1441363,0.003368553,0.423922683
GPA33,1.6293129,0.003425962,0.429203186
RBM19,1.6533259,0.003461968,0.432251942
USP38,1.0734093,0.003486008,0.434765109
ACOT12,1.0876613,0.003491911,0.435012987
CHIC1,1.3281622,0.003509403,0.436702559
FEV,1.2571391,0.003524146,0.438046577
MTSS1,1.4667041,0.003586156,0.441311617
ARHGAP32,1.5035807,0.003608408,0.442579613
LRRC23,1.2825828,0.003614331,0.442817354
FAM96A,1.2967104,0.003614448,0.442343998
C20orf200,1.3730739,0.003627551,0.442485548
HCG4P6,1.2806785,0.003639036,0.443399777
GON4L,1.1150672,0.003644001,0.443518476
NEDD8,1.426596,0.003647093,0.443409136
FLJ40852,1.7269378,0.003663215,0.444882443
MFSD8,1.441978,0.003672894,0.44557095
HNRNPA1,1.2786142,0.003695639,0.447353474
LCN12,3.2481503,0.003743841,0.451222209
WBSCR16,1.2434654,0.003751416,0.450668806
CELSR1,2.1523604,0.003752909,0.450361258
C1orf113,2.8434649,0.003781486,0.452812612
VTI1B,1.0606356,0.003802872,0.454883202
ARG2,1.0606356,0.003802872,0.454883202
CACNA2D2,2.5230567,0.003818601,0.455783421
SLC16A5,1.4849886,0.003845561,0.458508863
LOC100133772,1.4849886,0.003845561,0.458508863
RBMX,2.7722428,0.00386154,0.45942817
DUSP16,1.5887995,0.003904193,0.464005974
GGA2,1.2214519,0.003912824,0.464534939
UBAC2,1.5475701,0.003941656,0.46696015
LOC100128775,1.5454488,0.003975884,0.470012954
AGER,1.7640209,0.003976531,0.469589861
ELMO3,1.411593,0.003991818,0.470395294
LOC440983,1.0571147,0.0039994,0.470789526
THRAP3,1.0571147,0.0039994,0.470789526
EPS15L1,1.325414,0.004014643,0.472083785
TAS2R19,1.1433299,0.004014663,0.471587101
ALPPL2,1.4544158,0.004026752,0.472507667
ALPP,1.4544158,0.004026752,0.472507667
URB2,1.1594522,0.004047448,0.473935309
RPS23,1.5798193,0.004057596,0.474623354
CXorf50B,1.1854588,0.004133668,0.479483869
CXorf50,1.1854588,0.004133668,0.479483869
CTBP2,1.1730207,0.004151995,0.481107546
MAGIX,1.7233369,0.004201908,0.48486881
SNRPN,1.6956066,0.00421841,0.48626803
CNTD1,1.21067,0.004219213,0.485856533
BECN1,1.21067,0.004219213,0.485856533
EFHC1,1.7912546,0.004258447,0.487846754
CYP2D6,1.3805938,0.004260736,0.487606296
IKBKG,1.2663149,0.004263519,0.487422824
TMEM41A,1.1705875,0.00427464,0.487190587
PDXDC2,1.8247887,0.004293158,0.488299458
SPINT1,1.4904995,0.004294049,0.48790145
GTDC1,1.2513015,0.004296892,0.487228077
SSBP4,1.6155536,0.004304908,0.487639495
SLC9A3R1,2.0644076,0.004316742,0.487489101
FRAT2,1.2679269,0.004319644,0.487321619
NUP98,1.3935215,0.004328631,0.487840212
C20orf195,1.2877138,0.004345387,0.48923249
SH3BP2,1.2463851,0.004354315,0.48974142
C11orf87,1.3838898,0.004359337,0.489810481
CD19,3.718605,0.004365649,0.489036296
RAD9B,1.2736931,0.004376294,0.4897351
GPHN,1.062088,0.004429072,0.494645031
PDIA4,1.1731398,0.004438526,0.494706473
FBXO9,1.7315181,0.004457374,0.495812625
TMEM150A,1.2579309,0.004514763,0.499198069
ESPL1,1.1506501,0.00453209,0.500615729
COBLL1,1.2663187,0.00455191,0.501807482
AKT2,1.6646003,0.004582251,0.504651567
B3GALT4,1.2361575,0.004592846,0.505317655
ACOT11,2.1908464,0.004621064,0.507417456
PLA2G2F,1.1913092,0.004630042,0.506900633
SLC4A2,1.4567535,0.004651191,0.508214664
RERG,1.9812351,0.004662447,0.508944061
DNAH1,1.3394314,0.00468761,0.510687494
DALRD3,1.2597048,0.004705076,0.512088281
WDR6,1.2597048,0.004705076,0.512088281
SFRS1,1.2895173,0.004757543,0.516281725
H2AFZ,1.2320995,0.004770545,0.516683482
LOC646976,1.7156477,0.004789145,0.518192951
QRICH2,1.5255731,0.004824925,0.520543789
ASB14,1.5395709,0.004832992,0.520403668
NR2E3,2.985401,0.004867884,0.523146859
EPS8L2,1.5297647,0.004997858,0.534016296
HDAC10,1.8706117,0.004999641,0.533693689
SPTBN5,2.1005979,0.00500259,0.533495932
HSD3B2,1.2405938,0.005020095,0.534849483
NAA11,1.20912,0.005043878,0.536354918
CD79A,1.6236079,0.005049235,0.536411249
WBSCR22,1.102197,0.005105244,0.540295302
MOCS2,1.4213903,0.005117887,0.540603588
PSMD6,1.0913018,0.005124319,0.539743759
SLC45A4,1.721836,0.005130102,0.539330488
OR56B1,1.25494,0.00517772,0.543308614
CHD4,1.1710248,0.005180178,0.543053713
BAZ2A,1.3030461,0.005217173,0.544875837
ZSWIM1,1.4159027,0.005257032,0.548523136
PRICKLE3,1.2648649,0.005287124,0.550113329
SEC24B,1.1031294,0.005287199,0.549606567
DKFZP434I0714,1.2931535,0.005311395,0.550576609
C21orf119,1.3172487,0.005327279,0.551194844
C11orf45,2.009897,0.005334065,0.550359608
RXRB,1.3365544,0.005335513,0.549998371
CASP10,1.231404,0.005369392,0.551954673
JMJD1C,1.0795875,0.005370135,0.551520828
NECAB3,1.815026,0.005431807,0.554778223
CEP120,1.2641801,0.005445994,0.555716467
FLG,1.1233343,0.005457881,0.556418429
TBC1D27,1.634867,0.005473569,0.557506375
OXA1L,1.5313019,0.005475409,0.557183082
HTR1E,1.573749,0.005481659,0.557308722
ZNF783,1.9602348,0.00551346,0.557481586
DDA1,1.3111708,0.005524066,0.55804616
LOC728743,1.7556651,0.00554079,0.559227283
LOC440248,2.032558,0.005548521,0.55949932
CRYGS,1.7163237,0.005588821,0.562033095
MACROD1,1.7846503,0.005607436,0.563395236
ECHDC2,1.5912248,0.005620044,0.564151889
C22orf32,1.4372725,0.005646485,0.565783944
SMARCD2,1.2054724,0.005652144,0.565840756
OPALIN,1.1374344,0.005658821,0.565999287
ADAM6,1.261837,0.005709323,0.570024301
SSR1,1.2616664,0.00570988,0.569568197
DOK7,3.6557393,0.005750104,0.572040148
WHSC1,1.4147825,0.005767701,0.57174329
ZNF786,1.2759168,0.005786582,0.572593391
LAS1L,1.328194,0.005791287,0.572040153
MYOZ1,2.1763318,0.005820046,0.57437034
ZNF431,1.3521441,0.00583228,0.575066913
C20orf165,1.1978915,0.005847761,0.57455415
CHMP4A,1.9593296,0.005901272,0.577768369
DACH1,3.7873619,0.005929712,0.579531578
LOC284900,1.6184107,0.005973289,0.583277533
LRRC61,1.5287625,0.005997509,0.584102726
BRCC3,1.089253,0.006008842,0.584693976
NAGK,1.1866187,0.006016791,0.583933496
C6orf1,1.2946677,0.006034313,0.584103656
SCAND1,1.4318199,0.006037071,0.583861961
HMGA1,1.2605026,0.006043083,0.583427931
RPL4,1.1408467,0.006045344,0.582633796
POLR2J2,1.4405173,0.006050475,0.582118543
POLR2J,1.4405173,0.006050475,0.582118543
ZNF695,1.1146346,0.006069757,0.58296419
SSH2,1.1462694,0.006075917,0.583051894
GSTT1,2.7579255,0.0061,0.583850373
TAS2R40,1.2771764,0.006104398,0.583266542
PRPF19,1.219343,0.006106062,0.582924375
ACSF3,1.2678766,0.006139968,0.585658127
COL27A1,1.12727,0.006173523,0.587346225
GRAMD1A,1.6314892,0.006180885,0.587543604
RBM10,1.1868967,0.006187624,0.587179662
C1orf63,1.208188,0.006199703,0.586822479
FAM198B,1.5860521,0.006256228,0.590161967
TRIM26,1.3095229,0.006289485,0.592293635
OLIG1,1.2009623,0.006291313,0.591964083
EIF2AK1,2.047553,0.006299664,0.592248351
MAN1C1,1.428897,0.006325073,0.593632715
FBXL6,1.9023432,0.00633577,0.593633847
C20orf197,1.0885289,0.00634997,0.593962758
C11orf58,1.6234735,0.006379299,0.594205253
OTUD5,1.2605659,0.006399253,0.595564685
ZNF572,2.2833438,0.006435057,0.597395821
PLEKHB1,2.434763,0.006439516,0.597310774
PHLPP2,1.3329179,0.006473403,0.599953253
UBLCP1,1.0493323,0.006491762,0.600652876
PTP4A2,3.45093,0.006503108,0.601202035
DHRS1,1.7957321,0.00659474,0.607147702
RBM15,1.1985176,0.006636294,0.6099627
USP9X,1.0813564,0.006645096,0.610266948
GLS2,1.6114184,0.006648725,0.610096007
UNC93B1,1.5567529,0.006656462,0.610301985
C15orf44,1.3052311,0.00666791,0.610344483
LPO,1.085155,0.006678008,0.610263375
NCOA2,1.4066201,0.006678783,0.609832702
INO80B,1.2839397,0.006735587,0.613507097
NAP1L4,1.3289018,0.006740191,0.613423604
ROGDI,2.1847575,0.006753278,0.613609571
SP2,1.3127507,0.006771075,0.613221014
RNH1,1.4166205,0.006773014,0.612398435
TRPC7,1.2677929,0.006821232,0.614757317
LOC100132346,1.5237281,0.006828532,0.614418626
LRRTM4,1.2027805,0.006837676,0.61474355
FAM98C,1.431592,0.006841805,0.614617548
ISYNA1,2.8529186,0.006855898,0.614889434
INPP4B,1.9925919,0.00687683,0.616269372
RBM6,1.5256923,0.00687687,0.615776359
RXFP1,1.2756118,0.006912246,0.617948137
DNAL4,1.2048103,0.006914113,0.617122115
MAP3K14,1.3501763,0.006969062,0.618548791
DOK3,1.2457054,0.007006455,0.621371385
MFSD10,1.2620173,0.007009735,0.621166508
FCGRT,1.3000576,0.007030989,0.622553474
LUZP4,1.2040775,0.007035482,0.622455328
RASSF5,1.4984812,0.007040859,0.622435458
CCNL2,1.5469865,0.007062763,0.623875512
UTP14C,1.5349321,0.007073885,0.623371367
TRPM3,1.2437367,0.007104456,0.625073971
STRBP,1.1945137,0.007105327,0.624656056
SPAG8,1.1892546,0.007109731,0.62454908
LOC399881,1.1131444,0.007125327,0.625424699
RPS6KA5,1.2405239,0.007126134,0.624509001
SLC41A1,1.2600292,0.007148253,0.624968761
NDUFA1,1.1345038,0.007160789,0.625081182
DCUN1D4,1.4279594,0.007186968,0.625891377
INTS1,1.2575878,0.007200213,0.626063589
ZSCAN29,1.3633521,0.007231674,0.627816607
NAA16,1.2370415,0.007304583,0.632170676
LOC100127998,1.2957437,0.007417798,0.635534281
HCCS,1.4276447,0.007429582,0.636053476
ATP6V0D1,1.3368186,0.007437375,0.636230528
BAHD1,1.5844275,0.00747564,0.637540719
RFC3,1.3637437,0.007496516,0.638341243
C19orf62,1.4192761,0.007500956,0.638230261
TSC22D4,1.4859228,0.007532935,0.639482344
MON2,1.4627393,0.007567568,0.641442297
DNMT1,1.3050901,0.007587276,0.642133193
EHMT2,1.4923419,0.007590209,0.641892515
DLG5,1.2329719,0.007604579,0.642618721
SNORA24,1.4228272,0.007609405,0.642537951
RABGGTA,1.3483812,0.007665464,0.645799336
LOC151534,1.8310459,0.007670023,0.645205135
TSSK6,1.5523793,0.007674037,0.645054444
HLA-DOA,1.8512335,0.007758873,0.648262622
GGA3,1.0738647,0.007789905,0.649878049
ZC3HAV1,1.2730746,0.007803339,0.65002285
MCF2L,1.837292,0.007813882,0.650413453
GMIP,1.3020474,0.007854453,0.651351031
TRIM15,1.5760254,0.00787085,0.652224025
ACOT8,1.9123621,0.007883245,0.652764378
BLOC1S1,1.5405332,0.007889266,0.652776554
TMC8,1.3649566,0.007893504,0.652641276
CYP2B6,2.8898141,0.007903175,0.652469931
CYP2B7P1,2.8898141,0.007903175,0.652469931
RNF207,1.3085575,0.007954962,0.654799446
ZMYND17,1.2567106,0.00797297,0.655310942
DAP,1.0726097,0.008014206,0.656757086
FUBP3,1.1603118,0.008054539,0.659090198
EPHB4,1.3773631,0.008066843,0.659611344
GAL3ST3,1.363129,0.008078786,0.660102178
GPR98,2.7194462,0.008118412,0.662365842
TMEM180,1.2971228,0.008133779,0.662646573
PUS10,1.6069417,0.008155243,0.662452526
PLP2,1.2967637,0.008156655,0.662083236
LTBP4,1.4734681,0.008174471,0.662561459
ANO8,1.2627585,0.008179195,0.662461146
GRTP1,2.4449067,0.008182471,0.662243765
CCDC57,1.112908,0.008185451,0.662002786
NARG2,1.8431598,0.008198845,0.662603812
RIC8A,1.281719,0.008215626,0.66347751
DIDO1,1.7090952,0.008218546,0.663231262
MAST3,1.702078,0.008235235,0.663614199
AASDH,1.5876555,0.0082783,0.666118402
ARHGDIG,1.0725454,0.008282076,0.665458558
TSR2,1.2978507,0.008302629,0.666146625
RAB17,2.4582624,0.008321954,0.667215401
RUNX2,1.0276487,0.008340076,0.666744079
SEMA4D,1.4393026,0.008345367,0.665730198
CAPN1,1.5708647,0.008353442,0.665418995
RNF43,1.1546913,0.008413296,0.668748733
DAO,1.1170012,0.008475933,0.671805351
ZNF663,1.2576373,0.008592381,0.676691115
CHRNA10,1.7193058,0.008594397,0.676370529
P704P,3.219421,0.008594903,0.67593166
MB,1.8212768,0.008612373,0.676348179
ANO9,2.256623,0.008652205,0.6785173
ERCC5,1.4015967,0.008694083,0.678449885
OTOP1,1.1889968,0.008719584,0.679485477
EXOSC1,1.1226918,0.008722369,0.6792262
HLA-DPA1,1.0922202,0.00875497,0.679384482
RAB5C,1.3255951,0.008812133,0.682866594
XIRP2,1.2482423,0.008815573,0.682657108
RPH3AL,1.711892,0.008826882,0.682581464
EXOC6,1.5681114,0.008834186,0.68219684
GCC1,1.2013311,0.008834564,0.68175228
LCORL,1.3477641,0.008902924,0.684176764
HECTD3,1.2237475,0.008952828,0.68564099
UBA1,1.2873316,0.008954219,0.685275262
C19orf60,1.2116086,0.008955072,0.68439784
IGHG2,1.3018708,0.008973473,0.685332833
CCDC142,1.4830133,0.008981095,0.684973346
PP2672,1.3295485,0.009007571,0.686521508
TRIM66,1.7022352,0.009046851,0.68904266
TOLLIP,1.3002303,0.009062338,0.689749453
F7,4.7428117,0.009071487,0.689973209
CTDSP2,1.1453675,0.009082179,0.689842066
PCYOX1,1.2894131,0.009090792,0.689083245
ADAP1,1.810961,0.009136886,0.691162814
LOC150776,1.250761,0.009141439,0.691036806
FGD3,1.9358945,0.009147203,0.69053302
ITM2B,1.3174018,0.009155527,0.690223646
ADAL,1.3852259,0.009156369,0.689819122
LOC554207,1.2864964,0.0091597,0.689602551
ZNF501,1.9017737,0.009208314,0.690922015
RBMX2,1.1836454,0.009211572,0.690700041
CLK2P,1.3154092,0.009232356,0.691325532
SFTPD,1.4708093,0.009246443,0.691448503
SHKBP1,1.787123,0.009331536,0.694075184
LOC642424,1.3017071,0.009338917,0.694159538
FAM153A,1.7029041,0.009344172,0.694085853
NR2C2AP,1.5167563,0.009385386,0.696216489
RFXANK,1.5167563,0.009385386,0.696216489
GPX1,1.0738058,0.009391225,0.696184849
KIAA0195,1.6115936,0.009395232,0.696017598
MUC17,2.040771,0.009395798,0.695595789
HES4,1.2031173,0.009405521,0.695851988
PHC3,1.434926,0.009424062,0.69583395
DHRS7C,1.3746848,0.009431025,0.695885637
PDDC1,1.3295728,0.009436332,0.695815177
LOC729196,1.6126766,0.009451416,0.696465331
IL1RAPL1,1.788743,0.009474586,0.696325678
ELOVL5,1.9017419,0.009478645,0.696163582
LOC100129831,1.3824918,0.00949486,0.696433893
FBXO4,1.3847287,0.009516531,0.697562983
SFRS8,1.144385,0.009558197,0.697855168
DHRS4,1.2267531,0.00956205,0.697678086
CAPRIN2,1.3588097,0.009578319,0.697948567
ERVWE1,1.1796881,0.009618503,0.699500584
TNRC6C,2.1258996,0.00968323,0.702369163
LOC100131096,2.1258996,0.00968323,0.702369163
TBC1D9B,1.1969723,0.009690823,0.702003441
BAT2L1,1.1840338,0.009693658,0.701751403
ARL6IP4,1.1965946,0.009699688,0.701730774
PCBP2,2.434805,0.009788211,0.704922458
ANKRD55,2.3131187,0.009793715,0.703950212
ASB4,1.1115298,0.009804045,0.703782265
INTS6,1.5405823,0.009812136,0.703908314
SFRS3,1.2289815,0.009836799,0.703859998
LYPD6,2.337746,0.009857551,0.703984992
C5orf27,1.1372414,0.009862546,0.703889364
C12orf51,1.2487504,0.009862876,0.703461074
SLC8A2,1.5224695,0.009914702,0.705346653
AFM,1.2467618,0.010034466,0.708874725
LRRC56,1.9716979,0.010036604,0.708575293
LOC388588,2.0139225,0.010097765,0.711537048
C15orf57,1.4325981,0.010109471,0.711910456
PAIP2,1.3582513,0.010116125,0.711927921
TIA1,1.5485011,0.010160041,0.713211793
ZFYVE28,1.3707502,0.010205734,0.714163592
STRADB,1.3628172,0.010226237,0.71469822
PBX2,1.4446733,0.010226275,0.714251621
MID1IP1,1.7849088,0.010255081,0.715364337
PTK6,1.7702631,0.010286606,0.71666363
NUDT13,1.6700978,0.010321614,0.718202096
LOC90925,2.0993788,0.010323262,0.717867248
ZNF830,1.0672566,0.010347792,0.717776317
GEMIN8,1.2836566,0.010368334,0.71830451
ZFYVE19,2.288977,0.010390911,0.719420086
PTP4A1,1.2048881,0.010395234,0.719271215
FAM71A,1.0767239,0.010399051,0.719087553
LPHN1,1.2156262,0.010446344,0.721011879
RICTOR,1.2364783,0.010477965,0.721849261
BLVRA,2.284862,0.010487068,0.722028803
ZNF862,1.61049,0.010498006,0.722334323
PMPCB,1.2101954,0.010503558,0.72226911
DDX54,1.2480315,0.010507046,0.722062111
IGHMBP2,2.6100056,0.010521218,0.722142845
SYS1,1.4316936,0.010551494,0.723327355
PABPC1L,2.9048243,0.010617568,0.725618721
VPS52,1.7440077,0.010639604,0.726677749
RARG,1.7456301,0.010666342,0.727609556
LOC100129857,1.8043425,0.0106702,0.727426125
FGA,1.8043425,0.0106702,0.727426125
GNAT1,1.382285,0.010699983,0.728562623
HERC2P2,2.0327492,0.010726475,0.729472487
ELF1,1.4470676,0.010751032,0.730695352
C2orf65,2.0755224,0.010821142,0.733665483
CLCN2,1.4263135,0.010829835,0.732913357
POLR2E,1.2409041,0.010838355,0.73304355
UPF3A,1.2844622,0.010846316,0.732244917
SLC7A6OS,1.2449052,0.010872175,0.732655364
SLC7A6,1.2449052,0.010872175,0.732655364
GOLGA6L2,1.2409699,0.010872716,0.732247795
MUTYH,1.3683043,0.010922316,0.735142635
SPINT2,1.3007892,0.010925135,0.734887264
HELQ,1.3552994,0.010929384,0.734728333
RPAP1,1.2851547,0.010970335,0.736590023
NNT,1.2545241,0.011028583,0.739161155
SLITRK1,1.507816,0.011052471,0.738979411
HSPA1B,2.1208496,0.011087056,0.740400814
HSPA1A,2.1208496,0.011087056,0.740400814
DNALI1,2.1169984,0.011145345,0.742953893
DDX56,1.4202971,0.011155487,0.742738878
GMPR2,1.4789683,0.011189093,0.74453029
PPP1R16A,1.7730205,0.011191184,0.74422378
CPNE1,1.9618365,0.011204707,0.744677454
RASSF7,1.7097616,0.011213069,0.744787752
TUBB3,1.1138195,0.011228026,0.745335687
MC1R,1.1138195,0.011228026,0.745335687
LOC100132304,1.1224903,0.011258103,0.74644043
TSSC1,1.2196532,0.01126919,0.746729969
GRIN2B,1.0987362,0.011279047,0.746492893
PLK3,1.233078,0.011304007,0.747254685
NBPF1,1.269897,0.011305256,0.746449166
SLC25A41,1.2830911,0.011339761,0.747838747
C6orf134,1.3630073,0.011406075,0.750430566
AQR,1.3964913,0.011417123,0.750712986
PRPF38B,1.5315757,0.011449492,0.75106368
TRAPPC2L,1.4067584,0.011452594,0.750381246
MED12,1.4207376,0.011453778,0.750016623
GRM6,1.1686218,0.011453864,0.749580534
WIPI2,1.1345048,0.011515342,0.752274778
PSAP,1.0804639,0.011578786,0.754644855
ABHD8,1.6965289,0.011678878,0.758942658
ARL3,1.5970787,0.011695897,0.759160752
THOC2,1.4617934,0.011725856,0.759331164
ADAMTS7,1.1684932,0.011732875,0.759343208
FUT7,1.2953541,0.011760168,0.759782042
CCDC124,1.4832038,0.011768231,0.759861227
RBBP7,1.2779729,0.011793004,0.760576874
ZNF440,1.1786808,0.011801218,0.760665187
SERPINA4,1.1093848,0.011842173,0.761979004
RFT1,1.1895816,0.011847345,0.761870684
TMCO3,1.3325669,0.011880884,0.762262949
INPP5E,1.3744605,0.011888658,0.761881945
RGS18,1.6637249,0.011900405,0.761756142
TFCP2,1.3875563,0.011938588,0.763320901
PCK2,1.4053116,0.011939668,0.762950951
KIAA0226,1.5180029,0.011945345,0.762436841
FKBPL,1.4874504,0.011982022,0.764338814
BCL7B,1.4392548,0.012003635,0.764401086
KIRREL3,1.3695345,0.012045976,0.764905708
FRG1B,1.421874,0.01205155,0.764822642
CMTM4,2.5348241,0.012069061,0.765060071
GALT,1.1463437,0.012080255,0.765333083
SDHAF1,1.1284633,0.012087459,0.764481935
STBD1,1.6996862,0.012111007,0.765535483
TTC26,1.2225951,0.012112294,0.764746839
KCNH4,1.082231,0.012124328,0.765071963
U2AF1L4,1.3245739,0.012132911,0.763878471
KIAA1632,1.2445508,0.012145263,0.76379064
CYP2E1,3.7755368,0.012180176,0.765553004
LOC441245,1.3768786,0.012186973,0.765547188
COIL,1.0807407,0.012198542,0.765841019
KRTCAP3,1.3585153,0.012221088,0.765958241
MYO5C,1.9012359,0.012229411,0.766047832
ACTR1A,1.4278271,0.012248642,0.766820217
UBTF,1.2390857,0.01226553,0.767445098
TMSL3,1.4363444,0.012278121,0.767800577
FBXL15,1.4632013,0.01228704,0.767926179
TMPRSS6,2.7084856,0.012329664,0.769724319
C15orf29,1.4160762,0.012354815,0.769996725
TRIM40,1.3353387,0.01235565,0.769617122
RNF5,1.7455616,0.012380773,0.770318396
SNX21,1.3193693,0.012425274,0.771359626
EIF4H,1.2611402,0.012426014,0.770974852
OSR2,3.6794333,0.012433824,0.771028898
C19orf50,1.5997404,0.012472656,0.771714353
PDXP,1.1007826,0.012473668,0.771347488
WBP1,1.711714,0.01249784,0.771983004
LOC729859,1.711714,0.01249784,0.771983004
PLIN5,2.114708,0.012513324,0.772081093
GUSBL1,1.6687595,0.012531225,0.772756576
CD4,1.9426073,0.012552467,0.773637133
SLC25A11,1.4836919,0.01255473,0.773347711
CCNK,1.2233758,0.012572228,0.773139839
RMND5A,1.2664117,0.012615371,0.774507119
ARID2,1.4539772,0.012616318,0.774137523
SAMD1,1.4499408,0.012619735,0.773919864
LOC644656,1.864505,0.012655701,0.775697451
UBA52,1.2248659,0.012664433,0.775804736
PRSS30P,1.0834259,0.012684385,0.776598879
NAA10,1.2462939,0.012700258,0.777142484
RHPN1,2.5297093,0.012700644,0.776738403
VPS8,1.4199191,0.01272447,0.77691277
UCN,2.1233184,0.012754779,0.778335683
TMEM132D,1.2353963,0.012780323,0.779038861
ARFGAP1,1.3868147,0.012790406,0.778372526
SON,1.1370144,0.012804232,0.778787427
AMT,2.1130562,0.012810288,0.778729565
EXOC3,1.4449383,0.012835843,0.779856432
CCL23,1.1074036,0.012851203,0.779936744
IL1F6,1.2016594,0.012874467,0.780070575
C7orf27,1.5271074,0.012875614,0.779290243
LOC84931,1.495244,0.012913927,0.780334033
DIS3L,1.533681,0.012940904,0.781114668
KLK2,1.0621998,0.012949722,0.781222546
SERPINA10,1.8885111,0.012957037,0.781239738
GDI2,1.1312925,0.012968341,0.781497285
FLJ14107,1.1525947,0.012978798,0.78170348
C4orf29,1.2924188,0.012988548,0.781020775
CD22,3.6744018,0.01299656,0.781079878
DOK1,2.4468591,0.013000575,0.78089887
OR4C46,1.1782236,0.013020718,0.781264162
EIF4G1,1.1264541,0.013040837,0.781627257
HPS1,1.3624982,0.013200676,0.788655217
HSPE1,1.4357432,0.013225054,0.78883933
GLRX2,1.2182506,0.013258751,0.79000118
SCARB1,1.2925075,0.013266327,0.790028967
BAI2,4.2478814,0.013305049,0.790640089
LNX1,1.5760155,0.013313537,0.790721612
BET3L,1.0649489,0.01332508,0.790984417
HTR3D,1.2864211,0.013341598,0.791542149
IGFN1,1.0912744,0.013356573,0.791585322
COG5,1.24596,0.013359433,0.79133274
PGAP2,1.4146917,0.01336138,0.791026415
MOSPD2,1.4228866,0.01336458,0.790373696
UBR1,1.3024057,0.013407127,0.790785628
CHM,1.1022146,0.013463009,0.792819272
PLEKHA5,1.2006595,0.013519682,0.794472587
ZFAND3,1.3548927,0.013524242,0.794320498
ZNF496,1.4988136,0.013539037,0.794769366
GLE1,1.1925435,0.013566409,0.795955682
ABHD12,1.4742383,0.013572788,0.795909713
EPM2AIP1,1.8100647,0.013614499,0.796254707
SNX1,2.3023405,0.013670116,0.797409082
C14orf53,1.9336567,0.013688971,0.79809001
KCNAB2,1.3115122,0.013726886,0.799042817
PLCB3,1.6937939,0.013741243,0.799459767
COG3,1.3877829,0.013757297,0.799138568
JMJD7,1.3003231,0.013766097,0.799232002
JMJD7-PLA2G4B,1.3003231,0.013766097,0.799232002
CBX4,1.6677266,0.013772869,0.799207576
MNAT1,1.2961912,0.013797877,0.799406426
ORMDL2,1.312985,0.013798794,0.799042934
HDGFRP3,1.1447369,0.013814427,0.799531539
HCFC1,1.1924558,0.013823525,0.799225599
C1orf112,1.3641591,0.013847542,0.799366428
SCYL3,1.3641591,0.013847542,0.799366428
VN1R2,1.1791418,0.013888673,0.800078264
VTN,1.3016522,0.01389498,0.79961259
LOC440335,1.347697,0.013932376,0.800935029
GKN2,1.434806,0.014014405,0.801504244
MCAT,1.3738157,0.014031417,0.801240048
WNT9A,1.2311288,0.014031563,0.800836848
PAPL,1.2462786,0.014040644,0.800532852
CYTL1,1.7280605,0.014055027,0.80053143
MBOAT1,1.7920132,0.014056161,0.800185849
LPIN3,1.4196382,0.014056575,0.799799687
WDFY3,1.3861252,0.014070457,0.800179814
SMARCE1,1.6278497,0.014105254,0.801338532
MREG,1.3430766,0.0141164,0.80156192
RAP2C,1.8205049,0.014155681,0.802562096
PSMG3,1.2647343,0.014161578,0.802077978
MAGEC1,1.5297557,0.014167113,0.801982732
ZHX2,1.4213388,0.014168257,0.801639114
LIG4,1.2462912,0.014234773,0.803357395
FBXO18,1.215769,0.014254524,0.804063668
ZNF684,1.1060294,0.01425782,0.803841566
MAPK15,1.4131911,0.014275912,0.803638389
RIPK3,1.8470969,0.014280919,0.803513197
FLJ31306,1.6190422,0.014323957,0.803493738
CDK2,1.4563506,0.014330917,0.803478555
KIF5A,1.3952585,0.01435122,0.803805763
ODF3L1,1.0582848,0.014423957,0.806254184
SLC39A11,1.4890664,0.014426209,0.805974645
LOC401218,1.2964534,0.01443831,0.806245412
COPS7A,1.2205973,0.014477407,0.807616927
FAM22A,1.273797,0.014512546,0.808765147
FAM22B,1.273797,0.014512546,0.808765147
GOT1,1.094459,0.01451583,0.808137543
CCDC85C,1.1078293,0.014531899,0.80822235
GNAI2,1.5696285,0.014556143,0.808356964
PXMP2,1.2423809,0.014563599,0.807963435
SNAP23,1.6452105,0.014573598,0.808114732
TMUB1,1.3313155,0.014588547,0.808540181
PRDX3,1.5092987,0.014599584,0.808748547
PPIL2,1.5204769,0.014669806,0.809008872
IPW,1.802545,0.014672856,0.808775678
SCNN1A,2.2951667,0.014674094,0.808442895
KRTAP5-8,1.2757907,0.014697044,0.808905191
CPT1B,2.6122146,0.014744579,0.808318603
CHKB,2.6122146,0.014744579,0.808318603
AIFM1,1.2797344,0.01475236,0.80754999
FAM30A,1.9056131,0.014752521,0.807161195
KIAA0125,1.9056131,0.014752521,0.807161195
EMID1,1.7197605,0.014770352,0.807739082
CYP3A4,1.1387187,0.014777436,0.807331859
OXSR1,1.1160283,0.014794931,0.807493667
SMARCD1,1.3478256,0.014846048,0.809885801
TAB3,1.1901505,0.015053053,0.817965981
FXYD7,1.2064979,0.015097802,0.819195839
H2AFV,1.1943812,0.015153898,0.819438723
LRDD,1.6969584,0.015190026,0.81979662
KDM5C,1.5854495,0.015204257,0.820166333
MBTPS1,1.2545003,0.015229888,0.821150316
FLJ40504,2.474668,0.01523124,0.820824942
EIF5A,1.392469,0.015302375,0.823061893
PLA2G4B,1.7072248,0.015332742,0.824296212
SSTR1,1.10869,0.015335336,0.82403703
AP3S2,1.0833921,0.015335489,0.823646948
ARVCF,1.5285852,0.015358901,0.824107778
C14orf156,1.3328658,0.015367137,0.82415172
SNX15,1.3915197,0.015411008,0.82451488
SYT2,1.1993604,0.015419124,0.824552108
TMEM54,1.5245214,0.015422356,0.824328274
CCNDBP1,1.678046,0.015425275,0.824087923
AFAP1L1,1.253167,0.015443873,0.824685031
PBXIP1,1.2213393,0.015469735,0.825272847
RHOH,1.2445991,0.015484447,0.825265312
COQ10B,1.4572678,0.015486871,0.824998823
PHF20L1,1.7088292,0.015487254,0.824623906
CCDC64B,1.5453573,0.015522907,0.824941161
CNOT4,1.1752725,0.015528176,0.824432609
LOC440871,1.5915035,0.015543561,0.824461638
ZNF630,1.2087319,0.015559699,0.824923874
SYP,1.2301847,0.015607016,0.824286317
DNAJC8,1.2503563,0.015629871,0.824318054
SLC22A5,1.6310103,0.015650531,0.825016114
CYP2A7,1.5997962,0.015690457,0.825945336
CTR9,1.3116858,0.015718055,0.826614943
C16orf86,1.4175167,0.01575434,0.827348568
MDS2,1.7362808,0.015803784,0.828379186
OBFC2B,1.5934246,0.015816417,0.82865048
HIST1H2AC,1.8318166,0.015895562,0.830057604
C14orf1,1.3789943,0.015907806,0.829916971
AARSD1,1.42305,0.015916503,0.829981013
ISL2,1.1375486,0.015922788,0.82953022
CAPS2,2.3440292,0.015931729,0.829218499
LOC100130507,1.1365558,0.015944536,0.829496547
ANKZF1,1.2201754,0.015991279,0.829985455
TUBAL3,3.488989,0.015992854,0.829679697
ANKRD23,1.245646,0.016037385,0.831213777
UBXN2B,1.4508166,0.016047248,0.831337218
LAT2,1.5252663,0.016056044,0.831405286
DHX29,1.1835182,0.016072405,0.831090698
LOC91316,1.235635,0.016086692,0.831056006
UGT1A8,1.1893011,0.016137667,0.832914996
TCF12,1.2123294,0.016160963,0.833730108
ICK,1.1220944,0.016247839,0.836658279
EYS,1.1251806,0.016250994,0.836433143
HP,1.249323,0.016415642,0.840624624
OR2T33,1.2781725,0.016433899,0.841171906
SNURF,2.0639882,0.016454257,0.841438764
FKBP4,1.4771435,0.016484553,0.842212888
HADHA,1.155296,0.016525845,0.843546831
CBFA2T2,1.6776994,0.016584944,0.845010897
RHOT1,1.2155479,0.016585979,0.844676315
LOC643406,1.2494714,0.016612297,0.845629086
PARVG,1.7205034,0.016619218,0.84559404
ZNF850P,1.157966,0.016706408,0.846155971
SGSM2,2.4030857,0.016812326,0.848426942
DHDDS,1.2482438,0.016824193,0.848640384
FAM131A,1.0341649,0.016884234,0.85051078
PARP10,1.4811497,0.016902059,0.850637469
CYP2D7P1,1.6102656,0.01691941,0.850355305
XKRX,1.9137866,0.016925631,0.849899182
PRLR,1.5146792,0.016938947,0.849416358
TSSK4,1.3477556,0.016953772,0.849776284
NBEAL2,1.7465175,0.016963194,0.849482184
CXorf18,1.2445956,0.017021239,0.850090382
EVL,2.2522178,0.017026736,0.84998294
C21orf37,1.2991611,0.017032753,0.849901483
NUDT22,1.5516869,0.017083508,0.850905734
EXOSC8,1.272001,0.017103189,0.851123023
ARF5,1.2973585,0.017106839,0.850923577
GATA2,1.2962981,0.017122611,0.851327001
GREB1,3.8890626,0.017148778,0.852246701
LOC442421,1.939501,0.017181002,0.853466461
CLEC18A,1.2523108,0.017216849,0.854101733
LOC400931,2.3913498,0.017251082,0.854274508
C17orf68,1.3379489,0.017272519,0.854955093
PPP1R11,1.5458332,0.017309702,0.856032955
FN1,1.4719995,0.017344025,0.85696759
LRRC1,1.3317081,0.017346241,0.856696158
STMN2,1.2758745,0.017353751,0.856305909
ZNF645,1.1166544,0.017405547,0.856959041
ZNF226,1.4962902,0.017413072,0.856949846
BRCA1,1.2416509,0.017416445,0.856736439
IL18,1.5280619,0.017426888,0.85649183
CBX3,1.1163979,0.017430809,0.855927421
ASB13,1.4383788,0.017448679,0.855670596
SYTL1,2.1650288,0.017496157,0.855733031
PLCXD2,1.5349643,0.017496371,0.855367
CWF19L1,1.3321185,0.017507311,0.855525494
LOC390282,1.2021518,0.017564617,0.856067071
BMP15,1.1800852,0.017589501,0.855778532
EBF4,1.2758902,0.017609175,0.85561187
HYAL1,1.1532289,0.017610084,0.855282085
RALGDS,1.2343973,0.017619015,0.855341991
SPAG11B,1.2808748,0.017702169,0.856758746
C15orf21,1.3536214,0.017719217,0.857210512
LOC100131434,1.3643072,0.01772637,0.857183396
ZNF335,1.2480896,0.017728499,0.856913435
MYB,1.9482497,0.017781184,0.857222774
PRKAG1,2.0004697,0.017809833,0.857859606
ZNF703,1.2748762,0.017827286,0.858328227
CDK10,1.4700891,0.01787106,0.859318799
C19orf21,2.2178493,0.017903594,0.859767098
SLC2A4RG,1.7705059,0.0179521,0.860237676
ZNF76,1.5800999,0.018016523,0.86295263
APBB1,1.1873577,0.018031304,0.863288498
HNRNPL,1.4291846,0.018048463,0.862994557
CPB2,3.3725407,0.018082093,0.864230731
RB1,1.5886544,0.018118758,0.865238819
ARSA,1.3084666,0.018119245,0.864890418
RPAP3,1.3268732,0.018209219,0.867322366
POP7,1.1078686,0.018252398,0.868634351
TMEM9B,1.1931849,0.018345714,0.87232808
IGHV3-23,1.7802689,0.018365106,0.872876697
SNX32,1.5557107,0.018380803,0.873249224
TSSC4,1.0924056,0.018393938,0.873499812
KRTAP4-5,1.1292642,0.018414491,0.874102297
NXF2,1.2406672,0.018429369,0.874061796
NXF2B,1.2406672,0.018429369,0.874061796
URGCP,1.5711858,0.01843384,0.873900861
CUTA,1.1750746,0.018458002,0.874300324
KCNT1,1.3724003,0.018518199,0.876031407
ILK,1.5371518,0.018565724,0.876414151
CHTF8,1.2009754,0.018616627,0.877326296
AATF,1.0749372,0.01868581,0.880213324
TRMT112,1.3868117,0.018698142,0.880048129
C9orf139,1.3874296,0.018743269,0.880307789
TMOD3,1.300356,0.018768731,0.880387376
GTPBP6,1.6447277,0.018779052,0.88049984
TMED4,1.4120382,0.018805583,0.880629093
ZNF384,1.1880331,0.018854756,0.881816961
KCNA7,1.2309995,0.018865576,0.881210324
PLA2G10,4.3617578,0.018909037,0.882869298
EIF5AL1,1.5181972,0.018923837,0.88318922
MTMR9L,1.9131353,0.01894868,0.883606427
IQSEC1,1.2097056,0.018974658,0.883705319
VCX3A,24.611998,0.018982532,0.882961865
KRT18,2.1716194,0.019023828,0.883034612
TCIRG1,2.2418244,0.01903782,0.88221005
CYFIP2,1.8273731,0.019065795,0.882770121
EXOG,1.2410678,0.019081994,0.883152202
GBAS,1.3448417,0.019102976,0.883387421
AVPR2,1.2893391,0.019145081,0.884230584
SERPINB13,1.4954765,0.019147442,0.883972254
VCX,24.853401,0.01916193,0.883173425
ZNF251,1.6941991,0.019168976,0.883131875
PDE11A,1.2588187,0.01919083,0.883406223
FAR1,1.7584608,0.019198497,0.88339321
DLL1,1.1945283,0.019203438,0.883254837
TMIE,1.1164423,0.019204277,0.882927977
TMC6,1.4955797,0.019230605,0.883407402
BCOR,1.9668006,0.019254015,0.883022674
ACRV1,1.1346782,0.019272473,0.883504544
GSTA4,2.614553,0.019272624,0.883147121
GRSF1,1.1783891,0.019284416,0.882959264
C17orf44,2.6810393,0.019286543,0.882692962
GPR3,1.3518527,0.019310694,0.883434418
C7orf47,1.4232748,0.019358275,0.884155213
IMPDH1,1.5896261,0.019368633,0.884264844
LDHAL6A,1.4547764,0.019379771,0.884046903
BAT1,1.4572018,0.019461364,0.886313577
VEZF1,1.2807369,0.019490592,0.88691772
GSG1,1.2103511,0.019514668,0.887286592
GAPT,1.9208516,0.019522568,0.887282734
P2RX1,1.1585227,0.019534024,0.887440431
KRTAP1-1,1.2484636,0.019546634,0.887650452
LOC727982,1.1326603,0.019559017,0.887487385
MGST2,1.8770744,0.019581378,0.888139372
RPL10,1.9877237,0.019604115,0.888445385
RAB11A,1.8157306,0.019612486,0.888462408
G2E3,1.3691245,0.019654509,0.889278487
C11orf17,1.1804684,0.019670925,0.889297088
BOLL,1.4015918,0.019672678,0.88901466
VENTX,1.1586885,0.019680492,0.888284049
LOC100131053,1.5376832,0.019682576,0.888017409
NPEPPS,1.2131231,0.019742042,0.888895828
ZNF75D,1.5219034,0.019775602,0.888966098
FAM84B,1.4468044,0.019802787,0.889468535
TOMM6,1.3847789,0.019875558,0.891655904
ZNF318,1.4700168,0.019910675,0.891791176
FRAT1,1.8470817,0.01991239,0.891508684
VARS2,1.7601252,0.019915257,0.891277935
METRN,3.1628282,0.01995495,0.891976651
MOSC2,2.1179547,0.019963184,0.891985895
PRR10,1.1716653,0.01997869,0.892319922
C17orf87,2.3118775,0.019979354,0.891991064
OSBPL1A,1.136286,0.019996806,0.892411682
NECAB2,1.2170849,0.020045919,0.893168679
SYBU,2.2624218,0.020133245,0.89562315
C11orf66,1.76913,0.020138971,0.895519368
KIAA1984,1.7765583,0.020151273,0.895707982
DOCK6,1.5302562,0.020154669,0.895500704
IL21,1.2724361,0.020156736,0.8952346
TDH,1.350716,0.020170053,0.895468139
TPTE2P3,2.5176914,0.020371272,0.900444238
TPTE2P2,2.5176914,0.020371272,0.900444238
ABCB9,1.5308508,0.02039618,0.900828577
OGFOD2,1.5308508,0.02039618,0.900828577
TOX4,1.2021114,0.020413255,0.900866613
VCX2,23.534897,0.020448476,0.901347091
ATP7B,2.369904,0.020479627,0.901647202
XBP1,2.1467779,0.020506151,0.902100158
RPS26,1.8569701,0.020585391,0.90308344
RBMXL3,1.0598731,0.020675686,0.904901239
KLHL28,1.2613314,0.020690193,0.905179662
NCRNA00183,1.212654,0.020716173,0.904891225
FTSJD2,1.403142,0.020736746,0.904722957
KIAA0040,1.3909087,0.020794813,0.905833812
NUDCD3,1.3620058,0.020830598,0.905972046
ATG2A,1.5121069,0.020856445,0.906741304
PCID2,1.5800371,0.020902812,0.906982898
ICT1,1.1632714,0.020914979,0.907156615
PIGC,1.1881838,0.020941053,0.907579014
FN3KRP,1.2934817,0.020950323,0.907626805
SFRS6,1.3418943,0.020961462,0.907755455
CRX,1.3656979,0.020973103,0.907905787
DRD3,1.1027198,0.020994264,0.907055059
FAM71D,1.2562954,0.021066481,0.90911478
C7orf23,1.2650555,0.021128576,0.909674847
TAF7L,1.0456672,0.021167512,0.910293111
ECE1,1.3292447,0.021248108,0.910938848
TMEM187,1.1866896,0.021261255,0.910799728
FIP1L1,1.3367614,0.021301948,0.911488803
MICB,2.5949216,0.021324715,0.911410133
PRMT6,2.0530078,0.021355958,0.911693469
CCDC72,1.6756054,0.021363718,0.911674531
SNHG11,1.6498828,0.02136478,0.911369825
SNORA60,1.6498828,0.02136478,0.911369825
DPP8,1.3248146,0.021412452,0.91130443
DUSP9,1.3092109,0.021429366,0.911675139
NS3BP,1.2330201,0.021457151,0.911113114
CNTNAP5,1.4030635,0.021462217,0.910980124
ZNF41,1.2263176,0.021486013,0.910598869
GPR82,1.3392892,0.021520579,0.911021445
PAK2,1.6853588,0.021523938,0.910816662
IFT122,1.9287912,0.021527177,0.910606948
P2RX5,1.1445302,0.021591597,0.911943399
ANKRD16,1.4213555,0.021592974,0.911655028
PLD5,2.6637995,0.021629599,0.911815617
ABCF3,1.3283983,0.021641676,0.910942428
KIAA0495,1.4114728,0.021664793,0.910535832
PARD6A,1.4577641,0.021751326,0.91313662
LOC645961,1.3977996,0.021762285,0.913251658
RSL1D1,1.2861075,0.021782991,0.913430682
CCDC9,1.1735384,0.021819768,0.913938198
BAI1,3.7745402,0.021874963,0.915904852
DUSP7,1.0927134,0.021900133,0.915923411
C20orf151,1.5619942,0.021971357,0.916143756
USE1,1.37104,0.022003101,0.917123233
NEAT1,2.2926333,0.022021543,0.91720388
C22orf25,1.5947126,0.022051278,0.917754376
ZNF479,1.4155842,0.0221298,0.918271029
LOC643955,1.4155842,0.0221298,0.918271029
PTH,1.289982,0.022164267,0.919014866
LRRC68,1.7385429,0.022203395,0.919607832
BZRAP1,1.6267666,0.02222074,0.919640709
UNC119,1.220411,0.022224997,0.919474447
HOXC10,2.644522,0.022239553,0.919050133
NBN,1.4272162,0.022249547,0.918438491
DNASE1L2,2.846322,0.022253484,0.918259899
PGP,2.2769473,0.022268735,0.918207301
RHOA,1.2089727,0.022290474,0.918422072
TNF,1.5347987,0.02232643,0.918881431
C1orf198,1.1961302,0.022330941,0.918386829
HSPBP1,1.2523187,0.022365224,0.918776649
ACAP3,1.4389116,0.022386048,0.918274189
HDAC6,1.2317656,0.022430521,0.919080662
CARKD,1.5867578,0.022554668,0.921449413
POTEKP,2.656885,0.022558216,0.921255649
CLK1,1.598753,0.022625348,0.921964264
LSM4,1.510247,0.022638092,0.921807525
ATXN7L1,1.3144828,0.022646639,0.921480229
CACNG3,1.3057492,0.02275113,0.923028041
C10orf28,1.2333009,0.022769475,0.92309828
TRIM52,1.586385,0.022772873,0.922899348
ATXN7L3,1.3928553,0.022784377,0.923028915
LOC149134,1.8135161,0.022834966,0.92406769
TCP10L,1.2557274,0.02285308,0.924127675
SFRS13A,1.6154337,0.022946605,0.925551957
KRT8,2.4997964,0.022988766,0.925908185
C9orf86,1.4019542,0.023000251,0.925364534
ZNF767,1.6723639,0.023091036,0.927338339
RGS14,1.783071,0.023104687,0.927551348
PLA2G4F,1.5927546,0.023151624,0.926757164
CYTIP,2.309712,0.023179366,0.927533567
MOSPD3,1.4518638,0.02320653,0.927952239
ST6GALNAC4,1.8655094,0.023251004,0.927727599
CORO1B,2.0640829,0.023285365,0.927766094
LIME1,1.4146862,0.023320644,0.926845472
KRTAP4-8,1.3386053,0.023343952,0.926446424
LOC729973,1.6116904,0.023369262,0.926788913
RNPEPL1,1.3635757,0.02338133,0.926606109
LOC339316,1.215789,0.023411999,0.926829919
ZNF828,1.9202417,0.023436829,0.925504878
CAPN10,1.4740963,0.023443842,0.925452947
CSNK1D,1.2053723,0.023458233,0.925692181
C14orf48,1.2575908,0.023459933,0.925430667
LOC100132977,2.6883867,0.023461688,0.924843256
C13orf16,1.2263259,0.023472096,0.92492544
KRT19,1.8117288,0.023500281,0.925051994
NT5C,1.3659441,0.023505046,0.924911916
PCIF1,1.8452605,0.023522605,0.924947775
CD1C,2.873556,0.023534949,0.924778697
DCAF11,1.4782755,0.023545903,0.924882078
ZNF700,1.6362457,0.023552497,0.92481416
ARFIP1,1.3705386,0.023558025,0.924704483
PTPN14,2.2057714,0.023572559,0.924948264
STARD10,1.9601133,0.023577382,0.924810957
DHRS12,2.0307884,0.023599239,0.925341651
RPL14,1.1739061,0.023681572,0.927261227
C1orf129,1.4163499,0.023730793,0.928207286
KCNH2,1.4903654,0.023822,0.928832319
AFF3,1.741949,0.023824726,0.928287176
ZSCAN12,1.1210365,0.023863882,0.929161217
IVD,2.0731494,0.023876167,0.928988559
MED29,1.4039361,0.023927511,0.92903451
SNX17,1.7045918,0.023968893,0.928694312
MRPL34,1.3001014,0.023987566,0.928770157
LOC440895,1.5698445,0.024032427,0.929212028
DNASE1,1.5056666,0.02403707,0.929068302
EIF1AD,1.2499247,0.024046738,0.929118797
STAT6,1.2848573,0.024052097,0.929002836
DRD2,1.6716435,0.024052415,0.928692326
DEF6,1.6647657,0.024058265,0.928273114
SPSB2,1.3502096,0.024071079,0.927801091
PLCB2,1.3763798,0.024097466,0.928174234
RXRA,1.5054171,0.024175663,0.928932314
C1orf77,1.1619471,0.024195835,0.929064899
EIF2S3,1.3863627,0.024231144,0.929136449
KBTBD4,1.3833861,0.024242131,0.928916668
CD3E,1.2462854,0.024242471,0.928609478
EXOC1,1.3132508,0.024258007,0.928564409
MAN2B2,1.1764804,0.024278844,0.928083239
G6PD,1.3433373,0.024306315,0.927538005
ZFR2,1.3091655,0.024317515,0.927328502
BCL2L1,1.4820863,0.024331042,0.927526044
C19orf42,1.2134148,0.024364417,0.928479795
TMX3,1.2884482,0.024398652,0.928828846
OCEL1,2.410062,0.024404223,0.928404807
PRSS33,1.3277744,0.024431199,0.928795123
GMEB2,1.2750453,0.024444962,0.929000506
LOC653340,1.5958291,0.02445285,0.928665103
LOC100134822,1.5958291,0.02445285,0.928665103
ZNF263,1.5379193,0.024461981,0.928694483
NOM1,1.4656794,0.024466569,0.928234405
IGLL1,1.5957271,0.024494329,0.928653469
EAPP,1.4598337,0.024521484,0.92904907
PRKAR1B,1.2794102,0.024556011,0.929406545
GGN,1.3579268,0.024584142,0.929837859
PLBD1,1.7976257,0.024613117,0.930300468
SLC26A6,1.3435222,0.02461844,0.930185265
PQLC3,1.2898604,0.024656821,0.930686116
MUS81,1.4413216,0.024664019,0.930325781
POTEF,1.8469921,0.024665612,0.93007019
POTEE,1.8469921,0.024665612,0.93007019
LIF,1.3752325,0.024718444,0.93111446
DOM3Z,1.5890701,0.024740422,0.931310947
MLPH,2.2900789,0.02474374,0.931120417
LDLRAP1,1.3280734,0.024753607,0.930546379
TMEM75,1.2018633,0.024802168,0.931426583
OR1J1,1.1528469,0.024828533,0.931157967
PRKAR2A,1.1063521,0.024830275,0.930909143
C20orf79,1.1539273,0.024890933,0.931925579
TRAFD1,1.3467447,0.024930559,0.932152934
SERHL,1.4517021,0.024941039,0.932231116
RRP7B,1.4517021,0.024941039,0.932231116
KCNN1,1.3641797,0.024983199,0.932865604
ING5,1.074453,0.024986747,0.932684665
ATP9B,1.87167,0.024989468,0.932160008
CIDEB,1.6292392,0.02500984,0.931044719
C14orf21,1.6292392,0.02500984,0.931044719
GSPT1,1.5112896,0.025011809,0.930806164
KIAA0182,1.2768272,0.025019466,0.930779422
TEAD2,1.854368,0.025022016,0.930562743
KIAA1467,1.9252082,0.025025979,0.930398737
C6orf141,4.4708595,0.025068067,0.930096436
ELP4,1.1457033,0.025074155,0.929701484
RPS6KL1,1.4677682,0.025088821,0.929624882
UFSP1,1.2481397,0.025166529,0.931882759
SRRT,1.2481397,0.025166529,0.931882759
SLC39A3,1.2883126,0.025192668,0.931919071
GDF2,1.147092,0.025197767,0.931797476
OR1A1,1.3521949,0.025252475,0.931650332
SLC23A3,1.3580241,0.025280798,0.932385683
PIGX,1.4855069,0.025344539,0.933497257
GLTPD2,1.0577167,0.025359633,0.933434414
LOC284014,1.0577167,0.025359633,0.933434414
GRIPAP1,1.2930368,0.025381795,0.933631653
MAPKBP1,1.3005276,0.025403329,0.933496749
ALDH3B1,1.8203253,0.025425701,0.933701312
ARHGEF7,1.9579686,0.025462023,0.934417565
PPP2R5B,1.1456485,0.025552836,0.93682209
ZNF323,1.4668697,0.025602438,0.938021671
OSBPL5,1.1017497,0.025607552,0.937899798
VPS25,1.3749712,0.025636466,0.93803127
TSPAN17,1.4103025,0.025639829,0.937845513
ZNF341,1.343426,0.025699487,0.937251082
MTMR12,1.2988485,0.025732155,0.937826919
ACRC,1.6363168,0.025741375,0.937855358
NGLY1,1.1628242,0.02583691,0.938873433
P2RX3,1.1042695,0.025855815,0.939253273
UNC13D,1.1569206,0.025862435,0.939186718
C6orf100,3.1784558,0.025869888,0.93915047
LOC653269,2.0387836,0.025883059,0.939321749
LOC653781,2.0387836,0.025883059,0.939321749
RBM39,1.5757917,0.025888615,0.939216653
HMGB1,1.0622246,0.025912841,0.93948209
TAZ,1.6122009,0.0259856,0.941198769
TCEA1,1.5249236,0.026006548,0.940730995
PIGG,1.077596,0.026152443,0.944164382
SFRS5,1.4083605,0.026171329,0.944232674
NPHS2,1.7560757,0.026178905,0.943893085
WWP1,1.7524462,0.026217481,0.944364731
AGFG2,1.4694359,0.026306191,0.94725303
1-Sep,2.2283976,0.026335533,0.948002422
TDRD3,1.4290628,0.0263409,0.947888563
ZNF182,1.4356005,0.026392979,0.948227296
TMEM102,1.1644117,0.026401089,0.947905736
PPM1J,1.6643742,0.026406581,0.947796665
ALDH16A1,1.3214611,0.026437834,0.94769402
LOC442249,2.2588372,0.026442853,0.947568248
WDFY2,1.2419462,0.026449168,0.947488992
UBQLN4,1.2282066,0.026537369,0.94850823
DLEC1,1.6052059,0.026549927,0.948347009
ZNF589,1.382987,0.026583538,0.947719743
RNASE6,1.2870064,0.026624195,0.947952722
SNORA70,1.7387313,0.026656131,0.948481973
XPC,1.2963352,0.026662969,0.948421603
NAF1,1.2774445,0.026674411,0.948524995
TSPY4,1.2339529,0.026695327,0.948358311
TSPY1,1.2339529,0.026695327,0.948358311
FBXO41,1.6473835,0.026697889,0.948146206
IRF2,1.3003314,0.026714664,0.948438843
LOC100132014,1.3021051,0.026793485,0.947604213
CD151,1.6832515,0.02680936,0.947562509
KCNK16,1.1590264,0.026876451,0.947823518
LOC168474,1.6968442,0.026909974,0.948403769
ZSWIM3,1.3975765,0.02691101,0.948139548
CSPG4PY1,1.2117666,0.026919989,0.948155284
CSPG4PY2,1.2117666,0.026919989,0.948155284
ALX4,1.188466,0.02693093,0.94793974
TBCB,1.2798777,0.02694485,0.946929977
PPM1N,1.2474576,0.026978591,0.947816001
FAM113B,1.7450444,0.026985775,0.947768743
MLXIP,1.0808085,0.027024493,0.947930158
FAM125A,1.3577374,0.027046808,0.94781535
UPK3A,2.311136,0.02708064,0.948103951
CTTN,2.8866293,0.027098302,0.948124891
LOC388387,1.1147033,0.027103815,0.948019282
CDC42,1.3691882,0.027113108,0.947747698
SAT2,1.0910597,0.027183582,0.94931526
KIAA0562,1.4850314,0.027226935,0.949933672
LYNX1,2.9249523,0.027245597,0.948797406
S100A14,1.4776456,0.027259144,0.948674556
ALG5,1.340794,0.02727762,0.948129801
DHFR,1.1572288,0.027289303,0.948239295
CTCF,1.1435436,0.027296887,0.948206305
C1orf145,1.2574713,0.027313229,0.948181178
C7orf43,1.4732277,0.027326666,0.948055286
HAUS7,1.148027,0.027337634,0.947843961
FGF21,1.1276592,0.02739187,0.947949781
LOC100132363,1.3387237,0.027405682,0.947542494
C4B,1.6916202,0.027425673,0.947349397
C4A,1.6916202,0.027425673,0.947349397
CYP4F11,5.482542,0.027554876,0.947101919
SPTY2D1,1.5333529,0.027585817,0.947286378
ARHGAP27,1.2763886,0.027641236,0.948603163
DDAH2,1.2640398,0.027647985,0.948541833
ARRDC2,1.5152347,0.027657571,0.948577849
MBTD1,1.0853261,0.027662174,0.94815045
AHNAK,1.3840038,0.027693703,0.948061402
ITFG2,1.2766538,0.027742907,0.947993552
COPE,1.3855152,0.027780322,0.948688591
C14orf181,1.4792188,0.027795609,0.948336337
KIAA1468,1.2775862,0.027841505,0.949028084
FADD,3.1039865,0.027855296,0.948916037
ING4,1.4327514,0.027913624,0.949157169
KIAA0232,1.363816,0.028011642,0.949584426
DPF3,1.1402553,0.028024627,0.949734855
HSD17B10,1.1811559,0.028065632,0.950544706
LRRC9,1.2580353,0.028121922,0.951291436
C17orf88,1.4860941,0.028123229,0.950756778
BRE,1.2993284,0.028125052,0.950529232
LRRN2,2.7645998,0.028127389,0.950030346
JUP,1.4755312,0.028128435,0.949777007
AKAP11,1.3963525,0.028149569,0.950201865
FAM158A,1.7646289,0.028212127,0.951157837
NAPB,1.1227597,0.028272341,0.952321103
ZNF212,1.2534794,0.028296795,0.952855977
NUDT9,1.1067603,0.028327323,0.953595006
CCDC74B,2.8635786,0.028329438,0.953377387
LRRC29,1.2613212,0.028406984,0.954541671
ANKS4B,1.4034938,0.028425332,0.954580886
OR1L4,1.1029572,0.028427101,0.95406364
LOC642943,1.3186941,0.028482334,0.954475992
CDK5,1.435798,0.028486617,0.954331743
SELL,1.782238,0.028493806,0.95428488
SFRS16,1.9284247,0.028509034,0.954507208
CARD14,1.8932171,0.02851516,0.954424725
C9orf45,2.461163,0.028574857,0.955271925
C8orf73,1.1423303,0.028593119,0.955020472
AKR7A2,1.7483665,0.028595764,0.954821849
C19orf6,1.1630771,0.028618064,0.954992521
GRIN3B,1.1630771,0.028618064,0.954992521
CROCC,1.4207941,0.028633561,0.954936123
GAMT,1.7682331,0.028685069,0.955506884
OR12D2,1.3614482,0.028688037,0.955319358
AP1AR,1.5440953,0.028695979,0.955011473
ACADS,2.074489,0.028706729,0.954511628
NUP210,1.4897015,0.028716346,0.954545759
NANOS3,1.2699796,0.02873697,0.954660173
ANO10,1.4428313,0.028743244,0.954583229
FAM200A,1.2509029,0.028746736,0.954413978
YPEL5,1.1809447,0.028793545,0.954542101
PAX8,1.0775357,0.028794378,0.954285014
DNAJC5,1.268982,0.028795685,0.954043813
VIPR1,1.5772082,0.028817924,0.953927369
CPSF1,1.5609869,0.028837948,0.954021818
MALAT1,1.3925416,0.028855443,0.954316495
BLVRB,1.6709139,0.028855868,0.954046612
CYP4A11,1.2156918,0.028875603,0.954131321
HPX,1.9579681,0.028939167,0.955663322
LOC220077,1.7135788,0.028967335,0.955741452
NADK,1.6112713,0.02898401,0.955440577
C7orf53,1.6057799,0.028984894,0.955186365
NICN1,1.8759122,0.029005409,0.955295809
RRN3P3,1.1006892,0.029022838,0.95530357
RRN3P1,1.1006892,0.029022838,0.95530357
CAPN12,1.7357835,0.029031684,0.955311753
GTF2H4,1.3626428,0.029044515,0.955168293
ORAOV1,2.2545035,0.029045606,0.954639108
C22orf29,1.1432909,0.029051226,0.954259343
MEN1,1.4177121,0.029065369,0.954159821
GMPPB,2.0519438,0.029143957,0.955328599
CASP4,2.2167046,0.029151425,0.955009956
OGT,1.1225857,0.029173751,0.955459696
ATP5SL,1.4006915,0.029184371,0.955244425
HOOK1,1.4706901,0.029222298,0.955641389
OR4E2,1.1594883,0.029232669,0.955699297
EGFL8,1.286756,0.029262532,0.956113007
PPT2,1.286756,0.029262532,0.956113007
FZD3,1.118404,0.029268503,0.956026997
LOC100133053,1.3782053,0.029306281,0.956698551
CXorf51,1.3782053,0.029306281,0.956698551
TPTE,1.9471554,0.029342805,0.957328395
LOC100128295,1.1946883,0.029416484,0.958606426
MYST3,1.5552073,0.029474633,0.959095055
RAB40C,1.6912078,0.029477721,0.958914753
GRINL1A,1.5437399,0.029508484,0.959634549
GCOM1,1.5437399,0.029508484,0.959634549
ANKLE1,1.0795727,0.029536563,0.95942457
TFE3,1.1374977,0.02958355,0.958988586
EIF4G2,1.1749392,0.02964334,0.959527202
DCAF5,1.3153063,0.029645261,0.959309935
DPY19L2P2,1.1419661,0.0296543,0.959323086
SLC25A42,1.1997241,0.02968828,0.95986347
CCND1,2.1264567,0.029694867,0.959797178
ZNF790,1.3220441,0.029752916,0.960555855
PLD4,2.1928353,0.029777306,0.959948829
PA2G4,1.3900731,0.029778849,0.959720139
SLC19A2,3.403203,0.029786424,0.959685949
NHLRC3,1.6509161,0.029791005,0.95927727
ZC3HC1,1.0550624,0.029796263,0.958890844
MRPL21,1.9781595,0.029805991,0.958926214
SPATA5L1,1.5706171,0.02981268,0.958863813
LOC644662,1.2119516,0.029826646,0.959035424
GABBR1,1.5607892,0.029852005,0.959018318
PSMD8,1.3486884,0.029924013,0.959666981
PLSCR2,1.488145,0.029941444,0.959672068
METTL7A,1.365195,0.029955964,0.959583906
MFSD2A,1.1188613,0.030001396,0.960208848
LPP,1.2973721,0.030004303,0.96002538
VPS29,1.2989166,0.030008488,0.959606669
PSME3,1.4374957,0.03003606,0.959659889
MUC8,1.137249,0.030063408,0.959154791
STRADA,1.2045653,0.030068742,0.959049595
NEURL,2.9747207,0.030114022,0.959667455
PPP1R9B,1.1389078,0.030199054,0.961274554
SYNJ1,1.1569446,0.030253116,0.962719655
ZNF738,1.8907048,0.030255856,0.962531186
C10orf75,1.5508423,0.030299816,0.963653827
ZNF493,1.5080587,0.030301918,0.96344493
PCCA,1.3885694,0.030345719,0.964285783
C1orf156,1.620841,0.030393811,0.964159711
PSME1,1.3303268,0.030403595,0.963919727
PTCD3,1.2927783,0.030413423,0.963681453
AGXT2L2,1.6683302,0.030413741,0.963416817
DCUN1D2,1.2924112,0.030428467,0.963608576
SPG7,1.1229291,0.030444464,0.963840508
CST5,1.8969903,0.030444669,0.963572471
ZNF100,1.6948555,0.03045045,0.963481021
SCAND2,1.3572719,0.030464101,0.963638567
DOCK9,1.5614928,0.030477512,0.963788444
RCOR3,1.6926771,0.030574892,0.964124226
WASF2,1.3023088,0.030633951,0.965164885
HSPB9,3.3373811,0.030671657,0.965258139
CCDC111,1.5562658,0.030699804,0.965050738
MFSD5,1.4678454,0.030716585,0.965305159
LOC644422,1.4514843,0.030756555,0.966014891
PTCHD2,1.3112437,0.030759465,0.965833302
TSPYL1,1.5433694,0.030782009,0.966268124
ALG11,1.4053196,0.030785291,0.966098249
FOXA1,2.5529702,0.030859919,0.965985002
CTNNA1,1.2146505,0.030869808,0.965750486
PRSS21,1.4966873,0.0308794,0.965506919
PHF15,1.2954854,0.030900119,0.965339881
TNFRSF14,1.5682036,0.030925009,0.96557454
INO80,1.430724,0.030941667,0.965823288
GTF3C2,1.2798811,0.030985535,0.966378214
GALK1,1.1139119,0.030995299,0.966411493
MYEOV2,1.2988938,0.031005124,0.966446689
AAGAB,1.4879923,0.031011988,0.966389542
EVPLL,2.9094715,0.031019047,0.966338522
PEX1,1.3684385,0.031045519,0.965809422
UBE2O,1.1867,0.031063463,0.965826866
GLIPR1,1.1074005,0.031077501,0.965722923
KRR1,1.1074005,0.031077501,0.965722923
ADAM11,1.2365947,0.03112262,0.96604438
NR2F6,2.0585954,0.031122959,0.965785131
ZNF853,2.5149333,0.031163625,0.966507247
PPIH,1.4679759,0.03116537,0.96629168
COL4A3BP,1.1644651,0.031224722,0.967322227
TRIB3,1.1248418,0.031233264,0.967317152
ARID5B,1.0749823,0.031237994,0.966924673
AFTPH,1.365877,0.031354022,0.967820289
ZNF577,1.6029612,0.031387688,0.968052745
LOC401847,1.514196,0.031460253,0.968677654
KLF5,1.4327636,0.031499515,0.969349386
ZFP14,1.8807439,0.031525168,0.969333497
TAF6L,1.203765,0.031584891,0.969828072
ANKRD10,2.4602334,0.031603417,0.970128856
USF2,2.0620718,0.031607321,0.969712948
C22orf27,1.1311331,0.031611309,0.969567633
LYPLA2,1.2433972,0.031621566,0.969347106
CETN2,1.2804265,0.031636199,0.969528231
C9orf131,1.0885205,0.031652127,0.969214484
ACRBP,2.1634603,0.031675884,0.969674717
SAPS2,1.6628418,0.03168356,0.969642583
STX10,1.5211644,0.031690967,0.969335348
TRPM7,1.4540932,0.03169577,0.969215485
ZNF34,1.4887204,0.03171044,0.968331736
PARM1,1.8736632,0.031754943,0.968891975
RBM4,1.6408033,0.031785222,0.969549593
ARHGEF1,1.8834274,0.03183238,0.970189132
ACSS2,1.1533562,0.03184261,0.969171841
RNF5P1,1.7488728,0.03191072,0.969121341
C19orf73,1.2182977,0.031924491,0.969009877
MRPL46,1.1145529,0.031932843,0.96899873
POLL,1.3570944,0.031951151,0.968496372
ZNF775,1.3612229,0.032029028,0.969270602
TRIM50,1.3675772,0.032054032,0.968971777
TRIM74,1.3675772,0.032054032,0.968971777
TMEM41B,1.3114312,0.032118981,0.968301012
CHRNA2,1.0613363,0.032120337,0.968079249
SLC35E2,1.5249193,0.032164008,0.968607319
SOLH,1.5376846,0.032196015,0.969045986
FLOT1,1.805514,0.032201632,0.968690286
ZNF746,1.2236788,0.032208964,0.968386554
PSMC4,1.3633527,0.032219207,0.968170604
NEDD4,1.6760156,0.032236717,0.968173161
OBFC1,1.2287636,0.032268802,0.968613211
KIAA1549,1.4601752,0.032386617,0.969791978
PSEN2,1.3342177,0.032426784,0.970471727
TTTY6,1.318426,0.032439687,0.970596497
GGT7,2.3011143,0.032508023,0.971594689
ADCK1,1.6433871,0.032511102,0.971164297
TMSB4Y,1.4689376,0.03251226,0.970937875
DENND5B,1.4908104,0.032516724,0.970810285
CARS2,1.5065503,0.032570412,0.971630033
TP53,1.3900949,0.032630961,0.972392152
SMUG1,1.642375,0.03265473,0.972318197
CXCR2,1.2930422,0.032660847,0.971979458
IDH3G,1.3115578,0.03268998,0.971545501
LOC388796,5.0128665,0.032795847,0.972092
C17orf28,1.518621,0.032833973,0.971666997
SNRPA,1.1466932,0.032841924,0.971643534
CYP46A1,1.0825466,0.032852632,0.971701645
NPY1R,27.61029,0.032869159,0.971156476
LOC653113,1.29581,0.032924898,0.971511796
LOC643856,1.29581,0.032924898,0.971511796
PLA2G4E,1.2982252,0.032967325,0.971473907
NBR2,1.4872535,0.033025405,0.972411795
ATP13A1,1.5820476,0.033030842,0.972056743
CAMK2A,1.1074501,0.033092791,0.972849248
ZNF248,1.3090683,0.033131717,0.972963996
OPHN1,1.3082832,0.033149323,0.973223824
GRM5,1.1772286,0.033164968,0.973425963
YY1,1.0530859,0.033170641,0.973335383
HAVCR1,1.2264767,0.033190685,0.972895936
LOC100101266,1.2264767,0.033190685,0.972895936
BET1,1.1489347,0.033216334,0.973134362
PITPNM2,1.2101986,0.033243235,0.973152787
HAUS4,1.4768358,0.033259539,0.973373649
TRIM62,1.6557858,0.033268301,0.973373713
SCN1B,1.4774188,0.033280796,0.973482998
DBT,1.3965224,0.033372527,0.974626891
YEATS4,1.2264646,0.033373338,0.974394493
ATP6V1G2,2.0336933,0.033374871,0.973671762
NCKAP5,1.2619295,0.033450587,0.97460135
SEPHS2,1.8329414,0.033494028,0.974844659
LOC100131892,1.8329414,0.033494028,0.974844659
LOC286382,1.5662677,0.033578708,0.975775839
RAB8A,1.5088028,0.033614028,0.976546845
HDAC1,1.6643223,0.033630336,0.976765246
R3HDM2,1.3969214,0.03366201,0.977174384
TOMM7,1.109687,0.033664457,0.976990187
APBB2,1.7984723,0.033673696,0.976748151
PRAP1,1.0644704,0.033676485,0.976574124
SIPA1,1.5143491,0.033724796,0.976700687
ULK3,1.4412117,0.033830084,0.97796577
ATOH7,1.1156719,0.033845533,0.978157914
TOX3,2.8052778,0.033856933,0.977978672
USP47,1.4321247,0.033859064,0.977786052
SLC22A10,1.305767,0.033868776,0.977304591
LOC142937,1.2076485,0.033871126,0.977118688
UFM1,1.2281258,0.033888764,0.977373761
NDUFA4,1.4642577,0.033910127,0.976469315
ABL1,1.3418628,0.033917628,0.976432277
CLCN7,1.7511245,0.03392222,0.97631153
CABP7,1.1921935,0.033939715,0.976562124
POGK,1.3744258,0.033948445,0.976560465
RPL3,1.1151162,0.034098083,0.978837845
PPFIA1,2.931823,0.034098903,0.978608579
ALPI,1.2182759,0.034107029,0.978589056
MEIS1,1.0786536,0.034112363,0.978236941
LCMT2,1.5126601,0.034148204,0.978759565
CPLX1,1.9204086,0.034180737,0.978934535
HOTAIR,2.441909,0.034207552,0.979450102
ALOX5AP,1.2230558,0.034228473,0.979292126
EFR3A,1.0845428,0.034232034,0.979141903
DEFA4,1.657008,0.034294026,0.979654267
KIAA0652,1.2114171,0.034294784,0.979424133
HIRA,1.7555459,0.034302485,0.979392361
KLF17,1.7126387,0.034525819,0.981481866
GIMAP2,1.9213794,0.034741977,0.985861262
TMEM26,2.432011,0.034745844,0.985216244
LOC100131170,1.2880096,0.034749112,0.985057536
RGL2,1.9138001,0.034768555,0.985106102
WDR62,1.2922137,0.034791827,0.985012019
PTPMT1,1.3267915,0.034949134,0.985948888
ICAM3,1.649742,0.034971789,0.986087309
SH3GLB2,1.9120101,0.034975167,0.985932385
ACSS3,1.9445093,0.035061749,0.986371315
SLC9A8,1.1260589,0.035173527,0.987017119
EPN3,1.3796014,0.035276342,0.988653969
ZNHIT2,1.3872458,0.035329975,0.98940847
KIAA1908,1.4853411,0.0353418,0.989490261
LOC643167,1.5498956,0.035357895,0.989442311
DDX11L2,1.2304322,0.03538604,0.989482353
NDUFA5,1.3962044,0.03538915,0.989320394
ATP5G2,1.7081661,0.035426548,0.988873222
MTHFR,1.6438063,0.035434254,0.988839926
SCYL1,1.4509503,0.03544435,0.988625128
LCMT1,1.2509657,0.035444733,0.988387726
C7orf44,1.6895989,0.035450683,0.988305631
CHRNB1,1.1638454,0.035478558,0.988834659
TPCN1,1.4020065,0.035493055,0.988247243
GALR2,1.0860348,0.035495985,0.98783379
ADSSL1,1.1929308,0.035611426,0.989807037
CEP135,1.9929639,0.035612623,0.989592768
TNFAIP8L2,1.1387701,0.035630366,0.989590896
PRDM15,1.2810782,0.035634018,0.989445011
ACOT4,1.9598358,0.035704149,0.989908222
SCOC,1.1565785,0.035719953,0.989852457
TRPV1,1.6374321,0.03573082,0.989660005
PLS1,2.0758765,0.035734975,0.989528449
POLD4,2.1449113,0.035792465,0.989887028
TMEM121,1.6902566,0.03584863,0.990947097
C7orf50,1.8921487,0.035930489,0.99123727
THNSL2,1.8165753,0.035982563,0.991689061
RTP1,1.0969083,0.03600945,0.991692216
ARHGEF10,1.2437975,0.036013825,0.991321354
LGALS4,2.3074539,0.03602115,0.991277423
C19orf71,1.4736354,0.03603221,0.991336281
WFDC3,1.727292,0.036033503,0.991126476
RAD51L3,1.1680462,0.036139926,0.992579576
LOC100131479,1.2494829,0.036143027,0.992419481
SERPINA5,6.0721254,0.036155001,0.992257892
LOC100132622,1.3034008,0.036198351,0.992467154
UPK1A,1.3034008,0.036198351,0.992467154
FRS3,1.296811,0.036223259,0.99241548
SYNGR3,1.4912819,0.036245901,0.992791033
GHDC,2.515347,0.036259394,0.992671266
KIAA0391,1.4041811,0.036300034,0.99280547
CARD8,1.2143625,0.036337778,0.992860322
COPZ1,1.6784444,0.036391796,0.992627783
LOC149501,2.239146,0.036398064,0.992311608
WFDC13,1.6056981,0.036440301,0.992732432
C6orf26,1.5272701,0.036465331,0.992198093
MSH5,1.5272701,0.036465331,0.992198093
DAK,1.6393692,0.03646852,0.992041937
HRASLS2,3.4386802,0.0364962,0.992309079
PNRC2,1.3843205,0.036528913,0.99222742
LOC100131261,1.3843205,0.036528913,0.99222742
LOC91948,1.2024751,0.036538914,0.992256522
SIAH1,1.295349,0.036553615,0.992413226
LENG8,1.1602001,0.036578463,0.992360479
C9orf38,1.2015738,0.036698865,0.993686156
SLFNL1,1.2927155,0.036701066,0.993261714
C22orf46,1.3374143,0.036714308,0.993136336
STX1A,1.5443604,0.036715585,0.992929162
FLJ27352,1.3824118,0.036725878,0.992965873
SDC4,1.7985935,0.036789081,0.992983483
SNX13,1.2041214,0.036808617,0.993028391
SEBOX,1.2382077,0.036821543,0.992895011
ZC3H7A,1.5335537,0.036846185,0.992836712
NXF1,1.4436066,0.03686418,0.992599537
PNPLA4,1.9664433,0.036910431,0.992402098
FLJ46111,2.4388132,0.036918017,0.992365948
TBCC,1.1980994,0.036936691,0.992627783
RPL28,1.1678634,0.036968992,0.992775581
LOC401010,1.3180052,0.036990804,0.992881418
GRN,1.1742722,0.037028347,0.992690224
TRIM6,1.5509629,0.03705727,0.992747119
HIST1H2BM,1.6955988,0.03705974,0.992573994
MXD1,1.2958419,0.03707747,0.992092384
FCHO1,2.5316198,0.037109146,0.992461998
LOC729082,1.3240141,0.037204535,0.992862524
CLEC4G,1.2488745,0.037212992,0.992849775
ARPP19,1.2477471,0.03726232,0.993211995
UBE2G1,1.4634042,0.037265252,0.993051951
MAP3K1,1.2739464,0.037322165,0.993853569
CHP,1.6194707,0.037386694,0.994856704
LOC158435,1.0839682,0.037421081,0.994343075
SLC9A3R2,2.0340295,0.037423752,0.994176318
C1orf94,1.3068962,0.037475141,0.994590426
SRGAP3,1.4937309,0.037479921,0.994479768
CEMP1,1.3174242,0.037501553,0.994578764
PPP5C,1.8740963,0.037538327,0.994841756
C1QA,1.2371185,0.037560048,0.994942843
LOC100129946,1.1816173,0.037588867,0.995231749
CBX7,1.2309506,0.037610812,0.995575579
ARHGDIA,1.1890411,0.03761089,0.995340539
NFATC4,1.9512857,0.037633742,0.995471163
HERC2,1.2628326,0.03763454,0.995255342
SSBP2,2.0671413,0.037642281,0.994749863
PSG2,1.2257674,0.037689327,0.994573996
BAP1,1.4031264,0.03776259,0.995561629
CCNF,1.250964,0.03779795,0.995549075
ADAM28,1.3718606,0.037842374,0.996010933
ZNF174,1.5968081,0.037847045,0.995897983
PARP6,1.2392161,0.037914903,0.996032578
SLC18A3,1.2054677,0.037928218,0.995911486
C19orf22,1.1879641,0.037939805,0.995510024
AGAP3,1.3003424,0.037942501,0.995110832
LOC285708,1.3834047,0.037943201,0.994894376
LLGL2,1.2413418,0.038070552,0.996587492
TP53BP1,1.6095526,0.038086625,0.996304152
DVL3,1.7991986,0.038103717,0.996516676
FBXW4P1,1.8559512,0.038105759,0.99633559
SFXN2,1.5085,0.038116273,0.996141723
RCVRN,1.2466755,0.038148748,0.996053409
POLR3K,1.6109786,0.038149209,0.995831464
HAUS3,1.226293,0.038169094,0.995882646
MAGED2,2.210865,0.038175448,0.995580914
RPS6KB2,2.1626737,0.038210446,0.996026117
POC1B,1.463892,0.038229977,0.996301523
PRR13,1.61831,0.038266736,0.996324856
ZNF346,1.2565448,0.03828986,0.996226682
LARP1B,1.1060146,0.038291632,0.996039575
C16orf46,1.105469,0.038308134,0.996235611
LOC222159,1.1810336,0.038312849,0.996125121
MANBA,1.675098,0.038318307,0.995568215
C20orf186,1.4058828,0.038357615,0.995658324
MRPL17,1.0651047,0.038451623,0.996236811
ZNF43,1.3617301,0.038486081,0.996432613
ZDHHC4,1.6040113,0.038597243,0.99698778
C2orf24,1.1570557,0.03860175,0.996872488
SSH1,1.0434654,0.03860483,0.996720378
FAM98B,1.6439675,0.038613976,0.996724945
NSUN5,1.3463495,0.038624389,0.996530761
C15orf56,1.4608402,0.038626115,0.99634396
NOX3,1.2739317,0.038631085,0.995778713
E4F1,1.6584747,0.038708722,0.997317246
MDH2,1.089736,0.038755675,0.997139808
HIPK1,1.0999978,0.038770432,0.996827101
FAAH2,1.277803,0.038858957,0.997948671
CCDC71,1.2015935,0.038954413,0.998784313
PET112L,1.4183968,0.039034217,0.998526545
RAB2A,1.3239675,0.03911787,0.999516002
UPF1,1.2342927,0.039148595,1.000071104
ZFPL1,1.3334236,0.039169424,1.000143366
MRPL20,1.1809107,0.039241673,0.999920312
LOC642393,1.1809107,0.039241673,0.999920312
KRT72,1.2807585,0.039246664,0.999818215
DKKL1,2.0911307,0.039258323,0.999656881
SAP18,1.5534954,0.039258694,0.99943731
NEK3,1.7762297,0.039271766,0.999083433
ZC3H3,1.7398286,0.039341688,0.999032549
DMTF1,1.3971742,0.039350433,0.998798111
ZPBP2,1.1240585,0.039351725,0.998602818
PYCRL,1.9633138,0.039377157,0.998108534
IQCH,1.4744592,0.039425838,0.998431496
LYG2,1.6535238,0.039480035,0.999120911
YARS2,1.2639211,0.039491562,0.999185074
THSD4,2.6360822,0.039509051,0.99940002
ADCK5,1.8175257,0.039552531,0.999362407
AHRR,4.577252,0.039563973,0.999197139
SP100,1.4895428,0.039569817,0.999117656
CHMP6,1.1044661,0.039623133,0.999782324
PREB,1.0895796,0.039684319,1.000644554
EZH1,1.4289161,0.039685129,1.000437963
SPCS1,1.2799624,0.039687267,1.000264946
CCDC159,1.6705979,0.039700773,1.000151658
COL4A5,1.1437726,0.039713717,1.000250981
USP6,1.6048974,0.039734783,1.000554802
FCER1A,1.531331,0.039741185,1.000036162
COG2,1.9583431,0.039775425,1.000444665
PIGB,1.2014388,0.039797315,1.000768737
MED14,1.279966,0.039812279,1.000465822
ALG3,1.3741922,0.039812792,1.00025252
ANXA6,1.5205493,0.039853715,1.000601974
ACSS1,2.3044243,0.039864911,1.000656992
CUEDC2,1.9259264,0.039983367,1.001819992
PPHLN1,1.4047366,0.040016597,1.001523504
LOC100132214,1.2130746,0.040025895,1.001530637
SIL1,1.1968534,0.040068236,1.001913275
ADD1,1.2070719,0.040086576,1.001920962
CTDP1,1.1653317,0.040107094,1.001757824
ATPBD4,1.7107465,0.040108741,1.001573843
DNAJC14,1.5971951,0.040145471,1.002040687
DOLPP1,1.3315709,0.040145694,1.001821224
PLA2G12A,1.1424403,0.040211161,1.002554374
CRYZL1,1.2424625,0.040224728,1.002442799
LOC100129196,2.083681,0.040238026,1.002549357
CYP4V2,1.6115426,0.040273163,1.002750323
MLX,1.1138484,0.040320559,1.002806946
XRCC6,1.2288736,0.040326566,1.002731933
CLCF1,2.104647,0.040355435,1.002328335
FAM83H,1.8515549,0.04036007,1.001995555
ASL,1.254311,0.040514768,1.003370303
NONO,1.3306549,0.040569175,1.003152737
SR140,1.3293295,0.040570136,1.002953322
SPTBN4,1.2127928,0.040625267,1.003646407
TTTY10,1.2175891,0.040654661,1.00303462
NXF5,1.5092674,0.040667674,1.002910337
SF1,1.3617018,0.040682731,1.003059045
ACTN4,1.4206058,0.04073177,1.003600111
CDK2AP2,2.3399632,0.040754426,1.003713218
OR10K2,1.4258162,0.0407829,1.003969463
C21orf94,1.1245189,0.040818382,1.004175563
CABP4,2.8297727,0.040831534,1.00405455
SPRR2D,1.2368209,0.040906473,1.004341573
SAFB,1.177065,0.040971763,1.004612803
SAP30L,1.4375927,0.040973963,1.00444511
NDUFA13,1.622811,0.040992474,1.004455728
STK10,1.2437497,0.041004374,1.003861872
TSPAN1,2.0145886,0.04105306,1.004389969
ST7L,1.1021951,0.041122141,1.005415991
LOC100130264,1.3448987,0.041201517,1.006249718
ITGAL,1.7318484,0.041217607,1.00620038
ACTN1,1.1959094,0.041252431,1.006829313
CDADC1,1.5521864,0.041271099,1.006842659
NPTN,1.2651755,0.041284703,1.006511632
CA12,2.4187307,0.041285346,1.006085862
LOC728978,1.0765483,0.041291435,1.006013631
EIF4B,1.8097256,0.041316273,1.006398108
MAPK8IP3,1.7007158,0.041320813,1.006067641
BSCL2,1.3657423,0.041384764,1.006522029
FAM173B,1.6824423,0.041398511,1.006195709
PLGLB2,1.4020659,0.041422711,1.006123707
PLGLB1,1.4020659,0.041422711,1.006123707
RPGR,1.2463654,0.041514065,1.007461778
TMEM14C,1.1019025,0.041515441,1.007275184
TXNDC16,1.464274,0.041532803,1.007036803
KIAA0907,1.1390841,0.041631274,1.007445997
ITPKC,1.1510211,0.041634148,1.007296186
TSPYL3,1.4010864,0.041634364,1.007082169
SPAG4,1.2647169,0.041670817,1.006868056
QTRT1,1.4351128,0.041674874,1.006747169
LOC100132738,1.3866282,0.041745372,1.00648102
OR8U1,1.0619136,0.041755355,1.006066862
RHOD,2.5378428,0.041796302,1.006835122
ZNF257,1.5336933,0.041812213,1.006781914
WASH7P,1.3820732,0.041839708,1.007007553
WASH2P,1.3820732,0.041839708,1.007007553
GNPTG,1.3365699,0.041855083,1.007159455
WDR34,1.3951869,0.041880214,1.007327935
LOC729915,1.1878185,0.041907538,1.007767001
PRKCD,1.3227586,0.041938759,1.007863473
CUL4A,1.6231052,0.041943677,1.007763731
ARF3,1.7368163,0.041958777,1.00790861
CLN5,1.5628984,0.041984173,1.008300687
FOXE1,1.0685724,0.041995863,1.008363502
KNDC1,1.129123,0.042009722,1.008478361
RPS27L,1.700552,0.042012481,1.008326775
CDK11A,1.5392593,0.042047479,1.008730998
ZNF207,1.4027088,0.042077607,1.009018107
JAK3,1.1607995,0.042138312,1.009820071
CYP4F12,2.8259845,0.042148583,1.009630745
TMEM25,1.6605767,0.042153485,1.009313025
C10orf95,1.591538,0.042213143,1.009871075
CACNA1D,2.2234297,0.042279494,1.01015355
C7orf26,1.4380141,0.042291171,1.010215356
ZNF282,1.6040337,0.042294837,1.010085791
TEC,1.052023,0.042309019,1.009990358
VPS24,1.1367264,0.042337004,1.010007497
PMS2CL,1.4618138,0.042347009,1.010029335
PMS2,1.4618138,0.042347009,1.010029335
LOC644189,1.910135,0.042366001,1.010265479
ITPKB,1.2754107,0.042373869,1.010236315
NIT1,1.4173013,0.042395418,1.01009993
TRA2A,1.4874579,0.042396662,1.009913024
PCDH15,1.1964804,0.042397723,1.009721854
CPNE3,1.3067275,0.042469827,1.010572708
TFF3,4.241138,0.04248982,1.010615642
LOC283588,1.3532344,0.042495937,1.010328619
PGRMC2,1.8148762,0.042548427,1.010063847
ZNF229,2.0784056,0.042599198,1.010621406
KRTAP12-2,1.3272749,0.042631452,1.010308131
NOC4L,1.209791,0.04266882,1.010331831
NPIP,1.3926753,0.042686981,1.010546519
HOXC11,2.4641716,0.042760431,1.010993058
LOC100130927,1.130641,0.042765698,1.010472604
CD74,1.4157138,0.042826344,1.010187188
RNF187,1.3362947,0.042855503,1.010017407
STX1B,1.5124391,0.042859864,1.009905984
ZNF10,1.504347,0.042983268,1.01109857
C13orf28,1.293578,0.042995771,1.011178637
CCDC53,1.4017652,0.043022419,1.010949516
KCNJ13,1.1772697,0.043055024,1.01107427
RNF167,1.4511132,0.043058199,1.010935179
ATP2B4,1.1677054,0.043116153,1.011227588
CENPT,1.3463092,0.043128553,1.01130496
SARS2,1.2261254,0.043207234,1.012295473
RNF135,1.3175062,0.043208329,1.012107736
PRDM11,1.163974,0.04321963,1.011945828
TSPAN32,1.482121,0.043253573,1.012313974
KIAA1704,1.3292285,0.043277254,1.012441751
CSNK2B,1.2705505,0.043287338,1.012464506
TM7SF3,1.5717081,0.043298294,1.012507634
ILDR1,1.0601832,0.043330321,1.012617293
ZFP161,1.2308068,0.043337163,1.012564249
MKS1,1.2680718,0.043349015,1.012628262
ITGA2B,1.2299517,0.043350919,1.012459901
VAV3,2.7605956,0.043360165,1.012463036
LOC100190986,1.6966245,0.043376155,1.012410946
ASCL2,1.7850647,0.043439481,1.013463238
C14orf73,1.4274876,0.043470436,1.013759766
PPP2R3C,1.3340315,0.04347212,1.013586322
BST2,1.7418162,0.043502006,1.013857673
PRKACG,1.1504886,0.043543078,1.014176781
ACOX3,1.3726517,0.043553352,1.013991013
MOG,1.1021087,0.04356304,1.014004119
FAM86B2,1.0560564,0.04356322,1.013795954
FAM86B1,1.0560564,0.04356322,1.013795954
SRP14,1.7048197,0.043581894,1.014018169
ZNF799,1.209326,0.043785675,1.016418539
PHF11,1.3551576,0.043872256,1.01609351
IQCF2,1.1714386,0.043875781,1.015963423
C21orf2,1.9720916,0.043969205,1.017278784
HARS2,1.1431044,0.044008557,1.017553657
HIST1H2BO,1.5937417,0.044012901,1.017442389
LOC644006,1.0891664,0.044018852,1.017368314
RNF4,1.0891664,0.044018852,1.017368314
SOX21,1.2493898,0.044021877,1.017226664
PIK3R2,1.6915672,0.044026465,1.017121189
EXOC4,1.2805358,0.044034068,1.01708538
GABRG2,1.1315287,0.044057938,1.017213858
PRSS53,1.1583748,0.044133038,1.018313033
SERPINA9,1.390182,0.044218332,1.019011553
CYP2F1,1.3193002,0.04422011,1.018841236
MIOX,1.1518145,0.044221901,1.018460177
MIIP,1.3309647,0.044243945,1.018545666
SPATA20,1.6208874,0.044268316,1.018473729
MCM7,1.2476017,0.0443639,1.01898505
TSGA10IP,1.4080647,0.044373504,1.018995006
OR6B1,1.172783,0.044417012,1.018941298
RAB4B,1.8812426,0.044426809,1.018745426
MIA,1.8812426,0.044426809,1.018745426
MAP9,1.529071,0.044474988,1.019219249
PPM1M,1.9483051,0.044527328,1.01936759
CX3CR1,2.256518,0.044535228,1.019128519
LRRFIP1,1.326251,0.044586096,1.018614457
F11,1.1347731,0.044612359,1.018795558
ANO1,2.7246387,0.044687257,1.01883095
C16orf79,2.5196466,0.044722119,1.019207563
LCE2B,1.0269436,0.044737706,1.019144746
TRDN,1.116618,0.044742169,1.019037518
AP2A1,1.6092029,0.044759792,1.019021172
AHSP,1.2717394,0.04476101,1.018840178
C3orf35,1.1428998,0.044772508,1.018684563
VGLL2,1.2943172,0.044822717,1.018992389
NUP133,1.4092078,0.044857005,1.019146389
SCUBE2,2.6984901,0.044887702,1.019010449
KIAA1737,1.2649807,0.04491304,1.018753152
ZNF92,1.6069691,0.044919085,1.018682334
DCLRE1B,1.0946611,0.044963421,1.01906388
TTC31,1.4486742,0.044967122,1.018939957
LOC253039,1.1910573,0.045057337,1.019528911
TELO2,1.5886717,0.045057461,1.019324158
LCE2C,1.1170983,0.045081204,1.019653698
SHISA3,5.2851677,0.045153799,1.020049929
PCMTD1,1.3601742,0.045159802,1.019978187
LOC202781,1.359153,0.045167133,1.019729249
FLJ10661,1.3410318,0.045183623,1.01989431
CARNS1,2.1635816,0.045208955,1.019430745
TTC15,1.6116866,0.045271019,1.018969307
ADAMTS10,1.1192726,0.04527345,1.01881765
CELF6,1.3885415,0.045275008,1.018646428
CSRP3,1.6563659,0.045284632,1.01824446
SUPT5H,1.2635682,0.045293677,1.018035853
MRPL53,1.2156056,0.045298286,1.017933562
EIF5,1.5023929,0.045299687,1.017759229
ATP6V0E2,1.3898711,0.045331451,1.018266992
GLI4,2.1158378,0.045358534,1.018257858
ZNF525,1.2608707,0.0454442,1.018740324
TMEM202,1.3283502,0.045453628,1.018335384
EIF2B5,1.525833,0.04547484,1.018399968
CRYGA,1.0459901,0.045504518,1.018448842
MLL4,1.738218,0.045520731,1.018606554
POTEB,2.212499,0.0455438,1.018302545
MAD1L1,1.1413491,0.045550389,1.018244992
NINJ1,1.22665,0.045560742,1.018271592
C22orf13,1.2976102,0.045606181,1.017649721
SIGLEC12,1.5165781,0.045617972,1.017708476
METAP2,1.1162521,0.045624175,1.017642549
GPS1,1.3798337,0.045627149,1.01750466
PSENEN,1.4890549,0.045665909,1.01775629
TFAP2A,1.1281397,0.045682028,1.017503301
LOC100128816,1.4595563,0.045695583,1.017397369
HIP1,1.1038283,0.045695621,1.017194406
LHX4,1.3300726,0.045696362,1.017007169
SFRS11,1.1917187,0.045703909,1.016971457
CYHR1,1.7413799,0.045724927,1.016828316
THBS1,1.4173461,0.04573331,1.016404522
SYVN1,1.3656623,0.045816274,1.017231124
USP3,1.4101212,0.045852276,1.017217497
RPUSD2,1.2338632,0.04587077,1.017018668
ATP5J2,1.2659913,0.045881766,1.01685669
KIAA0509,1.1440091,0.045893415,1.01650666
FAM149B1,1.0996337,0.045937684,1.017081751
H1FOO,1.1681184,0.045996392,1.016558689
FIS1,1.6653897,0.046024548,1.016574417
COASY,1.4558195,0.046036434,1.01643287
APC2,1.3737676,0.046057588,1.016495988
C17orf56,1.38898,0.046106561,1.016769085
OR10T2,1.2449468,0.046110334,1.016650527
ZNF596,1.2114453,0.046115921,1.016370391
RBM15B,1.6928506,0.046123198,1.016329195
VPRBP,1.6928506,0.046123198,1.016329195
RFX7,1.2908906,0.046164632,1.015832167
SH3YL1,1.2742236,0.046168958,1.015726223
GPT,2.3228953,0.046172673,1.015405878
MLEC,1.8548572,0.046174154,1.015237528
TMEM62,1.7498717,0.046191927,1.015226554
EIF3F,1.391837,0.046235073,1.015170924
MTL5,1.9834251,0.046270773,1.015352912
HMGCS1,1.318509,0.046274113,1.015225713
TGIF2,1.635288,0.046285891,1.015083299
ADCK4,1.9255278,0.04637465,1.015826972
FBXO44,1.5284235,0.046395648,1.016086638
SCAP,1.2499182,0.046454818,1.016180858
C1QTNF5,1.2538533,0.046468398,1.015678175
MFRP,1.2538533,0.046468398,1.015678175
DRD4,1.1651353,0.046483123,1.015800211
GAB2,1.4462398,0.046499016,1.015748026
PAX1,1.2624853,0.046509259,1.01557248
LSM10,1.3150513,0.046522109,1.0156535
TMEM81,1.2208401,0.046552834,1.016124655
GPR21,1.1722322,0.046566895,1.015832958
SRI,1.1142846,0.046567803,1.015653384
RTEL1,1.5803915,0.046613706,1.015657825
PTMS,2.1407397,0.046644466,1.015531539
RPL10L,1.4776313,0.046710497,1.015775057
GJD4,1.3111575,0.04672795,1.015757033
SCRIB,1.5338391,0.046765656,1.015980444
PDZD9,1.2182057,0.046770207,1.015880704
C1orf223,1.2089881,0.046839245,1.01599013
WBP4,1.3624785,0.046844148,1.015699945
NFKBIL1,1.2340027,0.046853066,1.015497031
SLC34A1,1.1016318,0.046876047,1.015598933
TRAF5,2.1191452,0.046905243,1.015835378
FBF1,1.2972891,0.046920139,1.015762058
FAM65A,1.1192291,0.046925458,1.015679325
MATN1,1.4673634,0.04695901,1.015811971
IL25,1.1359923,0.046965616,1.015757128
ZFC3H1,1.3226095,0.046981339,1.015306756
TSKU,2.0793002,0.047011481,1.015168432
JRK,1.1627365,0.047011976,1.014981893
POLM,1.5949857,0.047039744,1.014595783
CAPNS1,1.7315601,0.047057038,1.014771828
ZNF597,1.5452335,0.0470754,1.014773939
MYLK3,1.3374481,0.04707853,1.014644588
ELL,1.2968761,0.047187844,1.016212178
PL-5283,1.5331529,0.047191689,1.016098064
ALDH4A1,1.3448164,0.047196448,1.016003657
EMD,1.3468176,0.047334654,1.017205333
KLKB1,1.6580926,0.047344266,1.017215169
PGGT1B,1.3289586,0.047392305,1.01726388
TMEM183A,1.1118636,0.0474286,1.017846341
TMEM183B,1.1118636,0.0474286,1.017846341
ZNF428,1.293135,0.04743005,1.017680906
SRRM5,1.293135,0.04743005,1.017680906
MTRF1,1.2255638,0.047432127,1.017332608
IQUB,2.335135,0.047435322,1.017204797
KIAA0895L,1.1546109,0.047506342,1.018334722
RAE1,1.2260209,0.047520444,1.018244183
CC2D1B,1.0666336,0.04754557,1.017997365
NIPA2,1.2006996,0.047599017,1.018552963
ABCB8,1.6464106,0.047617852,1.018759835
MATR3,1.408084,0.047628964,1.018801423
IQCG,1.4979459,0.047639897,1.018839161
FABP12,1.3326173,0.047676103,1.018829146
CAPZB,1.3029474,0.04767613,1.018633838
TET2,1.3733342,0.047738296,1.018982459
HNRNPUL1,1.0305976,0.047760721,1.019069631
SPRED2,1.4502455,0.047794424,1.018810626
FAU,1.2138984,0.047835288,1.018899894
KRT8P12,2.1716688,0.04786589,1.019356321
RNASE13,1.114945,0.047891092,1.019697606
BANF1,1.5041558,0.047952406,1.019830665
LOC284685,1.1038536,0.047987062,1.019982067
GCA,1.1853684,0.048009169,1.020256825
C19orf40,1.4839463,0.04805766,1.020701714
TG,1.3491482,0.048147445,1.021047433
CCDC45,1.4111141,0.048212341,1.021254288
RASGRP4,1.0678788,0.048238581,1.021031596
PLEKHA6,1.4366726,0.048264043,1.020598519
CEND1,1.1438725,0.048313271,1.019892773
NCRNA00204B,1.4684277,0.048325731,1.019381211
NCRNA00204,1.4684277,0.048325731,1.019381211
KCNV2,1.3630546,0.048353183,1.019573195
TACR2,1.0737001,0.048359995,1.019523374
RAB7A,1.1236697,0.048420552,1.019446199
KCTD11,1.4522028,0.048454799,1.019587691
LBR,1.2569486,0.048505649,1.020271295
GBF1,1.430442,0.048508032,1.020128313
DOK4,1.1812524,0.048522765,1.019859127
SMA4,2.0304112,0.048526451,1.019743727
SUN1,1.2747029,0.04855126,1.019686575
CDK16,1.1051874,0.048580886,1.020115984
ST7OT3,1.55097,0.048607056,1.020087226
ST7,1.55097,0.048607056,1.020087226
HGSNAT,1.5404463,0.048656383,1.020351625
PLCH2,1.1316485,0.048684907,1.020179687
STK24,1.4545484,0.0487057,1.020230631
C21orf93,1.1521742,0.048761629,1.020440397
CNOT6L,1.2470309,0.048771767,1.020268271
TJAP1,1.2661475,0.048805787,1.020403656
RENBP,1.4662273,0.048814603,1.020395997
ARFGAP2,1.5222608,0.048837432,1.020681208
SPNS1,1.2858801,0.048845076,1.020457106
BAT2,1.3174832,0.048856472,1.020311546
KHK,1.3718998,0.048859518,1.020183422
SFTPA2,2.4519143,0.048900414,1.020653777
ZC3H12A,1.5350729,0.048922884,1.020931003
FAM102A,1.1981127,0.048947244,1.021247586
LOC646548,1.7246166,0.048991822,1.021410552
MGA,1.0678161,0.049011096,1.021046119
PAK4,1.7805127,0.049049948,1.021472522
NUBPL,1.6074001,0.049086744,1.020899546
ZNF571,1.5924046,0.0491143,1.020899423
LTBP3,1.5884435,0.049146531,1.020805597
COX6C,1.732679,0.049177213,1.020870436
SLCO1B1,1.2795435,0.049210708,1.02080297
KIAA1370,1.8795596,0.049226227,1.020743792
MED12L,1.2900875,0.049243332,1.020717546
PKD1P1,1.4490979,0.049275515,1.021003733
PKD1,1.4490979,0.049275515,1.021003733
SPDYE7P,1.2248464,0.049310783,1.021544022
LOC729545,1.2248464,0.049310783,1.021544022
C12orf52,1.3261627,0.049330674,1.0215752
KLHDC10,1.2310251,0.049417189,1.021843378
SLC30A6,1.0647284,0.04942864,1.021699912
PDK2,1.3369737,0.049434455,1.021440109
KLHL25,1.1598151,0.049568035,1.022678927
TAF10,1.4628208,0.049590664,1.022576236
BCL2L14,1.6795851,0.049605723,1.022507283
C10orf76,1.2835695,0.049677935,1.02285735
NBPF3,1.2561533,0.049681014,1.022731265
SPDYE2L,1.237187,0.049765105,1.024082911
INTS3,1.2524475,0.049766746,1.023927064
SNRNP25,1.5837975,0.049770216,1.023808916
C1orf93,1.8313994,0.049771519,1.023646215
MMEL1,1.8313994,0.049771519,1.023646215
MAPKAP1,1.4734881,0.049797373,1.023609606
PCNXL3,1.2055074,0.049829619,1.023704327
SFXN5,1.8595542,0.049834446,1.023614259
SUGT1L1,1.7415849,0.049860551,1.023393787
PDE6G,1.2226526,0.049899034,1.02380546
SLC34A2,-4.3451066,5.34E-97,5.93E-92
COL17A1,-10.052056,3.41E-84,1.89E-79
DCBLD2,-1.8004427,1.83E-79,6.79E-75
TCP11,-1.8522881,5.57E-71,1.55E-66
PHF21A,-1.3738253,1.31E-69,2.92E-65
TCF7L2,-2.559661,3.14E-69,5.81E-65
CLRN3,-2.3170152,2.47E-57,3.93E-53
TRIM29,-7.1229367,9.77E-55,1.36E-50
PAMR1,-2.4261873,1.12E-52,1.38E-48
ACTN3,-1.7124641,3.39E-50,3.77E-46
EHHADH,-1.5066131,8.14E-46,8.22E-42
STEAP4,-2.8427267,5.66E-45,5.25E-41
DNASE2B,-1.7369232,1.33E-41,1.06E-37
SLC39A2,-1.7354889,1.69E-37,1.25E-33
AK3L1,-1.7037253,3.81E-36,2.65E-32
RHCG,-1.5201018,4.79E-33,2.96E-29
C6,-1.8839382,9.87E-33,5.77E-29
PPM1D,-1.4815903,5.13E-28,2.85E-24
TMEM220,-1.8487867,1.12E-26,5.67E-23
SLC47A1,-1.6075187,1.14E-26,5.49E-23
SAMD14,-1.3125687,3.58E-26,1.66E-22
LPL,-2.9434783,6.34E-25,2.71E-21
HSD17B1,-1.7637908,1.10E-24,4.53E-21
EVI5,-1.2749283,4.25E-24,1.69E-20
TMEM158,-7.701753,4.35E-24,1.67E-20
SLC25A19,-1.3098916,3.26E-23,1.21E-19
CCL11,-2.1266875,2.70E-22,9.69E-19
DUSP11,-1.1668907,1.20E-21,3.92E-18
KBTBD12,-1.4426786,1.71E-21,5.42E-18
RUNDC2B,-1.3136113,2.94E-21,9.07E-18
LY6H,-1.8470578,3.28E-21,9.84E-18
CCL8,-4.175499,7.64E-21,2.18E-17
USHBP1,-1.2872239,6.55E-20,1.73E-16
C20orf46,-1.7351152,4.53E-19,1.15E-15
IL28A,-1.2209783,5.13E-19,1.27E-15
MCART1,-1.6712424,4.06E-18,9.81E-15
MCART2,-1.6712424,4.06E-18,9.81E-15
JPH2,-2.8228745,1.13E-17,2.67E-14
NOV,-2.8395286,1.43E-17,3.32E-14
WNT2,-8.22868,2.16E-17,4.90E-14
AMZ2,-1.2299155,3.11E-17,6.91E-14
GLT25D2,-1.7599655,1.45E-15,3.16E-12
CYR61,-2.0050256,1.65E-15,3.52E-12
C20orf30,-1.2944984,3.33E-15,6.99E-12
PGF,-1.2972709,3.36E-15,6.92E-12
MAP2K3,-1.2071426,5.64E-15,1.14E-11
SPIN1,-1.520045,9.10E-15,1.81E-11
KCNJ16,-2.412122,1.04E-14,2.02E-11
LOC84740,-1.5015128,1.88E-14,3.60E-11
PUS7L,-1.1773499,2.05E-14,3.86E-11
STAC2,-2.3893087,3.45E-14,6.18E-11
MRAP,-2.9963326,6.15E-14,1.09E-10
URB1,-2.9963326,6.15E-14,1.09E-10
OR7G3,-1.2436855,8.52E-14,1.46E-10
XG,-9.963384,9.31E-14,1.57E-10
DSTN,-1.3099042,4.73E-13,7.51E-10
C7orf54,-1.2238675,6.41E-13,1.00E-09
GJB5,-4.22939,1.28E-12,1.97E-09
A2ML1,-1.441733,1.90E-12,2.89E-09
RNF130,-1.1935338,2.00E-12,3.00E-09
LOC100127967,-1.1994984,3.20E-12,4.74E-09
KRT73,-1.1994984,3.20E-12,4.74E-09
SCAMP1,-1.6403816,5.73E-12,8.16E-09
TAC1,-1.9471201,8.77E-12,1.23E-08
KLK6,-13.82431,1.36E-11,1.89E-08
MMP27,-1.3087947,2.15E-11,2.92E-08
NKAIN2,-1.578484,2.52E-11,3.33E-08
TRIM59,-2.1882963,2.71E-11,3.54E-08
C19orf52,-1.1341159,3.52E-11,4.50E-08
MTF2,-1.2172661,3.71E-11,4.68E-08
ROPN1,-4.1177926,4.36E-11,5.38E-08
TMEM213,-1.8853838,4.72E-11,5.77E-08
TUBB2A,-2.0648403,5.10E-11,6.15E-08
ABI1,-1.1847198,1.02E-10,1.19E-07
HOXB13,-4.0666256,1.08E-10,1.23E-07
NOP2,-1.1801401,1.94E-10,2.18E-07
EFCAB1,-2.8968568,2.63E-10,2.89E-07
SOCS5,-2.116778,2.97E-10,3.23E-07
MYL4,-1.4438169,3.57E-10,3.82E-07
TSPAN12,-1.1478819,4.06E-10,4.30E-07
CLDN5,-1.5735166,4.14E-10,4.34E-07
ARHGAP20,-1.3439146,4.25E-10,4.41E-07
CHRNB2,-2.623112,4.64E-10,4.78E-07
GNG4,-2.6230938,5.77E-10,5.89E-07
LOC375196,-1.6918944,6.51E-10,6.58E-07
KLK5,-3.3010492,9.08E-10,9.09E-07
CALB2,-12.419127,1.46E-09,1.45E-06
BARX1,-1.7083613,1.56E-09,1.53E-06
SEC23A,-1.8109062,1.65E-09,1.61E-06
DPEP1,-1.4302429,1.67E-09,1.62E-06
IRX4,-14.149499,2.11E-09,2.02E-06
KRT14,-3.4878507,2.66E-09,2.52E-06
KRT17,-4.274408,2.77E-09,2.60E-06
HORMAD2,-1.2774857,3.60E-09,3.36E-06
LOC645529,-1.1875186,4.02E-09,3.72E-06
ACR,-1.1875186,4.02E-09,3.72E-06
FRMD6,-1.5957097,4.05E-09,3.72E-06
LBX1,-1.4044713,4.59E-09,4.18E-06
FERMT1,-6.3024664,5.07E-09,4.51E-06
RIOK3,-1.3073404,5.34E-09,4.71E-06
SNX19,-1.3408288,7.12E-09,6.23E-06
IGFBP3,-2.078097,1.08E-08,9.26E-06
B3GNT2,-1.1600777,1.20E-08,1.02E-05
GPRC5B,-1.7208759,1.26E-08,1.07E-05
SLC11A1,-1.3778839,2.27E-08,1.88E-05
MDM2,-1.7685219,2.52E-08,2.07E-05
FRZB,-1.3372113,2.79E-08,2.26E-05
FMO1,-3.891041,3.15E-08,2.52E-05
NKAIN4,-1.5674129,3.55E-08,2.82E-05
TRHR,-1.3258704,5.84E-08,4.57E-05
TEX101,-1.205955,6.15E-08,4.78E-05
KCND2,-5.749094,6.25E-08,4.82E-05
NHLH1,-1.3787179,6.61E-08,5.03E-05
ETV5,-1.809093,6.73E-08,5.06E-05
TMEM104,-1.1582309,6.79E-08,5.06E-05
CIDECP,-1.2865863,6.83E-08,5.06E-05
TDRD12,-1.6850692,9.75E-08,7.12E-05
UBE2S,-1.420157,1.03E-07,7.50E-05
CALML3,-8.155089,1.36E-07,9.83E-05
NECAP2,-1.1964234,1.51E-07,1.08E-04
UBE2J1,-1.3678746,1.58E-07,1.11E-04
C2orf84,-1.4069785,2.11E-07,1.46E-04
CRIPT,-1.523249,2.20E-07,1.52E-04
MORN5,-2.2854035,2.36E-07,1.62E-04
THADA,-1.1153517,3.17E-07,2.15E-04
ZNF234,-2.4097657,3.91E-07,2.64E-04
GPD1,-1.3220888,4.73E-07,3.11E-04
BCKDHB,-1.3982645,4.89E-07,3.20E-04
KRT6B,-33.13363,5.04E-07,3.28E-04
CAPSL,-5.2161665,5.04E-07,3.26E-04
DNAJC25-GNG10,-1.1128924,5.28E-07,3.39E-04
GNG10,-1.1128924,5.28E-07,3.39E-04
SOX11,-9.407385,5.28E-07,3.37E-04
CBLN4,-3.352507,5.42E-07,3.42E-04
LIPC,-1.2470355,5.48E-07,3.42E-04
EEF1A1P12,-1.1018326,6.66E-07,4.11E-04
EEF1A1,-1.1018326,6.66E-07,4.11E-04
C20orf194,-1.1669983,7.40E-07,4.44E-04
PRKAA1,-1.4366986,9.58E-07,5.69E-04
WDR82,-1.1423899,1.13E-06,6.68E-04
NPTX2,-5.9662437,1.22E-06,7.19E-04
MIER1,-1.4390527,1.25E-06,7.31E-04
KRT24,-1.9052719,1.36E-06,7.86E-04
MUC2,-1.3244467,1.38E-06,7.93E-04
RNF169,-1.706186,1.46E-06,8.39E-04
XRRA1,-1.706186,1.46E-06,8.39E-04
FAM107A,-2.1555958,1.50E-06,8.57E-04
GNPDA2,-2.0516238,1.54E-06,8.73E-04
GPR133,-1.2566363,1.76E-06,9.91E-04
LOC284454,-1.5685223,1.80E-06,0.00101165
HAO1,-1.200198,1.85E-06,0.001030707
BBOX1,-10.503737,1.89E-06,0.001043213
C6orf15,-1.6432123,1.90E-06,0.001044733
APBA3,-1.1643524,1.91E-06,0.001045305
DEFB119,-1.2492604,1.98E-06,0.001073852
CD36,-3.739826,1.99E-06,0.00107586
TRIOBP,-1.3242639,2.07E-06,0.001106737
RNF8,-1.1427991,2.09E-06,0.001108892
MAF,-1.817974,2.20E-06,0.001156114
LOC389023,-2.330321,2.26E-06,0.001184288
BDKRB2,-1.1362123,2.33E-06,0.001207632
CSN3,-1.5887053,2.51E-06,0.001296199
GHITM,-1.1355294,2.65E-06,0.001362749
DNAJC21,-1.070133,2.75E-06,0.001409433
TFIP11,-1.3110719,2.81E-06,0.00143458
SRRD,-1.3110719,2.81E-06,0.00143458
PTPLB,-3.200257,2.89E-06,0.00146516
DST,-7.3363256,3.10E-06,0.001554053
KLF3,-1.1336523,3.22E-06,0.001604942
LRRC8A,-2.0999308,3.27E-06,0.001624467
CRYBB2,-1.8779951,3.49E-06,0.001722747
HSPA13,-2.4147394,3.67E-06,0.001803757
CHST4,-1.2452337,3.97E-06,0.001932584
TCERG1,-1.1059726,4.01E-06,0.001943507
KCNQ1OT1,-1.7856921,4.09E-06,0.001975385
PPP1R14C,-5.6134706,4.09E-06,0.00196853
TAL1,-1.4083482,4.35E-06,0.002085034
ADIPOQ,-2.336217,4.50E-06,0.002147196
TRPV6,-2.2854795,4.75E-06,0.002244164
DISC1,-1.1589296,4.77E-06,0.00224762
CKS2,-1.1558173,5.52E-06,0.002565495
CXorf36,-1.9095389,5.96E-06,0.002745872
OPCML,-1.391317,6.44E-06,0.002946022
MEGF10,-2.3453784,6.73E-06,0.003037867
TMEM59L,-1.3138345,6.80E-06,0.003057794
ITIH5,-1.3428217,6.91E-06,0.00309585
ANKS6,-1.4493538,6.98E-06,0.003112815
C8orf4,-3.0320375,7.23E-06,0.003215285
LOC150622,-1.3350296,7.79E-06,0.003434509
VGLL1,-2.0638134,8.90E-06,0.003848535
KRTAP6-3,-1.1899155,9.50E-06,0.004074515
CASP5,-1.2072625,9.73E-06,0.004159978
PAK7,-1.8234156,1.00E-05,0.004252255
PRPH,-1.1961249,1.33E-05,0.005474004
NETO2,-6.4884305,1.39E-05,0.005673393
FCGR3A,-2.108108,1.40E-05,0.00568228
CAPZA3,-1.4162766,1.43E-05,0.005779726
C11orf88,-1.527036,1.46E-05,0.005884608
ADRA1B,-3.5992994,1.47E-05,0.005922249
MAGEE1,-1.1923505,1.50E-05,0.006013929
LRFN5,-2.170311,1.52E-05,0.006065184
KIF26A,-1.5737946,1.61E-05,0.006363232
TMEM48,-1.5283599,1.65E-05,0.006495465
GALNTL2,-5.4871907,1.74E-05,0.006804581
FAM172A,-1.2831134,1.75E-05,0.006807333
HOXD9,-2.1438816,1.78E-05,0.00691413
CHSY1,-1.6834382,1.88E-05,0.007264968
LCT,-1.5576786,1.90E-05,0.007316902
ELF5,-1.2865455,1.92E-05,0.007355782
LILRB2,-1.1263509,1.96E-05,0.00745175
LOC146429,-1.1656365,1.98E-05,0.007501495
CACNB2,-1.4882971,2.00E-05,0.007546545
YME1L1,-1.3383818,2.08E-05,0.007751207
PLA2G2D,-1.200966,2.09E-05,0.00776254
USH2A,-1.163064,2.18E-05,0.008060141
BMP1,-1.2861282,2.32E-05,0.008554283
C20orf85,-1.831485,2.54E-05,0.009249083
IGFBPL1,-2.4812093,2.65E-05,0.009577639
FABP7,-4.6306605,2.66E-05,0.009605395
ILDR2,-1.1164272,2.84E-05,0.01014091
PTAR1,-1.4269872,3.12E-05,0.011037798
TTC23,-1.8078943,3.31E-05,0.011628804
ZNF726,-1.1202632,3.47E-05,0.012180928
PDE1B,-1.6208372,3.48E-05,0.012173065
C10orf90,-1.7810824,3.49E-05,0.012165742
ANXA13,-3.0401244,3.51E-05,0.012189034
DSG4,-1.2552463,3.53E-05,0.012213123
POP1,-1.4755315,3.75E-05,0.012814192
S100A2,-5.9016685,3.76E-05,0.012804701
WIF1,-3.6127658,3.86E-05,0.013049356
LOC643529,-1.1744214,3.96E-05,0.013339614
FDX1,-1.8239461,3.99E-05,0.013409666
CHD9,-1.5750556,4.07E-05,0.013610013
NCLN,-1.2683516,4.10E-05,0.013695866
PFKFB2,-1.1882331,4.17E-05,0.013890286
GAS2,-1.1746898,4.19E-05,0.013907925
TK2,-1.2625401,4.43E-05,0.014664962
LOC653436,-2.353027,4.49E-05,0.014762394
ANKRD20B,-2.353027,4.49E-05,0.014762394
ID1,-1.9282937,4.71E-05,0.015441788
CHCHD6,-1.2670019,4.81E-05,0.01570526
ORC2L,-1.0640227,4.88E-05,0.015905895
CELF5,-1.2609918,5.05E-05,0.016376363
KRT16,-4.9038377,5.20E-05,0.016749282
ERMN,-1.7134188,5.22E-05,0.016720958
FCHO2,-1.6231612,5.31E-05,0.016967148
COL5A3,-2.3730834,5.39E-05,0.017118247
CDC42EP4,-1.130201,5.50E-05,0.017418696
CELF4,-1.363085,5.52E-05,0.017424271
ESYT1,-1.1442794,5.62E-05,0.01767662
ZBED1,-1.4316407,5.77E-05,0.018124457
CA5A,-1.1431658,5.78E-05,0.01810381
NF1,-1.2241501,5.80E-05,0.018115121
PGBD5,-3.936646,5.88E-05,0.018311252
LGALS7B,-1.7766558,5.96E-05,0.018505426
LGALS7,-1.7766558,5.96E-05,0.018505426
HK1,-1.1287133,5.99E-05,0.018528468
OR6N1,-1.1089547,5.99E-05,0.018502758
MMP3,-53.526188,6.06E-05,0.018616984
PLIN4,-3.0631154,6.13E-05,0.018752632
DERA,-1.1891394,6.16E-05,0.018811264
ASPN,-4.5498934,6.41E-05,0.019412772
SMC4,-1.3340137,6.49E-05,0.019584113
B3GNT5,-2.8491998,6.53E-05,0.019656274
KRT6C,-6.268316,6.77E-05,0.020342625
OSR1,-2.2996294,6.85E-05,0.020462586
CD80,-1.3364298,6.99E-05,0.020832755
PSAT1,-1.7978704,7.05E-05,0.020947448
LEPRE1,-1.5400583,7.76E-05,0.022934165
NETO1,-1.2648683,8.48E-05,0.024680043
MTMR7,-1.3077263,8.61E-05,0.024981769
CSGALNACT2,-1.2927215,8.74E-05,0.025300765
ENPP6,-2.276797,9.10E-05,0.026062318
TRIM11,-1.2890099,9.32E-05,0.026612516
C8orf79,-1.5348127,9.35E-05,0.026628951
C16orf45,-2.4615753,9.37E-05,0.026616652
MYH14,-1.2555146,1.01E-04,0.028292999
C7orf41,-2.4981942,1.01E-04,0.028482253
CD300LG,-1.5106252,1.04E-04,0.029156888
HLTF,-2.1768794,1.09E-04,0.03039002
NEUROD2,-1.1569221,1.10E-04,0.030541273
LOC100422737,-1.2331711,1.13E-04,0.031201674
PEX13,-1.1795866,1.14E-04,0.031428288
OGN,-7.162179,1.19E-04,0.032868649
DCAF7,-1.170911,1.20E-04,0.032888852
PBRM1,-1.5035603,1.22E-04,0.03341287
TSGA14,-1.0988106,1.22E-04,0.033371149
SGCZ,-1.1914645,1.28E-04,0.034838764
F2RL2,-1.7697606,1.33E-04,0.035981978
SLC6A14,-4.8622723,1.34E-04,0.036107319
ZFP36L2,-2.0070724,1.37E-04,0.03685346
MME,-9.127089,1.42E-04,0.037929298
CSDC2,-1.9429791,1.43E-04,0.03806887
LEP,-6.113447,1.43E-04,0.03818673
LHFPL5,-1.2862023,1.47E-04,0.038815098
ASB9,-2.5485852,1.48E-04,0.039083089
KIF17,-1.1040535,1.48E-04,0.039048227
SEMA3D,-1.216515,1.52E-04,0.039650339
C13orf33,-1.7528301,1.53E-04,0.039831635
EGFL6,-5.1730623,1.55E-04,0.040202163
HTRA1,-2.2048793,1.62E-04,0.041966213
GREM1,-1.7761077,1.72E-04,0.043958979
EMR4P,-1.1057478,1.73E-04,0.044216987
UBL4B,-1.318892,1.75E-04,0.044441118
GPR111,-1.3702111,1.77E-04,0.044538809
MMP2,-3.1394374,1.79E-04,0.044924435
GINS4,-1.6834328,1.81E-04,0.045431688
DNAJB4,-1.9910984,1.84E-04,0.046044949
CIDEC,-1.4862295,1.85E-04,0.046100005
FGF18,-3.3302083,1.92E-04,0.047401405
EPHX3,-1.5776236,1.95E-04,0.048074451
SAA2,-13.495534,1.98E-04,0.048593998
GPM6B,-7.330644,1.98E-04,0.048524919
SNX5,-3.0541253,2.00E-04,0.048935535
KIAA1033,-1.41147,2.01E-04,0.049070867
NCALD,-1.8330739,2.07E-04,0.05035619
PDLIM5,-1.3604219,2.08E-04,0.050489825
GNA13,-1.090083,2.09E-04,0.050505212
GLIS3,-1.493961,2.19E-04,0.052235016
NF2,-1.5972167,2.23E-04,0.052870069
PTPN11,-1.522823,2.23E-04,0.052785304
BAG4,-1.9784532,2.24E-04,0.053043117
PLCB4,-3.7494826,2.25E-04,0.053016845
APC,-1.2852423,2.28E-04,0.053529393
WFDC5,-1.739765,2.34E-04,0.054296996
C18orf34,-2.4762747,2.38E-04,0.055107754
ARL5B,-1.773058,2.41E-04,0.055711162
EYA2,-5.7214637,2.42E-04,0.055975792
HHLA1,-1.1054761,2.42E-04,0.055877603
ITGB3,-2.0929463,2.44E-04,0.056145365
FAM124A,-1.3214645,2.51E-04,0.057569336
C19orf2,-1.2803411,2.54E-04,0.058155651
HRK,-4.553553,2.56E-04,0.058468643
NR2C2,-1.3815956,2.66E-04,0.060117425
MTF1,-1.6663635,2.73E-04,0.061489941
CTGF,-2.264271,2.77E-04,0.062198679
GALNT1,-1.1842078,2.78E-04,0.062179011
RSAD2,-3.9195645,2.79E-04,0.062085083
LOC645944,-1.3745608,2.80E-04,0.062281223
CHRDL2,-1.6055144,2.92E-04,0.064439574
LHFP,-1.3498262,2.96E-04,0.065052118
PLA2G5,-1.9559261,3.01E-04,0.066062292
BANF2,-1.2952245,3.03E-04,0.066181215
RDH5,-1.5905136,3.06E-04,0.066740807
C19orf26,-1.074065,3.13E-04,0.067991672
TEK,-1.6238153,3.15E-04,0.068322806
NKAIN3,-1.2211468,3.16E-04,0.068259829
ACHE,-1.1947999,3.23E-04,0.069577749
RRAD,-1.5452065,3.28E-04,0.070280485
SLC9A2,-1.4953918,3.28E-04,0.070289103
FAM194B,-1.175185,3.31E-04,0.070668377
CCR5,-1.4469367,3.36E-04,0.071592039
SLC19A3,-1.2212583,3.44E-04,0.073149417
XKR6,-1.7596897,3.44E-04,0.073064751
ZNF37B,-1.5503976,3.44E-04,0.072969921
SHFM1,-1.092016,3.47E-04,0.073549523
KRT16P2,-2.4895327,3.48E-04,0.073568848
EPHA2,-1.3377558,3.63E-04,0.076319465
DBR1,-1.2961043,3.71E-04,0.077440349
KCNJ2,-2.415005,3.92E-04,0.08053538
ONECUT2,-2.756657,3.93E-04,0.080522465
SAA1,-45.485176,4.06E-04,0.082771481
LHX2,-3.7031214,4.26E-04,0.085763049
OXT,-2.6551337,4.26E-04,0.085622305
FOXD1,-3.6283221,4.27E-04,0.085675186
SLC24A6,-1.11069,4.27E-04,0.08559096
TLL1,-1.9951442,4.47E-04,0.088947947
GABRP,-3.8480966,4.59E-04,0.090953678
PF4V1,-1.1407077,4.61E-04,0.09112795
NAV3,-2.1197264,4.69E-04,0.09231705
LOC283177,-1.2535636,4.80E-04,0.09404283
SPAST,-1.1912974,4.81E-04,0.094023459
PADI2,-1.2429111,4.82E-04,0.093937637
C13orf15,-1.2091774,4.83E-04,0.094092035
SURF4,-1.4413105,4.86E-04,0.094345264
IFIH1,-1.5447185,4.93E-04,0.095217787
SPRR3,-1.4764827,5.09E-04,0.097708503
FAM122A,-1.2529199,5.11E-04,0.097966158
ACTRT2,-1.1838489,5.13E-04,0.098114664
SPARCL1,-1.5163164,5.18E-04,0.098997329
POLR1E,-1.6996049,5.23E-04,0.099474849
SHISA6,-8.571757,5.24E-04,0.099482602
LOC100133099,-1.6257385,5.25E-04,0.09961845
LOC729273,-1.6257385,5.25E-04,0.09961845
ZBTB47,-1.3143766,5.26E-04,0.099647712
SLC12A1,-1.1487724,5.30E-04,0.100034164
C10orf84,-1.2355125,5.57E-04,0.103422158
MAP3K8,-1.3137102,5.70E-04,0.105410021
CNTFR,-1.7904255,5.70E-04,0.105240557
CAV1,-3.435477,5.70E-04,0.105079112
STK38L,-1.6243391,5.76E-04,0.105801771
TMX1,-1.3670976,5.83E-04,0.106553657
ADM,-5.669212,6.09E-04,0.110490124
YIPF5,-1.4635544,6.17E-04,0.111616495
WT1,-20.788517,6.18E-04,0.111534267
PQLC1,-1.3070247,6.26E-04,0.112705246
SGK1,-1.9768242,6.29E-04,0.113170096
SH3GL2,-2.276968,6.43E-04,0.115352858
CLIP3,-1.1793118,6.43E-04,0.115264879
TMEM209,-1.283344,6.55E-04,0.116984599
FANCM,-3.0480974,6.55E-04,0.116852302
SEZ6L,-1.4994272,6.64E-04,0.118192333
POU3F2,-2.7785304,6.64E-04,0.118004053
FAM167A,-2.0536299,6.76E-04,0.119433796
COL6A6,-6.483349,6.76E-04,0.11931071
TRPC4,-1.555334,7.02E-04,0.122895226
PIGK,-1.1673704,7.03E-04,0.122858054
TPI1,-1.2283324,7.06E-04,0.122888746
GPR26,-2.4267156,7.09E-04,0.123066859
MCART3P,-1.5761572,7.16E-04,0.123857016
KLK8,-8.093157,7.21E-04,0.124105786
IL6,-1.518872,7.43E-04,0.127271822
ADAMTS4,-3.1281173,7.46E-04,0.12742365
KRT5,-4.682578,7.49E-04,0.127730691
PIAS2,-1.540586,7.78E-04,0.132039644
LONRF3,-1.5614011,7.81E-04,0.132358007
NNAT,-1.6970558,7.83E-04,0.132472179
LSM11,-1.3818048,7.84E-04,0.132354541
FLNC,-2.110841,7.94E-04,0.133919093
LOC100127984,-2.3868732,8.11E-04,0.13579234
RPS6KA2,-2.3868732,8.11E-04,0.13579234
SLC6A2,-1.1355567,8.14E-04,0.13596725
IL8,-2.472711,8.24E-04,0.13726334
TMEM27,-1.2554104,8.24E-04,0.137132409
SMCHD1,-1.1175971,8.41E-04,0.139056784
RSPRY1,-1.0710132,8.48E-04,0.139747723
WIT1,-2.1036339,8.54E-04,0.140302725
GRIA3,-3.4964068,8.79E-04,0.143507627
CELSR3,-2.0371532,8.84E-04,0.143958751
MBD2,-1.7219653,8.85E-04,0.143954005
LOC645249,-6.9190836,8.85E-04,0.14380128
SH3PXD2B,-1.719602,9.10E-04,0.147451819
TOR2A,-1.1552238,9.19E-04,0.148456022
SIX4,-1.132028,9.23E-04,0.14879093
INSIG1,-1.902329,9.25E-04,0.14899565
HRASLS,-12.132668,9.26E-04,0.148839345
ZNF57,-1.5765408,9.28E-04,0.149076359
WDR77,-1.1711708,9.41E-04,0.150640469
CXorf41,-1.5308167,9.50E-04,0.151873682
MEIG1,-1.5403905,9.56E-04,0.152439318
ATP6V1A,-1.4670461,9.71E-04,0.154407728
DENND2A,-1.4021611,9.74E-04,0.154689572
ELP3,-1.3931878,0.001007917,0.158419802
DSC3,-3.0347297,0.001024424,0.160560017
SHC3,-2.3702435,0.001046478,0.163096528
PHTF2,-1.1961387,0.001061514,0.164746698
DCAF12L1,-1.2527382,0.001063477,0.164591626
ARHGEF18,-1.2097341,0.001084969,0.166987591
LOC100128573,-1.2097341,0.001084969,0.166987591
TUBB2B,-2.421122,0.001091476,0.167524987
FMO3,-1.4550363,0.001100143,0.168389997
F13A1,-1.7074229,0.0011135,0.169966243
FBXL13,-1.2178085,0.001121592,0.170966663
RBM22,-2.073794,0.001122813,0.170918357
GAS2L2,-1.4700422,0.00112453,0.170945426
SPRY2,-2.3582718,0.001136798,0.1721041
KRT6A,-5.229952,0.001188249,0.178676303
RUFY3,-1.2383386,0.00119063,0.178792411
DIO2,-4.358325,0.001200963,0.18010062
APP,-1.5032281,0.00120556,0.180303416
GATA4,-1.4398894,0.001206911,0.180262802
BCL10,-1.896596,0.001244863,0.184937051
TSHZ1,-1.4463543,0.001244994,0.184709525
HLA-DQB1,-1.5776184,0.00124962,0.184902182
GUCY1A2,-1.5747889,0.001258211,0.185925735
DIAPH1,-1.4828883,0.001260932,0.186080441
FKBP1A,-1.4925026,0.001266993,0.186726842
SUMO2,-1.1794668,0.001268813,0.186747468
OLFML2A,-2.6248226,0.001277702,0.187311434
MRPL19,-1.3865988,0.001285759,0.188244233
BAIAP2L2,-1.4704014,0.001311789,0.191299173
RNF13,-1.3217826,0.001322915,0.191914185
C5orf46,-6.0279794,0.001323061,0.191685155
RASGEF1B,-1.5861248,0.00132362,0.191516486
SCRG1,-2.728945,0.00133584,0.192532469
MPP5,-1.9351588,0.001337338,0.192498723
SIGLEC8,-1.1384972,0.001358881,0.194842452
ATP10D,-3.1505404,0.00136413,0.194840831
TUG1,-1.5922607,0.00136842,0.195202731
SHISA2,-2.1031141,0.001379869,0.19633192
KCNN2,-1.98751,0.00138255,0.19646184
GUSB,-1.2945575,0.001436632,0.203107975
WFDC11,-1.1949265,0.001470747,0.206616642
CCNY,-1.2573005,0.00147858,0.20745479
NKX3-2,-2.8454967,0.001479894,0.207377308
PEG3,-3.2148902,0.001483114,0.207566792
RORB,-4.072926,0.001484259,0.20746577
CHRNA6,-1.5219359,0.001493739,0.208266923
PCDH17,-2.8110542,0.001494102,0.208056557
C6orf176,-1.8474473,0.001499422,0.208536
USP11,-1.1227442,0.001503312,0.208815734
RAPH1,-1.3310629,0.001520797,0.210717651
OLFM4,-2.3979442,0.001524882,0.211020505
RS1,-1.3989543,0.001524896,0.210759947
CACNA1C,-1.1983906,0.001529523,0.211136845
SSR2,-1.105115,0.001536893,0.211891044
C1QTNF2,-1.8549387,0.001560096,0.214027857
SLC6A6,-1.2634091,0.001571256,0.215027898
GABRE,-2.3849669,0.001572709,0.214962003
NKAPL,-2.1250107,0.001579544,0.215630988
MGAT5B,-1.8638114,0.001585401,0.216165103
DOK5,-4.994076,0.001591249,0.21669655
PDGFRB,-1.5320798,0.001591473,0.216461813
MYOC,-2.132283,0.00159269,0.216098345
C1orf175,-1.1577756,0.001611157,0.217806136
SOX7,-1.7959534,0.001619405,0.218655107
HEPACAM,-2.372602,0.001635023,0.220496001
HEPN1,-2.372602,0.001635023,0.220496001
TNFRSF11B,-1.4491647,0.001639984,0.220629427
LAMA1,-1.7667428,0.00166365,0.223542712
MAP2K2,-1.0880185,0.00166668,0.223679292
ANGPT2,-2.1442184,0.001681296,0.224826301
CGA,-2.4410746,0.001699983,0.226779414
MPHOSPH6,-1.7567289,0.001705026,0.227179354
KIAA1143,-1.2529315,0.001733545,0.2298767
RNF186,-1.5129651,0.001735565,0.229870314
TP53I3,-1.4964807,0.001740719,0.230278445
TTLL2,-1.2790023,0.001744276,0.230474639
MNX1,-1.2042967,0.001751332,0.230857979
SLC22A16,-1.3451275,0.001761857,0.231421755
EFNB1,-1.4295466,0.001762695,0.231258505
CCND3,-1.0592343,0.001799984,0.235317219
CIDEA,-3.2494764,0.001818929,0.237235749
MAPK4,-2.5806015,0.00182114,0.237245713
SRGN,-1.3153067,0.001826375,0.237649037
BID,-1.5926962,0.001841833,0.239100494
FJX1,-2.9889028,0.001847242,0.239522833
FBXW11,-1.306019,0.001847974,0.239338483
8-Sep,-1.3473033,0.001855683,0.239221674
EDIL3,-8.887028,0.001876289,0.241318164
TSPAN5,-1.1422696,0.001877252,0.241162922
FGF1,-1.6532295,0.001880182,0.240982044
DNAH10,-1.5000049,0.001883804,0.241168116
SNCA,-1.4929706,0.001891969,0.241934712
MMP10,-12.356588,0.001898086,0.242437942
EPYC,-3.3414328,0.001902796,0.242760531
EPHX4,-3.8787682,0.001903569,0.242580602
CD34,-2.0184977,0.001915295,0.24379536
LRRC58,-1.0889225,0.001915811,0.243582022
B3GNT7,-1.5217632,0.001922546,0.244158982
ISM2,-1.1247195,0.001928261,0.244605184
PTPRN2,-2.061258,0.00193147,0.244454153
ROR2,-6.025584,0.001940481,0.244758301
HTRA3,-1.7493912,0.001942016,0.244674218
NAA25,-1.4246185,0.001969226,0.247821405
CX3CL1,-1.3172737,0.002002751,0.250339406
S100A8,-1.9284768,0.002014737,0.251554679
C2orf49,-1.3781896,0.002015084,0.251315564
ALDH1A2,-2.1268663,0.002030412,0.252095471
PLXNA1,-1.0671297,0.002055409,0.254630083
SFXN1,-1.4633334,0.002058338,0.254709045
GPIHBP1,-1.4046429,0.002061678,0.254838562
LOC494141,-1.5400862,0.002064069,0.254850654
TTYH1,-1.6450111,0.002064466,0.25461666
GPC6,-2.447511,0.002066035,0.254527764
LRRN4CL,-3.37647,0.002068239,0.254517047
PCBP4,-1.2802389,0.002102621,0.256475945
IRX6,-1.2856768,0.002109913,0.257083129
SEC61B,-1.4130992,0.002112203,0.257080373
FGFBP2,-1.3314577,0.002117199,0.256844429
LOC653566,-1.2754302,0.002117792,0.256636169
SPCS2,-1.2754302,0.002117792,0.256636169
PKDREJ,-1.6322275,0.002121118,0.256759195
NAP1L5,-2.0179486,0.002121881,0.256572144
EPC2,-1.3508248,0.002139896,0.258469196
NRBF2,-1.7689412,0.00214631,0.258962433
VASP,-1.9942557,0.002147223,0.258791572
LCE1C,-1.1382973,0.002147951,0.258598845
KGFLP2,-1.7108523,0.002152777,0.258899404
HMCN1,-9.190869,0.002156988,0.259125401
FSCN1,-1.5310683,0.002162936,0.259279377
BPI,-1.5856787,0.002182392,0.261048374
G6PC,-1.3364694,0.002224835,0.264984311
HIST1H1A,-1.7353525,0.0022428,0.266267835
LOC645195,-1.3941315,0.00224871,0.26640027
CDSN,-1.4904311,0.002260723,0.267253533
NKX2-2,-1.9036309,0.002283086,0.268469226
USP1,-1.4255029,0.002299857,0.269870164
MYL9,-1.7352904,0.002310945,0.270599683
LEFTY2,-1.527492,0.002324491,0.271613509
INPP5K,-1.2064685,0.002342315,0.272835504
C1QL2,-1.5646124,0.002343222,0.272655394
PLP1,-2.8776505,0.002350307,0.273193739
LOC654433,-4.0657115,0.002355861,0.273553174
KCNJ6,-1.9237561,0.002360121,0.273761704
ARHGEF4,-4.1210465,0.002367576,0.274054316
KIAA1919,-1.1956762,0.002384259,0.275125625
LRRC8B,-1.3550057,0.002389283,0.275134034
PSMA8,-1.4287797,0.002392697,0.275241862
CTNND1,-1.9481597,0.002393936,0.275099618
EMP1,-2.763448,0.002450255,0.279547907
TDRD7,-1.3612547,0.002452279,0.279491911
ARAP2,-1.9867333,0.002470248,0.28096358
GH2,-1.374374,0.002473149,0.280718799
CHAC2,-1.4692929,0.002525043,0.285733588
APCDD1,-7.274689,0.002527044,0.285669139
AK7,-1.636767,0.002547057,0.287346792
SLC16A3,-1.4605027,0.002550778,0.287183473
RNF165,-1.5154392,0.002566475,0.2880752
C18orf23,-1.5154392,0.002566475,0.2880752
APLP2,-1.5423483,0.002594529,0.290930204
TNPO1,-1.265591,0.0026055,0.291865914
FLJ43390,-1.1832083,0.002606035,0.291631839
ZNF644,-1.5906154,0.0026109,0.291882285
PRB3,-1.077875,0.00261326,0.291852576
CNTNAP3B,-1.772985,0.002613516,0.291588093
ASS1,-4.037528,0.002614298,0.291090778
OTOP3,-1.0692925,0.002621414,0.291008354
DPH3,-1.3450323,0.002633914,0.291812955
OSBPL11,-1.337552,0.00264229,0.292449437
RBM27,-1.789113,0.002687593,0.295696486
SLC16A1,-2.3377936,0.002695852,0.296311756
LOC100129066,-1.3748174,0.002696405,0.296079687
ROPN1B,-11.977395,0.002717911,0.297559089
ALDH1L1,-1.5871922,0.002746432,0.300385578
NPR3,-3.0421376,0.002747458,0.300202385
FAM193B,-1.620699,0.002779911,0.303449938
HABP2,-1.436997,0.00278672,0.303894722
SLC7A10,-3.136436,0.002791722,0.30414171
LRP3,-3.136436,0.002791722,0.30414171
CERK,-1.5263419,0.002825247,0.307492542
PPARGC1A,-3.084501,0.002833613,0.308101338
FILIP1,-2.0693016,0.002860197,0.310384471
TATDN2,-1.1418709,0.002883808,0.312336611
CXCL2,-4.5031233,0.002908464,0.314088707
SCN3B,-1.2092317,0.002909166,0.313859502
GLYAT,-1.7760956,0.002909494,0.313590449
GAPDHL7,-1.5904927,0.00291482,0.313556189
ERAP1,-1.9278306,0.002915769,0.313354961
HIAT1,-1.3016801,0.002921211,0.313636494
COL6A1,-2.3037155,0.002949818,0.315792497
CCNH,-1.1842344,0.002981225,0.318541044
EYA1,-2.1588209,0.002988605,0.319022824
GAD2,-1.1196918,0.00301429,0.321147563
GPR39,-1.0808746,0.003036556,0.322900629
PHKG1,-1.3304155,0.003067128,0.325528665
CXorf42,-1.199522,0.003075836,0.325830468
PROCA1,-1.1198056,0.00308295,0.326272988
C14orf162,-1.6474007,0.003095598,0.326678235
ECM2,-2.006286,0.003142657,0.329454169
STRAP,-1.2720039,0.003143053,0.329185233
COX6B2,-1.1628511,0.003148088,0.32909219
ARHGAP29,-1.6501379,0.00316856,0.330300125
MMP1,-5.0486693,0.003178973,0.331075011
PALMD,-2.9033175,0.003188215,0.331416256
LOC440934,-2.138671,0.003192443,0.331545696
ACAN,-3.5266259,0.003216365,0.33309608
ATF4,-1.4390489,0.003229779,0.334173864
DMBT1,-1.3079084,0.003269855,0.336752622
NPAS4,-1.0973797,0.003282247,0.337403476
DDX24,-2.4696996,0.003290474,0.337936575
P4HA1,-1.4753755,0.00329753,0.338036411
LOC652671,-1.4684358,0.003298696,0.337844226
PML,-1.4684358,0.003298696,0.337844226
CORIN,-2.5762515,0.003316221,0.339014177
SOD2,-1.5362265,0.003319257,0.338390628
PRKG1,-1.3448311,0.003332719,0.339140812
SYNM,-4.4366546,0.003363009,0.341285517
CCR10,-1.1978979,0.00336492,0.341167924
PAM,-2.470731,0.003378877,0.341647788
GDPD5,-1.287816,0.003434667,0.344467991
FAM13A,-2.6409385,0.003445341,0.345226919
KLHDC5,-1.2651198,0.003460204,0.346091999
KPNA4,-1.3050251,0.00347816,0.34664001
SPINK1,-2.300676,0.00348167,0.346678848
MCL1,-1.6528331,0.003500029,0.348194922
FOXL2,-1.8603724,0.003537462,0.351289898
DUSP2,-1.341547,0.003554707,0.35237265
SMOC1,-1.8097081,0.003555741,0.352160949
LOC646050,-1.1331623,0.003572926,0.353233312
SFRP2,-36.299202,0.003594213,0.354391919
STMN4,-1.1604735,0.00362608,0.356269622
GSN,-1.7305905,0.0036296,0.356300407
CHCHD4,-1.2592845,0.00363109,0.35613209
VSTM2L,-2.125557,0.003654185,0.358081115
C1QTNF7,-1.8008391,0.003666482,0.358653635
KIF1A,-4.7611456,0.003688303,0.359837861
BRI3,-1.3359782,0.003699266,0.360274763
PKN2,-1.4196962,0.003710083,0.360696051
ANXA8L2,-3.1693678,0.003711549,0.359893977
GABRR3,-1.2241137,0.003755104,0.36316658
TSPYL5,-1.6654783,0.003763843,0.363379233
ATP5S,-1.4717354,0.00377298,0.363314426
MFAP5,-1.5827882,0.003780511,0.363724419
CHPF2,-1.2744982,0.003807959,0.365731908
HRCT1,-2.6339047,0.003851236,0.368931848
APLN,-2.421582,0.003851809,0.368668885
UHMK1,-1.3831843,0.003859205,0.368424764
HMOX1,-1.3770413,0.003861356,0.36831369
KRT9,-1.5104029,0.00386554,0.368080866
KIF19,-2.7410262,0.003876544,0.368812698
RC3H1,-1.8490862,0.003880642,0.368886701
WISP3,-2.0341778,0.003900134,0.370106404
OXTR,-3.5028548,0.003912816,0.370993007
EFNB2,-2.0697672,0.00391426,0.37081357
TMPRSS5,-1.4176227,0.003932001,0.372176937
PSMD12,-1.7066516,0.003954904,0.373390678
TM4SF19,-2.6370916,0.003994008,0.376442844
SCEL,-1.5072104,0.004026452,0.378537563
SERBP1,-1.402473,0.004028579,0.378097749
AKR1B10,-3.5587823,0.004042275,0.37874347
NCK1,-1.2967381,0.004059524,0.38003912
UMPS,-1.2930589,0.004060228,0.379785116
BRD4,-1.7858975,0.004079166,0.381235664
C5AR1,-1.6578523,0.004094999,0.382072662
LOC100288276,-1.2705852,0.004111337,0.382954012
PTPN5,-1.9234357,0.004122436,0.383345122
MAP4K5,-1.1012284,0.004134,0.383778196
PLEKHG3,-1.595441,0.004146144,0.384263503
SPTB,-1.595441,0.004146144,0.384263503
TIAM2,-3.0110576,0.004160395,0.384302214
ADRB3,-1.2129872,0.00416441,0.383398317
CD59,-1.549119,0.004212911,0.386901896
SFRS9,-1.4102823,0.004218735,0.38711681
GATC,-1.4102823,0.004218735,0.38711681
COL12A1,-2.689358,0.004220605,0.386968902
CCDC23,-1.4894084,0.004259425,0.388923671
SKAP2,-2.3836243,0.004280397,0.389877493
FAT1,-3.9742658,0.004297258,0.391092701
PLXDC2,-2.2372756,0.004302305,0.39123165
BRD3,-1.2952735,0.004328755,0.392352553
LOC100128844,-2.1661162,0.004359508,0.393854971
GJB2,-49.971634,0.00436326,0.393873732
PPEF1,-2.763798,0.004375328,0.39464251
FERMT2,-2.0039,0.004376522,0.394430079
E2F6,-1.1276262,0.004392882,0.393987305
C22orf23,-1.5676985,0.004393081,0.393687326
CSDE1,-1.3942114,0.00439385,0.393439033
ARHGAP26,-1.2302781,0.004394298,0.393162293
PSRC1,-1.1869929,0.00440485,0.393789294
CRNN,-1.1328022,0.00441062,0.393988241
SYTL3,-1.5956798,0.004414218,0.393992911
LHPP,-1.1343327,0.00454403,0.402027235
KERA,-1.6984154,0.00454921,0.401845637
STAMBP,-1.1294115,0.004554283,0.401336692
FAM187B,-1.2458096,0.004562534,0.401109508
TGM5,-1.7959243,0.004583548,0.402320397
L1CAM,-1.1599162,0.004586553,0.401949129
GNS,-1.4605049,0.004598339,0.40266446
C5orf42,-1.169594,0.00460665,0.403074634
RUVBL1,-1.1967402,0.004612268,0.402931619
DDX58,-1.284969,0.004623586,0.403286344
GPR37L1,-1.2600309,0.004625189,0.403109699
C6orf225,-1.2483501,0.004627226,0.402971207
FNDC3B,-1.6609763,0.004628545,0.402770396
SCAND3,-2.1010005,0.004629747,0.40255975
SERPINB5,-3.9947398,0.004655195,0.404140015
CLIC4,-2.6771305,0.004662984,0.404184717
ANGPTL7,-2.3842652,0.004673538,0.404153705
TRIO,-1.4980106,0.00468252,0.404615608
RIPK1,-1.406243,0.004709995,0.40572772
PAX3,-1.1626009,0.004732286,0.406702072
CSF1R,-1.1728698,0.004737668,0.406849972
IGF2,-2.7848794,0.004740094,0.406744028
EPC1,-1.2778445,0.004781623,0.408415296
TESC,-1.5773345,0.004782887,0.40820947
SLC26A2,-2.465585,0.00478977,0.408483159
TMCC3,-1.7755697,0.004828483,0.409584387
CLIC5,-2.1220665,0.004889805,0.412581499
EXOC5,-1.228518,0.004914554,0.41404096
ROCK1,-1.1469077,0.00491781,0.414001398
CALD1,-1.6040068,0.004925707,0.414352231
C7orf11,-1.3922541,0.00494498,0.415344677
ZNF556,-2.0225995,0.004950622,0.415504484
SDCBP,-1.610898,0.004991316,0.417972885
FBXO11,-1.2224904,0.004994681,0.417625205
TBL1XR1,-1.6130513,0.005008106,0.418432887
UBE2D3,-1.066113,0.005012287,0.418467594
WDR16,-1.2674391,0.005032543,0.419843295
INTS2,-1.2750146,0.005033714,0.419625959
P2RX2,-1.1972952,0.005047079,0.420424741
FOXQ1,-5.3493595,0.005055381,0.420485837
PPP2R5C,-1.2266042,0.005061044,0.420642003
KCNA1,-1.5025513,0.005095112,0.421895737
KLK7,-5.541406,0.005111768,0.4229598
PLIN2,-2.0329225,0.005120861,0.422767778
RPN2,-1.8422953,0.005170706,0.425618015
NEFH,-3.225569,0.005192025,0.426740694
ABCC9,-1.6591119,0.005212041,0.427753057
FOLH1B,-2.8756852,0.005222114,0.427317395
ACADL,-1.8714571,0.005223013,0.427076454
FIBIN,-3.9547598,0.005242163,0.42801241
FRMPD3,-1.1904645,0.005257452,0.428630832
TNN,-11.807792,0.005279644,0.429494764
IFNE,-1.0971373,0.005283339,0.429167021
EAF1,-1.2318985,0.005292589,0.429290756
GRB2,-1.4152294,0.005339507,0.430894737
COL6A2,-1.8756791,0.005340401,0.430654101
OR2AG1,-1.152418,0.005352022,0.431278275
ABL2,-1.6487803,0.005360955,0.431372447
CILP2,-1.2059557,0.005374879,0.432179933
SEC24A,-1.5513453,0.005375595,0.43192498
FST,-3.6495569,0.005381722,0.432104874
AKR1B15,-1.6487979,0.005386466,0.431861642
MEX3C,-1.844479,0.005397103,0.432402488
FAM5C,-2.0999973,0.005402244,0.432191218
FOLH1,-2.9988446,0.005405703,0.432156763
PVRL1,-1.2479717,0.005424719,0.432743056
ARL13B,-2.341758,0.00544926,0.433766586
TNFRSF10B,-1.9465835,0.005449712,0.433491991
GPR107,-1.4193354,0.005491043,0.435221974
CDR1,-13.068543,0.005497209,0.435400139
KRT16P3,-12.183279,0.005499232,0.435250106
PODXL,-2.7160583,0.00550062,0.435050109
RRP1,-1.121512,0.005530604,0.437110423
SUMF2,-1.6783348,0.005535559,0.437191094
PLSCR4,-1.7968757,0.005543389,0.437498572
AFAP1L2,-1.8370814,0.005546832,0.437459636
SOSTDC1,-3.6615987,0.005567218,0.438134509
COL7A1,-2.2303698,0.005569094,0.437971974
PPM1L,-1.2504655,0.005569614,0.43770316
RPL13,-1.1940117,0.005587553,0.438492693
SMOX,-1.6360099,0.005594624,0.438737775
SIM2,-6.6136866,0.005595623,0.438506655
CDKN1B,-1.1017305,0.00561502,0.439097696
DEFB1,-7.594767,0.005623363,0.439440933
WNT16,-1.1943878,0.005638978,0.43973341
UBE2L3,-1.1393038,0.005658995,0.43975139
ARSE,-3.6440837,0.005664397,0.439556451
WNT11,-1.2315513,0.005687112,0.440089814
GYG2,-1.8998722,0.005711492,0.440442851
CXorf61,-2.7041197,0.005741985,0.442487248
PSMB5,-1.3237746,0.00575434,0.442825117
TTBK2,-1.1443727,0.00577562,0.443847988
AMDHD1,-1.8660759,0.005776869,0.443637192
LOC441416,-1.4181865,0.005793958,0.444642229
CGREF1,-2.2948303,0.005807822,0.445398629
DNTTIP2,-1.185099,0.005813582,0.445532893
FGF10,-2.3031514,0.005815086,0.445341007
DNAH6,-1.7236773,0.005819116,0.445036246
LRRIQ1,-3.2276566,0.005823867,0.445093204
INS-IGF2,-2.3203673,0.005868462,0.44727098
KCNA4,-1.7372844,0.005881933,0.447683573
PRR16,-3.0445733,0.005923634,0.449318794
SLA,-1.3880515,0.005929873,0.449178751
ACTG2,-1.5680579,0.005942925,0.449554586
RTDR1,-1.5301064,0.005944074,0.449335631
FBXO42,-1.2932363,0.005978379,0.451314799
GLO1,-1.284568,0.005987958,0.451731055
C1orf180,-1.1144375,0.005988478,0.45146381
WAC,-1.2070519,0.006001558,0.452143143
ZNF576,-1.8213933,0.006025216,0.452697825
PCDHGA3,-2.8272765,0.006036611,0.452941486
FLJ36644,-2.4134018,0.006039913,0.452883404
DCK,-1.2400408,0.006050149,0.453345079
CREG1,-1.6070975,0.006057989,0.453626639
IGF2BP3,-1.4871545,0.006058363,0.453349157
B4GALT2,-1.1813248,0.006067196,0.453704614
DAB2IP,-1.3519176,0.006085892,0.453576488
LDLR,-1.9050672,0.006120769,0.454651197
BCL2L13,-1.4189115,0.006129849,0.455021522
MEF2A,-1.1760181,0.006143997,0.455463233
KIAA0090,-1.309982,0.006214286,0.458228348
MAP6,-2.3432667,0.006231709,0.458600097
RBM8A,-1.5857294,0.006240408,0.458936408
F2RL3,-1.3000408,0.006243975,0.458894969
TRPC6,-2.3556936,0.006290408,0.461087738
SLC10A5,-1.1084157,0.006304684,0.46182954
PCDHB16,-6.467435,0.006335837,0.463195506
TRDMT1,-1.8280146,0.00633915,0.463133061
SLC2A4,-1.770584,0.006348138,0.463484998
ITGAD,-1.2470818,0.006351336,0.463414
LGR6,-1.3677139,0.006362688,0.463633399
FAM58A,-1.1430235,0.006402701,0.465328522
GUSBP1,-1.5973567,0.006403234,0.465063135
C9orf9,-1.1773468,0.006407839,0.465093627
SLU7,-1.2667649,0.006411022,0.465020873
OGDHL,-3.298015,0.006447965,0.467090724
ETS2,-2.0098796,0.006477198,0.468292579
IMPAD1,-1.3064642,0.006484325,0.468503051
SLC43A3,-1.5292021,0.006504653,0.468752655
DENND4C,-1.2824266,0.006512721,0.468726097
RNF180,-2.4176078,0.006541459,0.469881412
TREM1,-3.0116096,0.006555594,0.470288718
TRIML1,-1.2346992,0.006571883,0.471153163
HK2,-1.9152329,0.006584796,0.471470542
CAPN6,-1.2347057,0.006586145,0.471263513
DLC1,-1.3047284,0.006608325,0.471635797
TUSC5,-2.291892,0.006619063,0.472098921
C6orf10,-1.2572275,0.006622104,0.472012882
AP4B1,-1.1292833,0.006637149,0.472176623
AQP9,-3.0460958,0.006639531,0.472043882
MRO,-1.1342187,0.006643466,0.47202163
GPR85,-1.7381116,0.006647636,0.472016142
LAMB4,-1.2837698,0.006677891,0.473559234
TEKT1,-1.3746188,0.006689765,0.473796522
SMC5,-1.427386,0.006700395,0.473945246
ARL4D,-1.2971919,0.00670384,0.473887284
DNAH17,-2.232021,0.0067041,0.47360439
CCRL1,-4.275891,0.006705697,0.473416215
SGIP1,-6.6520643,0.006711543,0.473528136
CALCRL,-2.1681035,0.006714644,0.473446334
CLDN14,-5.6707263,0.006721835,0.473652817
PRRC1,-1.5106817,0.006738852,0.474250463
CHIT1,-3.3986733,0.006748935,0.474359178
DTHD1,-1.9998751,0.006765242,0.475204784
DNAJC24,-1.4034595,0.006769313,0.475190368
HAUS6,-1.955927,0.006772948,0.47514538
CAV3,-2.395561,0.006790072,0.475446261
ANKRD45,-1.7540509,0.006792434,0.475312107
HEBP2,-1.8555517,0.006807337,0.476055215
AFMID,-1.255056,0.006825763,0.476743737
ADO,-1.2611146,0.006827913,0.476594309
APPBP2,-1.3800148,0.006829351,0.476395474
LOC646903,-2.3029203,0.006861725,0.478053587
IQSEC3,-1.3375182,0.006930466,0.481333845
ACBD5,-1.4949116,0.006947064,0.481884255
UNC45B,-1.4856035,0.006955107,0.482141214
ICAM1,-1.367,0.006996491,0.484405626
TRA2B,-1.6871904,0.007013033,0.484946683
RCN1,-3.3519874,0.007016601,0.484891646
CRISPLD2,-2.1291866,0.007061905,0.486509624
MMP13,-20.199808,0.007086217,0.487278243
MFI2,-1.6494263,0.00708671,0.487010778
TNFRSF12A,-1.779479,0.007105267,0.48768291
FBXO10,-1.2120423,0.007139323,0.488511695
ZNF17,-1.2217189,0.007161461,0.489423747
RELB,-1.3269252,0.007190743,0.489618189
ATP1B2,-1.323944,0.007205067,0.489693369
FREM1,-4.3072042,0.007266548,0.49086967
LOC728264,-3.315577,0.007271722,0.490920752
BEAN,-3.9999022,0.007281234,0.49096636
BPTF,-1.5112209,0.007282824,0.490775754
ALDH1B1,-1.6525184,0.007313795,0.49226578
EDNRB,-1.4849188,0.007326174,0.492502365
CD68,-1.103855,0.007337394,0.492065941
FMO2,-2.148798,0.007365366,0.493346322
GRIN2C,-1.1689523,0.007386458,0.494163401
PRR21,-1.1656929,0.007395323,0.494458739
SOX5,-2.812132,0.007418558,0.495416144
GRM8,-2.8328512,0.007418889,0.495140663
TMEM43,-1.6408546,0.007430287,0.4956037
SOX17,-3.5316265,0.007434488,0.495586444
PLEKHG4B,-5.6115017,0.00743654,0.49512918
WWTR1,-2.694172,0.00745693,0.495595985
CD93,-1.853205,0.007456973,0.495302557
PAPPA2,-1.1895939,0.007458655,0.495118332
CPXM1,-3.7205105,0.007469876,0.494681179
ZNF654,-1.457479,0.007471665,0.494504935
MCAM,-2.2145844,0.007483879,0.494724001
EPM2A,-1.1476994,0.00751191,0.495986939
FBXO30,-1.4013307,0.00754303,0.496860779
KDM5A,-1.2697302,0.007563524,0.497620766
HHIPL1,-1.3334463,0.007602289,0.499875273
DDOST,-1.0783254,0.007603462,0.499361385
MYL2,-1.2071611,0.00761019,0.499508026
KCNJ15,-4.356418,0.007637596,0.500420164
LOC401317,-1.6799442,0.007648438,0.500540277
PFKP,-2.8779118,0.007649413,0.500309422
PROM1,-8.425418,0.007649553,0.500024287
PLEKHG1,-3.2340343,0.007686109,0.501234469
FCGR3B,-1.538148,0.007719454,0.502524214
PCDHGB2,-1.6433294,0.007741949,0.503693563
TCTEX1D1,-1.7720281,0.007762925,0.504762745
LOC100130729,-1.4843141,0.007789672,0.505614325
GALNT10,-1.0573092,0.007806883,0.506435674
HOXB9,-1.6457489,0.0078132,0.505959324
C19orf12,-1.4688003,0.007843154,0.506423464
FZD9,-2.5638757,0.007866785,0.507065392
SORCS3,-1.7347842,0.007883327,0.507542858
RERGL,-3.7696116,0.007892547,0.507842183
SKA2L,-1.3202147,0.007954181,0.510330541
SKA2,-1.3202147,0.007954181,0.510330541
KCNE1,-2.7210846,0.007965107,0.510442111
SFRP1,-6.243859,0.007982775,0.511279463
STEAP3,-1.5671738,0.008018517,0.512092893
NBLA00301,-1.742086,0.0080438,0.512529377
SCARF1,-1.2133782,0.008050011,0.512631176
C8orf84,-7.491642,0.008065067,0.51300195
SC5DL,-1.3769898,0.008066365,0.512497826
COX7A1,-1.5622255,0.008083832,0.513020956
CCDC102A,-1.2650075,0.008087351,0.512951304
CA6,-1.5205563,0.008090203,0.512839475
HDAC4,-1.844574,0.008130244,0.514204376
GAPVD1,-1.3823973,0.008144881,0.514544387
OXR1,-1.269489,0.008168939,0.515771037
C2orf40,-2.2922218,0.008169156,0.515491835
MMP7,-48.925194,0.008205394,0.516312581
CALU,-1.9663243,0.008223957,0.516895245
CREB3L2,-1.6294221,0.008238883,0.517540638
GJC1,-1.9507023,0.008258937,0.518214476
WSB2,-1.3701023,0.008323542,0.520212023
TMX4,-2.2280562,0.008341607,0.520462889
CLEC1A,-1.5753028,0.008372986,0.521834714
DMD,-1.3091015,0.008374331,0.521626016
MFF,-1.6569266,0.008383618,0.520744961
SCNN1G,-1.6751459,0.008386678,0.520353341
UNC80,-1.1280919,0.008390885,0.520033656
RASGRP3,-1.4411192,0.008398894,0.520239868
REEP3,-1.9184198,0.008400425,0.52004479
DCLRE1A,-1.1067739,0.00842234,0.520242166
LOC100131360,-1.8341546,0.0084537,0.521309921
RGS16,-2.993927,0.008460443,0.52114733
CHRFAM7A,-1.4198223,0.008461934,0.520950407
CHRNA7,-1.4198223,0.008461934,0.520950407
MAGED4,-4.1677747,0.008506467,0.523112389
MAGED4B,-4.1677747,0.008506467,0.523112389
ASH2L,-1.7201942,0.008541223,0.524089644
OR6X1,-1.0966606,0.008543106,0.523915883
ATP6V0D2,-2.3370461,0.008543758,0.523378212
RAD18,-1.6081928,0.008612269,0.525258604
C4BPA,-1.6477854,0.008636579,0.525875364
FGFR4,-1.8146474,0.008644125,0.526046595
HK3,-1.7655625,0.008644479,0.525780231
FAM20A,-2.9310446,0.00866415,0.526688386
C10orf118,-1.9610623,0.0087007,0.527755426
SAPS1,-1.311048,0.008736215,0.529043277
ESF1,-2.104339,0.008753466,0.529222715
NLRP5,-1.5853611,0.008823749,0.531736165
ZPBP,-1.2662854,0.008864552,0.533038723
C1orf114,-1.3971124,0.008896903,0.533540475
MKRN2,-1.2637644,0.008914529,0.53373341
PLAUR,-1.4111058,0.008916757,0.533579297
TACR1,-2.6941683,0.008919653,0.533465356
PDP1,-1.6685517,0.008986449,0.536017834
MTPAP,-1.6465468,0.009007555,0.536412914
PABPC4L,-2.8804615,0.009023077,0.536761966
AKAP1,-1.4135209,0.009036393,0.537266498
SLC41A2,-4.8127685,0.009074648,0.538676362
TLL2,-1.8719283,0.009127441,0.540366857
PCSK9,-2.2559268,0.009144008,0.540483858
LRRTM2,-1.133418,0.009147507,0.5404032
PXK,-1.3187025,0.009148478,0.539886542
KIAA2013,-1.1788565,0.009152451,0.53983429
LOC728138,-1.1788565,0.009152451,0.53983429
MYL12A,-1.3186423,0.009153713,0.53962229
ENKUR,-2.2120888,0.009162345,0.539844805
FBXL7,-1.3032866,0.009173798,0.539375638
LOC100190939,-3.589897,0.009201276,0.540705104
IFNA8,-1.0480886,0.009203186,0.540531501
BMS1,-1.2625239,0.009213225,0.540549729
LBP,-1.5827187,0.009221991,0.540778554
C1orf107,-1.5660251,0.009243911,0.54092213
NRN1,-2.5825183,0.009251876,0.541103267
ODAM,-1.5009176,0.009277582,0.541466775
SLC12A5,-1.4415255,0.009338656,0.543888585
ARL2BP,-1.3312662,0.009342644,0.543835852
GREM2,-7.6043067,0.009365885,0.544333274
C9orf122,-1.565321,0.009423701,0.546835497
LOC100131630,-1.565321,0.009423701,0.546835497
SFRS2IP,-1.1525315,0.009431804,0.546734678
RPE,-1.2436424,0.009460125,0.547234504
SERPIND1,-1.5713135,0.009478728,0.54774036
GFRA3,-1.4274315,0.009480324,0.547547841
GPR142,-1.1801416,0.009542872,0.549162392
LUZP1,-1.3409301,0.009562637,0.548595231
SRPR,-1.5948987,0.009569504,0.548705861
VWF,-1.337304,0.009576065,0.548798912
SDHD,-1.2554252,0.009606766,0.549707868
PLXDC1,-1.9626044,0.009607972,0.549493929
GSX2,-1.0904506,0.00961363,0.549252161
TGFB2,-4.2547026,0.009637408,0.550327665
MAPK1,-1.1141138,0.009655862,0.550815387
FBXO34,-1.4855088,0.009665114,0.551060271
CD44,-1.3647687,0.009731119,0.553403869
EMR3,-1.0963534,0.009741899,0.553733544
MGC29506,-1.3275627,0.009753313,0.553815732
CD177,-1.1234388,0.009848233,0.556928839
FCGR1A,-1.1433955,0.009884178,0.558109535
KCNB1,-6.497166,0.009903182,0.55833144
HOXA9,-2.0435495,0.009908832,0.558366702
FAM193A,-2.210443,0.009914655,0.558128788
SMAD9,-2.6685555,0.009918403,0.558057083
SIK1,-2.3243685,0.009928266,0.558329313
BMX,-1.6392772,0.009933128,0.558320158
GRM2,-1.1392351,0.009939165,0.558377038
CCDC76,-1.2531968,0.00994732,0.558270703
CCL7,-2.7541637,0.009947844,0.558018335
SNX31,-1.5791589,0.009954631,0.55811727
REXO4,-1.1429331,0.010018188,0.559985458
GPR116,-1.7479544,0.010078126,0.561922511
SAP30,-1.1664894,0.01010543,0.562598033
LOC100192378,-3.0512016,0.010132969,0.563566501
ANGPT1,-2.211798,0.010134893,0.563109834
BCL6B,-1.4246005,0.010157725,0.563533164
AKR1C1,-3.2178428,0.010167062,0.563769694
AKR1C2,-3.2178428,0.010167062,0.563769694
APOL6,-1.6483405,0.010175761,0.563970592
ARSK,-1.3670502,0.010192325,0.564607042
PCDHB9,-5.1011763,0.010192388,0.564329233
LDHA,-1.4002059,0.010203239,0.564367633
MLL,-1.3931732,0.010209656,0.56416091
UBXN7,-1.4850265,0.01021838,0.564081972
SIAH3,-2.210457,0.010254915,0.564976171
RBP4,-3.2987156,0.010272075,0.565641141
DYM,-1.2475882,0.010277508,0.565659995
TAF7,-1.1349298,0.010279757,0.565503662
FGFBP1,-2.5378346,0.010311669,0.565579277
L3MBTL4,-1.6301241,0.010330314,0.565764182
SERPINH1,-1.8336148,0.010374889,0.566251866
MMP12,-4.633051,0.010400068,0.566513135
ANGPTL4,-2.9524946,0.010424696,0.566743388
KRT81,-1.4589989,0.010495436,0.568641817
RASL10B,-1.3629146,0.010532445,0.569536206
BMP2,-3.5941257,0.010536767,0.569492777
CACNG6,-1.8614817,0.010553465,0.569564184
VAT1L,-1.8163663,0.010555081,0.569098646
HN1,-1.5270514,0.010594437,0.569287068
VSNL1,-27.647602,0.010599116,0.568988188
C5orf24,-1.8864611,0.01060654,0.569111794
HMGA2,-2.164749,0.010616988,0.569397445
CD84,-1.3557457,0.010641942,0.570460463
CCDC88C,-1.1570896,0.010694413,0.571893778
PHF16,-1.3651239,0.010700857,0.571688161
WHSC1L1,-2.3604875,0.010705486,0.57166062
SNRPB2,-1.4186563,0.010738118,0.571754604
DARC,-1.7435522,0.010757997,0.572264659
SLC35B4,-1.544946,0.010777137,0.572460723
NCKIPSD,-1.0821764,0.010780341,0.572357308
GPR161,-4.2280536,0.010791086,0.572380832
PKP2,-1.6081855,0.010828745,0.573830547
CAPRIN1,-1.22212,0.01086522,0.574667244
MTG1,-1.5313442,0.01086886,0.574586288
SPRN,-1.5313442,0.01086886,0.574586288
SAMD5,-2.250182,0.010875534,0.574665683
BIN1,-1.3466737,0.01087764,0.574230861
TIGD2,-1.6524422,0.010887493,0.574478127
SOX10,-1.8852347,0.010896556,0.57441079
GALNT11,-2.049983,0.010931278,0.574877616
LOC100130591,-2.049983,0.010931278,0.574877616
SAA4,-2.4029865,0.010933944,0.574745842
CTBS,-1.6708302,0.010958203,0.57520473
RAB14,-1.1307625,0.010961006,0.574808813
C2orf39,-2.0968647,0.010975863,0.575316407
PDZRN4,-2.1788175,0.010987519,0.575384596
ISM1,-5.1550164,0.011004192,0.575444134
WDR45L,-1.2165359,0.011044684,0.577018532
SMAD5,-1.8613787,0.011045243,0.576776553
PTPN3,-1.4062092,0.011080689,0.577812951
WNT2B,-3.3609152,0.011083432,0.577684919
SPIN3,-1.1940299,0.011132647,0.578892455
SIGLEC5,-1.1764339,0.011135127,0.578750575
DIP2C,-1.3343674,0.011147631,0.578858995
NFAT5,-1.600149,0.011186716,0.579804797
ATF2,-1.3118585,0.011237165,0.580794183
CCDC122,-1.8358662,0.011246973,0.581030851
VIP,-1.2027786,0.011263054,0.581591218
ARX,-1.3111506,0.011263918,0.58136571
NOS3,-1.5823593,0.01130384,0.582614372
LOC440104,-1.3215643,0.01138341,0.584546543
MMP19,-1.3215643,0.01138341,0.584546543
EFNA5,-1.3019747,0.011392734,0.584485128
GAL,-3.1943467,0.011440642,0.585861066
KLHL8,-1.3271103,0.011452164,0.58564141
RAB3C,-1.8032556,0.011458803,0.585173053
TP63,-1.4324864,0.011470179,0.585484914
PVRL3,-1.729545,0.011480942,0.585227877
STYX,-1.3118261,0.011555337,0.587403348
CBWD2,-1.173089,0.011570667,0.586840369
CBWD1,-1.173089,0.011570667,0.586840369
FHL5,-2.1776145,0.01157291,0.586686343
SCRN3,-1.3967938,0.011608653,0.587694014
HPR,-1.8153023,0.011667253,0.58878301
C8orf22,-1.6301486,0.011672701,0.588790536
LYVE1,-2.2426093,0.011706777,0.589706345
HILS1,-2.0907269,0.011707769,0.589489062
PLXNA2,-2.037135,0.01172834,0.589723222
FAM154A,-1.280671,0.011767986,0.590914549
VPS33A,-1.1978468,0.011798341,0.592171211
EIF3A,-1.7209115,0.011802734,0.592124268
GLMN,-1.6518992,0.011803322,0.591886518
S100A4,-2.0925968,0.011815192,0.591947514
UCHL1,-1.5025579,0.011819322,0.591887565
CLEC3B,-1.9078875,0.011916157,0.594860347
CAMSAP1L1,-1.4189997,0.01193272,0.594885433
KDM3A,-1.1761659,0.011939046,0.594933891
KRT77,-1.6366224,0.01194038,0.594733682
MEPE,-1.0850191,0.011951908,0.594774687
IRAK3,-2.880281,0.011972168,0.595249783
C17orf51,-1.3618071,0.011972428,0.594996469
UCP3,-1.2957851,0.011984356,0.594791241
RPL23A,-1.1125016,0.011990792,0.594845001
FABP4,-2.3126757,0.012012373,0.59564968
PGRMC1,-1.1505276,0.012036051,0.596557596
TGFBR2,-1.1909422,0.012057934,0.597375738
PRKAR2B,-2.6436696,0.01209953,0.598902471
P4HB,-1.2678467,0.012120566,0.599409702
ARIH1,-1.1646296,0.012137869,0.599465077
C10orf10,-2.0146408,0.012172086,0.600354517
ALB,-1.2996322,0.01221509,0.601407824
C2orf69,-2.3318472,0.012274833,0.602746893
YEATS2,-1.2239164,0.012285903,0.602757777
CRTAC1,-1.8320346,0.012286547,0.602257596
ZRANB1,-1.2783304,0.012287187,0.602023414
DYNC1I1,-2.9698257,0.012305335,0.602646855
DCX,-2.7120411,0.012310309,0.602624858
SLC38A5,-1.9609137,0.012331757,0.603143392
TM2D2,-1.3236413,0.012338523,0.60294359
SLC5A8,-2.0291395,0.012353068,0.601801843
DOCK7,-1.8915323,0.012406604,0.602034512
P4HA3,-2.405479,0.012424194,0.602361996
ADAMTS18,-4.840628,0.012434942,0.602620193
SCHIP1,-3.330565,0.012465362,0.60383107
VGLL4,-1.301538,0.012483098,0.604163454
DPYSL4,-3.045366,0.012566112,0.607387572
AG2,-1.2945675,0.012596747,0.60781081
RSRC1,-1.6314759,0.012619595,0.608121109
LRRC34,-3.3704286,0.012647636,0.608680509
FAM19A1,-1.0800287,0.012679564,0.609161771
LOC727775,-1.0800287,0.012679564,0.609161771
KLB,-1.6972345,0.012741183,0.611065373
ADAMTS16,-1.3057905,0.012746972,0.611079259
SLC39A12,-1.3549366,0.012779638,0.611853398
LOC642852,-1.9794627,0.01278736,0.611959426
DTWD2,-1.1730711,0.01278829,0.61174047
CSNK1A1,-1.4463093,0.012800928,0.612081541
SELS,-1.4859929,0.012814061,0.612182694
TAS1R1,-1.2000382,0.01283971,0.612354954
CAV2,-3.2137,0.012861262,0.613119693
OMD,-1.8251094,0.012906241,0.614473082
LOC151878,-2.0659697,0.012924069,0.615058395
SLC25A36,-2.0428765,0.012938145,0.614938194
LGALS1,-1.861391,0.012948525,0.615168435
PLEKHA3,-1.322767,0.012951669,0.615054846
LOC100129096,-2.18938,0.012986313,0.615647653
POLD3,-1.5427516,0.012998849,0.615716578
SLC30A9,-1.1783364,0.013004749,0.615471347
TGFBR1,-1.8688661,0.013027145,0.61574457
ELAVL1,-1.7570689,0.013035055,0.615594721
BBX,-1.559498,0.013067371,0.616858718
TRAM2,-1.373255,0.013089814,0.617393651
SUSD2,-1.268403,0.013126126,0.618056985
CCT8,-1.2186221,0.013146255,0.61848067
SNAI2,-3.1097062,0.0131507,0.618427947
ZNF544,-1.2443846,0.01315701,0.618201461
RAB22A,-1.4758317,0.01316538,0.618072027
DBX2,-2.0795157,0.013208307,0.61956384
MUC13,-2.5527182,0.013244687,0.620223073
OR10A2,-1.2140294,0.013291548,0.621370065
SV2C,-1.6848308,0.013363045,0.623139578
PKHD1,-1.4315758,0.013365593,0.622996969
C4orf49,-1.4197142,0.013368907,0.622629087
XYLB,-1.4748034,0.013376457,0.622719765
LRTM2,-1.7462319,0.013377863,0.622524392
MAPK1IP1L,-1.3648851,0.013396233,0.622857589
AGPAT4,-3.642622,0.013418508,0.622850832
PITRM1,-2.9740348,0.013425541,0.622917066
SPON1,-7.0187416,0.01342907,0.622820781
MEG3,-2.5563512,0.013449499,0.6229882
ADAM17,-1.4417548,0.013459266,0.622921311
SACS,-1.2122943,0.013468301,0.623079933
F11R,-1.3171793,0.013469854,0.622892463
SLK,-1.0856236,0.013472396,0.622750877
TMEM30A,-1.6136006,0.013481093,0.622634852
PCDHGA8,-1.8123612,0.013492836,0.622401146
PCDHGB4,-1.8123612,0.013492836,0.622401146
LOC341689,-1.4781119,0.01350451,0.62268118
MOBKL1B,-1.3609176,0.013523444,0.623037184
LOC100130955,-1.1793765,0.013544492,0.62348987
GPAM,-1.6888261,0.013550927,0.62352779
C9orf123,-1.7569497,0.013553852,0.623146325
PIK3C2G,-3.5424008,0.013577804,0.623989392
ITGBL1,-3.7239685,0.013591956,0.624381517
HNF1A,-1.4576155,0.013592306,0.624139588
EXOSC3,-1.6128482,0.013600764,0.623754737
HELZ,-1.5771072,0.013622225,0.624223736
EDN3,-2.3401814,0.013626646,0.624168914
CLEC4E,-1.5992321,0.013640983,0.62405393
SLC16A8,-1.1802785,0.01365445,0.624412928
USP34,-1.308745,0.013675504,0.625118501
GNAO1,-1.1638241,0.01373307,0.626718667
ANXA5,-1.3551253,0.013812457,0.629307752
ABLIM1,-1.3903289,0.013813365,0.6290912
LOC100130433,-1.1752604,0.013848092,0.629383046
KIR2DS2,-1.2337066,0.01391546,0.6298687
GUCA2B,-1.6037706,0.013950061,0.630151479
GATAD2B,-1.3202207,0.013988031,0.631609904
ACVR2B,-1.4648767,0.014028653,0.632159753
GPR37,-1.7984632,0.014032016,0.632055012
LMAN1L,-1.1156647,0.014032569,0.6318238
PNMAL2,-1.2712566,0.014041881,0.631731173
KHDRBS1,-1.1313137,0.014058549,0.631458424
TRIML2,-1.5674878,0.01412061,0.633733643
IFIT2,-2.1647537,0.014202321,0.635092357
STT3B,-1.3258481,0.014203185,0.634875519
MUC4,-1.1357093,0.014204219,0.634666427
HOXD10,-4.119534,0.014225131,0.635345363
PTN,-5.1585593,0.014234535,0.635254734
CAMK2G,-1.2435266,0.014368676,0.638165633
DLGAP1,-1.8716847,0.014371998,0.638058149
LOC644397,-1.4408357,0.014397169,0.638920357
PSMA5,-1.0996637,0.014443637,0.639960242
DLL3,-2.722749,0.014460085,0.640433633
LOC100132815,-1.0605469,0.014461615,0.640246219
C6orf108,-1.2320362,0.014478076,0.64046468
LIPA,-1.3191115,0.014510712,0.641142698
PPP1R3B,-2.5053678,0.014539526,0.640886842
CNOT10,-1.108514,0.014576051,0.641479027
TMEM123,-1.6498162,0.014578107,0.641315534
AGTR2,-1.2161924,0.014595886,0.641589649
TMEM2,-1.8873627,0.014632224,0.642424606
KDM4D,-1.4311062,0.014633117,0.642210035
HNRNPR,-1.399853,0.014674214,0.643251547
PCSK6,-2.1255662,0.014684209,0.643182261
CCDC105,-1.3148141,0.014734415,0.644365371
ZNF395,-1.3096743,0.014736406,0.644198911
FBXO16,-1.3096743,0.014736406,0.644198911
RAP1B,-1.3664213,0.014759094,0.64443017
LOC643387,-1.1258098,0.014764254,0.644402267
LOC653506,-2.2827938,0.01476715,0.644275616
METRNL,-2.2827938,0.01476715,0.644275616
OSBP,-1.8672302,0.014768263,0.644071316
LOC653879,-1.2916483,0.014776781,0.643937335
C3,-1.2916483,0.014776781,0.643937335
PRND,-1.5261836,0.014792439,0.643610089
HLA-A,-1.8811065,0.014793688,0.643412529
LOC643634,-2.1777592,0.014800218,0.643193048
TPM4,-2.1777592,0.014800218,0.643193048
PAPOLA,-2.429511,0.014832609,0.643593922
TMX2,-1.6875786,0.014841998,0.643749943
OR4L1,-1.1069517,0.014852065,0.643935261
CDH13,-2.9371145,0.014864743,0.644233563
PPP2R5E,-1.3370136,0.014899559,0.644987817
PDSS1,-1.5700293,0.01489969,0.644742296
ATP8A2,-2.642022,0.014924727,0.645072144
CYP3A5,-1.597058,0.014946951,0.64578152
TXNDC5,-1.4034386,0.014959025,0.645800998
2-Sep,-1.3118273,0.014985498,0.646190737
MALL,-3.0443785,0.015016171,0.646259494
EXOC3L,-1.5010971,0.015034286,0.646538289
VN1R5,-1.1152956,0.015035514,0.646340961
RTKN2,-2.0281954,0.01505205,0.64680161
KCNG3,-1.6570851,0.015063413,0.646539846
FAM71B,-1.1771154,0.015078778,0.646949442
CHERP,-1.221484,0.015097431,0.646501649
PMP22,-1.8720232,0.015105623,0.646354325
SH2D6,-1.1384689,0.015124814,0.646428738
ZMYM5,-1.403271,0.015138801,0.646777774
MMP14,-2.5370488,0.015172409,0.647466819
LOC284214,-2.2992349,0.015186294,0.647562004
MPHOSPH10,-1.2201338,0.015205193,0.648119166
MED23,-1.480567,0.015219329,0.647976065
HRH1,-3.1999145,0.015295841,0.64973998
C16orf62,-1.280057,0.015315283,0.649820633
LOC84989,-1.163053,0.015335224,0.650170185
ARIH2,-1.2464885,0.015338834,0.65007521
KIAA1804,-1.3863184,0.015345934,0.650128202
TUBA3D,-1.1031994,0.01538539,0.650312166
IL13RA2,-2.837127,0.015386283,0.650102615
SLN,-2.564035,0.015387768,0.649918266
CCNA1,-6.2769866,0.015399048,0.650147573
PFDN2,-1.1824661,0.015457743,0.651882646
LOC100132938,-1.0859516,0.015465171,0.65170123
CNTNAP1,-1.1965575,0.015478859,0.652030818
SRRM1,-1.6882058,0.015519564,0.653497749
RCAN3,-1.5336148,0.015538949,0.653571026
ALG9,-1.2892053,0.015574807,0.65433622
C22orf28,-1.1766881,0.015587771,0.654633361
PARVA,-1.1217916,0.015596599,0.654756662
MEX3A,-2.8198175,0.015607093,0.654949764
HS6ST2,-1.4931605,0.015647839,0.656164066
ZNF37A,-1.4969809,0.01566067,0.655712392
NTM,-1.7535596,0.015666414,0.655705815
MCPH1,-1.3914953,0.015680928,0.656066186
EDARADD,-1.7002085,0.015700211,0.65662573
PRRG4,-1.9998353,0.015741366,0.658099246
ELTD1,-2.2786052,0.015745029,0.658004827
PDZRN3,-1.6946024,0.015785558,0.658460402
LOC84856,-1.4090292,0.015800362,0.658336571
WWC1,-2.0533292,0.01581318,0.658376915
DTX3L,-1.3835251,0.015834101,0.658754318
C7orf45,-1.3019897,0.015851356,0.658978776
PPAPDC1A,-7.8213143,0.015882548,0.659781836
LPIN2,-1.3224171,0.015891476,0.659906024
THSD7A,-1.806305,0.015944021,0.661346547
GLIS1,-2.5989861,0.015953279,0.661483658
OLFML2B,-1.6454725,0.015962599,0.661623246
LOC339524,-2.0290737,0.016015172,0.662566622
TTC17,-1.4727983,0.016029086,0.662402411
ADAMTS5,-7.952523,0.016039269,0.662084595
USP15,-1.7304605,0.016042215,0.661960269
MLL3,-1.7886058,0.016074978,0.663065977
BTBD3,-1.7792416,0.016132944,0.664470413
DYNLL2,-1.483215,0.016149896,0.664675868
PITPNC1,-1.6750982,0.016195334,0.665559935
HPSE2,-1.3885576,0.016207167,0.66530809
PCOLCE,-2.0539348,0.016209087,0.665141221
ZNF71,-1.3422503,0.016211626,0.664999806
ATL3,-1.4120638,0.016214452,0.664870319
RFK,-1.6497672,0.016251917,0.665915115
AQP7,-1.5572103,0.016267232,0.66556098
MCOLN3,-2.4878838,0.016271224,0.664989796
CDH23,-1.5099413,0.016278659,0.665049067
HAX1,-1.3352276,0.016286729,0.664889837
FOXF2,-3.5668402,0.016290427,0.66479658
ATXN2,-1.2031642,0.016294037,0.664699822
RNF152,-1.8061424,0.016303691,0.664605673
C21orf88,-7.42399,0.016346505,0.665374615
PDE4C,-1.0340387,0.01634807,0.665194657
SLCO4A1,-1.5898049,0.016362218,0.665526617
C1QC,-1.356436,0.016371798,0.665185862
WASF3,-3.3027115,0.016373227,0.665000752
HLA-F,-1.5512671,0.016392297,0.664560807
C6orf89,-1.4023253,0.016406708,0.664902476
RING1,-1.1257619,0.016410155,0.664799725
FAM100B,-1.3392322,0.016434446,0.665298709
NOL11,-1.3124087,0.016468626,0.665954573
CHST9,-6.005322,0.016473301,0.665901292
VCL,-1.6533833,0.016531304,0.666065284
DZIP3,-1.3633006,0.016539823,0.665684455
CORO1C,-1.829054,0.016546356,0.665465337
CPLX4,-1.4384692,0.016553421,0.665508628
EVC,-2.877621,0.016573348,0.666068756
HAS3,-2.4632928,0.016619994,0.666256701
TM4SF18,-2.8323522,0.01662791,0.666093471
DNER,-2.3259714,0.016648197,0.666425637
FTMT,-1.2928342,0.016694202,0.667545811
ASB7,-1.2540598,0.016694788,0.667329104
CRYAB,-4.723863,0.016724164,0.667782724
TRIM44,-1.2964907,0.016735377,0.667750545
TAT,-1.494316,0.016738002,0.66761556
MNS1,-1.4046302,0.016830373,0.669138289
LYAR,-1.3921057,0.016835181,0.669090075
CCDC89,-1.8639282,0.016848216,0.668890428
CPEB4,-1.3070904,0.016849536,0.668703925
CCIN,-1.6296114,0.016957405,0.670351357
ZMYM6,-1.2688687,0.016983769,0.67115484
TEX2,-1.4530193,0.016994293,0.670855014
RPL9,-1.594019,0.017000245,0.670851652
KHDRBS3,-2.9362986,0.017011556,0.670821551
DBC1,-4.769816,0.017019022,0.670877909
WNT6,-2.2629333,0.017068338,0.671392911
SALL4,-2.4085503,0.017110424,0.672096712
C21orf7,-1.514622,0.017151489,0.673233818
MAGEA8,-1.4298637,0.017151649,0.673002349
SPHKAP,-1.7840043,0.017157652,0.673000278
CEP63,-1.3770221,0.017178722,0.673588948
HS6ST1,-1.0981625,0.017188378,0.673729866
OAF,-1.7025958,0.017218315,0.674189839
LMBRD2,-1.2211298,0.017228993,0.674132892
DCP1A,-1.109781,0.017291616,0.676107037
EXPH5,-1.3737371,0.017310674,0.676614133
MATN3,-2.698989,0.017355,0.676680581
SRF,-1.3837552,0.017360061,0.676640479
SUPV3L1,-1.5644163,0.017368006,0.676712807
C9orf11,-1.1835539,0.01737687,0.676820868
C1QTNF1,-1.399751,0.017432573,0.677565518
C2orf79,-1.283506,0.017452561,0.677868216
GSTO1,-1.4081252,0.017460201,0.677927977
IGF2BP1,-1.5786091,0.017482217,0.678072034
FGF3,-1.2154633,0.017509508,0.678893588
PRNP,-1.7022173,0.017510227,0.678684686
ASAP1IT1,-1.5360519,0.017516792,0.678702406
C12orf66,-1.1627896,0.017529052,0.678704115
PACRG,-1.3435493,0.017569628,0.678855958
PANX1,-1.5254211,0.017571957,0.678709976
LOC642975,-1.5182085,0.017600198,0.679328533
SERPINB4,-1.3858111,0.017607407,0.679370776
C12orf39,-2.0139196,0.017615633,0.679216519
NCAPD3,-1.2195829,0.017618185,0.679079293
USP29,-1.384404,0.017622416,0.679006837
ERP44,-1.3954896,0.01764131,0.679499252
SCGB1A1,-1.0870731,0.01765938,0.679959542
LOC348761,-1.0421344,0.017779154,0.682914954
FTL,-1.2664553,0.017779698,0.682699869
ABCG2,-1.7045646,0.01779232,0.682712694
LASS6,-1.2163427,0.01780781,0.682599964
SLC2A3,-1.9434556,0.017815908,0.681969387
LMO7,-1.3275251,0.017822896,0.682001969
CRY1,-1.1577675,0.017848255,0.68203289
TPRG1L,-1.3235171,0.017854932,0.682053473
C22orf45,-1.3929574,0.01786074,0.682040879
ADORA2A,-1.3929574,0.01786074,0.682040879
KATNAL1,-1.9119774,0.017861154,0.681822389
APBA1,-1.0939083,0.017866222,0.681547612
KIDINS220,-1.4409024,0.017889045,0.681716166
S1PR3,-1.0651006,0.017913065,0.681696429
IAH1,-1.5742016,0.017925137,0.681455691
NRG1,-2.103141,0.017964918,0.681336371
RGS2,-2.1846573,0.01796569,0.681133183
CES3,-1.2315528,0.018034521,0.682578348
KCNK17,-2.1546526,0.018047587,0.682607893
CYYR1,-2.5331151,0.01806445,0.682548751
GPR110,-6.5131125,0.018074046,0.682447237
SCN2A,-2.5472898,0.0181247,0.683662931
BVES,-1.5417556,0.018127316,0.683529589
LOC340888,-2.0225492,0.018141634,0.683605576
LOC100133632,-1.7877425,0.018142509,0.683406805
ATP1B3,-1.9002825,0.018160446,0.683619002
CDH15,-1.5905542,0.018176115,0.68374559
AQP8,-1.1929783,0.01818197,0.683503063
PTRF,-3.2952282,0.018268292,0.685125698
DACT1,-2.139581,0.018292787,0.685581569
DFFA,-1.0662969,0.018299651,0.685607577
CSNK2A1,-1.3935305,0.018319765,0.685667637
LPAR3,-2.534353,0.018347377,0.686469906
DICER1,-1.9118007,0.018369074,0.686819197
ZYG11B,-1.119264,0.018373233,0.68628193
RBM25,-1.243146,0.018451895,0.687141412
CNIH3,-3.5501955,0.018475259,0.687090428
SNORD114-3,-1.700672,0.01848541,0.686778406
MYOM1,-1.3977374,0.01853215,0.688054815
KIF16B,-2.375675,0.018535372,0.687944592
ATP11A,-1.4062394,0.018546766,0.688137659
CRYBB3,-1.2527364,0.018571114,0.688351541
RAN,-1.4675249,0.018596344,0.689056846
ATXN3,-1.3405808,0.018612251,0.68941638
VWCE,-1.698977,0.018660676,0.690749618
SLC17A4,-1.4992238,0.01866321,0.69061336
THBD,-1.9941816,0.018681252,0.69082087
LOC728673,-1.3109728,0.018724051,0.691943021
MGC21881,-1.3109728,0.018724051,0.691943021
C3orf19,-1.8129023,0.018750096,0.692214911
EDN1,-2.8380244,0.018810352,0.693748018
CFHR5,-1.4439355,0.018810398,0.693519525
SIGLEC9,-1.0991813,0.018823267,0.693303897
LOC729020,-1.2934175,0.018836519,0.693332407
WNT5B,-2.5355515,0.018850355,0.693382323
AHDC1,-2.1157246,0.018870609,0.692751479
RFX3,-1.4706398,0.018883968,0.693012931
BDP1,-1.296241,0.018897997,0.693070005
AP4E1,-1.1568658,0.018908326,0.693220034
KCNG1,-2.126708,0.018912004,0.693126205
FOXJ2,-1.2319176,0.019031942,0.695915268
DPY19L2P4,-2.2719772,0.019043219,0.696098543
LOC100128590,-1.6001761,0.019057138,0.695691957
FABP5,-3.4519632,0.019062649,0.695664598
USP43,-1.8058453,0.019095606,0.696638567
YAP1,-1.4974331,0.019158684,0.6973372
MMRN2,-1.5070597,0.019217034,0.697860947
C15orf28,-1.1201681,0.01922596,0.697729058
GSTP1,-2.1384277,0.019229184,0.697618229
PARK2,-1.2438923,0.019240868,0.697586619
HNRNPU,-1.3334777,0.019306615,0.698602727
FREM3,-1.2596555,0.019342996,0.699236106
ARL8B,-1.7182037,0.019358938,0.699357384
MAP2,-1.7637143,0.019364633,0.698881475
PROC,-1.4669123,0.019374905,0.698571577
LARP1,-1.2280271,0.019378841,0.698486836
FZD7,-3.1881614,0.019404791,0.699195405
MAMDC2,-2.759828,0.019441821,0.699622227
C10orf18,-1.2575798,0.019444468,0.699490973
EFTUD1,-1.1908067,0.019446343,0.699105786
CC2D2A,-1.3678418,0.019463424,0.699267396
SLC6A20,-1.7145004,0.019497941,0.699602755
SLC1A1,-3.018457,0.019530676,0.700099121
SMAD2,-1.295598,0.019542632,0.700076057
LOC154822,-1.5615174,0.01961128,0.701404671
C11orf41,-8.636317,0.01962349,0.701389875
CDH6,-2.2747388,0.019626684,0.701278441
CLEC7A,-1.4328831,0.019641776,0.70114137
LMAN1,-2.192941,0.019661033,0.700928111
C9orf125,-3.3851817,0.019671731,0.701084602
MGC2889,-1.1961395,0.019677488,0.701064936
NPY2R,-2.0075781,0.019682326,0.701012549
IVL,-2.2897983,0.019696368,0.701287891
MFAP3L,-1.5445236,0.019733746,0.702168757
HS3ST1,-1.9595101,0.019738986,0.701905719
CACNA1S,-1.4047815,0.019752136,0.701924084
ZIM2,-1.6620009,0.01975927,0.701728798
IL17B,-1.9984238,0.019772949,0.701766028
CD14,-1.1964163,0.019779026,0.701757552
TMEM65,-2.1997318,0.019807862,0.701436902
CHSY3,-4.183386,0.019809425,0.700822256
LRRN1,-6.1321726,0.01984763,0.701057916
GRPEL1,-1.4009105,0.019852492,0.70100681
AGA,-1.1478232,0.019931512,0.702012475
ETV3L,-1.3223966,0.019933571,0.701862563
LACRT,-1.4582784,0.01994999,0.702218159
OR2Z1,-1.2150917,0.020005114,0.703267427
CNP,-1.3790326,0.020006935,0.703108981
KANK2,-1.375921,0.020013372,0.702668538
TCOF1,-1.4231946,0.020015734,0.702529499
SEC22A,-1.2382355,0.020029236,0.702337894
GRRP1,-1.4112451,0.020029814,0.701915171
TCF3,-1.6784117,0.020065881,0.702293194
OAS2,-1.4244393,0.020078955,0.702308385
PRSS1,-1.8651993,0.020093625,0.702379328
PRSS2,-1.8651993,0.020093625,0.702379328
ZNF527,-1.0407348,0.02013517,0.702505654
LOC149620,-1.2021861,0.020146049,0.702223786
PCDHB10,-6.7639046,0.020166951,0.702291491
WNT8A,-1.2991152,0.020198854,0.702741785
HEY2,-5.5327907,0.020302571,0.704365453
OPRK1,-1.8306552,0.020305636,0.70425193
C17orf39,-1.1798012,0.020321983,0.704159571
SCG5,-2.1255536,0.020347091,0.704370658
FXYD6,-1.8566706,0.020397643,0.70568096
BMP7,-2.5890353,0.020423435,0.706133603
KCNB2,-1.9479579,0.020424292,0.70594356
SPATA17,-1.2088021,0.020455911,0.706596907
PCDHGA12,-1.5436342,0.020538244,0.708120171
PCDHGA10,-1.5436342,0.020538244,0.708120171
RIMKLB,-1.1803039,0.020569539,0.708759348
ZXDC,-1.2462517,0.020569937,0.708553361
DCP1B,-1.2257347,0.020592713,0.70889839
CRBN,-1.2634326,0.020613118,0.709161474
GPAT2,-1.9349426,0.020622636,0.709269323
RNF144A,-2.3366175,0.020623146,0.708848067
WNT5A,-2.5756865,0.020630292,0.708874444
HLA-DRB5,-1.7343807,0.020631599,0.708700195
DOCK4,-1.3510343,0.020643271,0.708663017
SYNJ2BP,-1.342085,0.020696598,0.709616797
CDH12,-1.2514665,0.020696932,0.709409366
IFNGR2,-1.3189821,0.020734799,0.709831517
GATS,-1.3772467,0.020739143,0.709761575
CCDC6,-1.4439783,0.020776807,0.709520953
ZMAT2,-1.4387589,0.020817219,0.710028198
BHMT2,-6.9988294,0.020827431,0.710158519
OR6K2,-1.132461,0.020833821,0.710158496
KCNAB1,-1.231791,0.020834813,0.70997452
PCK1,-4.2336097,0.020860757,0.709770329
LRP12,-6.480515,0.020878502,0.71015666
ANKRD12,-1.597549,0.020894643,0.710270848
C14orf147,-1.6731197,0.020934945,0.711423202
SLC4A7,-3.0948448,0.02093601,0.711241891
FGF14,-1.6609625,0.020949476,0.711481837
PPP2R1B,-1.3821776,0.02096152,0.711673372
PCP4L1,-2.0356278,0.020961987,0.711471856
LOC652798,-2.0083785,0.02096461,0.711343628
PKP1,-2.0083785,0.02096461,0.711343628
CCL20,-1.8606237,0.020985065,0.711386006
ORM1,-1.9931906,0.020988843,0.711297108
RYBP,-1.8544497,0.021009854,0.711792087
GATA5,-1.1922687,0.021014129,0.711719917
HIST1H4B,-1.2479934,0.021046562,0.712167217
HOXA5,-3.13028,0.021068272,0.712251173
RAP1BL,-1.1798159,0.021078985,0.712180003
HBE1,-1.6192539,0.021113265,0.712471716
TMEM45A,-3.5882273,0.021121484,0.71188434
TGM4,-1.9430112,0.021126442,0.711835532
CAMK1D,-1.8818194,0.021140489,0.711661494
ZCCHC5,-1.3063735,0.02116074,0.712127486
PLOD3,-1.2478832,0.021160823,0.711914674
SLC35F1,-1.5947137,0.021173448,0.712123818
RNF128,-4.7935658,0.021196466,0.712035927
OASL,-2.2579906,0.021240768,0.712232305
NBEAL1,-1.6127981,0.021245989,0.712192463
RBPMS2,-2.0599492,0.021283676,0.712166808
FKBP14,-2.203367,0.021324043,0.712444867
C20orf72,-1.7621266,0.021363198,0.713324117
BMPR2,-1.232881,0.021367453,0.713037681
STAG3L1,-1.218007,0.021368044,0.712843343
BCAS3,-1.1368904,0.021420847,0.713961853
LAMC3,-2.2166803,0.021425292,0.713895862
OR51L1,-1.1953992,0.021501503,0.715576969
ITGA5,-1.7046086,0.021506401,0.71531152
VSIG10L,-1.5069728,0.02152214,0.71540674
RNF175,-2.2465358,0.021528343,0.715398927
FAM45B,-1.3615595,0.02156394,0.716367631
FAM45A,-1.3615595,0.02156394,0.716367631
LOC100128010,-1.0832106,0.021585613,0.71665913
AGTR1,-2.925485,0.021588518,0.716541489
HERV-V1,-1.5746101,0.021589508,0.716360361
ETV4,-1.7858652,0.021673699,0.718081826
CTXN2,-1.8028053,0.021685654,0.718263749
ERC2,-1.4437577,0.0216966,0.718412193
IFNA21,-1.4085392,0.021707489,0.717917055
P4HA2,-1.4822557,0.0217104,0.717586187
TPPP,-1.6423364,0.021711928,0.717423306
RCAN2,-3.8187883,0.021727979,0.717313779
GMPS,-1.5681823,0.021735328,0.717343292
LOC100131646,-1.2708358,0.021737692,0.717208304
LOC100130054,-1.5682319,0.021793585,0.718199462
TNIP3,-1.5657418,0.021794295,0.718009908
OR2L13,-1.5892166,0.021833833,0.718673277
MAP1LC3B,-1.3300401,0.021837071,0.718567037
ADAMTS14,-2.7167542,0.021872052,0.718866617
ARSB,-1.3993866,0.021878689,0.71844727
TSFM,-1.1696209,0.021910062,0.718628051
RPLP0,-1.3454574,0.021910139,0.718418533
OPRL1,-1.1882528,0.021917272,0.718440409
FSTL4,-1.1576583,0.02192097,0.71834975
C12orf63,-1.621625,0.021947019,0.718144457
C1orf126,-1.5444599,0.021954772,0.717764094
ATF6B,-1.1580039,0.0219679,0.717559939
TBC1D20,-1.4187704,0.021992968,0.717745847
IPPK,-1.6781589,0.022001529,0.717603724
CENPP,-1.6781589,0.022001529,0.717603724
CSGALNACT1,-1.9852107,0.022027142,0.717807075
MAGI2,-1.9079195,0.022088717,0.718759749
TRPA1,-2.619585,0.022090852,0.718618771
ATG5,-1.2963389,0.022119695,0.71913601
S100A3,-1.6500255,0.022123969,0.719064571
RILPL1,-1.2234771,0.022131138,0.718877081
TMEM35,-1.3124222,0.022141369,0.718579249
TXNDC6,-1.5898094,0.022166064,0.718960735
LOC572558,-1.3044416,0.022174231,0.718806028
CLDN19,-1.4580078,0.022176037,0.718654932
TCN2,-1.968905,0.022179647,0.718562376
STX17,-1.6210864,0.022185701,0.718339655
PNP,-1.4915045,0.022226681,0.718828718
RUSC2,-1.616228,0.022235235,0.718896123
ASAP1,-1.1538061,0.022257215,0.719188295
SMAP1,-1.3779753,0.022257551,0.718990085
B3GAT2,-1.3779753,0.022257551,0.718990085
NDUFS5,-1.4013555,0.022316032,0.719832935
CBLN1,-1.4636688,0.02231744,0.719669427
ZRANB2,-1.4231225,0.022340623,0.719999153
SCN2B,-1.4453126,0.022346057,0.719756792
GRAMD3,-1.5431845,0.022347311,0.719588589
PTPRZ1,-4.7902145,0.022348779,0.719427386
GRLF1,-1.7745467,0.02247128,0.72169828
BEND7,-6.8736734,0.022488434,0.721831954
PDXK,-1.1670581,0.022495195,0.721840459
TF,-1.3025997,0.022529267,0.720852223
STOX2,-5.3478765,0.02258063,0.722079828
NEFL,-1.4316187,0.022582575,0.721726625
INE1,-1.2077361,0.022619359,0.722486641
GSTM1,-2.4336658,0.022623315,0.722405342
LIFR,-1.4184755,0.02263913,0.72208038
MSR1,-1.3870782,0.022678062,0.7220786
ANKRD36BP1,-1.108799,0.022691206,0.722290157
FKBP7,-2.4724743,0.022702714,0.722449523
TANC1,-1.3676091,0.022773303,0.724073755
ZFAND5,-1.6711802,0.022790897,0.72421871
JOSD1,-1.3953192,0.022814139,0.724542902
RAD23A,-1.3546673,0.022814817,0.724357405
LMOD1,-2.2723293,0.022816706,0.724210455
TEAD1,-2.4276855,0.022827164,0.724335506
LOC100133042,-1.5328238,0.022827341,0.724134341
HEATR6,-1.6000967,0.022850847,0.723846832
AKR1B1,-1.3488005,0.022859376,0.723704411
C21orf89,-1.2654619,0.022870926,0.723245836
PSPH,-3.0176713,0.022874488,0.723152689
CSF3,-1.0877002,0.022953843,0.724219163
ABLIM2,-1.3767694,0.022984156,0.724352898
CFHR2,-1.6298922,0.023013468,0.725071055
TMEM117,-2.7245054,0.023034246,0.725108913
XCR1,-1.1554637,0.02304914,0.72537231
C1orf70,-1.7170731,0.023061813,0.724949875
RPS19,-1.4875903,0.023071853,0.725060382
TULP1,-1.1126633,0.023102595,0.724796625
SEH1L,-1.449949,0.023214708,0.726059102
DCAF16,-1.824838,0.023259777,0.726854958
RUNDC2A,-1.2296139,0.023270114,0.726973533
HOXA11AS,-1.9565892,0.023279182,0.727052415
SLC27A6,-2.862007,0.02331988,0.727301445
PPM1F,-1.467888,0.023334502,0.727349176
CREB5,-3.494954,0.023345383,0.727484291
GAPDH,-1.6887823,0.023350413,0.72723318
S100A7,-3.315618,0.023390344,0.727864791
CPEB1,-2.3999376,0.023404589,0.728104176
NOTCH3,-1.2728169,0.023466521,0.728806656
C1orf52,-1.5420812,0.023469139,0.728684308
BOC,-5.223776,0.023470524,0.728523741
PXDN,-2.1792886,0.023471741,0.728358083
PMAIP1,-1.6949545,0.023501733,0.728678302
CD55,-3.0289333,0.023520584,0.728652868
EIF2AK2,-2.5841057,0.023570114,0.729577087
JAG1,-2.3270948,0.023572193,0.729438263
ECE2,-1.1114954,0.023584314,0.729407119
EMCN,-1.875774,0.02361621,0.729784245
FOXL1,-1.4950933,0.02364626,0.729698231
GRID1,-2.34115,0.023661849,0.729976584
EGFR,-2.7564042,0.023700337,0.729745773
C17orf58,-1.2584369,0.023721132,0.729779457
SEC14L3,-1.8628232,0.023772981,0.730767641
PSMC1,-1.2018476,0.023835564,0.731881577
PTCHD1,-2.9365244,0.023843618,0.731926616
SLC2A14,-1.9856745,0.023917276,0.73317503
BSPRY,-1.523157,0.023933576,0.732664115
RBP7,-3.412733,0.023986537,0.733275373
MANF,-1.2344359,0.024000547,0.73350188
MLLT10,-1.1271001,0.024021133,0.733525782
ISL1,-1.3013602,0.024029506,0.733378423
NSD1,-1.4048314,0.024035938,0.732970769
RPS8,-1.19233,0.024056659,0.73340141
METTL1,-1.2605257,0.024056681,0.733200924
PODN,-1.0789146,0.024090133,0.733415853
SOBP,-3.2536647,0.024090283,0.73321954
B4GALT4,-1.1016943,0.024110246,0.733425372
C21orf90,-1.2519089,0.024113344,0.733318855
C20orf160,-1.6996398,0.024114459,0.733152133
SETD5,-1.210221,0.024122942,0.733008945
CDS2,-1.7218442,0.024154543,0.732566936
C15orf51,-1.0946195,0.024220264,0.733959201
PCDHB19P,-1.1770716,0.024222597,0.733829798
STT3A,-1.3097628,0.024259386,0.734343708
ZBTB38,-1.5608903,0.024385145,0.735945271
TOMM22,-1.2247509,0.024455609,0.736671358
NXPH2,-1.2595942,0.02448528,0.736367469
FSD1,-1.2022212,0.024505813,0.736387099
C4orf42,-1.2134358,0.024537926,0.736356469
PCDH18,-3.1555855,0.024558031,0.736363222
GPX2,-1.5886471,0.024580027,0.736625222
LOC100130938,-1.6135399,0.024596377,0.736320891
LOC730755,-1.1784859,0.024601638,0.736081815
PGM1,-1.719427,0.024604152,0.735958873
RGS17,-2.6362257,0.024607875,0.735674186
INA,-1.6652582,0.024612622,0.735618179
SUPT16H,-1.1819959,0.024636005,0.735723411
KRTAP13-2,-1.229252,0.024636375,0.735536776
KLRAQ1,-1.2205694,0.02463717,0.735362938
TUBB6,-6.489897,0.024686874,0.735858247
GNG11,-2.1636922,0.024691981,0.73581309
CCDC90B,-1.6125184,0.024705728,0.735828088
PDZD2,-3.1834838,0.024715927,0.735934618
PANX2,-1.2913344,0.024716309,0.735748837
WDR81,-1.129975,0.024717859,0.73559793
BCAT1,-5.3676844,0.024740688,0.735686225
COL8A2,-2.5344698,0.024779698,0.736452083
SLC2A13,-2.4004717,0.024790843,0.736389431
HORMAD1,-2.114674,0.024807644,0.73629804
PCDHB4,-4.303981,0.024820161,0.736276221
CXADRP2,-3.3125443,0.024845431,0.735847249
LIMS3,-4.634034,0.024847868,0.735723321
C5orf41,-1.3712924,0.024849094,0.73556363
ATP9A,-1.377685,0.024852893,0.73548016
IGFL2,-6.0883994,0.024857379,0.73541706
DACT3,-2.6349232,0.024857593,0.735227648
NCRNA00086,-1.2382214,0.024879055,0.735666651
NCRNA00087,-1.2382214,0.024879055,0.735666651
OR10W1,-1.2279788,0.024942917,0.736183728
COL11A2,-1.2047276,0.024945565,0.736066383
DNLZ,-1.1927813,0.024946679,0.735903838
SEC14L1,-1.3099365,0.024956914,0.736010403
SAE1,-1.0578568,0.024981979,0.736358737
AMOT,-1.289408,0.025121079,0.739086486
NACC2,-1.9465845,0.025214047,0.740253781
PPP4R2,-1.7962354,0.025229242,0.740308716
KLF14,-1.2014697,0.025248057,0.740469747
TGIF2LY,-1.3152015,0.025248522,0.740288001
TGIF2LX,-1.3152015,0.025248522,0.740288001
KLHL24,-1.5081064,0.025260532,0.740249509
PLEKHM3,-2.8119628,0.0252827,0.740508567
TEKT4,-1.3331459,0.025299861,0.740425715
ARL6,-1.70366,0.025311958,0.740194916
NUP62CL,-6.7098627,0.025314563,0.74007635
TBC1D1,-1.4516609,0.025345768,0.740209655
CLIC3,-1.2876201,0.02549973,0.741781799
ANKRD36B,-1.7248238,0.025512535,0.74137798
SLAMF9,-1.9252558,0.025583338,0.742270835
FIGF,-2.1432061,0.025610549,0.742091537
ACTN2,-3.5332844,0.025631376,0.742114483
C6orf106,-1.780757,0.0256916,0.742697106
ISCA1,-1.5464061,0.025708326,0.742987349
ISCA1P1,-1.5464061,0.025708326,0.742987349
PRTFDC1,-2.4274418,0.025724422,0.743066025
LOC100131851,-1.1139396,0.025742738,0.743208699
LOC100130751,-1.1139396,0.025742738,0.743208699
SCT,-1.4885317,0.025759878,0.743317313
KCNA6,-1.2694725,0.025760096,0.743130616
ABCA10,-1.0850978,0.025775019,0.743175262
SYT13,-15.2003975,0.025800282,0.742747344
CBWD5,-1.1527083,0.025817747,0.742672909
C18orf45,-1.5088298,0.025889182,0.743572906
PARP14,-1.98317,0.025900433,0.743511709
C7orf57,-1.9101,0.025945852,0.744430915
MAP3K13,-1.1713821,0.025952335,0.744424702
IFIT5,-1.5887456,0.025954856,0.74430489
GOLIM4,-3.3607023,0.025957205,0.744180208
RNASE8,-1.1500229,0.025967268,0.744276694
NCRNA00205,-1.816527,0.025977259,0.744179167
RFC1,-1.839586,0.026012025,0.74440748
ALDH1L2,-1.943987,0.026012205,0.744220986
CTAGE3,-1.5690284,0.026036787,0.744540883
LOC643637,-2.4379816,0.026039605,0.744429894
PPARG,-4.0965486,0.026089183,0.744697745
ERO1L,-1.5872304,0.026123308,0.744524326
GULP1,-5.1800327,0.026144592,0.744558036
LOC647030,-1.3811134,0.026153806,0.744438875
EEF1B2,-1.3811134,0.026153806,0.744438875
C9orf53,-1.4913896,0.026193365,0.744992401
ACE2,-2.2384665,0.026224858,0.745506508
SGCA,-1.360018,0.026255154,0.745986046
ANKIB1,-1.4803057,0.026255868,0.745815646
HIF1A,-3.6130645,0.02627003,0.746027237
ADAMTS9,-3.4580698,0.026286478,0.746112975
LSM1,-1.9495773,0.026371438,0.747379053
DKK3,-1.4389056,0.026382478,0.747501307
SRPX,-4.109193,0.026387427,0.747450931
PHAX,-1.2513679,0.026420096,0.747994989
LOXL4,-1.1436198,0.026467028,0.74817999
GNB2L1,-1.056285,0.026492186,0.74832007
PGC,-1.5697639,0.026500914,0.748376396
SHC4,-3.2974153,0.02652836,0.748580751
PRKCDBP,-2.1702306,0.026535701,0.748407801
ISG15,-2.3307927,0.026538668,0.748111708
SPTLC3,-1.3064705,0.026608146,0.749120087
DGKZ,-1.4174201,0.026637877,0.749387533
STON1-GTF2A1L,-2.6178281,0.026714501,0.750024121
GTF2A1L,-2.6178281,0.026714501,0.750024121
RCN2,-1.6941894,0.026760212,0.750738453
EPHB1,-1.848483,0.026836738,0.751178545
ZNF821,-1.290152,0.02689648,0.752471697
GDAP1L1,-1.3065449,0.026908985,0.752632059
XRN1,-1.2341361,0.026914116,0.752586133
PRDM1,-1.6891876,0.026933239,0.752931398
QPCT,-3.8348742,0.026942719,0.752250192
C19orf66,-1.356211,0.026946358,0.75197392
GRP,-13.923703,0.026985573,0.752501342
ANKRD18B,-1.814814,0.027004928,0.75247457
NXN,-3.981703,0.027073268,0.753057021
ZNHIT6,-1.4197901,0.027093866,0.753252863
ADAMTS2,-1.6196638,0.027142222,0.753466185
TNFRSF4,-1.9593906,0.027179843,0.75413375
FAM181B,-1.5123266,0.027188537,0.754186682
SLC31A2,-2.5044618,0.027205563,0.754470608
UBE2K,-1.2691295,0.027209057,0.754379245
CHRM2,-1.3072718,0.027226523,0.754487014
PPP1R3F,-1.2086989,0.027226583,0.754300571
CAMSAP1,-1.3989291,0.027232893,0.754287322
C3orf36,-1.4030602,0.027235599,0.754174309
GALC,-1.7088065,0.027269294,0.754731204
CEP192,-1.3103765,0.027283653,0.754940584
CLDN17,-1.2869188,0.027302391,0.754707353
LRP4,-2.5745955,0.027320714,0.754838324
C11orf70,-2.404261,0.027342296,0.755059127
GCKR,-1.4241276,0.027356022,0.755250481
MUC7,-1.2642665,0.0273824,0.755415712
CDH5,-1.6007063,0.02739264,0.755510627
NPR1,-1.6057118,0.027428835,0.755571264
TOMM20L,-1.2425582,0.027441839,0.755554871
ERN1,-2.0690541,0.027500155,0.75641082
WDR63,-2.2452884,0.027525008,0.756532645
CHRNA1,-1.9487872,0.027549767,0.756838749
STXBP4,-1.2914517,0.027554224,0.756774099
AGMAT,-1.520566,0.027571262,0.756494164
FGD4,-2.0763683,0.027594605,0.756201059
H19,-2.3805869,0.027622271,0.756586045
FAM125B,-1.5989465,0.027638692,0.756290181
C17orf54,-1.1587671,0.027645877,0.756300542
CRISP2,-2.0416386,0.027646774,0.755952862
MAGEA10,-1.5380601,0.02766733,0.756142814
ZNF25,-1.4579804,0.027667519,0.755962063
NKD1,-2.798443,0.0276783,0.756070725
LOC283859,-2.798443,0.0276783,0.756070725
ADCY5,-1.7540325,0.02768875,0.756170305
APPL1,-1.4208292,0.027705356,0.756252101
LOC158257,-1.1261982,0.027710429,0.756204815
RNF217,-3.5466025,0.027754057,0.756466526
LOC401097,-6.3238497,0.02778609,0.756968302
MMP20,-1.3578593,0.027794012,0.756627637
KCNN4,-1.4308491,0.027800725,0.756625031
ASPM,-1.1031381,0.027821106,0.756623782
JMY,-1.6491808,0.02782864,0.756458401
CLDN11,-1.1862932,0.027831718,0.756357064
CLDN10,-1.9137809,0.027846435,0.755832784
CPM,-2.9516547,0.027846991,0.755663287
ZFP2,-1.3591733,0.027859394,0.755630819
NMI,-1.9006312,0.027875205,0.755322204
TIMP2,-1.867386,0.027883412,0.755176321
QTRTD1,-1.4669331,0.02789583,0.755328527
C3orf70,-2.8407135,0.027906225,0.755425919
PTPRM,-3.1275313,0.027953972,0.756165838
GIMAP4,-1.356825,0.027978234,0.756453849
HBEGF,-1.6973268,0.027987498,0.756336264
MED8,-1.2651604,0.028011586,0.756619231
RHCE,-1.6337441,0.028024452,0.756598934
C4orf46,-1.1466161,0.028026032,0.756457805
TBC1D29,-1.3755538,0.028033049,0.756096249
S100A9,-2.10567,0.028040863,0.756123474
HINT3,-1.4540461,0.02807638,0.756713948
C6orf59,-2.1636539,0.028097822,0.757108219
L1TD1,-1.4011275,0.028115755,0.757224196
PPM1E,-1.7139987,0.028138321,0.757097971
IFIT3,-2.129421,0.02817435,0.757150749
RLIM,-1.4256536,0.028181101,0.756966047
EIF2A,-1.807601,0.028188353,0.756612168
PCDHGA2,-1.9735332,0.028202615,0.756629458
SWAP70,-1.1751169,0.028218029,0.756860261
NDRG1,-1.7465211,0.028284669,0.757003204
BCHE,-2.7986276,0.028287865,0.756906433
NAT8B,-1.1039476,0.028295167,0.756919561
ADPRH,-1.328868,0.028300873,0.756889983
OTOA,-1.4571286,0.028313154,0.757036236
LARS,-2.3187084,0.028364033,0.758031858
PMCH,-1.4920232,0.028429617,0.758325564
RHAG,-1.513871,0.028452846,0.758580994
FAM124B,-2.0475287,0.028453406,0.75841397
C5orf23,-3.3652027,0.028550553,0.75918236
GRM1,-1.3428948,0.028550864,0.759008999
ARCN1,-1.3076042,0.028574208,0.759266315
GATA1,-1.2020408,0.028575188,0.758929392
DDX3Y,-1.2960821,0.028597308,0.759335399
TULP3,-1.7791528,0.028620471,0.759043572
CLTCL1,-1.5427839,0.02862719,0.758678565
PCDP1,-1.327552,0.028646267,0.759003131
PRG4,-15.92652,0.028660686,0.759023211
TPR,-15.92652,0.028660686,0.759023211
MT3,-1.1140023,0.028724318,0.759983914
NRXN2,-1.1394819,0.028757022,0.760125253
DDX52,-1.4774678,0.028762003,0.76007612
CNOT7,-1.8680227,0.02877509,0.760241155
COL11A1,-22.242693,0.028811348,0.760656541
ATF3,-3.0817237,0.028812819,0.760514701
RFWD3,-2.2647595,0.028816553,0.760432639
KIF5B,-1.2058398,0.028833003,0.760686075
ENTPD1,-1.3821268,0.028854052,0.760880107
TMEM90A,-1.3251358,0.028866,0.760834089
HLF,-7.264098,0.028869054,0.760734149
MRPL3,-1.3321484,0.028898713,0.761154707
ACVRL1,-1.0530812,0.028924412,0.761470615
PKD1L1,-1.3913835,0.028933886,0.761359275
HNRNPA0,-1.2298795,0.028934147,0.7611859
PPAPDC3,-2.1752698,0.028959094,0.760941452
ERRFI1,-1.2509892,0.02906689,0.761972161
LZIC,-1.0773275,0.029131926,0.7620591
KGFLP1,-1.9289571,0.029164106,0.761824849
LOC100132771,-1.9289571,0.029164106,0.761824849
FBXO39,-1.294415,0.029168079,0.761749571
GOLGA6L5,-1.7395854,0.029181768,0.761928009
IL18BP,-1.0247461,0.029202491,0.761753135
STXBP6,-2.9460237,0.02923116,0.761607069
SOX4,-1.4065812,0.029234759,0.761522309
LOC255480,-2.7676105,0.029250338,0.761571072
LOC100134317,-4.569254,0.02930335,0.761880231
LOC284412,-4.569254,0.02930335,0.761880231
RNF138,-1.224283,0.029324601,0.761897977
CYP26B1,-4.8642044,0.029337625,0.761524142
PTPN12,-1.316406,0.029340465,0.761242231
ULBP3,-1.7096912,0.029380605,0.761750098
TMSB15A,-6.553869,0.029391357,0.761851135
TSHZ2,-3.4118454,0.029437526,0.761626577
CHST6,-4.3713717,0.029446554,0.761151293
RAB43,-1.1104462,0.02946641,0.760956515
MLL5,-1.0589845,0.029474321,0.76098397
OLFM2,-1.3909466,0.029481841,0.760824584
KDSR,-1.2904122,0.029482343,0.76066089
CPNE8,-2.3304653,0.02948276,0.760495058
FAM160B1,-1.2213777,0.029489927,0.760326946
PGAM1,-1.1210965,0.029516022,0.760294127
C14orf23,-1.3916267,0.029517012,0.760143446
SPACA3,-1.3007582,0.029520256,0.760050841
S100A10,-1.8043263,0.029529755,0.759943241
MMP28,-3.0275197,0.029532841,0.759846698
OR51E2,-1.9947783,0.029550316,0.759944401
CEBPG,-1.5264143,0.029620203,0.760685428
C1orf163,-1.9493884,0.029630001,0.760409842
TSTD2,-1.1367998,0.029689675,0.760886929
CLIC6,-4.339072,0.029712601,0.761123409
KIAA0494,-1.6376292,0.029728315,0.760999671
FER,-1.4134521,0.029731967,0.760917862
HAMP,-1.3803439,0.02974517,0.760905286
CCDC65,-1.3798357,0.029801137,0.761460516
C6orf192,-2.550389,0.029816016,0.761490486
NDUFA8,-1.516684,0.029823775,0.761513646
KLHL18,-1.1893516,0.029832051,0.761549957
ASB10,-1.1584158,0.029834197,0.761429835
KDM4A,-1.6744158,0.029839972,0.761402341
LOC401233,-3.881568,0.029844541,0.761169356
TMED7,-1.6548817,0.02984649,0.761044415
NAPG,-1.9372182,0.029877485,0.761659956
LDHB,-1.6210591,0.029888365,0.761238782
C1orf96,-2.4781494,0.029934207,0.761010954
WDR36,-1.4918444,0.030000601,0.762175762
GPBAR1,-1.4660034,0.030016681,0.762409978
PENK,-1.6192557,0.030073824,0.762641152
DBNDD1,-1.2339332,0.030096679,0.762698577
C7orf33,-1.4897041,0.030157687,0.763548108
CNTN4,-1.5715019,0.030161629,0.763473959
KRTAP9-3,-1.2355902,0.030169287,0.762972605
CALCB,-1.4827175,0.030252834,0.764042194
MMP16,-1.8324949,0.030290074,0.76394097
DENND1A,-1.5713787,0.030290467,0.76377752
OLR1,-2.337601,0.030308885,0.764068574
CTSB,-2.5506682,0.030329071,0.764404031
LOC646626,-1.3515373,0.030382169,0.764009457
RIF1,-1.6167141,0.030387579,0.763799798
MTMR4,-1.5246218,0.030389319,0.763670808
TMEM217,-1.7037483,0.030418363,0.763882423
OR52A1,-1.1893128,0.030450262,0.76382043
PRUNE2,-3.9658985,0.030459732,0.76371317
PDE12,-1.1430694,0.030467182,0.763727653
CDCA7,-1.935339,0.030505763,0.763833242
GNRHR,-1.2060963,0.030533787,0.764018475
KIFC3,-1.5808526,0.030576248,0.764392434
ZFHX3,-1.8511311,0.030611794,0.76442122
SLC30A7,-1.3649012,0.030634746,0.764135788
ALDH1A3,-6.4751616,0.030642002,0.764145248
NCS1,-3.7684076,0.030676153,0.764482198
IRX1,-1.8680537,0.030681467,0.764443209
C16orf70,-1.0938091,0.030687082,0.764240397
PCDHGB3,-1.3687419,0.030689499,0.76412934
EGFLAM,-2.1337624,0.030749274,0.764932078
NEUROD6,-1.1011885,0.030760707,0.764874029
BAIAP2,-1.8166163,0.030782238,0.764895933
AATK,-1.8166163,0.030782238,0.764895933
PRKAG2,-1.39708,0.0308018,0.764698031
MECP2,-1.1392376,0.030810942,0.764412665
WHAMML1,-2.1614492,0.030813306,0.764300678
PDGFRL,-9.662022,0.030844778,0.764228379
PF4,-1.1347325,0.030873502,0.764258444
APBA2,-1.3942802,0.030895517,0.764292652
MFN2,-1.3634783,0.030905481,0.764198872
SLC1A6,-1.8016081,0.030927911,0.764583372
DPYSL2,-1.810481,0.030931249,0.764495813
SIGLEC1,-1.1670542,0.030940199,0.764207096
FAM136A,-1.4811633,0.030950226,0.763945361
LOC390806,-1.4811633,0.030950226,0.763945361
EDNRA,-2.3766785,0.0309719,0.764310556
LOC100134663,-1.1675637,0.03098907,0.764564471
LOC100128364,-1.1675637,0.03098907,0.764564471
PPP1CB,-1.1761167,0.031066225,0.764600694
FBXW7,-1.2831013,0.031079572,0.764759796
SLC5A6,-1.2978094,0.031088538,0.764641801
USP31,-2.4474432,0.031094364,0.764446695
WTAP,-1.0692117,0.03113275,0.764375732
ABI2,-1.5160466,0.031133203,0.764218016
LGMN,-1.3186803,0.03117066,0.764293302
ANO7,-1.2492859,0.031214159,0.764011239
TPST2,-1.948789,0.031225539,0.763953219
DDR2,-2.4755416,0.031253397,0.764298253
PMP2,-1.3132172,0.031266287,0.764445243
KCNQ1DN,-1.4504231,0.031276631,0.764361801
PDE9A,-1.4837866,0.03131211,0.764724319
GNAI1,-2.0760565,0.031340347,0.764741626
PM20D2,-2.68644,0.031354689,0.764420173
WDR1,-1.2374932,0.03136497,0.764335425
RPL23AP53,-1.1724124,0.031380856,0.764219779
MGC2752,-1.1724124,0.031380856,0.764219779
XRCC2,-1.6252702,0.03140919,0.764407236
KLK4,-1.7156075,0.031436941,0.764747632
DNAJB14,-1.4780045,0.031499727,0.765604592
TSPAN18,-2.6516738,0.031538476,0.765876314
ASAM,-1.7781397,0.031549399,0.765806884
LOC100128139,-1.2731924,0.031552063,0.765537097
DUSP23,-1.6244409,0.031568138,0.765592788
PODNL1,-3.9463215,0.031575324,0.765599978
FOXC1,-5.21349,0.03158997,0.765788005
LOC283143,-1.2623066,0.031590437,0.765632307
DNAJC10,-1.7603992,0.031598902,0.76567047
IL22RA2,-1.7860199,0.03160304,0.765603788
YBX1,-1.355382,0.031605661,0.765500404
ZC3H12C,-2.5202088,0.031622717,0.765746597
LOC100132618,-1.5066241,0.0316658,0.765788605
FOSL1,-1.3371223,0.03170432,0.766219909
ETV6,-1.8498157,0.03172549,0.766564836
RRBP1,-1.7907352,0.031750462,0.76650154
SLC2A12,-3.0888126,0.031783878,0.766642051
TXLNA,-1.1651263,0.031825765,0.766986432
YSK4,-1.3177111,0.031851102,0.767264266
LOC283454,-7.4273295,0.031860023,0.766980366
LOC727983,-1.1076677,0.031881588,0.767167118
CELF1,-1.3909643,0.031883704,0.767051924
ARHGAP21,-1.516698,0.031912838,0.767088533
CCDC25,-1.4419783,0.031915295,0.766981685
TGFBI,-1.2935297,0.031919833,0.766924888
MFAP2,-2.6719744,0.031928424,0.766634022
MED19,-1.7646713,0.031940405,0.766590407
RALYL,-1.239588,0.031944853,0.766366122
RPL27A,-1.2719355,0.031946814,0.766082403
GDEP,-1.0855479,0.031947586,0.765935612
POLR3B,-1.3317784,0.031959948,0.766066725
SPRED1,-1.44553,0.031978408,0.766013508
TUB,-4.0717926,0.031987733,0.766071727
B3GALT5,-1.1059451,0.032000294,0.766207438
MMRN1,-1.0845739,0.032071658,0.767254856
GP9,-1.163593,0.032083249,0.767201826
GNA12,-1.0994382,0.032083773,0.767049281
CNN1,-5.8398423,0.032100886,0.767128337
NECAB1,-3.013362,0.032106406,0.767095285
RNF19A,-2.2835548,0.032168479,0.767588125
SLC1A3,-2.0515454,0.032212021,0.76747349
PCDHB7,-1.5187081,0.032242574,0.767707633
RGN,-3.5771716,0.032252418,0.76777751
GTF3C4,-1.3171517,0.032270099,0.767540714
CNGB3,-1.3565074,0.032282823,0.767186521
TASP1,-1.3920214,0.032338262,0.767683111
TMEM61,-3.1664612,0.032344547,0.767504395
PDCL2,-1.4228282,0.032405753,0.768136628
NFE2L1,-1.2995938,0.032428719,0.768025699
HTRA4,-2.7084572,0.032459447,0.768098627
QSER1,-1.6930888,0.032539724,0.768525348
SLC13A3,-2.2909012,0.032543682,0.768455503
LOC100128644,-1.1141486,0.032544687,0.768152761
ZC3H18,-1.2551223,0.032577791,0.768607621
GOLT1B,-1.31327,0.032618353,0.768748508
KIR2DL4,-1.1250046,0.032637396,0.769034213
ADCY10,-1.7051727,0.032637889,0.768882785
FRMD1,-1.0974386,0.032649178,0.768985717
ADAMTSL1,-1.1929212,0.032653434,0.768922982
RUNDC3B,-2.2832634,0.032656282,0.768827126
BICD2,-1.466039,0.032656766,0.768675656
LTA,-1.2036374,0.032679507,0.768885213
CLDN16,-1.1848532,0.032686723,0.768729457
AQP4,-1.4489782,0.032709135,0.768931074
TMEM45B,-1.9020709,0.032718263,0.768820364
OR4C15,-1.0750349,0.032719893,0.76869612
MITF,-2.3158822,0.032719963,0.768535279
GAS1,-7.76423,0.032755183,0.768712597
TEX10,-1.5734764,0.032755481,0.768557294
ARHGEF15,-1.3462777,0.032778633,0.768289388
STARD6,-1.2000579,0.032781879,0.768203444
COL9A1,-1.2794317,0.032804638,0.768088876
TMEM159,-1.7785596,0.032860259,0.768096454
PRPH2,-3.002106,0.032867844,0.768112179
CEACAM19,-1.102754,0.032871329,0.768032102
CSNK1G3,-1.7066658,0.032922722,0.768747984
KCNH3,-1.2426686,0.032930242,0.768762028
ATP5H,-1.0669359,0.032949031,0.76871619
ZBTB8A,-1.4166565,0.032961261,0.768678733
MAGEB4,-1.2235196,0.032970628,0.768413397
C14orf184,-1.5357364,0.033017163,0.769014088
CHN2,-1.437869,0.033030988,0.769174865
TGFB1I1,-1.2677121,0.033045139,0.769343166
PCOLCE2,-4.6363792,0.033090607,0.770079073
KLHDC8A,-2.027241,0.033108502,0.770334175
MPZL3,-1.6476746,0.033111415,0.77024069
NTRK2,-1.5204862,0.033115552,0.770175708
NMNAT2,-4.7988815,0.033127515,0.770131565
SLC7A3,-1.2768035,0.033132271,0.770081026
PRKAR1A,-1.3836529,0.033167085,0.770245774
DENND2C,-3.259181,0.033204768,0.770637733
MKKS,-1.4747181,0.03323145,0.771095938
SRGAP2P1,-1.2233552,0.033271152,0.771533852
C11orf74,-1.603742,0.033277042,0.771348503
LEMD1,-2.4411213,0.033280296,0.771263048
VDAC2,-1.2362549,0.033299423,0.771384577
C18orf19,-1.5148466,0.033320084,0.771541508
BTBD16,-1.9425006,0.033362609,0.772043566
BTBD9,-1.3172625,0.033447319,0.772716519
PCDHB18,-1.9389273,0.033470989,0.773102625
FGF2,-4.0120635,0.033541306,0.773761791
KLC1,-1.2163152,0.033569401,0.774088522
CLDND1,-1.3292439,0.033574047,0.773874482
POMC,-1.4259638,0.033615912,0.774197092
GPR4,-2.0620446,0.033620226,0.774136006
CNTN6,-1.4535632,0.033633144,0.773952353
LRIG2,-1.3995036,0.033636453,0.773868231
TLR2,-1.7346225,0.033652647,0.773920352
LOC285943,-2.376938,0.033655626,0.773828697
HOXA4,-2.376938,0.033655626,0.773828697
ESYT2,-1.8807874,0.03367726,0.773206232
NUPR1,-1.4302086,0.033679449,0.77309675
FLJ25694,-1.3433673,0.033692751,0.773242375
CA10,-1.2126153,0.033698144,0.773206447
RSPH6A,-1.3224674,0.033714426,0.773420357
GABPA,-1.6800624,0.033731678,0.773496748
KCNMB1,-1.9786564,0.033734009,0.773071617
MBNL1,-1.3605949,0.033736311,0.772805632
MYCT1,-2.1690419,0.033796641,0.773549773
FCN2,-1.6041493,0.033812264,0.772952112
DNAJB5,-1.7073028,0.033843948,0.773517289
TUBD1,-1.3308845,0.033850916,0.773199458
LOC100130289,-1.0407516,0.033881836,0.77358769
KCNK7,-1.1067647,0.033887388,0.773555502
MAGI3,-1.3779522,0.033957545,0.773885206
C9orf3,-1.5874593,0.034011379,0.774159465
LOC100133106,-1.3995801,0.034021188,0.774065625
KHDC1L,-3.4565995,0.034032944,0.773541189
PCDHGA9,-1.1767253,0.034051477,0.773487786
KRT26,-1.7367718,0.03408604,0.773482345
NCOA7,-2.2025707,0.03410281,0.772915876
NMU,-3.720449,0.034134524,0.773319198
LOC731789,-1.1850513,0.034188658,0.773756872
SLC46A2,-1.6001254,0.034193353,0.773548039
SNX30,-1.6001254,0.034193353,0.773548039
WNK1,-1.3001306,0.03428839,0.77490925
FZD4,-2.247209,0.034316613,0.775231745
GPT2,-1.4052953,0.034336674,0.775212162
CD3EAP,-2.154527,0.034344609,0.7752338
ERCC1,-2.154527,0.034344609,0.7752338
ACSL6,-1.3450404,0.03435904,0.775244594
LOC728637,-1.3450404,0.03435904,0.775244594
NCL,-1.2221313,0.034419849,0.775828991
EMX2,-2.2252967,0.034427778,0.775850323
SRC,-1.410212,0.03443392,0.775831408
RBM9,-1.9352269,0.034484029,0.775702183
GK5,-1.4266453,0.034498343,0.775710101
AASS,-1.7143774,0.034515269,0.775463051
RBM18,-1.3115982,0.034540615,0.775875643
MAN1A2,-1.6897901,0.034554394,0.775714726
CGB7,-1.1347401,0.03456882,0.775568549
MCFD2,-2.060238,0.034603864,0.775884826
MYO10,-5.2037854,0.034636913,0.776312559
DYSF,-1.7133722,0.034654041,0.776539831
GPR180,-1.3607585,0.034716477,0.777155324
DIMT1L,-1.4684277,0.034719807,0.777073329
TBC1D8B,-2.7000618,0.034759659,0.776869981
MGC87042,-2.6487954,0.034762732,0.776626277
MED13,-1.9966917,0.034764597,0.77651183
SGSM1,-2.0380387,0.034766812,0.776249235
MS4A6E,-1.1505675,0.034766831,0.77609373
GLS,-2.2465827,0.034806047,0.776033787
KL,-1.5129772,0.034854664,0.775872358
ITGA10,-1.2432667,0.034860612,0.775849355
VEGFA,-1.5263225,0.034928261,0.776421924
LOC727869,-1.7138577,0.034958592,0.776785374
CDC42BPA,-4.998737,0.034967199,0.776821282
RAD23B,-1.7284862,0.034969043,0.776706967
RPS6P6,-1.2652003,0.035013829,0.777080423
AKAP13,-1.7130814,0.035034409,0.777226718
RASGRF2,-2.9264321,0.035035917,0.777105025
GLYATL2,-3.73122,0.03504574,0.777012721
ZNF469,-4.758077,0.035122573,0.777785105
PRSS3,-1.4795816,0.035167273,0.777999768
UTP15,-1.383533,0.035185531,0.778093876
SLC36A3,-1.1910106,0.035198519,0.777916668
CTTNBP2NL,-2.094659,0.035199581,0.777785459
FAM110A,-1.4805902,0.035272683,0.778471959
G0S2,-4.6591907,0.035281009,0.778501106
FAM55D,-1.7581717,0.035326863,0.778430888
ALOX12B,-1.172846,0.035351006,0.778808457
ANKRD35,-2.6191406,0.035352661,0.778690539
ZNF667,-2.1380248,0.03535808,0.778655547
RPL12,-1.132043,0.035395842,0.779178317
FABP5L3,-3.1840734,0.03543737,0.779629149
DGKI,-1.972891,0.03550744,0.7803982
TRIM24,-1.0562558,0.035515665,0.780270309
MOBKL2B,-2.3474379,0.035540615,0.780355612
OSCAR,-1.4959962,0.035542604,0.780245127
MAFF,-1.7308029,0.035550546,0.780111248
USP48,-1.1598849,0.035592111,0.780252942
ATP6V1G1,-1.480433,0.035598657,0.78024252
MYST4,-2.5777564,0.035672094,0.780466652
SH2D4B,-1.207763,0.035684275,0.780425835
VDAC1,-1.2704012,0.035689576,0.780388184
TAGLN,-3.4353688,0.035730051,0.780965854
ZBTB43,-1.7386163,0.035801934,0.780847556
MACROD2,-4.0955906,0.035817311,0.780876413
FXN,-1.2300057,0.035861735,0.781231829
RGS20,-1.5581559,0.035867971,0.781061438
CPS1,-1.5385721,0.035871421,0.780830541
CDC14B,-3.8157692,0.035912864,0.780662214
ODF2L,-1.682611,0.035929607,0.780720716
OR51A7,-1.5127797,0.036056047,0.782244449
PTRH2,-1.6372234,0.036059199,0.782160141
ERC1,-1.4318489,0.036064564,0.781971223
OXGR1,-1.8558767,0.036067835,0.781889589
HACL1,-1.3428754,0.03607547,0.78175009
PDLIM7,-1.3202484,0.036080895,0.781715208
PTPRD,-2.338098,0.036087457,0.781704968
LOC162632,-1.9211297,0.036095926,0.781583701
ARAP3,-2.0246887,0.036114973,0.781843787
RBMS3,-3.9090207,0.036138834,0.782055624
IGF2R,-2.7281892,0.036141234,0.781955276
LPHN2,-3.3354423,0.036159448,0.782044838
INGX,-1.4380038,0.036170436,0.781825978
KPNA1,-1.1551337,0.036198323,0.781820463
MAGT1,-1.6857299,0.036199656,0.781697324
ATP5G3,-1.262546,0.036202245,0.781601337
KCNE1L,-1.5529133,0.036214419,0.781712298
PRPF4,-1.40757,0.036219877,0.78152648
DDX6,-2.1032083,0.03627194,0.782194219
PTX3,-3.969232,0.036279763,0.782059375
ZNF521,-4.9744287,0.03631099,0.781974057
DPPA4,-1.841213,0.036345252,0.781651528
ANKRD28,-1.5726697,0.036382501,0.781998591
SEMA6D,-2.4181774,0.036395338,0.781971986
POU3F1,-1.1623265,0.036398752,0.781894162
ASPA,-2.0339518,0.036412144,0.781577483
SLC35D1,-1.5414196,0.036421398,0.781474214
SLC25A37,-1.8474423,0.036474732,0.781712956
ISG20,-1.6056865,0.03647495,0.781566884
LOC220594,-2.0598185,0.036488442,0.781403965
RICH2,-4.3996477,0.036583848,0.782542233
SGK269,-1.3818978,0.036621783,0.782901566
AGGF1,-1.6711876,0.036683535,0.784070871
SLC39A14,-2.0178812,0.03668556,0.783963352
ARMC8,-1.5406148,0.036693384,0.783979792
DEFB4A,-1.1895285,0.036705121,0.783778467
SHISA9,-1.574529,0.036705915,0.783644831
KDM5B,-1.5963259,0.036721793,0.783682706
KRT86,-1.9391326,0.036730995,0.783578104
MSRA,-1.4927928,0.036733752,0.783486502
MIER2,-1.4495546,0.036736555,0.783395936
MAP1B,-4.287429,0.036747868,0.783486827
CCDC113,-1.5840728,0.036772179,0.783704425
RGMA,-5.2503924,0.036788283,0.783897297
MOV10L1,-1.2826041,0.0368074,0.784154284
CBR1,-1.2312256,0.03684532,0.784661258
CDK14,-2.2583544,0.036884461,0.785193867
LOC151658,-1.3697222,0.036897211,0.785164457
BRDT,-1.7152835,0.036906795,0.785067716
PITX2,-5.336569,0.036912287,0.785034263
CUL1,-1.0513617,0.036918338,0.785012718
CHI3L1,-6.7291446,0.036959114,0.784828513
NOTCH2NL,-1.5346385,0.036980459,0.784831837
LOC284344,-1.7611428,0.037002497,0.785149597
MEX3B,-3.1098568,0.037019579,0.785362097
LOC100128186,-1.3354619,0.037076887,0.785528102
FICD,-1.6335876,0.037084056,0.785530224
FKSG83,-1.0811346,0.037105442,0.785234825
NRP2,-2.5170383,0.037111071,0.785054922
VGLL3,-1.1031538,0.03712951,0.785146069
POLR3A,-1.6513253,0.037141987,0.785260469
PCDHB12,-2.5160851,0.037156402,0.785415804
BAG5,-1.2765205,0.037161938,0.785383433
RIMS2,-2.9081724,0.037179205,0.785449587
LRRN4,-1.1184127,0.037197409,0.785386216
HSF2,-1.1278769,0.037205858,0.785266213
CASP8,-1.0510926,0.03721784,0.785369933
SF3B1,-1.2859043,0.037237517,0.785486817
FBN1,-2.1321678,0.037266558,0.785502989
UTP23,-2.0763488,0.037292599,0.785902804
TRIM55,-1.3042957,0.037307967,0.785928564
OPN1SW,-1.0622777,0.037330846,0.786112478
LIPF,-1.5810238,0.037332432,0.785996943
GRIN2A,-3.9355752,0.037332976,0.785859497
CLCA2,-2.9834874,0.037340823,0.785875812
TMEM22,-2.4029856,0.037374078,0.785682865
NAA50,-1.4321349,0.037376574,0.785586728
ETV7,-2.0243495,0.037440731,0.786340273
SERF1B,-1.432623,0.037455279,0.785903129
SERF1A,-1.432623,0.037455279,0.785903129
GCC2,-1.472993,0.037461711,0.785741361
PCDHB6,-1.8378322,0.03748854,0.786007371
CEP170,-1.7350327,0.037501692,0.786134792
C13orf26,-1.2496226,0.037507521,0.78596045
VASH1,-1.6100585,0.037592812,0.785821301
DNAH12,-1.5332483,0.037597191,0.785765025
LOC390414,-1.0338366,0.037612235,0.785783874
SPATA7,-1.5473834,0.037641459,0.785803475
XPNPEP2,-1.3389122,0.037652727,0.785743477
CPA4,-2.2049131,0.037695021,0.785888149
ACTR3B,-2.1344442,0.037733982,0.786257882
NUAK1,-3.7486174,0.037835707,0.787639054
RPL37A,-1.7567451,0.037839407,0.787568532
C1orf183,-1.410189,0.037908092,0.787964997
RPS6KB1,-1.8647592,0.037913835,0.787789659
HTR2A,-1.9772775,0.037991343,0.788957585
GIPR,-1.2806451,0.03805449,0.789236481
OR2A14,-1.1381049,0.038055899,0.78911842
SH3BP5,-1.6448538,0.038074413,0.789207787
P2RY1,-2.8946793,0.038080696,0.789043675
POM121L9P,-1.2917525,0.038087061,0.788881352
LOC400794,-1.0978727,0.038087307,0.788739445
FNDC4,-2.5190206,0.038113789,0.788553067
ZNF366,-1.3011903,0.038174546,0.789222338
ITPRIP,-2.5647624,0.038179892,0.789186036
UGCG,-1.5061803,0.038179909,0.789039615
HERC6,-3.316835,0.038180117,0.78889721
RNF213,-1.4636737,0.038213816,0.789153302
SCPEP1,-1.5721798,0.038215686,0.789045276
TMF1,-1.5742205,0.038277862,0.789595485
C9orf79,-1.0683521,0.038299726,0.789753282
RAB27A,-1.2792423,0.038338793,0.789826055
TMEM127,-1.2517467,0.038362335,0.789579132
UPP1,-1.8182213,0.038382771,0.789853463
LHFPL2,-1.9198761,0.038386345,0.789780753
COMMD8,-1.8047091,0.038409028,0.78995491
SLC5A3,-1.7805201,0.038419003,0.790013847
GTPBP8,-1.8628696,0.038430594,0.790105987
MTERFD2,-1.3336761,0.03843654,0.789935938
PRKAG3,-1.6732932,0.038448353,0.789886546
LOC149351,-2.3061416,0.038471892,0.789932021
GJB4,-1.148086,0.038524804,0.789413945
CXCL16,-1.3393583,0.038536759,0.789222312
TLE1,-1.3620166,0.03854188,0.789181755
TLE4,-1.3778565,0.038556117,0.789327814
PAK3,-4.178887,0.038574394,0.789265776
FLJ35409,-1.1779141,0.038576743,0.789168525
TRMT6,-1.8041986,0.038673747,0.79013472
DSG3,-13.830853,0.038696354,0.790306008
HAND2,-4.0853367,0.0387349,0.790657292
LHX6,-1.9316471,0.038743394,0.790250039
C3orf64,-2.7380266,0.038806723,0.790526018
CYP19A1,-3.228284,0.038866045,0.791299279
LINGO2,-1.8600934,0.038880208,0.791007936
FAM176A,-4.376362,0.03892736,0.791098205
CLEC1B,-1.604466,0.038974735,0.791771393
POGZ,-2.0561566,0.038985279,0.791696114
CYP7A1,-1.4207711,0.038998729,0.791679907
DNM1L,-1.2120159,0.039009978,0.791619021
SPON2,-6.7411103,0.039043327,0.791861954
EYA3,-1.4385358,0.03904454,0.791742039
DCP2,-1.3898633,0.039056575,0.791841586
RBMXL1,-1.4267039,0.039065948,0.791887144
CADPS,-2.4622777,0.039084617,0.79197664
MRC2,-1.8784722,0.039144747,0.792616923
NR1D1,-1.6372255,0.039150451,0.792299321
PPP3R1,-1.4514912,0.039173977,0.792198343
TRD@,-2.1388073,0.039175196,0.792078842
MAGEL2,-2.298974,0.039186345,0.791728042
ESAM,-1.7002224,0.039190489,0.791667828
TIE1,-1.5830806,0.039206855,0.791854474
ABHD12B,-2.455816,0.039224351,0.791344874
COX11,-1.9248303,0.039248975,0.79141061
TSLP,-1.6461209,0.039283898,0.791253317
ZNF334,-1.6662141,0.039289291,0.79121853
MYF6,-1.5760317,0.039292112,0.791131968
RALGAPA1,-1.7341175,0.039303722,0.791079063
LAPTM4B,-2.8764026,0.03934272,0.790718228
HIATL1,-1.3453616,0.039365646,0.79089291
AK5,-3.4221125,0.039373845,0.790771687
WDR43,-1.546207,0.039418747,0.791101579
HMMR,-1.4611868,0.039456562,0.791288864
MRPS30,-1.5019133,0.039461823,0.791108816
ID4,-4.3542447,0.039480178,0.791191316
TTLL7,-2.7950227,0.039560726,0.791520811
BHLHE41,-3.1287465,0.039565489,0.79133115
COL3A1,-4.111133,0.039587082,0.79133572
ROBO1,-2.3155537,0.039592349,0.791298678
OTP,-1.1570287,0.039597428,0.791257861
KCMF1,-1.2707694,0.039629423,0.79104371
CDC14C,-3.24247,0.039634417,0.790859275
ADAT1,-1.0873829,0.03964248,0.790736186
SFT2D2,-1.2825439,0.039643246,0.790609555
PI3,-1.5400134,0.03965627,0.790301944
DMRT2,-6.9419665,0.039685274,0.790313038
RNF122,-1.9998026,0.039706399,0.790308834
ARNTL2,-3.5519788,0.039761498,0.789425939
QKI,-3.1585321,0.039772628,0.789505854
TCEAL7,-1.886101,0.03981689,0.789538241
TAOK3,-1.3027338,0.039819953,0.789458105
EXTL2,-1.4188801,0.039822407,0.789365915
PDE8A,-1.7390249,0.039842544,0.789342658
LSM12,-1.8344411,0.039872158,0.789788561
CCDC3,-2.062859,0.039879609,0.789795365
CRABP1,-2.0334413,0.039889879,0.789717275
LRRC37A4,-1.6499816,0.039910482,0.789984422
MCTP1,-1.9684126,0.039939014,0.7899863
PRAC,-1.1257002,0.039943171,0.789927929
ARSI,-1.8679166,0.039951378,0.789809109
NR5A2,-1.8339281,0.039962842,0.789754731
LOC100131540,-1.2518785,0.040064532,0.790218499
CLEC14A,-2.5992613,0.040090894,0.790317616
RGAG1,-1.2794825,0.040097689,0.79017121
C1orf109,-1.1330762,0.040109785,0.790269445
ATRN,-1.7830731,0.040115194,0.790235903
HOXB5,-1.6398985,0.040116304,0.790117706
RPP40,-1.7483149,0.040174579,0.790145096
TCHH,-1.6538961,0.040178365,0.789939921
CLCA4,-1.2956203,0.040189965,0.789888492
ITGA9,-1.3498224,0.040194233,0.789832678
PLAGL1,-1.5958027,0.04019532,0.789714387
SNAPC1,-2.3524723,0.04019845,0.789636271
FAT2,-2.2425568,0.040236442,0.789266389
TMEM38A,-1.4928194,0.040298413,0.789784927
PPA1,-1.307803,0.040344616,0.790133013
PKIA,-2.6860778,0.04038252,0.790179035
DES,-1.8565195,0.040413537,0.790507569
SAAL1,-1.6849563,0.040427606,0.790643581
TNNT3,-1.4484438,0.040428713,0.790526103
ABCA8,-1.6252915,0.040432437,0.790320793
ODZ2,-4.398771,0.040510161,0.79086623
LOC285548,-1.6664925,0.040526762,0.790773548
ZNF507,-1.2457689,0.040527513,0.790649364
RFX1,-1.1516844,0.040541666,0.790786656
FAM200B,-1.1245191,0.040543874,0.790690922
EIF2S1,-1.2885787,0.040547896,0.790630616
FLJ40606,-1.2218788,0.040560299,0.790594993
AKAP14,-1.5382253,0.040597016,0.79103318
HS3ST2,-3.21957,0.040617571,0.791294949
BDNF,-1.5854163,0.040658157,0.791391912
REEP2,-2.2407334,0.040670776,0.791360286
LOC729722,-1.3280212,0.040672055,0.791246635
LOC730465,-1.3280212,0.040672055,0.791246635
STAM,-1.1689597,0.040690615,0.791330627
MYL7,-1.6194205,0.04071432,0.791376146
ACOX1,-1.2206678,0.040729121,0.791386984
IL13RA1,-1.6863227,0.040734443,0.791352019
RASD2,-1.3160491,0.040739165,0.791305407
C7orf51,-1.138913,0.040753921,0.791453673
RASAL2,-2.0263588,0.04077087,0.791506188
LOC650095,-1.091927,0.0407977,0.791612151
KIF1B,-2.9631748,0.040822305,0.791951287
C3orf58,-2.227473,0.040833075,0.791883735
CD163,-1.4669235,0.040841374,0.791768326
EGR4,-2.1862538,0.040868761,0.792022903
ZNF614,-1.3133218,0.040921052,0.792207332
NFAM1,-1.3158474,0.040949384,0.792065865
C4orf47,-1.5408009,0.040962616,0.792183915
RCN3,-2.250695,0.041022023,0.792229796
LOC100129194,-1.6732761,0.041070934,0.792485738
TMEM198,-1.1499832,0.041102306,0.79254062
CHML,-1.5874933,0.041163211,0.792752071
YY1AP1,-1.1433561,0.041180029,0.792801166
FBXO25,-1.5238726,0.041185083,0.79276113
C11orf39,-1.3575803,0.041217353,0.793107517
GABRG1,-1.4850363,0.041292785,0.793459815
SMAD4,-1.3764772,0.041305586,0.793294265
C21orf84,-1.3432206,0.041329115,0.793334808
SLC35F5,-1.899885,0.041357374,0.793603081
KIAA1644,-1.5008669,0.041357967,0.793477453
C9orf21,-2.0804815,0.04137132,0.793459641
TFAP2B,-3.801645,0.041383023,0.793410219
HLX,-1.241061,0.041399423,0.793587723
IL31,-1.349589,0.041453968,0.793948517
ADARB2,-1.5480679,0.04150117,0.79430495
LOC100288394,-1.7736884,0.041515847,0.794175505
TXNRD1,-1.5714726,0.041539628,0.794220249
RGPD8,-1.5142295,0.041546837,0.794221431
CMTM8,-1.5190886,0.041550604,0.794156819
CDK2AP1,-1.715913,0.041564391,0.794283717
ZNF280C,-1.2830467,0.041582552,0.794084533
SAR1A,-1.6950006,0.041629446,0.794570419
INHBC,-1.0955099,0.041637778,0.794592952
PDE2A,-1.6836009,0.041652727,0.794741764
RNF182,-4.8426485,0.041683849,0.794926093
POSTN,-6.8115172,0.041696933,0.794902785
LOC283658,-3.355963,0.041740579,0.795461912
PIGY,-1.2169559,0.041740878,0.795331213
SIKE1,-1.7313517,0.041758075,0.794977321
CSDA,-3.5946388,0.041836214,0.795647026
RHD,-1.5986483,0.041882839,0.795308735
MPZL1,-1.9374533,0.0419157,0.795660805
CGB1,-1.5516207,0.041921615,0.795637159
LOC100129656,-1.7152262,0.041922589,0.795519788
AEN,-1.4666208,0.041929257,0.795510464
CDA,-1.2476113,0.0419414,0.795469224
IREB2,-1.1631038,0.041976986,0.795600984
STX11,-1.4181846,0.042013951,0.796165801
SPARC,-2.080748,0.042024492,0.796094046
CALM1,-1.1722286,0.042047777,0.795721241
KANK4,-9.849265,0.042051374,0.795518356
SLC26A4,-1.278656,0.042107863,0.796180375
MYLIP,-1.5008715,0.042161967,0.796390319
ULK2,-1.3510901,0.042185247,0.796559257
ANAPC1,-1.1897947,0.042194893,0.796470713
CXorf23,-1.9990547,0.042216945,0.796481079
KLHL2,-2.8265321,0.042257558,0.796976685
MAP3K3,-1.2274997,0.04226098,0.79690597
TSHZ3,-4.69979,0.042285943,0.797241402
PRIMA1,-2.3255172,0.042296908,0.797312854
C7orf30,-1.8188254,0.042304211,0.797180069
TNFSF4,-3.9336855,0.042318392,0.797312076
MYOM3,-1.4222388,0.042333785,0.797466892
CAMTA1,-1.138261,0.042353029,0.797558995
ZCCHC14,-1.4817824,0.042369811,0.797604698
ST6GALNAC3,-1.7826316,0.042435995,0.798039435
SGTB,-1.6095111,0.042436604,0.797915859
UBE2Q2P1,-1.8708285,0.042472862,0.797922534
RGPD3,-1.5649784,0.042504754,0.798251788
FGF7,-2.002876,0.042509838,0.798212354
GCFC1,-1.3240435,0.042533098,0.79837929
TNS1,-2.1436172,0.042546847,0.798232863
FGFR1,-1.7563046,0.042559733,0.798339847
USP32,-1.654511,0.042577228,0.798398457
GAST,-1.1383376,0.042582167,0.798356355
MBTPS2,-1.1836523,0.042583972,0.798255529
ELOVL4,-2.314059,0.042588086,0.798197988
MPL,-1.2883488,0.042595341,0.79806476
TCF7L1,-7.1157355,0.042595537,0.797933893
ERO1LB,-3.4786482,0.042603432,0.797812803
PXDNL,-2.5919726,0.04260943,0.797790676
FNBP1L,-1.8384552,0.042667811,0.798480161
CLP1,-1.7638284,0.042672562,0.798434595
MED26,-1.2379892,0.042716015,0.798978583
OR51E1,-2.417343,0.04273922,0.799009151
MMP26,-1.7586248,0.042765541,0.798963552
MS4A6A,-1.5532749,0.042771912,0.79894825
PHACTR2,-2.3164005,0.042808494,0.798825909
C20orf96,-2.1375859,0.04280917,0.798704406
FAT4,-1.3005421,0.042873941,0.79857207
DCLK2,-2.0399125,0.042876275,0.798481693
DMGDH,-2.238925,0.042895149,0.798565532
IGSF1,-1.3641996,0.042918422,0.798597427
SPAG9,-1.3060683,0.042970886,0.798771129
ANGPTL2,-2.730744,0.042994999,0.798818475
SYN2,-1.0743614,0.04302809,0.798765523
LOC400986,-1.9148386,0.043047602,0.798860839
LOC219731,-1.6755575,0.043056922,0.798767
ZNF124,-1.7712123,0.043067877,0.798836872
GLT8D2,-5.493213,0.043073985,0.798816828
MTAP,-1.5003405,0.043075119,0.798704569
GPR87,-3.7378879,0.043080278,0.798666946
ZNF215,-2.321015,0.043152952,0.79934747
PDGFRA,-2.177215,0.043157857,0.799305096
BMP2K,-1.7113119,0.043194977,0.799193374
RSPO3,-2.0770385,0.043202849,0.799072933
LOC728853,-2.6340458,0.043250953,0.799430412
AQP1,-1.4438132,0.043253585,0.799346108
TMEM38B,-4.738124,0.043285027,0.799129762
KLF11,-1.6663978,0.043306946,0.79940163
LIX1,-1.2262411,0.043328708,0.799537697
CPA1,-1.0960625,0.043340793,0.799229827
CEP57,-1.4780031,0.043348014,0.799230355
HOXA3,-5.5092616,0.043350411,0.799141957
TUBA4B,-1.2922997,0.043423147,0.799819378
KIAA1524,-1.7720455,0.043424638,0.799714299
FNDC5,-1.6074597,0.043484428,0.799490427
FBLN1,-1.2479304,0.04352468,0.799701224
COX4I1,-1.2193036,0.04353088,0.799682918
TNFAIP6,-7.234638,0.043548109,0.799602852
CCDC73,-1.260281,0.043566717,0.799680268
PPFIA2,-2.9765034,0.043599118,0.799746588
ORM2,-1.9321128,0.043602938,0.799684641
FAM133A,-1.6108481,0.043618915,0.799845666
PHF8,-1.3817343,0.043628627,0.799891751
NOTCH4,-1.9290682,0.043650123,0.799889939
PNPLA3,-2.8153496,0.043660736,0.799820633
NOP14,-1.4865366,0.04367009,0.799860125
LRRC40,-1.2985698,0.0436758,0.799832878
DIS3L2,-1.6382058,0.043717764,0.800205756
CALR,-1.3074592,0.04374242,0.800129863
BCL2L10,-2.154556,0.043807012,0.800389117
C6orf162,-1.3554431,0.043809819,0.800308811
KCNC1,-2.5121531,0.043845842,0.800309052
PRRX2,-2.8564346,0.043849405,0.800242647
RASD1,-5.755326,0.043883263,0.800334782
KIAA1107,-1.4532719,0.043899555,0.800237911
GPX8,-1.3253175,0.043906181,0.799964998
APOL5,-1.4276918,0.043923269,0.800013998
NHEDC2,-2.595252,0.044001744,0.800655942
LINS1,-1.2341955,0.04400932,0.800662689
YTHDC2,-1.7789222,0.044034002,0.800325553
TMEM174,-1.0827575,0.044041429,0.800329632
DNAH8,-1.1474062,0.044041685,0.800203433
CYP51A1,-1.6749483,0.044043734,0.800109832
ZNF275,-1.0348617,0.044051252,0.799984842
PGM5,-1.2852011,0.044060379,0.799758498
NT5DC3,-1.177319,0.044062167,0.799660326
ARHGEF9,-1.2095573,0.044074474,0.799622491
11-Mar,-2.1007054,0.044078764,0.79956978
SOCS3,-1.5216755,0.044104805,0.799911582
MAPKAPK2,-1.5124758,0.044117626,0.799622083
PSG3,-1.2409981,0.044139049,0.799488751
SLITRK5,-2.108408,0.044139223,0.799361615
C20orf202,-1.4928529,0.044147216,0.799245867
APOBEC3A,-3.1754227,0.04421907,0.799374614
ENPP3,-1.3671907,0.044234996,0.799532442
BEST2,-1.0504532,0.044285518,0.799535276
FAM115A,-1.4823129,0.044286809,0.799428709
NR3C1,-1.2568154,0.044290302,0.799232091
ZNF146,-1.310997,0.044365385,0.799807698
MORF4L1,-1.2125632,0.044386812,0.799934427
HEPH,-5.5319576,0.044413545,0.800026959
CIITA,-1.4119648,0.044422559,0.800059651
PRIM2,-1.1521189,0.04442382,0.79995271
EFNB3,-2.496719,0.044427576,0.799890722
TMEM185A,-1.2663378,0.044438908,0.799835563
ZSCAN5A,-1.729519,0.044457361,0.800038113
MICALL1,-1.5359018,0.044466371,0.799682241
COL1A2,-4.5985804,0.04447002,0.79961845
CCDC112,-1.3030108,0.044495869,0.799565725
DPYS,-1.6047215,0.044514254,0.799508229
MATN2,-3.1149192,0.044561798,0.799974255
ZNF618,-1.7309959,0.044581466,0.79981051
ASTN1,-1.0917449,0.044587529,0.799790147
OR1C1,-1.2058139,0.044592269,0.799746082
FLJ11710,-1.1108571,0.044732847,0.800587562
RHOXF2,-1.416341,0.044758862,0.800537427
RHOXF2B,-1.416341,0.044758862,0.800537427
SH3GLB1,-1.4605753,0.044766237,0.800411677
SPIRE1,-1.5487287,0.044772014,0.800257447
PNMAL1,-1.4002172,0.044805041,0.800461501
SORCS2,-3.6933236,0.044828615,0.800625237
SLC36A1,-1.2487216,0.044847839,0.800196913
PVRL4,-1.6468011,0.04488749,0.800390335
MUTED,-1.2674462,0.044888814,0.800285519
MAGEE2,-1.2028795,0.044892803,0.800228254
PTPRE,-3.5128627,0.044896976,0.800045962
LSG1,-1.6970874,0.044921669,0.800101075
HABP4,-1.5362629,0.044950098,0.800479127
CABIN1,-1.917044,0.044952677,0.80026855
JAM2,-2.039871,0.045003913,0.800155166
PTPN2,-1.3633721,0.045024133,0.800130622
UGT8,-1.7019252,0.045048447,0.800434692
ATF7,-1.3410271,0.045054063,0.800278561
ABCA6,-2.2266958,0.045057488,0.800211476
PAX9,-1.4285586,0.045065577,0.800099396
LOC646871,-1.5438297,0.045071981,0.800085261
PAIP2B,-1.2496054,0.045079896,0.799970176
LOC643650,-1.5988221,0.04510185,0.800104235
THUMPD3,-1.1463462,0.045110057,0.799994394
SMN2,-1.3777696,0.045166723,0.79997796
SMN1,-1.3777696,0.045166723,0.79997796
RUFY2,-1.2887808,0.045215455,0.800203374
TRY6,-1.4356871,0.045235234,0.800425941
SIK3,-1.0939095,0.045239595,0.800375661
KALRN,-2.1735823,0.045262416,0.800269762
SERTAD2,-1.5114287,0.045274807,0.800361503
OR4N4,-1.3873523,0.045280543,0.800335578
MESP1,-1.5860597,0.045301237,0.800446713
BCL7A,-1.1892674,0.045303682,0.800235433
CD2AP,-2.464283,0.045306182,0.800152393
TTTY3,-2.1969335,0.045307573,0.800049803
TTTY3B,-2.1969335,0.045307573,0.800049803
ITM2C,-1.438906,0.045311116,0.799985245
TRIM56,-1.1024618,0.045335123,0.799900744
CSNK1G2,-1.4484464,0.045373717,0.800327549
B4GALT5,-1.2863405,0.045378569,0.800286107
RPL38,-1.3905267,0.045380885,0.800199946
RBPJ,-1.3562882,0.045391539,0.800260826
ITLN2,-1.2508141,0.045402658,0.799949199
SCARA5,-4.999584,0.045435093,0.800393756
LOC440995,-2.1639445,0.045450416,0.800536787
D4S234E,-1.913478,0.045456108,0.800510161
BMP8A,-1.9698164,0.045458574,0.800426732
EP300,-1.2190753,0.045485701,0.80052385
BEND2,-1.8243072,0.045485875,0.800400142
JARID2,-1.1783919,0.045486835,0.800163613
OR10J5,-1.3595634,0.045491969,0.800127273
SPOCK1,-3.9443681,0.045519351,0.800355507
FLJ40330,-2.2590468,0.045520723,0.800253021
KLHL7,-2.0148125,0.04552662,0.80023008
DUOXA1,-2.8187745,0.045537566,0.800042831
RTTN,-1.1642133,0.045543014,0.80001206
EPHA6,-1.4584957,0.0455709,0.800122475
FKBP9,-1.3898302,0.045582166,0.800067443
FKBP9L,-1.3898302,0.045582166,0.800067443
LNPEP,-1.4684043,0.04565914,0.800407099
FZD10,-3.000335,0.045689561,0.800687761
TULP4,-1.6326218,0.045711398,0.800817859
MEF2C,-2.7483323,0.045743404,0.800747371
CREM,-1.3843477,0.045751081,0.800629504
SEMA5B,-1.6462886,0.045816945,0.800899229
CATSPER1,-1.0863816,0.045818806,0.800805788
HIC1,-1.8917791,0.045824754,0.800783784
C9orf40,-1.5581111,0.045853106,0.801027307
LOC100272217,-1.156867,0.045853983,0.80091671
IMP4,-1.0927191,0.04585945,0.800760482
BRI3BP,-1.1739953,0.045887791,0.800877802
ACTR2,-2.003379,0.045888798,0.800769606
MERTK,-1.371223,0.045905508,0.800809691
IFNB1,-1.6018238,0.045949238,0.800943869
IL2RA,-1.7154293,0.045955045,0.800919452
SUZ12,-1.2076665,0.045957384,0.800709061
APLNR,-1.1561086,0.045986333,0.80083674
LOX,-5.2512503,0.046005977,0.801053311
CDH22,-2.5628324,0.046022479,0.800964131
FEZ2,-1.1602762,0.046024106,0.800867008
11-Sep,-1.5654436,0.046027647,0.800803234
ZSWIM6,-1.3112735,0.046053631,0.800378107
ST8SIA1,-1.320303,0.046075165,0.800501966
PPAPDC1B,-1.8609847,0.04610602,0.800787636
GOLGA2P2,-1.5788268,0.04612719,0.800904966
GOLGA2P3,-1.5788268,0.04612719,0.800904966
NAMPT,-1.4013634,0.046128354,0.800800041
ZNF514,-1.2066753,0.046128592,0.800679085
FAM111B,-5.058651,0.046161062,0.800867399
ANAPC4,-1.1238585,0.046173695,0.800711542
IL1RN,-2.4154754,0.0461806,0.800706329
SMYD1,-1.6182687,0.046218138,0.801107179
FAM184B,-1.3688082,0.046220456,0.801022409
CACNB4,-1.1315336,0.046244028,0.801181037
UGP2,-1.1339489,0.046292853,0.801651974
LOC729732,-1.8294127,0.046324202,0.801944898
ABCD2,-1.2046198,0.046337033,0.801792295
CRYM,-1.9686925,0.046341189,0.801739372
SETD2,-1.7685995,0.046347179,0.80159339
IRAK1,-1.1209714,0.046359955,0.801689581
DLG2,-1.7607834,0.046394194,0.801782577
ZMYND15,-1.6065848,0.046398299,0.801604198
FLJ11292,-1.7961009,0.046425018,0.801691881
C13orf36,-1.2522906,0.046462235,0.802209895
LAMC1,-2.1052682,0.046482376,0.802059171
OTUD4,-1.6019663,0.046509812,0.802034417
UBE2B,-1.1577163,0.046534409,0.801836433
ZNF461,-1.1794913,0.046555957,0.801959011
LOC100130152,-1.212413,0.046568671,0.802053689
LARP4,-1.0776001,0.046580077,0.802001527
NR2E1,-1.2990961,0.046605202,0.802309823
DDX43,-2.5393198,0.046622045,0.802351163
GLA,-1.546971,0.046631532,0.802390179
EIF4A1,-1.1767238,0.046711708,0.80252707
MAPRE2,-2.3733249,0.046719986,0.802545211
PLAU,-2.5423493,0.046759913,0.802982813
CHRNA5,-2.457875,0.046761087,0.802754869
ASTN2,-1.5442629,0.046787403,0.802834558
RPS6,-1.2162423,0.046858892,0.80356492
TCF25,-2.1208563,0.046867651,0.803467137
GDF3,-1.5702298,0.046877634,0.803390393
OR7E91P,-1.5084318,0.046896549,0.803466733
SHROOM4,-1.3805977,0.046927036,0.803493524
LOC100131120,-1.6920581,0.046953388,0.803573285
IFNGR1,-1.6920581,0.046953388,0.803573285
ECEL1,-2.0802684,0.046965447,0.803532158
LOC100009676,-1.1089901,0.046969361,0.803475419
YWHAG,-1.552758,0.046979689,0.803157534
SMR3B,-2.2304838,0.047002561,0.803424954
RHOQP2,-3.9796095,0.047157062,0.803716897
8-Mar,-1.2623714,0.047164217,0.803715577
C3orf31,-1.143776,0.047169038,0.803428109
PIWIL2,-1.2094865,0.047182402,0.803286361
DGKH,-1.6858708,0.047192674,0.803215127
EIF3L,-1.5474981,0.047228496,0.803578656
CNKSR2,-1.3900336,0.04724264,0.803573233
TMCC2,-2.8744774,0.047298266,0.804027105
GJA5,-2.122622,0.047326325,0.80425803
FAM72B,-1.7186971,0.047379451,0.804545651
FAM72A,-1.7186971,0.047379451,0.804545651
RCL1,-1.8868889,0.047391183,0.804498991
ROBO4,-1.8235326,0.047469107,0.805575679
LOC730107,-1.7598788,0.047474304,0.805417871
FAR2,-2.5705805,0.047535326,0.805469363
PLS3,-4.250204,0.04753934,0.805414555
PUS7,-1.5828317,0.047550727,0.805361901
SCN4B,-1.5522691,0.047589709,0.805653755
LOC100129500,-1.1199169,0.047626572,0.806154992
APOE,-1.1199169,0.047626572,0.806154992
RHOQ,-3.4043314,0.047672784,0.805832492
STARD8,-1.7577099,0.047691363,0.805778818
CTAGE5,-1.3845264,0.047707409,0.805560014
TXNL1,-1.1978279,0.047719035,0.805389174
STAR,-1.6844907,0.047731835,0.805360572
CCDC39,-1.4193053,0.047737236,0.805084964
DDX21,-1.4733033,0.047745558,0.805103137
PFKFB3,-1.3472924,0.047751472,0.804958564
SCN1A,-1.9982746,0.047787833,0.80496095
PRMT2,-1.4044161,0.047793622,0.804814462
CUL5,-1.298735,0.047805516,0.804892777
ENO1,-1.8717383,0.047866488,0.804821872
C14orf132,-2.8090296,0.047919134,0.804611352
CDK6,-1.671566,0.047921231,0.804524989
FRMD3,-1.8174832,0.047921292,0.804404494
FAM150B,-2.685196,0.047953473,0.804701576
ATP5F1,-1.1171771,0.047978687,0.804881582
KCTD9,-2.1213913,0.048076635,0.805066286
LOC642513,-2.1213913,0.048076635,0.805066286
CALCA,-1.1247711,0.048093113,0.804857083
PCM1,-2.1898906,0.048093383,0.804740399
MLF1,-1.5289294,0.048122969,0.804993021
PLEKHA1,-1.6829762,0.048170926,0.805068104
FAM136B,-1.4004016,0.048211133,0.805134607
ARHGAP28,-3.3684525,0.048225386,0.805130649
ULBP2,-1.7425127,0.048234637,0.805164127
RDH10,-1.3850734,0.048319973,0.806225277
HERC5,-3.270803,0.04836602,0.806509198
CELF3,-1.2663124,0.048506612,0.807399685
ANXA1,-3.4977427,0.048545749,0.80780911
WNT9B,-1.2213911,0.048605427,0.807592825
EBF2,-1.2090521,0.048617492,0.807551798
CSDAP1,-3.2980425,0.048663204,0.808069514
NDOR1,-1.05723,0.048812465,0.808855886
SOCS2,-2.3054924,0.048817501,0.808698146
MYO9A,-1.3042624,0.04885476,0.80871258
TDRD10,-1.701279,0.048858227,0.808649496
RRAGD,-2.5485163,0.048870462,0.808611133
TNMD,-2.676428,0.048877085,0.808600317
PTPRB,-1.849644,0.04890198,0.808290151
CYP11A1,-2.2429307,0.048936593,0.808501489
NOLC1,-1.2406155,0.048962818,0.808333862
PASD1,-1.3989623,0.049016075,0.808612424
CREG2,-2.3011084,0.049039731,0.808642531
LOC285944,-1.137569,0.049097254,0.808750987
HOXA7,-1.137569,0.049097254,0.808750987
HYOU1,-1.1272458,0.049136722,0.808681858
BHMT,-1.1290189,0.049164084,0.808533444
TPST1,-2.427625,0.049174496,0.808106702
MGC24103,-2.34582,0.049191187,0.808261468
CEP97,-2.0859253,0.0492157,0.808305676
LOC653602,-1.338477,0.049226096,0.808237508
FAM84A,-1.338477,0.049226096,0.808237508
GPR141,-1.1285692,0.049238797,0.808207219
CDC37L1,-1.5531691,0.049254263,0.808222303
MARCKS,-2.1594517,0.04925447,0.808106366
KIAA1407,-1.5545206,0.049262412,0.808117355
SNX22,-1.2539549,0.049268536,0.808098531
PPIB,-1.2539549,0.049268536,0.808098531
CRTAP,-1.276236,0.049283859,0.808111297
STEAP1,-2.624964,0.049291425,0.807877737
KCNV1,-1.2170123,0.049368334,0.808303718
PRRX1,-1.7404633,0.049369681,0.80820669
KHDC1,-2.4571922,0.04940571,0.808320186
PITPNB,-2.3723202,0.049410663,0.80828221
PDPN,-3.4917417,0.049425772,0.808172469
CSAG2,-1.3578346,0.049428183,0.808092976
CSAG3,-1.3578346,0.049428183,0.808092976
LOC653354,-1.1630151,0.049434121,0.807714727
ARMCX6,-1.1630151,0.049434121,0.807714727
CRISP3,-2.4867115,0.049456215,0.807482077
MYO1H,-1.4139638,0.049473888,0.807177632
RDM1,-1.9369686,0.049514614,0.807604945
ALX3,-1.1850338,0.049516389,0.807515362
OBSL1,-2.5872278,0.049537303,0.80726408
RORA,-1.8525534,0.04960786,0.8073483
EEA1,-1.3443769,0.049647449,0.80787429
DLK1,-1.8374118,0.04966834,0.807622901
ECHDC1,-1.315072,0.049697218,0.807856042
GOPC,-1.4525625,0.049806066,0.808560917
LACTBL1,-1.1164403,0.049817792,0.808396975
C20orf141,-1.109706,0.049818494,0.808290343
LRRC4,-2.7970445,0.049902551,0.808355864
TMEM40,-1.71037,0.049933921,0.808392646
C6orf118,-2.0040925,0.049945135,0.808456402
PTPRJ,-1.2654059,0.049969364,0.80849529
ARID1B,-1.433502,0.049973233,0.808440174
LYRM5,-1.2324889,0.04997946,0.808423215
LAMP2,-1.4538867,0.04998389,0.808377203