peakID	chr	start	stop	Day0_CD4_CM_1	Day0_CD4_N_1	Day0_CD8_CM_1	Day0_CD8_N_1	Day10_CD4_CM_CD19_1	Day10_CD4_CM_HA_1	Day10_CD4_N_CD19_1	Day10_CD4_N_HA_1	Day10_CD8_CM_CD19_1	Day10_CD8_CM_HA_1	Day10_CD8_N_CD19_1	Day10_CD8_N_HA_1	Day14_CD4_CM_CD19_1	Day14_CD4_CM_HA_1	Day14_CD4_N_CD19_1	Day14_CD4_N_HA_1	Day14_CD8_CM_CD19_1	Day14_CD8_CM_HA_1	Day14_CD8_N_CD19_1	Day14_CD8_N_HA_1	Day7_CD4_CM_CD19_1	Day7_CD4_CM_HA_1	Day7_CD4_N_CD19_1	Day7_CD4_N_HA_1	Day7_CD8_CM_CD19_1	Day7_CD8_CM_HA_1	Day7_CD8_N_CD19_1	Day7_CD8_N_HA_1
all_peaks_100015	chr3	108525169	108525670	205	158.5	247.5	203.5	154.5	117	125.5	54.5	167.5	110	178	121	186.5	207.5	138	113.5	207	191	157.5	144	146.5	55.5	124	38	140	48.5	142.5	64.5
all_peaks_100061	chr3	110533312	110533813	5	2	15.5	1	28	144.5	6	56	109	147.5	37.5	128.5	57	51	10	65	66	113	33	62	50	108.5	20.5	56.5	87	111	50.5	119
all_peaks_100071	chr3	110957679	110958180	76.5	49.5	83.5	73	121.5	223	226	195	189.5	164.5	185	304	129.5	137	211	167	164	155	200	202.5	104.5	63.5	111.5	64.5	113	77.5	155	108.5
all_peaks_100081	chr3	111030626	111031127	15	18	15	21	140.5	193.5	86.5	177.5	137	154.5	89.5	183	122.5	170.5	58	193	113.5	160	58	190.5	84	71.5	48.5	32.5	105	52	81.5	39.5
all_peaks_100125	chr3	111386704	111387205	174.5	227.5	161.5	202.5	104.5	62	172.5	88	85	65.5	130	120.5	111	103.5	191	111	136	107.5	154	138	82	35	108.5	70.5	70.5	34.5	106	56
all_peaks_100168	chr3	111791181	111791682	209	315	49.5	199.5	129	41	154	54	12	5	98	31	118	90	173	87.5	44	24	110	62.5	125	49	122.5	61.5	19	13.5	57	42
all_peaks_10019	chr1	169013513	169014014	64.5	77	53.5	78	161.5	88.5	289	167	121.5	60.5	239.5	198	143.5	231	223.5	234	137	116	206	229.5	56	35.5	75	25	58	25	93	24
all_peaks_100244	chr3	112395572	112396073	39	7.5	54	12.5	189	232.5	154	183	195.5	183.5	198.5	239.5	202.5	234	71	225.5	217	216	126	215.5	197.5	157.5	218	153.5	182.5	160.5	211	138
all_peaks_100308	chr3	113415405	113415906	526	570	468.5	549.5	500.5	431	528	490.5	494	377	488	511.5	481.5	503.5	522.5	476	511	452	513.5	494.5	505	398.5	466.5	450	462.5	443.5	444.5	384.5
all_peaks_100342	chr3	113933864	113934365	235	211.5	295	273	181.5	213.5	159.5	146.5	142.5	120.5	169.5	195	175.5	165.5	168	107.5	228	162.5	210.5	148	179	74.5	157.5	94.5	142.5	118.5	185.5	132.5
all_peaks_100404	chr3	114866316	114866817	586	596	524	538	369	407.5	464.5	488.5	409.5	395	479	450.5	512.5	506	475	522.5	448	401.5	481.5	488.5	385	474	442	480.5	402	402	463	501
all_peaks_100425	chr3	115503161	115503662	283	274	304	336	206	161	192	117	152	176	176.5	184.5	149	174	164.5	143	150.5	159	179.5	143.5	167.5	145	213.5	163	195	166	197.5	175.5
all_peaks_100472	chr3	119012621	119013122	175	113	320	173.5	93	93	99.5	132.5	130.5	123	111	200.5	90.5	73.5	102	113	94.5	83	100.5	115.5	86	68.5	118.5	107	78.5	89	104.5	122
all_peaks_100476	chr3	119041699	119042200	179.5	132	210	131.5	181	270	182	303.5	246.5	298.5	150.5	265	182	200	144.5	277	188	209	151.5	244.5	135.5	195.5	160	233	107.5	203	151.5	170.5
all_peaks_100488	chr3	119182555	119183056	262.5	172.5	343.5	230.5	222	314	150.5	248.5	282.5	336.5	146.5	253.5	270	300	150	232	260	349	162.5	204	308.5	339	264.5	304	339.5	331	344	285
all_peaks_100502	chr3	119281274	119281775	44.5	0.5	36.5	4.5	30.5	153.5	6.5	94.5	40.5	215	7.5	69	73	83	6	53.5	101	122	24	46	59.5	282.5	7.5	131.5	50	329	19	228
all_peaks_10054	chr1	169460918	169461419	3.5	1	1	2	23.5	221.5	3	166	21	223.5	5	45	21.5	28	2	17	21	55	1.5	9.5	54.5	335	6.5	149.5	63	307	33.5	197.5
all_peaks_100573	chr3	120438332	120438833	118.5	135.5	95.5	140.5	149	47.5	102.5	19	60	11	119	64	129.5	100	127.5	88.5	115	61	156	88.5	114	22.5	79	17.5	57	14	63	23.5
all_peaks_100626	chr3	121796062	121796563	3	0.5	6.5	3	150	185	109	124	113	83.5	102	131	120.5	160	56.5	172	79	106	55.5	153	105.5	92.5	59.5	32.5	102	84.5	39	42.5
all_peaks_100628	chr3	121800312	121800813	4	3	8	1	105	190	22	145	88	125	39.5	156	82	114.5	10	160.5	69.5	121.5	16	79.5	113	128.5	40	54	154	90.5	94	58
all_peaks_100641	chr3	121865294	121865795	1	1.5	1	1	83	162	18	165.5	68	155	10.5	74	70	79	5.5	106.5	38	67	8	31	82	185	40.5	186	55	186.5	31.5	123.5
all_peaks_100679	chr3	122252677	122253178	3	6.5	4.5	1	72.5	257.5	24	149.5	180.5	213	58.5	204.5	66.5	111.5	5	157	52.5	135.5	16.5	61.5	150	149	118.5	112.5	155	113	163	104
all_peaks_100687	chr3	122328821	122329322	8.5	2.5	27.5	4	102	103	53	152	127.5	113.5	47.5	97.5	96.5	79	39.5	93	101	98.5	35	46.5	166	117	174.5	141.5	101.5	99	151	139
all_peaks_100725	chr3	122920387	122920888	449	488	392.5	444	260	295.5	342	332	283	247	356	344	323	293.5	401	300	347	311	412.5	348	341.5	331	337.5	322.5	330	301	368	345
all_peaks_10073	chr1	169573908	169574409	166.5	243.5	192.5	271.5	109	110	222	70	103.5	64	229	200.5	117.5	162.5	284.5	119	167.5	215	309.5	169	53.5	18.5	30.5	10	68.5	26	46.5	19.5
all_peaks_10085	chr1	169661850	169662351	175.5	202	161	201.5	189.5	228.5	177.5	131.5	213	190.5	195	250	235	223.5	190.5	196.5	227	218.5	173.5	185	177	118	108	90.5	154.5	150.5	96	103.5
all_peaks_100858	chr3	125314250	125314751	380.5	342	364.5	337.5	305	321	385	215	383	352.5	395	364.5	334.5	321.5	372.5	381	350.5	317	363	370	274.5	235	282	253	266.5	175	269.5	173.5
all_peaks_100867	chr3	125634691	125635192	491.5	500	475	490.5	503	542	556	552.5	477	551	568.5	476.5	634	649.5	622	678.5	604	579	610.5	648	529	555	490.5	605	597	523	595.5	564.5
all_peaks_100925	chr3	126630201	126630702	40	6.5	150.5	32	143	184.5	202.5	238.5	214	216	217.5	271.5	161.5	223	153	257.5	308.5	239	232.5	246	107	124.5	136.5	189.5	123	96	150	127
all_peaks_100956	chr3	127202682	127203183	1	5	8	18.5	12.5	127	12	46	88.5	187.5	46	63	40.5	84	7	33	45.5	143.5	29	42	15.5	121.5	13	94.5	76.5	103.5	59	94
all_peaks_100973	chr3	127356309	127356810	17	17	26	19	56.5	30.5	156.5	103.5	88.5	48.5	172.5	137	61	103.5	125	182.5	64	86.5	116	179	34.5	28.5	70	53	33	31	110.5	63.5
all_peaks_101037	chr3	128035292	128035793	215.5	259.5	92	248	56	12	81	9	7	14.5	62.5	20.5	61	24.5	114.5	20	51	9.5	101.5	54	23.5	6	23	5	11.5	2.5	18.5	7
all_peaks_101106	chr3	128513217	128513718	12	13	5.5	13	31	47.5	25.5	163	35	94.5	12.5	39.5	25.5	40	22.5	79	9	29.5	15	20	20	113.5	34	130	35.5	127.5	35.5	119.5
all_peaks_10114	chr1	170043587	170044088	334	302	406	321	429	493	359	513	471.5	540	384	489	380	375.5	326	435	371.5	406.5	368	449	418.5	486.5	358	505	411.5	450.5	399	434
all_peaks_101206	chr3	129158682	129159183	630	607	573	558.5	647.5	633.5	616	646.5	608.5	586	615.5	644	650	689	638.5	636	674.5	733.5	698	617.5	772.5	689.5	645.5	583	792	641	680	583.5
all_peaks_101213	chr3	129200669	129201170	162.5	183	24.5	71.5	39	9.5	44	7	2.5	5	6	1	59.5	31	38.5	9	2.5	4.5	5.5	1	32.5	14.5	15	3.5	3	1	2.5	2.5
all_peaks_101224	chr3	129295617	129296118	263	102.5	456	161	241	54	42.5	8	91	14	80	27	226	187	59.5	47	180.5	66.5	82	58.5	153.5	26	32	11	122	21	59.5	6.5
all_peaks_101260	chr3	129830611	129831112	344	339.5	347.5	352.5	337.5	390.5	354.5	382	382.5	360	386.5	328	438	469.5	478.5	436.5	465.5	372	468.5	488	348	375	343.5	369.5	415	383.5	357	334
all_peaks_101285	chr3	130568888	130569389	15.5	3	19	8	79.5	242.5	29.5	193	107.5	175	29.5	219.5	91.5	87	28.5	130	88	134.5	49	75.5	86.5	144	96	143	65.5	122.5	113.5	103.5
all_peaks_101313	chr3	131100228	131100729	359.5	324	330.5	322	448	524.5	440.5	538	356.5	379.5	382	466	417	434.5	405	462.5	408	417.5	358	392	429	435	408.5	423.5	364.5	437.5	397.5	366.5
all_peaks_101399	chr3	133292014	133292515	585	577	561.5	540	597.5	423	555.5	527.5	636	640.5	604.5	617.5	634	663	653	647.5	657.5	640.5	682	648.5	584	540.5	590.5	581.5	599	591	591.5	634.5
all_peaks_101400	chr3	133293175	133293676	100	101	177	105.5	200	304	101	235	134	302.5	122	173.5	139.5	134	90.5	130	148.5	173	83	103.5	196	333.5	157.5	291	223	313.5	255	298.5
all_peaks_101412	chr3	133524363	133524864	241.5	248	258	247	191	306.5	248	256.5	204	258.5	236.5	212	232	228	206	204	237.5	214.5	211.5	208	231.5	388.5	225.5	328.5	221.5	363.5	256	333
all_peaks_101492	chr3	135915142	135915643	196.5	199	202.5	219.5	310	288	278.5	277	376	396.5	284.5	402.5	268.5	272.5	279.5	309	266.5	285	247	310	269.5	308.5	250.5	266.5	305	321.5	258.5	316
all_peaks_1015	chr1	9031062	9031563	69	144.5	38	156.5	105	73	189	177	90	39.5	184	136	111.5	102.5	190.5	135.5	96.5	66	181	180	110	79.5	103	133	75	73.5	154	151
all_peaks_101513	chr3	136471226	136471727	464	422	514	457	556	463.5	509	443.5	519	575.5	476.5	512	484	468.5	457.5	470.5	472.5	497	436	499	460	464.5	415.5	479	346	476.5	402	513.5
all_peaks_101523	chr3	136580687	136581188	514	575	559.5	546	451.5	491.5	478.5	387	406.5	492	495.5	486	415.5	448	471.5	407	443.5	426	459	444	429.5	434	372.5	379	342.5	397.5	380.5	381.5
all_peaks_101557	chr3	137785170	137785671	3.5	0.5	1	1	22.5	122.5	4	148	20	167	8.5	115	26.5	35	2	51	20.5	75	4.5	22	63	145	49	144.5	105.5	128.5	126.5	139
all_peaks_101593	chr3	138312988	138313489	250.5	265.5	266.5	288.5	171	137.5	199.5	135	214	148.5	248.5	202	169	138.5	221.5	131	236.5	204	243	226	208.5	121	214	227.5	226	222	280	278
all_peaks_101603	chr3	138499797	138500298	168.5	121.5	187.5	81	169.5	87.5	230.5	44.5	93	41.5	170.5	49.5	153	161.5	237	104	150	104.5	168	113	150.5	52.5	117.5	33	106	42	54	23
all_peaks_10161	chr1	171750299	171750800	767	802	776	740.5	673.5	670.5	743.5	730.5	615.5	601	689	718.5	669	754.5	775	748.5	672	743	717	722.5	690	659.5	672	695.5	660	650	647.5	685
all_peaks_101758	chr3	141217610	141218111	273.5	180.5	213	244.5	141	115.5	148	108.5	169.5	159.5	159	164.5	164.5	198.5	164	153.5	159.5	178	149.5	166.5	125	108	202.5	89	82.5	88	187	131.5
all_peaks_101765	chr3	141261319	141261820	1.5	7	4	3	8	124	4.5	69.5	35	144	5.5	78.5	32.5	20.5	0	18.5	27.5	59	2.5	14	37.5	176.5	25.5	125	76.5	156	73.5	143.5
all_peaks_101817	chr3	141989258	141989759	19	3	124	35	107.5	94	85.5	36.5	136.5	60	122.5	138	156.5	115.5	80	108	180	148	114.5	131.5	20	13	11	10	18.5	48.5	15	48
all_peaks_101980	chr3	148727456	148727957	44.5	4.5	256.5	30.5	87.5	67	60	100.5	203	135.5	137.5	196	102.5	108	48	105.5	206.5	197	108	129	30	29	58	33	68.5	111.5	99	104
all_peaks_101998	chr3	148942962	148943463	7.5	6	26.5	16.5	24	113	10.5	164.5	46	121	20.5	143	37.5	26	9	65	39.5	64.5	20.5	44.5	32	100	34	76.5	19.5	107	61	109.5
all_peaks_102125	chr3	150853589	150854090	21	24.5	41	46	80.5	199.5	57.5	114	102	189	129	233.5	89.5	79	55	105	113.5	168.5	105.5	139	104	123	45.5	112.5	110	140	109.5	133.5
all_peaks_102159	chr3	151034327	151034828	2.5	2	1	1	2.5	126	9	67	34	105.5	6	42	19.5	17	1.5	14.5	14.5	26.5	2	13.5	39.5	190	6	73	23	132	26.5	126.5
all_peaks_102194	chr3	151844775	151845276	4	4.5	6.5	1	17	117	8	119	54	144	14	108	19.5	25	4	45.5	21	42.5	6.5	23	52	106	64	128	40	61	81.5	94.5
all_peaks_102224	chr3	151976153	151976654	24.5	9.5	30.5	22	6.5	80	14.5	122.5	45	125.5	16	61.5	27	20	11	63.5	28	68	17	25	89	176	66	199.5	93.5	182.5	97.5	182.5
all_peaks_10227	chr1	172501736	172502237	595.5	548.5	568	539	578	519.5	575.5	511	603	435.5	560.5	467	553	595.5	574	542.5	543	553.5	575.5	601.5	518.5	458.5	616	465.5	419.5	451.5	539	528
all_peaks_102296	chr3	152856409	152856910	2.5	3.5	3	1	31	141.5	2.5	143	20.5	88	4	36	54.5	40	3.5	57.5	29.5	42.5	3.5	10.5	45	138.5	16.5	86.5	11.5	115	10	54.5
all_peaks_102300	chr3	152878889	152879390	357	406.5	352.5	413.5	415	460.5	478.5	388	421.5	372.5	462.5	387	412	408.5	446	355	358.5	358	451.5	387	348	344.5	335.5	326.5	343	301.5	327	318.5
all_peaks_102307	chr3	152939482	152939983	337	261.5	420.5	298.5	366	278.5	364.5	258	313	129.5	307	291	337	354	305	299	333	287.5	297.5	291.5	188	86.5	170.5	51.5	125	72.5	144	74
all_peaks_10236	chr1	172608108	172608609	105	166	106	111	83.5	196	200	182.5	139	280	195.5	224.5	111.5	138.5	240	143.5	149.5	138	197.5	175.5	74	154.5	107.5	163.5	90.5	182.5	113	162
all_peaks_102414	chr3	156237459	156237960	1	2	1	2	10	47.5	6	183	18.5	54.5	5.5	112	10.5	10.5	6	111	9.5	21	4.5	31	26	101.5	41	150	35	63.5	50	179.5
all_peaks_102455	chr3	156505945	156506446	1	0.5	1	1	5.5	75.5	9	76	32.5	126	6.5	45.5	10.5	20	3	32	18	34	6.5	8.5	14.5	132.5	8.5	92.5	25.5	147.5	20	106
all_peaks_10246	chr1	172631837	172632338	92	85	199.5	90	72	179	129	174	212	235.5	148	224	96.5	116.5	124	155	159.5	189.5	121	128.5	42	100	77.5	107.5	102.5	157.5	121.5	130
all_peaks_102461	chr3	156534582	156535083	153	124	154.5	137.5	221.5	162	288.5	187	218	243.5	237.5	176	189	166.5	225	193.5	179.5	144.5	202	193.5	209.5	148	289	228.5	183	145	275.5	212.5
all_peaks_102472	chr3	156784765	156785266	102	49.5	160.5	44	188	15	152.5	6.5	57.5	2.5	132.5	25	152.5	125	164.5	34.5	145	53	148	75	83.5	4.5	26	3	28.5	4	8.5	2
all_peaks_102490	chr3	156846140	156846641	110	92	70.5	95	94.5	80.5	70.5	145	38.5	68	68.5	101	105	90.5	77.5	96.5	74.5	75	88	98.5	87	136.5	108.5	185	71.5	234	89.5	215
all_peaks_102492	chr3	156852538	156853039	20.5	4	23.5	3	213	183	157.5	121.5	137.5	113.5	164	220.5	173.5	162.5	165.5	176.5	161.5	165	155.5	141	104.5	34.5	87	28	74	45	75.5	55.5
all_peaks_102596	chr3	159745530	159746031	1.5	1	5	1	90	156.5	32	158.5	96	113.5	23	104	85	74	10.5	82	32.5	67.5	6.5	34	140.5	107.5	99	108.5	124.5	72.5	92	74
all_peaks_102626	chr3	160167341	160167842	321.5	293.5	339	265.5	405	458.5	347.5	422.5	433	602	359	501.5	357.5	379.5	374	412	361	423	347	401	470	536	475.5	386	466.5	435.5	482	407
all_peaks_102630	chr3	160283164	160283665	438	410	464.5	406	421.5	395.5	396	293	386.5	356	368.5	337	387	369.5	382.5	340	378.5	370	388.5	369	359	339	323.5	279	326	342.5	278.5	324.5
all_peaks_102640	chr3	160519522	160520023	20	21.5	29.5	16	70.5	229	72	136.5	80.5	210	63.5	148.5	77	84.5	51	87.5	66.5	130	39	49.5	131	160.5	82.5	170	138	132.5	132	176
all_peaks_102693	chr3	167452674	167453175	594.5	616	569.5	581	607.5	549.5	637.5	571	482	508.5	603	583	639	578	630	571.5	574.5	541	621	610	478.5	436.5	440	469.5	491	476.5	452.5	504
all_peaks_102707	chr3	167742295	167742796	3	1.5	7	2.5	17	99	13.5	205.5	35	174.5	35	151.5	24.5	33	6.5	99.5	29	73	14	53	5	79.5	26.5	107.5	8	121	56	96.5
all_peaks_10271	chr1	172733480	172733981	31	177.5	21	204	2	1.5	6.5	2.5	2	2.5	0	1.5	0.5	1	5.5	0	2	4	4.5	1	0	0.5	1	2	0.5	1	0	0.5
all_peaks_102719	chr3	167813401	167813902	13	9.5	49.5	31.5	79.5	394	53.5	202.5	120	318.5	133.5	338	79.5	104	32	132	114.5	228.5	78	138	68.5	182.5	70	163.5	148	275	165	287.5
all_peaks_102739	chr3	169476951	169477452	36.5	38.5	40	25.5	70	158.5	41.5	188	124.5	119.5	45	160	70.5	73	45	89.5	68	82	35	54	58.5	135	78.5	125	61.5	136	117.5	138.5
all_peaks_102741	chr3	169482652	169483153	275.5	299	326	320.5	173	196.5	260.5	176.5	222.5	147	226	225	143	181.5	239.5	180	176.5	179	247.5	209.5	171	137.5	129.5	136	143.5	162	206.5	201
all_peaks_102764	chr3	169751140	169751641	107	149.5	80.5	145.5	35	9.5	144	10	38.5	14.5	163.5	67	31.5	44.5	177.5	57.5	56	22	157	108.5	21.5	5	43	6.5	16	5.5	33	14
all_peaks_102770	chr3	169774492	169774993	1.5	0.5	2.5	3	47.5	126	5.5	132.5	18.5	117.5	7	59.5	22	38	4.5	48	22.5	40	1.5	17	79	136.5	48.5	121	92	114.5	54.5	103.5
all_peaks_102884	chr3	171531761	171532262	4.5	3.5	25.5	6.5	11	153.5	4.5	138.5	22	156.5	5.5	53	29	69	3	37	24.5	47	6	26	32	194	19.5	58.5	44.5	196.5	33.5	142.5
all_peaks_102951	chr3	172235672	172236173	55.5	32	28	4.5	52	83	85	109.5	131.5	211	63.5	109.5	84.5	83	35.5	155.5	89.5	90.5	39.5	153	19	42	74.5	65	52	112	46.5	71
all_peaks_102958	chr3	172268280	172268781	7.5	6.5	7.5	2	68	154.5	47.5	114.5	93	177.5	62.5	109.5	75	122.5	43.5	133.5	88	178	60	65.5	65	72	81.5	86.5	58.5	109	102	108
all_peaks_102966	chr3	172309997	172310498	69	44.5	111.5	64	96.5	263.5	208.5	416	321.5	398.5	277.5	555.5	129	203	152.5	391	244	363.5	253	417	50.5	89.5	101.5	205	64	156	159.5	199.5
all_peaks_102980	chr3	172428708	172429209	80.5	77	114.5	98.5	135.5	217.5	131.5	206.5	170.5	219.5	187.5	258.5	137	188.5	119.5	204	146.5	203	158.5	171	126	209	101.5	158.5	172	231	153	226
all_peaks_103012	chr3	176775546	176776047	37.5	36.5	17	24.5	49.5	147	41.5	174	28	56.5	33.5	73.5	47	39	26	50	34	51.5	22	34.5	93.5	162.5	91	162.5	70.5	116.5	112	131
all_peaks_103053	chr3	177144841	177145342	55	16	70	25.5	82	237	101	253	104.5	133	86	161	138.5	100.5	90	105.5	134	113.5	105	96.5	152	221	173.5	213.5	147.5	165	218	233.5
all_peaks_103075	chr3	177397226	177397727	5	2	19.5	6.5	81.5	180.5	38.5	143.5	143	170	55.5	266	91	136	17.5	174	133.5	140.5	23	147	74.5	74.5	54.5	62	101	92.5	100	108
all_peaks_103165	chr3	179280397	179280898	375.5	387.5	386	368	477.5	470	411	479	456.5	541	400	503	391	371	416.5	428	371	392	395	411.5	358	418.5	373.5	420.5	368	454	348.5	369.5
all_peaks_103170	chr3	179326620	179327121	47	8.5	27	7.5	120	183	71.5	146.5	86.5	116	39.5	79	136.5	163.5	54.5	91	80	110	42	68.5	161.5	233	144	128.5	121.5	216.5	121.5	113.5
all_peaks_10322	chr1	173519951	173520452	25.5	50	36	50.5	40	5	157	7.5	62.5	13	156	52.5	29.5	20	95	25	103	48.5	169	137	4.5	1.5	12.5	3	16	8.5	48	6.5
all_peaks_103286	chr3	183003583	183004084	142	72	212.5	100.5	84.5	187.5	81.5	278	169	157.5	67	165.5	104.5	134.5	64.5	129.5	145	172.5	69	97.5	170	336	288	302.5	164	347.5	220	286
all_peaks_103398	chr3	184080805	184081306	153	137.5	208	192.5	310	311.5	240	325	250	390.5	258	260	234	222	222.5	233.5	240.5	290.5	236	258.5	260	345	299.5	318.5	346	309.5	330.5	345.5
all_peaks_103411	chr3	184279208	184279709	116.5	98.5	86.5	149	120.5	210	98.5	163	159	230.5	155	172	110.5	149.5	74	146.5	114.5	243	180.5	143	161	148	165.5	233.5	222.5	263.5	268	284.5
all_peaks_103472	chr3	185255128	185255629	7.5	7.5	7.5	2.5	40	132	48	188.5	26.5	76	29.5	90	57	59	20	112	23.5	38	15	29	78	142.5	52	95.5	70	105	60.5	76
all_peaks_103515	chr3	185826780	185827281	141	92	237	130	234	395.5	250	459	243.5	396	298	394	233.5	188	170	378	245	284.5	225.5	319	225.5	280	382	390	261.5	380.5	417.5	389.5
all_peaks_103548	chr3	186236867	186237368	136.5	97	159.5	115.5	111.5	61.5	135.5	123.5	120	87.5	165	130.5	130.5	97	143	84.5	194.5	147.5	160	160.5	58	22	41.5	38	55	47	26	61
all_peaks_103551	chr3	186251958	186252459	51	22	46	26	21	36.5	75.5	139	37	81.5	80.5	76	19.5	21	80	54	54	52	129	105	19	95	79.5	188	14.5	127	63	239
all_peaks_103594	chr3	186600496	186600997	2.5	2	4	2.5	25	123.5	9.5	126	39	212.5	5.5	48.5	45	46	5.5	61.5	45	69.5	8.5	19.5	35.5	190	28.5	169	75	192	44	137.5
all_peaks_103597	chr3	186626844	186627345	134.5	116	150.5	122.5	160	147.5	193	103	157.5	86.5	218.5	190	174	193	212	137.5	217.5	160.5	223	194	124.5	29	91	37.5	119	35.5	114	34.5
all_peaks_103615	chr3	186745241	186745742	211	240.5	132.5	254.5	106.5	26.5	183.5	27.5	45.5	17	213	53	101	66	226	45	87.5	34.5	212.5	136	96.5	15.5	63	16.5	70	22	54.5	14
all_peaks_103663	chr3	187520612	187521113	33	8.5	36.5	3.5	112.5	169.5	64	169	145.5	150	80	147	103	128	48	168	123	129	59	98	151	158.5	249.5	164.5	118	164.5	144.5	119
all_peaks_103665	chr3	187524827	187525328	1	2	1	2.5	12	67.5	4.5	133	16	104	5	30	18	13.5	1.5	25	13	30.5	4.5	8	54	168	48.5	237	76	190.5	57.5	210
all_peaks_103668	chr3	187540181	187540682	14	7.5	50.5	19.5	26	5.5	110	25	40.5	10.5	190	73	25	38.5	73	36	73.5	29	196	122	7	5.5	23	4.5	38	4.5	66	9.5
all_peaks_103698	chr3	187717545	187718046	158.5	66.5	111	65.5	168.5	48	168.5	56.5	126	50.5	171	99	147	155.5	122	110	163.5	105	146	148	83.5	18.5	116.5	16.5	48	23.5	120.5	34
all_peaks_103746	chr3	188057469	188057970	23.5	9	148.5	28.5	21.5	111.5	14.5	119	57.5	199.5	39	65	39.5	21	22	18.5	56	63	61.5	32	45.5	161.5	70	160	83.5	225	130.5	220
all_peaks_103788	chr3	188506252	188506753	60.5	78.5	39.5	103	30	116	42	167.5	57	176.5	58.5	123.5	17	20	30	46	33	42	56.5	38	32	245	63.5	222.5	36.5	268.5	105	257
all_peaks_103812	chr3	188850075	188850576	105.5	65	209	96	174.5	139	207	121	165.5	95	215.5	159	167	163.5	168.5	157.5	190.5	139.5	177.5	161	170	54.5	152	82.5	164.5	82	166.5	43
all_peaks_103834	chr3	189042468	189042969	220.5	199	200	243	206	184.5	270.5	252.5	179	198.5	237.5	244	255	246	288	269	223	248.5	250.5	261	144	84.5	140.5	57	128	95.5	142	103
all_peaks_103839	chr3	189073513	189074014	103	63	72.5	80.5	150	65.5	164.5	47.5	79.5	28	113	74.5	150	129	176.5	135.5	128.5	87.5	158	128.5	65.5	29.5	39	14	60.5	15	34.5	26
all_peaks_103854	chr3	189247205	189247706	3	0.5	1	2.5	4	73	0	188.5	5.5	155.5	2.5	29.5	2.5	8	4	25.5	3.5	32.5	1.5	6.5	4.5	275.5	3	197.5	21.5	265.5	13.5	248.5
all_peaks_103907	chr3	190231513	190232014	300.5	333.5	299	326.5	437.5	445	398	397	369	477.5	386	399.5	336	356.5	339	359.5	325.5	350	336.5	369.5	308.5	324.5	293.5	335	291	319.5	346	298.5
all_peaks_103918	chr3	190284194	190284695	3	3.5	1	4	21	122	25.5	284	42.5	147.5	22.5	95	23.5	106.5	15	149	14	97.5	15.5	52.5	64.5	164	138.5	222	62	189	150	184.5
all_peaks_103924	chr3	190303548	190304049	12	3.5	8.5	4	46	94	17	173	32	88	10	37	45	75	5	87	24.5	63.5	5	31	93	188	93	155	21.5	178.5	61.5	160.5
all_peaks_103988	chr3	192568411	192568912	7.5	0.5	6.5	1	49	129.5	15	158	20	103	18.5	56.5	73.5	77.5	5.5	65.5	35.5	78	16.5	28.5	49.5	156	37	105.5	39	111	49	113
all_peaks_103996	chr3	192610706	192611207	68	26	36.5	31	151	187.5	97.5	174	150	168.5	118.5	179.5	174.5	218	77.5	171	121.5	154	122	127	149	123	122.5	157	116.5	130	120	122.5
all_peaks_103998	chr3	192616619	192617120	59	39	24	31	189.5	280	167	273.5	148	218	179	210	199.5	281.5	152	299.5	139	183.5	172	241.5	124	162.5	118.5	168.5	43.5	161.5	105.5	114.5
all_peaks_10401	chr1	174968565	174969066	487	497.5	417.5	427	464	324	380	309.5	379	481	385	361	449.5	396	410.5	400	376	393	401.5	386.5	433	398.5	377.5	406.5	414	363.5	423	451
all_peaks_104073	chr3	194023973	194024474	51.5	73	33	49	146.5	170	192	151	194	71.5	177	172	129.5	146.5	113.5	215.5	95.5	105.5	143	188.5	97.5	32	78	34.5	60.5	23.5	71	34.5
all_peaks_104113	chr3	194241456	194241957	7.5	2	4.5	1	21	122.5	6.5	166.5	23.5	139	3.5	26	27.5	30.5	5.5	32.5	30	43	10	9.5	30	182	7	93	13.5	141.5	20	104.5
all_peaks_104144	chr3	194489798	194490299	331.5	356.5	301	349	203	217	249.5	193	228.5	140	219	224.5	228	239	297.5	265.5	214.5	217.5	269.5	210.5	233.5	220	241.5	241	176	196	278	210.5
all_peaks_104164	chr3	194854136	194854637	62	5	11	3.5	70	139	2	1	13.5	38.5	0.5	2	56	111.5	0	1	12	40	1.5	0	178.5	248.5	2.5	6	48	70	2	3.5
all_peaks_104186	chr3	194980449	194980950	132.5	92.5	206	180.5	175	230.5	124.5	166.5	189.5	218.5	213.5	300	149	144.5	81.5	151	172.5	213.5	147	221	186	153	104.5	149	134	207	161.5	202
all_peaks_104196	chr3	195163669	195164170	382	307.5	395.5	343	499.5	600	466	601	427.5	555.5	463.5	558.5	471	501.5	457	594	491.5	585	443	503	510	584	498	523	479.5	565.5	489	524.5
all_peaks_104210	chr3	195276945	195277446	197	223.5	186.5	279.5	90	24	169.5	60	56.5	37	167.5	111.5	90.5	76	192.5	86	113	74.5	222	150.5	60	14.5	84	26	61.5	19.5	55.5	23.5
all_peaks_104319	chr3	195906567	195907068	186.5	202.5	205.5	271	302	504.5	224.5	541.5	378.5	479.5	339	497.5	348.5	337.5	186.5	296	418.5	579.5	310.5	276	388.5	511.5	377	492.5	579	505	510	621
all_peaks_104321	chr3	195908695	195909196	65	17	66.5	13.5	131	163	160	180	183.5	138.5	151	169.5	139.5	174.5	114.5	174	114.5	166	111.5	165.5	91.5	71.5	100	98	95	93	95.5	66
all_peaks_104365	chr3	196295262	196295763	389	400	422.5	410.5	378.5	337	357	270.5	248.5	267.5	344	331	338.5	300	356	336	338	317	353	352	264	206.5	227.5	208.5	258.5	220.5	239.5	199
all_peaks_104381	chr3	196359065	196359566	328	272	467.5	329.5	491.5	577.5	595.5	341	555	449.5	682	667	472.5	592	518.5	545.5	593.5	603.5	622	634	411	267	390.5	234	406.5	264	394	308.5
all_peaks_104466	chr3	197281529	197282030	278.5	293	301.5	284.5	369.5	493	365.5	448.5	354.5	457	370	420.5	330.5	368	346.5	381	390.5	395.5	348	371	393	396.5	433	405.5	385.5	396.5	400.5	368
all_peaks_104479	chr3	197439083	197439584	265.5	291	257	332	117	171	135.5	227.5	113.5	134.5	114.5	146.5	132	135.5	133.5	146	132	103.5	100.5	115.5	148.5	226	218.5	211.5	136.5	189	183.5	179
all_peaks_104482	chr3	197463632	197464133	409.5	396.5	471.5	425	409	449.5	474	524.5	389	449	436.5	499.5	409.5	353	428	424	414	407	402	402	297.5	380.5	391	377.5	347	393	399	441.5
all_peaks_104497	chr3	197633347	197633848	6	3	8	2.5	17.5	202.5	6.5	189.5	29.5	267.5	8.5	87.5	39.5	31.5	4	23.5	40.5	121	9.5	7	38.5	409	13	280.5	132.5	399.5	58	349
all_peaks_104512	chr3	197798701	197799202	9	10.5	18	10	20	178	14	189	59.5	160.5	20.5	89.5	31	74	9	48.5	41	95	12.5	21	105.5	236	102	253	160	202.5	170	246.5
all_peaks_104537	chr4	331264	331765	328.5	388.5	295	343.5	232	257	321.5	375	232	129	301	269	293	283.5	330	311.5	283	266.5	319.5	280	370.5	302	363.5	338	261.5	266	319	341.5
all_peaks_104576	chr4	699176	699677	166.5	146.5	145	146.5	262.5	296.5	209	240.5	259	262	219	218	254.5	259	241.5	260.5	260.5	315.5	242.5	272.5	316.5	309.5	291.5	277	317	355	320	293.5
all_peaks_104587	chr4	775506	776007	556.5	557	570.5	586	558	609.5	625.5	684.5	572	592	629	651.5	663.5	694	655.5	710.5	683	653.5	705	700.5	641	665	614.5	621	649	607	681.5	650
all_peaks_104624	chr4	918438	918939	40.5	7.5	57	27.5	33.5	184	11.5	338	92	223.5	24.5	130	66.5	63	24.5	139	124.5	137.5	120.5	93.5	46	233.5	70	235	53.5	208.5	86	261
all_peaks_104635	chr4	964046	964547	8.5	5.5	330.5	63	18.5	2.5	9	4.5	14	8	16.5	4.5	11.5	6.5	5	2	59	26.5	27	11.5	8.5	2.5	5	2.5	26.5	15	9	4.5
all_peaks_104673	chr4	1049542	1050043	209.5	241.5	354	320	99	59.5	158.5	50	67.5	54	116.5	70.5	86.5	94	143.5	63.5	94.5	67.5	119.5	74	71.5	31	157.5	63.5	71	27.5	125.5	67
all_peaks_104730	chr4	1331058	1331559	4	8.5	3	3	27	16	10	127.5	10	13	2	12	9	11.5	4.5	25.5	7	3	1.5	2	13	83	26.5	161	4.5	102.5	24	173.5
all_peaks_104734	chr4	1340638	1341139	442	462	465	441	514	539.5	471.5	572.5	514.5	498.5	497.5	538	534	540	497.5	515.5	505	565	502.5	508.5	602.5	588.5	583	583	569	505.5	548	538.5
all_peaks_104765	chr4	1607171	1607672	127	147.5	75.5	99	145.5	38.5	174.5	18	126.5	15	197.5	81.5	130.5	155	185	70	163	106	172	139	83.5	8.5	52	4	65.5	4.5	34	4
all_peaks_104779	chr4	1685927	1686428	180.5	149	175	156.5	319	284.5	219.5	292	252.5	216.5	213.5	164	274.5	249.5	251.5	280.5	201.5	254.5	198.5	210.5	274.5	252	250	317	301.5	267.5	212	275.5
all_peaks_104787	chr4	1722737	1723238	350.5	375.5	337.5	355	342.5	376	437.5	296	304	251.5	378	297	319	292.5	394	275.5	303	271.5	372.5	295	359	334.5	398.5	331.5	328.5	276.5	343.5	336.5
all_peaks_104834	chr4	1857791	1858292	385	365.5	388.5	345.5	454.5	488.5	480	527	444.5	392	481	394	404.5	441	473.5	470	421	439.5	429	446	290	315	328.5	426	310	315.5	352	361
all_peaks_104884	chr4	2243761	2244262	303.5	293	286	280	394	355.5	314.5	340.5	321.5	427	332.5	336	453.5	423.5	408.5	430.5	445	551	425	449	510.5	448	433.5	452.5	434	453	461.5	482.5
all_peaks_104892	chr4	2263761	2264262	751	833	826	820.5	802.5	906	823	922	803	786.5	843.5	817.5	779.5	815	825	849	788.5	929	807.5	821	949.5	941	885.5	877	919.5	975	844	769
all_peaks_104897	chr4	2283573	2284074	259	280	380.5	324	191.5	128	248	200.5	137.5	59	210	133	183.5	212	255.5	168.5	226.5	179.5	230	149	151.5	119.5	267.5	156	172	76.5	202	149
all_peaks_104900	chr4	2292620	2293121	87	86.5	171.5	181	56	9.5	86	16.5	64	27.5	132	38.5	45	59	86.5	25.5	88	62.5	118	75	18	8.5	57.5	9	82	12.5	88.5	29
all_peaks_104915	chr4	2414614	2415115	347	155.5	395	195.5	370.5	295.5	283	270.5	479.5	404	346.5	370.5	365	436.5	285	429.5	368.5	447.5	320.5	447.5	289.5	287.5	305.5	244	313.5	345.5	318.5	284
all_peaks_104916	chr4	2420334	2420835	332.5	209.5	287	184	312	248.5	246	193.5	285.5	262.5	207.5	186.5	339.5	319.5	252.5	290	315.5	364.5	208	225.5	310	279	275	269	363	283.5	249	278
all_peaks_104936	chr4	2537888	2538389	503.5	462	469	437	540.5	509	525	591	511.5	405.5	468	448	536	501.5	498	586.5	522	542	522.5	496	475.5	508.5	522.5	506	447	437.5	446.5	433
all_peaks_104958	chr4	2747839	2748340	68	7.5	123.5	8	112	506	58	595	178	474.5	43	336	218.5	169	64	288.5	214.5	309	90	112.5	157	473.5	259	501.5	162.5	413.5	243.5	396
all_peaks_105009	chr4	2937678	2938179	33.5	7.5	81	8	123	229	12.5	127.5	107.5	265.5	22	94.5	107.5	83.5	6.5	37	89	156.5	13	17.5	110.5	215.5	17	168	160	255	78.5	153.5
all_peaks_105017	chr4	2956228	2956729	33	16	27.5	12	71	122	23	78.5	103	193.5	34	94	50.5	39	13.5	54	68.5	90	23	46.5	91	100	45	72	77	161.5	82.5	130.5
all_peaks_105033	chr4	3049268	3049769	167.5	77	210	84	161	237	168	353	134.5	181.5	130.5	199	157	189.5	154	215	137	149.5	136.5	117	254	245	421.5	405.5	207.5	234.5	384	386
all_peaks_105049	chr4	3204096	3204597	180.5	182	171.5	191.5	201	228	318.5	195	267.5	186.5	321	320	304.5	275.5	340	224.5	283.5	256.5	291.5	281	226	114	164.5	84.5	214.5	81	179	54
all_peaks_105059	chr4	3304133	3304634	286	246	364	505.5	95.5	26	230	26.5	220.5	69.5	416	189	91	34	171.5	41.5	290	159.5	402.5	274	52.5	11.5	92.5	16.5	108	39.5	187.5	82.5
all_peaks_105128	chr4	3957344	3957845	464.5	449	401	441.5	382.5	357	460	360	362.5	437.5	472.5	399	547	555.5	557.5	494	520.5	461	531	510.5	405	399	393.5	438.5	399.5	397.5	398	369
all_peaks_105141	chr4	4350239	4350740	97	133	185	284.5	50.5	5.5	119.5	3.5	104	9.5	237.5	148.5	70.5	90	146.5	59.5	166.5	98	287	220	27	2.5	42.5	1.5	39.5	1.5	100.5	11.5
all_peaks_105221	chr4	6182609	6183110	36.5	0.5	129	11	327.5	415	157	341.5	331	310.5	266	362	286	324.5	72.5	264.5	333	366.5	204	263	287.5	251.5	120.5	186	255	243	263.5	220
all_peaks_105276	chr4	6692095	6692596	103	81	120.5	91.5	115.5	86	170	99.5	103	87	176.5	184	138.5	143	169.5	128.5	167	100.5	176.5	169.5	48.5	25.5	68	26	62.5	37	87.5	53.5
all_peaks_105280	chr4	6697935	6698436	152	162	161.5	117	198	146	265	101	100.5	82.5	225	125	196.5	175	265	151	211.5	132	234.5	168	132	100.5	72.5	34	116	48	55.5	22.5
all_peaks_105340	chr4	7000952	7001453	13	17	3	5.5	165.5	31	171	45.5	8.5	9.5	46	17	127.5	112.5	88	73	13	8.5	47	26.5	69.5	30	58	23	7	11	11.5	10.5
all_peaks_105344	chr4	7044628	7045129	132.5	119.5	182	122	292.5	368	230	336.5	351.5	409	219	337.5	243.5	241.5	209	308.5	228.5	293	175.5	221.5	245	308	234.5	323.5	313.5	320	242.5	317
all_peaks_105373	chr4	7651350	7651851	25.5	11	164.5	49.5	78.5	145.5	16.5	139	177.5	173	78	158.5	94	130.5	10	60	123.5	176	33.5	69	86	130.5	107	157	212.5	151.5	253.5	189.5
all_peaks_105386	chr4	7760898	7761399	129	156	115.5	121.5	123.5	58.5	142.5	40.5	92.5	17.5	131	55.5	130	171	129.5	92.5	136.5	95.5	122.5	138.5	93.5	36.5	78	33	70	24	47.5	32.5
all_peaks_105461	chr4	8411185	8411686	63.5	12.5	360.5	58	195.5	82.5	45.5	7	283.5	137.5	84.5	73	285	366	30	125.5	442	356	65.5	126.5	127	7	7	4	141.5	57	11	6
all_peaks_105463	chr4	8421184	8421685	2.5	2	17.5	7	22	72	2.5	57.5	22	139.5	1.5	16.5	23	37	4.5	26	33.5	69	2	10.5	23.5	164.5	8.5	92.5	21	162.5	6	61
all_peaks_10550	chr1	179923553	179924054	592	653	566	655.5	504.5	493.5	540	491.5	471.5	404.5	557	527	484	465.5	557	496	525	453	516	494	524.5	541.5	522	487.5	638.5	473.5	515.5	477
all_peaks_105500	chr4	9693233	9693734	229	234.5	237.5	217	185.5	235.5	179	236	128.5	146	117.5	140	174.5	233	170.5	175	151	193	147	120.5	278.5	270	216.5	268.5	211.5	242.5	231	207
all_peaks_105533	chr4	10097664	10098165	104	71.5	106	78	262.5	276	201.5	226	285	237	223	300	215	270	142	212.5	263	281	162	185	159.5	150	118.5	167	142	190	174	223
all_peaks_105538	chr4	10108199	10108700	48	9	70.5	23	83.5	187.5	21	228	64	193.5	25.5	111	118.5	95	14	78	68.5	108.5	28.5	37	86.5	261.5	75	219	86.5	187.5	147	208.5
all_peaks_105544	chr4	10118256	10118757	229	212	242.5	223.5	355	305.5	278	298	396	337.5	271	359	287	305	246	330	266.5	328.5	247.5	284	246	220	270	287	264	231	278.5	278
all_peaks_105561	chr4	10418011	10418512	2.5	18	7.5	172.5	5	0.5	44.5	4	57	8	231	93.5	4	7.5	45	2.5	36.5	29	217.5	127.5	0	1.5	4	0.5	7	2	33.5	11
all_peaks_105582	chr4	10672900	10673401	113	202.5	45.5	319.5	93	126	318.5	193	75	70.5	276.5	226	120.5	206	273	210	81	148.5	294	257	116.5	106.5	195	97	72	46.5	207	100
all_peaks_105653	chr4	14784477	14784978	3	0.5	2.5	2	1.5	39.5	1	136.5	0.5	100.5	2.5	23.5	6	5	0	24	1	25	1	3.5	4	121.5	8.5	155	11	119.5	9.5	176
all_peaks_105658	chr4	14857937	14858438	3	2	1	2.5	4.5	104.5	2.5	247.5	5	114	3.5	104	14.5	19	2	77	10	42.5	3.5	25	0.5	171.5	13	218	3.5	141.5	3.5	182
all_peaks_105707	chr4	15683019	15683520	145.5	136	126	119.5	247.5	247.5	204.5	272	229.5	291.5	186.5	271	204.5	182	170	216	166	208	179	188	232	248	231	233	264.5	268	242.5	229
all_peaks_105714	chr4	15757892	15758393	181.5	148	289	165.5	218.5	267	190.5	255.5	309	309.5	237.5	312.5	213	246	183	242.5	263.5	244.5	183	200.5	307.5	188.5	316	253.5	288	268.5	296	246.5
all_peaks_105871	chr4	23335633	23336134	180.5	197.5	47	203	77	93	166.5	260	14.5	12	97	128.5	91.5	145	193.5	242	16	24	64	83.5	147	133.5	281	251.5	29.5	15.5	143.5	159
all_peaks_105954	chr4	25940417	25940918	2.5	0.5	2.5	1	25	112.5	5	157	19.5	97.5	1.5	46	26.5	24	0	25	19.5	45	0	8.5	27	127	12	115.5	18.5	145	19.5	86.5
all_peaks_10596	chr1	180600776	180601277	336	342	307.5	326	249.5	243	307.5	287	241	241.5	318.5	266.5	363	343	333.5	306	350.5	304.5	330.5	311.5	294.5	228	348.5	302	266.5	214.5	299.5	209
all_peaks_105968	chr4	26076210	26076711	19.5	0.5	12	1	15	53.5	2	72.5	36	113.5	3	30	15	43.5	3	53	20	31	3	29	31	147.5	11	130.5	27	176	6	126.5
all_peaks_105987	chr4	26198900	26199401	44	14	70	16	122.5	185	93	179.5	161	194.5	122	210	138	163.5	57.5	181.5	117.5	155	71	156	66.5	93.5	90	111	106	128.5	110	109.5
all_peaks_106024	chr4	26585097	26585598	211.5	264.5	185	237	161	110	167	87.5	154	73	135	104	149	192	167.5	110.5	138	116.5	151.5	117	138	98.5	160	106.5	122	59.5	119	63.5
all_peaks_106048	chr4	26874929	26875430	70	41	276	73	32	115	62.5	179.5	135.5	199.5	98.5	216.5	67	64.5	57	83.5	168.5	144	103	122.5	53.5	167	77.5	206.5	162.5	227.5	236	283
all_peaks_1061	chr1	9335547	9336048	10	5	30.5	13	128.5	140.5	28	123.5	169	146	38.5	74.5	168.5	164	14	137.5	177	182	22	57	141.5	100.5	56.5	73.5	127	86.5	64	52.5
all_peaks_106112	chr4	36257096	36257597	196	165.5	227.5	178	89	16	130.5	66.5	34	27	112.5	118	84.5	42	164.5	78	104.5	52.5	134	99.5	30.5	7.5	113	39.5	27.5	11	50	30.5
all_peaks_106121	chr4	36287733	36288234	140	28.5	267	58.5	232.5	323.5	169.5	274	232.5	308	236	384	276	274	148	283	265	276.5	214	232.5	235.5	271	230.5	232.5	265.5	198.5	249	195
all_peaks_106131	chr4	36387411	36387912	208.5	279.5	158.5	260	51	22.5	143	52	11	15	96.5	72.5	49.5	47.5	138.5	79	42.5	40	103	111.5	47.5	17.5	130	33.5	28	9.5	87	60
all_peaks_106172	chr4	37687899	37688400	419	419	387.5	387	388.5	415.5	438	471	414	587	459.5	499.5	485	485.5	512.5	529	524.5	537.5	497.5	536	455.5	489	523	524	509	448	515.5	525.5
all_peaks_106216	chr4	38130478	38130979	61.5	11	108.5	30	170	239.5	28.5	202.5	207.5	211.5	98	188	169.5	225.5	22.5	160.5	210.5	306	79.5	89	208.5	211.5	81.5	125	132	210.5	72	183
all_peaks_106217	chr4	38133830	38134331	97	74	193	62.5	163	298.5	93	243.5	217.5	174.5	160	187	191.5	223.5	69	268	217.5	221.5	108	161.5	232	194	238	214.5	199	143	156	123.5
all_peaks_106226	chr4	38162481	38162982	77.5	19.5	34.5	7	51	69	24.5	90.5	48.5	80.5	19	44.5	52.5	70.5	15	49.5	33.5	69	15	13	130.5	174	90	147	126	176	36.5	106.5
all_peaks_106233	chr4	38308119	38308620	14.5	22	14	12.5	56.5	185.5	53	163.5	66.5	63.5	47.5	144.5	61.5	65	36.5	81	58	83	34	59.5	60.5	96	136	104	25	60.5	105.5	76
all_peaks_106235	chr4	38312017	38312518	154	106	221.5	117	253.5	404	186	221.5	289.5	254.5	246.5	304	261	232.5	185.5	218.5	271.5	327.5	224.5	207	220	222.5	221.5	180.5	161.5	202	194	145.5
all_peaks_106254	chr4	38511072	38511573	82.5	122.5	106.5	137.5	83.5	15.5	183.5	34	43.5	9	179.5	76	72.5	40.5	179.5	75	67	31	177	118	15	1.5	25.5	5	10	2	22.5	9
all_peaks_106256	chr4	38525410	38525911	54.5	6	75	9	149	228	10	51	127.5	169.5	27	41	137	158.5	14	51	92.5	187.5	17.5	24	160.5	159	26	49.5	154.5	154	38	44
all_peaks_106269	chr4	38656727	38657228	105	155.5	116.5	169.5	9	2.5	43	1.5	5	1.5	28	1.5	38	16	70.5	7.5	21.5	9.5	36	12	12	2	8	1	0.5	2.5	2	0.5
all_peaks_106272	chr4	38665280	38665781	385.5	423	460.5	395.5	415	185.5	435.5	123.5	269	129.5	378.5	168	378	274	423.5	255	352.5	227	366	276	207.5	97.5	200.5	134	111	49.5	109.5	100
all_peaks_106273	chr4	38668689	38669190	169.5	242	263.5	249	25.5	16.5	55	43	17.5	5.5	27.5	42.5	21	19.5	54.5	53	30.5	10.5	32	21.5	23	14.5	54	40	4	10.5	13	24.5
all_peaks_106340	chr4	39355042	39355543	65.5	72	61	54	93.5	195.5	105.5	205.5	104	219	92	222	99.5	122	85.5	128.5	77.5	125.5	62.5	97	168	231	200.5	202.5	173.5	225.5	163.5	179
all_peaks_106412	chr4	40215608	40216109	129	134	95	243.5	21.5	13	32.5	8.5	13.5	6.5	26.5	9	31.5	15	33.5	4.5	36.5	13	47	26	25.5	10	18.5	6	16	10.5	14	11
all_peaks_106451	chr4	40303617	40304118	266	299.5	133.5	309	116	60.5	246.5	43.5	74.5	16.5	192	70.5	139	96.5	303	105.5	89.5	58.5	239	95.5	154.5	22	211	30.5	82	11	109.5	9.5
all_peaks_106466	chr4	40435378	40435879	39	105.5	12	53	78	34.5	251	130	55.5	25.5	171.5	73	31	69.5	180.5	152	16.5	22	171.5	98	93	46.5	173.5	86	32	23	116.5	48
all_peaks_106498	chr4	40674899	40675400	97	15	79	7	192.5	407	89	395.5	266.5	306.5	79	223	175.5	269	56.5	314.5	208.5	285.5	50.5	104	192	301.5	224.5	258.5	236.5	295.5	204	219.5
all_peaks_106570	chr4	42629759	42630260	62.5	154.5	89.5	308	24	17	27	22.5	11.5	8.5	68	67	19	15	45	25	27	30.5	121.5	63.5	28.5	33.5	10	65	13	30.5	13	47
all_peaks_10660	chr1	181365142	181365643	129	166	62	229	80.5	35.5	205	105	35.5	28.5	218	156	47.5	80	198	106.5	62.5	28.5	170.5	201.5	48.5	22	90	52.5	17.5	35	105.5	84.5
all_peaks_106617	chr4	47533647	47534148	57.5	39	157	72	140	126.5	175	128	221.5	124.5	197	220.5	111	144	122	169.5	173.5	162.5	188.5	242.5	45.5	24	72	30	36.5	42	100	78
all_peaks_106658	chr4	48129840	48130341	64.5	56	40.5	59	48.5	78.5	85.5	210	73	93.5	119.5	194.5	32	42	68.5	104.5	55	86	76.5	116	85.5	103	118.5	119	61.5	158.5	146.5	139
all_peaks_106721	chr4	48911627	48912128	7	4.5	1	2	10	90	5.5	196	10	47.5	3	29.5	5	19.5	2.5	45.5	3	15	1.5	6.5	28	188.5	26	209	25.5	200	54.5	234
all_peaks_106748	chr4	52708941	52709442	387	384.5	434.5	419	482	702.5	537	597	460.5	523.5	556.5	633	472.5	459	471	560	468.5	518.5	479	499.5	421.5	447.5	410	438	462.5	489.5	495	483.5
all_peaks_106772	chr4	53578258	53578759	417.5	416	466.5	401	415.5	525	485.5	486.5	421.5	429	441.5	541	486	402	471	446	467.5	424.5	428.5	398.5	349	402.5	359	399	384	413	395	410.5
all_peaks_10683	chr1	182056363	182056864	42.5	50	16.5	19	46	11.5	129	8.5	32	3	126	60.5	31.5	64.5	91.5	97.5	40	37	94	202.5	18	2	17.5	4.5	12	3.5	18.5	4
all_peaks_106833	chr4	54930505	54931006	261	227	280	226.5	295	204.5	247	170	183.5	182.5	244	175.5	222.5	237	233.5	224	212.5	205.5	226.5	239	212	125.5	210	155.5	173	122.5	161.5	111.5
all_peaks_106911	chr4	56814757	56815258	188	151	187.5	149	284.5	280	213.5	268.5	292.5	239.5	220.5	297	187.5	237	190	264.5	201	238	179	224	279.5	286	241	300	272	318.5	270	278
all_peaks_10697	chr1	182218231	182218732	9	7	9	2	79	145.5	18	172.5	57.5	126.5	24	125.5	62.5	71.5	9.5	81	45	89.5	11	36.5	103	94.5	53.5	150	117.5	126	96	141.5
all_peaks_10698	chr1	182228318	182228819	112	105.5	257.5	134.5	302.5	336.5	188	239	534.5	285	377.5	491	322	415.5	185.5	255.5	485.5	525	281.5	344	335.5	116.5	209.5	139.5	398	234.5	326	199.5
all_peaks_106994	chr4	68388906	68389407	27.5	2.5	20.5	4.5	117	119.5	19.5	119	62.5	57.5	7.5	28.5	124	79	9	51	38.5	53.5	7.5	15	96.5	175	66	118.5	17	101.5	36.5	79.5
all_peaks_106997	chr4	68411037	68411538	221.5	229	328.5	259.5	249.5	341.5	280.5	305.5	309.5	285.5	366	442	252	264.5	280.5	329.5	284	326	294	296.5	276	215.5	264	255.5	266.5	300	308	311.5
all_peaks_10704	chr1	182360727	182361228	83.5	79.5	83.5	39.5	136.5	46	175	92	106	20.5	188	93.5	145	109	181.5	119	146.5	117	155	125.5	99	28.5	122.5	99.5	112	45.5	135	90.5
all_peaks_107050	chr4	70296454	70296955	29	46.5	22.5	43	143.5	110.5	72	54.5	164	276	72	136	122	49	36.5	43.5	60	63.5	42	35.5	71	82.5	92	137	105	101.5	108.5	183.5
all_peaks_107053	chr4	70626204	70626705	104.5	214.5	22	196	133.5	26	191	25	42	8	172	67	127.5	118	244	94	61	44	212	136	50	9	53	19.5	17.5	8	47.5	19.5
all_peaks_107157	chr4	73935318	73935819	188	167	216.5	179	247.5	283	201.5	280	281.5	387.5	194.5	269	220	225.5	180.5	266	214	248	162.5	224	228	269	227	259	232	345	203	294.5
all_peaks_10724	chr1	182585119	182585620	162	95	273	215.5	133.5	246.5	271.5	368	236.5	335.5	241	400.5	96.5	94	180	268.5	230	240.5	257.5	293	89.5	116	181.5	169	68.5	167.5	215.5	210
all_peaks_10730	chr1	182598761	182599262	31	20	44	15.5	17	80	29.5	89.5	58	223.5	31.5	110.5	28.5	44.5	24.5	54.5	73	84	22	55	15.5	23.5	12.5	42	16	86.5	15.5	90
all_peaks_107311	chr4	77222464	77222965	1	4.5	10	1	79	222.5	22	179	82	120	31.5	147	71	93	14.5	104	67	115	12.5	41.5	137	108.5	60	90.5	112	101	68.5	52
all_peaks_107399	chr4	78507968	78508469	15.5	4.5	62	8	32.5	259	34.5	324	105.5	326.5	61.5	334.5	61	69	23	157.5	95.5	165	33.5	77.5	82.5	222	92.5	271	138.5	237.5	231	313
all_peaks_107502	chr4	80979824	80980325	125	91	128	133.5	29.5	111.5	62	101.5	69	116	59.5	89	42	48.5	40	55	57.5	79	63	59	185	225	156.5	212	203	199	175.5	200
all_peaks_107541	chr4	81413878	81414379	108.5	131.5	105.5	110.5	160.5	30	193.5	14.5	100	16.5	214.5	76.5	174	132	267	76	155.5	76	253.5	160	50	4.5	38.5	6	22	4	36.5	11
all_peaks_107570	chr4	82392916	82393417	328.5	407.5	405.5	406	186.5	225	261.5	133	216	244	238	191	194.5	167.5	223.5	197	266	251	238.5	226.5	221.5	178.5	209.5	179	223	228	211	193.5
all_peaks_107619	chr4	83205979	83206480	400	444	509	493	408	447.5	415	401.5	393.5	398	481.5	482.5	382.5	392.5	417.5	358	409	440	456	368	453.5	430.5	503.5	421	480.5	485	569.5	455.5
all_peaks_107673	chr4	84005197	84005698	202.5	283	160.5	242	112.5	34.5	163	21.5	120.5	40	223	118.5	136	141.5	183.5	82.5	203.5	102.5	213.5	155	121	5	101.5	12.5	53.5	9	126	34.5
all_peaks_107676	chr4	84035685	84036186	140	198.5	136.5	180.5	42	18	124	45	20	14	101	63.5	52	43	140.5	61.5	51.5	21.5	114	71.5	31.5	3	73	30	20	10.5	54.5	22
all_peaks_107678	chr4	84060098	84060599	3.5	8	52.5	49	3	1	20	1	36	12.5	167.5	20.5	13	9.5	27.5	4	78	34	168.5	68.5	2	0.5	2.5	1	11	3	46.5	9.5
all_peaks_107683	chr4	84133538	84134039	341.5	375.5	383.5	400	202	9.5	222	4.5	72	10	294	53	187.5	82	258.5	17	193.5	73.5	267.5	101	137	1.5	166.5	5	29.5	1.5	79.5	8
all_peaks_107684	chr4	84138788	84139289	288	270	385	340.5	277	177	342.5	109	226	143.5	322	279.5	252.5	223	268	179.5	298.5	225.5	306	265.5	158.5	62	151	61.5	115	61	192.5	103.5
all_peaks_107687	chr4	84152716	84153217	26.5	18	46	31	82.5	70.5	122.5	87	74.5	84.5	138	199.5	38.5	48	85.5	83.5	51	72.5	116.5	123	24.5	13.5	73	32	3	23.5	76.5	63
all_peaks_107705	chr4	84278405	84278906	3	0.5	3	2.5	5	133.5	2	142.5	29	151.5	6	53	25	40	2	56	28.5	63	1	17.5	38.5	136	17.5	118.5	24.5	141	27	78.5
all_peaks_107768	chr4	87515172	87515673	92.5	9.5	35	8	136	214	22.5	41	43.5	72.5	23.5	45.5	136.5	182.5	13	41.5	34	96	11.5	24	159	155	24	40.5	64.5	45.5	41	35.5
all_peaks_107823	chr4	88312178	88312679	215	223.5	207.5	226.5	187	157.5	218	121.5	124.5	123	221.5	198	157	149.5	216.5	162	153.5	130.5	208.5	189	150	80	133	91.5	101.5	91.5	129	97.5
all_peaks_107835	chr4	88480563	88481064	45	40.5	51.5	45.5	126.5	196.5	137.5	167	139.5	136.5	119	191	84	204.5	102	210	83.5	138	86	142.5	118	78	174.5	111.5	135.5	87.5	179	84
all_peaks_107893	chr4	89534567	89535068	184	263.5	137	216	68.5	28	104.5	25	37	16.5	83	55	62	54.5	124.5	41.5	72	37	100	60	83	16	55	29	50.5	14.5	57	23
all_peaks_107949	chr4	90204746	90205247	133.5	19	180	28	79	34	5.5	4.5	80.5	53.5	21	15.5	73.5	58	6	7	96.5	69	20.5	17.5	86	18	8.5	1	84	41	4	13
all_peaks_108018	chr4	95260122	95260623	10.5	6.5	9.5	7	33	233.5	25.5	133	39	167	21.5	102.5	51.5	36	28	16	33.5	54.5	15.5	23	52	249	24.5	86.5	67	143.5	49	90
all_peaks_108083	chr4	99403934	99404435	4	3.5	3	1	10.5	139.5	9	207.5	26	129.5	11	113.5	21.5	53	3.5	112	43.5	99.5	4.5	36.5	47.5	103	40	151	33.5	164.5	60.5	158
all_peaks_108164	chr4	100737632	100738133	269	245.5	218	205.5	224	242.5	360.5	207	159.5	180	317	371.5	227	253	360.5	267.5	204	204.5	308	275.5	239.5	121.5	266	125.5	158	101	193	121
all_peaks_108172	chr4	100772069	100772570	19	5.5	15	2.5	56.5	190.5	21.5	134	93.5	193	24.5	98	77	55	24	56.5	40.5	99.5	22	39.5	81	155	66	138.5	134	141.5	119.5	154
all_peaks_108178	chr4	100789370	100789871	1	2	1	2.5	5.5	127.5	3.5	126.5	16.5	147	6	84	12	7.5	2.5	39	7	48	1.5	10	6.5	143.5	3.5	116.5	58	174.5	45.5	114.5
all_peaks_10820	chr1	183885138	183885639	52	38.5	76	27	131	231.5	47	103	158.5	138	53	102	161.5	178	49	79	183.5	130	37	56.5	96.5	167	84.5	92	118.5	114.5	64	81.5
all_peaks_108200	chr4	101028055	101028556	20	5.5	92	47.5	77	59.5	137	110	139.5	52	195	222	98.5	122.5	119.5	127.5	165	146	179.5	205	65.5	6.5	48	16.5	39	17	61.5	20.5
all_peaks_108210	chr4	101130021	101130522	4	0.5	14	3.5	6	15.5	11.5	144.5	10.5	32.5	19.5	118.5	7	23.5	5.5	164	32.5	33	17	100	7	10	8.5	61.5	15.5	16.5	10.5	98
all_peaks_10822	chr1	183925749	183926250	114.5	142	159.5	138.5	203.5	211.5	224	239.5	165.5	239.5	205.5	215.5	222	203	200	217.5	230.5	170	190.5	197.5	145.5	100.5	113	94	109.5	96.5	98.5	95
all_peaks_108240	chr4	101940993	101941494	117	17	124	25.5	190	215	96	193.5	162.5	154	95.5	220	212.5	170.5	115	192.5	168.5	162.5	80	135	179	160.5	131.5	126	160	148	157	166.5
all_peaks_108325	chr4	103507750	103508251	53	64	35	67.5	107.5	40.5	200	86	89	60.5	264	130.5	63.5	93	141	127	70	53	194	230.5	48.5	19	51	15	28	21	70	39.5
all_peaks_108331	chr4	103519509	103520010	127.5	140	80	205	176.5	125	352.5	154	166.5	103	425	299.5	134	158	247	337	113.5	81.5	319	380	41.5	18.5	101.5	54	50	16.5	88.5	55.5
all_peaks_108345	chr4	103551814	103552315	170.5	130.5	101	161.5	24	3.5	54.5	2	16.5	1	59	19	31	16	60	8.5	40.5	10	59.5	35.5	3	0	3.5	0	5.5	2.5	7	5
all_peaks_10836	chr1	184129361	184129862	6	2	3	2.5	70	205.5	10.5	71	71.5	210.5	2.5	42.5	108.5	72	4	40.5	61.5	135	2.5	17.5	88.5	196	19.5	75	82.5	176	9.5	73
all_peaks_108364	chr4	103749065	103749566	833.5	782	750.5	739.5	639.5	657.5	692	555	681	534.5	675.5	672	618.5	581.5	670	625	591.5	609.5	670.5	653.5	535.5	607.5	694	561.5	531.5	604	661	523
all_peaks_108405	chr4	105851855	105852356	34.5	19.5	47	62	86.5	36	122	10	34.5	12	184	68.5	68	78.5	126.5	54.5	118	69.5	209.5	142	37	12	25	10	39.5	11.5	41.5	11
all_peaks_108409	chr4	105864506	105865007	1	2	15	79.5	0.5	0	21.5	5.5	5	11.5	121.5	32	3	4.5	19.5	5	19	8	226.5	77	1	7.5	0	4	6.5	13	54.5	34
all_peaks_108416	chr4	105981737	105982238	1	2	6	2.5	19	187	8	132	65.5	153	33	180.5	26	70	5	67	54.5	111.5	21	62	48.5	123.5	41.5	82.5	110.5	163	133	158
all_peaks_108434	chr4	106227384	106227885	20.5	3.5	16	8	103	227	30	287	130	307.5	20	171.5	144	186.5	8	173	115	203.5	26.5	62.5	208	345	151.5	244	174	316	170	235.5
all_peaks_108520	chr4	108957359	108957860	69.5	217.5	17.5	195	50	4	157.5	33.5	12.5	5	121	40.5	30	9	185	44.5	14.5	3.5	155	55	27	8	103	39	5	6	66	25.5
all_peaks_10853	chr1	184723916	184724417	726.5	736	767	697	657	640.5	734	650.5	639	607	700	718.5	691.5	666	712.5	694.5	684	641	677	672.5	536.5	586	623.5	644	533.5	662	630.5	549
all_peaks_108539	chr4	108993379	108993880	61.5	125	54.5	189	41.5	7	52.5	26	39	10	114.5	61	35	29	81	20.5	90	44	166.5	59	37	4	71	26.5	12.5	8.5	62	68
all_peaks_108552	chr4	109029129	109029630	65	88.5	26.5	87.5	56.5	97.5	99	156.5	35	65.5	95	104	58.5	43	107	69.5	60	42.5	91.5	59.5	117	105	234.5	131	101	96	184.5	163
all_peaks_108554	chr4	109034422	109034923	86	216	45.5	211.5	57	7.5	214.5	15.5	36	11	283.5	55.5	67	22	241	59.5	127	41	307	229	12.5	8	16.5	8.5	4.5	4	19.5	11.5
all_peaks_10857	chr1	184809646	184810147	98	1	185.5	19.5	74	48.5	45.5	14	90	24	59.5	27	111	135.5	62.5	28	166.5	116	89	70	34	17	37	5.5	54	8.5	12	2
all_peaks_108580	chr4	109092586	109093087	80	127.5	51	183.5	13.5	10	54.5	13.5	25	24.5	150	85	29.5	8.5	58	24	37	19	135.5	90.5	9.5	10.5	24	14	14.5	13	40	29
all_peaks_108595	chr4	109276623	109277124	129.5	223.5	26	183	14.5	4.5	96	33	17	0	74.5	32	31.5	10	146	49	29.5	5.5	101	48.5	16	6	73	33	1.5	4.5	20.5	8.5
all_peaks_10862	chr1	184851932	184852433	4	2	14	2.5	6	65.5	4.5	61	23.5	159	7.5	18	15	22.5	3	15	10	22.5	1	5.5	12.5	122	6.5	51.5	8	149	9	85.5
all_peaks_10863	chr1	184859510	184860011	98	1	248.5	10.5	46.5	130	19	32.5	61.5	190	32	41	75.5	58.5	12	34.5	89	96.5	28	33.5	94	112.5	65	83	107.5	190	84.5	105.5
all_peaks_10864	chr1	184861251	184861752	21.5	0.5	41.5	1	90	428	6.5	206.5	125	316.5	22	153.5	115.5	129	6.5	80	91.5	180.5	6.5	51	151.5	281.5	59	217.5	190	284.5	103	198
all_peaks_108656	chr4	110280162	110280663	11.5	20.5	30.5	29	61.5	40.5	84	75	72.5	53	108	173.5	47	58	102.5	136	74.5	55.5	118.5	154	13	5	35	21.5	18.5	22.5	53	45
all_peaks_108682	chr4	110569727	110570228	146	142	82	179	60.5	14	93	20	15	4	64.5	30.5	58.5	31.5	122	42	66.5	22.5	91	62	41.5	6.5	65	16	23	2	34.5	12
all_peaks_108769	chr4	113152594	113153095	254	251.5	247	237	269.5	342.5	260.5	317.5	306	362.5	237	349.5	270	262	256.5	318	255	307.5	257	281	320.5	350	309	388.5	334.5	417.5	338.5	415
all_peaks_108798	chr4	113656721	113657222	1	1.5	1	1	21.5	199.5	8.5	79	33	156	8	110.5	29.5	28.5	1	35	30	61.5	5	20	44	143	31	104	48	154	61.5	144.5
all_peaks_10880	chr1	185126027	185126528	563	576	553	540.5	522	598	616.5	525	543	605	613	629	591.5	557.5	573.5	578.5	577.5	523.5	562.5	577	506	489.5	429	510.5	441	509.5	473	485
all_peaks_108809	chr4	114276741	114277242	39.5	20	83.5	26.5	163	330	123.5	229.5	228	280.5	144	314	122.5	193.5	60	209.5	141.5	209	122.5	147	99	143	126.5	200	167	160.5	192.5	180
all_peaks_108819	chr4	114468587	114469088	128	105.5	127.5	86	262.5	269	169.5	203.5	248.5	254.5	167.5	244	257.5	255.5	150.5	228	225	227.5	146	178	213	249	224.5	226.5	183.5	188	236	214
all_peaks_108923	chr4	120159172	120159673	5.5	2	3	3.5	31.5	81	11.5	144.5	39.5	93.5	23.5	85	17	21.5	5.5	36	11	27	9.5	20	94	154.5	100	179	107	89	141	146.5
all_peaks_10894	chr1	185250321	185250822	125.5	148	96.5	99	16	9.5	121	100	7	14	96.5	120.5	68.5	16.5	174	147	60.5	13	130.5	150	25.5	5	45	47	8	7	20.5	51
all_peaks_10898	chr1	185286354	185286855	382	372.5	384	389.5	243	147.5	310	282	350	226	334	311.5	286	252	321	261	290.5	259.5	360	343.5	224	205.5	267.5	217.5	243	205	265	222.5
all_peaks_108998	chr4	122110965	122111466	114	162	119	148	138	88.5	208.5	127	117.5	89	159.5	176.5	158.5	163.5	190.5	154	150	123.5	158	162	105	30	93	34.5	67.5	31.5	57	50
all_peaks_109014	chr4	122177466	122177967	24.5	29.5	60.5	20	99.5	221.5	89	180.5	127	184	102.5	167	103	109	39	84.5	96.5	134.5	55.5	73.5	140.5	153	148.5	157.5	206.5	159	195	175
all_peaks_109034	chr4	122617924	122618425	102.5	70	138	55	237.5	217	199	237	165	263	191.5	196	163	213.5	158	248	180.5	218	155.5	201	151	166	140.5	184	134	115	141	141.5
all_peaks_109035	chr4	122627725	122628226	9	3.5	137	21.5	94.5	149.5	17	48	185.5	146	61	190.5	105.5	111.5	8	75	163	192	33	55.5	75	25	12	27.5	95.5	64.5	59	76.5
all_peaks_109089	chr4	123499533	123500034	245.5	225	89	194.5	31	40.5	121.5	72.5	29.5	41.5	75	132	29	24.5	92.5	165	20.5	23	56	125.5	18	13.5	47.5	50.5	7	13.5	56	34
all_peaks_109117	chr4	123631795	123632296	4.5	1.5	4	2.5	2.5	54	8	114.5	7	58	0	16.5	9	15.5	5	44.5	8	24.5	1	12	9	130.5	5	150	7	110	1.5	119
all_peaks_10912	chr1	185528988	185529489	62.5	19.5	106	41	162	298	177	188.5	213.5	250	237	283	130.5	254	126.5	212.5	183	241.5	232.5	291	162.5	98.5	165	72.5	195	142.5	215	118.5
all_peaks_10917	chr1	185605901	185606402	1.5	2	1	3	74.5	226.5	21.5	225.5	78	199.5	65.5	175.5	48.5	91	9	149.5	46	111.5	17	81.5	131	208	142.5	213.5	173.5	178	239	198.5
all_peaks_109180	chr4	124521063	124521564	55	45.5	61.5	97.5	78	29.5	122.5	70	47.5	37	176.5	141	50.5	97	90.5	129	94.5	96	174	211.5	29.5	7	50.5	20	24.5	12.5	86	31
all_peaks_109219	chr4	128886241	128886742	396.5	387.5	397	343	433	447	483.5	538.5	370	431	404.5	477.5	438.5	455.5	441.5	454	368	397.5	434	453.5	494.5	467	447.5	463.5	368	499	459.5	507
all_peaks_109250	chr4	129733050	129733551	101	107.5	137.5	88	216	256.5	174	236.5	216	253.5	180	271	198	174	168	216	181	177	155	141.5	217.5	195	207.5	187.5	184.5	196	181	225
all_peaks_109304	chr4	139163292	139163793	41.5	46	27	42	215	216.5	226	208.5	165.5	158.5	173.5	139.5	263.5	264	212	236	190.5	208.5	157.5	148	288.5	199	253.5	150	175	149.5	206.5	164
all_peaks_109333	chr4	140187760	140188261	68.5	23	111.5	46.5	100.5	302	71.5	317	223	309.5	93	404	118	146.5	67.5	205	153	224	98.5	130.5	167.5	259	139	207.5	177.5	271	212.5	224.5
all_peaks_109367	chr4	140578818	140579319	15.5	24.5	18	19	82.5	112.5	60	155	46.5	85.5	59.5	69	63.5	65.5	51.5	69	56	79	47.5	40	118.5	146.5	103	165	117	140	122.5	166
all_peaks_109379	chr4	140779890	140780391	5	2	1	3.5	39	157.5	6	143.5	57.5	177	16	179	29	35	3	72.5	28	77	7.5	46.5	36	185.5	66.5	181	65.5	149	143.5	133
all_peaks_109411	chr4	141024745	141025246	18.5	11	26.5	13	125	263.5	56.5	308.5	192	176	105.5	236.5	133.5	159.5	35.5	165	133.5	224.5	66	110.5	148	217.5	138	153.5	186	189	202.5	179
all_peaks_109418	chr4	141073039	141073540	108	219	85	258.5	22	25	78.5	48.5	62.5	37	148	57.5	39.5	35.5	91.5	56.5	39	54	112	67	27.5	15	101.5	51.5	64.5	43	136.5	107
all_peaks_109486	chr4	143298458	143298959	24.5	12.5	14	2.5	34	125.5	14	127	10	94	3	42.5	25	22.5	14	22	22.5	32.5	13	16	76	158	39.5	173	17.5	110.5	26.5	124.5
all_peaks_109500	chr4	143337740	143338241	59	85.5	62	41	149	190.5	68.5	195.5	136	159	81	178	119	119.5	88.5	94	106	138.5	80	63.5	165.5	203	204.5	218.5	195.5	166.5	221	190.5
all_peaks_10959	chr1	186272990	186273491	56	140.5	14	108	21.5	3	97.5	7.5	2.5	0.5	107.5	13	16	10.5	148	15	15.5	4.5	152	57.5	13.5	4	17	5	3.5	1.5	2.5	0
all_peaks_109617	chr4	146630919	146631420	1	0.5	1	1	13	134	3.5	128.5	26.5	155.5	5.5	56.5	18	30.5	1.5	36	10.5	74.5	0	7.5	58	134	8	76.5	103.5	157.5	52.5	135
all_peaks_109651	chr4	147053463	147053964	2.5	2.5	1	3.5	14.5	242.5	4.5	266.5	8.5	236.5	2.5	104.5	21	24	0	63	16	70.5	4.5	8	13.5	317	21.5	270	20.5	335.5	27.5	268.5
all_peaks_10966	chr1	186344243	186344744	434.5	416.5	419	406.5	424	445.5	474.5	477	463.5	516.5	524	468.5	418	330	463.5	472	392.5	343.5	460	420	368.5	387.5	439.5	389	322	360.5	376	352
all_peaks_109721	chr4	148720978	148721479	57.5	17	102	58	116.5	281	155.5	245	121.5	183.5	134	275	137.5	116.5	112	173.5	136.5	156	149	186	99.5	101	72.5	79	61	106	92	86
all_peaks_109742	chr4	148973594	148974095	111.5	128.5	99.5	160	76.5	31.5	166.5	33.5	82	27.5	158.5	90	110	121.5	161.5	99.5	130.5	62	180	181.5	46.5	16	49	7.5	57.5	14	43	33
all_peaks_109756	chr4	149363509	149364010	413.5	475	426.5	448.5	365.5	381	387	348.5	296.5	273	411.5	363	343.5	335	378.5	343	344	267.5	365.5	335	356.5	332	346	305	339.5	312.5	322.5	344
all_peaks_109798	chr4	151749324	151749825	85.5	2	180	16.5	90.5	150.5	10	51.5	99	104	13	28	113.5	121	20.5	53	123	149	16	19	129.5	140	29.5	16	120.5	131.5	33	15.5
all_peaks_109823	chr4	152020312	152020813	418	360	405.5	502	399.5	301	295	381.5	377	545	340.5	389.5	369.5	339.5	309.5	317	334.5	346	339.5	331.5	327	342	322	343.5	396.5	412	379.5	400
all_peaks_109843	chr4	152681980	152682481	365	391.5	296.5	324.5	258	227.5	307.5	250.5	221.5	228.5	303.5	290.5	320.5	332	315	271.5	303	275.5	312	304	238	193.5	242	201.5	210.5	182	204	180.5
all_peaks_109875	chr4	153021676	153022177	378.5	412	321.5	416	240.5	78.5	310.5	172.5	236.5	38	310	211.5	258	247	290	201	263.5	176	301.5	271.5	150.5	35.5	221	92	96.5	35	171.5	91.5
all_peaks_109892	chr4	153176543	153177044	52	55.5	90.5	64.5	116	169	185.5	192	124.5	151.5	209.5	258	98.5	101.5	154	171	140	144.5	195	178	65.5	63	40.5	65	77	72.5	97.5	84.5
all_peaks_109913	chr4	153406849	153407350	78.5	20	88	22	113.5	203.5	81.5	265	168	124.5	104.5	230	118	167.5	67	214	150	196	112	151.5	185	214.5	221.5	222.5	237	187.5	202	187.5
all_peaks_109929	chr4	153475329	153475830	110	91.5	62	70.5	113.5	139	125	295	58	128	88	223.5	124	135.5	114.5	238.5	128.5	119.5	108	178.5	118	159.5	120.5	195	57.5	122.5	55.5	174.5
all_peaks_109944	chr4	153618004	153618505	63	5.5	135.5	12.5	124.5	262.5	43.5	208.5	191.5	130	45.5	97.5	149	221	10	150	171.5	190.5	27.5	68.5	211	179.5	107	72.5	172	163.5	92.5	64
all_peaks_109968	chr4	154035842	154036343	158	205	63.5	222	11.5	16.5	70.5	66	8	12.5	34.5	20.5	18.5	22	90	76	3	8.5	67.5	34.5	16	31.5	58.5	61.5	0	14.5	30	34.5
all_peaks_10998	chr1	186707963	186708464	2.5	3	3	1	35	193.5	27	190.5	51.5	169.5	18.5	160	51.5	117.5	11	106	22.5	84.5	9	61.5	66.5	193.5	109.5	181	79	125.5	124.5	187
all_peaks_110112	chr4	159592916	159593417	611	575.5	574.5	566.5	536.5	537	575	513.5	624.5	644.5	581.5	654.5	500	508.5	590.5	557	520.5	541.5	552.5	585.5	517	409	485	481.5	475	487.5	461.5	408
all_peaks_110115	chr4	159645793	159646294	5.5	2.5	3	4.5	16.5	116	6	155.5	38.5	93.5	7.5	52.5	27	30	4.5	43	19	25.5	2.5	30.5	28.5	168.5	12	102.5	19	126	5.5	80
all_peaks_110193	chr4	164415427	164415928	152.5	123.5	124.5	129.5	246	328	203	215	195.5	258.5	206.5	267	216	195	224	218	187.5	209	176.5	183	194	247.5	166.5	229.5	196.5	232	168	189.5
all_peaks_110240	chr4	166248446	166248947	669.5	705.5	660	668.5	695	682.5	695.5	749.5	669	645.5	639.5	719.5	635.5	576.5	609.5	631.5	568	616	598.5	575.5	651.5	716.5	610.5	701	627.5	646	623.5	631.5
all_peaks_110459	chr4	175443546	175444047	35	89.5	66	123	42	41	112.5	74.5	72.5	38	151.5	191.5	71	66.5	93.5	113	83	130	136	140.5	38.5	13	61	25	20.5	25.5	106	77.5
all_peaks_110460	chr4	175459200	175459701	3	3.5	4.5	2	28	122.5	11	242	119.5	160	41	256	58.5	78	4.5	200	56.5	185	11	88	43.5	18.5	31	51	95.5	57	82.5	73
all_peaks_110506	chr4	178314291	178314792	14.5	53	22	79.5	27	5.5	112	3.5	30	5	129.5	25.5	29.5	24.5	130.5	25	57	13	159.5	103.5	5	4	14.5	6.5	4	0.5	20	2.5
all_peaks_110568	chr4	184365412	184365913	354.5	331	431.5	353.5	376	433	354.5	351	299	369	377.5	387	327	327	358	323	320.5	338	328.5	311	307.5	248	285.5	289	336	298.5	258.5	287
all_peaks_110617	chr4	185194812	185195313	5	2.5	4.5	1	21.5	198.5	2.5	71	41.5	121	5.5	29.5	48.5	31	1.5	12.5	22	75.5	1.5	4	52	179.5	6	34.5	47	108.5	13.5	38.5
all_peaks_110618	chr4	185203425	185203926	39	36	81.5	42	81	161	82	165	144.5	159	127	310	89.5	86	77.5	101	142	195	140.5	134.5	102	105	75.5	90	132	151.5	146.5	160.5
all_peaks_110661	chr4	185435429	185435930	10.5	3.5	13	6.5	74.5	296	15	264	150.5	305	28	217.5	72.5	74.5	5.5	111.5	72.5	138	14	41	101.5	187	71.5	198	169	220	196.5	195
all_peaks_110877	chr5	392526	393027	35.5	51.5	20	57.5	171	324.5	206.5	395.5	284	404.5	261.5	353.5	168	191.5	164	285.5	227	257.5	198	261.5	275	296	340	312	229.5	287.5	312	226.5
all_peaks_110901	chr5	463981	464482	143.5	197	89.5	191.5	28	7	61.5	14	9.5	7	22.5	13.5	44.5	28.5	63.5	22.5	31	15	35.5	35	11.5	11	54.5	10.5	10	3.5	20.5	5.5
all_peaks_110963	chr5	912459	912960	116.5	3	123.5	12	35.5	85	6	30	55	183	8	18	80	100	0	9.5	51	68.5	10	5.5	55.5	263	10.5	46	69.5	240.5	16	101.5
all_peaks_110977	chr5	963829	964330	73.5	79	25.5	106.5	164	146.5	180.5	72	161.5	38	155	196	120	159	130.5	135.5	80.5	85.5	117	104	189.5	62	282	93.5	143.5	15	227	79
all_peaks_11101	chr1	193090943	193091444	452.5	419	466	424	461	339.5	377	307	449.5	420	374.5	371.5	424	339.5	344.5	322	378	402.5	374	392.5	473	345.5	359	295	359	414.5	341.5	349
all_peaks_111091	chr5	1518743	1519244	19.5	1	256	30	13	2.5	0	1	39	11	1	1.5	17.5	4	3	0.5	54.5	17	2.5	2.5	5.5	3	1	0.5	17.5	13.5	4.5	2.5
all_peaks_111129	chr5	1792762	1793263	103.5	70	112.5	146	172.5	204	160.5	242	217	185	189	273.5	204.5	261.5	145	213	263.5	238	205	223	190.5	130	170.5	165.5	207.5	120.5	147	140.5
all_peaks_11128	chr1	193448267	193448768	245	277.5	216.5	237.5	260	104.5	309.5	101.5	175	63	240.5	158.5	249	206	325.5	154	232	101.5	291.5	232.5	96	22.5	113	25.5	83.5	18	79	19.5
all_peaks_111300	chr5	10635347	10635848	7.5	4.5	10	1	85.5	168.5	60.5	190.5	86	146.5	83.5	175.5	82	104.5	28	112	84.5	120	43	70.5	111	155.5	134.5	165.5	100.5	139	149	126.5
all_peaks_111351	chr5	14366117	14366618	27	36.5	35.5	89	133.5	45.5	263	37	152.5	74.5	274	145	111.5	99.5	226.5	128.5	185.5	80.5	287.5	261	25	8	69.5	14.5	66	11	86.5	39.5
all_peaks_111385	chr5	14664451	14664952	197	139.5	270.5	168.5	253.5	367	297	343.5	266	373	285.5	347	261	275.5	246	317.5	231.5	325.5	230	291	216	289.5	212.5	249.5	207	288	229	299.5
all_peaks_111410	chr5	14809726	14810227	73.5	45	91.5	47.5	184.5	269.5	156.5	265	202.5	210.5	240.5	291	133.5	170.5	142.5	251.5	177	217.5	160	199	143	203	165.5	247.5	158.5	153.5	231.5	173
all_peaks_111459	chr5	16785140	16785641	5	2	1	2	71.5	322.5	3.5	133.5	54	204	1	49.5	77.5	81	1	45	34.5	125.5	4	10.5	100	246.5	36	144	92	190	37	95
all_peaks_111475	chr5	18698469	18698970	56.5	35	86	32	85	163.5	106.5	215.5	72	127	78.5	130	108	109	76.5	177	79	97	75.5	62	140	121.5	135.5	193	72	136	118.5	144.5
all_peaks_111501	chr5	31532056	31532557	218.5	249.5	221	220.5	232	297.5	256	271	193	271.5	252	238.5	241	211.5	232	287	198	208	227.5	259.5	175	167.5	165.5	199.5	124.5	162.5	149.5	153
all_peaks_111541	chr5	32280649	32281150	15	2.5	34.5	10	34	151	34.5	158	25	94.5	14	26	65.5	53.5	29	42.5	46.5	59	22.5	21.5	115	160.5	61	129.5	114	120.5	50	82.5
all_peaks_111707	chr5	35830678	35831179	143	137	86	165.5	16	5	94	5	2	4.5	102.5	23	33	12	117.5	24	36	7.5	135.5	85.5	7	4	8.5	4.5	0.5	4.5	6	2
all_peaks_111715	chr5	35854353	35854854	244	277	215.5	308	93	55	138.5	36.5	94.5	28	148.5	105.5	76	71.5	185	73	203	81.5	190.5	124.5	69.5	47.5	74.5	31.5	29.5	34.5	70	43
all_peaks_111739	chr5	36242043	36242544	315.5	326	351	333	250	224	265	171	203	217.5	294	280	249	229.5	295.5	233	252.5	250.5	294	251	216	187.5	233.5	263.5	229	178	204.5	202
all_peaks_11176	chr1	195164534	195165035	9.5	2	25	1	98.5	186.5	12.5	81.5	127	178	17.5	134.5	92	97	11	103.5	126	158	12	77.5	125.5	113.5	43	54	112	139.5	34	32
all_peaks_111798	chr5	37722867	37723368	7	1.5	9.5	4.5	87.5	224	22	218	100.5	144	49	213	101.5	97.5	18.5	125	91	110.5	35	60.5	89	143.5	94	133	111.5	124.5	158.5	136
all_peaks_111876	chr5	39209951	39210452	203	147.5	228	178	215.5	145.5	267	162.5	181.5	131.5	299.5	281.5	179	184	285.5	219	255.5	192	291.5	245	122.5	51.5	72.5	46.5	119	74	86	89.5
all_peaks_111913	chr5	40224071	40224572	8	1	9	3.5	33.5	277.5	12.5	228	119.5	241	11.5	167	97.5	77.5	11	124.5	114	151.5	17	77.5	56	220.5	38.5	146	85.5	229	45.5	97.5
all_peaks_111919	chr5	40277187	40277688	26	16	31	6	59	220	30.5	230.5	73.5	204	35	187.5	75	56.5	33.5	105	54	77	39	73.5	105	219.5	75	180.5	124	208.5	106.5	214
all_peaks_111926	chr5	40333461	40333962	4.5	3.5	14	2.5	79.5	169.5	34	197	120	91.5	32.5	151	98	61	18.5	131.5	71	103	25.5	70.5	109.5	191.5	70	209.5	119.5	157	92	167
all_peaks_111935	chr5	40384213	40384714	38.5	28	45.5	37	87.5	169	100	174	93	140.5	73.5	158.5	89	82.5	102.5	137	82.5	106.5	92.5	114.5	125	222	99	203	125	160	135.5	174
all_peaks_111945	chr5	40410337	40410838	509.5	429	511	527	110	163.5	101	186	109	148.5	99.5	111.5	132	118	104	79.5	120	108	130.5	114.5	117	251	246	298.5	97	284	203.5	301.5
all_peaks_111956	chr5	40480443	40480944	5	4.5	30	8	64	200.5	6.5	84.5	115.5	172	26.5	127	71	79	4.5	74.5	66.5	116.5	15	45.5	65	93.5	32.5	48.5	95.5	108	73.5	48.5
all_peaks_111974	chr5	40578518	40579019	5.5	2	4.5	2.5	18	98	9	181	35	97.5	17	79	34.5	35.5	14	51.5	35	55.5	5.5	28.5	52	183	85	256	47.5	154.5	95.5	226.5
all_peaks_111995	chr5	40679308	40679809	207.5	246.5	179.5	207.5	349	327	288.5	291	424	399.5	348	437	313	328	310.5	355	327.5	337.5	311	343	268.5	313	272.5	282	271	293	238	266.5
all_peaks_112023	chr5	41748755	41749256	4	0.5	1	3.5	1.5	58	0	135.5	5	94	2	34	7	9.5	1	21.5	3.5	21	1.5	4	18	112.5	4	127	16.5	141	6.5	146.5
all_peaks_112084	chr5	43064762	43065263	273	307.5	269	298	256.5	217	319	164.5	231	230	254.5	214.5	227.5	258.5	312.5	252	232.5	204	269.5	251	167	156.5	199.5	145.5	158.5	121.5	164.5	108
all_peaks_112108	chr5	43281911	43282412	1.5	0.5	1	2.5	9	85.5	1	14.5	11	111.5	1.5	5.5	12.5	12	0	4.5	8	33	2	2	26	223	4.5	23	54.5	226	12	16.5
all_peaks_112114	chr5	43313547	43314048	583.5	570.5	658.5	632.5	453.5	513	548	567	536.5	636	575.5	618.5	515	542.5	509	538	553.5	565.5	554	560	506.5	563	575	548.5	584	622.5	603	649.5
all_peaks_112182	chr5	49963736	49964237	312	268.5	257.5	303	85	66	132	45	126	46.5	145.5	121	113.5	77.5	163	52	127.5	80.5	177	112	137	61.5	172.5	75.5	99.5	83.5	131	93
all_peaks_112214	chr5	52021158	52021659	252	305.5	209	296	106.5	73.5	163	119	105.5	21.5	181	167.5	126.5	133.5	207.5	171	121	85	197.5	170.5	62.5	15	89	29	71	19	71	22.5
all_peaks_112247	chr5	52300689	52301190	21	28	11	38	32.5	101.5	61	137	104.5	139.5	78.5	191	66.5	99.5	32.5	102.5	85	151.5	49	137.5	38.5	78.5	85.5	83	101	100	131	113.5
all_peaks_112249	chr5	52304486	52304987	6	1.5	3	4.5	45.5	167	11	148.5	32	127	11	73	42.5	44	0	41.5	36.5	87	7	18.5	70	175	54.5	140.5	121	164.5	95.5	164
all_peaks_112258	chr5	52337095	52337596	44.5	50	25.5	28.5	247.5	281.5	217.5	223.5	295.5	241	300	297	202.5	261	158	257	254.5	251	235.5	319	251.5	195	241	150.5	189	176.5	254	149.5
all_peaks_112291	chr5	53606213	53606714	286	332	254	289	339	192.5	343	252	353	242.5	318.5	278	310.5	314	342	306.5	279	245	312	287.5	198	218.5	242.5	197	266	218.5	271	185
all_peaks_112300	chr5	53906325	53906826	44.5	24.5	63	20.5	171.5	156	110	90	168	99	138	199	178	209.5	82.5	169	187.5	171.5	107.5	168.5	146	18.5	50.5	21.5	92	32.5	89.5	21.5
all_peaks_112303	chr5	53942038	53942539	62.5	79.5	174.5	104	130	145	143	88.5	180	135	266.5	225	181.5	220.5	150	209	261.5	209.5	228.5	277	88.5	25	54.5	13	111.5	56	58.5	27
all_peaks_112343	chr5	54323343	54323844	22	39.5	23	21.5	39	24	116	53.5	41	13	118.5	101	55	61.5	119	149	45.5	55.5	112	144	13	10	27	11	10.5	12	26.5	20
all_peaks_112345	chr5	54333175	54333676	29	56	74	44.5	95.5	275.5	149	256	139	156	157	218	119	94.5	131	135.5	128.5	129	130.5	119	125.5	198.5	146.5	212	127.5	186.5	209.5	197.5
all_peaks_112354	chr5	54392650	54393151	82.5	155	68	135.5	156.5	26.5	171	10.5	75	2.5	143	67.5	134.5	142.5	190.5	99.5	126.5	74	168.5	110	80	6	26	4.5	32	3	25.5	4
all_peaks_112447	chr5	55273829	55274330	98.5	89	19	51.5	153	151	86.5	178.5	38.5	72	35.5	61	135.5	126.5	63	106.5	27.5	59.5	30.5	23	278	230.5	281	230	123	74	152	132
all_peaks_112465	chr5	55354620	55355121	75	162.5	21	170	11.5	23	113	50.5	14.5	8.5	79	75	18	24.5	135	63.5	18	20	90.5	75.5	20.5	11	81	33	5.5	9	44	28
all_peaks_112516	chr5	55623593	55624094	25.5	31.5	11	21.5	115	260	101.5	268.5	127.5	176	157.5	291	112.5	148	82.5	179.5	126	184	156	151.5	146	211	165.5	209.5	135	164.5	235	178.5
all_peaks_112538	chr5	55884617	55885118	98	40.5	88.5	44.5	84	52.5	81.5	33.5	60	38.5	74.5	90	37	75	74.5	88.5	49.5	58.5	77	58	232.5	32	130	72	166.5	41	134	52.5
all_peaks_112544	chr5	55908573	55909074	53	77.5	28	46	150	67.5	209	46.5	138.5	29	211	98.5	157	189	166	170.5	132	93.5	182.5	181	65.5	7	34	8.5	31	10.5	31.5	3
all_peaks_112588	chr5	56205523	56206024	168	174	223.5	184.5	268	293	254	290.5	297	295	276.5	311.5	227	253	231.5	326.5	277	265.5	253	314.5	280.5	321	266	282.5	263.5	348.5	267.5	323.5
all_peaks_112597	chr5	56413372	56413873	72	7	85.5	45.5	76	25	168.5	52	84	44	211.5	115	43	52	112	110.5	90	50	211.5	141	11.5	7	67.5	44.5	14.5	19	116	56.5
all_peaks_112601	chr5	56469243	56469744	391	341	417	352.5	460	298	341.5	352	409	386.5	339	327.5	339.5	281	353.5	404	317	321	349.5	360	287.5	276	358	333	290	318.5	301.5	347.5
all_peaks_112685	chr5	58335034	58335535	179	156	302	217.5	236	247	272	185.5	225	233	403	346.5	205.5	264.5	263.5	266	259.5	287	327.5	316.5	158.5	130.5	204	128	125.5	166.5	221	180.5
all_peaks_112690	chr5	58395007	58395508	51.5	7.5	201	28.5	117.5	182	88	207.5	163	152	150	223.5	119.5	226	58	196.5	194	245.5	111	147	100	97.5	134	110.5	189.5	130	153.5	96.5
all_peaks_112695	chr5	58423310	58423811	320	288.5	311.5	351	141.5	151	183.5	151.5	146.5	133.5	186	183	134	171	189.5	178	147.5	134	195.5	180.5	182.5	144	264	149.5	149.5	143	219.5	144.5
all_peaks_112781	chr5	60497937	60498438	1	0.5	1	1	4.5	89.5	1	67	23.5	173	2.5	72.5	7.5	26	1.5	32	30.5	68	3	11	4	111.5	4	136	71.5	159.5	51	166
all_peaks_112837	chr5	61581296	61581797	13.5	7	26	3.5	124	194.5	26.5	291	217	333.5	60.5	189	106	114.5	12.5	194	95	123.5	35.5	104	137.5	279	189	282	187.5	238	254.5	260
all_peaks_112846	chr5	61601603	61602104	366.5	370.5	391	398.5	544	586	451	493	513.5	630.5	519	537.5	453.5	441.5	431	496	452	529.5	482	503.5	535	494	536	540	569	614	619	555
all_peaks_112994	chr5	66124342	66124843	67	71.5	47	46.5	98.5	118.5	155	191.5	106.5	125.5	118.5	129	144	146	133	171	121	96.5	103	110.5	157.5	191	194	271.5	157	146.5	200	224
all_peaks_112998	chr5	66136438	66136939	6	0.5	6.5	3	120	176	61.5	234	146.5	207.5	117.5	242	113.5	167.5	16	232	127	187	40	119	169.5	208	196	211.5	179.5	163.5	213	169.5
all_peaks_113040	chr5	66461584	66462085	154.5	142	269.5	202	247	203.5	310	160	374	195	457.5	382.5	226	265.5	293.5	230	327.5	321	338.5	307.5	170.5	71	117	57	188.5	137	202	119
all_peaks_113054	chr5	66511599	66512100	128.5	183.5	119	137.5	147	162	248.5	139.5	165.5	112	253	220	128.5	155.5	228.5	191	150	136	213	216	117.5	71.5	138	55.5	80	34.5	102	34.5
all_peaks_113100	chr5	67571023	67571524	141	56	239	59	9	67	26.5	44	33.5	44.5	21.5	46.5	22.5	34.5	35	22	43.5	32	24.5	36	45.5	81	46	41	75	102	52.5	57.5
all_peaks_113131	chr5	67729972	67730473	155.5	104.5	196	105	130.5	268.5	162.5	430	177.5	245.5	194.5	298	153	176	144	294	184.5	222	176	208	139	225	218	330	123.5	264.5	289	367
all_peaks_113190	chr5	70897400	70897901	87.5	28.5	121.5	47	138	293.5	140	309	180.5	261.5	172	258.5	199	205.5	91.5	180.5	228	228.5	125	165	204	263.5	221	251.5	232	222.5	216.5	172
all_peaks_113199	chr5	71146582	71147083	131	234	119.5	191.5	967	1000	528.5	811.5	966	1055	642	1002	967	384	298	479.5	540.5	640.5	338	361	594.5	830	722.5	1073	764.5	1092.5	891	1073
all_peaks_113334	chr5	74355633	74356134	153	247	41.5	286.5	6.5	3.5	47	7.5	2	0.5	40.5	11.5	20	4.5	62	4.5	5.5	2.5	53.5	12	3	3.5	19	7.5	0	1.5	6.5	2.5
all_peaks_113352	chr5	74632649	74633150	697	640.5	794	743.5	606.5	679.5	635	687.5	581	600.5	713.5	693	584.5	627.5	593	635.5	673.5	638.5	622.5	648	545	613	579	567	650	628.5	535	546.5
all_peaks_113363	chr5	74862579	74863080	12.5	2	8.5	4	13	107	22	143.5	19	81.5	14	35	30.5	39.5	12.5	54	21.5	36	13.5	27.5	44	151	46.5	166	8	112.5	44.5	109
all_peaks_113372	chr5	74964852	74965353	24.5	13	18.5	15.5	56	227	36	210	43.5	134	59.5	102.5	47	78	24.5	98	54	97	33	75	40	140	57	117	102.5	149.5	67	128.5
all_peaks_113396	chr5	75476904	75477405	6	2	11.5	2.5	112.5	208.5	22	173	111.5	171.5	23.5	118	123.5	179.5	11	207	97	180.5	16.5	53.5	116.5	49.5	49.5	47.5	116	71.5	20.5	41
all_peaks_1134	chr1	9777530	9778031	214.5	279.5	223.5	275.5	265.5	163	328.5	217	191.5	155	359	227.5	278.5	225	405	310	275.5	192	419.5	340	171	126.5	149	90.5	153	131	187	90
all_peaks_113406	chr5	75621633	75622134	54.5	68.5	74	42.5	196	50.5	157	61	88	17	105.5	56	173	150.5	124	87.5	149	79	115	94	87	14	53	10.5	105.5	11.5	51	7.5
all_peaks_113408	chr5	75626916	75627417	38.5	44.5	27.5	18.5	144.5	42.5	105.5	14	74.5	11	127	55.5	129	107.5	111.5	82.5	90.5	76.5	156.5	75	65.5	8.5	22.5	6	37.5	4	15	5
all_peaks_113411	chr5	75663697	75664198	2.5	4	7	2.5	4.5	18	2	114	1.5	10.5	3	15	8.5	7.5	4.5	15.5	6.5	7	8	6.5	9	90.5	25	209.5	1.5	77	9.5	123.5
all_peaks_113417	chr5	75698562	75699063	217	162	284	187	264	137.5	185.5	95	338	164.5	281	224.5	202	242	162.5	222.5	245	254	214	291	285.5	107.5	212	129	279.5	113	192.5	111
all_peaks_113433	chr5	75843186	75843687	247.5	271.5	248.5	243.5	246	191	242.5	177	122.5	122	185.5	136.5	266.5	241.5	246.5	182	219.5	183	180.5	174.5	260	190.5	255.5	169.5	145.5	135.5	166	104
all_peaks_113448	chr5	76028808	76029309	46.5	5.5	256	19	91	82	2	3.5	295	213	9.5	20.5	144	63.5	2	17.5	293	249.5	15	10	78	42	3.5	6	272.5	139	9.5	9
all_peaks_113461	chr5	76151702	76152203	50.5	75.5	14	42	123.5	27	190	45	75.5	20	125.5	35	91.5	96.5	181.5	70	66.5	61.5	140	148.5	55	21	55.5	13.5	46.5	6	73	14.5
all_peaks_113478	chr5	76451211	76451712	178	242	38	310.5	13.5	5.5	82	4	2	3	62	21.5	7	2.5	79	5.5	5.5	1.5	63	26.5	9.5	4	49	9	5.5	4	51	11
all_peaks_113491	chr5	76675441	76675942	83.5	97	14	43.5	44.5	148	115.5	144.5	61	95.5	86	149.5	46	51.5	76	64.5	27.5	60	63.5	108	101	179	160	175	121.5	93.5	168.5	158
all_peaks_11357	chr1	198906371	198906872	90	208.5	59.5	180.5	199.5	202.5	237.5	231.5	191	166	247	246.5	193.5	225.5	225	236	158	200	228.5	236	202	149.5	193	189.5	164.5	152	206	172.5
all_peaks_113578	chr5	78810126	78810627	210.5	177.5	236.5	230.5	154.5	69	113	52.5	122	143	93.5	87.5	104	113.5	89.5	119.5	107.5	115.5	83	89	85.5	108	143	105	92	119.5	121.5	86.5
all_peaks_1136	chr1	9788643	9789144	107.5	223	68.5	308	56.5	70	154.5	68.5	40.5	85	174.5	117.5	81.5	47	219	55	47.5	49.5	185.5	114.5	82	57	77.5	70.5	41	67	73	70
all_peaks_113601	chr5	79141431	79141932	1	0.5	1	1	8	42	6	62	20.5	86	16	37	8	27	4.5	22.5	14.5	64	7	24	25.5	93.5	22	65	95	133.5	98	166.5
all_peaks_113608	chr5	79234194	79234695	2.5	0.5	15.5	26	76.5	71.5	19	13.5	82	138	120.5	122.5	50	74.5	18.5	29.5	84.5	152	112.5	92	56.5	25.5	6	10	113.5	92.5	74	86
all_peaks_113710	chr5	80053063	80053564	1	0.5	11.5	3	15.5	86.5	11	109	13	62.5	8	86	21	10	11	25.5	13	28.5	13.5	16.5	28.5	139	64	127.5	32.5	106.5	123	161.5
all_peaks_113729	chr5	80253785	80254286	91	121	84	201	25	3	46.5	16.5	14	6	49	24	9	13.5	49	17	17	10.5	74.5	41	5.5	4.5	50	15.5	5	3	33.5	11
all_peaks_11373	chr1	199010726	199011227	18.5	18	21.5	25	109	159	80.5	109	160.5	156.5	105	162	118	149	55	133	86.5	137	103	146.5	67.5	56.5	69.5	37.5	60.5	41.5	73	37.5
all_peaks_113739	chr5	80302753	80303254	113.5	123.5	106.5	116.5	40	17	107.5	67	23	14	109.5	120.5	64.5	30.5	163.5	86.5	48.5	23	96.5	112	31.5	13.5	60.5	25.5	15	9.5	38.5	47
all_peaks_113795	chr5	81046692	81047193	316	261.5	268	241	261.5	189	250	211.5	186.5	168.5	243	218	265	259.5	293.5	288	251	201.5	255	258.5	255.5	183.5	255.5	221.5	165	122.5	180.5	200
all_peaks_113828	chr5	81652740	81653241	174.5	118.5	128.5	205	82.5	48	157.5	99	65.5	56.5	185	147.5	55.5	45.5	117	123	63	42	165	157.5	30	49	78	92	39.5	68.5	87	111
all_peaks_113881	chr5	86370951	86371452	21.5	27.5	54	29.5	78	29	117.5	49.5	103.5	19.5	142.5	149.5	36.5	88	97.5	81	105	85.5	97.5	133.5	14.5	6	18.5	8	44.5	6	48	19.5
all_peaks_113921	chr5	87437111	87437612	89	28.5	201.5	43.5	225.5	200.5	121.5	204.5	298.5	233.5	158	229.5	236	248.5	127	239	250.5	202	174.5	257.5	177	188.5	181.5	196	241	189	185	185
all_peaks_113930	chr5	87564522	87565023	376.5	369	338.5	399	293	245.5	318.5	260	205	186.5	324.5	314	306.5	274	314.5	206.5	292	267	334.5	285.5	198	154	195	169	199	128	221.5	218.5
all_peaks_113964	chr5	88609670	88610171	1	3	1	7	3	195	4.5	150	42.5	258.5	19	161.5	22.5	35.5	1.5	40	25.5	115	3.5	18.5	16.5	198	18	181	80	212.5	116.5	257
all_peaks_114007	chr5	90610055	90610556	85	41	147	47.5	197.5	275	136.5	264.5	195	252	124	204	212.5	212	80.5	173	208.5	219	84.5	113	238	216.5	175.5	184.5	181	202.5	152	203.5
all_peaks_114088	chr5	94927205	94927706	1	2	3	2.5	16.5	147.5	2	92	48.5	121.5	4	42.5	28.5	20	1.5	24.5	14.5	37	0	3.5	76.5	206	32	178	100	201.5	51	108.5
all_peaks_114111	chr5	95144358	95144859	257	327.5	224.5	299.5	199	79	296.5	183.5	156.5	22	217	165	181	165.5	299	195.5	205	105.5	266.5	225.5	148	81	161	114	131.5	37.5	131	89.5
all_peaks_114120	chr5	95159833	95160334	130.5	113.5	143	134	142.5	74.5	165.5	54.5	122.5	72.5	162	103.5	139	130.5	166.5	128	131	98	159	154.5	76.5	25	79.5	42.5	31.5	35	53.5	19
all_peaks_114128	chr5	95194434	95194935	70	75.5	84	91.5	80	149	44.5	199.5	97.5	154.5	52.5	73	78	84.5	43.5	95	70	96.5	55	74	92.5	188.5	74	178.5	88	212	120	189
all_peaks_114152	chr5	95297414	95297915	316.5	213.5	448.5	302	414	390.5	250	449	390.5	545.5	271.5	415	331	404.5	236	425.5	332	417	235.5	334	404	481	376	424.5	457	440.5	414.5	438
all_peaks_114174	chr5	95513012	95513513	3	0.5	1	1	6.5	135	0.5	48.5	35	153.5	0	10.5	10.5	19.5	0	12	13	53	0	3.5	7	121	1	15.5	46	106.5	3.5	48.5
all_peaks_114180	chr5	95615779	95616280	4.5	1.5	3	1	24.5	156	3.5	130	33	104.5	4.5	63.5	36.5	49	1	79.5	26.5	79.5	1	17	69	90	10.5	95.5	137	83.5	25	75.5
all_peaks_114228	chr5	96152050	96152551	193	154.5	251.5	191	107.5	55	161	139	79	32.5	184.5	185	64.5	82	176	118	103	67.5	178	166	78.5	36.5	108.5	48	59	17	76.5	45
all_peaks_114248	chr5	96270604	96271105	443.5	427.5	499	457.5	572	473	539	399.5	607	530.5	539	524	508	511	481.5	475	511	537	488	481	433.5	313.5	403	315	469.5	319	416	363.5
all_peaks_114249	chr5	96271345	96271846	244	270	257.5	249.5	294.5	306	306	321	362	365.5	319.5	347.5	292	263.5	334.5	344.5	280	286	318	268	227.5	231.5	195	234.5	289.5	248	230.5	258
all_peaks_11427	chr1	200122352	200122853	30	24	20.5	20	11	106.5	17.5	236	19	61.5	11	104	25.5	17.5	27	113.5	49	70.5	31.5	39.5	17.5	100	69.5	176.5	6.5	99.5	38.5	127
all_peaks_11428	chr1	200123212	200123713	67.5	81	93.5	46	143.5	185	204.5	196.5	119	76.5	154	209	141	185.5	199.5	212.5	212.5	152	149	183.5	149.5	68	156.5	110	91	52	119	62
all_peaks_114293	chr5	98108992	98109493	228.5	266.5	145	197	181.5	191.5	110.5	132.5	121.5	169.5	100.5	101	175.5	147.5	102.5	118	105	134	82	72	134	176	99	151.5	94	169	120.5	172
all_peaks_114307	chr5	98265159	98265660	373	344.5	448.5	418	241.5	228	229	233	151	205.5	212	240.5	273.5	253.5	244	208.5	227.5	239	233	207	235	236.5	237	255	234	288.5	242.5	272.5
all_peaks_114314	chr5	98373430	98373931	106	92.5	132.5	76.5	139.5	77.5	146.5	16	80.5	11	151	102.5	142.5	112	160	103.5	134.5	78	155	128.5	106.5	5	61	6.5	51	3	51	9
all_peaks_114452	chr5	106812495	106812996	17.5	1.5	93	27.5	40	107.5	11	60	99	113.5	9.5	87.5	47.5	61.5	5	49	62.5	98.5	5	32.5	139.5	194	26	92	110.5	155.5	42	83
all_peaks_114498	chr5	108084344	108084845	464	524.5	595	564.5	479.5	597.5	447.5	603.5	469	520	530.5	585.5	432	444.5	392.5	456.5	454	456.5	423	460	474	560	428.5	518.5	459	578	511	567.5
all_peaks_114517	chr5	108745564	108746065	546.5	565	502.5	580	532	477	593.5	571	517.5	592	536	520.5	506	476	670.5	640	459.5	448.5	565.5	537.5	491	442.5	503	538.5	419	410.5	448	454
all_peaks_114547	chr5	109257360	109257861	183	217.5	89	228	35	4.5	85	13.5	23.5	5	52	34	23	14	146	40	30	13.5	92.5	20.5	78	3	131	28.5	105	8	91.5	19
all_peaks_11463	chr1	200499607	200500108	92.5	145.5	79	132	7	3.5	89	4.5	4.5	3.5	79.5	20.5	10	7	108	11	14.5	5.5	107	34.5	6.5	0.5	22	2.5	8	2	27	1
all_peaks_114638	chr5	111093255	111093756	70.5	116	51.5	173.5	132.5	215.5	243.5	160.5	172.5	182.5	249.5	239.5	134	165.5	197	206	142.5	178.5	214.5	219.5	179.5	152.5	204.5	150	118	121	238	162.5
all_peaks_114691	chr5	112299459	112299960	27.5	30	22.5	27	142	275.5	66.5	269.5	149	247	64	188.5	132.5	132	36	125	87.5	144.5	44.5	72.5	209.5	314	131	246.5	207.5	257.5	213	226.5
all_peaks_114702	chr5	112358312	112358813	132.5	145	104	140	140.5	151	164.5	100.5	66	64	149	107.5	171.5	149.5	210.5	111	143.5	90	184	123.5	140.5	50	137.5	41.5	83.5	26	108	26
all_peaks_114710	chr5	112409348	112409849	40.5	89	24	120.5	80	11.5	94	1	23.5	2.5	126.5	25.5	62	55.5	93	19.5	77	28.5	168.5	64.5	43.5	2.5	17	3.5	26	3	11	3
all_peaks_114755	chr5	114544922	114545423	24.5	14.5	52	50.5	151.5	312	199.5	183.5	176	215	255.5	350.5	166	178	159	202	221	229	261	258.5	130	121	128	59.5	183.5	140.5	172.5	84
all_peaks_114776	chr5	114880233	114880734	213.5	201.5	252.5	187	287	368.5	253.5	330	263.5	349.5	212	292.5	264	291.5	255	320	255	321.5	223	284.5	307	321.5	309	309.5	322.5	349	375	299
all_peaks_114812	chr5	115420774	115421275	150	134	211	281	83.5	63	79.5	36.5	112	93.5	99	91	82.5	68.5	63	70.5	106.5	114	102	97	69	34	64	49	44	72.5	89.5	58.5
all_peaks_114878	chr5	118669216	118669717	26	20.5	20.5	11.5	54	90	20.5	85.5	26.5	83.5	27	31.5	41.5	38	35	23.5	32.5	43	30	26.5	23.5	172	13.5	82	23	190.5	26	74.5
all_peaks_114902	chr5	118733249	118733750	10	6.5	6	2.5	13.5	105	5.5	96.5	32	147.5	6	50	27	20	6.5	27.5	24	38.5	7.5	14	18.5	131	6.5	128	5	118	15.5	100
all_peaks_11494	chr1	200857323	200857824	82.5	35.5	78	45.5	47.5	151	75.5	219.5	88	129.5	105.5	193	56	90	52.5	146	88	111	66	109.5	38.5	63.5	102	92.5	55	74	124.5	124
all_peaks_114958	chr5	122758887	122759388	404	421	425	404	406.5	459.5	440	362	460	383	408.5	421	437	427.5	428.5	418	401	382	398.5	421.5	426.5	344	340.5	286	434	320.5	413.5	278
all_peaks_115013	chr5	125773863	125774364	8	2	11.5	5	24.5	141.5	3.5	100	26	113.5	3.5	33	20	21.5	3.5	30.5	19	50	3	7	45.5	176	5	39.5	38	147	9.5	67
all_peaks_115014	chr5	125778988	125779489	4	4	4.5	3	9.5	38	25	163	19.5	50	26.5	150.5	9.5	20.5	13.5	150	17	25.5	11.5	99.5	14.5	20.5	9	48	5.5	36.5	14.5	70
all_peaks_115038	chr5	126083748	126084249	48.5	27	48	37.5	103.5	144	136.5	179	135.5	239	171.5	253	97	140.5	77	135.5	129	158	125	128.5	143	155.5	178.5	212.5	179	176	209	175
all_peaks_115041	chr5	126112476	126112977	251.5	242	216	219	399	414	285	316	421.5	469	385.5	471	312	334.5	320	389	341	414	336.5	370.5	337.5	234	316.5	253	285	267	332	273.5
all_peaks_115050	chr5	126147458	126147959	88	73	54.5	16.5	62.5	35	57	173	31	37.5	16	7	114	74.5	76	48	43	22	27	17	51	165	49	164	5.5	116	5	58.5
all_peaks_115092	chr5	127121150	127121651	18.5	0.5	62.5	11	76.5	171.5	10.5	269	93.5	191.5	21.5	134	76.5	128.5	15.5	148.5	70	96	16	68	71	230.5	47.5	224	116	232.5	50	250.5
all_peaks_11512	chr1	200982050	200982551	7	7	13	7	97	46.5	61	79.5	165.5	81.5	152	157	96	125.5	39.5	168.5	110	109.5	72	247.5	42	14	54.5	21.5	23	40.5	78	36
all_peaks_115122	chr5	128430078	128430579	384.5	398	356.5	388.5	363	263.5	316.5	334	258	307.5	311.5	277.5	272	271	306	254.5	297.5	278.5	311.5	304.5	262	277	276.5	267	259	272	247.5	258
all_peaks_115139	chr5	130404903	130405404	91	116.5	82.5	105.5	120	48	204.5	88.5	107.5	25.5	161.5	122.5	122	111	171.5	133.5	96	64.5	173.5	135	104.5	28.5	113.5	35.5	66	24	93	24.5
all_peaks_115152	chr5	130545099	130545600	139	228.5	167.5	280.5	47.5	72	170.5	184	77.5	53	196.5	263.5	51.5	38	181	145.5	137.5	77	206	169.5	37.5	33.5	83.5	83.5	65	28	88.5	102.5
all_peaks_115173	chr5	130616766	130617267	192	174	215	256	145.5	128	200	129	141.5	78	176	165.5	103.5	99	221.5	127.5	168	125.5	202.5	166.5	85.5	95	165.5	117.5	106	89	165	106
all_peaks_11518	chr1	200988485	200988986	279	304	298	293	293	289.5	319	258.5	246.5	203	318.5	257.5	298	307	286.5	241	295	277.5	297.5	293.5	229.5	196.5	221.5	168.5	195	160.5	224.5	142
all_peaks_115272	chr5	131355851	131356352	111.5	39	199	38	167	133.5	183	169.5	141.5	115.5	206	187	157.5	177.5	148	198.5	201.5	173	157	165.5	171.5	85	226.5	149.5	119.5	105	179.5	130
all_peaks_115295	chr5	131434665	131435166	14.5	0.5	92.5	16.5	32.5	184	6.5	242.5	91.5	211.5	23	154.5	64	45	7	60	80.5	125	15.5	52	81	213	55	178.5	139.5	309	172	215
all_peaks_115316	chr5	131629776	131630277	61	55	89	99.5	92	186	63.5	203.5	120	191.5	108	179.5	81	66.5	62.5	114	104.5	127	87.5	95	88	182	109	205.5	116	256.5	142.5	355
all_peaks_11535	chr1	201139742	201140243	91.5	60	114.5	68.5	61	148	67.5	181.5	67.5	102	55	117	53	69	56.5	118.5	50	68.5	48	62	106	150	95	248.5	74	198.5	121	347
all_peaks_115356	chr5	131808611	131809112	348	264	449.5	318.5	255	218.5	342	230	301	183.5	408	334	258	397.5	317	274.5	338.5	316	344.5	351.5	220	85	257	105.5	197	80	234	121
all_peaks_115358	chr5	131831901	131832402	188	188	217.5	175.5	250.5	162	254	209	203	135	245.5	213	244	240.5	245.5	248.5	227	246	241.5	278.5	231.5	145	218	139.5	149	92	181	183.5
all_peaks_115383	chr5	131971534	131972035	2.5	0.5	4.5	1	37.5	184	22.5	181.5	102	116.5	40.5	116	74.5	100	17	75.5	71	139.5	19	61.5	80	86.5	99.5	108	131	86	102	98.5
all_peaks_115397	chr5	132023656	132024157	44.5	39	59.5	87.5	33	20	138	34.5	47.5	23.5	194.5	91.5	46	31	119.5	36	69.5	37	200.5	87.5	26	14.5	64	22.5	36	14.5	105	35.5
all_peaks_115445	chr5	132506295	132506796	156.5	205.5	52	179	73	4	134.5	4	26.5	0.5	131.5	23	86	57	198	36.5	61.5	16.5	177.5	73.5	22	2	15	2.5	3	0.5	26	6
all_peaks_115526	chr5	133422628	133423129	169	165.5	78	251	13.5	8.5	123.5	12	10.5	19	106	41	16.5	12	189.5	31.5	19	10.5	141.5	70.5	17.5	11	73	17	20.5	9	18.5	20
all_peaks_115537	chr5	133450032	133450533	190	239	211.5	222.5	83.5	90.5	194.5	133.5	71.5	52	157	94	114	80.5	176.5	125.5	119.5	88	159.5	130.5	86.5	105	186.5	162	75	91.5	197	167.5
all_peaks_115538	chr5	133458178	133458679	79	88	199.5	132	71	1.5	104.5	2.5	22	7	151.5	12	73.5	16	135.5	11.5	125	21.5	192	61	10	4.5	56.5	17.5	12.5	3.5	36.5	14
all_peaks_115541	chr5	133468061	133468562	128.5	105.5	231	240	35.5	26	90	66.5	40.5	51.5	154	84.5	56	31	131.5	59	129	44.5	221.5	111	24.5	15.5	94	110.5	13	34.5	105	105
all_peaks_115579	chr5	133838996	133839497	23.5	22.5	24	26.5	93	182.5	71	332.5	149	158.5	81.5	219	86	132.5	35	215	69.5	152.5	46	98	88	149	93	154.5	129.5	160	121	223.5
all_peaks_115590	chr5	133891585	133892086	66.5	34.5	64	47.5	88.5	180	64	173	72	80.5	72	96.5	103	92	47	93.5	92.5	130.5	74	65.5	108.5	209	60.5	185.5	82.5	194	56.5	194.5
all_peaks_115603	chr5	133944870	133945371	8	0.5	3	3	15	65	15.5	142	11	29	6.5	50.5	25	22	15.5	38	5.5	17	6	21	61.5	182.5	58.5	159.5	49.5	105.5	29	151.5
all_peaks_115608	chr5	133984114	133984615	154	119.5	186	123.5	207.5	185	161	206.5	229	256.5	140	187.5	179.5	131.5	136.5	135	180.5	190.5	142	116	145.5	268.5	207.5	318	206.5	309.5	243.5	265
all_peaks_115621	chr5	134240174	134240675	219.5	197.5	221	224	324	390.5	298.5	380	320	346	312.5	352	280	317	250.5	301	310	330.5	277	275.5	321.5	380	278.5	317.5	404	356	293	350
all_peaks_115626	chr5	134260009	134260510	60	78	66	60	874.5	572.5	409	432	898.5	912	473.5	847.5	593.5	190	251	259	328	263	248	168	163	232.5	94.5	172	274	218.5	121	314
all_peaks_115628	chr5	134262502	134263003	17.5	25.5	22	18.5	212	146	76.5	76	222	363	105.5	153	138.5	48.5	50.5	48	73	69	48.5	42.5	40.5	53	15.5	29	20.5	110.5	19.5	63.5
all_peaks_115709	chr5	136774604	136775105	4	0.5	3	3.5	59.5	209.5	2	10.5	86.5	86.5	4	34.5	87.5	89.5	1.5	21.5	52.5	114	1	18	40.5	39.5	2	3.5	28.5	21.5	4	3.5
all_peaks_115787	chr5	137800553	137801054	524.5	439.5	535	485	498.5	479.5	415.5	518.5	525.5	552	424	441.5	425	482	360	469.5	396	424.5	355.5	418	385.5	466	428.5	545	380.5	486.5	514.5	568
all_peaks_115795	chr5	137878818	137879319	672	569.5	571	535.5	578	531	550.5	569	536.5	489.5	496.5	508	541	570	533	547	553.5	611.5	514.5	551	568.5	580	653.5	596.5	577.5	581.5	614	642
all_peaks_115798	chr5	137900926	137901427	110	37.5	303	97	38.5	9.5	27.5	9	122.5	67	48	34	99	43.5	36	15	182	108.5	45.5	42	27.5	18.5	22	12.5	105	80.5	44.5	18
all_peaks_115880	chr5	138728175	138728676	97	62	113.5	73.5	184.5	292	166	265.5	214.5	229	183.5	254.5	171.5	190.5	96.5	223	180	268	138	192	300.5	308.5	306	281	283.5	259	265.5	237
all_peaks_115891	chr5	138772922	138773423	14.5	3	11.5	7	39.5	137	2.5	129	41.5	77.5	3.5	25.5	39.5	73	2	58.5	20.5	58.5	4	15.5	57.5	182	13	108	37	131.5	26	74.5
all_peaks_115895	chr5	138783058	138783559	3	0.5	4	2.5	23	110	4.5	174.5	30.5	158	6	49.5	34	37.5	5.5	54.5	14.5	37.5	4	10.5	14	169	15	186	26	151.5	13	153
all_peaks_115921	chr5	138944975	138945476	161.5	204.5	109	236	51.5	35	183.5	37.5	31.5	14	141.5	86	66	52	198	67.5	80.5	42	184.5	113.5	48.5	8	53	7.5	23.5	10.5	31.5	12.5
all_peaks_116019	chr5	139780986	139781487	770.5	785	780	821.5	758	746.5	781	773	742	695	783.5	755	730.5	769	789	733.5	754.5	734	763.5	737.5	687.5	734	676.5	701	654.5	756	663	649
all_peaks_116024	chr5	139913357	139913858	5.5	1.5	8	2	19.5	186	1.5	137	41.5	214	12	84.5	48	30	5	16.5	36	66	4.5	15	74	187.5	44	144	101.5	163	120	192
all_peaks_116030	chr5	139943954	139944455	638.5	508.5	667.5	541	477.5	451.5	466	399.5	441.5	351	383.5	381	541	477	489.5	474	467	475	462.5	467.5	474	414.5	577	534.5	392	389.5	515	455
all_peaks_116118	chr5	141348459	141348960	357	330	377	357	463.5	522.5	398.5	459.5	475.5	404.5	436.5	546	398	449.5	376.5	439	434.5	480	409	454	354	367	323	370	406.5	340	358	365.5
all_peaks_116143	chr5	141483992	141484493	114.5	218.5	80.5	257	19	15	80.5	27.5	25	5	69.5	43	36.5	34.5	103.5	34.5	27.5	22	64.5	46.5	32	9	76	34	10	7	60	36.5
all_peaks_116158	chr5	141603087	141603588	264.5	149.5	185	152.5	151.5	73.5	278	144	97.5	36	210	146.5	149.5	122	210	148	110.5	68.5	199.5	141	166.5	68.5	207.5	154	95	48	174.5	149.5
all_peaks_1162	chr1	9963749	9964250	1.5	0.5	1	1	13.5	75.5	0	45	5	101.5	2.5	9.5	12	12.5	0	5	17.5	39.5	1	2	28	242.5	2.5	114.5	71.5	219.5	34	126.5
all_peaks_116207	chr5	142149649	142150150	289.5	301	368.5	324	444	429.5	454	434.5	423	495	412	494.5	318	392	372.5	420.5	373.5	387	409	388.5	363.5	335	391.5	367	431	391.5	385	390
all_peaks_116212	chr5	142163030	142163531	13	6	104	21	63	200	15	113.5	109.5	169.5	31	105	74.5	63	10.5	52	114.5	177.5	15.5	23	100.5	134	51.5	105	141	181.5	97.5	143
all_peaks_116221	chr5	142201610	142202111	3	0.5	13	3	34.5	195	6	328	80.5	138	6	185	41	41.5	3.5	144	39.5	58.5	5.5	34.5	93	219.5	82	269.5	119	192	148	236.5
all_peaks_116257	chr5	142388496	142388997	137	15	400.5	62	167	129.5	95.5	213	233.5	210.5	96	164	119	167	63.5	197	170.5	216	84	92	176	176	250	168.5	111.5	175.5	222	131
all_peaks_116355	chr5	142985859	142986360	6	2.5	7.5	4.5	38	196.5	6	103	66.5	161	18	117	56	85.5	3.5	42.5	46.5	115	9	28.5	54.5	140.5	58	86	55	113.5	109	107.5
all_peaks_11636	chr1	202317513	202318014	384.5	375	418.5	371	367.5	349	407.5	346.5	393	286	384.5	297.5	359	381	432	406.5	390	322.5	423	409	274.5	259	334	279	291	275	302.5	305
all_peaks_116410	chr5	145326031	145326532	19	0.5	31.5	4.5	67.5	211	17	148	150.5	184	51	186.5	72.5	84.5	7.5	91.5	56.5	128.5	12.5	47	111.5	184	104.5	168	148.5	191.5	114	125.5
all_peaks_116443	chr5	146131292	146131793	98.5	81	177.5	109	141	123	184	61	192.5	129	208	178	150.5	160	186.5	128	205	171	211	219.5	70.5	26	79	31.5	109.5	47.5	122.5	57
all_peaks_116479	chr5	147763197	147763698	420.5	489	354.5	484.5	348	277	346	201	275	256	367.5	270.5	333.5	312	351.5	289	354	282.5	353.5	336.5	257.5	214.5	304.5	232	254	239.5	297	216
all_peaks_116509	chr5	148205776	148206277	193.5	170	350	193.5	225	209	267.5	139.5	384	234.5	396	262.5	224	235	246	182	394	322	353	351.5	211	103	199.5	148.5	266.5	210.5	218.5	192.5
all_peaks_116522	chr5	148228985	148229486	42.5	24.5	167.5	49	78	26.5	115	13.5	140.5	51	149.5	115.5	102.5	61	94	37.5	203.5	122	134	129	11	4.5	17.5	4	27	14.5	39	13
all_peaks_116551	chr5	148619878	148620379	185.5	189	145.5	199	119	83	153.5	108.5	127	66	155	150	128.5	158	176	128.5	167.5	123.5	180	160	80	43	103.5	41	90	28.5	112.5	43.5
all_peaks_116645	chr5	149529139	149529640	1	0.5	8.5	3.5	86.5	10	92.5	6.5	153.5	25.5	208	62.5	50	73	37.5	33	128.5	109.5	154	124	7	5	7	3.5	12.5	6	35.5	17.5
all_peaks_116676	chr5	149792215	149792716	301.5	242.5	316.5	324.5	244.5	358.5	208.5	309	332	307.5	231.5	334	262.5	275	232.5	267.5	354.5	398.5	309	256	338.5	310	266	246	337.5	275.5	311.5	248.5
all_peaks_116718	chr5	150169736	150170237	47	57.5	43.5	76	28.5	130	48	209	36.5	71	45	149.5	49	67.5	55.5	181.5	59	61	43	81.5	34	120	74	95.5	50	96	67.5	90
all_peaks_116755	chr5	150533332	150533833	11	2.5	12	4	29.5	159	7	124	46.5	188.5	9.5	70	38.5	49.5	3.5	40	29.5	82.5	4.5	30.5	36.5	150.5	9	76.5	53	188	18.5	113.5
all_peaks_116763	chr5	150593611	150594112	260	226.5	317.5	253.5	281	391.5	381.5	373	336.5	239.5	391.5	484.5	306.5	350.5	345.5	350.5	315.5	363.5	334.5	379.5	287	211.5	301	208	274	204.5	312.5	243
all_peaks_116775	chr5	150632287	150632788	278	298	342	282	404.5	445.5	444.5	394.5	411.5	423	401	445.5	430.5	420	435.5	422	384.5	396.5	401.5	447.5	361	358	330.5	366.5	414	296.5	395.5	338.5
all_peaks_116813	chr5	151151044	151151545	945.5	983.5	1009	1171	842.5	897	1009	975	777.5	825.5	954.5	846	864	1092.5	950	906.5	874.5	930.5	1051.5	1018.5	796	817	858.5	770	734	786	787	719
all_peaks_116966	chr5	156347307	156347808	7.5	0.5	19.5	3.5	27.5	67	24.5	263	69	213	38	185	25.5	41	20.5	228	67.5	118	49.5	137	16.5	102	35	221	16	185.5	68	255
all_peaks_116983	chr5	156452269	156452770	55.5	88.5	197.5	235.5	182.5	306.5	306.5	295	349.5	254.5	348.5	294	154.5	259.5	201.5	316	320.5	292.5	357.5	372	119	82.5	128	122	130	115	185.5	136
all_peaks_11700	chr1	203259552	203260053	426	348.5	358	378	172	182.5	175	186	217	165.5	158	205.5	207	292	179.5	190	255.5	223	195	199.5	240.5	157.5	330	261	174.5	166.5	277	229
all_peaks_117001	chr5	156535936	156536437	57.5	117.5	64.5	124	147	147.5	189	158.5	108.5	124.5	191.5	225	148	177	177.5	123.5	172.5	145.5	206	168	84	75.5	127	50	94.5	96.5	106	98
all_peaks_117017	chr5	156599304	156599805	139.5	130.5	106.5	193	177.5	270.5	319	439.5	146.5	303	296	361.5	144.5	146.5	304.5	385	183	186	349.5	320.5	98	263.5	208	378.5	73	226	167	301.5
all_peaks_117036	chr5	156646842	156647343	6	6.5	10	6	49.5	276.5	18.5	181	78.5	197.5	21.5	204.5	45	38	15	57.5	28.5	92.5	16	38.5	49.5	173.5	61.5	148	85.5	175	85	132.5
all_peaks_117037	chr5	156649495	156649996	71	69.5	61	68.5	102	213.5	73.5	241.5	89	267	66.5	185.5	114	128.5	74.5	157.5	84.5	139.5	65.5	98.5	141	221.5	151	202	137	215	170.5	193.5
all_peaks_117043	chr5	156680056	156680557	214.5	326	168	292.5	229.5	135.5	260.5	174	198.5	134	230	231	191.5	214	237	219	188.5	169.5	259	254	172.5	135	234	133.5	202	123.5	227	158
all_peaks_11705	chr1	203274150	203274651	469	319	452.5	386.5	212.5	285	235	344.5	289.5	256.5	201.5	252	293	337.5	214	331	286	357.5	230.5	300.5	229.5	290	376	289	238	272.5	317.5	247.5
all_peaks_117050	chr5	156698725	156699226	422	315	493	457	281.5	319	301.5	325	294	240.5	401.5	408.5	275.5	268	335.5	270	322.5	349	426	326	302.5	205	365	230	281.5	202.5	348.5	279.5
all_peaks_11707	chr1	203290012	203290513	188	206.5	151	150	88.5	36.5	172	45	66.5	13	141	99.5	117	87	192.5	116	110	64.5	149.5	118	103	21.5	105.5	25	75	14.5	81.5	32.5
all_peaks_117072	chr5	156777855	156778356	2.5	4	3	2.5	7.5	309.5	2.5	227	30.5	361	11.5	112	33	31.5	2.5	26.5	44	106.5	4	14.5	15.5	295.5	5.5	218.5	46.5	322.5	59.5	303
all_peaks_117074	chr5	156817533	156818034	25.5	5.5	68	12	88.5	120	15	172.5	135.5	212.5	24.5	42.5	103.5	119.5	7.5	89	119	149	26	40.5	32	161	17	144.5	71.5	207	45.5	196
all_peaks_117080	chr5	156891770	156892271	2.5	1.5	1	1	32.5	140.5	12.5	63	52	91.5	3.5	29.5	40.5	27	3.5	22	22	57	3.5	10.5	70	197.5	23	108	94.5	128.5	58	97.5
all_peaks_11709	chr1	203293146	203293647	208	323.5	114.5	321	40	10	94.5	25	3.5	8	50.5	16	24.5	21.5	128.5	27.5	31	15	77.5	40	24.5	15.5	46	21	9	10	26	19
all_peaks_117103	chr5	156967762	156968263	59.5	3.5	42.5	4	164.5	214	70.5	160	139.5	156.5	55	145	166	192.5	50	176	118	170	53	90	160	144	96	85.5	134	115	84.5	49
all_peaks_11711	chr1	203296925	203297426	223	163	263	214.5	124.5	79.5	105	95	131	82	100	86	140.5	170	134	138.5	183.5	129.5	140.5	135	144	79	150	72.5	91	51.5	126.5	59
all_peaks_117122	chr5	157023460	157023961	15	3	15.5	2.5	52	144.5	46	150	88	136.5	31	102	73.5	131	29.5	142.5	62.5	127	23.5	64	47.5	77.5	48	48.5	66	80	31.5	51.5
all_peaks_117125	chr5	157030257	157030758	99	43	53.5	16.5	104.5	147.5	132	176.5	175.5	179	109.5	134.5	101	197	90	212	89.5	176	81.5	160.5	70.5	95	134	87	85.5	73.5	90	96.5
all_peaks_117237	chr5	158767465	158767966	30.5	3.5	76	13.5	123	70	27	6.5	201.5	136.5	125	98.5	141	149.5	25	27.5	223.5	198.5	120	155.5	19.5	4.5	8.5	3.5	36.5	27.5	14.5	14
all_peaks_117245	chr5	158839172	158839673	174	151.5	254	182.5	160	72	273.5	91.5	198	63.5	284	237	205.5	147	272.5	201.5	253.5	172	318	309	46	9	89.5	30.5	46	20.5	79	67.5
all_peaks_117249	chr5	158883703	158884204	4	0.5	1	1	42	122	8	142.5	31	169.5	12	92.5	29	32.5	9.5	80	46.5	75.5	18	39.5	45	164.5	55.5	163.5	44.5	125.5	70.5	145.5
all_peaks_11727	chr1	203590615	203591116	1.5	0.5	1	1	21	185	3.5	151	25	128	6	48.5	27	35	2	19	22.5	65	3	8	73	261	22.5	189.5	129	196.5	99.5	178.5
all_peaks_117281	chr5	159546350	159546851	538.5	598.5	502.5	544	479	527.5	536.5	569	535.5	472	558	609.5	581	540.5	568.5	512.5	532	461	525.5	545.5	459	466.5	444.5	460.5	395.5	418.5	405.5	362.5
all_peaks_117318	chr5	159894602	159895103	73.5	32	102.5	44.5	220.5	377	131.5	373.5	288	326.5	172.5	419.5	167	214	110.5	339	271.5	292	173	304	218.5	211.5	162	234	188	181	174.5	217
all_peaks_117326	chr5	159913489	159913990	42	10.5	50.5	15.5	101	136	7.5	18	123	125.5	31	68	95	97.5	5.5	15	120	144	19.5	50	76.5	43.5	3.5	1	102.5	42	9.5	12
all_peaks_11734	chr1	203621827	203622328	40	22.5	40.5	20.5	30.5	98	12.5	157.5	37.5	81	20	50.5	51.5	37.5	30	37.5	49	43	19.5	24	66	148	54.5	169.5	63	163.5	61.5	138.5
all_peaks_117408	chr5	168006510	168007011	471.5	458	611.5	568.5	528	680	587.5	621	461	552	573.5	632.5	509.5	517.5	565	545.5	607	639	625.5	597.5	446	519.5	497.5	578.5	520	576	584.5	574.5
all_peaks_11741	chr1	203643039	203643540	183	99	243.5	94.5	161.5	238	195.5	279.5	254	160.5	246	317.5	186.5	247	215.5	283.5	209.5	213	214.5	267.5	180.5	199	160.5	210.5	182	209.5	207	211.5
all_peaks_117441	chr5	168377167	168377668	1	0.5	1	1	9	90.5	10	71	11.5	63.5	4	45.5	11.5	13	8	14	5	11.5	5	11	18	131	17	169	1.5	80.5	51	128
all_peaks_117476	chr5	169232464	169232965	12	6.5	11.5	17	25	72.5	14.5	67	27.5	113	12	40.5	32.5	29.5	8	37	32.5	55	9.5	26.5	40.5	139.5	8	123.5	16	154	10.5	114
all_peaks_117498	chr5	169688982	169689483	105.5	145.5	70	132	93.5	20.5	115	22.5	79	9	110	33	78.5	64	127	32.5	77	44.5	113.5	87	34.5	2	37	2	16	3	24	1.5
all_peaks_117500	chr5	169696508	169697009	6.5	10	34.5	9.5	63.5	126	11.5	48	91.5	157.5	28	45	68.5	37.5	11	20	69.5	75	22	16.5	72	136.5	25.5	32.5	101.5	146	85.5	109
all_peaks_117503	chr5	169705479	169705980	216.5	190.5	304.5	335	256.5	307.5	331	223.5	334	399	402.5	430	251	251	291	272	388.5	341.5	367.5	361	202.5	156.5	184	89	249	193	302	184.5
all_peaks_117596	chr5	171493669	171494170	162.5	145.5	162	199	136.5	98	204	79	110	63.5	174	114	154.5	104.5	207.5	110	159	107	232	161	78.5	20.5	75.5	32	70	25.5	79.5	47.5
all_peaks_1176	chr1	10230048	10230549	7	5	4.5	2.5	65	132	57.5	146.5	82.5	125.5	59.5	99	55.5	48.5	55	68.5	53	105.5	37.5	50.5	95.5	172	75.5	136	122	136.5	92	138
all_peaks_117605	chr5	171538210	171538711	90	50.5	107	75	210	289	174	303.5	161	176.5	174.5	254.5	178.5	194.5	135	222	200	176	155	187	155.5	201	152.5	293.5	86	204.5	178	235.5
all_peaks_117606	chr5	171539993	171540494	147.5	127.5	137.5	192	235	205.5	207.5	116	197	201	185.5	170	231	246	188	168.5	199.5	216.5	185	213.5	149	119.5	127.5	40.5	131.5	121	129	77.5
all_peaks_117607	chr5	171541989	171542490	45.5	41.5	76.5	63	168	228	84.5	198	246	246.5	132	298.5	134	186.5	46	251	176.5	204	101	238	128.5	160.5	127	80.5	210	193.5	186.5	182
all_peaks_117616	chr5	171602265	171602766	246.5	237.5	251.5	240.5	205	268	235	230.5	275	187	273.5	288.5	244.5	299	293	249	262.5	241.5	277.5	267	176	126	177.5	87.5	164.5	123.5	168.5	125
all_peaks_117622	chr5	171615176	171615677	241.5	253	276.5	255	364	339	376	323	382.5	355.5	401.5	376	347	340	350	378.5	384	366.5	347.5	371.5	257.5	246.5	251.5	247.5	330.5	272.5	304	280.5
all_peaks_117659	chr5	172192150	172192651	397.5	318	360.5	309.5	226.5	229.5	227	182.5	182.5	173	198	132.5	206.5	230	218	202.5	220.5	190.5	242.5	183.5	305.5	239	261	246.5	223.5	263	228	226
all_peaks_117688	chr5	172482976	172483477	375.5	413	334	375	406	329	392	291.5	327	236.5	321.5	287.5	358	330.5	405.5	318	339	291	383	339.5	336	276	338.5	317.5	264.5	257.5	314	275
all_peaks_117689	chr5	172483959	172484460	324.5	360	296.5	361	341	397	297.5	391	304.5	335.5	332	341.5	331	336.5	334.5	310	330	300.5	339.5	302.5	363.5	397.5	349.5	458	404	448	373.5	437.5
all_peaks_117764	chr5	174944766	174945267	14	6	13.5	9	31	123.5	24.5	116.5	47	180	20.5	125	36.5	57.5	14.5	86	35.5	70.5	19	56	18	115	33.5	126	9	120	51.5	102
all_peaks_117781	chr5	175079960	175080461	100.5	92.5	69.5	88	142	247	159	246	221.5	252	142.5	284.5	147	200	149	256	114.5	160.5	111.5	207.5	86	139.5	103	135	78.5	114	173.5	102.5
all_peaks_117818	chr5	175788586	175789087	330	342.5	396.5	343	258.5	222	342	251.5	269.5	248.5	324.5	247	285	247.5	346.5	290.5	339.5	280	332	300.5	255	232.5	259	259	204.5	213.5	254	264
all_peaks_117828	chr5	175874879	175875380	411	455	351.5	425.5	339	387.5	410.5	309	389	320.5	382.5	355	360.5	352	420.5	309.5	301	316.5	368.5	335	419.5	436	297	347	378.5	437	307.5	346
all_peaks_11784	chr1	204292914	204293415	2.5	0.5	1	1	3	31.5	4	74	7	82.5	1	14	7.5	8	0	17	12.5	20.5	5	2	13.5	132.5	9.5	159.5	17.5	152	24	159
all_peaks_117867	chr5	176074083	176074584	241.5	197.5	244.5	191	327	369	320	389.5	384.5	399.5	281.5	336	379.5	389.5	328	429.5	352	464	319.5	373.5	325.5	375	333	430	373	407	344	409.5
all_peaks_117921	chr5	176560310	176560811	181.5	173.5	175	133	231.5	370.5	158	267	134.5	243	147.5	188.5	225	222.5	148.5	219	186	238.5	134	164	259	260	180	211.5	297.5	239.5	176	174.5
all_peaks_117934	chr5	176739111	176739612	137	125	113.5	110	225.5	214	147.5	201.5	241	263.5	205.5	278.5	210.5	195	159.5	220.5	240.5	322	205	222	288	228	238.5	244.5	288	266	281	317.5
all_peaks_117959	chr5	176816314	176816815	136	42.5	168.5	71.5	120.5	125	32.5	64.5	72	96	34.5	47.5	90.5	64	29	42.5	82	78	35.5	46	82	200	43	105.5	80.5	180.5	33.5	70
all_peaks_117967	chr5	176853134	176853635	602.5	662	614.5	625.5	571.5	572.5	660.5	670.5	680.5	502	624	673	680	631	621.5	649	611	668	617.5	618	681	704	686	656.5	673	715	644.5	661.5
all_peaks_117968	chr5	176858694	176859195	115	85	168.5	99.5	253	275	135	73	334	236.5	265.5	270.5	246.5	241	116.5	143	280	322.5	208	230.5	236	159	113.5	62	252.5	159.5	167.5	88.5
all_peaks_117995	chr5	176924461	176924962	223	195	190.5	159.5	283.5	290	267.5	293.5	287.5	222	262.5	224	262	265.5	258	286.5	218	250	234	263.5	314	323.5	320.5	342	325	296.5	314	327
all_peaks_118048	chr5	177543469	177543970	42	20.5	192	150.5	30	36	62	59	148	79	199.5	177.5	51.5	68.5	57	75.5	175	140	216.5	200	24	10	26.5	29.5	97.5	24	131.5	88.5
all_peaks_118120	chr5	179035128	179035629	74.5	85.5	46.5	77.5	112.5	53	179.5	36	74	66.5	195.5	107.5	125.5	123	163	121	95	62	156.5	147	62.5	9.5	75.5	16.5	54	10.5	69	15.5
all_peaks_118229	chr5	180230689	180231190	151	148	169	166	203	182	220	150	209	146.5	247.5	215.5	203	212.5	232	191	196	189	225	241.5	168.5	110	129.5	88	127.5	92.5	148.5	100.5
all_peaks_118261	chr5	180618652	180619153	189.5	166.5	178	141.5	276	324	227	287.5	251.5	307	197	252.5	213.5	202.5	181.5	249.5	171	226	160.5	195	237	270.5	265	298	223.5	254	221	215.5
all_peaks_118284	chr6	148332	148833	11.5	9	11	7.5	177	210.5	43	217.5	138.5	201.5	33.5	175.5	111	111.5	15.5	207.5	60.5	130	19.5	63.5	192	233.5	181.5	223.5	163	167.5	120.5	191
all_peaks_118304	chr6	225315	225816	18.5	29.5	20	26	65	82.5	70	152	90.5	100.5	71.5	172	75	67.5	59	192	54	70.5	61	119	48.5	106.5	114	188	40.5	99.5	94	191.5
all_peaks_118363	chr6	444870	445371	84.5	98.5	42	106.5	88	41.5	134.5	33	35.5	17.5	144	93.5	61	42.5	149.5	57	51.5	30	141	86	39.5	15	44.5	15	11.5	9	29.5	7
all_peaks_118373	chr6	484039	484540	4	0.5	3	2.5	18	78.5	6.5	95	7	87	7.5	35.5	22.5	17.5	5	21	9	41	5.5	10.5	34.5	139.5	33	168.5	38.5	125.5	70	154.5
all_peaks_118500	chr6	2841944	2842445	108	99.5	142.5	99	133	182.5	111.5	159	126	204	131	143.5	121.5	232	97.5	234	140.5	240.5	100	163	120.5	174	109	166	188.5	227	132	222
all_peaks_118505	chr6	2859165	2859666	189.5	192.5	206.5	200	89	47.5	109.5	69.5	86.5	28.5	99.5	61	97.5	111	104.5	77.5	104	86	101	83.5	67.5	55	127	40.5	49	39	64.5	20.5
all_peaks_118527	chr6	2940618	2941119	84.5	99	116	98	120.5	365	142.5	248.5	161	420	132	219	141.5	125	119.5	135	115.5	183	118.5	106.5	172.5	431.5	211.5	429.5	238.5	356.5	268.5	401
all_peaks_118609	chr6	3870131	3870632	21.5	2	8	1	3	45	14.5	124.5	2.5	21.5	18	178.5	30	11.5	7	143.5	8	9.5	5.5	131	5	25	32	79	3	13	21.5	60
all_peaks_118666	chr6	4942328	4942829	14.5	0.5	17.5	2.5	97	173	10.5	104	104.5	137.5	17	66	87	84	8	59.5	68	130.5	11.5	18	74	151	14.5	59	135.5	180.5	30	126
all_peaks_118701	chr6	5280090	5280591	22	2.5	11.5	4.5	110	313	16	214.5	127.5	272.5	17	138	110	128.5	3	108	78.5	165.5	7	36	181	366	61	224	211.5	271.5	135	233.5
all_peaks_118709	chr6	5302694	5303195	17.5	9.5	19	6	84	261	12	165.5	148.5	279.5	50	220	98.5	91.5	6	65.5	100.5	173.5	21.5	72	132.5	211	16.5	64.5	218.5	221.5	147.5	114
all_peaks_118792	chr6	6610195	6610696	62.5	180	86.5	230	40	5.5	125.5	12.5	43	2.5	121	23.5	44	22	122.5	25.5	49	15	104	48.5	7.5	4	69.5	17	2	4.5	79	11.5
all_peaks_118799	chr6	6643554	6644055	2.5	3	3	1	10	28	2.5	61.5	48	115	15.5	40	3	12	0	19.5	22.5	58.5	5.5	12.5	32	57.5	27	126.5	113.5	105.5	176	167.5
all_peaks_118827	chr6	6798508	6799009	3.5	2	1	3.5	26	104	5.5	147.5	45	114.5	15.5	105	24	37	7	63.5	28.5	92.5	7.5	46	51.5	140	19.5	110.5	88.5	153	68.5	147.5
all_peaks_118928	chr6	10404506	10405007	100	99	78.5	84	314	303.5	149.5	246.5	244	268	158	216	211.5	239.5	168	222	185	213.5	167.5	196	320	300.5	256	279	266	228	265.5	281.5
all_peaks_11893	chr1	205253864	205254365	156.5	146.5	231	171	70	20.5	172.5	116.5	63.5	31.5	159	113.5	60.5	101	219.5	151	91.5	87	183.5	110	94.5	29	184.5	108.5	116.5	50.5	178	148.5
all_peaks_11894	chr1	205257236	205257737	258.5	248	416.5	380.5	116	140	215.5	203	183	111	254.5	190.5	170.5	227	266	236	251.5	232.5	289	243.5	197	43.5	191.5	88	244.5	98.5	213.5	152
all_peaks_118945	chr6	10723052	10723553	117.5	88	105	98	149	226	144	270.5	119	196	156	185.5	125.5	130	127.5	212.5	112	131	110.5	176.5	111	191.5	112.5	198	130	161.5	121.5	211
all_peaks_118955	chr6	10838571	10839072	86.5	66.5	69	67.5	92	166	112	110.5	119	233	79	119	136	149	104	119.5	132.5	130.5	120.5	137	162.5	210.5	125.5	215.5	155.5	198	115	186
all_peaks_119001	chr6	11318432	11318933	57	14	54.5	14.5	29.5	51.5	18.5	83.5	47	75.5	12	28	50.5	46	12.5	45.5	35	33	12.5	15.5	59	190.5	65	206	48	227.5	38	155.5
all_peaks_119058	chr6	11732332	11732833	11	12	3	8	26	72	21	149.5	16	142	21	76.5	14	24	7.5	64	14.5	26	7	25.5	35	112	38.5	160.5	27.5	122	64	149.5
all_peaks_119156	chr6	13302993	13303494	16.5	2	45.5	6	47.5	98.5	18	100.5	44	160	27	55.5	46.5	46	13.5	55.5	39.5	66	18	16	64	163	51	136	73	161	62	169
all_peaks_119186	chr6	13487686	13488187	89	82	141	103.5	139	267.5	194	248	156	215	179.5	200.5	161.5	165	144	205.5	154	186	128.5	166	145.5	193.5	192.5	241.5	118.5	164.5	181.5	240
all_peaks_119264	chr6	14277171	14277672	102	147	48.5	177	65.5	36.5	129.5	55	58.5	29	115	69.5	64.5	99.5	160.5	65	69.5	52.5	133	99	46	20.5	72	20	20	18.5	58.5	15
all_peaks_119278	chr6	14452882	14453383	24	27	37.5	51.5	47.5	174.5	81.5	166	179.5	323	146.5	297	55.5	106.5	65	207	104.5	180	142	184.5	76.5	68	114	58	176.5	112	158	114
all_peaks_119313	chr6	14732931	14733432	20.5	13	11.5	12.5	60	109.5	17.5	132.5	38.5	107.5	29	41.5	48.5	57.5	16.5	33	37	49.5	12.5	19.5	32.5	188	32.5	125	24	209	45.5	128.5
all_peaks_119318	chr6	14744095	14744596	32	2	14.5	7	96	120.5	67.5	159.5	50	179.5	78.5	143.5	70.5	82	61	129	45.5	65	74	89.5	56	159	73	155.5	23	155	60	157
all_peaks_119320	chr6	14754833	14755334	38	2	31	4.5	44	216	2	21.5	61.5	158.5	8.5	11	52.5	54	4	6	51	71.5	5	6.5	77.5	254.5	7.5	46.5	77	188.5	14	54
all_peaks_119337	chr6	14875726	14876227	3	1.5	2.5	3	14.5	97.5	7.5	109.5	19	168.5	7.5	56	23	40.5	6	59.5	27.5	60	4.5	20	16	203	40	154	20	206	23	107.5
all_peaks_119344	chr6	15023577	15024078	9.5	0.5	43	18.5	37	130	8.5	177.5	90.5	245	12	71	37.5	51.5	5	64.5	88	124.5	13	37.5	43.5	202.5	42.5	160	112	247.5	60.5	236.5
all_peaks_119358	chr6	15249276	15249777	184.5	151.5	207.5	247.5	69.5	29	78.5	43	88	54	123	93.5	100.5	77.5	89	45.5	127.5	104.5	164.5	112	59.5	40.5	88	52.5	66.5	61	89.5	39
all_peaks_119455	chr6	15776665	15777166	1.5	0.5	5	1	22	177	8.5	176.5	40	163.5	7.5	61	37.5	64	2.5	71.5	33	78	1	11.5	73	300	81.5	269.5	67	270	60	157.5
all_peaks_119506	chr6	16322889	16323390	180.5	269	186.5	211.5	131.5	155.5	118	228.5	91	138	105	98	132.5	125.5	109.5	129.5	112	115.5	128.5	83	162.5	196	239.5	225	149	200.5	193	213.5
all_peaks_119527	chr6	16481777	16482278	239	138.5	245	249.5	113	111	135.5	112	105	90	141.5	95	150.5	158	132.5	147.5	132.5	121.5	154.5	157	103.5	53	142.5	90.5	54	73.5	91	41.5
all_peaks_119528	chr6	16483671	16484172	88.5	76	87.5	141	97.5	114	136.5	46.5	80.5	39	189	92	142	101.5	152	102.5	138	79	229	227.5	78.5	43	35	28.5	67	35.5	31.5	8.5
all_peaks_119541	chr6	16533867	16534368	1.5	2.5	4.5	1	2.5	21.5	1.5	82	4	51	2.5	9	8	9.5	1.5	10	8	12.5	0	4	1.5	176	2.5	78	2	155.5	1.5	64.5
all_peaks_119570	chr6	16690803	16691304	10	3.5	4	3.5	7.5	87.5	2	115.5	8	120.5	8.5	32.5	22.5	20	6.5	27.5	18	38	4	15	14	113.5	7.5	84.5	21.5	149.5	9	117
all_peaks_11958	chr1	205718503	205719004	216	214.5	261	254.5	293.5	266.5	266.5	355	300	359.5	288.5	238	339	314.5	249.5	315	391	366	333.5	333.5	311	337	335.5	375	353	377	355.5	370.5
all_peaks_119653	chr6	18155340	18155841	425	420	390.5	432	483.5	386.5	486.5	358.5	419	352.5	424	385.5	501	469.5	495.5	430.5	467.5	472	496	473	436.5	408	435	401	437	361	410.5	378
all_peaks_119702	chr6	20212510	20213011	81	52.5	91	32	153.5	251	175	239	187	227.5	185.5	257	145	120.5	136	244.5	128	134	135.5	176.5	182	163.5	135.5	184.5	138	174	153	192.5
all_peaks_119706	chr6	20320163	20320664	171	226	151	220.5	173	118.5	194.5	69	149	60.5	202	171	178.5	140.5	212.5	112	200.5	125.5	218	177	164	54	165	63	141	45.5	148	61
all_peaks_119711	chr6	20366631	20367132	48.5	138	112.5	103.5	65.5	11.5	170	9.5	19	4	189	34.5	87.5	34.5	253.5	63.5	118	20.5	225	109	26.5	3.5	9.5	4.5	28	7.5	10.5	3
all_peaks_119754	chr6	20877632	20878133	1	2.5	2.5	1	24	82	3	148	28	103.5	7.5	79.5	20	34	0	77.5	13.5	37	4	16	45	165.5	6.5	106	68	128.5	22.5	125.5
all_peaks_119797	chr6	22063227	22063728	18.5	77	18.5	150	57	142.5	56	77.5	56.5	186.5	123	151.5	43	59.5	59	51	43.5	109.5	91	83.5	53	71	124	82	61.5	45	189.5	125.5
all_peaks_119799	chr6	22068825	22069326	2.5	2	1	3.5	11	161.5	1.5	81	9.5	145	3.5	57	7.5	28.5	3	14.5	10	66	6	9	18	155.5	34.5	125.5	17.5	68	81.5	114.5
all_peaks_11982	chr1	206137909	206138410	531.5	587	529.5	534.5	468.5	397	569.5	453	494.5	407.5	563	487	498.5	521	543.5	447	497	404	539	501.5	515.5	569.5	515	526.5	438.5	466	500.5	469.5
all_peaks_119885	chr6	24949178	24949679	145.5	201.5	171	196	205	49	294	33.5	127.5	11	283.5	134.5	170.5	181	283	165	193.5	85	294	235	94	6	70.5	8.5	51.5	8	42.5	9.5
all_peaks_119888	chr6	24951916	24952417	117.5	129.5	95	122.5	142	28	207.5	20.5	147.5	23.5	229	140	158	150	215.5	149.5	155	104	212	195	63	0.5	50.5	8	28.5	3.5	28	5
all_peaks_119896	chr6	24974756	24975257	42	4	44.5	9	65.5	139.5	29.5	104	77	112.5	16.5	52	92.5	95	29	59	71.5	80	21.5	33	111.5	187	77	125	99.5	155.5	37.5	85.5
all_peaks_119918	chr6	25056329	25056830	179	88	234.5	120	190	181	217	87.5	160	110	224	176.5	177	162	177	142	189.5	172	204	198	150	97	115	90	135.5	83.5	128.5	93
all_peaks_119939	chr6	25138296	25138797	123.5	119.5	154.5	122.5	188.5	228.5	184	318	187	252.5	224.5	265	152	222.5	185	246	163	218.5	160	238.5	180.5	263	197	274.5	129	299	224.5	262
all_peaks_120021	chr6	26026982	26027483	250.5	202.5	282.5	259	186	247.5	140.5	108.5	298	212	149.5	257.5	226	154	126.5	147	199.5	173	133	114	173.5	169.5	157	88.5	168	139.5	128.5	103
all_peaks_120024	chr6	26032176	26032677	140.5	166.5	121	141.5	288	301	178.5	227	287	290	202	300	210	236	172	207.5	192	239	179	188.5	269	213	244.5	205	248.5	192	197.5	178.5
all_peaks_120028	chr6	26045248	26045749	109	174.5	98.5	118.5	257	261	193	173	266	140	186.5	284	215	177.5	186.5	180	204.5	209	164.5	157.5	227	197	226	155.5	243.5	162	181.5	163.5
all_peaks_120030	chr6	26056464	26056965	203	314.5	162.5	195.5	235	334.5	264	223	289.5	203.5	246	286	269.5	234.5	224	205	285.5	272.5	243.5	180	219.5	204	164	173	226.5	190.5	156	139
all_peaks_120033	chr6	26086370	26086871	96	118	57.5	130.5	46	10.5	139	11.5	14.5	2	75.5	35.5	64	35	127	40	82	24	116	87	7	5	39.5	11	8	6.5	31.5	13
all_peaks_120041	chr6	26123999	26124500	319	395	343.5	307.5	465.5	512.5	398	362	514	461	388	493	428	383.5	353.5	398	403	419.5	361.5	339.5	405	385	334	315	438	355	274.5	325.5
all_peaks_120066	chr6	26216751	26217252	332	399.5	314	287	390.5	371	342.5	266	393.5	378	326	403	341.5	323.5	299	340.5	304.5	315.5	299.5	347.5	330.5	288.5	215	220.5	348.5	281.5	246.5	185.5
all_peaks_120069	chr6	26234978	26235479	142.5	264.5	101	148	180	144.5	189	99	167.5	171	193	160	175.5	145.5	211	114.5	210.5	157	194.5	129.5	147	100	151	71.5	178.5	105	93	90
all_peaks_120074	chr6	26272823	26273324	414	405	350	376.5	388	362.5	376.5	243.5	334.5	290.5	405.5	359	347.5	314	385.5	278.5	358	311.5	366.5	319.5	290	242.5	308	232	270.5	294	297.5	271
all_peaks_120075	chr6	26285246	26285747	310.5	275	325	295	271.5	302	190.5	165	330	254	203	291.5	274	233	190	217.5	255.5	301	182	210	253.5	230.5	219	147.5	244	206.5	200	184.5
all_peaks_120081	chr6	26309884	26310385	5	4.5	19.5	3.5	16.5	76	9	174.5	37	108.5	12.5	126	17.5	21.5	5.5	114	37	60	5.5	55.5	26	92	39	101	82	138	56.5	126
all_peaks_120109	chr6	26474231	26474732	294.5	385.5	316	330	238.5	207	296.5	265	229.5	181	282.5	207.5	279	286.5	319	230.5	270.5	200	268.5	266.5	262	228.5	229.5	193.5	254	180.5	223.5	183
all_peaks_120145	chr6	27100433	27100934	405	490	437	411	570	608.5	425.5	443.5	633	586.5	480.5	557.5	464.5	441.5	410	499.5	471	488.5	398	420	459	512	367	407.5	470.5	475.5	343.5	426
all_peaks_120190	chr6	27560289	27560790	7	7.5	8	4	26	198.5	15.5	80	86.5	189	12	107	39	30	9	76	29	66	9	38	54.5	121	53.5	120	65.5	100	79.5	102
all_peaks_120216	chr6	27775577	27776078	192.5	215.5	197	175.5	309	307	278.5	253	351.5	283	277.5	411	277	261.5	251	282.5	255	311.5	236	233.5	270	222	218	195.5	259	223.5	221.5	201.5
all_peaks_120218	chr6	27782450	27782951	176	182	170	147	276	316.5	229	216.5	314	271	223	341	263	206	217	219.5	229.5	261	203	201	273.5	195	232	162.5	232.5	217.5	252	168
all_peaks_120226	chr6	27860814	27861315	238	307.5	253	249.5	406	375	301.5	314	344.5	428	331	382.5	336	296	300	288	317.5	331.5	297.5	309	324	315	287.5	270.5	326	306.5	286	242
all_peaks_12027	chr1	206725245	206725746	192	216	297.5	216	219.5	146.5	281	235	190	89	254.5	189	208	221.5	245	179.5	243	188	242.5	185	130.5	116	154	165.5	146.5	118.5	172	158
all_peaks_120347	chr6	29676457	29676958	326.5	342	293	486.5	117	72	299	124	131.5	65	293.5	262	91.5	96	274.5	158.5	135	78	308	249.5	65.5	23	134.5	34	87	17.5	137.5	50
all_peaks_12036	chr1	206748533	206749034	137	142	152	175	240.5	175	185	134	128	100	159.5	155.5	224.5	201	179	155.5	169	151.5	170.5	178.5	132	143.5	94.5	57.5	92	105.5	85.5	70
all_peaks_12038	chr1	206753203	206753704	117.5	56.5	199.5	103	138.5	205.5	133.5	248	132	184	160.5	170.5	138.5	193.5	92	145	128.5	165.5	128.5	150.5	87	199	169.5	233.5	105	205.5	180	189
all_peaks_120387	chr6	30034517	30035018	488	500.5	446	461.5	341.5	348.5	451	381	524.5	375.5	426	385	456	459	474	452	452.5	428.5	455	456	432.5	368.5	427	404.5	419.5	400.5	484.5	346.5
all_peaks_12042	chr1	206763357	206763858	46	21	71.5	20.5	219	357.5	110	390	257.5	292.5	167	267.5	213.5	263.5	48	287	178.5	242.5	76	182.5	66.5	297	152.5	297.5	190.5	314	204.5	265
all_peaks_120447	chr6	30484164	30484665	234	245	213	217.5	133.5	120.5	176	111	176.5	96	158	132.5	174	183	194.5	213.5	150.5	106	173	198.5	136.5	112	125	86.5	117.5	94.5	133.5	86
all_peaks_120462	chr6	30524134	30524635	278	257.5	275	232.5	178	101	173	116.5	200	199.5	171	128	209.5	170	192	149.5	166.5	165.5	177.5	154	249	168	237	169.5	221.5	211.5	229	187
all_peaks_120479	chr6	30650214	30650715	218	188.5	247.5	214	283.5	218	268.5	292	268.5	184.5	321.5	305	263.5	243.5	259	276	271	250.5	273.5	279.5	157.5	171.5	181	174.5	172	201	197	168
all_peaks_120485	chr6	30684975	30685476	684.5	621.5	714	647.5	656.5	595	653	743.5	729.5	683	716.5	714	664	716	651	717.5	666	775.5	709	731.5	644	674.5	821.5	738	742	677.5	797	766
all_peaks_120497	chr6	30710359	30710860	62.5	51	100.5	53.5	173.5	211.5	114.5	299.5	222.5	360	133.5	231	110.5	168.5	82	287	144	233	104	215	165	247.5	155.5	241.5	223.5	307	196.5	278
all_peaks_1205	chr1	10458743	10459244	302.5	324	367	294	372	517	364.5	458	334.5	444	356.5	387	316	377.5	358.5	396	373.5	406	362	356	381	403	395.5	384.5	362	426	382	386
all_peaks_120504	chr6	30737889	30738390	6.5	2.5	2.5	2	10	56	8.5	61.5	32	100.5	11.5	43.5	18.5	30.5	4.5	37.5	22	39	6	38	27	156	20	97	61	194	58.5	177
all_peaks_120515	chr6	30778465	30778966	15	25.5	8.5	10.5	2.5	42	27.5	167	9.5	71	16	87.5	1.5	8.5	30.5	66.5	20	14.5	19.5	31.5	13.5	110	43	137	4	117.5	41	159
all_peaks_120552	chr6	31062285	31062786	69	104	41	68	131.5	23.5	151.5	22.5	53.5	9	111.5	41.5	116	91.5	163.5	45	88	53	117.5	72	59.5	17	16	8	51	4.5	15	11.5
all_peaks_120609	chr6	31550057	31550558	115.5	166.5	46.5	119.5	118	29.5	237.5	72.5	170.5	32	191	87.5	162.5	134	284.5	190	165.5	78	244	231	32.5	16.5	56	25	24.5	7	45	16
all_peaks_120612	chr6	31560630	31561131	43	32	71	51.5	94.5	24.5	108.5	44	176.5	60.5	175.5	114.5	70	135	74	183	141	115.5	132	282	44	14	43.5	25	79	38	53	45.5
all_peaks_120619	chr6	31588001	31588502	346	361	374	352	402.5	249.5	366.5	308.5	401.5	406.5	342.5	300.5	450.5	420	447.5	410	410	400.5	423	443.5	353	357.5	409.5	329.5	396	352.5	450.5	352.5
all_peaks_120647	chr6	31707416	31707917	232	229	204	198.5	281	358	256	394.5	357	313	309	384.5	297.5	339	260.5	326.5	279	307.5	275	319.5	371	376.5	318	352.5	345.5	358.5	305	339
all_peaks_120670	chr6	31794904	31795405	235	244	209	127	360.5	370	386	445	390.5	486.5	318	427.5	370	345	416.5	442.5	330	371.5	344.5	335.5	361	405	394	463.5	327	441.5	352.5	441
all_peaks_12069	chr1	206912938	206913439	32.5	60.5	35.5	72	45.5	291	61	126	89	232.5	94	217	72	83.5	39	80	64	158.5	73.5	95	102	117.5	68	55	92	118.5	104	102
all_peaks_120726	chr6	32145772	32146273	625.5	685	637.5	732.5	615	537	706	520	648.5	465	722.5	677	578.5	611	668	601	669	588	739.5	679	600	504.5	538	544	550.5	556	546.5	528
all_peaks_120732	chr6	32163201	32163702	561	575	588.5	553	561	572.5	632	659	491	539	622.5	575.5	569.5	625	654.5	631.5	619	594	618	733.5	574	641	610.5	618.5	603	593	617.5	640.5
all_peaks_120750	chr6	32430367	32430868	1	1	3	1	6	90	3.5	51.5	10	146.5	3.5	10	35	24	0	11.5	16.5	48	3	3	18	254	0	98.5	41	224.5	16	130
all_peaks_120759	chr6	32590701	32591202	260.5	101	257.5	111	145.5	122	131	63.5	224	158	77.5	112	201.5	220.5	120.5	155.5	225.5	227	86.5	120	168.5	131.5	151	61.5	192.5	102.5	145.5	50
all_peaks_12076	chr1	206942681	206943182	45	33.5	81	42.5	115	203.5	61.5	100.5	150.5	118	109	177.5	96.5	105.5	52	114.5	136	171	91	102.5	132.5	63	126	60.5	119	49.5	138	47.5
all_peaks_120821	chr6	33043400	33043901	101.5	126	176.5	141.5	134	150.5	73.5	42.5	125	144	93	75.5	164	171	70.5	105.5	186	163.5	73.5	94	169	210.5	110.5	96	221	168.5	129	74.5
all_peaks_120867	chr6	33290690	33291191	486.5	508	496	460	439.5	362.5	472	348	417.5	428	492.5	393	464	455.5	500	451.5	468.5	427	469.5	447.5	431	402.5	437.5	374	451.5	390	373.5	372.5
all_peaks_120869	chr6	33311529	33312030	283	245	263.5	269	107.5	14	136	17	75	9.5	118.5	30	129	98	188.5	53.5	144.5	60.5	147.5	91	73	14.5	87.5	18	59	13.5	54	11.5
all_peaks_120878	chr6	33377899	33378400	320.5	235	291	260.5	344	405	291	416.5	313.5	382	283.5	337	313.5	339.5	316.5	376.5	302	340	299	316	332.5	373	388.5	412.5	364.5	348	380	366
all_peaks_120880	chr6	33385721	33386222	802	756.5	725.5	798.5	578.5	453.5	517	552	532	440	623	460.5	538.5	602	604.5	539	593.5	542.5	618	589.5	635	562.5	690.5	576.5	608.5	542.5	648	629.5
all_peaks_120890	chr6	33501082	33501583	75	101	113.5	153	29	8.5	123.5	15.5	73	57.5	180	99.5	36	29	112	31.5	84	62	185.5	99.5	22	14.5	62	18	70.5	28	105	39.5
all_peaks_12090	chr1	206976482	206976983	541	433.5	505.5	536	295.5	391.5	345.5	408	240	265.5	329	388	265	321.5	328	339	310	266	323	294	315.5	319.5	413.5	351.5	266	245.5	384	256
all_peaks_120915	chr6	33636646	33637147	142.5	95.5	14	16	131.5	37	78.5	16.5	25	5	14.5	6.5	141.5	137.5	73.5	53	14.5	12	15	5.5	91.5	14.5	69	13.5	7.5	2	4.5	2.5
all_peaks_120948	chr6	33824367	33824868	86	72	115	103.5	161	127.5	133.5	60	160	92	181	114	147.5	164.5	117	106.5	178.5	211	152	133.5	80	43	46.5	24.5	82	23	71	36.5
all_peaks_120955	chr6	33872136	33872637	135.5	136	268	181	239.5	238.5	199	201.5	300	224.5	322.5	268	216	237.5	165.5	218.5	250.5	342.5	253.5	222.5	370.5	205.5	291.5	112.5	475	127.5	348.5	143
all_peaks_121094	chr6	35299966	35300467	135.5	146	67.5	111.5	135.5	51	85.5	13.5	69	12	71	30.5	135	177	78.5	77	102	78	51.5	58	132.5	42.5	86.5	14.5	77.5	27.5	31.5	10.5
all_peaks_121134	chr6	35569549	35570050	181	233	147.5	272	68.5	6	161	14.5	40.5	6.5	142.5	42	52	18	195.5	55.5	83	17.5	195	100.5	25.5	1	44.5	16.5	14	8	36	7
all_peaks_121164	chr6	35695745	35696246	247	171	332.5	235.5	251	154.5	197.5	159	245.5	151.5	241	239	209.5	259.5	175.5	204	234.5	228.5	183.5	166.5	237.5	123.5	207	112	211	111	226.5	147
all_peaks_12118	chr1	207096322	207096823	233.5	293.5	185.5	282	105.5	45	186	75.5	61	16	240	137	115	96	257	127.5	153	75	267	175.5	85.5	25	99.5	15.5	65.5	37.5	91.5	41.5
all_peaks_121197	chr6	36076807	36077308	143.5	356	77.5	271.5	39.5	5	93.5	12.5	2	1	40	1	34	56.5	90	13.5	30	10.5	51	22.5	60	3.5	95.5	5	25.5	4	40.5	4.5
all_peaks_121239	chr6	36508013	36508514	50.5	174	36	179.5	17	2.5	36	7.5	6	7.5	23	9.5	21	6.5	66	7.5	6	6.5	44.5	16	4	1.5	6.5	11	3	4	5.5	4
all_peaks_121278	chr6	36723369	36723870	69	12.5	87.5	10	59.5	166	40.5	181	96.5	76	58.5	95.5	124.5	63	50	83	141	88.5	43.5	59.5	54	120	67	146	26.5	107.5	61.5	136.5
all_peaks_121301	chr6	36880343	36880844	107.5	71	82	53	223	312	150.5	235.5	254	332.5	207	357.5	164.5	230.5	153	306	172.5	229	155	290.5	165.5	165	176.5	137	134	224	196	179
all_peaks_121331	chr6	37000928	37001429	4	4	4.5	7	21.5	74	7	189	50	137	13	42.5	37	52	5.5	54.5	42.5	60.5	12.5	26.5	17.5	165.5	56.5	171.5	62.5	206	81	175
all_peaks_121358	chr6	37137485	37137986	337.5	320	310	322	506	370	433.5	353	530.5	468	443	422	435	483	430	472.5	445	511	431	476	429.5	426	446	373	429	359	398	334.5
all_peaks_121362	chr6	37151007	37151508	140	173.5	132.5	166	137.5	142.5	213.5	170	240.5	143	227	189	176	228	201.5	204.5	198.5	187	217.5	212	124.5	79.5	134.5	57	108	57.5	140	45
all_peaks_121374	chr6	37190311	37190812	107.5	118.5	95.5	115.5	112	187	168.5	244	113.5	133	155	193.5	109.5	130	156	224	97	133	131	157	202	215	184.5	238.5	235	186	220.5	219
all_peaks_121382	chr6	37244609	37245110	2.5	11	2.5	6	5.5	2	72	84.5	8.5	2.5	43	102	10.5	4	55.5	143.5	7	6	25	163.5	1	0	51	28.5	2	4	17.5	29.5
all_peaks_121387	chr6	37257582	37258083	37	27.5	23	18.5	77.5	123.5	156.5	117	77.5	71	139	202	70	103.5	178	283.5	63.5	69	148	208.5	59	42.5	89	44	12.5	30	43	20.5
all_peaks_121413	chr6	37470514	37471015	214.5	77.5	367	91	62.5	61.5	33.5	21	57.5	48	28.5	23	76	56	38.5	24.5	88	58.5	44	19	161.5	66.5	75.5	46	166.5	62	26.5	31.5
all_peaks_121416	chr6	37484222	37484723	292	270.5	324.5	296.5	192.5	298	347.5	235.5	258	157.5	386.5	319	209.5	176	326.5	203.5	320.5	227.5	328.5	307	203.5	174	170	185	263	176	220.5	170
all_peaks_121545	chr6	39197077	39197578	46	39.5	50.5	54.5	188.5	202	121	218	131.5	176.5	137.5	199	113	166	120	208.5	147	209.5	111	151	175	221.5	206.5	255.5	157	164.5	193	200
all_peaks_12158	chr1	207494588	207495089	670.5	556	686.5	643	586	410	498.5	414	554.5	491	520	529.5	614.5	568	562.5	500.5	596	550.5	586.5	513	626	410	550	475	498	465.5	535.5	468
all_peaks_121617	chr6	41168127	41168628	138.5	203	104	202	113.5	47.5	136.5	37.5	102	53.5	111.5	64.5	107	125.5	133.5	111.5	90.5	90.5	135	140	90	48.5	78.5	51.5	52.5	50.5	51.5	48.5
all_peaks_12162	chr1	207509986	207510487	28.5	67	121.5	257.5	44	33	102	95.5	184.5	172.5	252	307.5	35	73	73	157.5	163	149	253	279.5	12.5	24	72	50	71.5	94	100.5	171.5
all_peaks_121631	chr6	41301783	41302284	26.5	44.5	130	116	5	6.5	28	22	108	67	127.5	116.5	5.5	5.5	28.5	10	143.5	75	167	124	5	8	38.5	23	35.5	55	117	115.5
all_peaks_121632	chr6	41312594	41313095	42	71	73	92.5	37	11.5	123.5	23.5	85.5	36	149	110	41	38	106.5	28	122	49.5	179.5	119.5	14	10	71.5	14.5	42	14	138.5	24.5
all_peaks_121650	chr6	41528603	41529104	184.5	97.5	248.5	178	119	71	164	95.5	175.5	105	170.5	201	90	132.5	110	144	144.5	121.5	174.5	208.5	61	63	109.5	87	65	73.5	132	101.5
all_peaks_121689	chr6	41903838	41904339	85	56.5	198.5	89.5	223	252.5	284	224.5	322.5	218.5	296	290.5	242	297.5	287.5	314.5	279.5	274	278.5	317.5	138	110	161	104	213.5	89	197	99.5
all_peaks_121714	chr6	42007215	42007716	156	174.5	196.5	193	251.5	299.5	306.5	342.5	268.5	230	315.5	364.5	238.5	265	264	344	257.5	271.5	278	280.5	200	148	235.5	162	174	135.5	207.5	180
all_peaks_121716	chr6	42013415	42013916	182.5	344.5	131.5	387.5	81	21	202.5	28.5	50	27.5	220.5	47.5	48.5	40	219.5	119	72.5	24.5	218	213.5	69	22	67.5	38	23	19.5	53.5	21.5
all_peaks_121717	chr6	42016270	42016771	195.5	281.5	188.5	260.5	166	60.5	210.5	113	145	131	226.5	169.5	144.5	100.5	268	192	159	100.5	267.5	213.5	121	59	86.5	79	130.5	87	108.5	120
all_peaks_121748	chr6	42307771	42308272	3.5	2.5	4.5	2	45.5	252	4.5	200	124.5	208.5	23	116	75	65.5	2.5	53	42	128.5	8.5	24.5	203	207.5	121	205	209.5	233	198.5	205
all_peaks_121752	chr6	42313631	42314132	1.5	1	20.5	16.5	55.5	39	26	41	130	144.5	148	87	41	42.5	8.5	52.5	125	203	81.5	131	40.5	11.5	24	6	165.5	82.5	110.5	73
all_peaks_121767	chr6	42358000	42358501	141	229	203	253.5	79.5	157.5	128.5	88	100.5	170.5	150.5	120.5	91.5	90	150	68	163.5	154	176	124	72.5	162.5	59	111.5	128	211.5	110.5	171.5
all_peaks_121775	chr6	42385336	42385837	37	23	157.5	56.5	81	34.5	88.5	23.5	175	122.5	144	88.5	102.5	119	50	64.5	176.5	193.5	118	147	25.5	18	28.5	8	115.5	58	79.5	41.5
all_peaks_121787	chr6	42488638	42489139	2	0.5	1	1	6.5	156.5	3.5	77.5	37	132	4	25	20.5	14	2.5	16.5	12.5	39.5	1	5.5	20.5	145.5	13	156.5	35.5	182.5	15	65
all_peaks_121816	chr6	42738735	42739236	403	379	433.5	410.5	220	113.5	237	101	231	123.5	290	200.5	250	264	278.5	232	313.5	266.5	300	290	261	147	271	181.5	231	135.5	272.5	149.5
all_peaks_121835	chr6	42896840	42897341	494	483.5	539.5	579	499	494.5	550.5	470	477.5	439.5	567	500.5	471.5	464.5	501.5	450	504.5	465.5	540	514	423	368	433	416.5	384.5	377.5	411.5	383
all_peaks_121873	chr6	43142215	43142716	191	173.5	209.5	153	280.5	323.5	235.5	295	342	357	248	386.5	248	385	196.5	414	240	323.5	246.5	325.5	377.5	400	336	360.5	388	364	320	342
all_peaks_121905	chr6	43351401	43351902	441	351	381	434	273	254	411	268	279.5	195	310.5	302	343	391.5	332.5	330.5	348.5	310.5	285.5	339	242	156	264.5	142.5	160.5	129	202.5	152
all_peaks_121935	chr6	43552582	43553083	29.5	5.5	33	17.5	125.5	32	134.5	13.5	113	30.5	167.5	52.5	122	151	173	86	140.5	102	207.5	173	29.5	4	5.5	5	21.5	4.5	9.5	4
all_peaks_121938	chr6	43596822	43597323	337.5	334	305.5	358.5	279	384	362.5	397	297	336.5	363	365.5	383.5	414.5	376.5	439.5	423.5	412	435	448.5	309.5	400	317	396.5	345.5	404.5	384.5	408.5
all_peaks_121939	chr6	43597571	43598072	121	103	129	96	150.5	258	160	297	214	284.5	156.5	258.5	197	212.5	193.5	260.5	200.5	208	190.5	181	204.5	257	253.5	292.5	252.5	260.5	229	198
all_peaks_12198	chr1	207999105	207999606	213.5	164.5	271.5	225.5	191.5	268.5	196	351	211.5	200.5	263	295	228	267.5	191.5	236	240	252	215	196.5	213.5	256.5	232.5	324	171.5	257.5	211	334
all_peaks_12200	chr1	208005149	208005650	30	34	19	32	20	119	67.5	179	56.5	83.5	51	124.5	36.5	57	74.5	86.5	46.5	63	72	54	72.5	156	102.5	136.5	57.5	125	124.5	153
all_peaks_122060	chr6	44610572	44611073	4	0.5	7.5	2.5	34	49	1	36.5	33	96.5	5.5	19.5	10.5	28.5	5	11.5	21.5	46.5	5.5	8	57	127.5	11.5	84.5	91.5	175.5	33.5	133
all_peaks_122089	chr6	44977235	44977736	3	2	3	1	12.5	96	0	45.5	33	78.5	6.5	30	18.5	35.5	0	11	19	35	4.5	13	69	156	23	100.5	76.5	131.5	57	141
all_peaks_122155	chr6	45554334	45554835	139.5	111	133	101.5	175	62	174	20.5	201.5	105	202	129	217	163.5	209	121.5	210.5	143.5	231.5	175.5	154.5	19	30.5	10	92	58	40	29.5
all_peaks_122185	chr6	45678163	45678664	3	3.5	9.5	5	68.5	163	14	98	123	230.5	37	102	65	69	11	49	80.5	100	28.5	49	96.5	141.5	77	137	109.5	183	95.5	164.5
all_peaks_122192	chr6	45769654	45770155	7	0.5	1	1	64.5	211	12.5	182	108.5	275.5	36	253.5	48	53	9.5	42.5	86	159.5	22.5	70	49.5	113	19.5	102.5	82	203.5	116	214
all_peaks_122202	chr6	45798168	45798669	15	7.5	11	12.5	72	201	35	201	143.5	348.5	57.5	146.5	56.5	177.5	25.5	146.5	83	213	32	94.5	80.5	182.5	26.5	132	135.5	223.5	89.5	178
all_peaks_122211	chr6	45891504	45892005	4	3	1	3	49	235	6	237.5	94.5	250	10	123	57.5	83.5	3	77	33.5	128.5	5.5	19	226	323.5	62.5	243.5	263.5	297.5	173	214
all_peaks_122214	chr6	45979145	45979646	128.5	97.5	217	89.5	178.5	200	165.5	186	250	150	242.5	312.5	146	176	162.5	204	202	210	194.5	199	204	64.5	163.5	59	180	102	202	86.5
all_peaks_122241	chr6	46293328	46293829	12	2	89.5	4.5	87.5	57.5	1.5	20.5	140.5	125.5	6.5	3	118	45	5	25	109	88.5	5.5	3	56.5	50	7	15.5	110.5	134.5	5.5	15
all_peaks_122273	chr6	47445122	47445623	217	196	255.5	287.5	148	81.5	144	79.5	174	109	187.5	155.5	125	112.5	164.5	94	151	128.5	192.5	119	174.5	113	121	99	173.5	98.5	194.5	101
all_peaks_122314	chr6	52022272	52022773	3	2	3	1	32.5	156	1	95.5	21	133.5	0.5	21.5	26	62.5	2	32.5	16	38	1.5	2.5	68.5	255	12.5	159	48	165.5	24.5	119.5
all_peaks_122325	chr6	52092225	52092726	6	0.5	7	2	100	205.5	34	144.5	148.5	122	39.5	158.5	104	144	8	154.5	90.5	154.5	17.5	54	132	102	68.5	67.5	117.5	72.5	75	62.5
all_peaks_122333	chr6	52149540	52150041	481.5	495.5	476.5	478	423	432	514.5	458	475.5	434	493	490.5	482	520.5	519	505.5	529	462	491	516	389	426	458.5	412.5	380.5	407.5	407.5	402.5
all_peaks_122431	chr6	53096358	53096859	14.5	0.5	7.5	2	49	174	9	112	45	108	9	51.5	47.5	70	8.5	46.5	41	83	4.5	20.5	97.5	231.5	64.5	146.5	104.5	177	53	107
all_peaks_12244	chr1	208777632	208778133	3.5	0.5	5	2.5	23	123	7	102	83.5	103	7	61.5	37.5	59.5	1.5	47.5	34.5	62.5	1	11	81.5	164	28.5	97	65.5	108	63	129
all_peaks_122445	chr6	53171692	53172193	10.5	0.5	11.5	4.5	58.5	146.5	13	162.5	47.5	95	13	84.5	60.5	57.5	8	65.5	48.5	74	10	30	73	154.5	56	168.5	55.5	121	74	138
all_peaks_122507	chr6	55733662	55734163	1	0.5	1	1	1	191	0	161.5	4	60.5	1	74.5	12	28	0	82	5.5	46.5	0	14	5.5	166	1	152	4.5	44	6	129
all_peaks_122516	chr6	56458507	56459008	9	7.5	2.5	2.5	44.5	102.5	17	134	24.5	41.5	8.5	39.5	20	34	7.5	57	8	24	4.5	11	149	145	75.5	129.5	77	80	80	57.5
all_peaks_122577	chr6	58776037	58776538	35.5	45	17.5	34.5	225	97.5	76.5	51.5	402	258	105	111	142.5	19.5	29	31	36	19.5	20	23.5	63	24.5	90.5	45.5	174.5	35.5	106.5	67
all_peaks_122578	chr6	58777413	58777914	137	195	57	153	950	768.5	566.5	392	1092.5	932	662.5	842.5	717	140	145	228.5	250.5	136	119.5	98	376.5	310.5	517	391.5	1027.5	383.5	756.5	584.5
all_peaks_122579	chr6	58778826	58779327	168	239	71.5	171	1000	825.5	632.5	545	1261	967	762	984	793	141	176.5	265	295	146.5	129	108.5	470	333	701	491.5	1238	477	975	786.5
all_peaks_122590	chr6	64282136	64282637	406.5	438.5	372.5	436.5	363.5	281.5	341	262.5	423	320	334.5	352	334	327.5	314	281.5	336.5	340.5	344.5	328	352.5	292.5	361.5	310	330	287	349	277.5
all_peaks_122654	chr6	71122840	71123341	199	162.5	205.5	165.5	287.5	216.5	231	210	260	325.5	206	241.5	235	204	218.5	224.5	204.5	197.5	186	222.5	237	254.5	284.5	290	313.5	285.5	269.5	300.5
all_peaks_122729	chr6	74132141	74132642	229.5	64	305.5	101	176	161.5	195.5	106	221.5	93.5	205.5	187.5	229	244.5	207.5	168	268	188.5	199	220	181	46.5	93.5	22	125	47.5	109.5	25.5
all_peaks_122794	chr6	75994412	75994913	354.5	329.5	335	279.5	374.5	233.5	337	358	370	344.5	315.5	324	365.5	291	392.5	371.5	255	222	331	352	263	294.5	276.5	353	294	295.5	271.5	326
all_peaks_122806	chr6	76206068	76206569	23	3	55	4	135.5	163	54	125.5	145.5	96.5	34	107	132.5	156.5	17.5	166	135	145	27.5	92.5	161.5	177.5	80	89.5	157.5	108.5	51.5	93
all_peaks_122823	chr6	76540618	76541119	1.5	1	11.5	3.5	13	131.5	1	48.5	46.5	175.5	5	57.5	18	36.5	1	19	30.5	92	3	13	31	114.5	3	31.5	38	124.5	19	43
all_peaks_122853	chr6	80246945	80247446	164.5	351	91.5	301	169.5	206	236.5	223	146.5	147.5	221.5	262	151.5	154.5	203	205.5	141	157	161.5	169.5	178.5	157.5	191	225	161	143	201	208.5
all_peaks_12297	chr1	209920976	209921477	96.5	78.5	110.5	89.5	185	322	109.5	242	229	256	127	288	185	218	85.5	251	137.5	241	106	182.5	192.5	237.5	170	232	189.5	280.5	184.5	225
all_peaks_12298	chr1	209925227	209925728	25	16.5	21.5	13.5	140	226	57.5	221.5	148.5	233	90.5	215	125	156	46.5	207.5	99	148	49	131	129.5	216	186	183	151	177	200.5	173
all_peaks_12299	chr1	209929154	209929655	209	197	186.5	195.5	207.5	279.5	219.5	309	240.5	264	246.5	322.5	214.5	277	230.5	274.5	225	241	229	257	162	161	162.5	135	134.5	164	183.5	158.5
all_peaks_122996	chr6	86159044	86159545	7.5	25	39	100.5	22	25	45.5	30.5	52	45	142.5	176.5	10	37	44.5	115	47	49.5	103.5	146.5	20	10	35.5	26	42	28.5	48	44
all_peaks_123002	chr6	86174474	86174975	2.5	3	9.5	9.5	10	24	9	156.5	11.5	109.5	10.5	26	10.5	10	5	25	8	12	10.5	14.5	2	65	10.5	116	10	148.5	20.5	235
all_peaks_123010	chr6	86303633	86304134	122	116.5	163.5	153.5	171	272	160	238	254.5	334.5	229.5	293	140	175.5	151	201	179	236.5	186	225.5	138	171	114	165	199	220.5	168.5	219
all_peaks_123019	chr6	86379428	86379929	82	56	103.5	62	173.5	273	130.5	276	193	187	179.5	283	171	160	116.5	195	155	206	118	170	172.5	172	145	166.5	143.5	163.5	142.5	135
all_peaks_12302	chr1	209941656	209942157	167.5	176.5	183	201	233	271	297	306	219.5	196	315.5	264.5	215	208	328	266	231.5	206	271	278.5	158	140	221.5	148	145.5	115	174	117.5
all_peaks_123038	chr6	87864921	87865422	214	221	245.5	218.5	386.5	322.5	303	350	410.5	456	331	410.5	325	368.5	281	384	362	358	323.5	364.5	374.5	346	307.5	347.5	375	301.5	344.5	327.5
all_peaks_123078	chr6	88414823	88415324	8	2	11.5	3.5	45.5	229.5	4.5	169	119	176	13	154.5	86	89.5	5.5	91.5	88.5	164.5	10	34	116.5	207	22.5	172	218.5	187	87	179
all_peaks_123089	chr6	88451764	88452265	74	28.5	99	17.5	91	171	79.5	164.5	77	97.5	73.5	118	122	73	95.5	76.5	126	90	73	93	119.5	221	105	137.5	124	247	135	194.5
all_peaks_123161	chr6	90085228	90085729	90	47.5	190	96.5	123	91	120	31.5	182	84	181.5	130	158	162.5	104.5	113.5	182	166.5	157	140.5	119.5	21	78	23.5	117.5	39	95	40
all_peaks_123200	chr6	90662458	90662959	175	195.5	232	288.5	107.5	65.5	128.5	116.5	129.5	47.5	160.5	142.5	65.5	69	112	79.5	137	104	168	125	53.5	40	101	60.5	64	75	134	57.5
all_peaks_123202	chr6	90664341	90664842	23.5	28	33	43	20	123.5	27.5	129.5	31.5	66.5	18	65	21	16.5	20.5	24	19	35	24.5	24	21	105	78	128	30	133	136.5	146.5
all_peaks_123221	chr6	90735436	90735937	6	5.5	1	4.5	6	62.5	8.5	128.5	16	66.5	11	18	17.5	20.5	3.5	25.5	11.5	24	6.5	12.5	32	187.5	39	186.5	31	139	26	143.5
all_peaks_123245	chr6	90820705	90821206	30.5	51.5	94.5	89	12	23	134	19.5	55	67.5	167	90	39	40.5	106	38.5	104.5	74.5	162	129.5	18	17.5	79.5	27	62	50	135	70.5
all_peaks_123282	chr6	90943540	90944041	167	272.5	133	356.5	43.5	35	223.5	70.5	131	99.5	260.5	220	32	49	185	107.5	71	77.5	241.5	232	15	37	80	42.5	14.5	64.5	97.5	124
all_peaks_123287	chr6	90958707	90959208	3	14.5	4	15.5	3	39	10	83.5	15	107	23.5	42	5.5	11	14.5	17	4	22	15.5	19	6.5	81.5	45	168.5	19	108.5	76	134.5
all_peaks_123291	chr6	90966658	90967159	22	17.5	23	30.5	3	94.5	6.5	55.5	16.5	147.5	30.5	76	6	5	12	7	13	43	32.5	28	1.5	81	26	148	5	176	55	232
all_peaks_123297	chr6	90984038	90984539	379	376	378	509.5	62	33.5	161	88	99	118	190.5	161	60	59.5	176.5	30	139.5	118	211	133	42	95	197	169.5	23.5	144.5	167.5	232
all_peaks_12330	chr1	210506127	210506628	81.5	19.5	89.5	14	103	234.5	66.5	190	100.5	197	73	174	109.5	128.5	54.5	60	91.5	122.5	47	57	171.5	280	104	196	149.5	249	192.5	235.5
all_peaks_123305	chr6	91006374	91006875	209	252.5	211	247.5	150	115	206	91.5	110	125	197	197.5	147	174.5	188.5	153.5	133	124.5	173	168.5	184.5	90	211	133	144	97	198.5	156.5
all_peaks_123318	chr6	91078680	91079181	12	3.5	21	6	61.5	122	14.5	164	107.5	170	38	135.5	59	102.5	4.5	99	80.5	112	13	45	80.5	89	35	88	76	98	58	92
all_peaks_123324	chr6	91107563	91108064	76.5	21	178.5	42	114	250.5	68	254.5	168	218.5	105.5	194	122	150.5	75.5	137	200.5	196.5	122	110	160.5	264	159.5	294.5	171	291	162.5	218.5
all_peaks_123326	chr6	91111872	91112373	51	21.5	120.5	49	131.5	147.5	117.5	180.5	212.5	217	218.5	298.5	120.5	168	93	214.5	207	155.5	161.5	240	114.5	105	97	83.5	119	205	139	208.5
all_peaks_123328	chr6	91121016	91121517	59	4	52.5	1	154.5	198	24.5	198.5	64.5	142.5	16.5	37	91	164.5	20.5	56	56	58.5	16	26.5	123	247	52.5	237	66	203.5	21	166
all_peaks_123338	chr6	91167941	91168442	23	22.5	21	8.5	66.5	104.5	44.5	214	88	155.5	38.5	91	46	88.5	21	121.5	48.5	77.5	30.5	61.5	63.5	268	92	216.5	112.5	247.5	159	274.5
all_peaks_123378	chr6	96947582	96948083	85.5	28	192.5	73.5	133	18.5	119	5	85	9.5	152	58.5	170.5	127.5	101	41	171.5	105.5	154	107	99	3.5	18	2.5	89	1.5	14.5	3
all_peaks_123379	chr6	96969403	96969904	292	300.5	332.5	342.5	235.5	191	234.5	183	241	130.5	245	198.5	213.5	200.5	220.5	191.5	244.5	212.5	241	243	160	189.5	187.5	178	222.5	131.5	198.5	202
all_peaks_123386	chr6	97285196	97285697	67	38	48	42	194	243.5	127	141	133	149.5	115	155.5	175.5	149	95.5	125	145	153	95	106	146	134.5	109.5	90.5	131.5	99.5	104.5	72.5
all_peaks_123389	chr6	97355256	97355757	4	3.5	4.5	3	47.5	236	16.5	249	31.5	174.5	13	89.5	59	55	7.5	31.5	28.5	78.5	11.5	13	120.5	299	34.5	247.5	145.5	249.5	102	266.5
all_peaks_123392	chr6	97372286	97372787	287.5	301.5	243.5	265	219	146.5	242.5	135	237.5	91.5	227	163.5	249	206	276	180.5	224.5	160	237	209.5	250	152	171.5	155	208	132	199.5	184.5
all_peaks_123447	chr6	99963105	99963606	129	95	128	105	196	226	181	286.5	171	194	159.5	199.5	180.5	161	154.5	199.5	171.5	189	125.5	162.5	160	247.5	185.5	288	203.5	279.5	167	243.5
all_peaks_123478	chr6	100619708	100620209	1	1.5	1	1	28.5	177	2.5	52.5	105	128	10	58	54	59	4	27.5	31.5	114.5	4.5	22.5	28.5	66	2.5	14	93	79	25	15.5
all_peaks_123482	chr6	100676622	100677123	18	6.5	35.5	4	84	171.5	20	95	104.5	201	24.5	91.5	97	109.5	10.5	62	76	153.5	16.5	49.5	80	166.5	12	25	81.5	146	34	57
all_peaks_123497	chr6	100923352	100923853	4	0.5	1	1	19.5	163.5	1	58.5	28	118	0	9.5	40	37.5	0	12.5	15	45.5	0	2	76.5	131	7	34	48.5	101.5	6	22.5
all_peaks_123571	chr6	105901161	105901662	47	28	204	215.5	21.5	12.5	4	6.5	99	38	31	28	27.5	32	7.5	10	88.5	78.5	28	40	10	8	4.5	3.5	58.5	51.5	11	12.5
all_peaks_123574	chr6	105906869	105907370	18.5	0.5	74	9.5	58.5	127.5	0	39.5	102	106	3	21.5	78.5	74.5	0	38.5	89.5	137	4	10.5	110.5	167	4.5	39.5	196.5	225.5	3	41
all_peaks_123590	chr6	106008548	106009049	1	0.5	3	2.5	26	186.5	0.5	83.5	65	198	15	95	29.5	54	1.5	46.5	58.5	111	7.5	22	56	110.5	15	68.5	131.5	149.5	77	80
all_peaks_123599	chr6	106049446	106049947	5.5	0.5	13.5	3	33	137.5	2.5	97	27	106	5	16.5	26.5	36.5	1.5	40.5	34	50.5	5	7.5	71.5	187	5	26.5	47	174.5	6	35.5
all_peaks_123608	chr6	106094190	106094691	43	4	190	21.5	336	416	182	488	491.5	428	374	577	330	447	107	503	438.5	468.5	240.5	383	393.5	346.5	367.5	303.5	319	379.5	339.5	309
all_peaks_123630	chr6	106258262	106258763	15.5	1.5	10	2.5	150	239.5	80.5	211.5	250	224.5	159	251	159	233	48	333.5	160.5	232.5	65	248	138.5	97	74	98	161.5	117.5	136	91.5
all_peaks_123643	chr6	106347935	106348436	3	7	7	1	12	20.5	26.5	56	39	37.5	42	37	18	88.5	15	170	21.5	41.5	18	194.5	28.5	21	22	14.5	8	27	8	32
all_peaks_123679	chr6	106562299	106562800	34.5	6	47.5	9	78.5	205	18.5	202.5	120	206	35.5	146	67.5	72.5	14.5	64.5	61.5	116.5	31	35.5	104.5	158	40.5	140.5	133	143	98.5	214.5
all_peaks_123681	chr6	106565352	106565853	144.5	131.5	181	237	75.5	75	109	79.5	117.5	97	126.5	141	67.5	64	115.5	76.5	109.5	94	161	121	62.5	35.5	76.5	40.5	96	56.5	119.5	84
all_peaks_123686	chr6	106589559	106590060	24.5	24	68.5	43.5	51.5	53.5	98.5	135	132	37	163	239.5	42.5	51	82.5	106.5	90	64	170.5	153	35.5	27.5	75	57.5	57	47.5	177	139
all_peaks_123693	chr6	106611929	106612430	44.5	4.5	67.5	20	110	310.5	34	220	168	286.5	71.5	282	101.5	103.5	20	111	109	160	59	76	151.5	242.5	66.5	221.5	161.5	284.5	226	364.5
all_peaks_123740	chr6	106968642	106969143	376	317	331	410.5	183	229.5	188.5	244	194.5	273.5	175	164	224.5	206	168.5	203.5	186.5	210.5	143.5	168.5	228.5	219.5	272	195	196.5	264.5	194.5	237.5
all_peaks_123782	chr6	107939852	107940353	45	58.5	92.5	104.5	45	15	106	20	99	59	226	157	29.5	49.5	87.5	28.5	117.5	67	164	170.5	41	8.5	68	12.5	95	19.5	126	29.5
all_peaks_123786	chr6	107978899	107979400	36	54	49	54.5	72	147.5	95	156	95	116.5	152	230.5	59	65.5	90.5	82.5	72	101.5	101	154.5	69.5	74.5	51.5	94.5	77	76.5	148	142
all_peaks_123794	chr6	108037865	108038366	138.5	176	189	167.5	92.5	48.5	206.5	50.5	215.5	38.5	146	106	121	111	170.5	124	173	92	169.5	174.5	84	30	125	62.5	46	28.5	116	60.5
all_peaks_123800	chr6	108057928	108058429	103	112	128.5	171.5	33.5	4	106.5	10	51	5.5	204.5	106	55	28	150	29	91.5	33.5	182	152.5	15.5	2	21.5	5.5	23	7.5	27	3.5
all_peaks_123858	chr6	108879476	108879977	261.5	280	250.5	281.5	202	129	197	83	170.5	204.5	168	109.5	229.5	210.5	209.5	197	225	198.5	203.5	202	180.5	155	216.5	165	148	203.5	184	173
all_peaks_123891	chr6	109195583	109196084	18	4	46.5	10.5	111	198	53	126.5	185.5	234.5	102.5	169	117	191	25.5	136.5	168	194.5	57.5	136	132.5	137.5	90	54	159.5	161.5	103.5	95.5
all_peaks_123892	chr6	109204193	109204694	2.5	0.5	2.5	5	66	183.5	12	117	88	198	13.5	114	73.5	67.5	2.5	56.5	35	109.5	6.5	29.5	130	195.5	61	142.5	116.5	140.5	85.5	108.5
all_peaks_123901	chr6	109242587	109243088	3	2	20	6	37	143	14.5	42	135.5	177	44.5	116.5	64	116	5	72.5	85.5	145	20.5	80.5	65	85	54	37	101	83	82	65
all_peaks_123936	chr6	109694899	109695400	12.5	9.5	13.5	6.5	44	202	16.5	189.5	82	164	33.5	142	59	67.5	10	89.5	56.5	111	17.5	49	104.5	217.5	79.5	155.5	131	242	115.5	154.5
all_peaks_123952	chr6	109775826	109776327	161.5	122.5	231.5	247	99	103	105.5	89	157.5	86.5	141	176.5	86.5	111.5	96.5	89.5	114.5	111	112	126	87	72.5	100.5	65.5	117.5	66	141.5	69
all_peaks_123962	chr6	109812428	109812929	64.5	76.5	53.5	89.5	149	218	221.5	85	169.5	87.5	226	154.5	192.5	229.5	212	122.5	202.5	148.5	246.5	187.5	122	89	99	49	98	54.5	116	37.5
all_peaks_12399	chr1	211688476	211688977	41	41	36.5	37	54.5	78.5	50	251	67	85	45.5	250	49	46	43.5	230.5	37	47.5	33.5	128.5	54.5	43.5	70	141.5	70.5	69.5	91.5	144
all_peaks_124023	chr6	111136481	111136982	472.5	478.5	450	430.5	464	343.5	443	315	402.5	330	496	365.5	445	386.5	476	389.5	407	395	441	451	372	282	334	287	378	275.5	323	292.5
all_peaks_124038	chr6	111265777	111266278	17	2.5	10.5	4	133	392.5	39.5	381	246.5	322	50.5	211	191	216	14.5	164.5	121	256	25	54.5	360.5	436.5	278	405.5	379.5	404	331	348
all_peaks_124054	chr6	111408323	111408824	135.5	233.5	64.5	252.5	108	128.5	126	150.5	88.5	87.5	172.5	176.5	69	72.5	104	103.5	74	96.5	149.5	142.5	111	82.5	124	98	130.5	68.5	158	147.5
all_peaks_124102	chr6	111854194	111854695	17.5	32	3	35	20.5	95	72	249.5	26	79.5	113	336.5	10	16.5	66	109.5	13.5	37.5	76.5	96.5	59	157	66	178	68	152.5	153.5	202.5
all_peaks_124142	chr6	112081069	112081570	185.5	108.5	298.5	119.5	107.5	58	45	52	66.5	106.5	40.5	24.5	59	57.5	44.5	45	53.5	60.5	32.5	38	66.5	89.5	100	71	44.5	129.5	75	79.5
all_peaks_124143	chr6	112085519	112086020	108.5	24	283	46.5	74	149	19	104	124	161	28.5	58	103.5	87	23	48	115.5	138	17.5	45.5	79	134	61.5	90.5	150	177.5	58	109.5
all_peaks_124173	chr6	112158965	112159466	73	26	134.5	33	87	209	62	115	140	259.5	92	244.5	92.5	99.5	43	100.5	115.5	172.5	63.5	75.5	113.5	163.5	127	147.5	128.5	173	174	134.5
all_peaks_124193	chr6	112294278	112294779	91.5	233.5	52	205	13.5	30	97	79	18	34.5	38.5	43	35.5	28	90	72	20.5	11	51	75.5	14.5	46	35	97.5	9	53.5	10	49
all_peaks_124209	chr6	112349067	112349568	137.5	171.5	140	179	111.5	85.5	161.5	108	62.5	37	154	106.5	121	107.5	219	118.5	167.5	108	194	115	79.5	44	79	62.5	61.5	33.5	52.5	42.5
all_peaks_124246	chr6	114179939	114180440	49	44.5	32	56	104	160	73	154	117.5	137.5	119.5	220.5	61.5	77	48.5	109.5	112.5	147	105.5	112	107.5	106	88.5	160	88	153	156.5	202.5
all_peaks_12430	chr1	212006423	212006924	28	16	25	24	82.5	24.5	183.5	15	100	37.5	184.5	105.5	55	51	141	112.5	68	56	169	138	36	3.5	31.5	12	8.5	9	15	15
all_peaks_124317	chr6	116892201	116892702	456.5	413	501.5	447	389.5	410	426	466	399.5	454.5	465.5	568	477	459	457.5	458.5	504.5	520.5	464.5	493	390	504	423.5	492	427	557	520.5	591
all_peaks_12437	chr1	212108694	212109195	3	0.5	4	2.5	7	74.5	15	185.5	10.5	61.5	11	56	8.5	13	9.5	48	32	34	13	26	5	111	36.5	202.5	10.5	137.5	79	169.5
all_peaks_124409	chr6	119117722	119118223	155	137	149	123.5	181	93	105.5	27.5	131.5	43.5	124.5	108	175.5	149	111.5	69	146	117.5	138.5	83	163	39	101.5	29	87.5	46	112.5	34
all_peaks_124417	chr6	119164893	119165394	7	0.5	6	2	62.5	106.5	11.5	86.5	66.5	144.5	17.5	89.5	55	50	9	32	50.5	77	9	22	105	132	83.5	133.5	92.5	93	115	122.5
all_peaks_12444	chr1	212203777	212204278	2.5	2	7	2	7	127.5	1.5	53.5	9.5	93	0.5	13.5	23	15	2.5	7.5	10.5	43.5	0	2.5	22	178.5	3.5	94	61.5	113	10.5	104.5
all_peaks_124454	chr6	119558376	119558877	15	24	10	22	133	47	36.5	19	255.5	268	47.5	102	81	9.5	7.5	17	26	27.5	5.5	8.5	20.5	13	39	29.5	81	12	59	43
all_peaks_124478	chr6	119784145	119784646	14	0.5	5.5	1	96.5	223	31.5	95.5	89.5	108	31	74	94	111.5	26.5	76.5	56.5	72	20.5	31.5	144	105.5	64.5	43.5	119.5	84.5	73.5	41
all_peaks_124519	chr6	122714597	122715098	1.5	0.5	1	2	4.5	36	4.5	56.5	6	86	5.5	15	4.5	11.5	0	10.5	7	21.5	1	1.5	6	123.5	16	109.5	33	137.5	30	131
all_peaks_124592	chr6	126225966	126226467	17	4.5	19.5	2	63.5	245	8.5	200	68	209.5	12	91.5	84.5	119.5	6	71.5	54	106.5	8.5	29	55	176.5	47	176.5	37	181	42.5	163
all_peaks_124641	chr6	127741555	127742056	18	21.5	25	22	66	137	67.5	137.5	93.5	128.5	51	76.5	98.5	109	50.5	111	72	98	36	63	102	206	123.5	186	110	156	128.5	190
all_peaks_124700	chr6	128288856	128289357	7	20.5	11.5	53.5	46.5	42.5	107	65	123	79	205.5	178.5	63.5	49	75.5	73.5	111.5	85	190	174	29	5	36	15	70	35.5	108.5	58
all_peaks_12477	chr1	212429623	212430124	79.5	52	75.5	58	146.5	40.5	178	19	87	7	175	102	132.5	154.5	171	84.5	133	89	163	169.5	32.5	6	15	2.5	9.5	7.5	12	13.5
all_peaks_124824	chr6	130453412	130453913	196.5	232.5	204.5	199	208	221.5	314.5	119	274	160	280.5	202.5	246	293.5	284	225.5	239	236.5	248.5	280	263	118	188	83	207	133.5	157.5	105.5
all_peaks_124829	chr6	130505053	130505554	116	119	174	174.5	82.5	46.5	83	25.5	130	70.5	139.5	139.5	102	131.5	82	56	124	121.5	116.5	99.5	55.5	8.5	35.5	11	63	37	63.5	17
all_peaks_124839	chr6	130544617	130545118	102.5	94	133.5	70	259	172.5	248	49	273.5	107.5	279.5	198	219.5	232.5	214.5	182	242	228	223.5	224	188	24.5	115.5	25	167	55	101.5	52
all_peaks_124866	chr6	130834816	130835317	187	216	129.5	205.5	138.5	124.5	292.5	227.5	160.5	117.5	260	182	156	226	274	311	200.5	154	275.5	257.5	96.5	72.5	202.5	138	116	76.5	161.5	109.5
all_peaks_124874	chr6	130897070	130897571	78	67.5	72.5	118.5	80	79	188.5	145	185	101	215	264	120.5	128	157.5	169.5	146.5	130.5	202.5	212	69.5	25	91	22.5	54	17	116	59.5
all_peaks_124918	chr6	131520821	131521322	188.5	223	191	211	152	123.5	189.5	122	139	69	208.5	162.5	155.5	170	195.5	123.5	185	132	180	165.5	137	70	157.5	80	100	71.5	130.5	75.5
all_peaks_124927	chr6	131602598	131603099	125.5	238	77.5	178	112	22	159.5	30.5	34.5	12	147.5	46.5	101.5	91.5	170	73.5	95	38	199	98	62	9	57	18	21.5	11	39	23
all_peaks_125061	chr6	134568330	134568831	241	217	187.5	325	69.5	100	265.5	310.5	69.5	83	251.5	329	109.5	68	257.5	220.5	153.5	84.5	287	251.5	61.5	93	173.5	206	54	84	173	186
all_peaks_12508	chr1	212740367	212740868	41.5	45.5	74.5	36	105.5	221	76	240.5	107	152	50	165	102.5	120	43.5	80	115	148	40	57	185.5	211	218.5	208.5	171	175	182	194.5
all_peaks_125084	chr6	134757248	134757749	18	1	20.5	1	57	112	16	74.5	80	122.5	25	66	83.5	100	14.5	92.5	54.5	86.5	26.5	58	83.5	176.5	35	167	134	176.5	92	180.5
all_peaks_125115	chr6	135300149	135300650	5	2.5	2.5	2	98.5	247.5	21	174	134.5	198	31	130.5	93	83.5	11.5	93.5	66.5	118	9.5	46.5	156.5	213	104.5	160	166	198.5	138.5	146
all_peaks_12513	chr1	212781630	212782131	69	59.5	102	63	219	249	127	291.5	232.5	362	157	231	167	129.5	124	172.5	122.5	195	117	108	177.5	272	264	315.5	168	318	276.5	429
all_peaks_125144	chr6	135435544	135436045	8	15.5	4	7	91	182	101.5	209.5	96	251	120.5	204	71	110	50.5	176	86	132	70	129.5	96.5	135	168	179	105.5	165	153.5	168.5
all_peaks_125158	chr6	135491898	135492399	7	4.5	4	3	27.5	82	15.5	120.5	30.5	78	21.5	64.5	19.5	38	10	47.5	16	34.5	11	17	71	129	71.5	165	108	114	105.5	137.5
all_peaks_125211	chr6	135898309	135898810	5.5	5.5	7	2	14.5	107.5	10.5	135	16.5	136	7.5	100	9	54.5	9	149.5	28	64	4	47	12	55	24	99	16	93	19.5	70
all_peaks_125270	chr6	136914982	136915483	27.5	17.5	40	21.5	69	164	64.5	327	76.5	169.5	69.5	198.5	59	119.5	70.5	187	80.5	128	75	141.5	40	184.5	71	192.5	84	199	110.5	228
all_peaks_125285	chr6	137072635	137073136	101.5	101.5	65.5	70	135.5	93	164	80.5	117.5	51.5	162.5	124.5	124.5	157.5	155.5	197	98	111	124	160	118.5	27.5	94.5	24	86.5	20.5	55	25
all_peaks_125286	chr6	137074711	137075212	197.5	124.5	111.5	145	102	42	127.5	49.5	56.5	23.5	129.5	94.5	74.5	61.5	121	60	75	46.5	109.5	86.5	57	20	73.5	27.5	20.5	14.5	66.5	30.5
all_peaks_12533	chr1	212864901	212865402	3.5	3.5	1	4	34	310.5	2.5	90	54	342.5	25.5	152	76.5	37	3.5	21	46	181	10	31	72.5	297.5	18.5	123	169.5	357.5	211	354.5
all_peaks_12536	chr1	212872464	212872965	48.5	45	45	45.5	81	113.5	42	108	126	165.5	62.5	121	64	65.5	30.5	78	55	88	43.5	65.5	86.5	156.5	83.5	121.5	140	176	128	170.5
all_peaks_125360	chr6	137880559	137881060	73.5	54	94	57.5	47	4	130	5.5	33.5	2.5	115.5	51.5	39	25	126	25.5	81.5	18.5	150.5	84.5	6.5	1.5	11.5	1	9	1	8	3.5
all_peaks_125366	chr6	137978362	137978863	1	0.5	3	1	20	64.5	14	125.5	34.5	125	11.5	45.5	14.5	28.5	4	59.5	8	38	12.5	14	84.5	143	85.5	149	94.5	141.5	106.5	100
all_peaks_125382	chr6	138036795	138037296	205.5	71	414	129.5	79	138.5	89	121.5	110	170.5	137	112.5	116	155	107	144.5	218	158	163.5	146	68.5	47	123.5	67.5	83	114.5	83	110.5
all_peaks_125408	chr6	138144922	138145423	269.5	293	359	363.5	42.5	34	104.5	82	55	48.5	93	73	44.5	66.5	147.5	78.5	119	55	157	88	89	63	130	106.5	74.5	77	80.5	92.5
all_peaks_125413	chr6	138170824	138171325	3	0.5	8	3.5	7.5	70	4.5	55	6	129	3	20	17.5	15.5	4.5	11	22.5	46.5	1	2	10	180	2.5	81	3.5	261	22.5	105.5
all_peaks_125427	chr6	138225947	138226448	20.5	6.5	17.5	7.5	25	77	22	175	33.5	178	23	81	23.5	32	18	88.5	47	52.5	24.5	43.5	23.5	178.5	37.5	136	41	207.5	44	160
all_peaks_125431	chr6	138248826	138249327	74	55	130	149	56	162	80	170	118.5	194.5	92.5	197.5	64.5	80.5	76.5	141	153	142	130	173	37	59	71	79	40.5	87	84.5	64
all_peaks_125478	chr6	138914299	138914800	16.5	3.5	11.5	9	19.5	99	14.5	169	31.5	93.5	11.5	88	31.5	25.5	17	63	14	34	10	22.5	62.5	165	106	236.5	62	133	109.5	180
all_peaks_125519	chr6	139467265	139467766	24	9	22	11.5	49.5	186	14.5	109.5	48	124	18.5	46.5	72	43	19.5	24	45	60	18.5	14	94.5	221	49.5	130	136	169.5	68.5	111.5
all_peaks_125526	chr6	139482182	139482683	166	103.5	163.5	165	119.5	14.5	179	70.5	100.5	30.5	217.5	185	102.5	48	233	162	144	64	254.5	216.5	24	26.5	66.5	41.5	32.5	35.5	75.5	69
all_peaks_125560	chr6	139852254	139852755	54	0.5	75	11	103	82	2	5	65	59	10.5	6	135.5	126	8.5	15	113	104.5	9	12.5	106.5	66	3.5	5	83.5	88	3.5	4.5
all_peaks_125571	chr6	139922021	139922522	2.5	1	1	4.5	7.5	122.5	3	62	11	156.5	1.5	51	8.5	18	2	29.5	26.5	59	3	13.5	7	118.5	3	57	2.5	144	8	87.5
all_peaks_125588	chr6	141130735	141131236	2.5	4.5	18	8	21.5	86	1	18	59.5	149	9	43.5	15	29	3.5	25	31.5	101	1.5	14.5	28.5	80	32	83	108	118	85.5	125
all_peaks_125625	chr6	142553533	142554034	33.5	118	45	193.5	12.5	8.5	46	10	37	12.5	135.5	70	12.5	16.5	60	11.5	45	36	150.5	74	26	14	23	9	71.5	18	82	33
all_peaks_125667	chr6	143163818	143164319	69	45	59	33.5	121	217	85.5	181	85	177.5	63.5	139.5	133.5	109.5	93.5	115	85.5	106.5	75	74	101.5	119.5	75.5	189	117.5	133	82.5	161.5
all_peaks_125785	chr6	144452470	144452971	3	0.5	2.5	1	24.5	96.5	3.5	58.5	6	86	1.5	20	17.5	19	0	6	12.5	33	2	2	36.5	189	4.5	83	23.5	120	15.5	67
all_peaks_125811	chr6	144664826	144665327	194	219.5	176.5	192.5	97	57.5	160	112	59.5	55.5	131	127	113	93.5	192	149.5	90	47	143	141.5	79	43	46.5	41.5	13.5	50	45.5	35.5
all_peaks_125835	chr6	144904370	144904871	51	97.5	58.5	109.5	134.5	138.5	181.5	114	188.5	118.5	164.5	176	124	111.5	144.5	136.5	145.5	126.5	159	175.5	58	56	89	49	58	55.5	89.5	69
all_peaks_125885	chr6	146678907	146679408	1	1.5	1	2.5	49	165	4.5	93	45	94	1	9.5	74	70.5	2.5	30	43.5	68.5	4	2	49.5	152	6	38.5	20.5	75.5	0.5	17
all_peaks_125898	chr6	147172850	147173351	1	0.5	11.5	3	10	82.5	4	108.5	15.5	175	16.5	77.5	19.5	17.5	2.5	36.5	21.5	43.5	12.5	34	3.5	50	6.5	40.5	25	104.5	42	125
all_peaks_125977	chr6	149157070	149157571	11.5	0.5	7.5	2.5	15	115.5	1.5	29	45.5	99	0.5	11	20	24	2.5	5	32	44	1.5	1	71	141.5	4	41.5	55	160.5	8.5	30
all_peaks_125990	chr6	149353799	149354300	7.5	3.5	8	1	88.5	196.5	10	200.5	82.5	220	12.5	122.5	84	72	7.5	97	78.5	111	10.5	36	87	194.5	27.5	205	111	199	47	190
all_peaks_126001	chr6	149387171	149387672	148.5	179.5	82	160	51	22	112.5	182.5	23.5	5.5	76	34	43	41	112.5	95	33	16	105	80	74.5	45	132	47.5	56	19.5	81	28
all_peaks_126021	chr6	149449502	149450003	33.5	95	23	44	169.5	93	274.5	169	103.5	95.5	285.5	174	99	135	176.5	303.5	93	97	243.5	345	95	33.5	64	31	39.5	30.5	71.5	25.5
all_peaks_126054	chr6	149638365	149638866	279.5	224	255	225	330	244	299	133.5	236	199.5	281	242.5	282	228	292.5	214.5	244	248.5	275	260.5	249.5	193.5	268	171	267.5	206	237	152.5
all_peaks_126120	chr6	150007744	150008245	10	4	11.5	12.5	49	186.5	15	82	85.5	141.5	29	118	36.5	52	12	36.5	39.5	75	22	44	53.5	105	33	60	121	99	94	72.5
all_peaks_126220	chr6	151308615	151309116	46	12.5	42	10	128	124	43.5	113.5	72.5	122.5	33	46	119.5	105	49.5	71	104	114	26	47	163.5	155	42	101	145	150.5	38	78.5
all_peaks_126249	chr6	151711414	151711915	554.5	587.5	544	533	766.5	674	689	673.5	778.5	704.5	596	689.5	739	696.5	625	678	667	685	642.5	663.5	720	715.5	691	708.5	722	703	714.5	813.5
all_peaks_126287	chr6	152492154	152492655	73	8.5	110	13.5	174	278	48.5	238	227.5	308	82	241.5	223	199	32.5	148	204.5	225	52	95.5	219	277.5	115.5	242	272.5	234	195.5	174.5
all_peaks_126317	chr6	153304092	153304593	374.5	342	358.5	345	555.5	492.5	447	463	510	499.5	438	532	466	421	399.5	429	435.5	455.5	421	410.5	453.5	430	465.5	498	515	506.5	464	491.5
all_peaks_12632	chr1	214601145	214601646	82.5	56.5	111	87.5	158	206	238	340	225	170.5	201	327.5	157.5	256	234.5	301	167.5	225.5	193	256.5	171.5	223.5	277.5	226	160	133	234.5	226
all_peaks_12634	chr1	214612717	214613218	7	7.5	16	6.5	39	112.5	50.5	208	40.5	82.5	25	45.5	45.5	52.5	55.5	62	30	64.5	40.5	25.5	117.5	184.5	123	288.5	51	151.5	102	313
all_peaks_126410	chr6	155448064	155448565	1	2	4.5	2	6	65.5	5	101.5	40	98	5.5	24	9.5	28.5	0	22	23.5	43.5	3.5	5.5	11	98.5	5.5	112	52	178	42.5	148.5
all_peaks_126422	chr6	155492277	155492778	76	21	82.5	13.5	115	262	51.5	372.5	86.5	309	58	211.5	91.5	85	48	153.5	106.5	150.5	55	83	176	288.5	157.5	316.5	175.5	309.5	189	277.5
all_peaks_126426	chr6	155507140	155507641	1	4	7.5	1	7.5	127.5	2.5	76	23	157	5.5	40	27	18.5	1.5	15	25.5	49	5.5	10.5	17.5	162	13	124	47	164.5	12	110.5
all_peaks_126430	chr6	155545177	155545678	22.5	0.5	56	5	108.5	220	25	236.5	94.5	162	21	63.5	120	110	9	83	118	143.5	8	32	171	174	128	165.5	191	188.5	117	148
all_peaks_126436	chr6	155635600	155636101	394	373.5	470	443.5	560.5	682	552	564	595.5	627	575	598	520.5	500	536.5	563	554	552.5	547.5	557.5	479	524	439.5	545	500	538	473.5	472
all_peaks_126510	chr6	157178647	157179148	1.5	7.5	3	5	13	70	4	99.5	5.5	89	3.5	19	16.5	19.5	5.5	16	10.5	17.5	3.5	8	60.5	209.5	31	196.5	60	179.5	25	159.5
all_peaks_126539	chr6	157375513	157376014	85	124.5	148	199.5	78	73	169	85.5	88	58	155.5	117	90.5	85	130.5	92	124	94	162	139.5	19	32	61	45.5	19.5	46	71	48.5
all_peaks_126544	chr6	157389868	157390369	8	8	15	4.5	63.5	204	18.5	141	66	138	27	222.5	61	67.5	7	135	32	83.5	15	80.5	139.5	108	95	104	125	109	89.5	104
all_peaks_126550	chr6	157428938	157429439	9.5	2	8	4.5	10	86.5	2.5	64.5	23	141.5	1	30	23.5	32	0	20.5	16.5	43	2	7.5	77	187	44	151.5	92	185.5	45.5	147.5
all_peaks_126587	chr6	157881925	157882426	7.5	3.5	18	5.5	11.5	106	28.5	169.5	33.5	139	20.5	80	25.5	29.5	21	92.5	77.5	79.5	44.5	59	25.5	131	58.5	133.5	16	123.5	28.5	88.5
all_peaks_126600	chr6	157948369	157948870	10	23	16.5	16.5	46.5	111	132.5	190.5	100.5	120	157	209	58	127.5	86.5	252.5	74.5	104.5	132.5	268	65.5	36	86	59.5	49.5	37.5	92	48
all_peaks_126602	chr6	157957003	157957504	20.5	15.5	60	23	77	225	76.5	206	154	129	73.5	249	95.5	94.5	75	123	119	138.5	65.5	111	105.5	132.5	68.5	135.5	150	117.5	143	109
all_peaks_126632	chr6	158182321	158182822	40	19	53.5	122.5	85.5	131	33	185.5	96.5	182.5	86	187	57.5	143	14	163	112	112	50	152	70	113.5	98	151.5	82	196	102.5	150
all_peaks_126633	chr6	158185325	158185826	254.5	257.5	166.5	337.5	117.5	205.5	158	297.5	188	234.5	133	245	128.5	159	146.5	239.5	130.5	139.5	135	159	135	208	250	241	116.5	194.5	167	229
all_peaks_126643	chr6	158244953	158245454	131.5	130	48.5	123.5	59.5	97	23	142.5	39	126	24	60.5	50.5	55.5	33	42.5	30	52.5	19.5	21.5	76	199	168.5	221.5	85	205	109	209
all_peaks_126653	chr6	158281442	158281943	81.5	91.5	62.5	182.5	21.5	37.5	111	12.5	48.5	52	152	113	17.5	29	134	42.5	69.5	52	195	102	9.5	14	34.5	15	7.5	16	32.5	15.5
all_peaks_126660	chr6	158306133	158306634	190	234.5	80.5	244.5	37	28.5	44	49	18.5	32	30	24	37	52.5	41.5	28.5	24.5	20.5	34	26	28.5	61.5	98	88.5	34.5	61.5	75	89
all_peaks_126683	chr6	158452372	158452873	9.5	5.5	47.5	17	41.5	48.5	18.5	7.5	227	210.5	153.5	229	45	47.5	10.5	26	189.5	276	88.5	96	5.5	10	4.5	11	47.5	81	63	110.5
all_peaks_126699	chr6	158628384	158628885	14	14	3	2.5	103	147.5	82.5	206	97.5	106.5	79.5	145	65	86	33.5	142.5	61	84	50.5	87.5	144.5	154	151.5	160.5	146.5	85.5	154.5	99.5
all_peaks_126742	chr6	159074539	159075040	486.5	441.5	546	603	242	363	369	266.5	311.5	289.5	369.5	304	283.5	293.5	309.5	272	369.5	311	377	336.5	199.5	211.5	384	240	224.5	224.5	335	235
all_peaks_126787	chr6	159270851	159271352	110.5	33	143.5	46.5	119.5	156	51.5	72	127	120.5	57.5	72.5	177.5	148.5	56	81.5	157	154.5	56	46.5	172	193	94.5	122.5	107.5	168	53	156.5
all_peaks_126791	chr6	159290757	159291258	562	433.5	527	548.5	429.5	535	336.5	514.5	499.5	487	354.5	513.5	401	424	301.5	420	414	480	324	330.5	569	535	612.5	541.5	510	590	582	546.5
all_peaks_126792	chr6	159300197	159300698	8.5	0.5	5	2.5	28	142	1.5	118.5	72.5	168.5	8.5	153.5	84	46.5	2.5	25	45.5	148	5	18.5	39	128	10	90	60.5	193.5	60	195.5
all_peaks_126889	chr6	160352124	160352625	9.5	4	11.5	2	18	211.5	18	293.5	41.5	188.5	29	130	35	33	7.5	62.5	27.5	76.5	12	44	64	314	56.5	289.5	76	310	123.5	234.5
all_peaks_126896	chr6	160400147	160400648	18	6	101	26	130.5	148.5	90	211.5	153	156	119.5	149	126.5	117.5	53.5	133.5	158.5	146.5	102	153.5	124	144	167	168	127	179.5	168	151
all_peaks_126966	chr6	161497309	161497810	244	36.5	70.5	30	20	1.5	12	0.5	1.5	1.5	6	1	21.5	6	19.5	0	6.5	0.5	9.5	1	9	3.5	2	1	2	1.5	0.5	2
all_peaks_127069	chr6	166796323	166796824	279.5	319	333.5	333.5	365	508	334.5	381.5	346.5	441.5	351	418.5	304.5	311.5	290	341.5	318	382.5	311	346.5	333	383	340.5	376.5	358	394.5	363	420
all_peaks_127120	chr6	167364559	167365060	229.5	159.5	187	78.5	260.5	397.5	243	390.5	175	277	155.5	249.5	240	242.5	219	266	170	210	160	131	307	387.5	320	382.5	210.5	321.5	212.5	194.5
all_peaks_127126	chr6	167412501	167413002	237	212.5	293.5	286.5	449	469	370.5	313.5	492.5	424.5	442.5	441.5	391.5	376.5	326	396.5	469	522	449.5	404	343.5	374	394	296	441	398	416.5	434
all_peaks_127149	chr6	167533098	167533599	203	170.5	98.5	103	75	9	60.5	0.5	11.5	4	21	3	81.5	26.5	94.5	2.5	44	9	35.5	3.5	30	4	13.5	1	1	4	1.5	1
all_peaks_127255	chr6	170463270	170463771	23.5	39	156	124.5	19	22.5	111.5	50	136.5	151	282	236	30	28	72.5	57	163	151	231	239	9.5	6	54	28	87	64.5	174.5	130
all_peaks_127267	chr6	170580941	170581442	114.5	160	136.5	173.5	28	30.5	103.5	42.5	48.5	42	82.5	46	26.5	22.5	104.5	31	34	14.5	92	44.5	22	23	70.5	49.5	35.5	23.5	116.5	49.5
all_peaks_127378	chr7	658017	658518	221	295.5	186	351	105	74	169	114	99	67.5	164.5	135.5	117	111.5	195.5	112	118	100.5	181	172	100.5	41.5	125	61	90.5	40.5	84.5	53.5
all_peaks_127400	chr7	915658	916159	199	188.5	134.5	184	278	166.5	191.5	137.5	207.5	186	168	143.5	318	303	303.5	284	297.5	279.5	316	318.5	197.5	167	216	198.5	214	152.5	248.5	174
all_peaks_127418	chr7	965204	965705	10.5	5.5	199.5	79	6.5	4	7.5	2	126	127.5	93.5	51.5	12	1.5	3.5	3	144.5	111.5	61	42	8.5	4	22.5	4	69	38.5	57	61.5
all_peaks_127517	chr7	1499039	1499540	420.5	440	342	351	271	358	330	444.5	292.5	225	235	243.5	377	372.5	375.5	375	269.5	325	307.5	260.5	451.5	537.5	522.5	478	444	507	490	482.5
all_peaks_127604	chr7	1979991	1980492	412	327	394.5	504	297.5	234.5	321	255	228.5	190	311	244.5	309	338	296	284	314	281.5	298	335.5	207.5	129.5	221.5	135.5	198	132	177	134.5
all_peaks_127638	chr7	2159703	2160204	38	48.5	123.5	85	121	40	111	13	141	37	167.5	35	113.5	108.5	116	49	188	116.5	145	106.5	35.5	2.5	29.5	4	62	4.5	28.5	6
all_peaks_127696	chr7	2547985	2548486	275	386	180.5	376	49.5	47	126.5	95.5	39.5	11	95.5	94	65.5	44	121.5	76	32.5	22.5	81	50.5	61.5	32.5	140.5	59.5	48.5	13	107.5	56.5
all_peaks_127702	chr7	2570100	2570601	143	129.5	184.5	156	177	155.5	180.5	179.5	220.5	181.5	232.5	263	169	172.5	168	243.5	223	213.5	211	250	103	87.5	50.5	68.5	141.5	87	52.5	102.5
all_peaks_127745	chr7	2738537	2739038	75	55	155	94	249.5	247	240.5	133.5	348	274	428	452	151	188.5	136.5	179	298	339	261	313	298	80.5	259.5	87	288	91.5	333	146.5
all_peaks_127763	chr7	2797764	2798265	34	6	15	2.5	69	200.5	32	263	48.5	169.5	20.5	88	102	111	20	159.5	62.5	83	7	32	116	271	94.5	268	64.5	230.5	62	178
all_peaks_127771	chr7	2883809	2884310	403	394	394	400.5	451.5	543.5	481.5	595.5	408	398.5	495.5	451	506.5	491	465	500.5	438	520.5	455.5	421.5	461.5	528	516.5	522	425.5	532.5	522.5	559
all_peaks_127774	chr7	2903201	2903702	54	43	80	52.5	125.5	226	133.5	226	160.5	257	113.5	221	133.5	212	94.5	198	113.5	201.5	83	115	101	129	99	124.5	127.5	153	87	108.5
all_peaks_127793	chr7	3018042	3018543	39	45.5	52.5	60	58.5	54.5	41.5	188.5	55.5	52	64.5	51	56	49.5	65.5	90	42	57.5	71.5	66.5	144.5	102.5	163.5	161.5	66.5	98.5	129	203
all_peaks_127816	chr7	3145998	3146499	7	0.5	51.5	29	111.5	254.5	62.5	214.5	236.5	311	241	328.5	101	166	35.5	185.5	212.5	302.5	173	253.5	33	102.5	27	109	115.5	120	122.5	123.5
all_peaks_127819	chr7	3152343	3152844	15	9.5	41	19	52	71	56.5	23	162.5	153.5	153	118.5	59	98	41	128	112.5	149	95.5	191.5	10	6.5	26.5	15.5	47.5	40.5	40.5	37
all_peaks_127908	chr7	5183950	5184451	188	195.5	177.5	195	97.5	31.5	93	29.5	64.5	35	115.5	65	84.5	83	134.5	61	123	83	160.5	123	94	38.5	99	40	61	35	76	55.5
all_peaks_127942	chr7	5436775	5437276	443.5	243.5	498	364	451.5	557.5	388.5	372.5	509	356.5	408.5	413	394	481.5	320	382.5	480	521	375	416	412	320.5	322	264	405.5	303	312	221
all_peaks_127968	chr7	5569215	5569716	358	332	336.5	345.5	543.5	411.5	437	350	466	420.5	458.5	388	452	310	398	286.5	438	421	390.5	409	418	295.5	430	367.5	403.5	320.5	433	362
all_peaks_127990	chr7	5681543	5682044	104.5	12.5	79	14	167.5	184.5	52.5	127	90	98	42.5	87	163	169	41	73	94.5	118.5	30	41.5	263.5	195.5	158.5	122.5	184	117.5	100	58
all_peaks_128006	chr7	5734935	5735436	158	166.5	89	147.5	115	223.5	179	255	167	239	145	228.5	106	220	161	172.5	108	150.5	106	161.5	137.5	180.5	222	201	79	176	205	194
all_peaks_128019	chr7	5862505	5863006	445	450	394.5	473	256.5	221	300	270.5	227.5	177.5	349	265.5	302.5	310.5	360.5	283.5	333.5	321.5	361.5	337	315.5	226.5	307.5	255.5	325	244	293	205
all_peaks_128021	chr7	5873920	5874421	88.5	118.5	36	115.5	25	4.5	69.5	2	6	2.5	63	11	43	17.5	145.5	8	32.5	4	134.5	44	9.5	2	6.5	3.5	3	1	6	1.5
all_peaks_128059	chr7	6413709	6414210	95.5	89.5	100	85	165.5	209	125	241.5	175	254.5	148	187	154	122.5	127	184	126	172.5	128.5	153.5	192	281	185	273	195.5	276.5	220	242.5
all_peaks_128125	chr7	7196707	7197208	119	147	86.5	152.5	157	113	218	57	163	53	228.5	195.5	179.5	195.5	262.5	157.5	196.5	155.5	238	198.5	99.5	14.5	64.5	14.5	55	17.5	43	24
all_peaks_128182	chr7	7984523	7985024	48.5	16.5	69	21	139	272	47	64.5	187	201.5	44	139.5	154.5	131.5	42	80	125.5	200.5	52.5	48.5	254.5	123.5	75	43.5	211	121.5	132	52.5
all_peaks_128204	chr7	8165384	8165885	182	146	309.5	136.5	218	276	223	252	218.5	239.5	278.5	321.5	178.5	200	228.5	237.5	253.5	260	242	240.5	185.5	160	144	138	165	184	174.5	187
all_peaks_128212	chr7	8215838	8216339	102	125	105	146	188.5	164	213.5	127.5	282	164.5	273	277	197	232	191.5	199.5	272.5	260	258.5	286	130	79.5	105.5	56.5	128.5	56	153	77.5
all_peaks_128214	chr7	8237898	8238399	11.5	4.5	94.5	27	44	61.5	44	13.5	150.5	110.5	186.5	234.5	38.5	50.5	23	66.5	165	166.5	144.5	159.5	25	8	15	9	62.5	20	98.5	40.5
all_peaks_128289	chr7	12726066	12726567	467.5	301.5	514.5	373	467	447	318.5	487	474	456	332.5	390	345.5	392.5	266	362.5	332	376.5	278	304.5	458.5	421.5	455.5	483.5	503.5	419.5	449	509
all_peaks_128355	chr7	16659525	16660026	3	3.5	1	1	11.5	77.5	8	146.5	33	89.5	9	84.5	20.5	28	5	38	29.5	60	4	17.5	35	113.5	75.5	193	54	184	98	137
all_peaks_128421	chr7	17300773	17301274	7.5	0.5	6	2	33.5	228	11	197	97.5	246	26	175	69.5	91.5	7	98.5	58	125.5	12.5	68.5	84.5	180.5	73	160	135.5	201.5	118.5	168
all_peaks_128436	chr7	17441932	17442433	14.5	17	7.5	4	56	122.5	30	147.5	62	128	33.5	94.5	31.5	42.5	15	77.5	19.5	45.5	19	73.5	48.5	150.5	49	117.5	40.5	171	69	144
all_peaks_12851	chr1	221881372	221881873	50	10.5	98.5	22.5	33	198.5	51.5	196	91	160.5	56	227.5	36	60.5	47	132	76	98	65.5	110.5	21.5	93	103	138.5	13.5	137	80.5	142
all_peaks_128538	chr7	21378445	21378946	40	12	80.5	18	100	163	145.5	172.5	189	228	182	138	107.5	185	90	156	174.5	142.5	153.5	182.5	72	201	87	119	65.5	197.5	111.5	183
all_peaks_128671	chr7	23513766	23514267	20	7	8	10	104.5	175.5	70.5	138.5	92	143	57	164	107	153.5	34.5	117.5	82.5	122	44.5	76.5	142	151	140	149.5	88.5	140	125.5	156
all_peaks_128681	chr7	23634607	23635108	1.5	2.5	4.5	2	15.5	189.5	14.5	153	87.5	172.5	15.5	92.5	45.5	34	4.5	36.5	26.5	85	7	15	93.5	220.5	68.5	217	158.5	193.5	159	161.5
all_peaks_12872	chr1	221951089	221951590	49	20	101.5	32.5	55.5	58.5	74	164.5	96	164.5	79	176.5	48	53	51.5	113.5	82.5	82	72.5	150.5	20	41.5	68.5	82	20.5	93	74.5	143
all_peaks_12875	chr1	221967624	221968125	8.5	2	32.5	7	7	27	9	147	12.5	67	6.5	60	11.5	11.5	5	33.5	26	33.5	11.5	14	2	66.5	42	169	8	104	39	141.5
all_peaks_128756	chr7	24946883	24947384	14.5	2	34.5	6.5	47.5	170.5	33	132.5	76.5	169	29	85	80	76.5	25.5	66.5	49.5	90.5	20.5	35	94	280	75.5	202.5	124.5	182.5	105	167
all_peaks_128820	chr7	25896543	25897044	18.5	11	29.5	13	116.5	149	73.5	105	120	187.5	81	156.5	120.5	146.5	53	147.5	109	162	73.5	174	129.5	120.5	112	140.5	121.5	113	130.5	167.5
all_peaks_128824	chr7	25902011	25902512	52	21.5	46	15.5	410.5	535	210	563.5	396.5	568	253	549	411.5	568.5	181	515.5	373.5	501	276	517.5	558	616.5	543.5	565.5	535.5	482.5	612.5	637.5
all_peaks_12883	chr1	222002964	222003465	17	5.5	63	14	51	91.5	25.5	125.5	61	71	21.5	59	61	69.5	22	59.5	58	34.5	35.5	38.5	51	176.5	61	187.5	58.5	172.5	71.5	145
all_peaks_128835	chr7	26007698	26008199	37.5	6	28.5	9.5	88	117.5	6.5	19	89.5	191.5	9	49	55	89	5.5	19.5	58.5	134	8.5	21.5	174	166	25	23	175	153.5	47.5	71
all_peaks_12886	chr1	222013113	222013614	13.5	3	75.5	18.5	52	135.5	33.5	161	62.5	117.5	31	83	57.5	57	17.5	101	65.5	40.5	24.5	47.5	77.5	131.5	61.5	148	61.5	151.5	92.5	133
all_peaks_128868	chr7	26240323	26240824	450.5	507.5	482	525.5	480	286.5	391	263	522	453.5	462	375.5	450	369.5	409	327	412.5	374	464.5	400	379.5	355	377	294.5	378	340.5	381	336
all_peaks_128879	chr7	26333514	26334015	69.5	21.5	163.5	45.5	142	268.5	168.5	252	236.5	217	142.5	251.5	199	219	153	294.5	251	237.5	207.5	282	131	210	117.5	176	176.5	206.5	131.5	160.5
all_peaks_128934	chr7	27702410	27702911	654	638.5	673	629	482.5	412	532.5	366	440	372.5	516	447	451	423.5	520	457.5	451.5	396.5	494	445.5	350.5	325	446	361.5	324	289	408.5	360.5
all_peaks_128977	chr7	28194803	28195304	4.5	7.5	8	3.5	14	74	3.5	93.5	15.5	159	6.5	128.5	22.5	10.5	3.5	16.5	17	39	5	10	13.5	100.5	14.5	113	16	120	63.5	170.5
all_peaks_129031	chr7	29283679	29284180	20	4	33.5	10.5	21	64.5	4.5	36.5	45	93	7.5	76.5	39.5	11.5	4	14	41	43	15.5	17.5	18.5	98.5	10.5	90	27	209	42	181.5
all_peaks_12908	chr1	222593892	222594393	114	209.5	52.5	126.5	132	15.5	209.5	4.5	48.5	1.5	147	34.5	143.5	89	262	41	104.5	28.5	239	102	29	0	19.5	0.5	4.5	2	3	2
all_peaks_129131	chr7	30766669	30767170	99	124.5	101	110	116.5	25	189.5	30.5	65	19	197.5	91	137	146.5	214	122	170.5	75	227.5	148.5	89.5	19	99	32.5	60.5	14.5	53	31
all_peaks_12914	chr1	222790866	222791367	234	224	294	271	216.5	185	208	94	229	192.5	219	246.5	244	196	206	122	266.5	223	277.5	207	182.5	130.5	143.5	140.5	208.5	181.5	260.5	252.5
all_peaks_12919	chr1	222826814	222827315	6.5	2.5	9.5	11.5	68	177	32	82.5	113.5	94.5	97.5	197.5	67.5	47.5	35	77	55	127	68.5	66	46	19.5	52	39	76.5	53	74	38
all_peaks_12923	chr1	222886478	222886979	149.5	179	161	197.5	124	59	121	61.5	149	83	160.5	104	115.5	77	158	87	163.5	101	185	163	69.5	56.5	55	51.5	84.5	78	64	68.5
all_peaks_129247	chr7	35031502	35032003	38.5	6	46.5	7	54	123	2.5	126.5	66	122	2	55.5	68.5	58.5	9	46.5	82	84.5	8	32	98	185.5	8	109	83.5	145	8	68
all_peaks_129249	chr7	35076930	35077431	136.5	109	204.5	141	271	262	176	247.5	259.5	371.5	227.5	252	206.5	256	164	247.5	247	277.5	211	222.5	236	253.5	188.5	237	272	224.5	229	293.5
all_peaks_129276	chr7	35764915	35765416	165	120	251	233	51.5	48	74	17.5	82	49.5	111.5	89.5	43	38.5	93	33.5	86	67	123	92	53	18.5	40	15	49.5	30.5	71	33
all_peaks_129298	chr7	36155103	36155604	11.5	5.5	12	1	60	162	21	106	117.5	147	44	86	75	90.5	8.5	71	104	115.5	7	39	89.5	112	63	80	110.5	76.5	68	81
all_peaks_129302	chr7	36192411	36192912	593	568.5	529.5	503.5	590	494.5	513	429.5	521	431.5	487	478.5	623	576	609.5	630.5	596.5	555.5	556	542	530	518.5	605	522	599	457	566	491
all_peaks_129344	chr7	36679376	36679877	50.5	108.5	75	144.5	89.5	56	177	30	87.5	29	221	150	85	99.5	145.5	80.5	135.5	99.5	208	159.5	36	4.5	26	9	24.5	7	41.5	12.5
all_peaks_129353	chr7	36723502	36724003	3	5.5	5	5.5	18	181	8	49.5	60	161	19	43	18.5	49.5	7	29.5	43.5	91	11	34.5	27	116.5	22	81.5	74.5	162.5	73.5	94.5
all_peaks_129364	chr7	36763837	36764338	171	196.5	334.5	325	152	208.5	206.5	141.5	221.5	181	290	199.5	178	177.5	224	175	257.5	226	260	242	141.5	70	111.5	79	155	56.5	146.5	118
all_peaks_129372	chr7	36816554	36817055	140.5	180.5	208.5	224	15.5	4.5	79	15.5	47	10.5	88	37.5	50.5	37	88	30.5	82.5	31	97	69	12.5	0.5	57	4.5	7.5	2	43.5	10
all_peaks_129373	chr7	36820573	36821074	102.5	207.5	167	244.5	14.5	11.5	24	9	31.5	3.5	26.5	3	8	14.5	23	7	44	14	31.5	12	11	11.5	42.5	9	9	8	28	16.5
all_peaks_129374	chr7	36824418	36824919	154.5	166.5	370.5	251.5	70	54.5	124.5	109	140.5	116	157.5	161	78.5	83.5	93	147	218.5	148.5	144.5	178.5	45	13.5	72.5	16	51.5	33.5	70	33.5
all_peaks_12946	chr1	223316330	223316831	143.5	208.5	129.5	139.5	136.5	112.5	221.5	186	84.5	91	165	220	108	117	199	183	103.5	110.5	195	175.5	122	116.5	218.5	230.5	149	85	178	185
all_peaks_129495	chr7	38272404	38272905	114.5	37	379	58	156	182.5	108.5	187.5	282.5	280.5	246.5	344	194.5	277.5	109.5	285.5	328	288.5	220.5	292.5	147.5	91.5	112.5	70	160	134.5	96	99.5
all_peaks_12954	chr1	223403748	223404249	24	55	8	44.5	35.5	41	151.5	45.5	25.5	46.5	135.5	136.5	40.5	39.5	165	68	29.5	35.5	182	110	20.5	20.5	61	30	25.5	18	46	43.5
all_peaks_12959	chr1	223418027	223418528	8.5	13	9	15.5	15.5	136	32	73.5	53	160.5	67	233.5	36	22	24.5	56.5	41	79.5	79.5	89	55.5	31.5	50.5	94	52.5	61.5	107	102.5
all_peaks_129591	chr7	39989023	39989524	508.5	448.5	444.5	499.5	505	420.5	422.5	382	548.5	487.5	454.5	439	488.5	438	422	401.5	451.5	459	428.5	423	455	460	475.5	447	422.5	381.5	375.5	330.5
all_peaks_129630	chr7	41921261	41921762	68	62	89.5	115.5	42	119	42.5	178	120	179	66	210.5	75.5	121	47	165	100.5	160.5	75	140	82	179	261.5	188.5	113.5	145	299.5	183
all_peaks_129702	chr7	43689282	43689783	164.5	187	196.5	207.5	128.5	142	189	144	201.5	102	187.5	153.5	136	175	174	150.5	168.5	157	172	193.5	75	55.5	105.5	64	55.5	47.5	91.5	69.5
all_peaks_129709	chr7	43708928	43709429	152	43	72.5	64.5	21.5	101.5	21.5	83	30.5	108.5	29.5	142.5	32.5	104.5	10	105	26.5	70	12	82.5	145	199	76.5	112.5	120.5	152	108	164
all_peaks_129792	chr7	44297466	44297967	54.5	94.5	54.5	98	90.5	212	151.5	301	120	283	131	183	92.5	180.5	109.5	181.5	124.5	177.5	96	132.5	102	188.5	153.5	216	141.5	282	173.5	294
all_peaks_129810	chr7	44499849	44500350	139.5	112.5	217.5	215	140	195	153	155.5	147	144.5	178.5	163	169	156.5	132	147.5	208.5	184	181.5	174.5	107.5	43.5	86	46.5	102.5	43	117.5	71
all_peaks_129833	chr7	44657000	44657501	25.5	3.5	16	5.5	12	131	12	160	30.5	90	6.5	27.5	43	39	11	33	28	47	9.5	9.5	53.5	275.5	42	201	42	252	44.5	120
all_peaks_129839	chr7	44670979	44671480	137	40	177	54	175.5	32.5	63.5	9.5	90.5	20.5	45	14	199	127	102	29	177.5	80	60	33.5	46	9.5	19.5	3	25.5	5	6	3
all_peaks_129840	chr7	44673285	44673786	149	14.5	153.5	13	122.5	140	100.5	28.5	133	170	95.5	49.5	161.5	125	87.5	71.5	121	93.5	127	115.5	98.5	132.5	67	29.5	73	126.5	59.5	51.5
all_peaks_129843	chr7	44677628	44678129	203	66	159.5	75	122.5	125	52.5	135.5	144	185.5	75	81	162.5	138.5	54.5	110.5	127.5	147	62.5	87.5	172	182	161	165.5	146.5	182.5	182	153
all_peaks_129869	chr7	44925032	44925533	428.5	251.5	507.5	324	417.5	408	315	393	497	417	349	409.5	379	364	310.5	354	395	405.5	320	293.5	367.5	384.5	407.5	409	350	374.5	433	374.5
all_peaks_129885	chr7	45018517	45019018	315	253.5	366	331	324	351	431	447	331	275.5	461.5	434	322	354.5	364.5	394.5	384	352.5	408	435	252.5	224.5	290.5	311	292	221	336.5	293.5
all_peaks_129894	chr7	45039365	45039866	346.5	330.5	295.5	334.5	539	435	407	429	409.5	426.5	456	432	465.5	456.5	470	479	425	431.5	445	445.5	514.5	520	490.5	503	474	411	499	503.5
all_peaks_12994	chr1	223904214	223904715	134	57	277	80	246	147.5	207	102	270.5	146.5	257.5	186	223.5	221.5	197.5	187.5	316	210	222.5	216	150.5	31.5	87.5	27	132	72.5	103	45.5
all_peaks_129997	chr7	47976881	47977382	2.5	1.5	1	2	47.5	192	13.5	144	169.5	161	59	156.5	51	105	4	84.5	75.5	150	24.5	73.5	90.5	112	33	69	99.5	89	114.5	76.5
all_peaks_130	chr1	1143306	1143807	68.5	15.5	64	26	87.5	136.5	13	126.5	32	66.5	18	24.5	57.5	148	17	100.5	33	59.5	19	36	123	191.5	103.5	161.5	43	135	110.5	149
all_peaks_130004	chr7	48018962	48019463	238.5	207	242.5	202.5	292.5	355.5	282.5	238.5	302.5	273.5	282	327.5	306.5	339.5	286.5	292	277.5	345.5	306	295	245.5	188	239	213	242.5	216.5	243	234.5
all_peaks_130014	chr7	48124474	48124975	17	3.5	103.5	20	109.5	146	41	234	134.5	195.5	48	169.5	111.5	131.5	29.5	158.5	121	144.5	38	103	60.5	106	79.5	109	102.5	127.5	89.5	124.5
all_peaks_130016	chr7	48128525	48129026	287.5	276	329	254	287.5	221.5	342.5	294	323.5	272.5	336.5	376.5	310.5	272	330.5	351.5	351.5	299.5	354.5	351.5	238	196.5	242	249	244	207.5	219.5	261.5
all_peaks_130069	chr7	50246055	50246556	67	101	68	115	114	48.5	166.5	67	82	63	205.5	138	82.5	70	115	158.5	113	75.5	172.5	218	29	33	61.5	59.5	35.5	25.5	81	72
all_peaks_13007	chr1	224019607	224020108	38	14	34	11.5	17	67.5	5	63.5	35.5	109	8	26.5	21	33.5	7	16	20	45.5	6.5	8.5	42.5	165.5	23.5	169	57.5	161.5	23.5	131.5
all_peaks_130079	chr7	50306411	50306912	156.5	185	179	206.5	217.5	181.5	272.5	178	180	191.5	311.5	263.5	233.5	222	274.5	292	245	213	295.5	296.5	100.5	78.5	105	76.5	156	113	117	80
all_peaks_130090	chr7	50356864	50357365	166	259	107.5	203.5	129.5	213.5	101.5	252.5	94	140.5	90	101	184.5	173.5	138.5	141.5	106	127	119.5	98	226	285.5	201	200.5	192	220.5	154.5	148.5
all_peaks_130096	chr7	50418286	50418787	46.5	63.5	55	42.5	106	329.5	60.5	257	143	237.5	68.5	182.5	142	105	51.5	132	117	170.5	63	80.5	185	291.5	240.5	282	183	264.5	253.5	274
all_peaks_130100	chr7	50428152	50428653	283	376	292	394	114	78.5	238.5	68.5	94.5	58.5	209	172	109	62	199.5	141	116.5	62	220	168.5	99.5	55.5	191	87	78.5	66	179.5	77
all_peaks_130154	chr7	50807727	50808228	140	189	86	180.5	90.5	34	142.5	42.5	96	30.5	142	52	74.5	82	163.5	73.5	78	62.5	150	83	84.5	23	104.5	44.5	92	25.5	118.5	44
all_peaks_130164	chr7	51191292	51191793	8.5	5	7.5	5.5	38	125.5	7	61.5	83	135.5	14.5	49	33	61.5	5.5	53.5	47	112	4.5	14.5	95	162.5	43.5	104.5	108	138	87	100
all_peaks_130204	chr7	55376595	55377096	28.5	0.5	178	22.5	198	377	44.5	256	299	394.5	221.5	330.5	188.5	200.5	40	148.5	295	336	181	202	175	150.5	108	162	209.5	164	179.5	135
all_peaks_130215	chr7	55536806	55537307	147	157	67	123.5	52	24.5	114.5	11.5	34.5	9.5	83	26.5	50.5	61	160	36.5	50.5	34	120	56.5	72.5	7	53	6.5	55	2	19.5	3.5
all_peaks_130227	chr7	55600999	55601500	75	22.5	88.5	46.5	72.5	136.5	85.5	214.5	95	178	110.5	224	89	72.5	95	162.5	123.5	152	160	154.5	40	71	87	128.5	50	90	100	123.5
all_peaks_130270	chr7	61967330	61967831	31.5	39.5	20.5	33.5	179	61.5	80	24.5	301.5	149.5	94	108	88.5	17.5	30.5	16	38	13	22	12.5	70.5	30.5	76.5	43.5	129	35	88.5	39.5
all_peaks_130271	chr7	61968745	61969246	435.5	585.5	140.5	451	1486	1112	1422	1092.5	1938	1309.5	1422	1309.5	1238	343	344.5	558	581.5	321.5	300.5	251	1036	636.5	1238	1009	1486	920.5	1358	1027.5
all_peaks_130272	chr7	61970116	61970617	87.5	121.5	38.5	89.5	574	284.5	242.5	160.5	889	765.5	296	436.5	338	55.5	70	101	139.5	71.5	65.5	49.5	185	97	262.5	194	526.5	163.5	347.5	230
all_peaks_130278	chr7	63386577	63387078	127	219	86	198	45.5	16	150.5	57	40	15.5	136	57	57	26.5	161	54	55.5	33.5	146.5	82	83	42	151	107	51.5	51.5	164	107
all_peaks_130281	chr7	63767509	63768010	504.5	519.5	454	497.5	299.5	183.5	467.5	222	146	76	358.5	166	295	294	466	291	233.5	121.5	439.5	264.5	240	224.5	309.5	274.5	172.5	113.5	276	209
all_peaks_130297	chr7	64466891	64467392	314.5	349.5	265.5	336	212	222.5	308	246.5	173.5	199.5	277	249.5	255	302	311.5	251.5	255	234.5	303	251.5	263	215	221.5	185	236.5	198.5	266.5	167.5
all_peaks_130320	chr7	65263352	65263853	19.5	2.5	17.5	2.5	100	120.5	36	111	136	67.5	60	106.5	132	165	19.5	119.5	125	115.5	22	81.5	90.5	42.5	60	51.5	79	46	88.5	25
all_peaks_130365	chr7	66093569	66094070	380.5	336.5	486.5	367	410.5	504	443.5	565.5	426.5	510.5	421	473	370	420.5	371	407.5	444	439	380.5	398	477.5	514	462.5	557	534	574.5	445.5	548.5
all_peaks_130371	chr7	66146756	66147257	322.5	320.5	275.5	341	180	242.5	205	187.5	247	158	184.5	231.5	218	196.5	205	200.5	207.5	203.5	194.5	215.5	212.5	206.5	237.5	220	205.5	173.5	253	199
all_peaks_130451	chr7	70113001	70113502	118.5	47	325	168.5	100	110.5	138	106.5	119	251	138.5	128.5	106	132	111.5	92	205.5	188	149	96	89.5	111.5	94	88.5	106.5	174	151	162
all_peaks_130514	chr7	72992805	72993306	360	363.5	320	353	375	322.5	345.5	336	300	319	330.5	287	416.5	420	390.5	377	404	439.5	404	383.5	444	398	463	425	426	410.5	479.5	456.5
all_peaks_130537	chr7	73129888	73130389	2.5	4	3	6	18	78.5	5.5	165	28	70	4	8.5	15	23.5	3.5	37	7	13.5	4	5	34.5	194.5	11.5	186.5	41	202	11	130
all_peaks_130552	chr7	73265684	73266185	33	6.5	10.5	1	112.5	146.5	28.5	70	69.5	101.5	22.5	26.5	102	134.5	25	51.5	82.5	96	16.5	19	116.5	115.5	55.5	112.5	79	132	42.5	71.5
all_peaks_13058	chr1	224567665	224568166	55.5	36.5	81	60	91	74	100.5	71.5	96	50	120	113.5	98	135.5	99.5	170	91	87.5	115	167	41.5	15	37	7	14	19	34.5	22.5
all_peaks_130641	chr7	75056871	75057372	165.5	193.5	156.5	163.5	73	38.5	134.5	111.5	46.5	30.5	116.5	132	102.5	125.5	177	99	131	53.5	118	120.5	56.5	16.5	85	24.5	16.5	18	65	17.5
all_peaks_130651	chr7	75224053	75224554	1	0.5	2.5	2.5	9	104.5	7	114	62.5	73.5	5	39	41.5	39.5	0	35.5	13	55.5	6	11	91.5	118	44.5	105	133.5	111	90.5	72.5
all_peaks_130661	chr7	75357147	75357648	42.5	4.5	279.5	36.5	56	26.5	48	5.5	188.5	72.5	175	142	72	69.5	44.5	33	267	156.5	165.5	157.5	31	6	11	2	93.5	28.5	65.5	34.5
all_peaks_13070	chr1	224685787	224686288	23.5	4.5	24	5.5	153.5	212	83.5	214.5	193	155	128.5	181	140	156	39.5	200	145.5	186.5	48	121	179.5	155	150.5	176	188	166.5	125	151
all_peaks_130705	chr7	75782780	75783281	58	117	59.5	114	4.5	6.5	111.5	8.5	10	3	75	18.5	29.5	14	142.5	28.5	28	11	143	48.5	0.5	0.5	9.5	2	6.5	0.5	8.5	1.5
all_peaks_130749	chr7	76009102	76009603	168.5	139.5	169.5	160	235.5	352.5	204.5	401	210.5	307	183.5	307.5	240.5	225	157	314	215.5	304	186	258	230.5	328	239.5	292.5	261.5	291	260	318
all_peaks_13079	chr1	224811452	224811953	293	117.5	279.5	167.5	205	183	216.5	209.5	201.5	203	227	243.5	204.5	346	180.5	238.5	247	225	193	221	239	150	250.5	151	210.5	156	213	116.5
all_peaks_130802	chr7	76980894	76981395	107	95.5	308.5	138	174.5	126.5	267	158.5	246	97.5	307.5	314	181.5	201	237	253.5	242	181.5	283	296	93.5	27	127	61	100.5	32	135	38.5
all_peaks_130833	chr7	77427567	77428068	552	586.5	530	541	526.5	470	551.5	475.5	582	457	550	529	529	511	573	547.5	486	431.5	538	532.5	403.5	328	467	335.5	322.5	282	357	274.5
all_peaks_130943	chr7	86608033	86608534	229	228	120	228.5	54	9	63.5	29	10	14	44	32.5	36.5	10	67	30.5	24.5	12	47.5	40	45.5	34.5	88	74.5	11	23.5	99	77
all_peaks_130966	chr7	86846193	86846694	121.5	196.5	82	252.5	42.5	173.5	113.5	243.5	94.5	171	67.5	196	49	78.5	101.5	142.5	59	86	106.5	164.5	101.5	173	132	179	109	168.5	144	152
all_peaks_130995	chr7	87563286	87563787	143.5	122.5	265.5	217	146	227.5	147	75.5	237	284	262	260.5	109.5	134.5	98.5	111.5	258	263.5	232	268	147	150	134	108	268.5	242.5	252	201
all_peaks_131118	chr7	92260849	92261350	6	2	7.5	3.5	36	194	35	216.5	63.5	281.5	45	297	53	33	20.5	120	60	93	33.5	91.5	46	200	92.5	245.5	73	238.5	171	311.5
all_peaks_131124	chr7	92271414	92271915	9.5	5	10	3	36.5	86.5	27.5	138	73	196	42	169.5	55	52.5	18	78	65	85.5	35	64.5	43.5	55	43	89.5	65.5	83	81	99.5
all_peaks_131130	chr7	92293457	92293958	7	7	23	33	62.5	227	80	265	169	290	133	230.5	83	153	58	208	101	161.5	100	180	50	210.5	119.5	202	157	268.5	247.5	267
all_peaks_131167	chr7	92438983	92439484	69.5	6.5	63.5	13	106	155	55.5	162.5	147	114.5	48	111.5	123.5	143.5	27	132	87.5	110	30.5	79.5	133.5	162	94	99.5	159	125.5	77	91
all_peaks_131188	chr7	92533591	92534092	47.5	18	51.5	21.5	126.5	299.5	59	308	197	367	92	247.5	159.5	167.5	52.5	144	204	263.5	70.5	126	155	293	75.5	382.5	200.5	336.5	199	321
all_peaks_131195	chr7	92666071	92666572	12	12	6	10	52.5	180.5	35	250	50	187	56	123	56.5	60.5	25.5	89.5	37.5	108	27	41.5	113.5	246	141	234	143.5	208	185	272
all_peaks_131209	chr7	92861348	92861849	388.5	398	355	389.5	309	269.5	308.5	231.5	274	245	285	315.5	298.5	305.5	344	270	334.5	284	306.5	305.5	315.5	255.5	264.5	246	257.5	283	257.5	225.5
all_peaks_13121	chr1	225655254	225655755	158.5	153.5	180	174	217.5	217	207	152.5	266	134	282.5	309.5	209.5	234.5	183	217	253	233	241	250.5	179	129	170.5	103	180	138	151.5	115.5
all_peaks_131241	chr7	94249926	94250427	1	2	4.5	5.5	12.5	121.5	6.5	154.5	17.5	93.5	11	104	20	23	8	105	24	65.5	13.5	35.5	7.5	87	17.5	98	3.5	82	22.5	118
all_peaks_131244	chr7	94287132	94287633	336.5	370	311	308	322	291.5	227.5	254.5	238	185.5	219	249	295.5	294.5	180.5	253.5	280.5	249	170	169	403.5	353.5	397	349.5	278.5	284	337	290.5
all_peaks_131337	chr7	97831730	97832231	62	74	72	177	68.5	74	164.5	58.5	87.5	61.5	274	154.5	76.5	73.5	175	91	120	94	236.5	176	63	15	56.5	18	63.5	34	86.5	46.5
all_peaks_131410	chr7	98978480	98978981	356	425	426	434.5	293	473	445	398	412.5	290.5	457.5	541.5	390.5	415.5	415.5	362	429.5	386.5	445	401.5	287	314.5	329.5	263	218	241	316	237.5
all_peaks_131457	chr7	99222023	99222524	193	202.5	293	383.5	81	56.5	108	129	159	87	205	129	82.5	117	101.5	96.5	152	125.5	215.5	178.5	95	47.5	153	52	146.5	55	190	97
all_peaks_131527	chr7	99774842	99775343	243.5	238	194	194.5	203	240	220.5	293.5	202.5	172.5	195	261	205.5	260.5	248	275	187	230.5	232.5	251	298	355.5	341	330.5	257	319	370	368
all_peaks_131535	chr7	99806485	99806986	33.5	24.5	37	21.5	71	219	70	205.5	96.5	156	92.5	187	95.5	96.5	56	67.5	68	118.5	68.5	68.5	124	122	157	111	126	123.5	143	125
all_peaks_131539	chr7	99818874	99819375	366.5	289.5	372	333.5	108	82	164	124.5	147.5	84.5	193.5	147.5	107	110	164.5	83.5	168	125	170.5	141	130	59.5	224.5	61	137	49.5	209.5	75
all_peaks_131553	chr7	99942397	99942898	361	187.5	319	221.5	282.5	202	222	243.5	240.5	192	183.5	238	259.5	268	187.5	258	226	202.5	154	194.5	342.5	300	316.5	292	277	231	293.5	272.5
all_peaks_131592	chr7	100113809	100114310	85.5	61.5	133	67	36	7.5	108.5	6.5	69	20	130	86.5	46	41.5	138.5	42	139	92.5	127.5	148	6.5	1	31	0.5	10	4.5	32	13
all_peaks_131597	chr7	100143144	100143645	27	17	28.5	13	74	231	29	244	72.5	258	33	109	72.5	69	13.5	66.5	56.5	116	29	38	81.5	335.5	54.5	220.5	121	358.5	118	347.5
all_peaks_131611	chr7	100183915	100184416	1009	1020	1031	977.5	810	820.5	874.5	841	760.5	792	922	886.5	881.5	1018	931	914.5	910	1073	1060.5	1051.5	1009	893.5	855.5	794	821.5	886.5	880	843.5
all_peaks_13162	chr1	226084772	226085273	245	252.5	201	261.5	187	214.5	262	240.5	129.5	118	223	176.5	221.5	194	290	200.5	204.5	152.5	259.5	239	166	107	161.5	135.5	108	67.5	139.5	100
all_peaks_131861	chr7	104585393	104585894	260.5	230.5	283.5	255	219.5	215.5	186.5	296	215.5	293.5	172.5	208.5	177.5	189.5	165	196.5	209	189	167	157	280.5	295	246	272	249	324	240.5	292
all_peaks_131868	chr7	104597448	104597949	13.5	2	54	19	45	147.5	31	171.5	86.5	138	35	80	61	94	19	116	87.5	104.5	27.5	61.5	96.5	137	66	152.5	158.5	157	91.5	121
all_peaks_131916	chr7	104992481	104992982	211	202.5	186	173.5	166.5	118	287.5	88	130	55.5	227.5	188.5	196.5	216.5	277.5	193.5	212	132	224	202.5	109	34.5	97	26.5	56	35.5	53	17
all_peaks_131964	chr7	105446991	105447492	19.5	17.5	48.5	12.5	86.5	187.5	61	191.5	45.5	118	38	140.5	85	60	31	110	70	99.5	34	50.5	109.5	103	118	102.5	95.5	89.5	99	143
all_peaks_131965	chr7	105449565	105450066	107	29	125.5	26	379	588	226	466.5	302.5	418	277.5	466.5	329	395.5	134.5	385.5	360	421	175	267	398.5	482.5	462	378	396.5	313.5	436	335.5
all_peaks_131968	chr7	105489763	105490264	99	72.5	241.5	92.5	219	175	209.5	199	134	89	216	257.5	199	202.5	162.5	238.5	220	156.5	164	222	116	54	68.5	53	63	71.5	50	56
all_peaks_131983	chr7	105662525	105663026	159	232	146.5	232	84.5	81.5	82	48.5	119	57	94	86	71.5	126.5	106.5	96	88	116	75	83	104	66.5	130	60	111.5	45.5	130	50.5
all_peaks_131992	chr7	105711931	105712432	133	164	130.5	176	172.5	270.5	298.5	303	206.5	125	270	388	201.5	245.5	231.5	258.5	179	187.5	240	244.5	182.5	130	250.5	196.5	140.5	87.5	249	160
all_peaks_131996	chr7	105752731	105753232	342	371	338.5	376.5	261.5	258	301.5	205.5	259	181.5	313	261	246.5	256.5	310.5	247	248	220	293.5	266	256	230	291	248.5	248.5	205.5	312	261.5
all_peaks_13201	chr1	226309364	226309865	157	120.5	156	139	310	214	243.5	137.5	217	139	223	200	222	213	186	179	190.5	205.5	171	152.5	197.5	142.5	153	116	240.5	100	132	101
all_peaks_132016	chr7	105925294	105925795	431	360	369	359	467.5	337	368.5	346	389.5	488	289	282	427.5	401.5	378.5	374.5	362	382	318.5	346	419	518.5	403.5	429.5	397	477	381.5	446.5
all_peaks_132027	chr7	106046258	106046759	3	2.5	3	1	2.5	63	2.5	69.5	9.5	106.5	0	20	12	9	1.5	10	10.5	26.5	1.5	6	9	147	7.5	99.5	7	142.5	13.5	137.5
all_peaks_132032	chr7	106065300	106065801	15.5	2	3	3.5	30.5	128.5	7.5	206	16.5	124	0.5	57.5	39	42	7	59.5	27	69.5	5.5	13.5	44	192	56	206	31	173	41.5	185.5
all_peaks_132083	chr7	106808866	106809367	870	911.5	839	832	643.5	563.5	712	653	667.5	600.5	741	662.5	692	723	748.5	677	684	613.5	760	711.5	611.5	633.5	623.5	632	566.5	636.5	630.5	592
all_peaks_132168	chr7	108166531	108167032	714	622.5	674	657.5	517.5	405	529	483.5	539	558	564	522	565	529	564.5	498.5	543.5	498.5	525.5	523.5	469	466.5	542.5	543.5	468.5	466	538.5	436.5
all_peaks_132207	chr7	110653317	110653818	53.5	139	32	126	114.5	124	175.5	153	116	120.5	211.5	218	92	92	199.5	191	134	93.5	184	208	88.5	80.5	173	131	80.5	104.5	132	141
all_peaks_132211	chr7	110665000	110665501	75.5	164	36	178	70	51	167	109.5	41.5	43	167	165.5	61	64.5	168.5	95.5	92	62.5	171	148.5	63	50	135	76.5	54	65	133	87.5
all_peaks_132223	chr7	110723468	110723969	127.5	210	59.5	226	190.5	164	255.5	141	251.5	174.5	244.5	241.5	183	200	261	215	235	166	267.5	239.5	143	97.5	201.5	127.5	113	116.5	198	114.5
all_peaks_132226	chr7	110730859	110731360	24	65.5	12	57.5	28	44	172.5	109	57.5	48.5	149.5	116.5	42	49.5	156.5	115.5	52	49.5	145.5	136.5	28	34.5	136	89.5	25.5	47.5	121.5	79.5
all_peaks_13226	chr1	226632570	226633071	98	142	116	166	120.5	108.5	236	56	155.5	61	262.5	182.5	108.5	153	203	112.5	179	121	251.5	232.5	123.5	24.5	92	16	121.5	13	70	19.5
all_peaks_132299	chr7	112762878	112763379	1.5	1.5	1	2.5	11.5	96	1	52.5	41	141.5	6	44.5	19	18	0	9.5	17	41	2	8	47	168.5	11.5	115.5	76.5	189.5	58	230.5
all_peaks_132338	chr7	114473262	114473763	5.5	2	1	1	16	135.5	1.5	128	19	96	3	39	25	29	4.5	28.5	20	36.5	4.5	13	68	162.5	17	116.5	84.5	133.5	51.5	100
all_peaks_132388	chr7	115785253	115785754	2.5	4.5	10.5	7	73	159.5	115.5	190	154.5	172.5	186.5	332.5	75.5	68.5	36	202	101.5	141	110	221	73	95.5	112	80.5	128.5	115.5	194	189.5
all_peaks_132394	chr7	115850957	115851458	166	162.5	248.5	157	186.5	141	212	118	167.5	111	191.5	171.5	175	166.5	209.5	145	178	135.5	178	153.5	145.5	89.5	112	68	116.5	64	108	83.5
all_peaks_132410	chr7	115957292	115957793	1	0.5	1	2	26	168.5	3	74	47	147	3	26.5	10	16.5	1.5	20	5	38.5	1	2.5	30	201	8.5	109.5	57	181	24	114
all_peaks_132521	chr7	120590443	120590944	455	435.5	423	396.5	361	239.5	396.5	271.5	339.5	289.5	357	317.5	366	333	376.5	329.5	328.5	293.5	387.5	345.5	302	206	284	298.5	337.5	243.5	352	214.5
all_peaks_132522	chr7	120595808	120596309	1.5	1	2.5	2	4.5	84	1.5	132.5	11.5	67.5	2	123	13	12	4	77.5	7.5	36	1	44	40	86.5	11.5	118.5	55	123.5	56	122
all_peaks_13255	chr1	226850600	226851101	163	95	443.5	163	229.5	392.5	70	359	260.5	409.5	86	258	268.5	267.5	55	172.5	237	319.5	60	78	312	428	281	274.5	361	367	349	326
all_peaks_132553	chr7	121036267	121036768	83	64.5	129.5	72.5	201	205.5	115.5	225.5	227	286	137	221	124	123	106.5	205	118.5	170	90.5	136.5	125	152	108	163	130.5	190.5	134	214
all_peaks_132559	chr7	121078378	121078879	106	157.5	106	96.5	133	72	159	49.5	102	32	132	82	155	166.5	191.5	174	137.5	127.5	171.5	110.5	118.5	22	98.5	33	96	65	73.5	20
all_peaks_132568	chr7	121170390	121170891	9	6	100	40	159	458	90.5	425.5	365.5	503.5	144	552	214.5	291.5	48	359	293.5	430	77.5	243.5	253.5	429	192.5	350.5	405.5	400.5	322.5	367.5
all_peaks_132622	chr7	126341043	126341544	36.5	0.5	14.5	2	170	199.5	42.5	203.5	196	157	63	189	206	191	21.5	205	168	179	23.5	104	210.5	150	119.5	102.5	161.5	96	149	88
all_peaks_132666	chr7	127490145	127490646	2.5	3	1	2.5	11.5	92.5	2	165	12	105.5	4	80	18	16.5	4.5	43	14	33	3	20	19	121.5	11.5	99	28.5	130	12	130
all_peaks_132699	chr7	127748692	127749193	87.5	195.5	50.5	181.5	41.5	20	110	47.5	28.5	14	145.5	73	41	33.5	121	36	57	28.5	115	95	29	18.5	82	33	35.5	9	82	27
all_peaks_132735	chr7	128095621	128096122	220.5	193.5	168	183.5	197	235	209	405	181	284	230.5	257.5	190	196	208	286.5	199.5	200.5	185.5	197.5	185.5	302	346.5	361.5	188	320.5	325	297
all_peaks_132836	chr7	129078752	129079253	1	2	3	4.5	8	76.5	7	203.5	28.5	83	6	27.5	29.5	53.5	6	115	13	35.5	1	15.5	23	127.5	19.5	105.5	36.5	122	27	83
all_peaks_132844	chr7	129142018	129142519	260	220.5	329.5	204.5	235	223	264	157	169.5	184.5	180.5	149.5	233.5	220.5	238	207.5	233	199.5	186	169.5	184.5	167	222.5	164	159	160.5	158.5	122
all_peaks_132906	chr7	129820478	129820979	1	0.5	1	1	5	44.5	1	54	1.5	84.5	1.5	9.5	10	9	1	6	11	19.5	3.5	4.5	11.5	147.5	1	114	16	222.5	4.5	139
all_peaks_132971	chr7	130598080	130598581	143.5	119.5	163.5	115	133.5	282	130	296	180.5	292	115.5	243.5	136	133.5	123.5	175	128	149	126.5	134.5	137	307.5	193	305.5	135.5	319	211	281.5
all_peaks_132994	chr7	130645941	130646442	231.5	155	218.5	97	241.5	303.5	270	306.5	285	289	241.5	252.5	268	244	272.5	259.5	228	273	231.5	194.5	282.5	284.5	299.5	259.5	241.5	256.5	263	221.5
all_peaks_1330	chr1	11779246	11779747	126	155.5	188	184	85.5	46.5	128.5	21.5	85.5	31.5	130	51	77	79	95	44	130.5	84	130.5	95	80.5	25	87.5	20	111.5	17.5	96	23.5
all_peaks_133013	chr7	130695429	130695930	45	22	18.5	15	51	154	42.5	175	69	82.5	23	33	77	71.5	33.5	66.5	54	58	30.5	52.5	49.5	198.5	60	163	57.5	200	71	95.5
all_peaks_133018	chr7	130716073	130716574	9	7	8	4	27.5	193	24	159	83.5	123	22	142	41.5	52.5	14.5	59	44	86.5	17.5	29	62	200.5	76.5	183	105	162	135	128
all_peaks_133047	chr7	130790819	130791320	265	204	381	306	155	134	128.5	123	154	175	142	139.5	134.5	97	119	102	149.5	152	150.5	127	170.5	161.5	177.5	158.5	177.5	216	206.5	247
all_peaks_133053	chr7	130873350	130873851	155	11.5	169.5	33	176	193.5	102	154.5	197	194	106	190.5	241.5	208	55.5	175	176	190.5	62	108.5	173.5	93.5	138.5	137.5	140	157	103	108
all_peaks_133083	chr7	131241089	131241590	63.5	36.5	104	43	149.5	194	176.5	169.5	146	91.5	183	161.5	121	155.5	127.5	196.5	133.5	142	111.5	128.5	117	91.5	178.5	133.5	105	44.5	165	76.5
all_peaks_133102	chr7	132115944	132116445	49.5	47.5	162	93.5	91	54.5	224	145.5	165	87.5	250	195	95.5	119.5	196.5	139	169.5	150	228	253.5	27.5	42	69.5	53.5	49.5	74.5	115	128
all_peaks_133105	chr7	132122560	132123061	46.5	48	57.5	53	74	18.5	168.5	29.5	71	17.5	193	124	33	52	192	73	58.5	40.5	182	171	28	1.5	46	16	8	5.5	79.5	41
all_peaks_133116	chr7	132170283	132170784	47.5	92	159	165.5	10	2.5	71	2	28.5	2.5	81	13.5	10	3	100	1.5	46.5	11	100	45	3.5	0	34.5	6.5	0	7.5	90.5	46.5
all_peaks_133153	chr7	132937521	132938022	220	246.5	228.5	234.5	159.5	94	219.5	119	181	96.5	185	153.5	181.5	196	235	195.5	167	162.5	203	207.5	138	104.5	166	137	84	130	159.5	95.5
all_peaks_133161	chr7	133175983	133176484	3	1.5	1	1	4.5	81.5	9	74	14	151	8	37.5	14	17.5	5	21.5	17	47	14.5	23	8.5	171.5	9.5	86	12.5	176.5	51.5	178
all_peaks_133181	chr7	134001581	134002082	309	322	333	341	350.5	415.5	398	354	394	295	420	433	372	371	357.5	344.5	388	392	406.5	395.5	322.5	275.5	241	226	282	285	323.5	285
all_peaks_133201	chr7	134331201	134331702	578.5	617	543.5	606.5	537	628.5	599.5	554.5	535	497	604	615	560.5	556.5	585	510	534	467	583.5	584	477	532.5	503	501.5	442.5	498.5	530.5	447
all_peaks_133205	chr7	134354487	134354988	118	183	98.5	173.5	19	24	65	26	23.5	20	40.5	39	28	26.5	82.5	50	29.5	10.5	37	33	15.5	16	21	28	1.5	15	11	12.5
all_peaks_133209	chr7	134395737	134396238	114	197	47.5	231	110.5	52.5	143	47.5	26	39	90	36	83.5	43.5	128.5	35	29	17	107.5	62	51	66	30	58.5	9	57	34	74.5
all_peaks_133295	chr7	135665374	135665875	228.5	73	284.5	87	307	295.5	211	225.5	232	184	176.5	211.5	289.5	267.5	195.5	179.5	258.5	226	189	151.5	235	197	233.5	209	241.5	200	197.5	200.5
all_peaks_133332	chr7	137558291	137558792	1	2	3	1	2.5	40	8	112.5	2.5	34.5	5	50.5	4.5	4	2	34	0	7	5.5	15.5	2.5	70	5	166	1.5	69	2	145
all_peaks_133335	chr7	137566855	137567356	3	3.5	1	2.5	13	92	6.5	150	27.5	96	6	71	20.5	26.5	5.5	77.5	13	43	3	13	30	108	26.5	115	47.5	89.5	53.5	139
all_peaks_133380	chr7	138430760	138431261	6.5	6	3	7.5	19.5	69	6	90	33	80.5	2	11.5	14.5	34.5	3	30	10.5	33	5.5	6.5	79.5	199.5	31	78	61.5	120	53.5	55.5
all_peaks_133382	chr7	138437194	138437695	627.5	507	647.5	706.5	280	267.5	338	403.5	273	222	353.5	323.5	262	322.5	336	266	324.5	290	324.5	268	370	324.5	435.5	333.5	353.5	334.5	423	363.5
all_peaks_133399	chr7	138588092	138588593	122	121.5	67	154	69.5	24	177	92.5	30.5	37	152.5	169.5	46.5	32.5	171	162	64	32	169	194	19.5	21.5	103	68.5	12	10	96	96.5
all_peaks_133430	chr7	138779913	138780414	357.5	341	322.5	361	337.5	331	356.5	243.5	294.5	252.5	337	377.5	371	325	333	315.5	344	306	345.5	326.5	271.5	200	290.5	185	281.5	155.5	254	150
all_peaks_13347	chr1	227950183	227950684	109.5	94	138	107.5	249.5	138.5	202	113	251	205	260	168	224.5	263.5	191	205.5	240	246	173	224.5	146	79	155	74.5	147.5	68	139.5	53
all_peaks_133474	chr7	139320553	139321054	119.5	235	41	223.5	22.5	11.5	47.5	30	34	14.5	31.5	29	25.5	23	59.5	32	17	21.5	32.5	25.5	18.5	17.5	55	37.5	9	12	24.5	20.5
all_peaks_133484	chr7	139357980	139358481	5	3	3	4	11.5	40	2.5	56	13.5	105.5	8	24	18	14.5	3.5	11.5	39	54	7.5	7	15	79	7.5	110.5	26	137	10.5	171
all_peaks_133487	chr7	139367090	139367591	2.5	5.5	7	7	46.5	112	14	87.5	79.5	161	27.5	74.5	72.5	50	8.5	39.5	70.5	105.5	14.5	32	12.5	106	14	75	64.5	202	47	165
all_peaks_13349	chr1	227953943	227954444	123	109.5	298.5	151	299.5	258	220	162.5	387	192	319	283.5	266	320.5	158.5	251.5	419.5	455	269	277	273	91.5	195	78	288	102	267	87.5
all_peaks_13351	chr1	227961719	227962220	66	53	222.5	205	29.5	5.5	24.5	7.5	42.5	20.5	66.5	51.5	20	13	21	15.5	62.5	25	65	37	14.5	1.5	30	5	34	7	85.5	23.5
all_peaks_133516	chr7	139616192	139616693	12.5	3.5	26.5	17	49	140.5	23.5	204	87	175.5	29.5	135	87.5	61	12.5	124	64	123.5	19	43	53.5	125.5	114	155.5	93	144.5	112	175.5
all_peaks_133544	chr7	139909976	139910477	34	21.5	35.5	13	141.5	160.5	134	192.5	134.5	79	63.5	76	132	129	91	159	91	107.5	42.5	87	160.5	77	105.5	53.5	128	43.5	53	26
all_peaks_133545	chr7	139912196	139912697	12.5	5.5	10.5	2	132.5	171	26	196	140	113.5	23	82.5	117	138	19.5	97.5	69.5	110	5.5	33	168	161	70.5	137.5	90	119.5	44.5	58.5
all_peaks_133550	chr7	139929590	139930091	198.5	239	192	206	221	147	186.5	167.5	179	80	173	135.5	224.5	189	187	188	164.5	116.5	149.5	151	206.5	87.5	121	83	196.5	103.5	87	86
all_peaks_133554	chr7	139952514	139953015	65.5	3.5	141	33	304.5	419	111	338.5	296.5	347.5	154.5	349	334	335.5	63	314.5	292.5	329	94	222.5	219	222.5	95.5	133	255.5	225	142	199
all_peaks_133570	chr7	140075924	140076425	47.5	97.5	22.5	49.5	108	195	111.5	253	100.5	150	68	129.5	128	106	85.5	147	68.5	68	84	96.5	182.5	268	138.5	196	104	193.5	82.5	94.5
all_peaks_133622	chr7	140753304	140753805	63.5	32	86.5	19	81.5	105	41	44.5	159.5	124	44.5	79	94.5	109	66	114.5	213	168	92	116	41.5	67	16	26.5	60	122.5	13	39.5
all_peaks_133631	chr7	141152648	141153149	1	0.5	2.5	1	5	135	0	19.5	4	146	0	20.5	6.5	18.5	1.5	6.5	12.5	63.5	0	1.5	20	166.5	0	56	82	249.5	22	78.5
all_peaks_133736	chr7	142506370	142506871	480	425	431	482.5	343.5	279	456	313	368.5	358	484.5	454.5	390	371	451	375.5	411.5	321.5	453	425	251.5	184.5	362	202	232	173.5	276	214.5
all_peaks_133846	chr7	144517987	144518488	12	13.5	4.5	6.5	23	90	7	118.5	18	82	10	26	26.5	21	16.5	22.5	15	37.5	14.5	8.5	69	183.5	33	130	56	162.5	68.5	151
all_peaks_133876	chr7	148204115	148204616	7	0.5	6.5	1	28.5	155	2.5	83	34.5	133.5	2.5	46.5	23.5	23	2.5	16	11	53	1.5	8	64	196.5	26	187.5	109	131	48	125.5
all_peaks_133886	chr7	148325643	148326144	125	116	106	154	70.5	29.5	166	25.5	52.5	22	166	95.5	85.5	75	163	80	108	53	146	152	20	4	44	3	29.5	4	41	9
all_peaks_133934	chr7	148725496	148725997	758.5	725	841.5	730.5	891	897	1027.5	913	793	800.5	936	874.5	833	888.5	813.5	1126	954.5	1009	992.5	919.5	882	956	965	902	787.5	858	954	901
all_peaks_133950	chr7	148899862	148900363	13.5	0.5	2.5	3.5	129.5	245	9	90.5	78	149	10	16.5	157.5	219.5	7	67	51	137.5	12	17.5	111	240	14.5	73	127.5	189	23	60.5
all_peaks_133952	chr7	148906641	148907142	26.5	9.5	27.5	10.5	108.5	439.5	26.5	177	184	432.5	26	100	159.5	194.5	24.5	80.5	73	176	19.5	44.5	189.5	653.5	45	154	287.5	541.5	80	211.5
all_peaks_133963	chr7	148942319	148942820	1	3.5	7.5	4.5	13.5	79.5	2	94	19.5	88	8.5	17.5	19.5	22.5	4.5	12.5	3.5	28.5	5.5	3	36	196	11	110.5	18.5	141.5	12.5	84
all_peaks_133990	chr7	149297701	149298202	30.5	21.5	33	25.5	65	215.5	50	203.5	76.5	176.5	38.5	107.5	53.5	58.5	21	77.5	51	89	45.5	55.5	117	182	152.5	198.5	98	145	136	139
all_peaks_134033	chr7	149566940	149567441	110	129	123	152	76	60.5	131.5	41	79	28	139	81.5	93.5	56.5	152	64.5	101.5	72	133.5	125.5	31	22	52	16.5	31	14	41	26.5
all_peaks_134054	chr7	150017916	150018417	6.5	0.5	3	4.5	12	103.5	5	172	21.5	112	4.5	19.5	27.5	24	3.5	39.5	25	35	1.5	9.5	39.5	199	12	181	38	163.5	13	103.5
all_peaks_134079	chr7	150148437	150148938	80	102.5	70	86.5	113	57.5	159	82.5	98.5	44.5	159.5	67.5	83.5	75	212	135.5	74	59	173	115	61	37.5	53	48	55	40.5	55.5	43
all_peaks_13408	chr1	228327470	228327971	613.5	557	539	555	544.5	500	472.5	440	573	590.5	481	501.5	605.5	563.5	521.5	514.5	543	586.5	514.5	540	513	520	560.5	514	609.5	529.5	609.5	569.5
all_peaks_134087	chr7	150178558	150179059	79.5	118.5	90.5	78	115	38.5	139	50.5	80	20	129	66	107	109	170	154	117.5	61.5	142.5	157.5	59	21	46.5	18	44	17.5	43.5	14
all_peaks_134117	chr7	150328500	150329001	39	82	26.5	53	78.5	27.5	128.5	25.5	30.5	16.5	119.5	35.5	64.5	59	178.5	81.5	62	33	128.5	119.5	19	9.5	15	8	14.5	8.5	12	4.5
all_peaks_134121	chr7	150360870	150361371	55	37.5	58.5	42	116	76.5	196.5	113	82	20	209.5	158	135.5	163.5	198.5	174.5	140	115.5	239.5	211.5	94	13.5	99	24.5	49	15	69	19.5
all_peaks_134123	chr7	150365410	150365911	121.5	132	243	176.5	132	144	183.5	192.5	142	133	229.5	234.5	157	146	196.5	207	198	182.5	222.5	248	108.5	53.5	132	132.5	98.5	93	170	114.5
all_peaks_134143	chr7	150452543	150453044	75	100	80	81	125	47	119.5	102.5	77.5	68	168.5	125.5	103.5	88.5	141.5	167	102	79	160.5	170	50.5	25.5	29	58	22	56.5	30.5	44.5
all_peaks_134186	chr7	150754889	150755390	498	559.5	460	507.5	352.5	404	523.5	453.5	411.5	329.5	500	415	379.5	417.5	532.5	475	425.5	402	525	490	334.5	385	377	400.5	344	430	381	414
all_peaks_134243	chr7	151047013	151047514	417.5	339.5	411.5	405.5	391.5	359	311	505	315	312	272	414	293.5	305.5	250.5	354.5	288	331	281.5	270.5	451	445	526	500.5	361.5	511	486	529
all_peaks_134250	chr7	151105844	151106345	233.5	42	347.5	79	38.5	6.5	18	8	49.5	2.5	38	15	71	88	29	23.5	62	53	40.5	31	64.5	7.5	13	5	60	9	21	6.5
all_peaks_134253	chr7	151126911	151127412	181.5	197	143	182.5	82	24.5	132	23	77	20	112	68.5	61.5	65.5	224	59	53	66	153	75	115	21.5	100	19	85.5	14.5	83	19.5
all_peaks_134286	chr7	151444000	151444501	2.5	0.5	5	3.5	22.5	95	3.5	89.5	31.5	118	5	30.5	26.5	35	2.5	25	12	51	4	5.5	84.5	179.5	13.5	111	82.5	161	81	103.5
all_peaks_134291	chr7	151466122	151466623	86	139.5	123.5	298	105.5	28.5	170	36.5	138.5	51	310	229	40	26.5	133.5	27.5	137	75	275	154.5	94	18	124	29.5	170	62.5	287	138
all_peaks_134296	chr7	151492307	151492808	30	3	30.5	6	57.5	201.5	2	22.5	81	179.5	1.5	19.5	55.5	61.5	0	5	55	114.5	6	5.5	68	206	5	44.5	71.5	207	8	43.5
all_peaks_134299	chr7	151535961	151536462	32.5	25.5	77	39.5	192.5	167	212.5	87	251.5	120	216	136.5	140	197.5	117	121	183.5	236	129	164.5	178	57	110.5	36.5	220.5	54	135.5	40.5
all_peaks_1343	chr1	11865923	11866424	319	310	287.5	270.5	370.5	328.5	282	410.5	367	328	308.5	327.5	393	389	340	379	359	369	351	351.5	392	439	393	435	388	410	437.5	392
all_peaks_134311	chr7	151724826	151725327	9	9	192.5	154.5	4	3.5	4	1.5	40.5	27.5	66	60.5	11	3.5	3	2	96.5	61.5	75.5	38.5	3	2.5	3	2	40.5	22.5	45.5	42.5
all_peaks_134331	chr7	152160767	152161268	530	499.5	528	527	622	555.5	572	537.5	556.5	503	575	560.5	638.5	626.5	624	642	676	621.5	641	653	587	560.5	525.5	562	541.5	539	551.5	517
all_peaks_134371	chr7	154997152	154997653	218.5	87	242.5	78	220.5	334	195	306	292.5	282.5	191	236	271.5	295	148.5	255	270	252.5	115	191.5	287	318	250	269.5	323.5	323	274	257
all_peaks_134385	chr7	155090510	155091011	581	525.5	599.5	626.5	499	499.5	513	428.5	473	421	507	508.5	486.5	477	474.5	415.5	515.5	509	536.5	450.5	445.5	327	448.5	374.5	327	358	409	440.5
all_peaks_134455	chr7	156405568	156406069	142	104	75	170.5	177	134	188	111.5	146	78	203	147.5	180.5	234	176	165	164	165	239	183.5	126	55.5	107.5	55	53.5	59.5	94	53
all_peaks_134460	chr7	156433150	156433651	90.5	36.5	51.5	56.5	169	157	100.5	147	194.5	184	119	132	168.5	129.5	75	143.5	127	157.5	125.5	130.5	203.5	219.5	135.5	168.5	209.5	194.5	171.5	189
all_peaks_134467	chr7	156543999	156544500	3	4.5	1	2.5	39.5	184	9.5	142	48.5	105.5	12	51.5	57	73	9	101	21.5	69	11	22.5	68.5	160	56.5	109	49	126.5	71.5	64.5
all_peaks_134472	chr7	156570019	156570520	2.5	3.5	3	3	70.5	215	10	138	52	153.5	8	31	111	139	8.5	68	52	88	10.5	13.5	71.5	218.5	27	122.5	113.5	199	36	73.5
all_peaks_134485	chr7	156715777	156716278	266	117.5	338	213	145	158.5	146.5	201	176.5	137	207.5	225	140	160	138	177	236	189.5	215.5	180	152	83.5	229	154	117	117.5	176	113
all_peaks_134511	chr7	157095037	157095538	189.5	102.5	266	134	296	365	156.5	293	302	269	198.5	301	306.5	268	152	225	301	268.5	157.5	197.5	251.5	267	134.5	195	251.5	242.5	140.5	169.5
all_peaks_134533	chr7	157204686	157205187	30	1	32	6	56	156.5	4	28	108.5	178	4	20	95.5	64.5	0	16	65.5	139.5	1	3.5	62.5	135.5	1.5	24	157	164	17	56.5
all_peaks_134539	chr7	157264318	157264819	64.5	113	31	70	109.5	17	94	17	19	5.5	115	73	95.5	65.5	141	51.5	95	40.5	121.5	100.5	43.5	4.5	19.5	4.5	21.5	3	7.5	3
all_peaks_134549	chr7	157295416	157295917	211.5	235.5	136	207	98	29.5	114.5	71.5	87.5	25	135	74.5	76	85	121.5	63	104	56	96.5	96	86	35	149.5	94	61.5	48.5	132.5	109
all_peaks_134579	chr7	157644336	157644837	91.5	220.5	24	141.5	87.5	64.5	192.5	109.5	54	19	142.5	91	67	94.5	194	108	47.5	21.5	148.5	90.5	128.5	52.5	126	76.5	68	21	105	41.5
all_peaks_134610	chr7	158448783	158449284	19.5	2	35.5	2.5	146.5	437.5	40	435.5	208.5	346.5	97	254	163	189	22.5	169	171.5	234	35.5	94	246	457	164	390	260.5	306.5	260.5	266.5
all_peaks_134619	chr7	158497409	158497910	281	260.5	279.5	273.5	363	446	380.5	465	353	389.5	348	405.5	376.5	406.5	357.5	414	378	397.5	384	394	355	414	383	394.5	422	396.5	392.5	426
all_peaks_134637	chr7	158605306	158605807	140	164	59.5	158.5	61.5	21	143.5	25	32	11.5	134	38	99.5	67.5	188	38	60	39.5	141.5	76.5	41.5	17	39	17.5	16.5	11	22.5	11
all_peaks_134646	chr7	158622135	158622636	450	366	446.5	467	373.5	367	348	269	367.5	353	369.5	329	382.5	332.5	327	342.5	349.5	387	336.5	325.5	324.5	282	386	285.5	341.5	304	329	292
all_peaks_134652	chr7	158648973	158649474	163	145.5	142.5	136	238.5	283.5	188.5	288	277.5	333	225.5	261.5	250.5	231.5	203	287	251	357	249.5	272	257	295	242	333	293	325	305.5	314.5
all_peaks_13470	chr1	228653423	228653924	25.5	4	28	6.5	119.5	181	44.5	43	163	97	70	122.5	147.5	133.5	29.5	51	117.5	147.5	35	53	55	48.5	30	11	85.5	62.5	46.5	41
all_peaks_134750	chr8	1703635	1704136	24	51.5	19	31	23	57	66	224	18.5	24.5	52	134.5	17	24.5	48	67.5	13	25	39.5	37	23	92.5	68.5	114.5	23	48	84	102
all_peaks_134751	chr8	1708227	1708728	190	285	136.5	231	21	7	19.5	13.5	2.5	14.5	10	7	20.5	18	22	18.5	13	9.5	14	5	20.5	15	52	26.5	11.5	7.5	22.5	9
all_peaks_134796	chr8	2049626	2050127	111.5	63.5	91	84	192.5	102	199.5	155	203	91	191	195.5	141	203	142	217.5	181.5	183	157	222.5	128.5	96.5	125.5	124.5	79	53.5	166.5	105.5
all_peaks_134801	chr8	2078865	2079366	270	151.5	159.5	187	222	121.5	216.5	99	185	60.5	259	176.5	215.5	271	193	235.5	190.5	184	212.5	237.5	71	42	58.5	26	28	32.5	15.5	26.5
all_peaks_134802	chr8	2081744	2082245	199.5	87	142	117	201.5	88.5	190.5	61.5	181	86	205	155	211	218.5	196	157.5	209	173	185.5	199.5	85	10	64.5	5.5	44.5	24	27.5	14.5
all_peaks_134808	chr8	2093033	2093534	114	121.5	91.5	181.5	23.5	3	39	2.5	28.5	4.5	83.5	7.5	14	13	44.5	8	59.5	16	88	43	8	2.5	8	3	3	2	2	1
all_peaks_134830	chr8	2212059	2212560	235.5	352	142	339.5	95.5	129	207	146	132.5	78.5	178.5	126.5	104	127.5	186	155.5	114	95.5	163	131	121	116.5	198	140.5	100.5	59	206	154
all_peaks_134909	chr8	8085313	8085814	393	425.5	419.5	381	410.5	407.5	504.5	551.5	446.5	481.5	516.5	457	529.5	580	569	608	576	548	559	597	506.5	505.5	562	528	503	580	499.5	540.5
all_peaks_134970	chr8	8701662	8702163	6.5	3.5	1	1	49	98	8	178	19	94.5	2	26	31	47	3.5	111.5	9.5	35	1	11	74	209	46.5	141	55	160	55.5	107.5
all_peaks_135026	chr8	8946189	8946690	17.5	5	40.5	12	30.5	64	28	232.5	56.5	109.5	33	78.5	41.5	68.5	15	111.5	46	80	14.5	51.5	15.5	97	61.5	103	15.5	144.5	62.5	190.5
all_peaks_135119	chr8	10873817	10874318	277	276.5	298	287.5	163.5	211	210.5	307.5	156.5	167	178.5	238	148	233.5	198	305.5	144	175.5	205.5	216.5	244	206	281.5	267.5	239.5	219	271	277
all_peaks_135160	chr8	11279127	11279628	6.5	2	13	6.5	55	191	2.5	44	82	136.5	6.5	17	74.5	101.5	1	38.5	71	105	4.5	5	60.5	126.5	14.5	58.5	66	108.5	13.5	32
all_peaks_135166	chr8	11313990	11314491	226.5	191.5	181.5	151	261	191	223.5	200.5	222	144.5	184.5	160.5	280	331	243.5	279	242.5	211.5	186	194	276	235	248	160	224.5	136	220.5	153
all_peaks_135202	chr8	11677765	11678266	204	202.5	96	132.5	99.5	21.5	196.5	18	47	2.5	106.5	26.5	130	89	208.5	95.5	80	34.5	129	63.5	80	4	44	9.5	21.5	3	7	6.5
all_peaks_1353	chr1	11968284	11968785	246.5	484	260	306	307	432.5	189.5	224.5	384	455.5	160.5	402	294.5	271	152	206.5	254.5	323.5	127.5	148.5	273.5	308.5	295	256.5	281.5	241	254	239.5
all_peaks_135312	chr8	17554908	17555409	117.5	189.5	59.5	250	57.5	103.5	119.5	90.5	60.5	44.5	136.5	138	50	73.5	149.5	97	55.5	51	156	125	65	53.5	91	71.5	14	46.5	166.5	92.5
all_peaks_135363	chr8	19074227	19074728	3.5	1	5.5	2.5	13.5	143.5	9	145.5	11	135.5	13.5	51.5	8	34	2	53.5	9.5	36.5	4.5	18.5	13.5	156	6.5	168	10.5	164	16	185
all_peaks_135391	chr8	19302922	19303423	28	62	9	23	67	119.5	71	187.5	87.5	107.5	63.5	72	78	74.5	73.5	124.5	40.5	63.5	57	80	135.5	181	101.5	161	94	145.5	97.5	133
all_peaks_135400	chr8	19330794	19331295	52	22	66	42	108	129.5	58	157	168	155	85.5	183.5	87	125.5	46.5	154.5	128.5	123	60	110	67.5	34	58	47	49.5	40.5	55	82.5
all_peaks_135401	chr8	19332848	19333349	187	149.5	203	219	151	174.5	202	165	213	231	254	220	187.5	202	214.5	191	237.5	198.5	273	241.5	139.5	91.5	108	106.5	114	109	111	185
all_peaks_135404	chr8	19354537	19355038	374	383.5	152	485	147.5	103.5	281	57	161	83.5	314	124.5	116	220	255	179	151	137.5	346.5	304.5	131.5	71.5	124	57	123.5	23.5	77	21.5
all_peaks_135406	chr8	19368555	19369056	134	138.5	99.5	170.5	185.5	98	219.5	50	164	73.5	202	108	155	188.5	222.5	128.5	180	145	229.5	173	75	22	56	14	87.5	23	47.5	12
all_peaks_135448	chr8	19674581	19675082	325.5	320	286	298.5	301.5	207.5	309	204.5	302	300.5	308.5	230.5	298.5	273	355.5	240.5	273.5	196	307	269.5	291.5	278.5	266	220.5	202.5	233	219.5	217
all_peaks_135467	chr8	20123064	20123565	21.5	26	28.5	17.5	66	64	186.5	180.5	113	42	166	177.5	85.5	87.5	168.5	178	84.5	67.5	172.5	196	35	28.5	76	40	69	25.5	53	39
all_peaks_135479	chr8	20292820	20293321	126.5	180	78	145.5	63	22	117.5	15.5	34.5	25.5	89.5	24.5	41	50.5	140	39.5	45.5	25	80	40	39	20.5	59.5	28	33	17	46.5	27.5
all_peaks_135484	chr8	20350755	20351256	190	271.5	111	305	24.5	14.5	185.5	29	32	13.5	133	115.5	10	7	189.5	26	24	15.5	164.5	73.5	77	11	183.5	29	77	10	178	54
all_peaks_135523	chr8	21715843	21716344	30.5	71.5	150	51.5	92.5	8.5	154	5	103.5	13.5	184	18	88	92.5	164	32.5	172	100.5	176	83	33.5	6	14.5	6.5	47	11	28	6.5
all_peaks_135530	chr8	21768387	21768888	198.5	110.5	200.5	170.5	251	113	227	66	168	43	280	176	220	244	217.5	120	234	184.5	243.5	241.5	60.5	10.5	36	11	48.5	14	30	22
all_peaks_135595	chr8	22102432	22102933	298	242.5	259	284.5	305.5	171	234.5	166.5	260	175.5	243	203.5	196	170	209.5	156.5	198	206	254	192	195	208.5	289	280.5	300	223	314	334.5
all_peaks_135603	chr8	22210197	22210698	3.5	0.5	15	2.5	44.5	209.5	10	86.5	90	184.5	22.5	58	68.5	101	7.5	63	67	116.5	16.5	32.5	61	88.5	14.5	92	60	155.5	61	82.5
all_peaks_135666	chr8	22573127	22573628	34.5	12	68	40	38	87.5	61	222.5	61	134	77	167.5	32.5	72.5	40	159	71.5	94.5	76.5	107.5	20	41	68	136.5	27.5	95.5	105.5	133
all_peaks_135719	chr8	23076924	23077425	140.5	127	176.5	155	123	29.5	224	34.5	84.5	24.5	169.5	95	136	69.5	191.5	130.5	153	85.5	169	180.5	39	11.5	105.5	13.5	43	8	41.5	16.5
all_peaks_135723	chr8	23100843	23101344	177	183.5	124	200	126.5	54.5	230.5	78.5	50	13.5	231	123.5	167.5	108	294.5	158.5	123.5	73.5	249.5	182.5	90	2.5	108.5	34.5	76.5	5.5	51.5	20
all_peaks_135724	chr8	23104144	23104645	100	63.5	118.5	78	199	202	104	237.5	180.5	206.5	149	211	158	153	76	188.5	156.5	181.5	105	142	195	218.5	198	250.5	203	203.5	233	201.5
all_peaks_135759	chr8	23618768	23619269	85	52.5	54.5	94.5	44	126.5	94	291	48	107.5	63.5	162.5	46.5	82	59	113.5	46.5	67	76.5	86	60.5	166.5	176.5	267.5	42	136	192	273
all_peaks_135804	chr8	25315865	25316366	917	840	1091	827	813	845.5	956	864	771.5	759.5	885	865	912	1350.5	1373.5	1186.5	992.5	1074.5	1091	1264.5	869	849	830	824	769	810	846	835.5
all_peaks_13581	chr1	229694592	229695093	171	174.5	176.5	144.5	194.5	304.5	280	291	169.5	263	251	262	202.5	249	294.5	281.5	188.5	209	270	250.5	174.5	232.5	176	198.5	239	232.5	189.5	278
all_peaks_135891	chr8	27219553	27220054	78.5	38.5	126.5	47	143	238	89	306.5	218.5	215	137	256.5	118.5	148	63.5	143	138	157.5	86	144	94	156.5	116	230	131	252.5	218	210.5
all_peaks_135894	chr8	27224066	27224567	99	130	238	169	126	72	248	101	172	76	322.5	293.5	108.5	149.5	211	227	256.5	207.5	293.5	364	81.5	27	65	49.5	97	32	75	55
all_peaks_135901	chr8	27236144	27236645	156	142.5	150.5	178	117	118	152.5	86.5	81	91	177	139.5	143.5	130.5	159.5	110.5	129	96	165.5	158.5	53	33	96.5	32	27	32	71	22
all_peaks_135910	chr8	27262904	27263405	142.5	170.5	91.5	179.5	37.5	3.5	78.5	18.5	16	2.5	68.5	18.5	50.5	35	125.5	40.5	43.5	17	90.5	61	10	5.5	29	5.5	6.5	4	19.5	5.5
all_peaks_135915	chr8	27297025	27297526	7.5	8	1	4.5	51.5	191.5	6	28.5	29	33.5	6.5	6.5	50.5	44	4.5	19.5	6.5	46.5	3.5	6	111	130.5	30	30.5	65	54	14.5	16
all_peaks_135989	chr8	28223271	28223772	10.5	8.5	15	2	26	98	18	230.5	42	99	11.5	37.5	26	68.5	8	100.5	36.5	86	12.5	26.5	76	168.5	36	189.5	86	236.5	43.5	144.5
all_peaks_136000	chr8	28258504	28259005	313.5	380	222.5	351	243	178	277.5	264	189.5	152.5	240	155.5	258	301	301	242.5	240	218	237.5	230	242	256.5	266.5	249	180	179.5	242	268.5
all_peaks_136047	chr8	28747490	28747991	397	417.5	359.5	361	330.5	278	440	417.5	384	320	443	358	409	396	501	466	364.5	349	476	466	250.5	248	322	336.5	196.5	319.5	333.5	368.5
all_peaks_136065	chr8	28918842	28919343	86	47.5	272	158.5	76	98	72	56.5	122	89.5	147.5	164	79	120.5	55.5	109.5	135	132.5	141.5	140	55.5	43	53	31	100	68.5	97	98
all_peaks_136076	chr8	29028589	29029090	1.5	2	5	1	7	146.5	11.5	172.5	34.5	142.5	15.5	63.5	35.5	52	9.5	95	31.5	73	5.5	22.5	38	191.5	50.5	156.5	64	178	59	126.5
all_peaks_136109	chr8	29207985	29208486	104.5	34.5	84.5	32.5	251.5	216	183.5	183	240.5	254	210	200.5	221.5	234.5	207.5	240.5	214.5	245.5	177	216	230	225	267.5	213.5	256	219.5	183.5	188
all_peaks_136122	chr8	29265903	29266404	84	19	107.5	9	105.5	180	117.5	222	120	170	53	111.5	96	109.5	88	157.5	111.5	137.5	55.5	94.5	116.5	192.5	243	278	133.5	217	99.5	197.5
all_peaks_136138	chr8	29326714	29327215	5	0.5	8	2.5	32.5	186.5	16.5	144	42.5	249.5	8	107.5	35	53	16.5	106	61.5	139	18	54	77.5	143.5	63.5	121.5	94	248.5	35	167
all_peaks_136140	chr8	29347951	29348452	119.5	95	249	138	164	118.5	211.5	97.5	251.5	184.5	304.5	357.5	184	203.5	182.5	220	311.5	291	278	299.5	118.5	29	91	19	133	73.5	77.5	48
all_peaks_136148	chr8	29381756	29382257	27.5	5.5	13.5	3.5	63.5	182.5	54	205	113	174	37	183	79	86.5	27	180	55	110.5	29	90.5	180	203	215	232	153	197	201.5	191
all_peaks_136149	chr8	29383417	29383918	1	4	12	4	14.5	109.5	6.5	154.5	59	140.5	9	42	48	31.5	5	32	42	96.5	4	12	34	210	65	205.5	125.5	222	119	246
all_peaks_13616	chr1	230245617	230246118	20	25	14	18	111	158.5	84.5	370.5	75	142.5	63.5	182	72.5	72.5	75.5	117.5	50.5	91.5	61.5	78	147	222	155	349	101	176	171.5	272
all_peaks_136160	chr8	29412821	29413322	286	266.5	198.5	257	165	126	198.5	266.5	116	94.5	156	216	121.5	186	178	222.5	98	114.5	127.5	140	181.5	112	343	202	97	134	225.5	165
all_peaks_136164	chr8	29427118	29427619	15	0.5	8.5	8.5	4	20.5	5	84	5	46	10.5	52	5.5	7.5	7.5	27.5	11	15.5	13	26	1	81	13.5	154	2	131.5	18.5	232.5
all_peaks_136176	chr8	29522556	29523057	40.5	58.5	50	77.5	106	125.5	153.5	238	92.5	72	135	154.5	86.5	93	88	188	67.5	108	98.5	131.5	113.5	109	209	152.5	126	117	184.5	126
all_peaks_136197	chr8	29663871	29664372	130	146	66	229.5	33.5	38.5	61	34	54	36	81	85.5	30.5	41	67.5	44.5	57	47.5	102	66.5	28.5	29	36	27	24.5	26.5	43	39
all_peaks_136210	chr8	29848499	29849000	12	0.5	19	1	15	62	10	249.5	34.5	122.5	9.5	115	30.5	54	6.5	156.5	31.5	71.5	6	36.5	17.5	89	33.5	146.5	42	112.5	54.5	174
all_peaks_136233	chr8	29939655	29940156	132	117.5	224	120.5	125	117.5	53	131	117.5	154.5	64.5	91	111.5	99	67	73.5	95	116	63.5	49	192	228.5	176.5	258	203	278	209.5	256
all_peaks_136234	chr8	29940374	29940875	463.5	427	448.5	434	465.5	359.5	410	358.5	532.5	466	393	366	501.5	455.5	482	387	443.5	495	446	419	486	384	522.5	432	507.5	444.5	440	494
all_peaks_136248	chr8	29991259	29991760	211	209.5	180.5	276.5	85.5	26.5	118	12.5	51	15.5	121.5	53	106.5	85	158.5	42.5	122.5	80.5	170	83	71	10.5	87.5	15.5	29.5	14	56.5	12
all_peaks_136293	chr8	30585161	30585662	321.5	321	394	388	279.5	241.5	341.5	261	219.5	274.5	327.5	257	296.5	245.5	321	261	273	278.5	293	280	228.5	225.5	217	221.5	287	266	263.5	276.5
all_peaks_136336	chr8	33370795	33371296	134	152.5	128.5	131	172.5	269	117.5	171.5	196.5	271.5	101	250	197.5	160.5	134.5	168.5	147	189	115	114	196	221	172.5	165	205	194.5	191	160
all_peaks_136343	chr8	33418738	33419239	4	5.5	4.5	9.5	7	31	11.5	126	6	60	6.5	24	5.5	19	9.5	31	20.5	27.5	8	6	10.5	119	29	127.5	12.5	128.5	21.5	156.5
all_peaks_136418	chr8	37739335	37739836	67	15	54.5	13.5	88.5	100.5	85.5	92	71	99	71.5	87	81	91.5	66.5	87.5	53	83.5	62.5	78	190.5	147	215.5	155.5	153	95	175	101
all_peaks_136422	chr8	37749248	37749749	109	45	53.5	21	225.5	281.5	281	352.5	282	202	251.5	263	215	245	200.5	277	183.5	206.5	191	247	298.5	348	375	332	244.5	328.5	324.5	283.5
all_peaks_136471	chr8	38243667	38244168	233.5	155	269.5	191.5	114	97.5	111	109	203	195	108.5	127.5	135.5	147	115	99	133	126	117.5	129	195.5	158.5	209	163.5	188	182	191	157
all_peaks_136475	chr8	38262650	38263151	14.5	6.5	14.5	4.5	97.5	149.5	45.5	168.5	97	122	76.5	121	69.5	93.5	28.5	106	79	123	34	80	77	132.5	60.5	115.5	94.5	115.5	139	112
all_peaks_1365	chr1	12040078	12040579	217	182	220	232	250.5	265.5	262.5	198.5	301	336.5	295	291.5	312.5	310	266.5	282	372.5	351.5	332	338.5	317	278.5	267	272.5	367.5	340.5	276.5	315
all_peaks_136520	chr8	38795904	38796405	290.5	127	639	334.5	237.5	325.5	265.5	178	309	334	329	304	217	378	224.5	261	427	459.5	300	315	235	178.5	217.5	94.5	264.5	272	276	196
all_peaks_136529	chr8	38853902	38854403	451.5	442	455.5	413	479	549	442.5	541.5	447.5	508.5	424	467	462.5	472	422	437.5	437.5	430.5	440	421.5	537.5	555	474.5	552.5	441	589.5	459.5	524
all_peaks_136535	chr8	38970504	38971005	1	1.5	3	1	11.5	139	3	41	74	165.5	7	37.5	30.5	30.5	3	20.5	24.5	103.5	3.5	8	51.5	103.5	16.5	40	157.5	145	85	54.5
all_peaks_136556	chr8	41347734	41348235	408	334.5	428	379	378	219	290	284	292	296.5	302.5	314.5	349	376	342.5	367.5	370	348.5	348	364.5	289	281.5	290	290.5	262.5	302	276	277
all_peaks_136593	chr8	41627955	41628456	8.5	3	1	2.5	28	167.5	13	140	42	125.5	5	35.5	44.5	83	4.5	74	27.5	53	3.5	6	69.5	187	41	126.5	62.5	140.5	57	107.5
all_peaks_136610	chr8	41814542	41815043	50	41.5	44.5	42	72.5	206.5	30	159	92	127.5	55	117	81	93.5	38	77.5	50	115.5	30.5	43	132	166.5	57.5	153.5	116	135	98.5	128
all_peaks_136621	chr8	41844495	41844996	50	61.5	14.5	70.5	101	193	70.5	147	56.5	188	66	106	77.5	92	63.5	99	47.5	82.5	52	71.5	115.5	273	136	193.5	138.5	227	110	162.5
all_peaks_136639	chr8	41998949	41999450	173	211	129	149	84.5	44.5	101.5	47.5	46.5	35	96.5	43.5	104	81	119	75.5	75	60	82	82.5	53.5	37.5	98.5	49.5	77.5	34.5	64	21.5
all_peaks_136656	chr8	42046386	42046887	7	0.5	1	2.5	60.5	190	4	121.5	33	68.5	3.5	21.5	39.5	55.5	3.5	38	21.5	54.5	4	9.5	69.5	186.5	32	99	96	132	24.5	44
all_peaks_136679	chr8	42150205	42150706	112.5	8	110.5	24	136.5	155	47.5	213.5	159	153.5	59.5	143.5	159	158.5	35	108	116	121	47	87	112	186	69	119.5	100.5	183	89.5	168
all_peaks_13671	chr1	231114458	231114959	368.5	400	417.5	366	408	496	545.5	536	387	450.5	485.5	489	450.5	464.5	497	475.5	470.5	454.5	512.5	479	394	369.5	364.5	419	362.5	451.5	406	414.5
all_peaks_136823	chr8	48513198	48513699	5	1.5	50.5	8	31	113.5	13	156.5	74.5	169	27	124.5	40.5	64	5	94	67.5	115	14.5	30.5	57	126	37.5	155	87.5	132	112.5	211.5
all_peaks_136848	chr8	48812374	48812875	1	0.5	6	2.5	40	209.5	19	193.5	118.5	173	73.5	232	56	72	9.5	103.5	92	129.5	20.5	85.5	68.5	88	57.5	101.5	97	110.5	102	106.5
all_peaks_136859	chr8	48864577	48865078	5	1.5	5.5	2	43	137	5.5	210	92	167	19.5	61	82	67.5	4	74	40.5	75	12.5	41.5	58	203	47.5	151	95.5	216	80.5	167.5
all_peaks_13686	chr1	231409799	231410300	1	1	1	4	1.5	25.5	4.5	201	2	38	4.5	104	0.5	9.5	4.5	79	4.5	16	4	24.5	1	87	14.5	189.5	3	113	58.5	201
all_peaks_136898	chr8	49862070	49862571	240	157.5	188.5	189	158	65	273	84	125	37	260.5	164	159.5	173.5	267	153.5	178	110.5	201.5	199	89.5	12	164.5	36.5	56.5	7	97.5	22
all_peaks_136992	chr8	55014368	55014869	92	93	102.5	78	236	273.5	199.5	264	214	298	186.5	222.5	164	200.5	172.5	220.5	167.5	198	150.5	218	185.5	204	137.5	255	168.5	239	167.5	276.5
all_peaks_136995	chr8	55058842	55059343	2.5	0.5	4.5	2.5	4.5	134	0.5	19	10	125.5	0.5	12.5	15.5	7	1	4.5	8.5	34.5	1	4.5	26	220	3	62.5	33.5	187	19	95
all_peaks_137046	chr8	57123789	57124290	413.5	424	407	440.5	565.5	527	521.5	406.5	379	433.5	448.5	485	535	489	509.5	497.5	490	435.5	502.5	530.5	480.5	386.5	447	460	495.5	427.5	455	516
all_peaks_137061	chr8	57912772	57913273	23	2	60	14.5	125	213.5	10.5	139.5	71	137.5	15	69.5	123	88.5	7.5	71	67	90.5	7	16.5	210	223	79.5	149.5	170	165	102	139.5
all_peaks_137108	chr8	59109322	59109823	1	2	3	1	32	175	10	92.5	45.5	110.5	18	185	32.5	22	1.5	71	16	81	8	75.5	34	99.5	22.5	32.5	77.5	88.5	97.5	106
all_peaks_137132	chr8	59508438	59508939	31	3.5	61	9	140.5	137.5	49.5	162.5	134.5	98	37	63.5	194.5	163	44.5	122	163.5	132.5	32.5	39	148.5	133.5	101.5	142	142.5	95.5	64	74
all_peaks_137263	chr8	61705383	61705884	195	186.5	95.5	183.5	74	33	125	64.5	33	8.5	70.5	49.5	61	63	126.5	75	46	29	82.5	55.5	120	28.5	111	51.5	49.5	25	57.5	24.5
all_peaks_137289	chr8	61841680	61842181	109.5	184	84	208	90	145.5	255.5	279.5	82	122	264.5	269	75.5	95	236.5	289	90.5	99	294	291.5	101.5	123	175	179.5	61.5	115.5	126.5	150.5
all_peaks_137385	chr8	65669333	65669834	10	0.5	1	2.5	66	377.5	10.5	323	52.5	202	11.5	292	83.5	97.5	9	284.5	42.5	150.5	6.5	92	136	235	80.5	198.5	69.5	137.5	66.5	184.5
all_peaks_137410	chr8	66662736	66663237	5	12.5	6	4	12	116.5	7.5	122.5	32	72	4	66	20.5	17	4.5	12.5	11	33	4.5	7.5	22.5	171	20.5	152.5	36	157	69	148.5
all_peaks_137442	chr8	66864038	66864539	161.5	190.5	152.5	210.5	149	204.5	188	179.5	253.5	173.5	256	259	205	203	229.5	203.5	204.5	197.5	232	224	153	106.5	154	94	161	111.5	170.5	109.5
all_peaks_137451	chr8	66894177	66894678	3	6	4.5	10	24.5	74	15.5	161	27.5	50.5	17	175.5	23	13.5	18.5	123	19.5	56	15.5	43.5	25	21.5	37	76	60	30	56.5	79
all_peaks_1375	chr1	12100513	12101014	1	1	1	1	17.5	145.5	4	64.5	32	156	8	30.5	42.5	24.5	4	39	18	33	5.5	10	35	208.5	45.5	49.5	78	158	69.5	83
all_peaks_137502	chr8	67445794	67446295	239	230	256	181.5	141	94.5	177.5	102	154.5	96	171.5	93.5	186.5	155	179	105	180	137	178.5	147.5	147	99.5	202	85	82.5	88	137	106
all_peaks_137513	chr8	67525474	67525975	257.5	175.5	303	161	286	260	234	227.5	360.5	368.5	243	256	296.5	240.5	259	251.5	303.5	274	292.5	275	225	284.5	292.5	240	243	279.5	273	235
all_peaks_137519	chr8	67579330	67579831	585	574	568	574.5	590.5	598.5	608.5	572	666	555.5	637.5	595	631	628	654	656	588	608	664.5	700.5	541	513.5	555	505.5	468	545	495.5	525.5
all_peaks_137551	chr8	68418172	68418673	7	4	13	4.5	43	188	17.5	132	100.5	129.5	25	208	57	55.5	13	51.5	56.5	95.5	15.5	38	99	126.5	99	110	108	91	171	148.5
all_peaks_137572	chr8	70602162	70602663	292	528	344	455	1045.5	1171	780.5	1163.5	1027.5	1045.5	959.5	1092.5	1073	758.5	539	772	814.5	902	611	735.5	977.5	1261	1112	1171	1112	1215	1112	1171
all_peaks_137590	chr8	71042714	71043215	2.5	2	3	3	35	170.5	10	302.5	48.5	205	2.5	37.5	44.5	93.5	3	133.5	35	85.5	6	25.5	68	218.5	54	204	109	267.5	71	154
all_peaks_137633	chr8	71543516	71544017	112.5	232.5	45.5	180.5	53.5	3.5	75	6	8	1	85.5	13.5	74	60.5	97.5	24	48	16.5	125	56.5	59	5.5	43.5	4	7	3	30	5.5
all_peaks_137658	chr8	72755968	72756469	51.5	2	142	7	147	129.5	5	6.5	117.5	106.5	14	24	165	227.5	3.5	10	174	224	8	48	127	19.5	6	4.5	110	52.5	6.5	7.5
all_peaks_137664	chr8	72912406	72912907	5.5	3	28	2	94.5	233.5	1	24	134.5	281	3.5	49	134.5	169	0	20	108	202.5	4.5	15.5	198.5	210	1.5	5	214	206.5	8	25.5
all_peaks_1377	chr1	12107306	12107807	27	4.5	41.5	8.5	81	176	70.5	214.5	92	177.5	64	147	104	111	53.5	119	101.5	122	48.5	68.5	118	193	115.5	174.5	155.5	155.5	111	131.5
all_peaks_137701	chr8	74258595	74259096	11	6	93	15	63.5	153.5	39.5	237.5	106.5	134	62.5	163	118.5	127	24.5	219	144	177	23	81.5	33.5	67	51	93	50	84	71.5	90.5
all_peaks_137723	chr8	74432761	74433262	1.5	2.5	3	1	13	150	6.5	285	40	145.5	7.5	155.5	29	42	5	125	31.5	72	4	26	20.5	126.5	32	161	19	126.5	60	162.5
all_peaks_137736	chr8	74668177	74668678	5	3	13.5	3.5	23.5	91	25	41.5	91.5	138.5	173.5	148.5	29.5	61.5	15	73	81.5	107.5	114	130.5	15	30	21.5	21.5	32.5	90	67.5	91
all_peaks_137795	chr8	77892432	77892933	7	5.5	8.5	2.5	90	170	56.5	144	91.5	110.5	55	174	69	97.5	21.5	100.5	49.5	95	31	79	70	109.5	74	113.5	105	132.5	100.5	151.5
all_peaks_137797	chr8	77897404	77897905	1.5	0.5	2.5	1	37	203	3.5	142	69	166	12	158	43.5	42.5	1.5	65.5	35	110.5	4.5	20	108	177	93.5	153	134	197.5	164.5	182
all_peaks_1379	chr1	12112008	12112509	10	1.5	12	5.5	98	209	8.5	199	121.5	165.5	17	127.5	86.5	101	4	107.5	53	125.5	7.5	45.5	112	93.5	45	110	100	143.5	87	171.5
all_peaks_137901	chr8	81259988	81260489	90.5	24	86.5	75	56	175	41.5	117.5	93	139	62.5	160	40.5	61.5	16.5	51.5	57	89	25	45.5	104.5	233.5	139	237.5	109.5	173.5	160	227.5
all_peaks_137909	chr8	81397457	81397958	280	274.5	240.5	272	48.5	40	56.5	58.5	48.5	68	40	51	57	62.5	70.5	35.5	46	53	47	28.5	67	110	155	147.5	50	96	94	118
all_peaks_137928	chr8	81776977	81777478	119.5	85.5	62.5	155.5	25.5	123.5	120.5	155	55	119	144	235.5	30.5	71	86	119	38.5	76.5	103	127.5	22	94.5	125.5	149	40	122.5	130	146.5
all_peaks_13794	chr1	233059694	233060195	172.5	197	170.5	261.5	119	91	351	130.5	154.5	53.5	334.5	341	125.5	80.5	272.5	188.5	180	126.5	308	323.5	95	41	150	63.5	112.5	53.5	153.5	80
all_peaks_137963	chr8	82006008	82006509	113.5	140	136.5	148.5	155.5	93	183	107	196.5	117.5	231	210	136.5	159	190.5	146	161	151	193	191.5	83.5	21	107	38	92	37.5	78.5	32.5
all_peaks_137975	chr8	82044947	82045448	32	38	30.5	47	42	65.5	62.5	218	20.5	69.5	57.5	117	58	35.5	94.5	126	55	45.5	84.5	84.5	27	75	52	164.5	23.5	104	45.5	119
all_peaks_138117	chr8	90253568	90254069	30.5	78	12	92.5	25.5	52.5	68.5	27.5	40	84.5	126	177	8.5	17.5	90	17	36.5	40	135.5	106.5	15	45.5	23	30.5	39.5	23.5	112.5	93.5
all_peaks_1382	chr1	12116429	12116930	3.5	2	6	1	41	131	0	134	51.5	135.5	6	58.5	55	33	0	63	17.5	85	4.5	11.5	39	125.5	14	98	71.5	129	51.5	107
all_peaks_138227	chr8	94928859	94929360	287	252.5	239.5	260	292.5	219.5	270.5	170.5	200	149	283.5	215.5	328.5	275.5	300	224	267.5	231.5	273	260	220.5	172.5	209	145.5	240.5	128	201	148
all_peaks_138239	chr8	95003588	95004089	295	192	179.5	270	94	46.5	94.5	90.5	68	69.5	82.5	74.5	100	118	94.5	102	81	77	96	86	116.5	115	132	128	72	94.5	140.5	146.5
all_peaks_138254	chr8	95254229	95254730	4.5	0.5	1	4	21	95	2.5	121.5	26.5	115	3.5	49.5	10	34	1.5	41.5	20	70	0	9.5	27	202	21	186.5	30.5	204.5	40.5	214.5
all_peaks_138268	chr8	95432317	95432818	37	58	29	55.5	47.5	13	149	36.5	50.5	5.5	123.5	62	60	46	156.5	54	47	23	163	104	13	6	37	19	8.5	4.5	57	15.5
all_peaks_138312	chr8	95975996	95976497	38	4.5	24.5	6.5	56	168	15.5	206	44	75.5	7	97.5	52.5	68	14.5	102	41	91.5	11.5	28.5	97.5	119.5	61	132	50	98.5	43	114.5
all_peaks_13835	chr1	233734799	233735300	8	1.5	3	1	64	187.5	4.5	63.5	49.5	83	7	24.5	81.5	75	9	32.5	28	48	2.5	16	106	184	42	78.5	91.5	130.5	11	35
all_peaks_138450	chr8	99377052	99377553	3.5	2	4.5	1	13.5	110	3	73.5	6	139	3.5	69	10	12.5	2.5	8.5	26	33.5	1.5	6	8	111	4	93	4.5	158.5	8	110
all_peaks_138465	chr8	99838011	99838512	62	48	72.5	57	122.5	130.5	79	183	103.5	189	72.5	139.5	101.5	76.5	59	136	79	110	55	88.5	89	167.5	68.5	174	103.5	174.5	87	176
all_peaks_138484	chr8	100507874	100508375	26	34.5	23	19.5	203.5	113.5	79.5	56	212.5	277	93.5	146	134	40	58.5	45.5	67	53	51	42.5	37.5	64	29.5	23.5	64	41.5	39	68.5
all_peaks_138529	chr8	101230811	101231312	33.5	46	69.5	71	76.5	177	114.5	326.5	102	184.5	139	212	61.5	99.5	99	224	102.5	141.5	148	173.5	97	205	141	222.5	116	195.5	168.5	177
all_peaks_138534	chr8	101270759	101271260	29	12.5	70.5	16.5	49.5	96	41.5	158.5	65	164	28	94	49	33.5	39.5	97	51	56.5	37.5	58.5	50	148	75.5	168	32	141.5	57	140
all_peaks_138566	chr8	101422061	101422562	97.5	25	200.5	23	34.5	73	15	99.5	37	113.5	4.5	23.5	30.5	49.5	11	40.5	23.5	36	7	11	49	285.5	24.5	81	89.5	295.5	16	95.5
all_peaks_138572	chr8	101440990	101441491	16	14	25	6.5	12	111.5	26.5	174	23.5	150.5	22	80.5	18	25.5	21	59.5	29	47	16	24.5	42.5	190	72.5	219.5	38	188	72	156.5
all_peaks_138573	chr8	101442843	101443344	158	74.5	350.5	110.5	158	338	106.5	465.5	153.5	351.5	132	206.5	215	239.5	86	230	227.5	243.5	155.5	153	128.5	358.5	216.5	343.5	165	339.5	212.5	350
all_peaks_138580	chr8	101455304	101455805	56	4.5	154.5	23.5	124	145	47.5	169.5	93	110	61	121.5	119	102	28	103	129	145.5	47	81.5	79	140	76.5	136	75.5	163	81.5	100
all_peaks_138583	chr8	101464171	101464672	112.5	6	128	13	41	139.5	3	120	107	189.5	10.5	86.5	53.5	73.5	4.5	79.5	123.5	139	33	46.5	122.5	216.5	49.5	213.5	122	253.5	55	196
all_peaks_138597	chr8	101514790	101515291	36	9.5	65	9	66.5	216	28	333	50	287.5	15	158	85.5	90	24	135.5	72	122.5	27.5	48.5	118.5	268.5	92.5	322	147	273	132	256
all_peaks_138626	chr8	101734195	101734696	455.5	431.5	420.5	431.5	518.5	352	418.5	458.5	588.5	362	432	425.5	520	518.5	497	519.5	517.5	520.5	500	514	435.5	364.5	468.5	419	417	398.5	452	438.5
all_peaks_138632	chr8	101821729	101822230	459.5	456	463	568.5	49.5	9.5	76.5	35.5	36	15	100	51.5	36	22	60.5	38	51	22.5	116	54	54.5	19	150.5	82	31	22.5	149.5	77
all_peaks_138676	chr8	102120839	102121340	93.5	106	86	150	157	122	90	64	164	97.5	131	180.5	162	159.5	81	103.5	152	177.5	74.5	99.5	200.5	34.5	201.5	48.5	191	23	226.5	67
all_peaks_138681	chr8	102149452	102149953	311	367.5	279	302.5	317	355.5	339.5	291.5	296.5	261	379	426.5	271	322.5	296	354	283	306.5	283.5	324.5	313	210.5	307.5	225	284	153	360.5	186
all_peaks_138684	chr8	102167997	102168498	45	71	123.5	205.5	37.5	20.5	79.5	5	90	44.5	204.5	79.5	34.5	35	62	26.5	146.5	117	203.5	143	32	11	22	8	39	20.5	76	22.5
all_peaks_138709	chr8	102656514	102657015	5	0.5	4	2.5	8	99.5	4.5	46	17.5	131	7	38.5	16	15.5	1	15.5	22	47.5	3.5	9	33.5	175.5	6	81.5	113.5	160.5	50.5	108.5
all_peaks_138741	chr8	102996616	102997117	6.5	2	2.5	2	42.5	216.5	18	344	48.5	176.5	18.5	215.5	35.5	41.5	16	132.5	24.5	61	16.5	87	80.5	260	25	246	81	248.5	43	281.5
all_peaks_138748	chr8	103024617	103025118	1	1.5	1	1	9	80.5	5	175	30.5	104	4.5	17	29	23.5	0	73	22	46	3.5	12	18	103	2	82.5	48.5	177.5	6	73
all_peaks_138759	chr8	103109947	103110448	73.5	9.5	249	57.5	111	191.5	45	248.5	198.5	213.5	79.5	132.5	93	129.5	29.5	155	159	189	72.5	124	125.5	194	87.5	106	140	260.5	136.5	187
all_peaks_138763	chr8	103118860	103119361	38	17	127	41	99.5	177.5	93	234.5	154.5	144	126	209	80.5	140	62.5	234.5	126.5	135.5	92.5	239	120.5	156	66.5	111.5	120.5	160.5	107	154
all_peaks_138779	chr8	103251025	103251526	195	169	220	162	366	564	363	616	475	604	437	575	387	378.5	308	505	425.5	550	386.5	455.5	379.5	536.5	445.5	610.5	462.5	664.5	513	759
all_peaks_138802	chr8	103540772	103541273	91	79.5	94.5	79.5	152.5	238	183.5	287	189	201.5	239	314	163.5	206.5	150	275	194.5	218.5	180.5	261	200	198	185.5	185	195	223.5	181.5	161.5
all_peaks_138806	chr8	103547869	103548370	25.5	13.5	33	14.5	23	56	26.5	146	29	50	21.5	70	24	32	17	73	27	41.5	22	45	38	139.5	52	222	23.5	134	45	185.5
all_peaks_138812	chr8	103580214	103580715	10	3.5	18	2.5	55	261.5	29.5	374.5	53	300	34.5	230.5	58.5	74.5	13	146	55	120	18	67.5	53.5	240.5	66.5	305.5	59	248.5	121.5	254.5
all_peaks_138824	chr8	103665996	103666497	193.5	157.5	230	176	315.5	227	254.5	253.5	308	385	204.5	266.5	229.5	217.5	232.5	314	182.5	202	181	239.5	176.5	232.5	220.5	262.5	139.5	166	182.5	205
all_peaks_138844	chr8	103818563	103819064	256	142.5	335	203.5	323.5	327	280	323	335.5	327.5	308	312	331	371.5	252	346.5	369	364	294	328	277	272	260.5	306	304.5	262.5	265.5	300
all_peaks_138854	chr8	103875080	103875581	218	222.5	259	246.5	275	356.5	254.5	359.5	258	239	291.5	341	234	198.5	228	243	250.5	269.5	266	226.5	290	386.5	259.5	387	319	446	375	416.5
all_peaks_13894	chr1	234544427	234544928	118.5	169.5	9	14	60.5	45.5	116.5	31.5	1	4	10	0.5	73	76	122.5	71.5	5.5	8	7.5	8.5	36	34	58.5	38.5	2	4	0.5	2
all_peaks_138963	chr8	107282181	107282682	182	340	62	359	336.5	373.5	393.5	339	240.5	190	367	386.5	227	281.5	304.5	319.5	173	240	295	313.5	309.5	286.5	310	300	195	157.5	342.5	299
all_peaks_139004	chr8	109255191	109255692	2.5	3.5	8.5	5.5	15.5	86.5	4	123.5	26	75.5	11	50.5	27.5	17.5	2.5	34.5	15	31.5	2	5	61.5	177.5	24	135	71.5	188	64	117
all_peaks_13907	chr1	234636737	234637238	2.5	2	4.5	5.5	6	79	10.5	167.5	15	119.5	8	39	23.5	15	8	43	15	34.5	7	13	20	130.5	57.5	140	14.5	145	36.5	170
all_peaks_139089	chr8	116439764	116440265	60.5	6	99.5	13.5	136	173	84	181	106	195	103.5	238	136	154	43	198.5	157.5	186	67	118	135	114.5	161	126	125	96	160	105.5
all_peaks_13910	chr1	234658501	234659002	9	20	5	20	9	19	24.5	96.5	3	10	37	64	14	15	30.5	59	5.5	16	36.5	34.5	32	78.5	132	171.5	15	24.5	128	147.5
all_peaks_139218	chr8	119010779	119011280	2.5	2	1	1	32.5	140.5	0.5	133	38.5	148.5	5	75.5	31.5	48.5	1	63.5	29	76	3	24	49.5	104	11	80	61.5	91	33	87
all_peaks_139223	chr8	119068388	119068889	1.5	3.5	1	2	69.5	155	52.5	202.5	78	157.5	43	149	47	60	13.5	92.5	29.5	67.5	32.5	67	68	167.5	70	170	112	142.5	102.5	150.5
all_peaks_139272	chr8	120650965	120651466	250.5	302.5	228.5	306	173.5	199.5	207.5	248.5	154	155.5	224.5	280	202	154.5	237	261.5	203	184	222.5	242.5	199	147.5	210.5	166	200.5	123	213	164
all_peaks_139320	chr8	121714290	121714791	74.5	181	91.5	139.5	53.5	16.5	142.5	41	26	14	106.5	55.5	67	46.5	155.5	44.5	59	17	132.5	78	24.5	7.5	53	13	45	6.5	42	27.5
all_peaks_139330	chr8	121761571	121762072	118	174	141	214	178	165	256	179	182	103.5	245.5	232	158.5	195	232.5	202	175	165	218.5	229	116.5	48.5	138.5	60.5	104	32.5	152.5	54.5
all_peaks_139340	chr8	121821924	121822425	46	48.5	41	43	89	111.5	87.5	174	92	108.5	68.5	178	94	67	71.5	113.5	75	81	80.5	96.5	123.5	152	133	169.5	95.5	161.5	134.5	228
all_peaks_13936	chr1	234866829	234867330	122.5	52.5	70.5	68.5	27.5	112	36	130.5	50	139.5	40.5	110.5	46.5	39	36	76	35.5	63	50.5	41.5	67.5	189	102	169.5	75	164.5	108	159
all_peaks_139392	chr8	123811210	123811711	161.5	230	209.5	371	4	5.5	95	21.5	7	8.5	82	46.5	15	2.5	91	22	26	12.5	89.5	39	9.5	7	90	64.5	3.5	33	101.5	73
all_peaks_139429	chr8	124161226	124161727	16	2	17.5	2	68.5	147.5	2.5	24	41	73.5	7	16	70	103.5	2	15.5	26.5	64	4	4.5	93.5	186	20	48	90	141	18.5	21
all_peaks_139435	chr8	124179316	124179817	2.5	0.5	3	2.5	18	101	11	39.5	10	136	0.5	20	11	24.5	2.5	12.5	8	30	5	8.5	15	203	10.5	154.5	16	253.5	20.5	178.5
all_peaks_139448	chr8	124286736	124287237	136.5	152.5	144.5	143.5	214	294.5	192.5	211	244	354	203	218	243.5	214	220	236.5	254.5	275.5	228	207	233.5	267.5	217.5	238.5	230.5	273	248.5	306.5
all_peaks_139460	chr8	124428563	124429064	301.5	299.5	263	258.5	421.5	349	336	397.5	285	359.5	326	365	416	437.5	393	442	437	465.5	456	458.5	374	387.5	397.5	463	406	480.5	431	520
all_peaks_139472	chr8	124532490	124532991	179.5	188	225.5	292.5	119	113	222.5	125	206	129	240.5	194	131.5	206.5	216.5	192.5	176	187	238.5	210.5	49.5	20	85	30.5	55.5	38.5	96	44
all_peaks_139495	chr8	124683362	124683863	2.5	0.5	1	1	8	82	0.5	36.5	7	133.5	1.5	28.5	12.5	9	1	12	11	37.5	1.5	0	11.5	160.5	6	51.5	16	149	11	113.5
all_peaks_13953	chr1	234978693	234979194	44	11	42.5	16.5	45	240	39.5	392	82	297	35.5	182.5	80	73.5	21	89	74	111.5	28.5	64.5	112.5	362.5	129	338.5	96.5	301.5	147.5	294
all_peaks_139543	chr8	125203118	125203619	47	88	29	61	145.5	49.5	190	29	122.5	16	180	91.5	160	158.5	197.5	94.5	156.5	116	172.5	149.5	62.5	15.5	31	11.5	48.5	6	43	5
all_peaks_139564	chr8	125384820	125385321	332.5	313.5	330.5	279	438.5	360.5	385	340.5	361	434.5	411	325	435	332	362	360	370.5	366	368	355.5	347.5	374	345.5	318.5	289.5	328	304	221.5
all_peaks_139571	chr8	125486767	125487268	429.5	386	449.5	400	533.5	407	392.5	426	554	567.5	383.5	396.5	464.5	480	400	440	451	451	408.5	441	413.5	347.5	385.5	395.5	412.5	429	385.5	447.5
all_peaks_139578	chr8	125576848	125577349	160.5	252.5	120	199	150	95.5	232	150	108.5	47	205.5	176.5	139.5	185.5	227	168.5	169.5	129.5	204.5	196	94	27	117.5	32	53	17.5	86.5	32.5
all_peaks_139592	chr8	125641925	125642426	2.5	0.5	8	2.5	8	71	9.5	156.5	33.5	97.5	5.5	49	14	26	3	55.5	23	67.5	3.5	9.5	11.5	83	42.5	143.5	55	113.5	65	167.5
all_peaks_139594	chr8	125649774	125650275	128	39	171	64	35.5	22.5	45.5	41.5	43.5	80	53.5	80.5	24.5	48	30.5	62	44	117.5	42	53	125.5	39.5	206	126.5	109.5	127.5	194.5	183.5
all_peaks_139612	chr8	125764050	125764551	6.5	2	13	12	11	85.5	19	184.5	40.5	160	41	98.5	12.5	54	15.5	64.5	35.5	73	34	43	14	103	50	226	45	182.5	101.5	254.5
all_peaks_139633	chr8	126010413	126010914	384	363	373.5	359	486.5	531.5	423	525.5	427.5	473.5	376.5	430.5	393.5	400	371.5	448	406.5	432.5	366	398.5	386.5	494	451.5	469.5	360.5	411.5	426.5	441
all_peaks_139646	chr8	126163867	126164368	20.5	5.5	1	2	117.5	139.5	89.5	136	169.5	128	73	128	104.5	152.5	48	168	85	115	49	130.5	175.5	116.5	173.5	145	143.5	127.5	159	97.5
all_peaks_139657	chr8	126203925	126204426	1	2	1	2.5	15	85.5	3	161.5	39.5	43	6	40	12	26.5	2.5	46	19.5	39.5	0	7.5	40.5	139.5	63	214.5	45	154	59.5	187
all_peaks_139690	chr8	126347762	126348263	1	2	1	1	3	94	1.5	54	5	71.5	1	20	5	13.5	0	9.5	2.5	18.5	1	2.5	9.5	175	3	90.5	11.5	192.5	8.5	122
all_peaks_139702	chr8	126441966	126442467	191	117	171.5	124.5	273.5	289	206.5	275.5	292	352	165	299	258.5	256	135.5	354	229.5	310.5	108	284	259.5	205.5	253.5	221.5	254.5	243.5	187.5	249.5
all_peaks_139713	chr8	126526901	126527402	128.5	38	102	16	248.5	337	214.5	374	266	254	211.5	458.5	218	282	153.5	356.5	181.5	243	134	355.5	249.5	218.5	236	269.5	249.5	190	182	226.5
all_peaks_139724	chr8	126618638	126619139	17	7	17.5	2	48	131.5	9	55.5	66.5	92	13.5	28.5	45	42.5	8	11.5	46.5	71	12.5	12.5	63.5	162	15	56	122	161	45	108.5
all_peaks_139725	chr8	126620114	126620615	40	16	27.5	4	155.5	118.5	133	92.5	140	93	146.5	181.5	102.5	143	71.5	150.5	110.5	129	97	138	197	82.5	128	92.5	141.5	75.5	87.5	34
all_peaks_139733	chr8	126660378	126660879	36	17.5	24	5	73	142	51	156.5	66	79.5	53	182.5	42.5	45	28	135.5	41	64.5	22	69.5	119.5	63	108	132.5	91.5	80	89.5	103
all_peaks_139737	chr8	126710954	126711455	42	5.5	101	8.5	130	224	53.5	196.5	174	159	103.5	210.5	137.5	183	29.5	177.5	133	203	70.5	152.5	133	88	112	105	136	122.5	108	97
all_peaks_139750	chr8	126936613	126937114	59.5	81.5	50	63.5	100	6	129.5	7	62.5	2	121.5	33.5	99.5	67.5	147.5	26	94	46.5	129.5	85.5	12.5	0.5	11	1.5	9	3.5	2.5	1
all_peaks_139754	chr8	126946353	126946854	34	49.5	34.5	39.5	108	8	141.5	1.5	64	0.5	162.5	28	114.5	102.5	165	53.5	109	45.5	152.5	135.5	11.5	1	2.5	0.5	2	0	3.5	1
all_peaks_139761	chr8	126984094	126984595	223	323.5	229	332.5	141	35	234	50	104.5	36	238	73.5	114.5	156	246	92	199	99.5	262.5	189	161	47.5	99.5	88	137.5	97.5	106.5	84.5
all_peaks_139816	chr8	128209039	128209540	143	178.5	84	203	108	47	199	92.5	37	23	180.5	137	90	74.5	193.5	109	81.5	35	215.5	129	59.5	25.5	124.5	42	32.5	21	102	69
all_peaks_139856	chr8	128747339	128747840	196	299	207.5	288	133	151.5	187.5	119	172	206.5	242	188	124	117.5	199.5	67.5	171	155	265.5	169	127.5	219	112.5	93.5	199	231.5	200.5	196.5
all_peaks_139912	chr8	129021771	129022272	3	6	1	1	46.5	129.5	13.5	30	17.5	96.5	18.5	18	34	22	10.5	12	14.5	32	10	10	44.5	183	11.5	80.5	37.5	127.5	36.5	86
all_peaks_139931	chr8	129088904	129089405	26	6.5	42.5	20	39	48	38.5	212.5	46	127	50	58	20.5	18.5	38.5	47	47.5	44	66.5	45	27	155.5	51	196	12.5	208.5	59	278.5
all_peaks_139938	chr8	129115661	129116162	5	4.5	1	4	17	194.5	9.5	269	31.5	156	13.5	64	25.5	32	7.5	40.5	24.5	44	6.5	21.5	46.5	309.5	32	278	77.5	255.5	42	245
all_peaks_13994	chr1	235116335	235116836	45.5	14	36	16	81	183	50.5	290.5	104.5	260.5	86.5	167	84	80	44	139.5	70.5	92	49	64	61.5	233.5	119	274.5	101.5	280	153	256
all_peaks_139970	chr8	129252552	129253053	29.5	8.5	34	6	162.5	294.5	122.5	140.5	230.5	230.5	143	197.5	137.5	159.5	59	124.5	158	189.5	73	122.5	194	250	157	160	167	284	168	180.5
all_peaks_139972	chr8	129263898	129264399	1.5	5.5	1	2	26.5	134	5.5	89.5	59.5	124	6.5	33.5	32.5	31.5	2.5	34	37.5	81.5	9	18	20.5	186	4	107.5	56.5	169.5	13.5	126
all_peaks_140021	chr8	129526988	129527489	2.5	0.5	6.5	2	15.5	133.5	4.5	136	68	158.5	19	73.5	30	50	2	68.5	25.5	61.5	5	32.5	31	85.5	37	76.5	27	112	41.5	107.5
all_peaks_140028	chr8	129553154	129553655	79	95.5	70.5	64	181.5	149	228.5	118.5	170.5	118	281	141.5	222.5	212.5	284.5	225	185	177.5	264.5	205	73	38.5	65.5	51	80.5	72.5	76	80
all_peaks_140032	chr8	129568862	129569363	25	13	40	8.5	128.5	200.5	77.5	65	134.5	165.5	94.5	59.5	137	148.5	40	100	138	139.5	42	82	120.5	86.5	50.5	40.5	110.5	105.5	50	51
all_peaks_140042	chr8	129603426	129603927	45.5	66.5	15	19	145.5	124.5	215	157.5	100	96.5	159.5	78.5	106	113.5	170.5	101	106	78.5	150	122.5	69.5	128	77	62.5	65.5	103	64	51
all_peaks_14005	chr1	235147579	235148080	556	299.5	578	398.5	450	518	490.5	557.5	480	587.5	502.5	555.5	396.5	521.5	384	544.5	503	544.5	392.5	481.5	463	396.5	542.5	452	310.5	344	535.5	331
all_peaks_140056	chr8	129680941	129681442	6	0.5	1	3.5	25.5	261	3	145.5	75.5	158	11	107.5	34	52	4.5	42	48.5	107	4	28.5	71	122	26.5	71	116.5	154	51.5	127
all_peaks_14006	chr1	235151440	235151941	18	11.5	12	10	6.5	123	14.5	282.5	42.5	173.5	24	63	16.5	23	16	74	39	33.5	13	40.5	17.5	193	30	234	13.5	162	38.5	210.5
all_peaks_140121	chr8	131020759	131021260	9	4	8	2	26	186.5	8	162.5	49.5	172.5	9	84	30	17	6	23	24	55.5	6	15	38.5	232	38	203	67	164	121	228.5
all_peaks_140124	chr8	131028536	131029037	256.5	210.5	249.5	188.5	131.5	75	218.5	57.5	100	70	140.5	76	171	135.5	162	98	156	128.5	145	153.5	135	59.5	152	66	133	79.5	122.5	58.5
all_peaks_140128	chr8	131054487	131054988	42.5	5	63.5	10.5	119	202	29.5	130.5	62.5	208.5	16	63	107	90.5	12.5	56.5	48.5	100	13	23.5	105	142.5	59	76.5	93	137.5	65	97.5
all_peaks_140258	chr8	133772676	133773177	204	308	250.5	297	141	139.5	144.5	182	156	137	133.5	121	151	160	126	187	120	145	117	161.5	162.5	181	209.5	170.5	182	193.5	157	142
all_peaks_140278	chr8	133930475	133930976	9.5	0.5	5.5	2.5	92	259	23.5	244.5	170.5	279	60.5	268	107	131.5	3	171.5	91.5	190	16.5	111	122	213.5	101.5	220.5	128.5	221.5	171	170.5
all_peaks_140286	chr8	133991183	133991684	39	66.5	27	107	110.5	39	78.5	40	150	54.5	215.5	192	55	83.5	34.5	94	96.5	218.5	147.5	285.5	102	31.5	37	20.5	173	60.5	58.5	33.5
all_peaks_140294	chr8	134029387	134029888	7	9.5	16	18	154	290.5	52.5	189	130	126	119	247.5	95.5	111	30	137.5	97.5	156.5	65.5	100.5	143	134	116	130	124.5	109.5	158	134.5
all_peaks_140320	chr8	134151016	134151517	117.5	17.5	200	31.5	80.5	13.5	10.5	1	45	9.5	11.5	3	76	38.5	8.5	2	78	23	14.5	6	42	7	2.5	0	30	21.5	4.5	2.5
all_peaks_140337	chr8	134261626	134262127	26.5	3.5	27	2	111	151.5	126	214	131	108	84	176	124	146.5	92.5	199	106.5	128.5	95.5	167.5	66.5	115.5	72	50.5	83	97.5	63.5	48.5
all_peaks_140341	chr8	134309335	134309836	381	336	364	326	432.5	392	407.5	369.5	427.5	380	472	437	401	365.5	394	429.5	449.5	409.5	440	423	406.5	259.5	408.5	307.5	410	286.5	411.5	292
all_peaks_140343	chr8	134315323	134315824	120.5	53	129	19.5	210.5	190	110	231.5	215.5	183	132	173	222.5	216	88.5	177	156.5	177.5	105	188.5	128.5	222.5	125	211	87.5	253.5	161.5	251
all_peaks_140366	chr8	134511355	134511856	215	243	247.5	313	110	129.5	176.5	181.5	130	165.5	196	184	132.5	151	210.5	150.5	153	150.5	226	173.5	98	61	161.5	103.5	126	55	148	133.5
all_peaks_140369	chr8	134517483	134517984	101.5	140.5	132.5	185.5	73	51.5	124	24.5	83	43	101.5	26	91	73	132	30	107.5	65.5	132	59.5	117.5	23	95	14.5	135.5	22.5	110.5	12.5
all_peaks_140387	chr8	134581052	134581553	109	128	156.5	155.5	190.5	208	236.5	190	268	162	289	244	178.5	255	189.5	253.5	201.5	237	263	321	126	89.5	99	82.5	152	110	153	134
all_peaks_140393	chr8	134628700	134629201	34.5	46	103	57.5	93	25.5	110	23	85.5	19	138	89	80.5	87	106.5	65	141	114	145.5	104.5	43.5	8	24	5	18.5	7.5	30.5	10.5
all_peaks_140403	chr8	134706467	134706968	8.5	9	22.5	9	51	142.5	29.5	86	108	102	39	182.5	72.5	55	19	113	78	144	25	75	49	7.5	26.5	17.5	58.5	8.5	33.5	11
all_peaks_140515	chr8	141109031	141109532	210.5	271.5	234	284	141.5	219.5	148.5	141	165	161	201	192	154.5	155.5	144.5	129	215.5	203.5	206.5	178.5	135.5	94.5	133	126	132	141.5	185.5	177.5
all_peaks_140550	chr8	141601377	141601878	152	115	223.5	126	238.5	287	218	265	253.5	260.5	237.5	319.5	245.5	209	214	304	253	228.5	199	280.5	174.5	202.5	172.5	222.5	198	158.5	197.5	164
all_peaks_140552	chr8	141606822	141607323	276.5	185	450	209.5	149.5	137	107	190.5	163.5	182.5	113.5	156.5	176	177	102	168.5	166.5	158.5	104.5	146	162.5	203	176	189	132	180.5	152	218
all_peaks_140604	chr8	142138301	142138802	206.5	226	209	200	300.5	301.5	259.5	341.5	325.5	325	300	258.5	316.5	346	295	311	302.5	386.5	278.5	319.5	306.5	300	332	334	313.5	368	332	336.5
all_peaks_140656	chr8	142413939	142414440	178.5	187	66	168	72.5	111	116.5	108.5	17	12	91	83	62.5	96.5	126	95.5	35.5	26.5	110.5	77	66.5	31.5	107	60	39.5	16.5	72	48
all_peaks_140797	chr8	144107687	144108188	251	256.5	233.5	238	249	191	289.5	247.5	167	136	275	319	271	315.5	332	332.5	289	223	323	299.5	257.5	95	221	155.5	187.5	85.5	198	171
all_peaks_140918	chr8	144631417	144631918	78	31	76	23.5	203.5	303	130.5	299.5	198.5	202.5	123	155	234.5	208	134.5	217	166	201	100	95.5	194	256	168	199.5	202	178.5	126	170.5
all_peaks_141036	chr8	145022585	145023086	26.5	15.5	49.5	23.5	101.5	248	22	262	99	267.5	67	153.5	77.5	70.5	11	115.5	84	141.5	31.5	84	55	181.5	54.5	190	103.5	216	85.5	191.5
all_peaks_141069	chr8	145133273	145133774	144	121	172.5	147	172	204	201	285.5	211	263.5	189.5	206	141.5	176.5	152.5	216	152	181	164	218.5	89	126.5	134.5	171	109	167.5	108.5	169
all_peaks_141108	chr8	145550362	145550863	183	182	190.5	185.5	251	335	293	304	280.5	236	223.5	299	254.5	282.5	255.5	319.5	285.5	306	252.5	267.5	302.5	313	304.5	314.5	290	335	325.5	309
all_peaks_141221	chr8	146052569	146053070	269.5	244	238	260.5	284.5	295	292	298.5	316.5	319	280.5	289	432.5	388	380	360	407	418.5	419	430	373	376	362	391.5	345	412.5	421	434
all_peaks_141225	chr8	146104029	146104530	250	143	324.5	296	22	30.5	41.5	122.5	73.5	106.5	61.5	58	16.5	51.5	40	89.5	75.5	69	81	53.5	14.5	140	127.5	215	36.5	178	149.5	230
all_peaks_141271	chr9	447588	448089	115.5	61.5	123	53.5	229	117	149.5	93	138.5	96	133.5	92.5	228	196.5	127	154	183.5	146	127.5	140.5	142	57	110.5	50.5	87	63	80	48.5
all_peaks_141360	chr9	1879554	1880055	1	0.5	1	1	8	112	1.5	81.5	47	125.5	2	44	27	36.5	0	31.5	24	54.5	4	13	44.5	121	33.5	154	38	114	48.5	121
all_peaks_141370	chr9	2055188	2055689	6	3	1	2.5	5.5	177.5	1	97	23	203.5	3	77.5	33	22	0	21.5	27	79.5	3	14.5	28	191.5	1	92.5	60.5	182	25	124.5
all_peaks_141393	chr9	2621225	2621726	17	4	23	8	46.5	110.5	40	190	57	80.5	52	82	30.5	48.5	21.5	82	24.5	43.5	33.5	42	82.5	129	68	142	82.5	104.5	126.5	115
all_peaks_141499	chr9	4596520	4597021	105.5	210.5	54.5	235	51	4	52.5	10.5	34.5	6	87	25	58.5	78	87.5	28	52	37	100	49	39.5	6	36.5	7	20	1.5	20.5	3
all_peaks_1415	chr1	12210447	12210948	84	106.5	108	84.5	121	48.5	185	48.5	107	26	176	84.5	154.5	124	198.5	103	158	85	178	143	58	17.5	37.5	12	59.5	22.5	31.5	16.5
all_peaks_141530	chr9	4792526	4793027	630	599	649	611	621	734.5	566	676	485	633.5	561.5	617	586	580	571.5	578.5	584	648.5	577	557	670	703	627.5	694.5	679.5	724.5	633.5	588
all_peaks_141537	chr9	4833119	4833620	5	1.5	1	2.5	28	159.5	3	196.5	51	104	5.5	44	47.5	47	2	51	14.5	71	4	6	112	198	38	228	101.5	207	58	189.5
all_peaks_141552	chr9	4938927	4939428	21	5	34	14.5	38	51.5	125	50.5	30.5	13.5	111.5	101.5	33	24	137.5	133	57	33	110.5	138.5	27	11	48.5	12	23	9	41	18
all_peaks_141561	chr9	4984543	4985044	121.5	89.5	182	97.5	209	300	204	262	251.5	294.5	196.5	229.5	211.5	167	165.5	236.5	187	197	145	175.5	172.5	291.5	213.5	268.5	192.5	271	205.5	275.5
all_peaks_141580	chr9	5327158	5327659	136.5	79.5	197	113	113	31	56.5	8	154	28.5	115.5	68	121	115	66	34.5	217	161	149	93.5	119.5	19	28.5	7	150.5	47	39.5	10.5
all_peaks_141618	chr9	5558170	5558671	56.5	61.5	46	57	93.5	66	107.5	32	72.5	22.5	140.5	86.5	126.5	99.5	149	116	141.5	90	168	128	15.5	8	9	25	12.5	7.5	12.5	8.5
all_peaks_141656	chr9	5841727	5842228	90	112.5	198.5	191	117.5	66	144	118.5	110.5	72	200.5	129.5	117	97	169	142.5	133	111.5	203.5	193	107	39.5	112	51.5	84.5	60	150	63
all_peaks_141658	chr9	5844711	5845212	41	30.5	49	44.5	57.5	52.5	86	107	59	48.5	138	159.5	40.5	45	94	155.5	68	62	119	176	19.5	19.5	41.5	42	14	25.5	32.5	30.5
all_peaks_141660	chr9	5851371	5851872	18.5	11.5	46	11	129.5	179	95.5	176	180	178.5	163	163.5	129.5	153	56.5	165.5	149.5	169.5	101	177.5	86.5	117.5	109	116	104.5	104	111.5	98
all_peaks_141783	chr9	7626642	7627143	89.5	130	43	100.5	98	27	140.5	13	56.5	6.5	114	46.5	85.5	83	152.5	45	77	39	137	90.5	37	2.5	48	6.5	10	4.5	30.5	14.5
all_peaks_141792	chr9	7935609	7936110	146	148	144	125.5	172	59	154	64.5	86.5	11	118	81	195.5	135	172.5	135.5	111	48	149	92.5	115	18.5	57.5	18	31	12	41	9.5
all_peaks_141796	chr9	7976341	7976842	309	201.5	352	281	214.5	279	277.5	297	244.5	274	267	277	240.5	244.5	304	235.5	239.5	229.5	280.5	244	180	141.5	274.5	181.5	150.5	179.5	271.5	203.5
all_peaks_141849	chr9	14585695	14586196	14	0.5	15.5	8	48.5	129.5	57.5	56.5	94.5	126	133.5	163.5	59.5	50.5	36.5	50	126	102.5	176.5	129	10.5	28.5	32.5	17.5	13.5	33	61	24
all_peaks_141874	chr9	15307024	15307525	105.5	99.5	136.5	78	165	188.5	122.5	190.5	184	216.5	130	190	140	147.5	91.5	162.5	152	164	108.5	176	131	187.5	119	159	197.5	281	151	216.5
all_peaks_141875	chr9	15310404	15310905	64	132	45.5	90	91	23.5	179.5	52.5	57	7.5	136.5	52	99.5	155	159	104	96	55.5	137	141	48	14	32.5	19.5	31.5	22.5	24	20
all_peaks_141946	chr9	19161611	19162112	42.5	49	107.5	44	94.5	173	101	189	84.5	47.5	81	124	133	116.5	99.5	95	91.5	99	69	76.5	141	157	184	174.5	163	120	192	134.5
all_peaks_141951	chr9	19184187	19184688	64.5	54	196.5	121	169.5	140	126	199.5	142	128	232	175	202.5	170	115.5	231	237.5	179	206	202	108	121	83.5	148.5	126	177	178	145
all_peaks_141988	chr9	19999474	19999975	1.5	3.5	16	4.5	86	313	74.5	344.5	165.5	287.5	127	280	85	87.5	37.5	147	106.5	172	82	111	85	284.5	86	264.5	141.5	264	240	314.5
all_peaks_1420	chr1	12221778	12222279	100.5	19.5	198.5	41	191.5	295	173	303.5	283	203.5	168.5	278	222	244.5	101.5	219.5	214.5	229.5	137	200	142	187.5	168.5	212.5	181.5	183	192.5	196.5
all_peaks_142002	chr9	20209377	20209878	34	69	47.5	129.5	120	163.5	291	212.5	203	267.5	347	384.5	87.5	107.5	144.5	245	125	105.5	274.5	353.5	66	149	74	103.5	69.5	209	163	189.5
all_peaks_142004	chr9	20242710	20243211	35.5	76	47	68.5	78	55.5	161.5	85	89	31	140	128	51.5	36	133	90	86	50	140	176.5	42	8	53	18	19	12	75	27
all_peaks_142014	chr9	20314902	20315403	111	184	38	161	37	10.5	98	21	16.5	3.5	71.5	35	38	17	102.5	32.5	15	8	95.5	55	13.5	3.5	20.5	15.5	1	6	21	22
all_peaks_14217	chr1	239664983	239665484	162.5	177	29.5	73.5	11.5	4	28.5	3	5.5	2.5	12	2	12	3.5	35	10	1.5	3	9	4.5	30.5	7	54.5	17	5.5	2.5	11	5
all_peaks_142179	chr9	22079723	22080224	19	23	12	13	95.5	100.5	257	116	89.5	124	202	204.5	104	12.5	216	48	86.5	37.5	231	174.5	24	98	228.5	151	67	149	199.5	182
all_peaks_142225	chr9	27365913	27366414	4	14	13.5	22	7.5	54	101.5	157.5	37.5	46.5	88.5	163.5	21	22.5	76.5	90.5	25.5	40.5	96.5	89	19	44.5	62	96	47.5	53.5	134	114.5
all_peaks_142251	chr9	27573550	27574051	356	363	325	354	210.5	143.5	253	179.5	221.5	236	232	241	259.5	240	277	234.5	224	208	262	248	236.5	172	253	183.5	161.5	212.5	212.5	192
all_peaks_142364	chr9	33290290	33290791	571.5	466	490	508.5	384	317	353.5	302.5	351	351.5	337	330	404	340	357	299	372.5	320.5	350.5	322.5	368.5	368	354.5	400	356.5	363.5	387.5	402.5
all_peaks_142369	chr9	33305944	33306445	5	5	3	1	7.5	50	5	106	17.5	110	6.5	23.5	12.5	41.5	3	32.5	9.5	35.5	6	7	26.5	130	42	169	34.5	166.5	53.5	142.5
all_peaks_142379	chr9	33415429	33415930	385	308.5	144	254	269	99	420.5	265	147	66.5	409.5	332	185	125	421.5	345.5	143	82	358.5	336.5	223	99.5	333.5	192	124.5	65	242	150.5
all_peaks_142464	chr9	34376801	34377302	401	398	424.5	425.5	508	541.5	530.5	509.5	476.5	418	540	539	482.5	482.5	493.5	540.5	559	554	576.5	571	607.5	557	560.5	575	634	502.5	580.5	568.5
all_peaks_142534	chr9	35071835	35072336	140.5	149	157.5	124	216	294.5	137	176	221	252	145.5	273.5	164.5	151.5	116.5	156	167.5	173	124	150.5	160.5	236.5	165.5	182.5	214.5	228	213.5	231.5
all_peaks_142540	chr9	35111468	35111969	293	286	289.5	274	302	427	247.5	433	274	316.5	292	280.5	316	366	321.5	390	359	380	304	344	370	409.5	355.5	382	323.5	404	338	360.5
all_peaks_142571	chr9	35603912	35604413	533.5	549.5	518.5	525.5	509	529.5	503	589.5	522	547.5	512	522	517.5	558	531.5	540	514.5	514	499.5	482.5	648	598.5	618	606	625	627	591	545.5
all_peaks_142582	chr9	35657714	35658215	180.5	176	197	198.5	188	305.5	196	243	258	280	201	289	192	199	142.5	306	183	211.5	166	246.5	197	250	189	203.5	163	263	172	218
all_peaks_142595	chr9	35732222	35732723	536.5	508.5	497	490	508.5	563	560.5	557.5	477	495	617	582.5	518	529	558	603.5	538	562	594	589.5	466	445	460	470.5	447	548.5	481	530
all_peaks_1426	chr1	12233647	12234148	297.5	138.5	374	247	97.5	60.5	48.5	61	102	61.5	73	71	94	114.5	41.5	95.5	138.5	121	68.5	113.5	68.5	39	85.5	23.5	122	65	107	49.5
all_peaks_142605	chr9	35811963	35812464	237	213.5	306	253	256	292.5	287	214	347	253.5	348.5	347.5	264	307	250.5	276	334.5	334.5	354	320	246.5	208.5	232	153.5	232.5	197	270.5	163
all_peaks_142641	chr9	36151750	36152251	198	178	228	237.5	160	163.5	196.5	135	153.5	91.5	177	188.5	158.5	219.5	166.5	163	203.5	191.5	198.5	187	118.5	104	147	70	83.5	84	136.5	68.5
all_peaks_142664	chr9	36458263	36458764	85	73.5	169	160.5	73.5	220	78	133.5	139	229	196.5	319.5	88.5	95	79.5	134	106	186.5	178.5	176	55	61	67.5	62.5	136	100.5	153	111.5
all_peaks_142689	chr9	36765868	36766369	219.5	271.5	222	261.5	142	121.5	181.5	242	151	102	218.5	194	146	141	200	208	177	150.5	219	178.5	216	189.5	231	194.5	247.5	127.5	286.5	211.5
all_peaks_142708	chr9	37027551	37028052	71.5	63.5	65.5	65.5	81.5	164	59.5	168	57	104.5	71.5	89	79	111	53	142	84.5	78.5	67.5	77.5	131.5	150.5	194	163.5	127	177	190	207
all_peaks_142743	chr9	37409242	37409743	81.5	6	84	7	64	113.5	5.5	24.5	89	158.5	15.5	25	71	39.5	7	10	55	85.5	9	8.5	143	175	12	59	124.5	183	32	96.5
all_peaks_142750	chr9	37465551	37466052	506	483	456.5	506.5	454	434	500	428.5	428	441.5	546	461	485.5	458.5	546.5	402.5	481.5	450	514	458.5	403.5	407	379.5	427	359	445	406	383.5
all_peaks_142758	chr9	37529078	37529579	167.5	18	89.5	16.5	90.5	78.5	7.5	12	35.5	78	7.5	12	105.5	143.5	10.5	18.5	65	66	4	9	99.5	98	14	15	44	66	13	20.5
all_peaks_142830	chr9	44070492	44070993	16.5	18.5	9	16	136.5	38	17	15	167.5	125.5	37	40	51	17.5	13	22	19	25	19.5	9.5	54	37	85.5	48.5	159	24.5	95.5	42.5
all_peaks_142846	chr9	66458248	66458749	49.5	32	212	88	137	296	70.5	211.5	406.5	435	248	357	126.5	162	56	165	280	340	207.5	278.5	157.5	167	98	103	317.5	405	268.5	235
all_peaks_14285	chr1	241840405	241840906	85	134.5	58.5	121	17	7	133.5	18.5	2	4	92	70.5	13	10.5	128.5	28.5	15	9	118	51	33.5	17.5	143.5	79.5	16.5	11.5	76.5	43
all_peaks_142853	chr9	66494166	66494667	400	382.5	627.5	413	485	664.5	458	421	646.5	641.5	627	665.5	495.5	594.5	383	557	679.5	637.5	495.5	665	543.5	416	371.5	289	622	429	441	320.5
all_peaks_142859	chr9	66970975	66971476	17.5	26	11	16	126	51	39	19	195	160	60.5	54.5	82.5	15.5	18.5	17	29	11	16	10	23.5	20	41.5	42	71.5	19	63.5	43
all_peaks_142870	chr9	68413933	68414434	50.5	27	343.5	37	189	183	79	382.5	446	282.5	213	720.5	165.5	164.5	38	422.5	475.5	378	162	510.5	147.5	74.5	115.5	185.5	397.5	231.5	242	353.5
all_peaks_1429	chr1	12237865	12238366	324.5	193	386	209	143.5	81.5	148	72	110	104.5	107	80	139	104	174	68	124	96.5	118.5	80.5	111	83.5	180.5	75.5	111	130.5	179	123
all_peaks_142943	chr9	71589236	71589737	13.5	2	4.5	2.5	90	272	44.5	231.5	107	169.5	23.5	158.5	55	65	20	69.5	31.5	91.5	8.5	37.5	137.5	326.5	155	301	126	233	236.5	258.5
all_peaks_142957	chr9	71643662	71644163	49.5	77	49	66	69	23	197.5	15	55	13	174.5	67	38.5	48.5	215	99.5	69	48.5	191	167	11	0.5	14.5	7.5	11	6.5	10.5	8
all_peaks_142970	chr9	71795544	71796045	28.5	5	19.5	5	114	134.5	25.5	127	103	70.5	37	102.5	121.5	151	14.5	101.5	119	118.5	28	42.5	115	128.5	52	76.5	115.5	88	61.5	52.5
all_peaks_142987	chr9	72111718	72112219	1	1.5	1	1	11	82	6.5	242.5	0.5	29.5	3	30	7.5	17.5	0	57	4	13.5	0	9	21	72	25	104.5	5.5	14.5	9.5	18.5
all_peaks_143007	chr9	72444326	72444827	2.5	24	3	30.5	36.5	11	133	8.5	19.5	4	125.5	20.5	40	40	138	26	44	13.5	167.5	81	16.5	5	9.5	2	5	3.5	8	6.5
all_peaks_143077	chr9	74398026	74398527	311	398.5	353	336.5	201.5	170.5	155.5	175	221.5	181.5	155.5	157.5	184	185	190	149	234.5	206.5	173	164	201	205	297	225	212.5	207	236	223
all_peaks_143080	chr9	74410278	74410779	155.5	240	88.5	238.5	115	105	147.5	81	63	29	130	90.5	104	94.5	177.5	84	85	45	119	109	78	42	83.5	26.5	51	18.5	76	15.5
all_peaks_143094	chr9	74525981	74526482	493.5	478.5	564.5	537	624	690	585	613	597.5	634	560.5	686	574.5	602	537	569	528.5	642.5	576	568	581	643	588	606	598.5	575.5	591	606
all_peaks_143118	chr9	75058176	75058677	30.5	4	53	14	139	166	101	141	172	151	115	168.5	164.5	156	50	136.5	139.5	171	60	128	95	96.5	96	97.5	108	62.5	72.5	86.5
all_peaks_143169	chr9	75835138	75835639	1	0.5	1	1	3.5	31.5	1	81	11	61	3.5	23.5	2	7	2.5	22	8.5	11.5	0	2	3.5	79.5	4	145	2	107.5	2.5	158.5
all_peaks_143224	chr9	77763438	77763939	18	28	12	9.5	77	116	74.5	151.5	134	162.5	82	129	94.5	139.5	42.5	179	65	107.5	54.5	170	56	99.5	47	40.5	87.5	110.5	58	70
all_peaks_143226	chr9	77767319	77767820	40.5	27	109.5	33	164	220.5	154.5	125	254.5	227.5	251	281.5	174.5	192.5	101	200	281	225	220	235.5	101	46	80	16	118.5	84	96.5	47
all_peaks_143243	chr9	78505267	78505768	114.5	182.5	53	190	53	50.5	115.5	58	43.5	88	128	104.5	36.5	35	150	72.5	51.5	31	157	96.5	63	31.5	108	85	36.5	22	130	89
all_peaks_143252	chr9	78638753	78639254	93	154	27.5	137	44	7	123	42.5	16.5	10.5	98	55.5	22	26.5	144.5	61	25	11	108.5	89.5	30	10	88.5	14.5	13.5	4.5	90.5	20.5
all_peaks_143275	chr9	79056700	79057201	5	0.5	3	3.5	18	82.5	5.5	168	16	133	5	43	23	23	3	51.5	13	28.5	6.5	17	17	129.5	38	124.5	12.5	139	34	132.5
all_peaks_143286	chr9	79186558	79187059	47	81.5	46	68.5	439	349	151.5	234.5	472.5	776.5	202.5	370.5	312	117.5	96	132	178	167	96	119	166	235	233.5	390	212.5	359.5	286	558
all_peaks_143319	chr9	79792160	79792661	268	282.5	269.5	279	327.5	406	327.5	322.5	386	391.5	358	367	321	293.5	270	356.5	304	344	295.5	313	316.5	405	325.5	369.5	404.5	401	324.5	400
all_peaks_143329	chr9	80091006	80091507	48	61	27.5	52.5	90.5	259	99	253.5	128.5	210	151.5	194.5	123.5	144	77	92.5	109	120	100	100.5	182	279.5	150.5	259.5	179	293	237.5	223
all_peaks_143417	chr9	82186429	82186930	755.5	751.5	739.5	738.5	663	646	695.5	624.5	688	645	719.5	664.5	721	696	729	680.5	711	710.5	734.5	748.5	683.5	589.5	633.5	640.5	722	539	627	677
all_peaks_143443	chr9	82497903	82498404	36.5	44.5	69.5	70	96.5	20	124.5	12.5	106	33	165	108	77	87	130	66.5	133	122.5	145.5	157.5	28.5	4.5	16	1	47	7.5	36.5	5
all_peaks_143529	chr9	86910894	86911395	5	8	6	10	10	78.5	18.5	108	8	50	25	90	14	13.5	20	36	17	29	21.5	21.5	24	123.5	24	189	37.5	118.5	54	167.5
all_peaks_143590	chr9	88721737	88722238	4	4	47.5	18	36	112.5	8.5	43	70.5	133	29.5	77.5	47	91	5.5	64.5	57.5	122.5	14	31.5	110.5	143.5	58.5	78.5	99.5	151	60	90
all_peaks_143594	chr9	88897557	88898058	342.5	258.5	351.5	317.5	212.5	184	203.5	115	188	207.5	177.5	161.5	233	198.5	204	120.5	202.5	183.5	206	128	219.5	228	224	202	187	229.5	201	212
all_peaks_143623	chr9	89988864	89989365	2.5	1.5	1	1	13.5	124.5	1	87.5	13.5	62.5	2	6	18.5	10	0	12.5	0	25.5	0	2.5	25.5	196	3	110	7	149.5	1.5	69
all_peaks_143632	chr9	90150699	90151200	4.5	7.5	1	1	9	191.5	3	100.5	18	123.5	1.5	32.5	21.5	68	3.5	16	10	62.5	1.5	22	39	264	32.5	200.5	29.5	166.5	23	154.5
all_peaks_143667	chr9	90937742	90938243	135	149.5	165	191	92	96	188.5	161.5	161	35	248.5	184.5	112.5	145.5	149.5	188.5	144	119	171.5	216.5	65.5	22	158.5	37	36.5	13	114.5	34.5
all_peaks_14369	chr1	244211432	244211933	496	505	471	508.5	474	456.5	513	450	431	489.5	482.5	492	481.5	431	565	470	475	453.5	517.5	449	360	304.5	450	408	397.5	384.5	421	437
all_peaks_14373	chr1	244238051	244238552	149.5	192.5	156	201.5	87.5	15.5	97.5	17.5	55	14	86	49	75.5	72	105.5	37	108	66.5	101.5	66.5	33	7.5	33	14.5	21	12	24	10.5
all_peaks_143734	chr9	92023682	92024183	106.5	65.5	104.5	75	187.5	139.5	146.5	107.5	170	57	141	202.5	170	177.5	136.5	175	139.5	150.5	107	164	93	19.5	51	18	66	20	64.5	16
all_peaks_143735	chr9	92025447	92025948	20	9	13.5	4	39.5	134.5	24	128.5	36	112.5	19	88	55	28	15.5	78.5	27.5	67.5	15	46	34	171.5	13	167	38	141	56	151
all_peaks_143738	chr9	92041422	92041923	18.5	14.5	91	38.5	53	94	27	53.5	158	234.5	70	139.5	51	83	18	75.5	105	206	51.5	65	32	20	45	30.5	62	62	136.5	76.5
all_peaks_143741	chr9	92052124	92052625	130	82	219.5	66	134.5	16.5	69.5	12	47	23	59.5	12	80.5	43	71	18.5	93	56	59	26.5	81	6.5	36	7.5	28.5	9.5	33.5	15.5
all_peaks_143759	chr9	92081666	92082167	21.5	18	27.5	28.5	33.5	55	20	264	48.5	76.5	19.5	135	26.5	14.5	13.5	124	33	30.5	21.5	54	55	124	75	237	41.5	150.5	75	230.5
all_peaks_143774	chr9	92116882	92117383	92	44	355	103	46.5	158	37	36.5	168.5	141	81.5	140.5	66.5	129	23.5	42	190.5	255	87	102.5	64.5	63.5	38	28	142	94	97.5	64
all_peaks_143780	chr9	92137183	92137684	223	277	210.5	306	182	177.5	197	228.5	220	138	233.5	249	176.5	214.5	220.5	197.5	173.5	169	232	252.5	187.5	146	244	172	172	132	274.5	138
all_peaks_143811	chr9	92316248	92316749	41	33.5	23	47.5	72.5	157.5	118	261.5	104	82	86.5	141	102	140.5	96	191.5	116	110	133.5	192.5	37	58.5	66	110	31.5	73	52.5	108.5
all_peaks_143815	chr9	92444851	92445352	91.5	119.5	57	189	165	89	332	159.5	143	36	384	274	117	203	264.5	309.5	155.5	117.5	301.5	378.5	185.5	48	172.5	90	142	27.5	143	41.5
all_peaks_14388	chr1	244482851	244483352	18.5	1	122	20	52.5	100.5	33	141	86	94.5	61	125	71	61	24	71	106	100.5	46	66.5	28.5	119.5	35	143	60	156.5	78.5	168
all_peaks_143895	chr9	93810118	93810619	11	16	14.5	13	25	112.5	35.5	123.5	72	116.5	22	81.5	40.5	49	31.5	42.5	34.5	62.5	17.5	23	63	184	112	158.5	87	135.5	127.5	160
all_peaks_143899	chr9	93833846	93834347	1	0.5	13.5	4.5	83	197.5	6.5	160	106.5	135	28.5	135.5	81.5	89	2	62.5	78	117	8	30	118.5	144.5	63	112.5	150	147.5	113	141
all_peaks_143910	chr9	93893785	93894286	10	3	54.5	16.5	125	248.5	78	222.5	133	159	111	133.5	130.5	216.5	33	152	168.5	178.5	82	111	160	203.5	219.5	166	140.5	189	186	123
all_peaks_143917	chr9	93913179	93913680	80	54	125	117.5	159.5	234	98	219	170.5	153.5	98.5	146	204	255	61	180	199	227	61.5	114	183	191.5	239.5	167	200.5	170	197	115
all_peaks_143922	chr9	93926921	93927422	12	5.5	95.5	39	92	136.5	80.5	185	182.5	189	100	157.5	121	156	62	161.5	177	179	79	120.5	74.5	105.5	125	124.5	115	137	137	116
all_peaks_144086	chr9	95726210	95726711	189	176.5	268.5	204.5	167	80	184.5	69.5	176	65	199.5	211.5	175.5	128.5	213	150	231.5	160	228	209	140	42	137.5	95.5	160	68	132	91
all_peaks_14409	chr1	244763137	244763638	37.5	20	18	3.5	57.5	126.5	17.5	167.5	55	72	14	29.5	89.5	115.5	12.5	68	47	51.5	9	11.5	200	200	131.5	150	133	131	56.5	77.5
all_peaks_144107	chr9	95790596	95791097	216	236	159	233.5	97	47	207.5	150.5	58.5	19	158.5	160	112.5	102	228	152	85.5	55.5	190	160.5	64	21	105.5	37	35	11.5	48	15.5
all_peaks_144119	chr9	95826652	95827153	289	277.5	287.5	296	294	317	406.5	410	346.5	244	438.5	493	350	396	417	418.5	392	380.5	410.5	388.5	269.5	199	312.5	235.5	293	173.5	322.5	240
all_peaks_14412	chr1	244815894	244816395	771	692.5	766.5	723	701.5	699	738	728	690.5	597.5	631.5	660	742.5	778	757	742.5	783.5	777	740	772	713.5	686	676.5	688	560.5	720	713.5	677.5
all_peaks_144126	chr9	95857695	95858196	434.5	393.5	410	342.5	549	486	494.5	453.5	482.5	499	479	499.5	575	518	519	548	514	541	504.5	503	539.5	539	571.5	492	469.5	433	527.5	458
all_peaks_144143	chr9	95906194	95906695	121.5	134	101.5	132.5	88.5	34.5	171.5	38	79.5	16	174	61.5	85	75.5	179.5	70.5	100.5	59.5	173	105	49.5	13	60.5	17	27	4.5	47	16
all_peaks_144149	chr9	95918789	95919290	4	6.5	10.5	3.5	56	179	17.5	122.5	92	158	22	77	74	76.5	13.5	43.5	49.5	129	16	26	140.5	204	67	132	146	192.5	133	135
all_peaks_144232	chr9	96935869	96936370	7	5	8.5	5	37	155	1.5	60	41	136	2	37.5	33	22.5	1.5	11.5	19.5	64.5	4	10.5	46	188.5	7	52	73.5	175.5	40	101.5
all_peaks_144280	chr9	97633344	97633845	242.5	138	219.5	272.5	62.5	53.5	45	28.5	68	44.5	67.5	40.5	112.5	98	107.5	29	97.5	64.5	98	48	17.5	32	26.5	15.5	16	29.5	24	10
all_peaks_144282	chr9	97637889	97638390	3	0.5	2.5	1	14	63.5	0.5	132.5	19.5	78	2	5	22.5	21	3	36.5	4.5	14	1	4.5	37.5	237	22.5	90.5	32.5	177.5	5	34.5
all_peaks_144332	chr9	98256672	98257173	187	192	222.5	247	76.5	33	89	57	118.5	52.5	133.5	93.5	105	95	90	88.5	102	78.5	133	106	130	50.5	140.5	66.5	121	42.5	137	74.5
all_peaks_144343	chr9	98486724	98487225	160	144	196	308	118.5	190	136	302.5	166.5	185.5	177	230	121.5	196	104.5	193.5	154.5	197.5	172.5	168.5	103.5	118.5	242	159.5	137	139	248.5	179.5
all_peaks_1444	chr1	12270510	12271011	103	55	62	35	96.5	25	161.5	16	87.5	20	122	45.5	92.5	78	156	35.5	76.5	35.5	121.5	99.5	76	10.5	50	11	26.5	2.5	25	11.5
all_peaks_144410	chr9	99180556	99181057	237	201	261.5	230.5	488.5	469.5	465	411.5	434	557	443	464	434	447.5	437.5	442	421.5	432	432.5	461	430.5	354	467	418	480.5	405.5	443.5	410
all_peaks_144463	chr9	100159463	100159964	1.5	1.5	6.5	5.5	39	184.5	15.5	139	149	228	46	137.5	61	52.5	2	73	65.5	161	14	35	54	107.5	32.5	113.5	108.5	102.5	129	146.5
all_peaks_144478	chr9	100395558	100396059	483.5	437.5	544.5	498.5	467.5	442	521.5	418.5	554	521.5	539.5	492	501.5	504.5	525	535	551.5	564.5	568.5	529.5	466.5	448.5	423	448	520	498	493	441
all_peaks_144503	chr9	100684214	100684715	297.5	239.5	239.5	280.5	202.5	125.5	174	96	184	132	147.5	128.5	191	164.5	169.5	152	149.5	140	161	157.5	187	151	209	144	176.5	130	143	132
all_peaks_144534	chr9	100864176	100864677	360.5	395.5	310	381	389	299	406	311	332	261	354.5	324.5	343	327	401	331.5	379	275.5	396	371.5	347.5	250	322.5	239	236	208.5	268	197.5
all_peaks_144605	chr9	101866917	101867418	374	332.5	473.5	373.5	514.5	506	527.5	429	482	413	565	501	470.5	493	477	491.5	512.5	488	548.5	550	431	404.5	418	354	404	433.5	407.5	373.5
all_peaks_14462	chr1	246493066	246493567	11.5	2	6	1	25.5	207	13.5	178	55	158.5	14.5	127	35	47.5	6	63.5	29	89.5	10	23	74.5	219	54	214	85	188.5	131	224
all_peaks_144632	chr9	102016016	102016517	19.5	7.5	20.5	15.5	45.5	103	41.5	242	29	180	35.5	119.5	51	43	38.5	107	60	113	49.5	50	62.5	94	117	139	46	142.5	118	157
all_peaks_144658	chr9	102581573	102582074	375	198	513.5	389	217.5	220	165.5	251	237	270.5	197.5	216	159	236.5	154.5	204	236	268.5	203.5	224	257.5	244	311.5	304	232	309	370.5	336.5
all_peaks_144659	chr9	102583829	102584330	242	108.5	262.5	169	151.5	139	78.5	104.5	116	116	90.5	116.5	141	135.5	68.5	134	96	115	50.5	110	110	152	149.5	153	113	137	176	177
all_peaks_144666	chr9	102613669	102614170	39.5	9.5	77.5	28	48	102	64.5	156.5	115.5	60	101.5	176	50.5	75	57.5	148.5	104	98.5	119	157	55	28.5	53	30	70	32	46.5	25.5
all_peaks_144735	chr9	104332331	104332832	112.5	224.5	37.5	283	4	0.5	60.5	0.5	4	0.5	38.5	5	0.5	0	109.5	2	3	2	94	15	2.5	0.5	1.5	0.5	6	1	2	0
all_peaks_144793	chr9	107890033	107890534	180	211.5	137.5	213.5	98.5	52	232	211	65	40.5	167.5	221	99	95.5	213.5	223	46	51	185.5	124	63.5	22.5	102	52	29	8	82.5	38
all_peaks_14482	chr1	246729423	246729924	212.5	266.5	269	245.5	374.5	433	329.5	412.5	321.5	483	339	383.5	296	323.5	276.5	348.5	306.5	395	307.5	358.5	291	358.5	242	346	336	391	345.5	367
all_peaks_144864	chr9	110071523	110072024	29.5	8.5	42	32.5	85	80.5	109	103	93.5	66.5	111.5	166	145.5	122	142	168	147.5	86	127.5	166.5	22.5	5	9.5	28	45	8	20.5	20.5
all_peaks_144897	chr9	111864038	111864539	46	51	37	35.5	113	285.5	59	198	111	220.5	95	270.5	104.5	103.5	77	144.5	112.5	180.5	77.5	113.5	110	189	103	148.5	146.5	162.5	124	134
all_peaks_144905	chr9	111943477	111943978	27.5	29	15	29	15.5	33	110	65.5	23.5	35.5	78	111	10	7.5	110.5	17.5	20.5	21.5	103.5	35.5	49.5	54.5	130.5	123	54	84	156.5	119.5
all_peaks_144970	chr9	112736514	112737015	22.5	24	1	4	84	195.5	66	302.5	60.5	195	39	76	85.5	85	119	133.5	45.5	91.5	61.5	49	155.5	205	144	208	122	159	86.5	165.5
all_peaks_144993	chr9	112910566	112911067	27.5	19.5	50	19	117	214	120	244.5	86	99.5	199	293.5	100.5	81.5	126.5	168.5	94.5	109	176.5	158	99.5	117.5	176.5	102	84	117	170	117.5
all_peaks_144997	chr9	112919137	112919638	54.5	79.5	99	42.5	176.5	240.5	178.5	160	162.5	96.5	198	207.5	203	188	180.5	212.5	186	167.5	167	139	186.5	34	154	33.5	184	21	118	41.5
all_peaks_145005	chr9	113018705	113019206	139.5	108	146.5	89.5	305.5	352	216	255.5	263	354.5	212	229.5	273.5	234	190.5	230.5	227	280	192	210.5	245.5	325	244	261	235.5	304.5	195	221.5
all_peaks_145075	chr9	114791023	114791524	8	0.5	1	3.5	14.5	208	7	217	12.5	234.5	4.5	200	34.5	53	3	121	38	93	14	109.5	38	151	5.5	125	1.5	138.5	38	215.5
all_peaks_145079	chr9	114799909	114800410	121.5	119	89	151	177.5	176.5	195.5	144.5	136	148.5	208.5	198.5	196.5	179	208.5	162	177	159.5	205	225.5	64	93	88	45.5	54	68	101	71.5
all_peaks_145113	chr9	115141961	115142462	159.5	176.5	189	144.5	247	261	207	255	350.5	243.5	179	209.5	228.5	193	187	266.5	199.5	232.5	179	237	209.5	220	173	247	179	262	187	298.5
all_peaks_145186	chr9	116274454	116274955	61.5	45	145.5	96	61	96.5	85.5	86.5	106.5	136.5	168.5	190.5	62	79	59.5	127	112.5	134.5	165	160	27.5	44	44	68.5	43.5	88.5	80.5	76.5
all_peaks_145188	chr9	116279335	116279836	98	74	177	112.5	116	184.5	144	257	150.5	217.5	235.5	309.5	107	158.5	158	246.5	197.5	214.5	204.5	242.5	95.5	113.5	101	87.5	114	125.5	139.5	159.5
all_peaks_145198	chr9	116341177	116341678	93	66.5	120.5	68.5	179.5	273.5	136	224	234	241	180	311	98.5	202.5	104	188.5	188	228	125.5	185.5	109.5	111	148.5	98	138	122	171	153.5
all_peaks_145199	chr9	116344053	116344554	153.5	166	140	131	117	138	281.5	232	122	103	226	216	138.5	177.5	262	195	158.5	116.5	242.5	181	187	104	247.5	200	145	103.5	283.5	139
all_peaks_145207	chr9	116385062	116385563	1.5	0.5	2.5	1	27	81	0	250.5	14.5	34.5	2.5	12.5	10	27	1	60.5	5.5	9	2.5	8.5	41	201	9.5	204	45.5	190.5	11	131
all_peaks_145246	chr9	117111124	117111625	22.5	28.5	29.5	54.5	35.5	125	29	246.5	45	140.5	39.5	108	69	52.5	40	68	45.5	65	51.5	47.5	56.5	280.5	73	269.5	52.5	235	134.5	286.5
all_peaks_145253	chr9	117135186	117135687	279	294	425.5	369	214	172.5	370	268.5	269.5	179	385.5	305	219.5	253.5	331.5	295.5	354	238.5	379	412.5	163.5	94	168	76.5	183	99.5	210	103
all_peaks_145275	chr9	117247214	117247715	11	4.5	46.5	7	53	130.5	67	211	37.5	79.5	46.5	56	63.5	85	24	112.5	59.5	58	28.5	38.5	45.5	86	87	133	50	116.5	51.5	117
all_peaks_145301	chr9	117453184	117453685	85	10	140	20.5	246	314.5	214.5	199	263.5	229	235.5	279.5	222	236	117.5	175.5	254	235.5	208	222	178	201	271	255.5	169.5	174.5	235	193.5
all_peaks_145308	chr9	117481111	117481612	106	26.5	103	33.5	251	173.5	306	185	245.5	167	261.5	214.5	236	180.5	202	199	245.5	180	248	209	151.5	140	257	183.5	129	132	188.5	173
all_peaks_145333	chr9	117661014	117661515	194.5	171	209.5	197	194	87	234	69.5	201.5	80.5	270.5	186	218	248.5	195	205.5	238	199	214	297	106	28.5	134.5	25.5	97.5	21.5	115.5	31.5
all_peaks_145363	chr9	117971744	117972245	1	2	1	1	22	64	3	129.5	11	106	4.5	33.5	12.5	14.5	0	24	4.5	28	1.5	5	40.5	174	20.5	212.5	24.5	150	66.5	183
all_peaks_145407	chr9	120588221	120588722	61	59	64.5	80.5	71	44.5	126.5	26	47.5	27	111	126	85.5	89	146	70	79	42	182.5	144.5	36	6.5	33.5	16	23.5	5	36.5	12
all_peaks_145461	chr9	123605055	123605556	451.5	355.5	460	374.5	321.5	378.5	371.5	472.5	329.5	337	334	413	337.5	362.5	341	352	329.5	347.5	331	331.5	418	406	460.5	475.5	470.5	400	443.5	445.5
all_peaks_145463	chr9	123608721	123609222	165	227	75	199	169.5	178	180	147	85	125.5	137	108.5	137	94	199	61.5	77	67.5	189.5	96	127.5	189	145.5	118	87.5	137	106	137
all_peaks_145467	chr9	123630823	123631324	309	291.5	230	279	301	334	300.5	232	224.5	257.5	307.5	326	387.5	327.5	335.5	304.5	389.5	336.5	401	302.5	346.5	302.5	268	246	329.5	283.5	294	243.5
all_peaks_145471	chr9	123638472	123638973	90	69.5	88.5	75	195.5	235	165.5	243	250.5	264.5	199.5	259.5	174	145	118.5	219	155	211.5	135	170.5	163.5	164.5	176	190	199.5	176	166	179
all_peaks_145478	chr9	123659385	123659886	63.5	52	40	48.5	60.5	80	109.5	334	64.5	84.5	118	203.5	46	68.5	84	131	58.5	66	97	99.5	60	93	155	160	42	77	161	109.5
all_peaks_145481	chr9	123666234	123666735	192	252	82	198	77.5	19	80	22	51	7	69	30	55.5	38.5	78.5	23.5	46	20.5	83.5	50.5	41.5	9	68	15.5	21.5	2.5	37	10.5
all_peaks_145508	chr9	123883795	123884296	330.5	361.5	294	370.5	283.5	271.5	295	215.5	231	185	247.5	246	259.5	270	290	246.5	265	231.5	283.5	252	292	245	249	215	239	200.5	233.5	172.5
all_peaks_145511	chr9	123895343	123895844	152.5	188.5	99	118.5	201.5	96	182	49	74	23.5	166.5	120	194.5	151.5	177.5	135	153.5	104	171	113	194.5	24.5	112	22	108.5	15	53.5	14.5
all_peaks_145534	chr9	124115894	124116395	84	11.5	211.5	39.5	90	72	88.5	118	175	200.5	158.5	207.5	131	126	72	143	234.5	233	154.5	187.5	66	33	54	73	113.5	97.5	107	84.5
all_peaks_145659	chr9	126030793	126031294	398.5	373.5	291	337.5	413	259	351	228.5	292	258	320	157	321.5	332	389.5	333	287	300	336.5	334.5	364.5	289	353	293.5	303	239.5	298.5	228
all_peaks_145666	chr9	126101515	126102016	39.5	50.5	46.5	56	53.5	132	60.5	219.5	99	176	71.5	134	43.5	88.5	48	172	50	78	45.5	82.5	55	144.5	143	195	68.5	159.5	120	187
all_peaks_145708	chr9	126964684	126965185	34	9.5	51	15	204	290	186	338.5	222.5	229.5	206	258	176	222.5	102.5	288.5	180	148.5	145.5	256.5	151	278.5	176.5	171.5	138.5	238.5	180.5	182
all_peaks_145718	chr9	127016425	127016926	1	1.5	6.5	1	8	108	6	80.5	55	159.5	14	91	24.5	17.5	2	19.5	28.5	67	4.5	18	20.5	97	4.5	45.5	37	135.5	43	111.5
all_peaks_145791	chr9	127888299	127888800	183.5	173	191	231	149	103.5	246.5	86.5	106	110	226	159.5	169.5	192.5	251.5	166.5	211	148	263	214	89.5	60	98	57.5	68.5	51	58	45
all_peaks_145800	chr9	127957279	127957780	148	125	74.5	154.5	21.5	7.5	59.5	4.5	21	5	48	7.5	28	9.5	99.5	10.5	19	8	59.5	26	10	4	14.5	4	5.5	3	14.5	3.5
all_peaks_145827	chr9	128283935	128284436	104.5	122	35	107	96.5	74.5	96	193.5	52.5	113.5	50.5	58.5	70	61	99.5	57.5	46.5	47	61	51	52	228.5	94.5	180	36	142	91.5	161
all_peaks_145866	chr9	129159328	129159829	63.5	56.5	275.5	339.5	62.5	159	137.5	126	213	221.5	243.5	248	74.5	91	123.5	101.5	261.5	283.5	278	156	188.5	107	231	134.5	214	113.5	300.5	201
all_peaks_145875	chr9	129233286	129233787	90.5	42	158.5	85	110	92.5	165	72	150	102.5	184	168	110.5	119.5	154.5	126.5	154	148	155	171	66.5	31.5	101	44.5	92	40	99.5	51
all_peaks_14590	chr1	249132085	249132586	233	231	210	213.5	297	414	271	327.5	308	333.5	235	330	262	254	223	271	264.5	290	230	252.5	277.5	300.5	305	342.5	332	312.5	313.5	317
all_peaks_145942	chr9	129748062	129748563	202.5	181	237.5	203.5	154.5	150.5	231	126.5	173.5	94.5	211	181.5	186.5	201.5	227	198	212.5	197.5	234.5	226.5	105	46.5	135.5	40	70	34	80.5	38.5
all_peaks_145978	chr9	130158986	130159487	192	34.5	374.5	83	538	714.5	269	553	524.5	460	376.5	565.5	609	699	235.5	636.5	627	740.5	409.5	468.5	715.5	652	459	534	706.5	520.5	586	535
all_peaks_145986	chr9	130188979	130189480	7	2	18	2.5	33	106.5	10.5	132.5	51	161	8	51.5	49.5	75.5	7.5	85.5	37	58	6.5	27	21	167	54	162.5	11.5	134.5	24	99
all_peaks_146002	chr9	130318254	130318755	33	11.5	46.5	25	142	69	163	100.5	219	143.5	192	145	134	226	84	282	199	203.5	157	298	36.5	48	57	26	98.5	67.5	135	84.5
all_peaks_146009	chr9	130341235	130341736	34	12.5	58.5	23	144.5	80.5	132.5	128	203.5	117.5	192	161	157	164.5	92	122.5	206.5	187.5	140.5	184	100.5	74.5	89	89.5	125.5	176.5	101.5	119
all_peaks_146033	chr9	130497399	130497900	257	220	249.5	206	182	224.5	190	197.5	201.5	185.5	188	203.5	237.5	253	202.5	200	238.5	272	229.5	212	358	307	306	312.5	378	302.5	322	347.5
all_peaks_146042	chr9	130533533	130534034	318.5	226	234.5	221	400	383	383.5	400	341	265	340.5	302	486.5	500.5	432	417.5	454	403	420.5	415	465	418	339.5	404.5	440	365.5	349.5	290
all_peaks_146046	chr9	130545297	130545798	133.5	96.5	317	128.5	171.5	156	181	199	342.5	238	293.5	317.5	166	230.5	161.5	180	317.5	348.5	245.5	298.5	75	62.5	77	46	138.5	109.5	111.5	122.5
all_peaks_146079	chr9	130673417	130673918	20.5	7.5	8	4.5	74	136.5	18	170.5	80.5	70.5	23.5	74	102	76	12.5	65.5	46	90	18.5	30	189	193.5	102	151.5	175.5	198.5	139	151
all_peaks_146109	chr9	130770020	130770521	189.5	199.5	134.5	227	75	33.5	160	22	46.5	12.5	151	74.5	77	51	184.5	65	84	39.5	177.5	117	80	20	46	24.5	17	10.5	51.5	13
all_peaks_146112	chr9	130788542	130789043	307	326	228	294.5	207	137.5	290.5	154.5	181	110.5	316	149.5	234.5	214	320	143	269	187	318	242.5	184.5	75.5	199.5	53	192	58.5	144	41.5
all_peaks_146114	chr9	130793146	130793647	181	161	154.5	143.5	213	192.5	211.5	231.5	180.5	201	214.5	182.5	234.5	190.5	235.5	195.5	233.5	199	246	203	173	127	178.5	154	99.5	102	103	78
all_peaks_146124	chr9	130830074	130830575	452.5	454	415.5	481.5	488.5	469	468.5	435.5	524	482	461	473.5	514	511	494.5	441.5	510	527.5	498	484.5	570.5	621.5	516.5	566	528.5	536	567.5	568
all_peaks_146134	chr9	130856547	130857048	49	43	13	37.5	70	100	49	167.5	33	102.5	33.5	38	81	82.5	48	112.5	19.5	36	30.5	30	157	256.5	131	259.5	71.5	200.5	83.5	168
all_peaks_146166	chr9	130980878	130981379	125	118	95	115	107.5	115.5	74	185	108.5	74.5	86	83	122.5	146	106	161	87.5	130	108	116.5	157	200	171.5	248.5	185.5	177.5	174	202.5
all_peaks_146217	chr9	131451190	131451691	229	255.5	252	260	390.5	405.5	373	368.5	400	380	347	383	367.5	343	318	351	341.5	383.5	340	390	420.5	425	345.5	356	396.5	433	376.5	413
all_peaks_146226	chr9	131486257	131486758	363	356	366.5	351.5	421.5	510.5	421.5	474.5	489	425.5	413	461.5	519	507	461.5	470	509	508	465.5	451.5	511	526	505.5	442	478.5	477.5	518	534.5
all_peaks_146255	chr9	131664535	131665036	289	318	207	264.5	254	181	275.5	185	168	99.5	261	231	235.5	253.5	278	190.5	244	223	254.5	251	173.5	71.5	162.5	67.5	169.5	53.5	153.5	61.5
all_peaks_146320	chr9	131998153	131998654	140.5	140.5	82	158	124	45.5	144.5	38.5	61.5	15	135	58	121.5	107	184.5	69.5	85	36.5	149	99	69.5	21	82.5	34.5	53.5	13.5	70.5	23.5
all_peaks_146352	chr9	132250744	132251245	167.5	89.5	240.5	110	139.5	109	95.5	199	85	146	123	90	126	162.5	61.5	154.5	101	155	64.5	92.5	132	199	193	249.5	135	193.5	189	232
all_peaks_14636	chr10	496837	497338	186	182.5	156.5	220	65	40.5	178.5	28.5	71	62.5	152	80	78	89	173.5	69.5	70	54.5	152	87	59.5	21.5	89	24	44.5	25.5	72.5	32.5
all_peaks_146384	chr9	132404332	132404833	97	89	101	95.5	203.5	261	129	239.5	195.5	248	125	237	157.5	157	100.5	223	144.5	195.5	114	163	173	268	153.5	227.5	182.5	304	205.5	319.5
all_peaks_146414	chr9	132625303	132625804	83.5	46	117	68.5	112	221.5	152.5	190	137	180.5	221.5	259	128.5	135	153	195	170.5	194.5	164.5	214	94.5	104	107	76	112.5	82	144.5	117.5
all_peaks_146416	chr9	132631300	132631801	421.5	326.5	503	467.5	291	171	388	195	258	119.5	377.5	225	360	303.5	361.5	210.5	335.5	262	360	277.5	224.5	144	284.5	124.5	225.5	90.5	294	146.5
all_peaks_146423	chr9	132650670	132651171	466.5	311.5	505.5	451.5	390.5	396.5	450	492	387.5	446.5	417	491.5	351	386.5	394	421	390	404.5	426	399.5	256	335	429.5	345.5	243	272.5	348	268
all_peaks_146457	chr9	132778933	132779434	5.5	3	28.5	4	9	81	2.5	129.5	17.5	100.5	4.5	26.5	21	49.5	2.5	39	21	38.5	1	9.5	27.5	122	28.5	139.5	43.5	110.5	34.5	137
all_peaks_146463	chr9	132791435	132791936	26	15	24	20	32.5	102	15	144	38.5	76	12.5	114.5	33	21.5	15	50	23.5	54.5	16	20.5	55	130	49.5	179.5	74.5	127	74	172.5
all_peaks_146485	chr9	132890449	132890950	166.5	148	198.5	211	201.5	221.5	243.5	179	220.5	162	247.5	243	203.5	232.5	250.5	195.5	213.5	204	253	223.5	85.5	91.5	106	79.5	81	77	113	91
all_peaks_146561	chr9	134127893	134128394	229	143.5	304	223	203.5	263.5	299.5	232	343.5	204	283.5	275	228.5	268.5	278	282	230	252	267.5	312	170.5	122	210.5	143.5	154.5	136	192.5	125.5
all_peaks_146562	chr9	134131552	134132053	176.5	185	192	206	133	82.5	182.5	83.5	129.5	84.5	208.5	143	143.5	154.5	203	144.5	145.5	127.5	180	179	129.5	53	167	58.5	86.5	53.5	137	84
all_peaks_146582	chr9	134273601	134274102	140	91	157.5	133.5	135.5	56	175	32.5	208	106.5	207.5	117	102	104.5	167	95.5	186.5	142.5	183	200	90.5	22.5	70.5	26.5	123	30.5	102	24
all_peaks_146626	chr9	134503225	134503726	119.5	40	310.5	59	52	69	40	76.5	117.5	102.5	20	33	72.5	114	33.5	89	162.5	110	26	48	112.5	94	74.5	72.5	143	123	45.5	23
all_peaks_146636	chr9	134543987	134544488	163.5	63.5	203	73.5	132	196	116	241.5	127.5	152	111.5	184.5	141	117.5	85.5	136	108.5	97.5	63.5	88.5	138	139.5	184	171	176.5	176.5	139	164
all_peaks_146641	chr9	134553833	134554334	77	13.5	145	29.5	131	210	72	232	165.5	137	85.5	141	196	182.5	49	151.5	220	197.5	64	119	151	152	113.5	168	180.5	138.5	148	144
all_peaks_146649	chr9	134585344	134585845	115	21	83	13.5	28.5	57	12	42	18	84.5	8.5	15.5	60	52.5	17.5	26	43	48.5	14.5	15	156	186.5	49.5	94	85	164.5	18.5	47.5
all_peaks_1467	chr1	12495672	12496173	14.5	14	41	23.5	60.5	246.5	95	150.5	134	188.5	134.5	212.5	74	118	49	145	96.5	136	92	153.5	94.5	117	109	142.5	127.5	148	174	140.5
all_peaks_146702	chr9	135116481	135116982	431	453	376.5	419	363	287	407	350	346	248	370	303	449	425.5	435.5	411.5	436	414	426.5	421	465	367	491.5	441	421	349	461	381
all_peaks_146714	chr9	135230326	135230827	299	243	306	270.5	378	354	308	395	388.5	379.5	308	341	353	392	297.5	425	380	415	347	393.5	301	326	317.5	324.5	294	270.5	292.5	272.5
all_peaks_146790	chr9	135991005	135991506	30	7	20.5	11.5	156.5	230.5	30.5	105.5	107	137	23.5	60	154	136	12.5	80.5	89.5	146.5	14.5	27.5	190	231.5	72	104	118	158.5	81	96.5
all_peaks_146798	chr9	136009035	136009536	289	212.5	260	196	219.5	218	207.5	277	208.5	179	228	210	237.5	235.5	251	226	239	242.5	258	195	360	319	310	341	312	284.5	290	322
all_peaks_146799	chr9	136010505	136011006	27.5	11.5	40	14.5	79.5	138.5	12.5	69	90.5	194.5	22.5	66.5	73.5	69	13.5	42	81.5	152	13	35	106	173.5	22	84.5	211	247.5	83.5	183
all_peaks_146802	chr9	136024710	136025211	114.5	88	124	96	157.5	248.5	124.5	193	135.5	296.5	129.5	137	154	159.5	117.5	148	134.5	209	122.5	126	201.5	233.5	148	173	173.5	278.5	156	230.5
all_peaks_146885	chr9	136542141	136542642	204	266.5	112	203.5	103	41	235	46.5	100.5	40.5	185.5	85.5	84.5	97	223.5	71	95.5	44	188	104.5	63	37.5	186.5	73.5	37.5	22	161	51
all_peaks_147068	chr9	138799385	138799886	150.5	151	133	137	268	166.5	165	168	225	233	141	135.5	247.5	176	193	215.5	183.5	209	178.5	183.5	270	244	226.5	244	289	231	207.5	218.5
all_peaks_147071	chr9	138818639	138819140	6.5	6	5	11	66.5	271.5	15	316.5	63	235.5	14.5	100.5	70.5	103	8.5	121.5	61.5	109	18.5	29	50.5	298.5	46	275.5	98	295	75.5	274.5
all_peaks_147080	chr9	138870831	138871332	98	99	71.5	130.5	75	15	196	12.5	81	11.5	276.5	111	62	50	185	31.5	100	43.5	253.5	161	22.5	5	44	11	17.5	8	58	9.5
all_peaks_147106	chr9	139001320	139001821	271.5	247	247.5	226.5	397	377	396	371	245	253.5	352.5	279	345.5	349.5	314.5	287	304.5	278	310.5	291	352	350	300	355.5	336	306.5	331.5	396
all_peaks_147162	chr9	139257514	139258015	157	162	138.5	141	211	218.5	224	234.5	235.5	195	179.5	188.5	255	251	222.5	276.5	222.5	238	197.5	239.5	294.5	287	213.5	294.5	266	288	260	336.5
all_peaks_147179	chr9	139297934	139298435	155	49	143	107.5	195.5	177.5	212.5	223.5	213	125.5	244.5	201	191	229	177.5	190.5	253.5	241	237.5	306	134	129.5	137.5	134.5	154	145	183.5	147
all_peaks_1472	chr1	12509459	12509960	91.5	146.5	68.5	180	130	233.5	194	259	137	267.5	226.5	251	86.5	116.5	182	173.5	134	130.5	213.5	212.5	177	234.5	263	303	192.5	230.5	260.5	212.5
all_peaks_147219	chr9	139434026	139434527	98	126	72.5	86	132	173.5	141.5	256	123.5	137.5	141.5	141.5	152	145.5	142	158	114.5	167	121	146.5	148	285	208.5	249	158.5	241.5	206	247
all_peaks_147286	chr9	139595676	139596177	29	32.5	74.5	68.5	23.5	101	40.5	136	55.5	107.5	52	68	29.5	41.5	24.5	76	45.5	67	37.5	30.5	104	134	179	189.5	112	135	186.5	123.5
all_peaks_147315	chr9	139685452	139685953	370.5	380.5	342	341	444.5	443	394	500	434.5	432.5	435.5	417.5	541.5	531	510	535.5	487	525.5	487	521.5	521	565.5	528.5	586	542	611	552	586
all_peaks_147338	chr9	139776884	139777385	95.5	73	144	73.5	99	189	107	278	78.5	177.5	94.5	98.5	101.5	89.5	102	168	112	124	113.5	98.5	112.5	170	153	258	91.5	189.5	116	223.5
all_peaks_147340	chr9	139780577	139781078	371.5	420	369	398	417.5	474.5	429.5	433	354.5	417	412	356	330.5	360.5	353	390	381	371	366.5	372	435.5	481	454.5	433.5	501.5	452	450	405.5
all_peaks_147415	chr9	139981088	139981589	692	539.5	627.5	499.5	669.5	708.5	582.5	683.5	657	713.5	561.5	621	593	610.5	628	631	614.5	696	585	609	744.5	789	747	732	738	755.5	689	735.5
all_peaks_147484	chr9	140135270	140135771	682	626.5	663	636.5	784.5	757	685.5	819	798	757	729.5	725	721	709.5	683	770.5	703	768	703	707.5	700	736.5	683	733.5	713	773	624	716.5
all_peaks_147547	chr9	140356235	140356736	191	200	307.5	373.5	165	136.5	157	136	282	196	317	228	124	204	117	105.5	350.5	340	298.5	319	205	113	157	136.5	279	218.5	324.5	268
all_peaks_14791	chr10	3782454	3782955	12	5	13.5	1	46.5	125.5	13.5	163.5	51	148.5	6	27.5	73	37	7	35.5	43	66.5	9.5	14	36.5	206.5	9	76	65	234.5	5.5	107.5
all_peaks_14800	chr10	3827352	3827853	328	318.5	314	279	454.5	337	314.5	334.5	443.5	360.5	336	286	446.5	366	349	374	392	401	340.5	381.5	333	294	350.5	298	334.5	311.5	351	329
all_peaks_14807	chr10	3852124	3852625	67.5	26	81	17.5	94	134.5	67.5	228.5	146.5	195.5	66	112.5	93.5	117	38.5	165	64.5	91	59	123	127	267.5	141	292	126.5	275.5	140	248.5
all_peaks_14816	chr10	3894495	3894996	57.5	5	78	3.5	76	263.5	42.5	288	93	258	22.5	125	116.5	97.5	28	166.5	81	105	19	60.5	151	397	140	416	125.5	348.5	101	257.5
all_peaks_14840	chr10	4003234	4003735	67	38	169.5	68	17.5	4.5	136	18	140	14.5	258	103	66	21	111	33	209	95.5	209.5	181	6.5	3.5	33.5	11.5	50.5	11	103	26.5
all_peaks_148534	chrX	39719539	39720040	27	6	49	12	87.5	117	37	145	92.5	134	50.5	179	75	90	23.5	157.5	62.5	116	35.5	77.5	119.5	139.5	164	128.5	90.5	130.5	174	146.5
all_peaks_148538	chrX	39733619	39734120	6	8	15	8	35	114	30	185	68	115	39	129	53	51	15	80.5	62	91.5	43	48.5	110.5	150.5	149.5	169.5	103.5	90.5	116	134
all_peaks_148828	chrX	45569442	45569943	8.5	4	8	2.5	23	182.5	11	181	44.5	134.5	16.5	144.5	41	36.5	7	58.5	42	84	13	35.5	41.5	136.5	38.5	119	60.5	149.5	88.5	161
all_peaks_14894	chr10	4868121	4868622	151.5	214.5	37	70	101	142	132	111.5	33	53	64	61	99.5	142.5	152.5	120.5	36.5	55	56	51	132	121	132	132	65	32	60	66.5
all_peaks_149022	chrX	48428333	48428834	1	2.5	3	1	30	123.5	7.5	110.5	45	72	15	77	28.5	38.5	2	27	21	65.5	2	17	61	145	75	101	87.5	102	99.5	126
all_peaks_149116	chrX	49125487	49125988	351.5	395.5	289.5	371.5	314	316	388.5	361	348	279	412.5	397	401	403	420	382	393.5	348	402	410.5	324.5	279.5	351	299	279.5	247	264	288
all_peaks_149118	chrX	49129811	49130312	82.5	66	75.5	79.5	117	92	168	26.5	94.5	59.5	172	112	119	131	154	82	135.5	105.5	159	147	70	42	23	11.5	90	46.5	67	25.5
all_peaks_149179	chrX	53111113	53111614	296	323.5	284.5	278.5	172	176	237.5	155	154.5	129.5	199	177	205	218.5	244.5	177	176.5	163.5	216.5	198	215.5	214	220.5	192	192.5	187.5	204.5	192.5
all_peaks_149233	chrX	54070848	54071349	348.5	392	300.5	378	273.5	212.5	327	201	238.5	184	291.5	224	308	265	358.5	255	262	214.5	330	286.5	264.5	247.5	256	182	237	193.5	193	145.5
all_peaks_149594	chrX	70826652	70827153	19.5	22	89.5	97	41	13	65	14	38.5	5	172	67.5	23.5	25	48.5	25	98	44.5	169	84	17	0.5	13	4	12.5	2.5	36	6.5
all_peaks_14960	chr10	5817580	5818081	163	205	55	142.5	82	36.5	71.5	29.5	36.5	15	57	24	45.5	77.5	89.5	57.5	28	21	68.5	45.5	80.5	40	141.5	50.5	28	18.5	67	24
all_peaks_149611	chrX	71212450	71212951	51	25	255.5	96	36.5	5	52.5	0.5	89.5	21	119	32.5	69	34	41.5	10	180	82	96	66	11	3.5	7.5	0.5	11	11	16	1.5
all_peaks_149649	chrX	71841326	71841827	1.5	0.5	3	1	37	123.5	6.5	111	65	141.5	5.5	108.5	36	38	2	51.5	37	66	2.5	15	82	174	62.5	180.5	87.5	134.5	104.5	130.5
all_peaks_14976	chr10	5931830	5932331	379	315	375.5	350	515.5	433.5	375.5	522	434	475.5	373.5	476	404.5	396	404	489.5	396.5	488.5	400	454.5	305	452.5	335	411	392	462	373	564
all_peaks_15007	chr10	6104086	6104587	134	100	74.5	92	141	239	98	185.5	134	278.5	91.5	164	126	137.5	110	156.5	93	149.5	96	121	143	213	193.5	155	170.5	187.5	213.5	156.5
all_peaks_150087	chrX	106985137	106985638	176.5	192	144.5	157.5	83	24.5	108.5	14.5	50.5	7	98	20.5	91	92.5	169	57.5	102.5	39.5	106.5	77.5	97.5	12	60	16	67	11.5	50.5	13
all_peaks_150108	chrX	108297486	108297987	270.5	546	353.5	485.5	1171	1309.5	902	1261	1122	1171	1065	1171	1193	881.5	566.5	874.5	1065	1309.5	698.5	820	1286.5	1486	1286.5	1358	1238	1422	1261	1358
all_peaks_15013	chr10	6114407	6114908	41.5	24.5	10.5	6	95	200.5	63.5	112.5	141.5	187	37.5	104	83.5	107	38	126.5	60.5	109	34	73.5	239	195	160.5	103	174.5	136.5	144.5	85
all_peaks_15015	chr10	6125689	6126190	56	59.5	31.5	46	66.5	237.5	48.5	193	114.5	228.5	68.5	250.5	85	110	50.5	123	69.5	167.5	70	85.5	98.5	177.5	104	196	126.5	173	136.5	174
all_peaks_150278	chrX	118781870	118782371	41	7	56	10	81	285	29	273.5	131.5	299	43	315	117	104.5	18	163.5	155	233	57	80.5	164	327	123	308	177.5	247	212.5	266.5
all_peaks_15028	chr10	6178172	6178673	15.5	2	10	2.5	18	84	11	137.5	28	94	12.5	80	33.5	16	6	43	14.5	48.5	8.5	16	28.5	131.5	69	144.5	57	129.5	61.5	140.5
all_peaks_150352	chrX	119830891	119831392	61	102	18	109.5	22.5	97.5	103.5	115	78.5	77	99.5	166.5	36.5	47	148	120.5	59.5	67.5	188.5	125	51.5	21	98	47	57	28	73	43
all_peaks_15036	chr10	6205526	6206027	338.5	353.5	319.5	360.5	439	327	361.5	287.5	316.5	209.5	379	317.5	342	367	367	389	303	307.5	362	396.5	333	285	335.5	266	286	225	340	242
all_peaks_150536	chrX	129226128	129226629	211.5	205	242.5	236	224	272	290.5	263	207.5	102.5	337	282	208	223	323.5	211	265	191.5	286.5	287.5	193	140	232.5	156	137	127	188.5	165.5
all_peaks_15056	chr10	6312220	6312721	148.5	46.5	264.5	71	111.5	182.5	110.5	255	173.5	180.5	149	202.5	125.5	168.5	91.5	140	201.5	177	114.5	139	91	123.5	182	155	152	180	163.5	174
all_peaks_15058	chr10	6317121	6317622	124	64	254.5	58	63.5	63	61.5	195	89.5	130.5	80.5	79.5	94.5	112.5	70	123.5	117.5	124	64	58.5	65	164	108.5	193.5	79	211	110.5	157.5
all_peaks_15067	chr10	6389905	6390406	178	205.5	190	289	132	165.5	252.5	186	220.5	217.5	306.5	314.5	141.5	181.5	232.5	167	243.5	223	309.5	239.5	154.5	138.5	191	154.5	210.5	169.5	229.5	173
all_peaks_150776	chrX	135701994	135702495	60	25.5	11.5	9.5	54.5	79	37	168	37.5	51.5	28.5	50.5	58.5	67.5	29	80	36.5	49.5	15.5	47	55	164	97	199	50.5	120	47	111.5
all_peaks_15083	chr10	6534106	6534607	72	9.5	223.5	31	5.5	1.5	10.5	10	100.5	11.5	21	19	33	4	13	8.5	113	46	16	18	8	4.5	38.5	23.5	31.5	53	42	18
all_peaks_15089	chr10	6549250	6549751	19	0.5	22	2.5	32	99.5	17	178.5	84.5	90.5	28.5	98	40.5	85.5	9.5	81.5	66	104	12	43	106	126	107	146.5	111	118	109	108.5
all_peaks_15095	chr10	6572098	6572599	182.5	160.5	163	155.5	148.5	107.5	149.5	82	168	68.5	169.5	117.5	178.5	195	165.5	129.5	203	142	187	134	154	76	116.5	54.5	105	50	123	47.5
all_peaks_15096	chr10	6584869	6585370	149	170.5	106.5	172.5	110.5	58.5	168.5	71	96	27.5	159.5	159	116	95.5	197.5	155.5	97.5	89.5	203	154.5	108.5	39	145.5	44.5	91.5	30.5	90.5	43.5
all_peaks_15102	chr10	6625373	6625874	113.5	151	87.5	123.5	139.5	49.5	187	77.5	182.5	95	146	121	134	160.5	152	157.5	126	107.5	116.5	199.5	66	30.5	114	46.5	57	41	93.5	47
all_peaks_1511	chr1	14057352	14057853	247.5	331.5	208.5	324	162.5	134	208	157.5	112.5	77	197	200	163.5	158.5	239.5	159	154	137.5	261	154	197	130	206.5	154.5	161	116	196	137
all_peaks_151182	chrX	153597110	153597611	160.5	54	254.5	93.5	245	233.5	147.5	204	283.5	212.5	206	214	237	227	136	217.5	303.5	294.5	219.5	191	174.5	215.5	117.5	158	197.5	211.5	126.5	232
all_peaks_151320	chrY	7108153	7108654	215	78	193.5	121.5	125.5	42	117.5	21.5	108	48	121	82.5	167	130.5	172.5	81	148.5	115.5	172.5	146.5	109.5	26.5	59	8.5	108	21.5	69	11.5
all_peaks_151378	chrY	10037600	10038101	38	69	41	64.5	251.5	239.5	126	148.5	310.5	526	150.5	219.5	203.5	103.5	68	84	114	135	92	82	129.5	212	173.5	314	175	294	189	421
all_peaks_15156	chr10	7234977	7235478	87.5	118.5	60	162	65.5	18	149.5	21	124	28.5	195.5	96.5	83	32.5	153	55.5	129	55	203	167.5	20	8	56	9.5	21.5	12	51	13
all_peaks_15190	chr10	7526362	7526863	102.5	181	162.5	191	140.5	59.5	179	87	179.5	96.5	208	123	155	185	165.5	139.5	212	200	217.5	215.5	143.5	48	103.5	48.5	145	63.5	127.5	55.5
all_peaks_15231	chr10	8130425	8130926	52.5	35.5	56.5	35.5	125.5	110	165	68.5	163.5	68.5	145.5	150.5	102.5	146	145	128.5	168.5	149.5	170.5	163.5	68	21.5	49.5	19	21.5	16.5	34	21
all_peaks_15237	chr10	8173144	8173645	3.5	0.5	2.5	1	44.5	167	14	88.5	89	186.5	19	137.5	67.5	55	11.5	71	46	84.5	18	37.5	84	136	45	60.5	58.5	123.5	41.5	69
all_peaks_15249	chr10	8296253	8296754	1.5	2	1	1	16	88.5	10.5	104.5	10	103.5	4.5	25.5	20.5	23.5	4	17	9.5	37.5	3	6	51.5	178.5	16	131	43	158.5	33.5	106.5
all_peaks_15257	chr10	8374183	8374684	454	385	428	388	399.5	418.5	279	182.5	411.5	391.5	284	264.5	370.5	391	310.5	289	362.5	358	272.5	275.5	428.5	341	238.5	159	348.5	362.5	218.5	155.5
all_peaks_15258	chr10	8380310	8380811	1	3.5	1	2	8	147.5	1	58.5	15	97	2.5	16.5	27.5	28.5	0	8.5	13.5	42	1	3.5	42	207	3.5	83	63	176.5	13.5	52
all_peaks_15278	chr10	8458274	8458775	85	3	227	30.5	12	34.5	7	7	26.5	64	22	22	18.5	48.5	23	15	84.5	85	48	24	29	22.5	18.5	11	79.5	112	16	36
all_peaks_15368	chr10	11205073	11205574	219	237	314	301	193.5	180	264	147	162.5	111	312	222.5	223.5	212.5	281.5	183	286	240.5	288.5	233.5	156.5	54.5	100.5	53	140.5	73.5	126	109
all_peaks_15372	chr10	11218655	11219156	44.5	41	79	66.5	125	139.5	106.5	142	187.5	101.5	143.5	148	126	191.5	81.5	172.5	147	175.5	102.5	212	92.5	46.5	76.5	33.5	101.5	67	96.5	65
all_peaks_15373	chr10	11220527	11221028	231.5	109.5	316.5	184	214	288	201	199.5	265	242.5	265.5	343	221	289	147.5	203.5	265.5	269	228.5	250	176.5	174	168.5	138	233	208	195.5	174
all_peaks_15391	chr10	11274115	11274616	1.5	4.5	5	3.5	10	77	6.5	43	19	80.5	8	16.5	13	12	3.5	14.5	11.5	19.5	1.5	4	37	200.5	20	110	42.5	159	18.5	101
all_peaks_15422	chr10	11445029	11445530	202.5	207.5	153.5	221	102.5	71	177.5	127.5	92	34.5	174	118	137.5	147.5	187.5	103.5	159	89.5	165	148	77	30.5	87	24	72	21.5	99.5	45
all_peaks_15482	chr10	12164594	12165095	31.5	5.5	20	2.5	90.5	411	52	469	135.5	310	59	337	124	143.5	35	283.5	114	235	97.5	162	196	483	291	491	213.5	424.5	305.5	374
all_peaks_15488	chr10	12223317	12223818	76	59	139	101	128	153	115.5	136.5	181	142	158	180.5	171	176	122.5	156.5	265	185	178.5	193.5	125.5	90	93.5	78.5	158	111.5	113.5	101.5
all_peaks_15498	chr10	12306362	12306863	40.5	37	28.5	28	64.5	58	41	232.5	33.5	97.5	28	50	54.5	76.5	38.5	193	32	43	31.5	57	73.5	143	71.5	173	35.5	121.5	31	74.5
all_peaks_15519	chr10	12490685	12491186	301.5	117.5	285	136.5	171	146.5	95.5	172.5	138.5	140	77.5	133.5	181.5	189	108	177.5	131.5	145	73.5	104	187	175.5	202.5	113.5	166.5	165	135.5	107.5
all_peaks_15652	chr10	14227443	14227944	123	91	104	56.5	151	222	51.5	106.5	159.5	195	51.5	167.5	153.5	126	67.5	111.5	93	128.5	49	43	209	204	206	168.5	160	183	144	154.5
all_peaks_15683	chr10	14613851	14614352	192	202.5	168	284	85.5	63	206	51.5	76	29.5	232	125.5	82.5	53.5	218	78	109	68	229.5	144	83.5	57	138	84	74.5	61.5	118	95.5
all_peaks_15688	chr10	14625181	14625682	202.5	195.5	177.5	266	157.5	57	153	35	86.5	48.5	163.5	73	173.5	132	184	76	142.5	95.5	172.5	129.5	94.5	16	84	22	29.5	18	42	18
all_peaks_15696	chr10	14647296	14647797	27	8	17.5	8.5	70.5	177.5	27	204.5	73.5	165.5	24.5	126	85.5	73.5	23.5	133.5	47.5	105	15	33.5	162	181.5	174	230.5	171	167	135.5	161.5
all_peaks_15754	chr10	15139014	15139515	154	163	198.5	166	233	294	217.5	199.5	230.5	288.5	218	255.5	211	208.5	174	184.5	217	230	190	221.5	316	311.5	225	275	303	281.5	234	243.5
all_peaks_15760	chr10	15165599	15166100	2	2	1	2	62.5	249	17.5	102	53	121	4	7.5	91	97.5	14.5	45.5	17	48.5	4	9	55	153	27.5	115	25	100.5	5	35
all_peaks_15828	chr10	16859294	16859795	706	653.5	727.5	678.5	658	677.5	660.5	597	658.5	673.5	697.5	722	679.5	679	705.5	687.5	696.5	668	685	686	624.5	597	664.5	538	574.5	543	572.5	565.5
all_peaks_15849	chr10	17068770	17069271	80.5	36.5	134.5	49.5	141	249.5	159	157.5	247	311	189.5	259	169.5	204	132.5	163.5	197.5	203.5	154	167.5	175.5	184.5	158	171	161	195.5	222.5	218.5
all_peaks_15868	chr10	17258179	17258680	19.5	5.5	42.5	11	115.5	193	66.5	189.5	100.5	215.5	91	214.5	103.5	103	34	144	79	142	35.5	79	174	223	156	215.5	192.5	200	144.5	176
all_peaks_15870	chr10	17270234	17270735	90	70.5	106	69.5	161.5	171	89.5	129.5	183	282	129.5	149.5	137.5	127	75.5	145	137.5	168.5	88.5	100.5	155	138.5	179	143	203.5	185.5	145	147.5
all_peaks_15883	chr10	17467841	17468342	69.5	90.5	28.5	64	72.5	22	161	5	45.5	6.5	110	27.5	92.5	79.5	150.5	41.5	67	34.5	116.5	79	9	4	18	0	4.5	3.5	2.5	6
all_peaks_15884	chr10	17470722	17471223	145.5	142	97.5	128.5	151	93	182	35	89.5	37	176.5	110	159.5	135	229	102.5	143.5	99	201	141.5	95	17	61	18	64	10.5	69	21.5
all_peaks_15927	chr10	18916599	18917100	132.5	151.5	78	138	151	54	174	50.5	75.5	34	181	69	136.5	155.5	169.5	118	125.5	89	169	141.5	121	31	78.5	35	77	43	59	27
all_peaks_16046	chr10	22900622	22901123	160	183	145.5	182.5	94	63.5	145.5	90	79	49.5	131	101	116.5	89.5	157	122	111.5	86	145.5	125.5	89	60	161	52.5	30	28.5	103.5	49.5
all_peaks_16192	chr10	24910985	24911486	96.5	174.5	51.5	167	56	12	83	13.5	47.5	6.5	65	21	53	47	98.5	23	77.5	38.5	71	63	17	5.5	12	4.5	20.5	6.5	9.5	8.5
all_peaks_16215	chr10	25176469	25176970	123	91.5	216	116	89	104	154.5	60	154	70	159	163.5	105	118.5	150.5	77	188	138.5	155.5	129	106.5	39.5	94	27	94	60.5	151	67.5
all_peaks_16252	chr10	26736240	26736741	40.5	23	32	28	48.5	116.5	21	92.5	87.5	94.5	30	106	65.5	55	22.5	24.5	60.5	75.5	26.5	26	94.5	154	84.5	123	161	134.5	163.5	128.5
all_peaks_16262	chr10	26771014	26771515	134	182	106.5	219	90	28.5	138	27	53.5	17	93.5	53.5	93.5	84	139.5	48	78.5	44	106.5	90.5	43.5	22	48	23	26.5	13	44.5	27
all_peaks_16281	chr10	27026566	27027067	11	4.5	7	2.5	25	134	9.5	125	27.5	82.5	10	42.5	61	52	6	44	21	59.5	5.5	15	67.5	124	24.5	138.5	45	157	35	142.5
all_peaks_16303	chr10	27149667	27150168	408	388.5	368.5	385	362.5	304.5	324	252	392.5	412	351	350.5	426	412.5	417	360	413	370	409.5	382.5	343.5	310	356.5	280	323.5	317.5	276.5	326.5
all_peaks_16311	chr10	27258047	27258548	1.5	0.5	1	1	29.5	141	20.5	73.5	48	163.5	27.5	109.5	34.5	35	8	37	33	51.5	9.5	51.5	67	133	29.5	43.5	49.5	117	63.5	68
all_peaks_16376	chr10	28591867	28592368	446.5	483.5	440.5	488	375	447	415	368	323	306.5	417	394	343	359.5	423.5	333	351.5	320	395.5	342	356	312	365	372.5	328	292.5	373	332.5
all_peaks_16380	chr10	28624032	28624533	109.5	70	144.5	88.5	59.5	129	71.5	132.5	86.5	152	77	120	58	42.5	50.5	52.5	60.5	92	71.5	54.5	123.5	204	126.5	186	188.5	174	159	144
all_peaks_16384	chr10	28657040	28657541	147.5	181	121.5	183	96	54.5	193.5	141	65	42	179	162	75	64	187	99.5	82.5	42.5	180	133	64.5	50.5	144.5	91	66	51	127.5	97.5
all_peaks_16434	chr10	29947836	29948337	124.5	49	180.5	71.5	136	170	73	227.5	103.5	221	90.5	145.5	130.5	117	63.5	146	139	123.5	82.5	67	109	186	106	189	95	131.5	145.5	157
all_peaks_16435	chr10	29970611	29971112	217.5	260.5	175.5	247.5	163.5	87.5	241.5	47.5	114.5	18.5	248.5	124	185	152.5	287.5	145.5	162	104.5	260.5	199.5	93.5	6	86.5	8	71.5	7	31.5	9
all_peaks_16486	chr10	30722593	30723094	111	72.5	173	101	108.5	238	109	285.5	207	279.5	114.5	242	139	114	79.5	206	152	180	115.5	186	117	181.5	154	248.5	135.5	279	129.5	211
all_peaks_16497	chr10	30791119	30791620	18	7.5	126	25.5	44	42.5	99	24	79	32.5	153.5	105	42	103	81	92.5	119	113.5	140	142	20	8	46.5	8.5	44	16	48	31.5
all_peaks_16503	chr10	30818307	30818808	182	147.5	260	199.5	91	54.5	131	127.5	116	107	139	123	62.5	149	119	112	107	153	131	159.5	101	56	227	95.5	94.5	52.5	195	97.5
all_peaks_16525	chr10	30971272	30971773	2.5	2	12	3.5	131.5	175	7	173	126	269.5	21.5	84	133.5	175.5	3.5	194	118	163.5	15	58.5	87	208.5	18.5	139	103.5	188	20	112
all_peaks_16529	chr10	30984730	30985231	70	58	67.5	39	167.5	169	77	141	166.5	191	62.5	63	178	217	47.5	176.5	160.5	201.5	52	101.5	125.5	201.5	182	160	148	220	91.5	140
all_peaks_16531	chr10	30990282	30990783	114.5	89	192	150.5	132	275.5	66.5	225.5	163	352.5	71	190	127.5	190	90.5	169.5	121.5	218	94.5	88	169	290	273.5	271.5	225.5	295	248.5	265.5
all_peaks_16537	chr10	31025594	31026095	3.5	4	3	2.5	44	222.5	9	300.5	177.5	269	40	250	85	128.5	1.5	182.5	85	175	23	75	57	88.5	41.5	94	132.5	104	106	124.5
all_peaks_1654	chr1	16275991	16276492	116.5	13.5	309.5	44.5	115	270	22.5	191	186.5	334	47	129.5	158	179	14	111	209.5	298	45.5	90.5	190.5	283	32.5	132	222	322	97.5	206.5
all_peaks_16566	chr10	31274914	31275415	3	0.5	4.5	1	55	214.5	16	188	78.5	135.5	20.5	79.5	81.5	106.5	9	117	43	112.5	6	34.5	145.5	253.5	105.5	212	121	256.5	75	147
all_peaks_16602	chr10	31892307	31892808	38.5	32.5	51.5	42	105.5	199.5	50.5	257	124	204.5	78	157	95	93	43.5	163.5	82	147.5	60	126	138.5	214.5	161.5	226.5	188.5	207	157	224
all_peaks_16606	chr10	31996535	31997036	6	11.5	4.5	8.5	21	101	22	209	20.5	76.5	38.5	63.5	35.5	33.5	13	45.5	23.5	50	18	32	42	172.5	78	187.5	74.5	167	115	165
all_peaks_16607	chr10	32034465	32034966	9	9.5	18.5	6.5	47.5	90	28	201	22.5	72	28	26.5	43.5	56.5	19.5	100	28.5	47.5	14	19.5	55	176	68.5	168.5	92	135	52.5	159.5
all_peaks_16609	chr10	32049036	32049537	500	559	500.5	535.5	361.5	328	434	402	400.5	260.5	424.5	421.5	431.5	421	440	412	404	370.5	413	385.5	465	425	456	393	359.5	357.5	453	415.5
all_peaks_1661	chr1	16292729	16293230	30	23.5	33.5	24.5	76	288.5	72.5	364.5	127	286	77.5	400.5	93	107	47.5	259	95.5	178.5	68.5	157	74.5	231.5	143	311.5	71.5	260.5	201	275
all_peaks_16641	chr10	32533397	32533898	4.5	0.5	1	2	27.5	174.5	2	149.5	16.5	233.5	9.5	106	33	62.5	1.5	62	33	83.5	5	19	57.5	190	28.5	112.5	85.5	208	56.5	134.5
all_peaks_16655	chr10	32621099	32621600	104	73	115	87	118	264	62.5	269.5	114.5	206	91.5	138.5	121.5	197	60	171.5	111.5	163	112	83.5	260.5	339	286	306	184.5	288	255	256
all_peaks_16676	chr10	32748190	32748691	117.5	137.5	89.5	161	79.5	11.5	183	12.5	53.5	8.5	170.5	80.5	77	49.5	165.5	63.5	109.5	37.5	156.5	147	14.5	1.5	58.5	3	4.5	2.5	30	4
all_peaks_16703	chr10	33299020	33299521	54	12.5	44	4.5	153.5	99	50	7	99	39.5	52.5	48.5	151.5	139.5	52	71.5	140	120.5	43	73.5	71	14.5	11.5	3	63.5	7.5	0	0.5
all_peaks_16717	chr10	33406694	33407195	94.5	7	171	24	239.5	155	49	21.5	230	178	91	79.5	267	245.5	25	76.5	292.5	259	53.5	115.5	134	55	14	7	110.5	61.5	11.5	10
all_peaks_16718	chr10	33409576	33410077	23.5	6.5	24.5	6.5	17.5	177	7.5	165.5	42	193	14.5	87	53.5	41.5	14	39.5	53	58	12	28.5	61.5	171	22	145.5	72	129.5	42	161
all_peaks_16723	chr10	33422965	33423466	91	14.5	89	11	203.5	317.5	62.5	211.5	165	349.5	70	183	218	219	25	176	191.5	256.5	44	106.5	274	258.5	207	245	241	295.5	157.5	200
all_peaks_16725	chr10	33425709	33426210	19	3.5	12.5	5	53	80	11.5	143	27.5	84.5	9.5	80	43	45.5	8.5	70	32	50.5	7	31.5	46	129.5	48.5	164	80	118	37	150.5
all_peaks_16813	chr10	35415800	35416301	470	413.5	502.5	461.5	394.5	347.5	342.5	321.5	406	442	312.5	322.5	374.5	351.5	326.5	327.5	345	331	323.5	300	315.5	341.5	384	336	294	297	367.5	333
all_peaks_16818	chr10	35438368	35438869	89.5	45	111.5	60	87.5	191	133.5	239.5	130	226	137.5	255	83.5	114	120.5	223	98.5	110	137.5	181	90.5	137.5	165	178.5	68	146	139	190
all_peaks_16822	chr10	35484605	35485106	438.5	358.5	422.5	388.5	187	116	152	183	163	175.5	156	154.5	152	177	135.5	197	143	146	141	188	205	246.5	313.5	248.5	185.5	247	289	229
all_peaks_16825	chr10	35497399	35497900	30	3.5	33	9	107.5	94.5	112.5	178	75	47.5	66	61	79.5	104	56.5	131	38.5	46	55.5	80	127	124.5	165.5	103.5	38.5	39.5	146	124
all_peaks_16859	chr10	35748306	35748807	10.5	53	7	65.5	37.5	4	183.5	2	15	5	203.5	33.5	6.5	16	102	22.5	27	14	194	111.5	3.5	0.5	5	0	3.5	2	4.5	3.5
all_peaks_16886	chr10	38299265	38299766	260.5	276	256.5	280	185.5	150	224.5	187	182	187	229	194	215.5	200.5	244.5	181	202.5	159	234	231	168	138	151.5	146	156.5	148	157	120.5
all_peaks_16906	chr10	42384978	42385479	39.5	70.5	23	39.5	371	126.5	181	76	700	462	215.5	267	215	17.5	38	43.5	86.5	32.5	40.5	31	89	56.5	133	67	247.5	100.5	155	130
all_peaks_16916	chr10	42400141	42400642	20.5	33.5	10	25	144.5	35	52	19.5	259.5	80.5	44.5	51	69.5	17.5	20.5	14.5	24	8	18	11.5	32.5	16.5	49	21	104	23.5	35.5	29.5
all_peaks_16919	chr10	42529202	42529703	26	32	12.5	29	120.5	30.5	55.5	32	222.5	140.5	44.5	83	67	18.5	15	24	35.5	18.5	16.5	8	40	13	50.5	28.5	110	25	78	40
all_peaks_16924	chr10	42596879	42597380	20.5	33.5	14.5	21.5	136.5	36.5	55	28	272.5	176	59	106.5	64	8.5	18.5	17	43	6.5	17	11.5	27	10.5	65	21	86	32	46.5	48.5
all_peaks_16926	chr10	42599534	42600035	32	42	24	36.5	241	92	124.5	57.5	537	396	152.5	218.5	190	15	39.5	51.5	78.5	22	26	17.5	68	40.5	103	55	246	60	105.5	97.5
all_peaks_16963	chr10	43616299	43616800	29	28.5	32	48	182.5	307.5	250.5	387	211.5	188	323	400	186	210	199	264	273.5	275.5	288	270	125	128.5	103	191.5	176.5	161	172.5	201.5
all_peaks_16996	chr10	43782673	43783174	42	22.5	51	25	127.5	42	100	80.5	65.5	28	153	120.5	113.5	105.5	111	126.5	113	80	128.5	136.5	37.5	18	46.5	26.5	60	22	34	18
all_peaks_16997	chr10	43789684	43790185	65.5	16.5	59	31.5	93	16	101.5	18	86.5	5.5	151.5	157	98.5	67.5	99	83.5	140.5	95.5	207.5	192	13.5	3	16.5	2	6.5	2.5	32	11.5
all_peaks_17023	chr10	43915722	43916223	202	176.5	326.5	239.5	243	272	203.5	145	188.5	231.5	247.5	231	209.5	182	157.5	155	214	232.5	219.5	229	226.5	182	162.5	106.5	237.5	189	169.5	147
all_peaks_17029	chr10	43950963	43951464	254.5	219	238	242	402	393	278.5	407	466.5	530	359.5	382	356	357	290	382.5	360	417.5	307.5	359.5	377.5	453	372.5	406	427	438	423	456.5
all_peaks_1721	chr1	16747205	16747706	93	60.5	108.5	71	153.5	147.5	239	117	194.5	138	211	180	144	154.5	205	131.5	155.5	139	198	189.5	126	69	133	45.5	81.5	76.5	121.5	64
all_peaks_17282	chr10	50385411	50385912	14	2	15	2.5	81.5	361.5	28	392	146.5	379.5	41.5	225	128	174	24	196.5	91.5	203.5	29.5	77	123.5	367	104	328	192	362.5	193.5	311.5
all_peaks_1734	chr1	16840299	16840800	332	433	358	397.5	441	339	316	386	427.5	477	288	439	360.5	326	305	385.5	281	343	278	210.5	305	298.5	302	284.5	279.5	290.5	339	256.5
all_peaks_17373	chr10	52156452	52156953	14.5	8.5	9	4	71	228.5	17	101	119	180.5	19.5	109	59	80.5	8.5	51.5	67.5	119.5	5.5	37.5	159	140.5	56.5	88	196	101.5	108.5	76
all_peaks_17391	chr10	52268081	52268582	24.5	2.5	59	3.5	137	298.5	30.5	295.5	257	336.5	82	355.5	159.5	166	18	251	171.5	270	31.5	150	188	184	122	203.5	177.5	184.5	196	180.5
all_peaks_1747	chr1	16939835	16940336	147.5	163.5	127	177.5	114.5	207	104.5	176.5	141.5	285.5	110.5	148	102	76	107.5	127.5	100	101.5	102	108	84	143	135.5	143	122	164.5	153	202
all_peaks_17494	chr10	61640735	61641236	17	4	29	8	41.5	233.5	14	329.5	80	319.5	41.5	253.5	58.5	48	15.5	89	78.5	148	32.5	81.5	32.5	278	28.5	269.5	27.5	294.5	122.5	241
all_peaks_17536	chr10	62333007	62333508	3	5.5	4	2.5	16	115.5	17	169.5	36	153	7.5	94.5	22.5	26.5	15.5	113	41	67.5	16.5	62.5	17.5	92	38	107	23	99	23	65
all_peaks_17567	chr10	63046373	63046874	37	52	23.5	45.5	122.5	104.5	182.5	98.5	104.5	81	159.5	157	123	130	138.5	121.5	138.5	100.5	127.5	153	94	44	84	27.5	59.5	27.5	100.5	34
all_peaks_17582	chr10	63544398	63544899	3.5	1	1	3.5	91	170	40	179.5	65	148.5	15.5	45.5	67	77	11	103.5	40	48.5	10	39	89.5	177	51	93.5	104.5	155	66.5	73.5
all_peaks_17607	chr10	63703437	63703938	44.5	24.5	38	10	31	87.5	12.5	101	31.5	137.5	14.5	65.5	37	32.5	20.5	29	33	46	16	26.5	71.5	189.5	53	135	67	136.5	114	213.5
all_peaks_17616	chr10	63747606	63748107	58	34	56	14	113.5	222	90	243.5	80	141.5	41.5	92	145	126	100.5	125.5	102	109	55.5	63	187.5	246.5	215.5	207	195	200.5	181.5	161
all_peaks_17632	chr10	63810758	63811259	223.5	112	120.5	31	215.5	184.5	142.5	209	122	175	59	84.5	182	196	120	135	124.5	131.5	68.5	103	208.5	221	191.5	169	183.5	174	141	129.5
all_peaks_17654	chr10	63943148	63943649	351.5	353.5	180	438.5	180	245	287	222.5	182.5	190.5	264.5	234.5	193	257	260.5	233	179	187.5	240.5	222.5	143.5	183.5	282	133.5	115	186.5	260.5	203
all_peaks_17655	chr10	63947940	63948441	7.5	6.5	5	5.5	15.5	62	12.5	144.5	11	61.5	8.5	40.5	23	24.5	5	53.5	13	21.5	9	18.5	30.5	169.5	58	154	16.5	94	54	103
all_peaks_17677	chr10	64143767	64144268	51.5	0.5	117	15.5	70	92	13.5	7.5	124.5	70	11.5	14	70.5	129.5	14	23	148.5	137	17	23.5	50.5	41	25	2	104.5	44	18.5	7
all_peaks_17696	chr10	64374480	64374981	2.5	3.5	14.5	4	12	53	2.5	44	50	224.5	12	79	29	18	1.5	12	64	117.5	7.5	23	8	46	2.5	26.5	55	197	33.5	155.5
all_peaks_17711	chr10	64441085	64441586	40	15	98.5	26.5	11	60	45.5	140	44	175.5	52	119.5	19	25.5	43.5	77	64	103	73.5	85	8	52.5	116.5	165.5	42.5	127	88.5	149.5
all_peaks_17717	chr10	64485853	64486354	2.5	2	1	2.5	10	101.5	2	32.5	41	185.5	5.5	78.5	9.5	19	1.5	22.5	35.5	103	3	10.5	39.5	121.5	6	86.5	56	215	75.5	144
all_peaks_17730	chr10	64571274	64571775	18	6.5	24	14.5	17.5	116	2.5	113.5	42	250	26.5	127	40.5	49	6	37.5	63	119.5	18.5	43	25.5	87.5	33.5	99	65.5	175.5	92.5	162.5
all_peaks_17732	chr10	64576304	64576805	342.5	422.5	320.5	367	267	273	355.5	316	302	371	306.5	247.5	276.5	316.5	338.5	299.5	242.5	246.5	259	276.5	255	305.5	349	303.5	207.5	289	275	291.5
all_peaks_17777	chr10	65028801	65029302	309.5	314	263	242	205.5	250.5	191	201	174.5	247	180.5	197	240.5	212	216.5	204	208	203.5	159.5	175.5	273	261.5	320	275	251.5	290.5	277	244
all_peaks_17804	chr10	65466897	65467398	2.5	2	4	2.5	39.5	150	3.5	100	81.5	146.5	6	92.5	56	49	0	51	36.5	85.5	3	12.5	80	95.5	66	125.5	128.5	82.5	88	92
all_peaks_17832	chr10	69372743	69373244	125	94.5	112	82.5	171.5	288	149.5	263.5	213	238	203	269.5	216	266	175	232	170	236	173	193.5	187.5	227	151.5	194.5	247.5	174.5	225.5	192.5
all_peaks_17850	chr10	69563213	69563714	2.5	0.5	1	1	1.5	19.5	7.5	196.5	0	73.5	8	100.5	3.5	5	7	141	2.5	7	9.5	92.5	7	83.5	31	158.5	7	90.5	18.5	171
all_peaks_17881	chr10	69923479	69923980	3	2	1	1	13.5	53.5	8	247	15.5	34	6	162.5	11.5	31	3	170.5	9	19.5	5.5	66.5	33.5	81.5	37.5	122	39	72.5	39	107
all_peaks_17937	chr10	70757371	70757872	4	3	2.5	3.5	22.5	101	17.5	136	41.5	125	13.5	50.5	27	49.5	8	82.5	22.5	43	10.5	22.5	35.5	127.5	37.5	126	13.5	101.5	28	89
all_peaks_17941	chr10	70805168	70805669	82.5	40	123.5	45.5	56	215.5	49	156	71.5	158	29.5	97.5	86.5	96.5	59	71.5	77	116	41	41	138	182.5	87	114	151	150	91.5	100
all_peaks_17950	chr10	70825578	70826079	5	4	4.5	2	11	60.5	6.5	186	5	54	6	33	27	12.5	8.5	39.5	20.5	21	7.5	10	11	118	37	211	9	140.5	31.5	176
all_peaks_17952	chr10	70849675	70850176	212	142.5	293	241	84.5	146.5	82.5	156	123	186.5	89.5	188.5	115	77.5	67	65.5	109.5	123	84	79	133.5	184.5	218.5	173.5	149	204	202.5	183
all_peaks_17994	chr10	71119310	71119811	37	74.5	27.5	63.5	89	12	131	3.5	48	7	126.5	28.5	81.5	54	122	31.5	67.5	41	154.5	84.5	13	4.5	5.5	0.5	1.5	3.5	7.5	2.5
all_peaks_18107	chr10	72338106	72338607	58	41.5	211	215.5	45	84.5	128	201.5	157	167	262	264	46.5	72	101.5	204	193	194	228.5	223	45	89	102.5	131	104	147.5	125.5	148.5
all_peaks_18115	chr10	72362366	72362867	86	99	226	230	85	41.5	201.5	105	218	142	293.5	262	65	81	146.5	139.5	284	261.5	276	278.5	61.5	29	75	79	160	113	164	110.5
all_peaks_18122	chr10	72416232	72416733	2.5	2.5	1	11.5	7.5	54	15.5	143.5	40	154	15	58	14.5	32	5	86	41	78.5	20	35	1	127	13	128.5	27	148	42.5	137
all_peaks_18208	chr10	73495726	73496227	134	136	157.5	177.5	111.5	22	191	58.5	148	25	241	162.5	62	94	186.5	67.5	128.5	82	216.5	212	69	27	46	33	75.5	34	92.5	43
all_peaks_18210	chr10	73508340	73508841	312.5	373	293.5	399.5	456.5	398.5	574.5	427.5	395	267	532	511	365	519	490.5	499.5	396	455	459.5	509	366	247.5	396	205.5	339	193.5	313	237
all_peaks_18215	chr10	73528533	73529034	230	123.5	227.5	111	183	351.5	163	277	210	161.5	118	179.5	259.5	240.5	145	173.5	212	208	127.5	111.5	312	391	255.5	278.5	164.5	291	249	246
all_peaks_18278	chr10	73975202	73975703	159	180	101.5	237.5	71	39.5	77	31	61	31	74.5	50.5	48.5	58.5	88	34.5	52	43.5	87	62	53	34.5	63	28.5	68.5	37.5	58.5	25
all_peaks_18285	chr10	74008439	74008940	182.5	181	202.5	210	186.5	171	246	235	242.5	132.5	311.5	367.5	183.5	253	225.5	305	202	223	246	354	129.5	92.5	168	101.5	141.5	83	149.5	140.5
all_peaks_18291	chr10	74020360	74020861	115	73.5	179	105	176.5	140.5	96.5	205.5	164	195	108	115.5	153	218	75	234	114	165	107	166.5	239	207.5	220.5	227.5	271	249	276	295.5
all_peaks_18293	chr10	74033361	74033862	356	382.5	401	384.5	483	523.5	387.5	461.5	391	500	389.5	432	379	420	338	465.5	333.5	375.5	358	395.5	520	495	469	420	455	468.5	469	428
all_peaks_18301	chr10	74056864	74057365	342.5	290.5	316.5	349	195.5	244	210	233.5	249	275	208.5	257.5	222	257	187.5	180	232	250	194	248.5	199	240.5	269.5	254	204.5	216	253	190.5
all_peaks_18302	chr10	74057637	74058138	178	88.5	150	72.5	182	277	128	299	182	281	113	170.5	183	225	81	215	101	173.5	99	136.5	227.5	336.5	293	323.5	232	288.5	270.5	346.5
all_peaks_18305	chr10	74065092	74065593	38	28	11.5	29	45.5	99.5	39	215.5	42	51.5	44	58	39.5	46.5	46	53.5	11.5	25	30	31	23	151	52.5	167.5	8	122.5	43	167
all_peaks_18313	chr10	74080360	74080861	34.5	36.5	33.5	28.5	49.5	72	35.5	223	21	69	33.5	72	26.5	34.5	23	67.5	16	23.5	19.5	32.5	42	175.5	77.5	202.5	30	124.5	84.5	152
all_peaks_18316	chr10	74091652	74092153	192	150.5	347	270	156.5	331.5	123.5	386	219.5	247	167	248	105	245	108.5	247	147	229	186.5	117	271	303	303.5	291	290	368	321.5	350.5
all_peaks_18317	chr10	74094610	74095111	250.5	146	331	273.5	131	173	169.5	295.5	160	215.5	216	287.5	105	183.5	111	264	149	216	160.5	194.5	120.5	106	158	118	160	155	188	171
all_peaks_18322	chr10	74129886	74130387	54	3	264	32	126.5	144	42.5	166.5	219	198.5	130	305	162	183.5	48.5	196	284.5	268	130.5	199	35	19.5	13.5	28	87	79.5	34	58.5
all_peaks_18389	chr10	75255192	75255693	293.5	238.5	338	247	415	348.5	416.5	254	329	279.5	377	308.5	406.5	409.5	370.5	372.5	357	349	344.5	376	305	266.5	282.5	234	251.5	224	254	207
all_peaks_18411	chr10	75519149	75519650	73	18.5	335.5	53	31.5	25.5	23.5	13	23.5	11	28.5	21	38	9.5	24.5	12.5	88.5	33.5	28.5	22.5	34	16.5	32.5	21	63	26.5	29	28.5
all_peaks_18459	chr10	75751533	75752034	145	125	119.5	117	90	63	130.5	28	101.5	53.5	161.5	116.5	140	144	160.5	119	169.5	111.5	166.5	178	104	14.5	81	18	63.5	26	45	29
all_peaks_18479	chr10	75936110	75936611	553.5	503.5	549.5	505	465	483.5	460	411.5	449.5	365.5	472.5	393	429.5	476.5	460.5	457	485	477	429	415	409.5	453	423.5	388.5	415	412.5	417	401
all_peaks_18502	chr10	76348981	76349482	262	196.5	151	251.5	27	26	33	18.5	15	20	18.5	14	30.5	51.5	38.5	24	24.5	15	25	16.5	87.5	33	110.5	51.5	34.5	30	50	31.5
all_peaks_18515	chr10	76585985	76586486	1938	1309.5	1938	1285.5	835.5	866.5	1092.5	1002	855	799	1073	922	872	1261	1309.5	1116.5	1167	958.5	1031	1121.5	1055	886.5	993.5	967	958.5	878	1000	840
all_peaks_18551	chr10	76870897	76871398	260.5	214.5	259.5	245.5	312	292	299.5	327.5	215	228.5	232	275	300.5	281.5	274.5	277.5	262.5	276.5	252.5	257.5	368.5	343.5	334.5	423.5	297	349.5	328.5	358.5
all_peaks_18618	chr10	79561183	79561684	28	7	77.5	16.5	42	115	66	134.5	90.5	192.5	110	108	53	103.5	42	99.5	110	143.5	140.5	125.5	24.5	38	28	70	27.5	138	46.5	113.5
all_peaks_18684	chr10	80787348	80787849	18	14.5	134.5	54	12	4.5	26	2	69	11	124	26.5	15.5	23	24.5	9.5	160.5	101	102	50.5	11	3	12.5	4	35.5	17	16.5	20
all_peaks_18685	chr10	80807879	80808380	74	118	40.5	72	133	57	192.5	48.5	87.5	14	188	92	158	155.5	275.5	164	129	67.5	221	177.5	118	17.5	96.5	42	58	9.5	72	22
all_peaks_18699	chr10	80897472	80897973	18.5	29.5	30.5	41	52.5	28.5	79	55	130.5	53.5	122	216	32.5	66.5	56	75.5	117	120	115.5	134.5	25.5	8.5	46.5	17	53	30.5	66	35
all_peaks_18718	chr10	81045987	81046488	76	45	136.5	71	181	181.5	108.5	155	170.5	179.5	154	254	132.5	149	93	166	185	222.5	115	154	153	115	184.5	136	154.5	153	238	170.5
all_peaks_18730	chr10	81091436	81091937	47	12	25	4.5	43.5	136	35.5	300	50.5	168	14.5	119	71	66.5	36.5	205.5	93.5	93	31	65	32.5	282	108	276.5	4	276.5	52	233.5
all_peaks_18764	chr10	81265512	81266013	5	3	1	2	32.5	167	23	41	107.5	137.5	47.5	147.5	31	36	8.5	30	55.5	123	20	22	62	23	37.5	11	103	26.5	90	29.5
all_peaks_188	chr1	1306740	1307241	174	112.5	202.5	271	79	39	100.5	20.5	127	73.5	89.5	103.5	60	172.5	81	95	97.5	96.5	82.5	108	63.5	28.5	74	22	89	42	103	39.5
all_peaks_18810	chr10	81947184	81947685	243	290	163	248.5	155	88	214	89	150.5	38	234.5	128	178.5	146	223	113	178	105.5	209.5	177	188	59.5	130	60.5	113.5	33	131	49
all_peaks_18830	chr10	82218778	82219279	93.5	75	106.5	76.5	181.5	179	162.5	142	213	138.5	195.5	238	152	206	136.5	278.5	186	197	149.5	272	120	59.5	94.5	70	128.5	89.5	101.5	69.5
all_peaks_18832	chr10	82225550	82226051	119	146	95.5	167	79.5	53.5	153.5	29	45.5	41.5	124.5	79.5	90	64	159.5	79.5	84	38	149	100	47.5	11	54	11.5	31	11.5	43	6.5
all_peaks_18835	chr10	82231932	82232433	26	5	37	20	31.5	75	31	128	25	75.5	38	77.5	56	37	27	49	43	55	29	27.5	55.5	144.5	88	165.5	27	154	62.5	129
all_peaks_18838	chr10	82247533	82248034	59.5	43.5	142	65.5	109.5	83	143	47.5	176.5	86	256.5	240.5	94	139.5	136	145.5	186.5	187.5	195	265	43.5	15.5	43	14.5	74.5	21	65.5	26.5
all_peaks_18849	chr10	82289241	82289742	47	107	38.5	97	83.5	15.5	183.5	14.5	62.5	11	157.5	49.5	111	76	174	49	84	34.5	171	103.5	18.5	4.5	34.5	8.5	10	4.5	21	9.5
all_peaks_18896	chr10	85937304	85937805	27	81.5	169	100.5	35	6.5	144	16	48.5	21	169.5	62	45	58	131	53.5	174	67	195	184	15.5	3.5	26	7	57	10	44	12.5
all_peaks_18912	chr10	86088044	86088545	115.5	108.5	122.5	108.5	243	144	133	150.5	245	218	120.5	167	164	156.5	130	188	154.5	167.5	130.5	170.5	206.5	238	200	220	211	269.5	173.5	255.5
all_peaks_18915	chr10	86093716	86094217	327.5	149	415	243.5	227	126.5	179	158.5	222	209	216.5	174	246	239	207	144.5	279.5	218	235.5	178	145.5	163.5	140.5	176	206.5	197.5	133.5	180.5
all_peaks_18943	chr10	87372090	87372591	103.5	111	81	77.5	105	67	165.5	42	78	25.5	89.5	57.5	109.5	188	180.5	128	89	87	90.5	68	88.5	17	60	14	60.5	17	41	13.5
all_peaks_18966	chr10	88159562	88160063	177.5	204	141.5	183	133.5	270.5	211.5	262.5	150.5	266	201.5	292	159	186.5	208	268	168.5	180.5	162.5	187	223	260	265.5	265.5	250.5	253.5	287.5	272
all_peaks_190	chr1	1310496	1310997	297	275	264.5	279	314.5	362.5	398	426	369.5	414.5	347.5	356	317	312	360	363	331.5	331	383	359	287	338.5	391.5	375.5	244.5	369.5	383.5	379.5
all_peaks_19049	chr10	89521563	89522064	4	1.5	3	1	38.5	113	8.5	135.5	14	58	9.5	62	36.5	51	6	37	29	64	8.5	10.5	97.5	181	55	131.5	73	141	75.5	149
all_peaks_19066	chr10	89824724	89825225	148.5	247	38	270.5	4	54	34.5	21	29.5	66	69.5	26	8.5	12	71.5	13.5	16	37.5	110.5	47.5	9.5	32.5	8	7.5	41.5	106.5	15.5	21
all_peaks_19090	chr10	90031107	90031608	46	26	45	19.5	173.5	289	105.5	236	156.5	297.5	99	312.5	122.5	167	55	267	84	179	56.5	143	179	225	105	186.5	172	186.5	137	187.5
all_peaks_1911	chr1	19400863	19401364	174	186.5	140.5	195	143.5	64.5	236	27	88	41.5	265	119.5	164.5	144	277	102.5	181.5	98	233.5	166	73	17.5	79	31.5	47.5	11	53	30
all_peaks_19112	chr10	90430187	90430688	1	2.5	1	1	9	88	4.5	58	11	144	4.5	46	16	21	4	27.5	12.5	26	2.5	8	20	164	10	132	25.5	138	23	106.5
all_peaks_19176	chr10	91011552	91012053	387.5	455.5	480	480	318	306.5	361	162.5	380	286	405	336.5	371.5	344.5	351.5	191	450.5	391	453	364.5	294.5	236.5	144.5	117.5	336.5	295.5	237	225.5
all_peaks_19185	chr10	91093697	91094198	263.5	236	227	262	75.5	155	196	103.5	116	140	198.5	152.5	113.5	72	220	134.5	131	116.5	228	149	56.5	98	143.5	102.5	25.5	47.5	137.5	83
all_peaks_19216	chr10	91565267	91565768	5.5	1	1	1	18	95	6.5	133	30	94	8	72.5	10.5	20.5	3.5	40.5	14.5	41.5	4	13.5	34.5	122	51	150	35	119.5	62.5	117.5
all_peaks_19256	chr10	92923195	92923696	170.5	174.5	197	206	89.5	52.5	84	30	63.5	52	107.5	83	87.5	64	85	35	89.5	89	102.5	83	112.5	78.5	95.5	59.5	126	76.5	121	85.5
all_peaks_193	chr1	1334619	1335120	442	476	412.5	441	392.5	487.5	417.5	491.5	372.5	428.5	434.5	443.5	401.5	427.5	411.5	427	430.5	459.5	391.5	437.5	498.5	535.5	498.5	500.5	547	500.5	513.5	530
all_peaks_19301	chr10	93704528	93705029	8.5	6.5	12.5	2.5	75	212.5	19	134	141	149	46.5	165	100	89.5	13	86	87	162.5	32	71	119.5	189.5	88.5	162.5	158	171.5	147.5	135
all_peaks_19311	chr10	93860999	93861500	1.5	2.5	4	4	33.5	104	6	95	83.5	105	4.5	30.5	48	59	1.5	70.5	32.5	67.5	5.5	10	97.5	146.5	13	64.5	105.5	129.5	27	87
all_peaks_19380	chr10	95139432	95139933	12.5	2	24	2	104.5	177.5	41.5	83	141.5	165.5	53.5	151.5	123	146.5	23.5	68	106.5	137	30.5	60.5	133.5	171	86	69	92	165.5	90.5	91
all_peaks_19389	chr10	95222631	95223132	18	0.5	18	4.5	70	159	19.5	136	89.5	109.5	24	67	72	120	13	86.5	69	120.5	19.5	43	124.5	201.5	35.5	116	145.5	176	94	72
all_peaks_19440	chr10	96996035	96996536	1	3	1	2.5	54.5	130	22.5	83	76.5	115.5	21.5	91	45	49	6	26.5	26.5	50.5	5.5	15.5	98	120.5	79	129.5	153.5	109	128.5	144.5
all_peaks_19504	chr10	97591945	97592446	204.5	9	299	39	242	326.5	178	396.5	374.5	424	311	441.5	281.5	322.5	121	334	418	363.5	302	309.5	249	305	263	277.5	253.5	262.5	369	258.5
all_peaks_19516	chr10	97624837	97625338	39	14	38.5	17.5	94	176	50.5	144	103	125	70	122	80.5	101.5	43.5	85.5	81.5	93.5	60	62.5	97.5	200	58	131	76.5	270.5	77.5	164.5
all_peaks_19530	chr10	97822909	97823410	2.5	5.5	1	1	22.5	61.5	3	115	41.5	151	11.5	48	24.5	31.5	5	47	11.5	29	8.5	18.5	14	150	33	115.5	40.5	166	69	116.5
all_peaks_19531	chr10	97833470	97833971	1	3	10	5	24.5	131	9.5	142.5	41	169.5	8	79	59	42.5	1.5	69	21.5	55.5	9.5	19	67.5	125.5	66	79.5	44	127	100	138
all_peaks_19635	chr10	99172611	99173112	4	3	6.5	1	40.5	213	16	227.5	76.5	220.5	17.5	55	26.5	47.5	7	53.5	27.5	55	8	31	72.5	153	17.5	112	102.5	176.5	60.5	118
all_peaks_19639	chr10	99182577	99183078	5.5	3.5	1	3.5	12.5	74.5	4.5	126	16.5	88.5	4.5	34.5	13.5	22	1.5	25.5	20	21.5	7.5	12	30.5	139.5	24	133.5	4	159.5	11.5	118.5
all_peaks_1964	chr1	19789603	19790104	151	154	127.5	184	136.5	34.5	189.5	41	100.5	33.5	202	92.5	145.5	145	210	109	147.5	88	192	158	65	16	105	11	92	17.5	58.5	18
all_peaks_19668	chr10	99446843	99447344	358.5	339.5	337.5	357	287.5	236	220	289.5	217	235	248	205	211.5	220.5	203	261.5	200.5	238	232	220	284	209.5	254	323.5	262	237	255.5	282.5
all_peaks_19755	chr10	101380265	101380766	739.5	696.5	771	816	747	802	692	663	694	702	781.5	740.5	617	738	700.5	656	757	800.5	773.5	742.5	726.5	709	675	646	718	712	730.5	726
all_peaks_19802	chr10	102086672	102087173	9.5	18.5	7.5	23.5	31	81	121.5	337	12.5	22.5	50	89	10.5	28.5	82	107.5	11	7.5	47.5	56	81	136	175.5	306	47	64.5	118	148
all_peaks_19805	chr10	102106563	102107064	105	109.5	143.5	84.5	182	230.5	278	277.5	145.5	199.5	217	202	210.5	235.5	235	232	183	194	174.5	190.5	217.5	221.5	235	264.5	196	200	226	214
all_peaks_1981	chr1	19923212	19923713	210.5	185	298	209.5	191	242.5	172	343.5	275.5	367	219	316	186	187.5	190	270	241	326	247	283.5	214	345	259.5	424	230.5	380	315	425.5
all_peaks_19820	chr10	102270609	102271110	232	219.5	321	402.5	339	309	480	370	390	211.5	562.5	405.5	367.5	364	446.5	325.5	428.5	385.5	525	433.5	269	164.5	274.5	170.5	287	150.5	324	221
all_peaks_19849	chr10	102607209	102607710	1	2	3	1	9.5	32.5	4	46	5	72.5	2	7	5.5	10.5	1.5	12.5	5	22	0	3.5	23.5	216	2	124.5	29.5	244	16.5	125
all_peaks_19907	chr10	103113551	103114052	418	368	375	361.5	369	316.5	400	362.5	409.5	388.5	341	272	386	398.5	418.5	399.5	371.5	335.5	362	373.5	281	256	332	305	263.5	267	234	275
all_peaks_19948	chr10	103590545	103591046	251	244	173.5	206.5	166	100.5	137.5	86	124.5	117.5	132.5	89.5	156.5	157	187.5	145	143.5	147.5	136.5	148.5	200	177	172.5	120.5	229.5	112	128.5	92
all_peaks_20009	chr10	104153894	104154395	484.5	448	498	454	457	448.5	388	430	516	454.5	342	400.5	389	350	329.5	403	445.5	448.5	346.5	381	426.5	481.5	477	566.5	408.5	534	499.5	531.5
all_peaks_20021	chr10	104192204	104192705	162.5	155	131	144.5	220.5	226	210	226	252.5	205.5	211.5	176	215.5	297	225	273.5	231	241	216.5	262	287.5	280.5	234	247	279.5	278.5	243	261.5
all_peaks_20026	chr10	104212621	104213122	3.5	8.5	9	2.5	22	144.5	15	180.5	48	164	25.5	141	28	47	7	111	25.5	49	14.5	42	43	116	74	191.5	38	144	115.5	149.5
all_peaks_20036	chr10	104263391	104263892	327	322	293.5	332.5	453.5	475	405	387	393.5	403.5	382.5	438.5	381	434.5	382.5	353	386	428	369.5	356	431	480	426	398.5	491.5	433	420	438
all_peaks_20045	chr10	104372564	104373065	165	142	44	216	31	15.5	28	9	12.5	12.5	38.5	22.5	22	21	18	7.5	13.5	20.5	39	16	13	20.5	28	11	5.5	16	33.5	41.5
all_peaks_20056	chr10	104405903	104406404	83	66.5	102.5	81	173.5	257	86	202	160	302.5	163.5	317	142.5	142	82	138.5	175.5	257.5	108.5	124	120	178.5	94.5	130.5	176.5	326.5	164.5	236.5
all_peaks_20073	chr10	104470391	104470892	10	0.5	16.5	1	29	212	0	11	89	184	11	71	45.5	47.5	2	7.5	62.5	108.5	4	37.5	20	154	7.5	14.5	89	179	28	96.5
all_peaks_20075	chr10	104473960	104474461	276.5	213.5	324	250	420	565	386	450	421	532.5	424	485.5	444	396.5	369.5	407.5	397	450.5	388.5	414.5	443	513	334	395	411.5	514.5	364	518
all_peaks_20140	chr10	105230963	105231464	74	32	142	52.5	183.5	145	211.5	94	243	123.5	288.5	297	197.5	223	159.5	227.5	278	246	246	289.5	124.5	31	93.5	31.5	119	48.5	108.5	51
all_peaks_20171	chr10	105507745	105508246	50	31	9	2.5	170.5	235.5	119.5	41	50.5	13.5	68.5	47.5	168	122.5	101.5	55	81.5	68	34.5	32	197	91	65.5	39.5	105	31.5	17	9
all_peaks_20196	chr10	105670679	105671180	152	176	106	155.5	150.5	57.5	173.5	58	135.5	56.5	156.5	88	123	78.5	155.5	81.5	94	58	174.5	153	101.5	47	111.5	28.5	45.5	42.5	90	46
all_peaks_20243	chr10	106089037	106089538	91.5	79	176	123.5	37.5	92.5	20	108	48	168	28	59	50	56.5	27.5	45.5	63.5	108	32.5	29	46.5	226	77	145.5	65	293	105.5	220.5
all_peaks_20310	chr10	111769798	111770299	239	291.5	205.5	308.5	159.5	173	211	101	167	111	250.5	181.5	189.5	151.5	244	154	192	164.5	220	179	106	92	95	60.5	92.5	129	90.5	67.5
all_peaks_20321	chr10	111827645	111828146	59	56	44.5	44.5	117	157.5	133.5	196	116	95	109.5	165	143	174.5	90.5	243.5	77.5	113.5	88.5	198.5	112	61.5	67	45	113.5	54.5	89.5	58
all_peaks_20340	chr10	111916601	111917102	82.5	80	178	133	111	72.5	111	53	183	56.5	205	145.5	126	149.5	115	106.5	193	146.5	159.5	152.5	62	27	59.5	14.5	38	29.5	76	18.5
all_peaks_20370	chr10	112113111	112113612	29.5	9	58	14	28.5	38.5	10	109	48.5	64	10.5	21.5	50	63	10.5	44.5	40.5	57.5	7.5	13	30.5	132	34.5	102	48.5	212.5	25	155.5
all_peaks_20371	chr10	112116249	112116750	189	46	173.5	13.5	96.5	162.5	34	209	74	160	12	56	92.5	146	25.5	93.5	84.5	129.5	12	39.5	162	171	205	243	127.5	204	90.5	156
all_peaks_20385	chr10	112174357	112174858	292	60	462	129	318.5	367	284	443.5	398	298.5	358	387.5	371	458	183	380	427	456	270	315.5	268.5	269	227	284	211.5	247.5	203	204
all_peaks_20389	chr10	112185572	112186073	2.5	2.5	13	6.5	49.5	247.5	1.5	202	126	267.5	13.5	100	52	107	3.5	88.5	96.5	195	6	36	47	190.5	34	130.5	132	168	64.5	163
all_peaks_20450	chr10	112533932	112534433	13	1.5	23	4.5	115	430	23.5	356.5	181	334	48.5	345.5	96	166	2.5	233	109	218.5	12	75.5	229	327.5	202.5	311	265	317	289.5	263
all_peaks_20470	chr10	112620306	112620807	127	157.5	221	186.5	108.5	10.5	154.5	19	43	6	140	29.5	101.5	63	149	31.5	107	35	159	114	35	5	53	19	34.5	7.5	44.5	17
all_peaks_20472	chr10	112624260	112624761	167.5	194	175.5	203.5	99.5	59	162.5	117	56.5	18.5	146.5	115	93.5	99	186.5	86	119.5	84	171.5	135.5	124	40.5	144	91.5	85	37	119.5	76
all_peaks_20475	chr10	112632386	112632887	122.5	189.5	128.5	218	47.5	32.5	48	27.5	46.5	41	55	43	32	25	59.5	18.5	43.5	28	56	32.5	55	53.5	73.5	31	61	62.5	79	51
all_peaks_20566	chr10	115426485	115426986	1.5	1.5	3	2.5	17	51	12	84.5	56.5	147	49	198.5	21.5	11.5	5.5	23.5	28	67.5	29.5	34	35	32.5	69	55.5	51.5	69	222.5	133
all_peaks_20583	chr10	115721250	115721751	198.5	166.5	211.5	98.5	169	221.5	245.5	149	191	131	194	239	150.5	152.5	199	180.5	232.5	184.5	249	216	167.5	67	201.5	80.5	115	78	185.5	78
all_peaks_20599	chr10	115933820	115934321	441	433	455.5	447	340	255	375	229.5	222.5	204	351	276	328	329	387	251.5	328	229	350.5	310.5	330.5	247	358.5	290.5	290.5	245	269.5	249.5
all_peaks_20642	chr10	116286390	116286891	231.5	244.5	223.5	244	183.5	90	212	172.5	181	80	206.5	134.5	157.5	173.5	233.5	160	165.5	131	202.5	150	175	117.5	186	159	163	77	143	110
all_peaks_20644	chr10	116301040	116301541	176	168.5	350	272	107	96	113.5	87.5	188	116	151	160	124.5	142	120	118.5	195.5	180.5	147.5	128	144	85	171.5	161	137	100.5	176	164.5
all_peaks_20645	chr10	116303983	116304484	133	133.5	170.5	133	180.5	113	214.5	180	144.5	79	217	162	132	175	194.5	216.5	146.5	143	177	212.5	80.5	32	89	47	90	28.5	98.5	67.5
all_peaks_20666	chr10	116561004	116561505	74	14	34.5	12	161.5	123	149	84	117.5	51	169	153.5	200	143	159	122.5	159.5	142.5	129.5	119.5	170	26.5	79	34.5	132	21.5	122.5	57.5
all_peaks_20712	chr10	118483378	118483879	89.5	83	30	123	36	4	155.5	10.5	20.5	4	207	77.5	9	10	151	31	44.5	6	185.5	127.5	2.5	3	51.5	17	4.5	4	51	31
all_peaks_20783	chr10	120457920	120458421	139.5	223.5	123.5	205	148	118	230.5	57	138.5	56.5	242	209.5	129	125	207.5	150	190	144	219	216	130.5	45.5	121	47	111	51	135.5	75
all_peaks_20808	chr10	120850427	120850928	215	74.5	162.5	37.5	189	144	197	54	181	77.5	126.5	147.5	239	214	171.5	149	165.5	166	80	145	150	36	98	16.5	103.5	27	45.5	11.5
all_peaks_2083	chr1	21258752	21259253	9.5	4.5	30.5	4	12.5	92	5	81.5	47.5	141	7	82	28	12	5.5	16	18	37.5	5.5	11	40	209	31	189	87.5	156.5	59.5	161.5
all_peaks_20842	chr10	121028308	121028809	228	175	301	205	78.5	177	82	264	154.5	130.5	77	147.5	122	122.5	80.5	196	166.5	233	152	119.5	123	138.5	187.5	224.5	155.5	146.5	115.5	119.5
all_peaks_20849	chr10	121060812	121061313	108	89	165.5	83.5	172.5	122.5	191.5	234	210.5	112.5	177.5	156	176.5	205	133	248	150	163	136.5	220	95	68	125	104	78.5	64	116.5	83
all_peaks_20852	chr10	121065566	121066067	95	99	201	88.5	127	226	102.5	270	165	209	117	220	143.5	140	99	168.5	114	150	102.5	101.5	176	234	221	270.5	214	218	200.5	229
all_peaks_20855	chr10	121073005	121073506	20	8	55	20.5	45.5	154	66	214	61	166.5	68	98.5	53	65.5	37	129	45.5	101	47	69.5	18.5	65.5	52	120	41	133	56	184.5
all_peaks_20856	chr10	121074569	121075070	6	2.5	11.5	5.5	12	62	11	144.5	25	159	17.5	43.5	24	25	8.5	54	11.5	42	8.5	14	25.5	134	60.5	168.5	53.5	208	66	139
all_peaks_20881	chr10	121261737	121262238	219.5	239	215.5	382	114	53.5	266.5	61.5	154	35	351.5	180.5	106.5	82.5	282.5	118	203	90	354.5	254	49.5	22	170	52.5	32.5	38	192.5	66.5
all_peaks_20885	chr10	121276089	121276590	82	146	57.5	144	91	82	140.5	188.5	69.5	56.5	142	190.5	73.5	64.5	153	160.5	60.5	55.5	139.5	118.5	73.5	61.5	122	106.5	47.5	27.5	88.5	78
all_peaks_2094	chr1	21503198	21503699	257	307.5	272	256.5	268	293	240	252	242.5	223	264	245.5	265.5	258	247.5	223.5	290.5	277.5	255	278.5	356.5	326.5	289	300	386.5	390.5	312	346.5
all_peaks_20969	chr10	123513523	123514024	1.5	2	4.5	2	34	133.5	1	128	43.5	152.5	2.5	31.5	27.5	31	2	21.5	28	55	3	3.5	103.5	207.5	26.5	141.5	124.5	185	74.5	131.5
all_peaks_20995	chr10	124133869	124134370	349	368	368.5	333.5	298.5	250	372	283.5	289	211.5	371	227	295	252	350.5	289.5	274	188	315.5	309.5	256	267	295	317.5	217.5	220.5	263.5	207
all_peaks_21044	chr10	124913516	124914017	446.5	394.5	449	416.5	404	515.5	463.5	537.5	439.5	501.5	509	526	480	489	463.5	511.5	494.5	513.5	471	484	390.5	384.5	357	392.5	450	419.5	393.5	492
all_peaks_21049	chr10	125000781	125001282	203	219.5	100.5	163	24	1.5	30.5	4.5	12.5	4.5	22	5.5	28	20.5	48	9.5	16	3	25	8	70.5	8.5	70	2	27.5	3	12	3
all_peaks_21122	chr10	126336293	126336794	96	72.5	112.5	64.5	154.5	105	127	98.5	175	33.5	118	126.5	140	160.5	141.5	173.5	146.5	132	135	165.5	75	36.5	54	32.5	40	21.5	36	17.5
all_peaks_21133	chr10	126377375	126377876	40.5	0.5	166.5	26	186	346.5	40.5	241.5	228.5	290.5	79.5	200	192	214	19.5	175	284.5	261	42.5	94.5	137.5	118	83	152.5	178.5	162	86	117.5
all_peaks_2114	chr1	21620778	21621279	540	319.5	537	343	290	297.5	402.5	412.5	269	371	372.5	383	310.5	293.5	380.5	331.5	329.5	276.5	342.5	320.5	300.5	310	384	351.5	214.5	366.5	290	327
all_peaks_21147	chr10	126406657	126407158	214	93.5	425	154.5	306.5	356	165.5	228	314	290	220	310.5	322	270	149.5	195	417.5	366.5	218.5	223.5	310	244	153.5	151.5	252.5	263.5	154.5	181
all_peaks_21202	chr10	127730373	127730874	51	21	42.5	47	23	70.5	43.5	86	16.5	56	24.5	39.5	34	68.5	52	51	24	44	33.5	32	84.5	166	88.5	206	53.5	71.5	94	185.5
all_peaks_21216	chr10	129091922	129092423	128.5	148	73	132.5	245	182	248.5	147.5	101	61.5	207.5	211	205	258.5	188.5	234.5	120.5	77.5	128.5	141	129.5	24.5	112.5	31	28	16.5	102.5	48
all_peaks_2123	chr1	21660537	21661038	207	159	274	170	166	131	187	161	184	137	197	269.5	149	180	193.5	186.5	204	174.5	197.5	228.5	91.5	51	97	94.5	103.5	60.5	130.5	94.5
all_peaks_21242	chr10	129789452	129789953	12	8.5	12	7.5	23.5	92.5	14.5	115.5	6.5	101	18.5	55.5	21.5	38.5	6.5	87	20.5	25	10	39	22.5	124.5	28.5	134	12.5	138	40	139.5
all_peaks_21290	chr10	130833578	130834079	113	190.5	68	235	108	19.5	244	33.5	93	8.5	214	49	81.5	91.5	243.5	115	124	49.5	243.5	129.5	90	5.5	162.5	43.5	84	12	110.5	24
all_peaks_21293	chr10	130856067	130856568	68.5	67.5	64.5	101.5	90.5	37.5	173	47	107.5	24	181.5	94.5	65	88.5	167	83	90	67.5	168.5	109	65.5	11.5	77	16	53.5	14.5	70	6.5
all_peaks_21463	chr10	134261072	134261573	204.5	166	321	310	96.5	70	151	112	145.5	91.5	194	175.5	107	189	116.5	140.5	193	180	190	201.5	83	70	156	87.5	106	128.5	155.5	139
all_peaks_21478	chr10	134350934	134351435	419	415.5	378.5	399.5	523.5	410.5	417.5	415.5	495.5	454.5	460	414	640	543	543.5	558	591.5	576.5	561	560	425	487	515.5	505	570.5	513.5	491	564.5
all_peaks_21487	chr10	134385348	134385849	19.5	9	16	16.5	34	163	43	249.5	59.5	123	59.5	169.5	16.5	70	25	145	24	74.5	31	52.5	36.5	140.5	136.5	174.5	110.5	101.5	177	128.5
all_peaks_21603	chr11	189789	190290	82.5	58.5	37.5	48.5	397	434	195.5	385.5	402	368.5	131	373.5	310.5	346	142.5	337.5	172	304	92	193.5	467	515	431.5	568.5	433	409.5	416	435
all_peaks_21613	chr11	207316	207817	480	453	450.5	469	380.5	395	401.5	350.5	425	434	386	377	422	431.5	427	389	460.5	476.5	429	439.5	452.5	472	495.5	463.5	475	457	552.5	513
all_peaks_21672	chr11	406793	407294	190.5	181.5	278	222	177	123	183	107	183	86	231	156.5	171	162	163.5	152.5	223	180.5	214.5	193.5	186	122.5	173	89	215	123	198.5	148.5
all_peaks_21707	chr11	535413	535914	303.5	332.5	267.5	309.5	318	382	353	403.5	346	337	298	267	338	333	326	337.5	324.5	322	274.5	302.5	430.5	415	351	329	409.5	376	351.5	421
all_peaks_21720	chr11	568298	568799	323.5	335.5	359	347	408	385	438	501	325.5	380	374	368	422.5	444	408.5	402.5	392	457.5	417.5	441	418.5	404	478	434.5	492	449	462.5	451.5
all_peaks_21756	chr11	695010	695511	711	730.5	743.5	716	846	852	843.5	789	749.5	766.5	831	727.5	755	740.5	735.5	695.5	706.5	712	672.5	714.5	1238	1073	865	784.5	908.5	983.5	872	814
all_peaks_21898	chr11	1410737	1411238	520	616	531.5	603	293	420	385.5	389.5	223	453	341	354.5	326.5	371	329	320	302	295	301.5	274.5	376.5	552.5	361	499	389	513	443.5	490
all_peaks_2194	chr1	22366235	22366736	458	350.5	443.5	376.5	289	321.5	395.5	327.5	335.5	306.5	363	353.5	348	411	382.5	374	358.5	364.5	391.5	374.5	400.5	290	345.5	322.5	367	238.5	283	262
all_peaks_21966	chr11	1779080	1779581	45	71	90.5	87	68	33.5	149.5	83.5	149	84	186.5	204	58.5	76.5	119	101.5	123	128.5	157	181	45.5	31	59	45.5	92	57.5	98.5	95.5
all_peaks_21994	chr11	1874027	1874528	126	124.5	199	143.5	166	205	232.5	239	154	171.5	270	277	161.5	159.5	244.5	210.5	225.5	194	223.5	247	104.5	113.5	107.5	116	120.5	100.5	131	120.5
all_peaks_22004	chr11	1910356	1910857	124	168	220.5	226	210.5	120.5	310.5	168.5	205.5	66.5	323.5	267	162.5	212	280.5	181	261.5	238.5	291.5	334	107	38	99.5	49.5	133.5	38.5	131	63.5
all_peaks_22048	chr11	2098550	2099051	6.5	3	8.5	1	51	198.5	10	315	52.5	228.5	23.5	240	41.5	59.5	9	175	24.5	66	12	59	38	231.5	59	242.5	76.5	253.5	107	242
all_peaks_22089	chr11	2322979	2323480	64.5	81.5	72	91	122.5	70	179	90	99.5	37.5	240	122	106	112	144.5	96	138.5	99.5	179.5	188	78	29.5	52.5	44.5	52	57	69	83.5
all_peaks_22142	chr11	2488498	2488999	104.5	109	95.5	126	117	91	223	116	121.5	48.5	210.5	155.5	114.5	145.5	185.5	141.5	139	72.5	203	197.5	67	28.5	108.5	42	87	16.5	160	39.5
all_peaks_22196	chr11	2954558	2955059	43	14.5	45	30	66.5	133	86	219.5	80.5	83	83.5	152.5	103	128	59.5	124	81	95	87.5	92	128	167.5	151.5	178.5	90	163.5	168.5	225.5
all_peaks_22209	chr11	3028073	3028574	4	10	36	167	14	5.5	9	3	72.5	39	232.5	77	19	5.5	23	2	107.5	63.5	245.5	140	5	3	1.5	3	68.5	14	96	11.5
all_peaks_22213	chr11	3035480	3035981	264	235.5	203	392	181	152.5	293.5	20	177.5	79	378.5	208.5	168	182.5	285	70.5	259	197.5	368	317	188	43.5	167	18.5	180	71.5	179.5	35
all_peaks_22222	chr11	3070990	3071491	62	4.5	141	10	106.5	133	7	28	137	76	7	20	170	152	5	37.5	174	135.5	26.5	21	157	158	17.5	30	168	166.5	22.5	19
all_peaks_22260	chr11	3444004	3444505	344	331	271.5	324	346.5	354.5	286.5	374.5	282	358.5	267	306.5	346.5	417	351	418	326.5	384	272	341.5	416.5	391.5	402.5	432	410	415	420	397
all_peaks_22281	chr11	3806341	3806842	104.5	82.5	151.5	165.5	113.5	281	77	245.5	102	193	138	266.5	137	117.5	67	142.5	111	197.5	98	117	133	159.5	153.5	123.5	163.5	95.5	172	82
all_peaks_22291	chr11	3862467	3862968	356	330.5	360.5	377	271.5	271.5	219.5	286.5	222.5	315.5	209.5	286	208.5	226.5	202	167.5	222	218.5	206	190	208	327	249.5	355.5	247	335	191.5	374.5
all_peaks_22295	chr11	3875559	3876060	191	235.5	170.5	228.5	176	122	179.5	102.5	154.5	69	182	132.5	185.5	191.5	202.5	131.5	126.5	106.5	168	133.5	131.5	104	127.5	76.5	91.5	72	70	46
all_peaks_22320	chr11	3968247	3968748	102.5	115	122	127.5	137	115	188.5	177	120	97	202	151	154.5	132.5	174	148	158	126	192	152.5	75	47.5	93.5	57.5	68.5	40.5	94	68.5
all_peaks_22347	chr11	4111408	4111909	218	212.5	128	197	151	33.5	186.5	17.5	85	13.5	144.5	84.5	135	163	160	107.5	114	77	149.5	141	68	5	52.5	2	40.5	1	26.5	3
all_peaks_22350	chr11	4115675	4116176	296.5	276	289	326.5	203	223.5	193	216.5	283.5	218.5	212.5	238	186	202.5	199.5	200	207	229.5	197.5	210	220.5	165	178	162.5	211	144.5	198	154
all_peaks_22401	chr11	5710781	5711282	115	176.5	98.5	122.5	85	44	202.5	85.5	70.5	39.5	199	88	98	85	208.5	94	84	54.5	178.5	125.5	81.5	31	106.5	56.5	45	33.5	87	54
all_peaks_22421	chr11	6255876	6256377	770.5	659	731.5	663	739	699.5	695	731.5	620	584.5	710.5	766.5	758	760	766.5	750	735.5	786	810.5	871.5	762.5	753.5	741	732	656.5	658.5	798	797
all_peaks_22439	chr11	6411414	6411915	316	234	352.5	282	334.5	311.5	315	226	351.5	228.5	312	292.5	363	369	319	317.5	333	312.5	319.5	373.5	284.5	212	290	232	278	222.5	300	264.5
all_peaks_22442	chr11	6423821	6424322	194.5	289	163	323	106.5	128.5	239	176.5	143.5	93.5	305	270	126	121.5	267	204.5	177	121	293.5	234	100	45.5	107.5	61.5	92	62.5	124.5	113.5
all_peaks_22447	chr11	6434836	6435337	107	195.5	30	188.5	15.5	26.5	56	28	18	9	35.5	19	27	17	67.5	26	10	7	30	13	18	27	81	44	5.5	8.5	30	40
all_peaks_22577	chr11	8710403	8710904	92.5	83	104.5	98.5	161	272.5	166.5	257.5	224.5	290.5	172	312	134	159.5	126	199.5	166	216	159	159	150.5	180.5	129.5	173.5	223.5	218	150.5	204.5
all_peaks_22607	chr11	9082208	9082709	1	1	5.5	1	50.5	143	17	169	42	102.5	33.5	170	45.5	25	14.5	63.5	18	44	14	29.5	129	152.5	161	202	91	92.5	179	183.5
all_peaks_22630	chr11	9271713	9272214	68	108.5	49	143.5	40	37	92	86	29	81	145.5	146.5	25.5	27	106	135	34	27	137	194	16.5	19	36	27.5	7	17.5	18.5	20
all_peaks_22635	chr11	9335964	9336465	323	331	431	424.5	366	344.5	292.5	373.5	443	403	447	478.5	319.5	323	296.5	324	457	524	418.5	415.5	376	357.5	370.5	381	430.5	396	458	467
all_peaks_22654	chr11	9587471	9587972	28.5	1	23.5	1	121	286.5	20	352.5	165	329.5	16.5	141.5	126.5	183	7	143.5	104.5	178	8.5	52.5	221	507.5	101.5	379	252	428.5	158	372
all_peaks_22657	chr11	9594769	9595270	281.5	191	323.5	199.5	439.5	464.5	359.5	407	450.5	503.5	399	406	405.5	352	334	399.5	374	483.5	330	400	387	459.5	342.5	451.5	458.5	518	431	458
all_peaks_22698	chr11	10329241	10329742	99.5	98	115.5	103	82	90	75.5	199	96	98.5	59	64	59	95	67.5	154	67.5	67	50	73.5	138	145.5	160	199	123	172.5	149	185.5
all_peaks_22720	chr11	10480585	10481086	105	149.5	80	108.5	138.5	137	189	224.5	154.5	112.5	223.5	241.5	128	114.5	182	195	156.5	128.5	209	210	75	72.5	107.5	98.5	63	62	105.5	121
all_peaks_2273	chr1	23694679	23695180	469.5	524.5	469	501.5	398	481	503	460.5	377	357	528	432	469	518.5	502.5	455	495	489.5	505.5	480.5	482	491.5	464.5	395	420	429.5	420	441
all_peaks_22754	chr11	10830302	10830803	486	541	488.5	519	455	451.5	482	423	430.5	401	460	430.5	480	423	472	432	426.5	419	440.5	429	421.5	439.5	411	414.5	390	406.5	361.5	332.5
all_peaks_22776	chr11	11171105	11171606	111.5	157.5	78.5	147	25	2.5	82.5	10	11	9	48.5	19.5	19	15.5	107.5	21.5	17.5	8	70	37	13.5	5.5	16.5	6.5	0.5	2	12	10
all_peaks_22798	chr11	11643400	11643901	80	53	36	29.5	193	320	243.5	374	132.5	179.5	133.5	180	157.5	215.5	138.5	300	100	150	119	160.5	261.5	306	251	345.5	190	235	223.5	343
all_peaks_22833	chr11	12131803	12132304	270	178.5	290	210	318	439	279	390.5	366.5	329.5	309	358	290.5	280.5	232.5	334.5	313	345.5	291	338	253	298	243.5	304	284.5	338	256	312
all_peaks_22851	chr11	12172347	12172848	5.5	6	7	6.5	36.5	155	13.5	181.5	55	137.5	29	120.5	28	64	13	98	52.5	95	18.5	44.5	30.5	162	27	98.5	40.5	149	37.5	158.5
all_peaks_2286	chr1	23851208	23851709	49	19.5	36.5	26	118	46.5	78	13.5	131.5	25.5	148	109	100	64	82	69.5	152.5	127.5	122.5	162	42.5	5.5	32	6	27.5	6.5	24	8
all_peaks_22879	chr11	12246041	12246542	206.5	111.5	280	179	200	248	203	237	219	205.5	250	216.5	200	293.5	152.5	199.5	232.5	265	187.5	208.5	161	152.5	163	127	142	109.5	166.5	105
all_peaks_2288	chr1	23854638	23855139	89	33.5	94.5	29.5	176.5	188	128	66.5	170.5	134	166	136.5	201.5	159.5	133	127	172.5	157.5	128.5	112.5	130	73	91.5	47.5	103	63.5	62	47.5
all_peaks_22892	chr11	12387757	12388258	100	121	47.5	75	131.5	24	149.5	11.5	30	4	85	13.5	149	115	134.5	54.5	74.5	34	96	61.5	97	7	54.5	6	31.5	3	21.5	6.5
all_peaks_22935	chr11	13298883	13299384	447	425.5	474.5	432.5	453	407.5	484.5	397.5	391	436	438.5	472.5	463.5	401	454.5	383.5	446	428.5	473	475.5	354.5	296	349.5	382	316.5	313	366	319
all_peaks_22968	chr11	13890519	13891020	298	340.5	144	352	71	13.5	124	11.5	29.5	9.5	83	27.5	50	62.5	139.5	29	60	21.5	149.5	51	55	10.5	105.5	55.5	28	9.5	79	36.5
all_peaks_22970	chr11	13945526	13946027	93.5	102.5	65.5	94	120	32	128	22	96	14.5	145	74.5	98	118.5	166	67	152	84.5	175	144.5	60	5.5	42.5	3	45.5	3	34	8.5
all_peaks_22972	chr11	13962041	13962542	103	120.5	59.5	141	45.5	8	130	2	30.5	2	167	48	41	38.5	151	24	46.5	20.5	185.5	100	11.5	0	8	0	4.5	1	35.5	10.5
all_peaks_23023	chr11	14436654	14437155	36	21.5	123	84	185.5	154.5	165	185.5	227	191.5	262	229.5	143	180.5	78.5	162.5	209.5	251.5	204	246	80.5	53.5	97	87	201.5	126	136.5	144
all_peaks_23043	chr11	14576381	14576882	123.5	176	87	171.5	41	12.5	71.5	67.5	21	6.5	38	26.5	45	51.5	74.5	85	33	13.5	51.5	83	31.5	15.5	60	18.5	19	8.5	27	16.5
all_peaks_23045	chr11	14600028	14600529	231	185.5	241.5	259.5	124	62.5	127.5	112	78	56.5	133	137.5	116	123.5	157.5	113.5	151	109.5	152	112.5	97	58	132	94.5	90.5	37	145.5	52
all_peaks_2313	chr1	23946040	23946541	254.5	209.5	106	152.5	124	30	177	59	63	15.5	143	65	110	86.5	192	69.5	63	43.5	110.5	76	97.5	23.5	79	32	51	14	57.5	30.5
all_peaks_23130	chr11	16771212	16771713	3.5	3	2.5	4.5	16.5	154.5	2.5	163	36	172	6	134	28	35	3.5	73	27.5	82	1	18.5	34	131	17.5	138	61.5	122.5	88	136
all_peaks_23223	chr11	18034432	18034933	389.5	330	454.5	362.5	466	471	466.5	498	397	462	485	418	464	464	467	474.5	469.5	460	472.5	454.5	435	380	437	438.5	391	386.5	514	413.5
all_peaks_23248	chr11	18405306	18405807	22.5	17.5	31	20.5	93	240.5	35	539.5	57.5	232	39.5	168	84	81	34.5	135.5	46	83	30.5	49	68.5	263	75.5	392	52	281	120	334.5
all_peaks_23312	chr11	19262407	19262908	64	33	53	27.5	291	318	147.5	351.5	286	236.5	236	306.5	183.5	200	135	246	178	289.5	152.5	191	286.5	274.5	248.5	252.5	257.5	271.5	249	313
all_peaks_23423	chr11	28129539	28130040	256	209	254.5	214	324	314.5	246.5	348.5	352	404	228.5	289.5	254	280	210	289.5	243	298.5	229	236	312	322.5	282.5	350	315.5	390.5	294	334
all_peaks_23607	chr11	34255499	34256000	55	62.5	33.5	76.5	30	35	55.5	195.5	8	20.5	53	28.5	22.5	27.5	78	122	35.5	23	91	53.5	25.5	57.5	100	215.5	27.5	70	56.5	199.5
all_peaks_23619	chr11	34360678	34361179	2.5	0.5	1	3.5	4.5	2	12.5	28.5	8	6	60.5	138.5	2.5	6.5	4.5	130	9.5	18.5	25	175	1.5	0.5	2	2	1	2.5	11	15
all_peaks_23637	chr11	34671957	34672458	126	121.5	272.5	270	31.5	126.5	69	57	55	112.5	101.5	126.5	37.5	54	57.5	65	53.5	57	69	48.5	63	88.5	80	87.5	48.5	91.5	103	74.5
all_peaks_23675	chr11	35103999	35104500	197.5	203	211.5	172	192	206	254	224	229	151.5	240	347.5	227.5	255	226	276	231	206.5	227.5	266	202.5	81.5	161	146	113.5	61.5	128	123.5
all_peaks_23709	chr11	35268946	35269447	245.5	246	394	298	52.5	7	118.5	16	48	14	151.5	26.5	85	86.5	140	24.5	174	97	176	95.5	8	2.5	17.5	16	20.5	13	29.5	26.5
all_peaks_23722	chr11	35352417	35352918	86.5	113.5	117	60	179.5	27	240.5	17	39	10	132.5	20.5	149.5	156.5	222.5	91	96	70.5	127	133	78	1	46.5	5	8.5	1.5	2.5	0.5
all_peaks_23766	chr11	36374400	36374901	100.5	25.5	223.5	39.5	43	17.5	121.5	33	37.5	39.5	118.5	78.5	65	46	107	82.5	105.5	50.5	109	104.5	30	9.5	48	36	35	26	32.5	29.5
all_peaks_23846	chr11	43701910	43702411	679.5	675.5	681	705	669.5	588.5	660.5	590	555	570	654	593	608	591.5	678	619	650	588.5	632.5	616.5	551.5	567.5	580	561.5	528.5	546.5	628.5	551.5
all_peaks_23854	chr11	43890444	43890945	44.5	16	139.5	44.5	92	144.5	162	239.5	126.5	186	164.5	220	116.5	135.5	108	188.5	142.5	122.5	163	141.5	113.5	121	180	163	89	70.5	155.5	102
all_peaks_23885	chr11	44551923	44552424	8.5	6	4	4	105.5	112.5	114	169	95	115	83	74.5	71.5	87.5	56.5	85.5	48	38	48.5	53	94	163	182	177	68.5	125	158	127.5
all_peaks_23890	chr11	44586730	44587231	298	270.5	335	242	391.5	396	392.5	466	346.5	492	368.5	363	412	433	389.5	488	425.5	469	406.5	438	421.5	429	400	486.5	419.5	490	481	557.5
all_peaks_23919	chr11	44702431	44702932	90	75	60.5	35	206.5	52.5	254.5	48.5	140.5	18	204	155	199.5	215.5	230.5	138.5	155	124.5	191.5	179.5	96.5	7	53.5	10	31	4.5	38.5	22
all_peaks_23928	chr11	44883748	44884249	22	4	96	19.5	73	169.5	57.5	195	152	233	80	159	92	137.5	35.5	141	103.5	175	50	69.5	57.5	91	63	120	103	116.5	75.5	102.5
all_peaks_24012	chr11	45939311	45939812	403.5	379	429	428	351	438	487.5	385.5	396	343.5	504.5	469	483.5	470.5	479	406.5	497	510	502	492.5	391	368.5	421.5	421.5	349	381.5	407	390
all_peaks_24049	chr11	46352661	46353162	115	163	51	151.5	27.5	9.5	117	10	23	9.5	105.5	29.5	24.5	13	130.5	12.5	22	15.5	113.5	43.5	10	8.5	26.5	5	9	4	25.5	7
all_peaks_24100	chr11	46692478	46692979	122	96.5	136	120.5	119.5	54.5	193	73	121.5	34	161	200.5	142	152.5	167.5	133.5	165.5	103	158.5	185	68.5	22.5	74	36.5	32	20.5	65.5	43.5
all_peaks_24131	chr11	47176705	47177206	23	72	48.5	90.5	36.5	10	101	10	77	15	168	102.5	34.5	23	90	14.5	114	64.5	147	122.5	17.5	1	20.5	3	42	14	63.5	14.5
all_peaks_24178	chr11	47429736	47430237	198.5	155.5	170	168	277	317	261	359.5	274.5	406	249.5	327	244.5	255.5	238	318.5	232.5	314.5	210	233.5	204.5	223.5	221.5	294.5	250	301.5	253	292
all_peaks_24250	chr11	47971917	47972418	33.5	114	65.5	158.5	50.5	27.5	151	20	73	20	214.5	113.5	57	42	115	50	85.5	57.5	179	139	38.5	5.5	59.5	11.5	48	7	77	14
all_peaks_24258	chr11	48023094	48023595	527	515	608.5	523	460.5	472	594.5	461	448	290.5	593.5	477	510	499.5	534.5	414.5	527	452	508.5	474	440.5	311	440	358	340.5	275	362.5	329.5
all_peaks_24259	chr11	48028074	48028575	28	10	17.5	6.5	62	192	17.5	138.5	91	190	41	108	62.5	82.5	13	50	58.5	99	18	23	109.5	184	94.5	153.5	124	158.5	104.5	162
all_peaks_24260	chr11	48030420	48030921	36.5	21	20	6	35.5	138	13	195	21.5	96	8	81.5	55.5	40	13	69	42	61	14	26.5	64.5	144.5	66.5	180.5	20	103	101	130.5
all_peaks_24261	chr11	48033408	48033909	63.5	7	311.5	44.5	62.5	70	20.5	20.5	128.5	109.5	103.5	83	98	51.5	23.5	31.5	211	173.5	140.5	91.5	25.5	29.5	18.5	12	63.5	99	50	60
all_peaks_2427	chr1	24862958	24863459	221	185	260	247	30.5	46.5	17.5	20.5	36.5	62.5	18.5	24	45	54.5	25.5	21	51.5	46.5	18	19.5	44	52.5	70	35.5	58	46.5	70.5	26.5
all_peaks_24273	chr11	48076837	48077338	45.5	64	51	43	142	212.5	162.5	157.5	168	112.5	206	182	157	164	169.5	156.5	141.5	178	155	174	133	107	116.5	78.5	112	132.5	130	113.5
all_peaks_24315	chr11	57092451	57092952	300	333.5	283	291.5	255	237.5	325.5	181.5	254.5	183.5	291.5	201	264	289	331.5	260	273.5	220	329.5	263	255.5	201	258	218	240	216	225.5	181.5
all_peaks_24328	chr11	57192129	57192630	58	35.5	139	69.5	121.5	334	58.5	314	199.5	286.5	115	337.5	116	114.5	63	152.5	180	179.5	110	110.5	122	260.5	147.5	228.5	190	228.5	260	234
all_peaks_24344	chr11	57298169	57298670	444.5	495	421	490.5	310.5	422	382	382.5	353.5	299.5	396	368	358.5	292.5	378.5	347.5	340	308	387	367	368.5	329.5	390	346	352.5	330	386	417.5
all_peaks_24358	chr11	57435131	57435632	651.5	625	585.5	617	642	590	573	523.5	654	471.5	561	557.5	597.5	576.5	552.5	536	551.5	598.5	549	500.5	736.5	655	655.5	630.5	633	627.5	657	672
all_peaks_24364	chr11	57479682	57480183	538	592.5	510.5	532	503.5	466.5	556.5	541.5	448.5	395.5	556.5	518	497	543	528.5	459.5	530	440	496	508	485.5	440	465.5	493	459	421	521	420
all_peaks_2437	chr1	24969301	24969802	619	586	577.5	614	462.5	413	506	462.5	528.5	394	466.5	431.5	556	505	554	522	516	512.5	530.5	531	537	580.5	593.5	528.5	606	578.5	562.5	521
all_peaks_24416	chr11	58874304	58874805	110	62	61	24.5	167.5	206.5	193	147	175	115.5	163.5	182	203	155.5	175	185	148	147.5	123.5	118	157.5	125.5	150.5	105.5	109	113	90.5	102
all_peaks_24442	chr11	59317684	59318185	138.5	200.5	126	160	135	277.5	148.5	159.5	200	360.5	117.5	223	135.5	111	118.5	137.5	83.5	147	99	108.5	135.5	232	153	144.5	120.5	204	148	179
all_peaks_24448	chr11	59383142	59383643	793.5	743.5	827	746	655.5	721	749	694.5	664.5	670	725	711.5	747	720.5	795.5	731	697	671.5	774	740	549	564.5	683.5	675	518	606	632.5	637
all_peaks_24523	chr11	60673858	60674359	445	463	390.5	492	310	368.5	442.5	365	346	337	379	394.5	384	343.5	445.5	400.5	356	350.5	413	376	393.5	376	384.5	381	339	350	393.5	465
all_peaks_24524	chr11	60679777	60680278	104.5	201.5	168	264	4	5	24.5	2	8	5.5	19.5	4	15.5	4	41.5	5	28	3	33	4.5	2.5	5	10.5	11.5	5.5	4.5	12	9.5
all_peaks_2453	chr1	25071383	25071884	357.5	404.5	362	381	344	440.5	460.5	575.5	393.5	431.5	416.5	432.5	376.5	402	443.5	571.5	479.5	434	455	453	446	589.5	582.5	599	454	555	528	618
all_peaks_24538	chr11	60753550	60754051	501	547.5	462	626	132.5	146	237	148.5	99	90.5	216.5	140.5	131.5	114	274	168.5	125	96.5	249	153.5	112.5	158.5	181	157.5	98	222.5	150	170.5
all_peaks_24551	chr11	60789078	60789579	318.5	295.5	199.5	342	152.5	76	95	41	60	27	65	35	116.5	84	117	52.5	58	38.5	110	55.5	153	77.5	101.5	46	79	28.5	65	35.5
all_peaks_24553	chr11	60793596	60794097	163.5	179	77	170	33	28.5	58.5	45	15	18.5	52	30.5	30.5	22.5	91	38.5	13	12	82	55.5	13	31	38.5	24.5	10	13.5	26.5	21.5
all_peaks_24557	chr11	60809637	60810138	356.5	484	171.5	426.5	281	295.5	351	162	168.5	89	297	145.5	285	259	325.5	226	183	132	239.5	187.5	284.5	163.5	245	152.5	232	72.5	125.5	60.5
all_peaks_24560	chr11	60822370	60822871	18	4	9	2	49	268	3	15	59.5	204	2.5	5	63	50	5	7	35.5	67	3.5	2	59	197.5	3	18.5	67	153	0	8.5
all_peaks_24564	chr11	60828597	60829098	87	51	75	40	131.5	403	105.5	340	156.5	476	149	311	163.5	157	96.5	159.5	153	195	139	123.5	131	327	151.5	361.5	138	271.5	187	241.5
all_peaks_24567	chr11	60838618	60839119	116	112	147.5	133	141.5	129	140	53	135.5	73	166	145	128	128	117.5	65.5	174.5	138.5	164.5	151.5	60.5	17	65	25	71	29	68	24.5
all_peaks_24578	chr11	60869593	60870094	220	244	198.5	230.5	119	125	194.5	125.5	101.5	54	147	114	143.5	150.5	153.5	128	150	114.5	159.5	124	94	68.5	149	84.5	77.5	50.5	108	41.5
all_peaks_24582	chr11	60879202	60879703	133	153.5	104.5	138	163	254.5	184	337.5	141	172.5	141.5	252.5	123.5	167.5	135.5	192.5	102	136.5	119	169.5	123.5	231	197.5	224	117.5	188	226	199.5
all_peaks_24588	chr11	60888168	60888669	121	165	64.5	159	4.5	6	48	4.5	3	3.5	45.5	6	12.5	6.5	61.5	3.5	9.5	5	68	14.5	7	6	14.5	2.5	9	4	6.5	3
all_peaks_24596	chr11	60928544	60929045	184	161.5	253.5	211	338.5	317	316.5	254.5	303.5	264	327.5	284	279	283.5	273.5	315	290.5	348	293.5	295	282	237.5	271	245.5	356.5	257.5	257.5	229.5
all_peaks_24628	chr11	61215070	61215571	1	0.5	1	1	6.5	28.5	1.5	85.5	3	29.5	2.5	8	7.5	12	3	10.5	3	8	1.5	1	28.5	150	4.5	147	29	115.5	12.5	150.5
all_peaks_24653	chr11	61463331	61463832	188.5	151	182.5	151.5	129	172.5	166.5	303	112	104	134	141.5	156.5	150	159.5	209.5	142.5	125	150	112	125	222	162	252.5	110	191.5	150	265
all_peaks_2468	chr1	25237526	25238027	136.5	40.5	516	265	77.5	63	34	36	229	215	181	177.5	141	95.5	37	39	358	306	209.5	151.5	100.5	65.5	50	57.5	237	209.5	231.5	170
all_peaks_24705	chr11	61793123	61793624	575.5	296.5	507.5	343	143	79.5	166.5	144	100	49.5	112	120	196	201	173	126.5	113.5	81	142	104.5	169.5	131	197.5	114	112	101.5	127.5	124
all_peaks_24714	chr11	61891070	61891571	401.5	444	384.5	414	356	260.5	388	316.5	341.5	252	383	281	340	345	394.5	330	364	335	341.5	339.5	252.5	225.5	329.5	289.5	286.5	209	307.5	238
all_peaks_2472	chr1	25256669	25257170	286	260.5	336	311	302.5	402	297	413.5	342	443	305.5	353	303	321.5	231.5	305.5	339	338.5	272	287.5	320.5	410.5	352.5	312.5	342.5	399.5	337	254.5
all_peaks_24755	chr11	62308403	62308904	21.5	5.5	36	6	37.5	116.5	8	15.5	124	253	10.5	47.5	56	60	5.5	12	99.5	160.5	7	11.5	51.5	57	12	9.5	77.5	138	20	20.5
all_peaks_24757	chr11	62323906	62324407	169	116.5	236	130.5	264.5	298	270.5	330	266.5	248.5	286.5	318	226.5	289.5	228	326.5	296	259	257.5	279.5	238	204	192.5	264	283	218	215	271.5
all_peaks_24760	chr11	62341339	62341840	239.5	260.5	227	232.5	303	206	250.5	271.5	285.5	276.5	265	267.5	300.5	302.5	303.5	300	278	297.5	296.5	299.5	358	328	343.5	390	359.5	368.5	338.5	368
all_peaks_24762	chr11	62358974	62359475	434	472.5	413	481.5	375.5	307	403	363.5	333	317	382	360	332.5	331	403	331.5	358	320.5	344.5	337	358	324	360	387.5	366	330	282.5	422
all_peaks_24764	chr11	62369094	62369595	417	477	441.5	460.5	449	582	584	591	485.5	596	525	628	508.5	513	549	588.5	491.5	552.5	566	510	690	782.5	592	723.5	693.5	808.5	659.5	738
all_peaks_24778	chr11	62408148	62408649	93.5	234.5	40.5	254	74	74	177.5	166	54	29.5	119	94.5	95.5	99	186.5	124	61	47	168.5	98.5	107	142.5	215.5	172	38	62.5	131	131.5
all_peaks_24789	chr11	62439608	62440109	82.5	51.5	130.5	85.5	150.5	242	156	121.5	170.5	168.5	197	240.5	172	177.5	124	134.5	188.5	195	185.5	155.5	125.5	155.5	124.5	87	185.5	157	176.5	123
all_peaks_24826	chr11	62607703	62608204	273	266.5	244.5	294.5	130.5	95	131.5	86	106	130	94.5	98.5	170.5	127	185	88	118	100.5	142	71	120.5	155.5	135	151	131.5	166	98	105
all_peaks_24827	chr11	62608918	62609419	349.5	408	344	384.5	709	783.5	614	736	694.5	784	674	797.5	607.5	600	537	675	583.5	677	561.5	552	623	541.5	668	597.5	566	561	681.5	577
all_peaks_2483	chr1	25281545	25282046	28	14	85.5	33.5	121.5	212	78	280	130	181.5	125	203.5	130.5	167.5	49.5	190	115.5	176	63.5	126	114	194	146	251.5	160	179	199	171
all_peaks_24867	chr11	63298877	63299378	159.5	158	121.5	135	71.5	30	101.5	41.5	72.5	9	79.5	54	103	149	133	105	103.5	87.5	97	94.5	91	23.5	69.5	26	80	11.5	51	23.5
all_peaks_24876	chr11	63334473	63334974	106.5	42.5	167	28	24	60.5	35.5	136	73.5	105.5	17.5	34.5	56.5	77	38	56	82	75.5	53.5	27.5	122.5	195	77	223	84	178	87	182.5
all_peaks_2489	chr1	25291388	25291889	225	180	386.5	308	317	386	343	372.5	429	511	394	410	256	396	270.5	417.5	382.5	483	331	410	267	246.5	355.5	273	280.5	320.5	294.5	336
all_peaks_24897	chr11	63605952	63606453	489	553	439	506	515.5	457	542.5	515	499	468	468.5	410	527.5	532	571.5	471	511.5	506.5	532.5	509	645	648	602	541.5	691.5	581	588	596
all_peaks_2490	chr1	25293072	25293573	20	5	43.5	12.5	38.5	75	20	173	74.5	170	39.5	83	40.5	93.5	12	87.5	61.5	101.5	36	64	95	139	116.5	147	87	146.5	141	204
all_peaks_24922	chr11	63705917	63706418	148.5	126	226.5	140	280	358	225	283.5	353.5	406	276	265	276	259	185	229.5	301	347	228	288.5	336	378	251	270	429	372.5	333.5	360
all_peaks_24965	chr11	63953242	63953743	828.5	892	880.5	860.5	805.5	713	796.5	830	728.5	755.5	823.5	779	826	872	975	853.5	830	886.5	844	851.5	787.5	748.5	836.5	820.5	790.5	769	789	754
all_peaks_24982	chr11	64008606	64009107	388.5	398	334.5	383	363.5	332.5	417	482	431	432.5	413.5	382.5	431.5	490	460	467	509.5	501	498.5	489	472	491.5	531	522	476.5	524	528.5	615
all_peaks_25008	chr11	64072408	64072909	262	287	224	281	410	368	374	365.5	394	392.5	357	302	432	401	442.5	397.5	426	439.5	448	425.5	539	460	501.5	457.5	559.5	485	499.5	429
all_peaks_25015	chr11	64084888	64085389	254	291.5	284.5	269.5	165	198.5	239	119.5	139.5	156.5	186	149	216.5	196.5	235	174.5	195	175	215.5	204.5	132	131	185	133.5	126	130	111.5	158
all_peaks_25019	chr11	64099134	64099635	29	17	54	32	85	225	43	166.5	175	239.5	96	180.5	92	108.5	38.5	99	143	220.5	56.5	103	101	116.5	86.5	129	137	157.5	165.5	162.5
all_peaks_2504	chr1	25323936	25324437	10.5	21	94	124	7.5	1	37.5	8.5	173.5	209.5	292	327	9	9.5	36.5	15.5	176.5	265.5	204	261.5	5	1.5	12.5	6	128.5	87	163.5	126.5
all_peaks_25062	chr11	64511386	64511887	223.5	267	168	247	140	102.5	170.5	62.5	109.5	53.5	121	99	152	124.5	166.5	99.5	111.5	95	131.5	107	160.5	55.5	128.5	85.5	151	36	106	84
all_peaks_25068	chr11	64531669	64532170	83.5	115	122	202.5	82	28	155.5	18	88	3	200.5	111	97	69.5	137	101.5	149.5	75.5	181.5	183.5	74.5	6.5	72.5	17	64	3.5	72.5	17
all_peaks_25142	chr11	64808293	64808794	315.5	321.5	329.5	311	407.5	442.5	426.5	388.5	475.5	400	470	486	412.5	444.5	393.5	405	466	420	431.5	481	481	353.5	392.5	396	500.5	387	421.5	284
all_peaks_2516	chr1	25348801	25349302	283.5	241.5	415	365	224	262	275.5	360	320.5	309.5	353	371	215	325	190	392	324.5	371.5	326	352.5	350	288.5	406	296.5	393.5	334	418.5	349.5
all_peaks_2518	chr1	25357216	25357717	37.5	14	124	39.5	122.5	191	59.5	217.5	152	123	110	209	111	128.5	22	173.5	153.5	156.5	90	147.5	121.5	129.5	140	140	114.5	133.5	151.5	123
all_peaks_2519	chr1	25358635	25359136	221.5	118.5	199	121	77.5	44	34	50.5	86.5	85	38	63.5	68.5	94.5	47.5	58	92.5	80.5	30.5	62	65	41.5	104.5	48.5	85.5	67.5	103.5	46.5
all_peaks_25205	chr11	65149664	65150165	254	267	270	262	260.5	272	215.5	390	256	273	248	288	242	234.5	215.5	242.5	254	274	220	208.5	279	353	297	418	301.5	372.5	288.5	379.5
all_peaks_25218	chr11	65192565	65193066	223.5	305.5	247	301	99	108.5	134.5	92.5	93.5	99.5	134	94.5	95.5	76.5	124.5	73	142.5	88.5	138.5	115.5	127.5	164	126.5	135	199.5	165.5	133.5	113.5
all_peaks_25228	chr11	65239468	65239969	148.5	150	148.5	135.5	75.5	67.5	52.5	122	43	82	36.5	35.5	78.5	97	42	75	66	79	25.5	36.5	99	148.5	178.5	171	95	127	126.5	136.5
all_peaks_25237	chr11	65274096	65274597	84	94	65	80	88.5	27	36.5	94.5	105	56.5	36.5	27.5	78.5	70	28.5	59.5	31.5	27	16	18	163.5	115	365	239.5	80.5	70.5	291	129.5
all_peaks_25253	chr11	65313755	65314256	261.5	209.5	313.5	265.5	172	129	158.5	122.5	161	100.5	147	86.5	162	196.5	172.5	192.5	162	198	193	169.5	251.5	175	231.5	151	227.5	163.5	182	195.5
all_peaks_25255	chr11	65320745	65321246	105	157	40.5	124.5	58	38.5	131	73.5	19.5	12	90.5	51.5	90.5	104.5	133	120.5	42.5	36.5	133.5	85.5	139	53	142	84	44.5	20.5	155.5	61
all_peaks_25260	chr11	65337593	65338094	339.5	298.5	290.5	334	270	348	290	391.5	326	373	296.5	313.5	304.5	341	291.5	327.5	329.5	368	296	326.5	338.5	454.5	420	483.5	379	552.5	472.5	490
all_peaks_25267	chr11	65355632	65356133	26.5	16.5	35.5	17	59	127	29.5	163.5	126	116	61.5	150.5	69.5	64.5	18	114	85	137	39.5	75.5	102	78	81	85.5	143.5	108	131	111
all_peaks_25281	chr11	65382720	65383221	646.5	603.5	558.5	568.5	632.5	652.5	603.5	594.5	678	670	602	592	647	662	634.5	652	636.5	679.5	629.5	688.5	722.5	737.5	659.5	720.5	772	742.5	765	720.5
all_peaks_25296	chr11	65407058	65407559	244.5	211	400	275.5	67	19	97.5	41	67	14.5	75.5	69.5	69.5	65.5	90.5	45.5	104.5	52	69	60	89.5	22	110.5	21.5	41	14.5	70	48
all_peaks_25308	chr11	65430192	65430693	159	133	172	131.5	128.5	77	108	147.5	143.5	127	112	91	133.5	128.5	112.5	152	145.5	140	114.5	136.5	174	193	188	229	209.5	246	197.5	261
all_peaks_25338	chr11	65626805	65627306	230	258	298.5	367.5	371.5	423	400.5	406.5	489	395.5	407.5	412	284.5	395.5	321.5	368.5	388.5	417	378.5	433	344.5	389.5	367	357	422.5	406	434.5	395.5
all_peaks_25353	chr11	65667880	65668381	282	162	264.5	206	200	203	156.5	290	207.5	183	133	149.5	202	196.5	125	211.5	125	157.5	105.5	121	232	341	296	367.5	200.5	259.5	276.5	292
all_peaks_25392	chr11	65819433	65819934	394.5	392.5	453.5	384	421	576	538.5	541.5	428	480	482	465.5	475.5	519	485	489.5	491	529.5	470	521	496	508	486.5	496.5	475.5	488.5	454.5	498.5
all_peaks_25396	chr11	65848889	65849390	136	158	98.5	148	86.5	43	149.5	38	22.5	16	82	32	101.5	78	176.5	63	104	54.5	140.5	91	58	16	69	26.5	39.5	20	44	11.5
all_peaks_25429	chr11	66024427	66024928	214	217	214.5	305	105.5	97	187.5	96.5	140	90	225.5	155.5	124.5	110	186.5	93	188	128	216.5	162.5	162	107	165	99	160	123	199	139
all_peaks_25435	chr11	66035687	66036188	245.5	260.5	235.5	252	225	282.5	283.5	296.5	258.5	238	265.5	276	288	339.5	289.5	301	322.5	320.5	281	283.5	370	419	321.5	333	472	393.5	363.5	378.5
all_peaks_25455	chr11	66079657	66080158	445.5	636	546	657.5	262	195.5	371.5	187	332	227	435.5	229.5	326.5	320	418.5	272	367	299	494	374.5	351.5	259.5	392	302.5	413	289	406	307
all_peaks_25462	chr11	66103922	66104423	26.5	18.5	47	47.5	32.5	81	32	43	93.5	184	54	124.5	40	47	20.5	37.5	69	136.5	57	53.5	52.5	56	61	94	91.5	132	117.5	197.5
all_peaks_2549	chr1	25558750	25559251	188.5	213	226	248	119.5	88.5	100.5	53.5	130	105.5	108	113.5	132.5	131.5	128.5	90	151.5	134.5	145	115.5	133	91	157.5	109	122.5	95.5	173	102
all_peaks_25490	chr11	66233974	66234475	200.5	198.5	167.5	164	141.5	118.5	144	138.5	123.5	124.5	115.5	82	169	187	198	196	184	173.5	180.5	170.5	211.5	192.5	211.5	245	277	174.5	254	217.5
all_peaks_25498	chr11	66313362	66313863	132	111.5	180	123	206.5	346.5	223.5	380.5	286.5	275	201.5	294	201	237.5	160.5	312.5	258.5	305.5	183.5	255	243.5	306.5	234.5	333.5	300	342.5	294.5	310
all_peaks_2550	chr1	25566015	25566516	145.5	128.5	160	132.5	175	283.5	168.5	296	198	268	158.5	232	226.5	262	162	298	159	207	139	207	228	312	224	336.5	198	320	243	281
all_peaks_25514	chr11	66405720	66406221	537	560.5	549.5	555.5	457	456.5	524	463.5	436.5	384	439.5	443.5	482.5	463.5	488	429.5	470	453	472	471	502	483	553.5	486.5	476.5	425.5	464	419.5
all_peaks_25556	chr11	66725718	66726219	416	418	460.5	414.5	485	516.5	501.5	565	421.5	408	455.5	425	504	525	496	539	428	456.5	443.5	425	561	558.5	501	530	545	457.5	501	487.5
all_peaks_25597	chr11	67044922	67045423	211	204	218.5	257	169.5	206	259	199.5	174	110.5	254.5	200	235.5	211	274	233.5	257	211.5	275	258	207	134	159.5	111	182	130	197.5	165.5
all_peaks_25630	chr11	67171061	67171562	234.5	257	198.5	256	225	194.5	262	205	167	139	264	203	209	230.5	281	250	209	168.5	276.5	254.5	196	131.5	140	105	223	95	170.5	117.5
all_peaks_25632	chr11	67184351	67184852	152	239.5	118	207.5	123.5	25	96.5	9	52	15	74	21	129.5	78	138.5	21.5	97.5	43	110	68	65	9.5	35.5	11.5	36	9	31.5	10
all_peaks_25652	chr11	67250248	67250749	322	396	285.5	338.5	264	245.5	302.5	269	278	305	309.5	217	298	321	322	314.5	247.5	283	317.5	299.5	389	388.5	377	360	344.5	375.5	364.5	361
all_peaks_25653	chr11	67251641	67252142	173.5	311.5	112.5	316	82	78.5	113.5	98.5	67	73.5	126.5	93.5	83.5	87	154	67.5	103.5	77.5	130.5	108.5	82	61.5	95.5	91.5	98	65.5	81.5	55
all_peaks_25662	chr11	67273481	67273982	189.5	170.5	215	193.5	205.5	350	179	335	174	244	161.5	207	188.5	214.5	146	198	189	226.5	169	147.5	248.5	420.5	252.5	322	244.5	381.5	218	337.5
all_peaks_25663	chr11	67275555	67276056	365.5	445	396	392	482	701	533.5	682	467.5	584.5	547.5	559.5	484	494	466	529	487	562	475.5	528.5	513	567	533.5	605	555.5	679	509.5	646.5
all_peaks_25683	chr11	67397634	67398135	175	168.5	164.5	152.5	209	222.5	208.5	247.5	248.5	238.5	181.5	210.5	251	277	267	314.5	290.5	285	255.5	262	309.5	309.5	324	359	369.5	335.5	409.5	401.5
all_peaks_25703	chr11	67573124	67573625	317	299	293.5	290	297.5	277.5	336.5	269.5	253.5	289.5	279	259.5	418	462.5	410	372.5	390.5	382.5	395.5	417.5	320.5	362	347.5	387	373.5	369	364.5	378
all_peaks_2580	chr1	25876040	25876541	117.5	76.5	119.5	98.5	120.5	144.5	182	221.5	188.5	137.5	228	224.5	113.5	132.5	117	193	109	162.5	141.5	161	119	68.5	130.5	88	75	84.5	107.5	65
all_peaks_25834	chr11	68847758	68848259	37.5	17.5	22.5	23.5	151	49	117	3	79	17.5	102	49	157.5	151	113	58	124.5	105.5	100.5	76.5	35.5	9.5	13	3.5	23	3	9.5	6
all_peaks_2586	chr1	25888902	25889403	175.5	213.5	182	245.5	74.5	14.5	164.5	8.5	26	4	161	26.5	66.5	51	189.5	45.5	96	28.5	202.5	84.5	45.5	2.5	68.5	12	30.5	5.5	31.5	15.5
all_peaks_25949	chr11	71497821	71498322	295.5	280.5	282.5	273.5	258.5	226.5	291.5	284.5	287.5	351	259.5	278	408	378	414	359.5	383	370	403.5	410.5	299	290	303.5	316.5	365.5	310	317.5	306
all_peaks_26056	chr11	72379643	72380144	5.5	3.5	12.5	2.5	33	192	11.5	41.5	55	218.5	44.5	91.5	29	126	10	53.5	62	154.5	24	80.5	66	161.5	14.5	42	80	135.5	55.5	72.5
all_peaks_26074	chr11	72447698	72448199	112.5	135.5	249	184	40	11.5	77.5	98.5	73	39.5	95	72	53	52	60.5	63.5	85	68	88	73	23	46	110.5	69.5	43	50	90.5	104.5
all_peaks_2610	chr1	26002443	26002944	82.5	100.5	95	152	100	116.5	190	132.5	250	145.5	270	204.5	87.5	115.5	128.5	208	150	162.5	141.5	202.5	75	64	102.5	90	122	49	134	70.5
all_peaks_26100	chr11	72680982	72681483	32	0.5	25	3.5	145.5	154	62.5	122.5	141.5	158	43.5	118	203	173.5	36.5	108.5	165	169	22.5	89.5	75.5	96	46.5	58	91.5	113.5	88	105.5
all_peaks_26114	chr11	72853262	72853763	174	185.5	192.5	184	268.5	238	196	276	327.5	329.5	235.5	306	221	198	228	329.5	264	300	255	256.5	288	297.5	289	284	308.5	257	318.5	305
all_peaks_26192	chr11	73490352	73490853	329	341	301	295	262.5	312	318.5	356.5	331	343.5	327	334.5	337.5	327	320.5	362	324	352.5	335.5	335	390.5	428	363	399	419	444.5	371	447
all_peaks_26203	chr11	73684913	73685414	114.5	164.5	83	95.5	195.5	91	224	80.5	116	79.5	178.5	87.5	178.5	165	239	188	150.5	127.5	200	167	169.5	62.5	109.5	44	99.5	53	81.5	29
all_peaks_26207	chr11	73690977	73691478	238	250.5	238	250.5	179.5	96	261.5	110.5	126	111	268.5	173	229.5	184.5	275	179.5	220.5	147	284	220.5	215	74	183	106.5	164.5	70.5	181.5	133.5
all_peaks_26208	chr11	73694143	73694644	248	291	273	270.5	319	449	330.5	359.5	312	437.5	349	433.5	287	296.5	286.5	283.5	300	353	297	297	356	392.5	388.5	367	370	440	363.5	423
all_peaks_26215	chr11	73716219	73716720	252.5	254.5	233.5	293	210	166	276	166	145	129	224.5	196	196	233.5	267	209	227	204	248	225.5	172	107.5	167	149.5	126	74	155.5	114
all_peaks_26218	chr11	73722595	73723096	78.5	30.5	57.5	34	77.5	223.5	37.5	195.5	85	266	19.5	110	58	71	39	86	69	103	35	45	133	240.5	55.5	173.5	122	248	61	173.5
all_peaks_2627	chr1	26101292	26101793	244	319	197	387.5	110.5	62	235.5	50	86.5	102	204	71	77.5	95.5	238	131.5	124.5	67	208	158.5	89.5	32.5	136.5	48.5	53	21	66.5	31
all_peaks_26295	chr11	74659987	74660488	365.5	369.5	374	371	319	268.5	348.5	319.5	375	219.5	340.5	308	332	334.5	355	331	363.5	330	375	400.5	279.5	244	316.5	303	296.5	248	329.5	296.5
all_peaks_26316	chr11	74986550	74987051	88.5	158	91	122	146.5	53.5	212	44.5	83.5	18	193.5	96	137.5	125.5	250	98	154	75.5	197	136	73	18.5	43.5	11.5	47	12	36	9
all_peaks_26321	chr11	75039971	75040472	65	119	42.5	98.5	96.5	21.5	157	70.5	52	12.5	165	61	68	77	173.5	101	77	46.5	165.5	119	63.5	17	128.5	61	46	11	141	33
all_peaks_26400	chr11	75525923	75526424	443	410.5	466.5	496	358.5	341.5	383.5	355	326.5	369	415	379	415.5	419	479	397.5	452.5	417.5	424.5	402.5	396	358.5	426.5	356	389	359.5	478	345.5
all_peaks_26448	chr11	76155515	76156016	277	287	230.5	257	219.5	161	326	237.5	304	158.5	272	203	287.5	252	328	313	261.5	219.5	305	313	231.5	197	244	203	185.5	179	202	190
all_peaks_26484	chr11	76571574	76572075	117	105.5	144	107	228.5	329	204	339.5	251.5	261.5	199	273.5	211	240	175	267.5	216	275	203.5	248	258	302	206.5	278.5	244	327.5	211.5	294
all_peaks_26549	chr11	77531726	77532227	362.5	374	331	353.5	308.5	209.5	313	210.5	311.5	259	298.5	258.5	327	328	395	319	333	271	372.5	364.5	265.5	279.5	296	259	272.5	239	310.5	261.5
all_peaks_26555	chr11	77705738	77706239	528	531	490.5	515.5	475.5	420	538.5	502	491.5	471.5	524	547	521	550.5	624	576	487.5	437.5	570	580	483	473.5	511	496.5	455	448.5	482.5	511.5
all_peaks_26568	chr11	77899505	77900006	203	224	251.5	193.5	285.5	426.5	330.5	425.5	363	432.5	346	399	294	340	281.5	392.5	330	398.5	296.5	367	292.5	322.5	295.5	362.5	306	350.5	329	408
all_peaks_26573	chr11	77913709	77914210	103	157	88.5	146	56.5	39	171	57	72	18	134.5	95	62	68	131	127	61	41	121.5	144.5	33.5	21	79	29.5	21.5	17.5	63	33.5
all_peaks_26603	chr11	78176317	78176818	32.5	25.5	78.5	32.5	179.5	194	149.5	135.5	110	120.5	183.5	133	131.5	166.5	126.5	134.5	176	177.5	147	122.5	149.5	98	141.5	79	126.5	89	138.5	67.5
all_peaks_26642	chr11	81580658	81581159	205.5	201	221.5	224.5	188	220.5	307.5	270	216	194	246.5	295.5	211	225	299.5	270.5	296.5	215	288.5	296.5	103.5	99.5	182	144	104.5	115.5	178.5	132.5
all_peaks_26668	chr11	82666960	82667461	87.5	75.5	100.5	85.5	94	28	97.5	12.5	89	12	154.5	52	107	87	123.5	44	141.5	92.5	187	127.5	71.5	5.5	32.5	6.5	36	11	70.5	8.5
all_peaks_2668	chr1	26452821	26453322	271	262.5	210.5	262.5	199	131.5	216.5	95	134	50.5	174.5	124.5	215	166.5	222	139	185.5	140	188.5	157	188	98	224	83	155	52	129	55.5
all_peaks_26706	chr11	82997204	82997705	340	378.5	327	312	243.5	250	344.5	251.5	211.5	271	347	285.5	314	312.5	371	300	273.5	236.5	329	308	214	224	220	214	196	207	235	228.5
all_peaks_26728	chr11	85194856	85195357	183	334.5	228.5	337.5	1045.5	1027.5	639	824.5	992.5	1000	762.5	1045.5	1000	549	399.5	598.5	701.5	762.5	459	548	740.5	1009	892	1112	922	1074.5	1055	1112
all_peaks_26753	chr11	85463864	85464365	323	231.5	295	361.5	179.5	130	253.5	193	212.5	151.5	247.5	223	219.5	233	244	235.5	256.5	217	271	227	118	71.5	159	103	144	84.5	162	90
all_peaks_26768	chr11	85534710	85535211	265.5	188	287	319	185	159	247.5	233	153.5	145.5	233.5	293	211	202	285.5	240.5	229.5	177.5	257	295	99.5	79	126.5	95.5	124.5	80	131	86.5
all_peaks_26776	chr11	85650285	85650786	2.5	3	1	2	5	112	2	21.5	35.5	109	1.5	20	13.5	18	0	6	10.5	42	0	7.5	24	146	2	42	73.5	133.5	38	112
all_peaks_26779	chr11	85658972	85659473	2.5	4	4	2.5	15.5	84.5	5.5	159.5	26	171.5	6	45.5	20	27.5	7.5	40.5	20.5	45.5	4	16.5	20.5	157.5	9	146	32.5	184.5	27	162
all_peaks_26792	chr11	85758610	85759111	21.5	7	23	3.5	39	122.5	10.5	51.5	58	107	16	70.5	34.5	43.5	7.5	27.5	44.5	75.5	13.5	30.5	75	182.5	34.5	85.5	116	186.5	73.5	116
all_peaks_26801	chr11	85780071	85780572	328.5	297.5	334	261	397.5	372.5	349	381.5	467	433	370	400.5	359.5	376.5	324	437.5	374.5	419	378.5	412	363.5	342.5	374.5	374.5	351.5	419	330.5	364.5
all_peaks_26823	chr11	85894201	85894702	6	1.5	17.5	4.5	82	185.5	43.5	288	45.5	115	54	82	50.5	104	33	164.5	49.5	58	47.5	86.5	107	193	60.5	178	86	224	48.5	199.5
all_peaks_2685	chr1	26528348	26528849	95	113.5	36	58	172.5	82.5	182.5	31	65.5	18.5	98	38.5	190	221	149	107	114.5	84.5	102	109.5	133	28	55.5	13.5	32	7.5	14	7.5
all_peaks_26851	chr11	85998074	85998575	20.5	1	17.5	3.5	73.5	265	32	252.5	147	298	57	206.5	104	92.5	36.5	143	105.5	166	75	110	63.5	277	55.5	235	90	237.5	112	242
all_peaks_26854	chr11	86004146	86004647	48.5	2	42	12.5	129.5	203	140	221.5	164	216	141.5	184.5	125	142	79	224.5	142.5	137	134	204.5	140	191	90.5	202.5	126	202.5	150.5	228
all_peaks_26866	chr11	86215060	86215561	6.5	2.5	55	9	54	154.5	26	104	60	173	25.5	59.5	38	89.5	11	66.5	63.5	141.5	10.5	25	25	54	22	69.5	28.5	96.5	60.5	127
all_peaks_26875	chr11	86303953	86304454	14.5	19.5	23.5	7	69.5	141.5	54	291	68	141	60	207.5	66.5	96.5	25	160.5	45.5	137.5	26.5	67	103.5	157.5	118	184	179.5	164	133	209
all_peaks_26878	chr11	86343754	86344255	2.5	6	5.5	4.5	13.5	109	10	144	44.5	173.5	16.5	70	21	38.5	10.5	95.5	11.5	88.5	8.5	13.5	6	56.5	22	64.5	28	82.5	40.5	87.5
all_peaks_26891	chr11	86516992	86517493	10.5	2	57.5	17	93	216.5	56.5	248.5	141	202.5	43.5	207.5	115.5	106	34.5	174	135	166.5	25	76	64	212.5	47	169	108.5	180	82.5	160
all_peaks_2694	chr1	26602660	26603161	54	14	138.5	25	119	132.5	90	160	138.5	173.5	74	127.5	108	91	64	179	88.5	106	50.5	105.5	27.5	96	34	71	55	85	59	62.5
all_peaks_26956	chr11	88148059	88148560	35.5	24.5	53	33	117	64	115	55.5	137	62.5	132	95	107.5	124	108.5	103.5	108.5	95.5	91	141	30	14	19.5	11	17.5	13	29	17.5
all_peaks_26971	chr11	88576877	88577378	92	126	57	167.5	50.5	7	190	10.5	38	9	151.5	46.5	41	28	185.5	16.5	82	18	198	88	25	12	96.5	8.5	36	13.5	53.5	9.5
all_peaks_2699	chr1	26613809	26614310	180.5	169	197	197.5	213	166	323	145	213.5	112.5	371.5	261.5	218	212	304	196	266.5	213.5	336.5	280.5	99	34	84	32	141.5	40.5	112.5	34
all_peaks_27016	chr11	93245151	93245652	6	2	2.5	1	116.5	143.5	23.5	101.5	64.5	105	41.5	48.5	104.5	139.5	22	83	78.5	107	13.5	41	154.5	202.5	47.5	83	138.5	154	51	42.5
all_peaks_27042	chr11	93422282	93422783	2.5	1.5	1	1	13.5	120.5	0	235	18	173	4	84	22.5	12.5	5.5	25.5	11	47	3	17.5	64	327.5	13	211	62.5	311.5	41.5	293
all_peaks_27075	chr11	94277190	94277691	123.5	105	134	104.5	186.5	193	142.5	218	197	291	148.5	266	143	139	110	226.5	139	180.5	101.5	152	125	184.5	149.5	164.5	131.5	198.5	150	155.5
all_peaks_27131	chr11	94964323	94964824	738.5	728	663	703	652	587.5	658.5	598	558.5	510	653	599	637	638.5	721.5	676.5	633.5	577.5	653.5	650.5	618	604	617.5	597	586.5	495	591	514.5
all_peaks_2716	chr1	26704827	26705328	186.5	99.5	325	131	203.5	90.5	236.5	57	278.5	117	300.5	217.5	263.5	241	224	219.5	349	286	267	272	152.5	9	139	25.5	169.5	52	115	40.5
all_peaks_27179	chr11	95422066	95422567	77.5	107.5	37	64	48.5	38	162	79	17	74	159	108.5	24.5	30	159.5	104	22.5	23	147	150	49	36	79.5	63	19	27	71	77
all_peaks_27194	chr11	95522740	95523241	562	541.5	614.5	614	550	487	511.5	410	637	607	592	615.5	510	486.5	461	433.5	573.5	575.5	545.5	503	456	371.5	498	459	425	441.5	498	464
all_peaks_27257	chr11	95968793	95969294	3	13	6.5	8	59	126.5	25.5	105	37.5	78	40.5	66.5	34.5	47.5	19	27	41.5	63	34.5	34	100	196.5	64.5	111	103.5	157.5	81.5	91
all_peaks_27325	chr11	102139325	102139826	134.5	149	95.5	90.5	80.5	61.5	87	141.5	47	38.5	51	56.5	63	59.5	91.5	81	40	46.5	49.5	41	124.5	145	169	164	93.5	75.5	151	183
all_peaks_27337	chr11	102187899	102188400	338.5	234.5	367.5	252	206	264.5	189	313.5	308	450.5	193	403.5	254.5	187.5	211.5	313.5	314.5	328.5	275.5	296.5	165	256.5	232.5	249.5	124	262.5	184.5	252
all_peaks_27369	chr11	102323455	102323956	224	187.5	209	240	257	158	282	180	247	157.5	287	296	195.5	175	280	240	213	181	267	298.5	139	75.5	161	127.5	122	106	170	130
all_peaks_27400	chr11	102470249	102470750	1	1	1	1	10.5	76.5	8	131	35.5	103	8.5	104	22	26.5	2.5	72	13	40	3.5	23.5	27	118.5	46.5	133	33.5	135.5	48.5	119
all_peaks_2741	chr1	26868302	26868803	121	107.5	164.5	113.5	158.5	241	244	271.5	275.5	269	329	342.5	166	240.5	195.5	296	252.5	300	273.5	341	176	166	162	138	200.5	204.5	223	206.5
all_peaks_2743	chr1	26872025	26872526	244	204.5	272.5	198	319	355.5	341.5	420.5	297.5	313.5	328	440	287.5	332.5	321.5	390	324.5	334	306.5	359	225.5	221	198	221.5	197.5	197	171.5	154.5
all_peaks_27522	chr11	105892847	105893348	475	445.5	512.5	472	450.5	595.5	508.5	657	465.5	519	442	521	468	462.5	524.5	522	447.5	431	447	440.5	458.5	485.5	399.5	497	470	560.5	395	478
all_peaks_27561	chr11	107711410	107711911	33.5	12	37	14.5	110.5	186	81	283	104	160.5	74	167	113.5	116	46	202	110	123.5	42.5	101.5	100	170.5	145.5	175	105.5	147.5	164.5	137.5
all_peaks_27567	chr11	107729348	107729849	67	43.5	78.5	35	117	235.5	96.5	190	155	207.5	118.5	170.5	97.5	110.5	64.5	141.5	122.5	153.5	93	129	136	145	91.5	132	159.5	177.5	122	139
all_peaks_27589	chr11	108070612	108071113	9	10.5	5	10	25.5	67	11	162	6.5	52	11	16.5	28.5	35.5	7.5	39	16.5	23	7	19.5	11.5	148.5	3	124.5	5.5	69	8.5	95
all_peaks_27595	chr11	108093356	108093857	465.5	499.5	442	478	406.5	377.5	463	451.5	433.5	445.5	436	465.5	434.5	410	510	498.5	418	415	489	429.5	419	426.5	522.5	478	401.5	472	513	578
all_peaks_27631	chr11	108604132	108604633	7.5	4	21.5	3.5	30	99	7.5	118.5	26	148	11.5	100	29	30	4.5	23	40	53	7.5	17	46.5	152	14.5	148	78	171.5	105	207
all_peaks_27676	chr11	109948501	109949002	4	2	1	1	64	198.5	5.5	155	102	185.5	15.5	92.5	67	103	2	102.5	48.5	158	1	33	163	170.5	64.5	157.5	181.5	198.5	126.5	128.5
all_peaks_27677	chr11	109952111	109952612	1	1.5	1	2	2.5	113	3.5	36	6.5	178	1	3.5	4	12.5	0	7	8	33	1.5	3.5	7	87	4	22	17.5	124.5	6.5	46.5
all_peaks_27681	chr11	109963633	109964134	16.5	6.5	11	6.5	75	125.5	30.5	57.5	131.5	131	39	91	68.5	98	14	74	77	115.5	24	58.5	124	115.5	63.5	95	158.5	121.5	73	54.5
all_peaks_27711	chr11	110220353	110220854	7.5	2	11.5	1	56	144.5	21	173	52	148	21.5	131.5	44	41.5	14	107	42.5	59.5	14.5	54	60	123	73	146	50.5	115	95	141
all_peaks_27718	chr11	110243838	110244339	3.5	2	2.5	2	48.5	147	16	134	33	95	10	56.5	29.5	23.5	7	25.5	24.5	53.5	9	18.5	102.5	222	43	179	103.5	154	53.5	116
all_peaks_2776	chr1	27070450	27070951	197	159.5	198.5	153.5	290.5	361.5	274.5	383	300	285	270.5	321.5	290	296	242.5	357	271	264.5	249	296.5	302.5	293	313	236.5	275.5	281	302.5	274
all_peaks_27767	chr11	111249724	111250225	158.5	181.5	46	177	69.5	105.5	237.5	104.5	48.5	70	183.5	197	71	72	221	121	54	76	160.5	168	115	32.5	136.5	82	48	73	136.5	113.5
all_peaks_27791	chr11	111402348	111402849	8	7.5	4.5	35.5	10.5	49	50	120	19.5	45	86	85.5	13.5	30	21.5	70.5	13	27	64.5	52	21.5	145.5	87	163	33.5	94.5	145	151
all_peaks_2780	chr1	27113652	27114153	84.5	36.5	289	87	107.5	145.5	155.5	143	192.5	211.5	296.5	250	121	124	96	127.5	197	169	214	295.5	47	77.5	57.5	92.5	104	130	159.5	186
all_peaks_27801	chr11	111472641	111473142	161	135.5	183.5	167.5	213	232.5	187.5	256	256	296.5	245	274	161.5	195	155.5	266	186.5	269	195	216.5	239.5	259.5	221.5	244.5	298	282	251	296
all_peaks_27826	chr11	111809461	111809962	27.5	39	20	42.5	54	60.5	33	171	53.5	100	37.5	69	32.5	44.5	21.5	47.5	38.5	52	30.5	36.5	27.5	180.5	24.5	197.5	20.5	219.5	51.5	187.5
all_peaks_27908	chr11	113433613	113434114	2.5	1	1	1	18	192.5	2	73.5	48	139	2.5	44	33	41	1	27.5	20	79.5	0	5.5	63.5	149	7	39.5	79.5	168	27.5	71.5
all_peaks_2791	chr1	27159953	27160454	325.5	221	342	248	219	165	239.5	240	215	113.5	229.5	178	244	297	249	240	283	259	240.5	266	213.5	100	224	146.5	204	71	201.5	96
all_peaks_27912	chr11	113458124	113458625	9	2	1	1	77	262	20	214.5	170.5	272.5	59	169.5	108	215	3.5	137.5	78	222	21.5	86.5	214	268	105.5	222	289	271.5	235	260
all_peaks_27920	chr11	113545675	113546176	3	3.5	1	2.5	14.5	161.5	1.5	84.5	51	226.5	5.5	91	19.5	36.5	4	32.5	34	149.5	3.5	24	14	72.5	4.5	39.5	76.5	129	59.5	83.5
all_peaks_27955	chr11	114030663	114031164	214	223.5	158.5	234	92.5	33	205	38.5	69	12.5	179.5	49.5	140	122.5	216	78	122	53	198	109	125	30	127	45	109	10	124.5	25.5
all_peaks_27962	chr11	114053812	114054313	107.5	74.5	114	97	135	81	301.5	66.5	158.5	76	317	230.5	124.5	173.5	259.5	126.5	196	120	328	330.5	59.5	33.5	110.5	24	76	35	133.5	36.5
all_peaks_27969	chr11	114087445	114087946	24	13	16.5	15	86	34	95.5	8	65.5	13	125	29	96	150	80	52.5	97.5	57.5	107	167	10	7	15	1.5	19	7	18	1
all_peaks_27997	chr11	115093148	115093649	18	0.5	92	12.5	111.5	111	12	91	78	67	25.5	51	96.5	112.5	5.5	73	78.5	103	5.5	33	192.5	84.5	101.5	58.5	155.5	53.5	65	46
all_peaks_28016	chr11	115795748	115796249	2.5	0.5	1	1	7.5	285	0	359	12.5	244	3.5	206.5	42	52	2.5	100.5	35	102.5	4	42.5	23	337	8.5	322.5	10	286.5	40	219.5
all_peaks_28073	chr11	116881810	116882311	5	1.5	5	2	31.5	117	2	115.5	47	134.5	3	20	37	41	0	47.5	34.5	45	3	17	38.5	176.5	9	113	84	159	12	84
all_peaks_28138	chr11	117685944	117686445	79	69.5	108.5	83	52.5	89	111	284.5	100	151	106	215	42	82	114	222.5	133	125	153.5	192	73	150	165	213.5	41.5	115	129	211.5
all_peaks_28145	chr11	117699264	117699765	38	23.5	139	47	31	26	45	94	95	121	118.5	147.5	45	47	22.5	61.5	134	165	83.5	80	16.5	28	66	89.5	98.5	102.5	168	150
all_peaks_28167	chr11	117821830	117822331	88	106	88.5	118.5	87	30	173.5	25.5	129	21.5	148.5	86.5	126	103	151.5	88	130	62	163.5	135.5	76.5	21.5	96.5	22.5	91	22	76	19.5
all_peaks_28180	chr11	117872701	117873202	51	19.5	39	17.5	206.5	158.5	194	181	282	226.5	205	192	190.5	250	119.5	226	161.5	166.5	160	299	133.5	184.5	138.5	158	132.5	176.5	133	178
all_peaks_28183	chr11	117878225	117878726	76	24	89.5	26.5	133.5	46	107.5	12	129.5	44.5	144.5	72	140	131	102.5	49.5	146	105	99	99	43.5	6	21.5	5	66.5	11	25	2
all_peaks_28187	chr11	117885964	117886465	8.5	11	65	53.5	27	9	31	3	73.5	59	141.5	74	25	45	17.5	40	115.5	100.5	128	176.5	4.5	3	4.5	2.5	55	21.5	16.5	12
all_peaks_28196	chr11	117922154	117922655	204.5	213	218	227.5	160.5	96	265	61.5	123	57	231.5	140.5	211.5	161.5	216.5	121.5	203.5	121	209.5	202.5	107.5	44.5	115.5	44	67	57	59	33
all_peaks_28210	chr11	118073253	118073754	56	24.5	82	51.5	121.5	82.5	142	147	122.5	98.5	204	200.5	115.5	117.5	138	174.5	158	109	197	219	35.5	14	32.5	32.5	34.5	32.5	77.5	55.5
all_peaks_28245	chr11	118187287	118187788	264.5	267.5	249.5	298.5	295.5	237.5	329.5	251.5	252.5	183	324	288.5	293.5	279	305.5	279.5	273	255	284.5	298	171.5	96.5	195	88	158.5	63	170.5	108.5
all_peaks_28250	chr11	118209293	118209794	153.5	167.5	231	210.5	80.5	98	136	153.5	171	128	242.5	195.5	97	123.5	127.5	157.5	122.5	134	214	188	124	73	154	81.5	78.5	108.5	146.5	123
all_peaks_28277	chr11	118479189	118479690	183	167.5	224.5	176	49	21.5	32.5	31.5	37	38	33	25.5	54	35	33.5	53	54.5	44.5	33	33.5	25.5	28.5	88.5	66	33.5	21.5	62	52
all_peaks_28289	chr11	118563077	118563578	67	26.5	198.5	43	180.5	148	49.5	29	206.5	195	92.5	83	142.5	156.5	25	61	194	311.5	61	60	141	30.5	34.5	16.5	158.5	49	53.5	32.5
all_peaks_28294	chr11	118570154	118570655	142	214	176.5	251.5	23	2	52	2	13.5	1.5	117	5	54	55.5	86	15	77.5	41	109	52	11.5	2.5	20	0.5	10	0	8.5	0
all_peaks_28313	chr11	118740755	118741256	283	358	287.5	381.5	155.5	150.5	131.5	155	147.5	125.5	120.5	85.5	167.5	216	154	130	133.5	123.5	139.5	100.5	198	207.5	229.5	155	190	167.5	158.5	117
all_peaks_28316	chr11	118747447	118747948	225	251	297.5	307	95.5	70.5	208.5	114	124.5	37	195.5	79.5	143.5	138	201	126.5	167.5	128	205.5	179	81	39	124	57.5	59	25.5	89	63.5
all_peaks_28329	chr11	118766246	118766747	123.5	170.5	84	156	59	19	120	93.5	22	9.5	80	48.5	49.5	27.5	122	55	34	13	84.5	55.5	14.5	30.5	80	46.5	10.5	10.5	51	35.5
all_peaks_28334	chr11	118784983	118785484	146.5	170.5	193	224	113.5	50	132.5	61.5	79	63.5	184	159	76.5	72.5	113	78	114.5	69.5	153	101.5	44	28.5	72.5	30.5	70	38	46	59.5
all_peaks_28336	chr11	118790322	118790823	130.5	187	165.5	174	45.5	12.5	66	30.5	27.5	13	60.5	18.5	33	22	86.5	17	33.5	16	72	38.5	25.5	23.5	76	55	17.5	29	40.5	65
all_peaks_28338	chr11	118798770	118799271	291.5	308.5	225.5	287	164	97	150	97	137.5	66	125.5	121.5	149	113.5	159	109	128.5	100.5	135	104	170.5	91.5	170	156.5	147.5	127	150.5	178.5
all_peaks_28402	chr11	119177235	119177736	45.5	166	14.5	234.5	14.5	11.5	44.5	28	3	14.5	38	19	26	21.5	59.5	24.5	9.5	10	40.5	17	6	20	14	13	6	18.5	12	17
all_peaks_28486	chr11	120706522	120707023	1	2	18	3.5	20	191	2.5	57.5	32	153	3.5	14	12	63	3	30.5	13.5	70.5	0	1.5	64	179.5	9.5	105	78	166	8	59
all_peaks_28531	chr11	121319794	121320295	70	112.5	33	121.5	14	7	106.5	36	20.5	2	121.5	32.5	30.5	14	172.5	33	34.5	13	152.5	80	19	3.5	19.5	10	2.5	2.5	7	8
all_peaks_28533	chr11	121330172	121330673	93.5	101	70.5	80	64	5.5	118	7	9	10	82.5	12.5	39	34.5	169	28.5	45	16.5	185	36.5	30.5	3	7	5	13	2	6	3.5
all_peaks_28537	chr11	121335273	121335774	65.5	39.5	129.5	55.5	121	170	151.5	226	114.5	166	192	288	80	101.5	115	157.5	113.5	157.5	150	128	105	145.5	116	264	86	215.5	173	245
all_peaks_28542	chr11	121352484	121352985	80	71	153.5	100.5	123	84.5	200.5	124	133	67.5	253	227.5	105	134.5	207.5	140.5	202.5	161.5	250	173	119	47.5	146	106	149	61	181.5	124.5
all_peaks_2855	chr1	27669733	27670234	141.5	154.5	152	137.5	113	59	164.5	78.5	116	50	175.5	113	138.5	120	155	147.5	134.5	91	155	182	68.5	25	64.5	42.5	65	29	60.5	28.5
all_peaks_28591	chr11	122557811	122558312	3	7	3	7	6	37.5	3.5	43.5	15	89	10.5	36	7.5	17.5	4.5	11.5	11	29.5	8.5	14	18	125	24	129	16.5	161.5	63	235
all_peaks_28594	chr11	122567330	122567831	92	119	57.5	103.5	133	110	157	89.5	72.5	111	184.5	163.5	104.5	110	200	162.5	101.5	108.5	188	176	85	54	63	81	37	80	62	67
all_peaks_28596	chr11	122574636	122575137	6	5.5	10	2.5	14	21	11	150	26	65	21	80.5	10.5	27	8	52	20	38.5	17.5	39	22	93.5	20	139.5	13	113	40	190.5
all_peaks_28600	chr11	122588055	122588556	15	13	25.5	32	63.5	73.5	88	118.5	285	180	346	451.5	55	169.5	55.5	232.5	160.5	326.5	237.5	433	30	31	76.5	55	137	96.5	211.5	197
all_peaks_28608	chr11	122616790	122617291	90	120	110.5	125	72.5	177.5	63	256	74	167.5	76.5	206	81.5	129	38	166.5	90	128.5	49	135.5	131.5	223	197	231	131.5	203.5	196	220.5
all_peaks_28610	chr11	122619584	122620085	58	26.5	41	21.5	137	225.5	82.5	193	126.5	185.5	66	128.5	150	168	45.5	125	129	130.5	42.5	100	138.5	165.5	94.5	119.5	74	131	109.5	138
all_peaks_28629	chr11	122708970	122709471	13	60	169	166	2.5	1.5	18	2	93.5	85	80.5	48	11	5	28	1.5	111	74	126	49	2.5	0	4	8.5	33	95	51	19
all_peaks_28632	chr11	122714004	122714505	42.5	108	317.5	202.5	23.5	8.5	99.5	40	124.5	125	261.5	177	27.5	27.5	97.5	18.5	200	134	207	151	8	19.5	36	55.5	114.5	150	87	88
all_peaks_28653	chr11	122932731	122933232	515	485	460.5	468	712	463	582.5	483	639	544.5	518.5	519.5	601	522.5	514	500.5	546.5	531	542	568	513	449.5	473	464	525	434	487	449.5
all_peaks_28689	chr11	123252401	123252902	3	0.5	16.5	8.5	102	206	91.5	210	190.5	199	124	191	93.5	186	38	266.5	137	195	65	211.5	70	121.5	51.5	139.5	48	113.5	56	117
all_peaks_28704	chr11	123324920	123325421	44	7.5	63	8	84	135	55	259	153.5	165.5	60	179.5	93.5	159	38	178	82.5	157	39	89.5	86	142	157.5	163.5	83	143	123.5	129
all_peaks_28733	chr11	123551715	123552216	105	253	31.5	293.5	0.5	2.5	36.5	8.5	2	4.5	18.5	27.5	1.5	4	37.5	4.5	2	2	12	14.5	11	25.5	73.5	64	8	15	11.5	53.5
all_peaks_288	chr1	1850657	1851158	282.5	265.5	232.5	257	313.5	254	236.5	270	277	244.5	255.5	225	350	335.5	301.5	320	363.5	367	318	336.5	409.5	352.5	402.5	367	419.5	329.5	447.5	379
all_peaks_28810	chr11	124981408	124981909	473	471	493.5	492.5	541	644.5	527	537.5	438	511.5	529.5	572	498	545.5	567	541	517.5	536	535	525	484.5	505.5	469.5	463.5	380.5	471	476.5	492.5
all_peaks_28837	chr11	125462313	125462814	646.5	645.5	645.5	643	708	621	661.5	660.5	637	508.5	703	715	673	656	658	661.5	646	613	603	644.5	614	607	597	572	567.5	565.5	611.5	540
all_peaks_28847	chr11	125757226	125757727	220	176	255	196.5	336	357	351	336	298.5	352.5	297.5	376.5	300	280.5	272	309.5	282.5	306	256.5	273	249.5	205	239	273	235.5	237	231.5	224.5
all_peaks_28904	chr11	126787384	126787885	1	2	1	1	7	182.5	0	16.5	12.5	141	2.5	16	16.5	26.5	1	13	5	79.5	1	6.5	50	122.5	5	22.5	46	87.5	4	13.5
all_peaks_28917	chr11	127909473	127909974	141.5	124.5	228	136.5	192	216.5	234	165.5	231.5	224.5	240.5	273.5	174	210	210.5	249.5	222.5	243	247.5	221	100	70	131	67.5	119.5	105	123.5	107.5
all_peaks_28946	chr11	128097330	128097831	1	0.5	1	1	7	155	5.5	75	8	84.5	3	29	23.5	25.5	5	29.5	24	53	1.5	17	31	161	11	92	24.5	153	15.5	70
all_peaks_28948	chr11	128101681	128102182	2	1.5	3	3	7	71	3	14.5	2.5	119.5	2	19	11.5	10.5	0	2.5	13.5	27.5	3.5	5	6	170	7	44	12.5	128.5	4	84
all_peaks_28962	chr11	128174736	128175237	83.5	119	122.5	117	104	68	207.5	22	86.5	41.5	193	93.5	131	112.5	193.5	100	143.5	95.5	218.5	175.5	92	11	39.5	9.5	39	13.5	27.5	13.5
all_peaks_28967	chr11	128188678	128189179	55.5	50.5	125.5	100	40	121.5	42	279.5	123	207.5	105.5	233	51	101.5	35	117.5	124	179.5	104	140	20.5	138.5	89.5	207	85	177.5	157.5	194.5
all_peaks_28968	chr11	128194551	128195052	211.5	161	397.5	265.5	176.5	135.5	116	100	237	274	202.5	161.5	211.5	197	153.5	140.5	317.5	281.5	230	215.5	103	101	158.5	85	140	144	150	124.5
all_peaks_29001	chr11	128346532	128347033	218.5	221	202	228	81.5	114	158	49	101.5	47.5	175	122	104	90.5	169	85	123	86.5	183.5	154	93	54	132	41.5	82	40.5	74.5	28.5
all_peaks_29019	chr11	128392041	128392542	223	239.5	258	214.5	365	370.5	363	343	344	424	396.5	327.5	297.5	282	289.5	342	288	316	314.5	311	313	364	315	353	323	334	354.5	331.5
all_peaks_29026	chr11	128421526	128422027	18	7.5	94	20	55	159	11	134	58.5	132	17.5	70.5	54.5	63	5.5	33.5	47	65	12.5	21	67	208.5	49	199.5	132	182	98.5	174
all_peaks_29031	chr11	128449692	128450193	10.5	10.5	6	4.5	15.5	71	14.5	161	10	74.5	9	32.5	12.5	29	11.5	76.5	8	15	10	19.5	56	111.5	68.5	141.5	20.5	115	50	129
all_peaks_29042	chr11	128494088	128494589	93	90	143.5	84	136	107.5	154.5	65.5	108	49.5	199.5	121.5	119.5	117	144	138.5	169	128	171.5	147	141	51.5	55.5	27.5	116	42	41	30.5
all_peaks_29129	chr11	129509157	129509658	1	0.5	1	3.5	7.5	56.5	3	120	17.5	92	2	26.5	7	21	1	42	8	50.5	2	5.5	12.5	165.5	9.5	211.5	29	132.5	28	158.5
all_peaks_29144	chr11	129723665	129724166	199	173.5	51	90	108	22.5	187	15	26.5	7.5	109.5	16.5	124	84	205.5	44.5	55.5	16.5	134	59.5	83.5	9	99	17	6.5	4.5	46	13
all_peaks_29248	chr11	133798377	133798878	82.5	37.5	52	40	98	272	138.5	280.5	102.5	238	130.5	161	122	126.5	143	120.5	96.5	129.5	142	128	116.5	289	140	242	111	239.5	171.5	271
all_peaks_29254	chr11	133814998	133815499	392	174	368.5	321.5	255.5	299.5	447	276	348.5	351.5	542	401	252.5	301	384.5	324	351	301.5	476	445	228.5	185	332.5	220	158.5	266.5	304.5	357
all_peaks_29270	chr11	133897543	133898044	54	68.5	47	148.5	92	4.5	66.5	3	50	1	161.5	41.5	74	51	63.5	11.5	110	48.5	175.5	92	22.5	3	8	1.5	19	3.5	22.5	3.5
all_peaks_29370	chr12	648363	648864	133.5	182	181.5	276.5	17	4.5	153	3.5	12.5	5.5	109	23	22.5	11	156	15	48	12.5	163	72	10.5	4.5	50.5	16	12.5	9.5	26	9.5
all_peaks_29378	chr12	672540	673041	136	221.5	175.5	207.5	140	57	252	44	73.5	22	219.5	91.5	147.5	128.5	244	109	160	80.5	248	227	51	10	48	13	43.5	15	23	10
all_peaks_29399	chr12	778153	778654	26.5	6	30	6	18	80	14.5	141	8.5	80.5	4.5	40	17	9	10	43.5	24	37.5	11	10	15.5	174.5	48	204.5	4.5	148.5	19.5	184
all_peaks_29401	chr12	783487	783988	153	77.5	191	79	111.5	347.5	88	380	201.5	314	134	306	155.5	138.5	56	180.5	155	213.5	110.5	148	282.5	349.5	225	289	274	299.5	248	302
all_peaks_29472	chr12	1583269	1583770	3.5	1.5	8.5	3.5	21	152.5	7.5	170.5	79	141.5	19.5	175	38	39	5	64	41.5	128.5	9	30	25	69.5	13.5	59	102.5	96	124	101
all_peaks_29549	chr12	2722789	2723290	2.5	2	1	2.5	23.5	89	2.5	83.5	9	141.5	3.5	34.5	13.5	14	1.5	18.5	8	36	0	3	41	208.5	8.5	119	23	143.5	32.5	136.5
all_peaks_2958	chr1	28195486	28195987	121.5	137	126	131	170	87	189.5	106	109	66.5	210	147	124.5	162	186	134.5	178.5	129.5	184	186	83	51	46	27.5	77	49.5	60	25
all_peaks_2964	chr1	28213670	28214171	86.5	72.5	94	65.5	113	85	181	85.5	153	80	164.5	177	117.5	128	159	151	129.5	78	143	180	65.5	18.5	54.5	28.5	55.5	27.5	61	26
all_peaks_29640	chr12	4071747	4072248	147	189	75	168.5	59	9.5	94	9.5	36	13	68	22.5	88.5	92	142	26	59.5	25.5	106.5	34	45.5	21	59.5	18.5	14.5	12	37.5	14
all_peaks_29660	chr12	4228327	4228828	24	9	6.5	6.5	71	123.5	29.5	293.5	32	96.5	18.5	146	61.5	41	20	106.5	22	38	20.5	59.5	63.5	176.5	85.5	205	48.5	152	108	222.5
all_peaks_29664	chr12	4252073	4252574	120.5	90	126	113	227.5	307	305	284.5	238	252.5	321.5	344	215	243	245.5	311	204	225.5	258	323	206	247.5	234	182	215.5	196	264	207
all_peaks_29665	chr12	4255379	4255880	13	2	10	2.5	15.5	77	33.5	196	42.5	68	25.5	39	36	39.5	20.5	100.5	42.5	44.5	30.5	57	11	126	38	166.5	20.5	129.5	16.5	123.5
all_peaks_29667	chr12	4262529	4263030	27	5	27.5	12	99.5	158.5	104	293	231	224	148.5	228	116	208	58.5	329.5	133.5	225.5	123.5	300.5	49.5	108	105.5	148	101	154	146	155
all_peaks_2968	chr1	28240960	28241461	388.5	422.5	385.5	391	318.5	302.5	367.5	341.5	365	284	340	320.5	377	366	380.5	392.5	338.5	361	370	399	288	290	267.5	302.5	269	344.5	312.5	255.5
all_peaks_29755	chr12	6276898	6277399	4	7	4.5	19	11	54	22	114.5	18.5	135	22	53	9	29	8	64.5	38.5	47.5	9.5	33.5	10	82	35.5	155.5	14.5	131.5	69	161
all_peaks_29797	chr12	6536050	6536551	80	109	92.5	105	57.5	128.5	98	168	38	198.5	75	113.5	83	78.5	78.5	109.5	67	87	77.5	64.5	125.5	182	143	214.5	95.5	193	114.5	192.5
all_peaks_29809	chr12	6570974	6571475	215	265	227.5	283	159	165.5	214.5	192	157	152	238	207.5	125.5	158.5	195.5	171.5	165.5	161.5	229	194.5	72.5	114.5	140	154	72	99.5	163.5	108
all_peaks_29813	chr12	6579687	6580188	326.5	353	321.5	310.5	437.5	506.5	411	395	462.5	438	436	514	441	409	394	459.5	410.5	418	389.5	424	448	427.5	386	391.5	463.5	408.5	431	382
all_peaks_29818	chr12	6643334	6643835	134.5	125	173.5	113	259	324	294	284	231	298	233	313	235	254.5	217	292.5	202	267	234.5	234.5	235.5	259	241	261	277	240	261	220
all_peaks_29848	chr12	6772204	6772705	316	318.5	267.5	327.5	313	232.5	258.5	180.5	270.5	271.5	270	252	275.5	295	284	256	281	254	290.5	282.5	216	167	319.5	264.5	208	175	298	222
all_peaks_29851	chr12	6798536	6799037	337	331.5	311.5	334	259	166.5	287	194	247.5	281	321.5	272	278.5	276.5	252.5	253	309	281	289	302	175.5	117.5	226.5	149.5	192	149.5	253	135.5
all_peaks_29857	chr12	6833020	6833521	271	242	276.5	236	326.5	365	362.5	329	325	306	326.5	355	335	405.5	352	429.5	345.5	373.5	362	401	353	377	441.5	343	372.5	370	372	374.5
all_peaks_29868	chr12	6883817	6884318	31	5.5	215.5	31.5	12.5	3	5	26	70.5	65	119.5	110	24	11.5	5	21	141.5	112.5	86	110.5	4.5	6.5	5.5	18.5	105.5	65.5	50	23
all_peaks_29890	chr12	6960309	6960810	200.5	198.5	203.5	190	239.5	299	233.5	314	223	176	256	269	233	272.5	220.5	265.5	241	249.5	231.5	207.5	313	326.5	343.5	277	221	259.5	354	312.5
all_peaks_29891	chr12	6961393	6961894	674	711.5	657	716	549.5	622.5	633	626	660.5	596	667.5	614	692.5	704	700	742.5	714	691.5	729.5	672	668.5	650	632.5	623.5	678.5	661.5	621	623
all_peaks_29896	chr12	6982330	6982831	235.5	210	232.5	227	323	406	280.5	306.5	346.5	305	290.5	305.5	367.5	327	285.5	341	337.5	351	311.5	327	337.5	325	316.5	367	382.5	368.5	345	361
all_peaks_29914	chr12	7052823	7053324	170.5	231	169.5	238.5	256.5	274	144.5	224	287	258	176.5	381	221.5	212.5	149.5	217.5	186	260	162	176	260	263.5	223.5	208.5	246	244	280.5	223
all_peaks_29918	chr12	7070441	7070942	214.5	141.5	293.5	156	175	227	158.5	213.5	208.5	270	116.5	151.5	209	231	130	201	196.5	186	115.5	163	144	217	177.5	246	127.5	241.5	134.5	207
all_peaks_29950	chr12	7792790	7793291	184	291	170.5	258.5	64	46	98.5	67	100	26	107	82	85.5	52	118	92	90	58	166.5	67	81	86.5	117	94	134.5	82	170.5	99
all_peaks_29974	chr12	8142594	8143095	83	50.5	145.5	40	138	248.5	119.5	337	188	216	118.5	184	197.5	239.5	107.5	186	185	257	88	151	182.5	276.5	103	171	187	254	141	167
all_peaks_29979	chr12	8179066	8179567	332	376.5	304	353.5	234	166.5	227.5	189	207	180.5	200	216	239	249.5	246.5	232	219	193.5	241	194	233	229.5	246.5	249.5	220.5	214	243	200
all_peaks_29991	chr12	8234651	8235152	359.5	308.5	356.5	343.5	198.5	179.5	188.5	151.5	178	152	214	213.5	229.5	198.5	223	181.5	187.5	176	192	162.5	214.5	198	298	278	182	223.5	245.5	222
all_peaks_3004	chr1	28525968	28526469	79.5	53	218	70	166	148.5	150.5	164.5	189.5	153	164	203	218.5	225.5	133	191	242	224.5	143.5	201.5	175.5	77.5	105.5	106	153.5	130.5	139.5	132.5
all_peaks_30075	chr12	9516918	9517419	20	4.5	19.5	8	105.5	133.5	30	93.5	174.5	172.5	61.5	151	107.5	150.5	23.5	135.5	97.5	173	32.5	79.5	110	120.5	55.5	78	130	92	99	74.5
all_peaks_30098	chr12	9800537	9801038	313	289	425.5	397	396.5	268	455	214.5	430	363.5	556	397	376	391.5	421	389	475.5	409	441	464	294.5	171	311	193	294	229	317.5	224
all_peaks_3012	chr1	28585690	28586191	234	222	211.5	208.5	227.5	330	229.5	283	171	294.5	197.5	200.5	259.5	298	260.5	275	277	302.5	248.5	249.5	290.5	384	291.5	338.5	335.5	427.5	316	428
all_peaks_30132	chr12	9917270	9917771	374.5	343	319	365.5	229	196.5	233	180	286.5	215.5	233	268.5	204	277.5	221.5	214	226.5	226.5	216.5	211.5	209.5	157.5	282.5	211	164	195.5	252	180.5
all_peaks_30169	chr12	10365887	10366388	117.5	75	271	111.5	75.5	56.5	36	41.5	201.5	113.5	85.5	147.5	74.5	69	34	48	165	173	66	81	42.5	36	83	42.5	109.5	107.5	101	76
all_peaks_30189	chr12	10456641	10457142	2.5	0.5	89.5	16	15.5	87.5	9.5	78	137.5	228	65.5	123.5	17	23	3.5	34.5	141	164.5	56	78.5	14.5	71	20	107.5	87	170.5	79	107
all_peaks_30218	chr12	10547892	10548393	5.5	6	123	109	0.5	6	4.5	1	96	50.5	65.5	46	6	6.5	7	1.5	90.5	100.5	80.5	76	5.5	3.5	1.5	4	124.5	82	64.5	57.5
all_peaks_30233	chr12	10650150	10650651	1	4.5	115	98	1.5	7	4	3.5	103.5	93	115.5	79	3.5	7.5	5	2.5	136	107.5	115	71.5	1	11.5	1	4	97.5	146	84	117
all_peaks_30239	chr12	10693355	10693856	1	3.5	18.5	18.5	4	108.5	3	95.5	6.5	141	19.5	86.5	7.5	6	1	12.5	36	67	20	19	3.5	128	5.5	157	55	281	59.5	264
all_peaks_30240	chr12	10705598	10706099	1.5	2	36	120.5	1.5	2	5.5	0	52.5	55.5	60.5	67.5	5.5	1	6	0	63.5	45	104	50	0	1.5	2	2	105	122.5	153.5	211.5
all_peaks_30241	chr12	10707172	10707673	1	12.5	95.5	189	4	1	1.5	0.5	79	56	150	57.5	5	2.5	10	0	110	70	187	123.5	4	2	2.5	1.5	116	56	57	41.5
all_peaks_30346	chr12	12159901	12160402	15.5	6.5	23	3.5	31	196	6	213.5	50.5	323	14	83.5	36	40	5	59	56.5	94	15	27.5	30	186	13.5	142.5	34.5	270	37	239.5
all_peaks_30367	chr12	12509637	12510138	438	351	403.5	429	337	301	303.5	245.5	242	241.5	340.5	268.5	291	333	329	321.5	308	307.5	291	305	278	265.5	300	251	281	236.5	248	240
all_peaks_30376	chr12	12532780	12533281	224	57.5	311.5	78.5	87.5	84	46.5	54.5	108	77	76	43	98	125	75	67.5	127.5	111.5	76.5	64	97	61	83	53	75.5	87.5	40.5	46.5
all_peaks_30389	chr12	12592483	12592984	33	3.5	75	6	40	165.5	28.5	138.5	130	167.5	30.5	155.5	69	96.5	12.5	95	92.5	122	38	64.5	99.5	176	51	116	76	163	127	176
all_peaks_30394	chr12	12618996	12619497	316.5	225	129.5	240	75	50.5	75.5	47.5	30	16	78	35.5	102	97.5	91	57.5	42	28	76	46.5	75	33.5	103.5	21.5	14.5	18	64	39
all_peaks_30397	chr12	12627739	12628240	146	29.5	143	24	161.5	242	108.5	227	163.5	243	154.5	266	179.5	264.5	75.5	189	201.5	240.5	115.5	146.5	166.5	198	180	200	157.5	180	153	166
all_peaks_30401	chr12	12634982	12635483	278	239.5	152.5	278.5	87.5	47	84	27.5	59.5	44	46.5	50.5	158	108.5	114.5	51.5	106	67	83	62	99	45	109	25	93.5	25	41	28
all_peaks_30424	chr12	12735761	12736262	8.5	3.5	3	4	8	122	4	210	59.5	151.5	9	64.5	33.5	61.5	1.5	54.5	37	95.5	5.5	23	100	224.5	40	193.5	101	207	91.5	163.5
all_peaks_30436	chr12	12826109	12826610	2.5	2	4	2	9	141	5	120.5	43	206.5	11	212	29	23.5	5	47.5	33	128	14	53	12.5	112	4.5	67.5	39	239.5	48	186
all_peaks_30452	chr12	12889527	12890028	91.5	35	130	63.5	128	172	121	103.5	210	157	162	218.5	117	183.5	108.5	138	166	187.5	169	182	108	124.5	73	46.5	140.5	111	118	95.5
all_peaks_30459	chr12	12961078	12961579	167.5	204	133	217	74	35.5	111	45.5	73	35	125.5	82	83.5	84	136	62	90.5	56.5	115	99.5	42	30.5	74.5	57.5	51	26	76	46
all_peaks_30469	chr12	13052371	13052872	4	0.5	1	2	33	151.5	3	202	21	151.5	7.5	35.5	31.5	32.5	4.5	24.5	15	50	2	5	85	209	76.5	227.5	95	177.5	108.5	201
all_peaks_30489	chr12	13253995	13254496	263	222	265	225.5	161	180.5	118	120.5	163.5	219	137.5	147	138	154.5	114.5	134	152	194.5	147.5	141.5	242	240.5	185.5	256	307	271	189.5	328.5
all_peaks_30490	chr12	13256279	13256780	3	1	6	2.5	16	99	1	46	25	123.5	3	19	15.5	13.5	0	10.5	7.5	41	1.5	1.5	51.5	210.5	7	119	70.5	206	29	125.5
all_peaks_30498	chr12	13349292	13349793	73.5	55.5	67	35.5	189.5	288	168	316	191	333	143.5	223.5	175.5	284	101	290	129	234.5	98	199.5	155	283	152	299.5	188.5	311.5	145	293
all_peaks_30520	chr12	14374033	14374534	7	3	9	2.5	11.5	84	3.5	85.5	12.5	71	11.5	39	23	18.5	8.5	24	31.5	39	19	12	16.5	95.5	32	157	13.5	119.5	38	150
all_peaks_30574	chr12	14956338	14956839	424.5	481.5	451	453.5	281.5	340	429.5	383.5	335	272.5	356	402	328.5	345	406	357	325.5	272.5	377	356.5	275	329	254.5	313.5	233.5	273.5	249	284.5
all_peaks_30596	chr12	15114401	15114902	374.5	379.5	321.5	413	285.5	237	261	196	266.5	154	253	294	208.5	257	247.5	246.5	259.5	220.5	212	254.5	236	200.5	259.5	194	218	149	240	135.5
all_peaks_306	chr1	1981487	1981988	254	264.5	260.5	260	83.5	51	167	78	120.5	39.5	169.5	69	92	50.5	177	51	123.5	57.5	190.5	96	114	89.5	190	197.5	130	126.5	188	179
all_peaks_30624	chr12	15715135	15715636	42.5	132.5	8	53	42	40	163.5	102	14	31.5	150.5	70	39.5	75	135.5	158.5	17.5	22	117	154.5	35.5	31.5	61	17	9	21.5	36	21.5
all_peaks_30649	chr12	18318428	18318929	15.5	1	9.5	2.5	68	187.5	11.5	48.5	72.5	141.5	13.5	79	68	66.5	6.5	36.5	59	83.5	7	24.5	138.5	199.5	48.5	46.5	151	162.5	112.5	59.5
all_peaks_30671	chr12	19584876	19585377	7.5	4	4.5	3	30	75.5	45	157	51	212	43.5	69	41.5	38.5	23	52	39	39.5	51	48.5	58	251	63.5	226	86	231.5	79	232
all_peaks_30710	chr12	20704178	20704679	117.5	218	137.5	215.5	700.5	585.5	275	359.5	799	891	327.5	624.5	566.5	266	196	239.5	305.5	319.5	230	245.5	303	408.5	477	709	388.5	560.5	517	820
all_peaks_30776	chr12	22562451	22562952	92	2.5	216.5	26	102.5	99.5	43	85	214	146.5	28.5	26	141.5	96.5	17	76	229.5	202.5	22	29.5	122.5	128	95	72.5	180	137.5	41	37
all_peaks_30844	chr12	24992305	24992806	14	3.5	14	4	97	360	23	265	176	386.5	35	271.5	111	146.5	16.5	180	127	277.5	16.5	85	224.5	418.5	141	288	211	345	268.5	272.5
all_peaks_30860	chr12	25204709	25205210	188	179.5	275.5	198.5	91	115.5	112	101	103.5	107.5	89	79.5	100	111.5	140	70	99.5	94.5	116.5	76.5	200.5	159	203.5	169.5	163	137.5	167	149
all_peaks_30916	chr12	26427627	26428128	1	1	3	3.5	13	55.5	11.5	192	8	36	11	45	25.5	18	13	51.5	15.5	16.5	6	14	34	127	24	116.5	9	72	27	124
all_peaks_31050	chr12	27974899	27975400	44	10	62	5	84	193.5	22	203.5	67.5	262.5	22	97.5	93.5	93.5	12.5	86	35.5	133.5	14.5	25	115.5	293	109	257	135	242.5	139	236
all_peaks_31055	chr12	28017358	28017859	4	2.5	2.5	1	4	193.5	3.5	62.5	6	98.5	1	9.5	27	44.5	2	20	5.5	57	0	5.5	25	174.5	8.5	56.5	8	78	3.5	18
all_peaks_31126	chr12	30907622	30908123	418.5	384	487.5	363	406	436.5	436	449.5	306.5	347	411	348.5	374.5	380	410	397.5	363	334	359.5	401.5	315.5	341.5	303.5	366.5	249	278	313	348.5
all_peaks_31132	chr12	31004134	31004635	109	66.5	116	69.5	153	117	124	186	102	107.5	98.5	118.5	104.5	131.5	97	125	103	121.5	87.5	83.5	179.5	187	226	298.5	127.5	132	164	179.5
all_peaks_31174	chr12	31881678	31882179	350	332.5	427	395.5	434.5	447	483.5	506	433.5	370	499	510	461.5	470.5	445.5	520	475.5	430.5	452	508.5	478	424.5	489.5	467.5	510	467.5	509.5	454
all_peaks_31204	chr12	32112021	32112522	220	245	247	248.5	275	198	328	162	286.5	207	354.5	236.5	252	254	271	249	317	243.5	316	314.5	184	134.5	204	122.5	253	148.5	191.5	159.5
all_peaks_31223	chr12	32287331	32287832	14	15	26	10	42.5	162	43.5	171.5	30.5	150.5	32.5	83	53	45	34.5	32.5	42.5	69	25	27	49.5	155	86	218.5	90	165	129.5	164
all_peaks_31301	chr12	39836900	39837401	330	203.5	447.5	187	340	498	287	362.5	436.5	415.5	330	450.5	333	352	249.5	348.5	417.5	429.5	286	348	347.5	395	313.5	349	416.5	394	311.5	377
all_peaks_31434	chr12	45241649	45242150	149	155.5	211	229	106.5	75.5	162.5	125.5	178.5	129	243	240.5	101.5	101	207.5	185.5	211.5	131	262.5	213.5	62	46.5	125	69	145	86.5	180	133.5
all_peaks_31515	chr12	46608783	46609284	268.5	206	451	369.5	148.5	296	193	257.5	179.5	209.5	266.5	284.5	218	170	233	209.5	246.5	267.5	281	184.5	177	142	191.5	184.5	155	206	191	216
all_peaks_3152	chr1	31190918	31191419	487.5	495.5	467.5	497	508.5	432	476	507	467.5	366.5	426.5	393	531	593	578	596.5	535	459.5	554.5	513.5	519.5	502	530	503	547	439.5	553.5	421
all_peaks_31560	chr12	46943468	46943969	4	7.5	5.5	5	70.5	115	50.5	204.5	25	132.5	44.5	77.5	48	58.5	29.5	142	31.5	37	33	55	74.5	171.5	108.5	202	29.5	178.5	71	192
all_peaks_31564	chr12	46979504	46980005	52.5	121.5	28	76.5	91.5	12	129	12	31	4	97	24	104	93	161.5	48.5	95	50	124	93	74.5	1.5	40	2.5	45	2	35	5
all_peaks_31613	chr12	47670510	47671011	101	158	119.5	135	102.5	39	186	70.5	68	31	158.5	81.5	96	112.5	192	113	117	81.5	175	136.5	98.5	46.5	64	36	55	31.5	77	47
all_peaks_31693	chr12	48201753	48202254	87	98	83.5	83.5	122.5	98	137	279	163	192.5	184.5	210	97.5	122	123.5	215.5	137	181.5	131.5	187.5	164	144.5	181.5	148	190.5	123.5	201	189.5
all_peaks_31712	chr12	48278892	48279393	29	8.5	17	13	60.5	181.5	50	277	78	219.5	72	187.5	69	131.5	34	199	117	214.5	81	170.5	46.5	220.5	59.5	232.5	88.5	259.5	121	283.5
all_peaks_31770	chr12	49110330	49110831	564.5	471	492.5	574	368	338	368.5	292.5	370.5	423	364.5	346.5	406	405.5	400.5	372	409.5	410	388.5	404.5	408.5	331	436	409.5	408.5	368.5	395	357.5
all_peaks_31786	chr12	49245796	49246297	261	260	242	225	262.5	223	329.5	277	345.5	308	338	307.5	279.5	365.5	293	380	320.5	330.5	311	370	215.5	187.5	284.5	210	181.5	218	207.5	217.5
all_peaks_31795	chr12	49319161	49319662	184	144	282.5	287.5	80	78.5	63	46	114.5	80.5	148.5	70.5	93	85	62.5	47.5	129	105	107.5	98	56.5	51.5	47.5	36	139.5	80.5	91	77
all_peaks_31808	chr12	49412282	49412783	430.5	341	394.5	365	350.5	256	280.5	266	349.5	216	273.5	305.5	325	347.5	294	278.5	336.5	292	318	295	270	223	311	224.5	249.5	235	287.5	234.5
all_peaks_31832	chr12	49504452	49504953	471	443.5	481.5	461.5	382	418.5	413.5	284	407	311.5	442	422	506	454.5	415	372	501.5	455	456	461.5	438	366	319.5	274	483.5	318	411	238.5
all_peaks_31855	chr12	49716591	49717092	428.5	463.5	409	426.5	434.5	525	473	527	489	447.5	459	454.5	412	465	447	461	475	479.5	434.5	459.5	555	545.5	542.5	525.5	508.5	534	562	570.5
all_peaks_31930	chr12	50144114	50144615	28.5	13	30	20	38	137.5	19	140	53.5	65.5	39.5	82	47	39.5	22.5	74.5	46.5	53.5	25.5	39	58.5	188.5	97.5	167.5	65	140	95.5	169.5
all_peaks_31985	chr12	50561040	50561541	481.5	386	554	457	461	632	560	701.5	533.5	583	538.5	521	499.5	599	552	592	569	634.5	564	586	527	613.5	533	597.5	615.5	614.5	543.5	584
all_peaks_31988	chr12	50581009	50581510	17.5	3	7	3.5	47.5	225	3	78.5	43	145.5	7	25	59	117.5	3	96.5	36.5	104	5.5	25	121	194	19.5	16	123.5	192	12	27.5
all_peaks_32024	chr12	50936116	50936617	17	5.5	1	5	31	83	12	81	18	68.5	11.5	24	17	18	16	18	9.5	21.5	8.5	7.5	72.5	256	20.5	127.5	60	161	14	114.5
all_peaks_3205	chr1	31482871	31483372	7.5	5	8	4.5	77	255	24.5	232.5	50.5	128	10.5	104.5	58.5	73.5	14	74.5	43	83	13	45	124	292.5	99	242	172	224.5	107.5	176
all_peaks_32087	chr12	51712574	51713075	119.5	142	148	146	133.5	54	216	30	141	18.5	197.5	80	168.5	172	214	120.5	157	104.5	210	163	86	4.5	51	6.5	20.5	4	20.5	7.5
all_peaks_32089	chr12	51717752	51718253	115.5	107	168	147	198	157.5	186	101.5	181.5	123.5	208	165	161	196	161.5	130.5	205.5	209.5	195	199	107.5	60.5	91	68.5	119.5	98	122.5	70
all_peaks_32099	chr12	51762606	51763107	507	345	500.5	489.5	332.5	264.5	402.5	380	385.5	257	422.5	402.5	269.5	355	417.5	445	347.5	390.5	383	451.5	274.5	216.5	381	226.5	246	173	331	227
all_peaks_32130	chr12	52214462	52214963	110	158.5	144	178	87.5	146.5	75	85.5	201	178.5	146	162.5	69	68	34.5	94.5	119.5	159.5	108.5	122	137	139.5	101	101.5	237.5	194	153.5	160
all_peaks_32150	chr12	52364745	52365246	43	16	66	24.5	94.5	193.5	29.5	190.5	143	239.5	72	221.5	108	109.5	31	116.5	115	160	58.5	114	87	170	79.5	153.5	87	184	133	141.5
all_peaks_32157	chr12	52401275	52401776	143.5	149	114.5	148	26.5	7.5	54.5	11.5	18.5	8	61	18.5	15	14	34.5	15	17.5	11	45.5	37	16	7	39.5	20.5	7	8.5	24.5	20
all_peaks_32164	chr12	52426604	52427105	299.5	265.5	320	287.5	174.5	170	147.5	195.5	192.5	177	202.5	191	143	174	141.5	184.5	168	211.5	127.5	181.5	141	179.5	232	178.5	154	262.5	171.5	231
all_peaks_32167	chr12	52430536	52431037	304.5	185	326	249.5	71.5	41.5	48.5	42	52.5	51	44.5	53.5	70	60.5	51	58	54	60	42.5	55	47	51	104.5	92	84	68.5	84	80
all_peaks_32174	chr12	52444943	52445444	435.5	347.5	367	343	220	132.5	184.5	188.5	183.5	141	175.5	187.5	164.5	217	199.5	231.5	167	178	181.5	188.5	166	230	321.5	241	214	240	286	257.5
all_peaks_32204	chr12	52637805	52638306	20	9	23	18.5	50	102	110.5	334	50	92	147.5	215	44	57.5	134.5	172	67.5	66.5	185	175	23.5	151.5	125	197.5	20	125.5	141.5	197
all_peaks_32231	chr12	52960619	52961120	9.5	3.5	251.5	52	4.5	0.5	4.5	0.5	8	3	3	1.5	3.5	4	1.5	2	17.5	16.5	0	0	5.5	1	3	3	6	2.5	7	3
all_peaks_32234	chr12	52979744	52980245	91	163	115	241.5	8	2	46	4.5	18	6	53.5	7	11	12.5	67.5	4.5	13	7.5	87	26	2	3.5	16	4	9	0.5	16.5	3.5
all_peaks_32240	chr12	53004148	53004649	62	179.5	31	161	13	3	91	6.5	7	2	71	7	18	12	141.5	6.5	8	4.5	118.5	34.5	7.5	0.5	11.5	10	4.5	1.5	17.5	2.5
all_peaks_32248	chr12	53039131	53039632	184.5	475	318.5	609.5	192.5	30.5	358	14	146.5	24.5	401.5	182.5	236	186	383.5	98.5	235.5	141	429	292.5	52.5	5	102.5	5.5	41.5	4	115.5	22
all_peaks_3225	chr1	31769544	31770045	495	470.5	579	555.5	379.5	420.5	385.5	390.5	390	383	441	430.5	410	410	394.5	353	444	390.5	451	394.5	402.5	319	423	322	398	355	385	371
all_peaks_32295	chr12	53472992	53473493	380	396	394	373.5	354	479.5	362.5	507.5	310	418.5	398.5	363	354	394	394.5	469	362	427	374	427	349.5	383	348	406	373.5	425.5	308.5	406
all_peaks_32349	chr12	53764925	53765426	184	206.5	225.5	203.5	254.5	270.5	297.5	339.5	337	285.5	361.5	297.5	268.5	280.5	292.5	328	335.5	320.5	345.5	354.5	250.5	260	246	266	284.5	287	339.5	311
all_peaks_32352	chr12	53773477	53773978	647	717.5	628	656	702	550.5	656.5	597.5	725	632	647.5	568	712.5	699.5	762	808.5	692.5	612	746.5	682	548.5	496	648.5	599	536	592	548	541
all_peaks_32376	chr12	53894438	53894939	559.5	586	531.5	591.5	415.5	389	507	394	435	421.5	497.5	475	546.5	512	546	491.5	505.5	460	525.5	507	399.5	408.5	465.5	428	414.5	378.5	408	395.5
all_peaks_32404	chr12	54121117	54121618	541.5	545	521	532.5	378.5	425.5	442	459.5	439	359.5	483	408.5	534.5	521	501.5	458.5	550	464.5	554	517	438.5	364	379	356.5	531.5	371	466.5	393.5
all_peaks_32464	chr12	54674125	54674626	465	561.5	443	506.5	384	397.5	467.5	368	356	331	424.5	381	474	410	453	404	454.5	362.5	439.5	398.5	429.5	418.5	445.5	371.5	410	403.5	434.5	390
all_peaks_32498	chr12	54807051	54807552	122	124	180	152	139	74	148	76.5	121	80	207	127.5	138	118.5	180	117.5	135	118	194.5	179.5	75.5	42.5	86.5	62.5	54.5	55	81.5	62.5
all_peaks_325	chr1	2130559	2131060	198	200.5	232.5	168	220	256.5	266.5	257	134	122.5	221	183	216	268.5	269	274.5	218	174.5	229.5	254.5	182.5	160	192.5	172.5	162.5	134	191	155.5
all_peaks_32508	chr12	54891177	54891678	348.5	368.5	325	361	353	375.5	400	361	245.5	268.5	347	339.5	391.5	408	404	370.5	387	362	393.5	372	377	301	306	300	283.5	265.5	316.5	192.5
all_peaks_32514	chr12	54954104	54954605	174.5	186.5	77	160.5	89	115	124.5	248.5	18.5	45.5	72.5	114	70	101.5	105.5	197.5	29	64	84.5	79.5	127	142.5	156.5	191	77	72.5	138.5	123
all_peaks_32609	chr12	56323061	56323562	225	239	103.5	288.5	113	91	232.5	126	107.5	69.5	277	237	136	100	310	203	125.5	75.5	285.5	290.5	95	44	118	54.5	67	56	107	72.5
all_peaks_32621	chr12	56367444	56367945	925.5	901	845	956	804	751.5	852	875	767.5	715	858.5	818	807	858.5	865	916.5	898	828	878	931	902	843.5	818.5	812.5	821.5	780	801	794.5
all_peaks_32644	chr12	56497977	56498478	473	466.5	432	449.5	521	453	550.5	569.5	676.5	538.5	557	488.5	492	561	534	582	556	534.5	541.5	534.5	482	477.5	524	520.5	442.5	480	508.5	457
all_peaks_32646	chr12	56511749	56512250	412	373	399	352	422	421.5	365	420	467.5	441	340.5	431	368.5	396	297.5	325	359.5	414.5	306.5	336.5	453	443	465.5	476	480.5	455.5	514.5	550.5
all_peaks_32651	chr12	56522954	56523455	98.5	99.5	172.5	144	163	154	174	97.5	169.5	150.5	225	192	149.5	159	158	162	202	201	183.5	239	115	36.5	77.5	37	174	91	101	59.5
all_peaks_32684	chr12	56732368	56732869	157	176.5	120.5	203.5	63.5	58.5	111.5	183	48	53	122.5	95	71.5	60.5	145	87	104	43.5	159	102	50	111	73	153	49.5	114	71.5	128
all_peaks_32686	chr12	56753831	56754332	546	500.5	525.5	495	421	424.5	487.5	436.5	470.5	467	454	407	468	505.5	497	497.5	511	441.5	497	518.5	464.5	417.5	405.5	415	395	407.5	507	370
all_peaks_32715	chr12	57039637	57040138	569.5	577.5	602	601.5	497	581.5	556.5	658	445.5	418.5	562	581.5	515	527	551	523	544	544	539.5	500.5	531.5	512.5	537	528	416	497	484	493.5
all_peaks_32829	chr12	57852679	57853180	167.5	189	162.5	306	131	97.5	177.5	77	140.5	81	294.5	168	152.5	166.5	186.5	122	189.5	133	279	241.5	129	91.5	130	110.5	184.5	137	164	143.5
all_peaks_32875	chr12	58146014	58146515	295	306	276	287	342.5	290	278.5	299	328.5	379.5	271	272.5	392	433	377	438	400	460	404.5	419.5	351.5	320	341.5	347	342	323	307	324.5
all_peaks_32896	chr12	58292972	58293473	164	54	127	43.5	130	217	74	196	130.5	117	60.5	153	140.5	125.5	57.5	123	125	119.5	40	79.5	238.5	137.5	150.5	203	191	133	160	193.5
all_peaks_32924	chr12	59990246	59990747	155.5	203.5	198.5	285.5	111.5	50.5	117	33.5	91	90	189	141.5	102.5	83	145.5	56.5	139	101.5	217	146	72	36.5	63.5	52	96	66.5	99	98.5
all_peaks_3302	chr1	32356858	32357359	2.5	2.5	4.5	3.5	24	98.5	3	112	30	110.5	12	27.5	21.5	26	1	29.5	13.5	57.5	2.5	11.5	71	115.5	44	122	103.5	120	85.5	130.5
all_peaks_33071	chr12	65063009	65063510	226	252.5	227.5	241.5	147.5	137.5	221	140	172	112.5	199	187.5	179.5	176	210.5	146	170	134	191.5	162	145.5	83.5	145.5	57	116	80.5	113	57
all_peaks_33073	chr12	65068312	65068813	187.5	237	113	264	112	20	176	11.5	93.5	15	204.5	58	124	77	218	51	133	65.5	217	111.5	39.5	4	29	3	20.5	8.5	14.5	4.5
all_peaks_33079	chr12	65078376	65078877	130	136	119	142	52	8.5	104.5	12.5	25	5	79	30	77.5	26.5	116.5	32	74.5	23	110	60	27	5.5	60.5	22	9	8	28	17.5
all_peaks_33115	chr12	65563033	65563534	260.5	259.5	197.5	244	164	99	165.5	106	112	92.5	154.5	102.5	170	123.5	164	119	154.5	124	140	143	170	159	181	150.5	108	103.5	151	98.5
all_peaks_33129	chr12	66050523	66051024	2	2	1	1	0.5	101	3	175	3	129.5	7.5	125	5	17	3.5	38	6.5	29.5	6	19	1	87.5	9.5	92	4.5	100.5	23	112.5
all_peaks_3315	chr1	32403821	32404322	133.5	142.5	141.5	126	300.5	245	249.5	353	225.5	334	251	287	210	193.5	167	315	175.5	252	150	246	228.5	283	253	320	252	298.5	268	324.5
all_peaks_33163	chr12	66681853	66682354	199.5	184	141.5	188	155	78.5	221.5	74.5	84.5	33.5	192.5	140.5	140	107	221.5	161.5	165	105.5	195	189.5	88	16.5	118	41	51	12	124.5	17
all_peaks_33164	chr12	66684550	66685051	70.5	71.5	71.5	52	104	122.5	148.5	24.5	130	43	198.5	124	122	106	182	74.5	161.5	97	207	137.5	65	22.5	47	22	112	16.5	60.5	14
all_peaks_33185	chr12	67170665	67171166	13.5	54	86	81.5	91	181.5	155	43	168.5	162.5	263.5	230.5	49.5	99	120	69	204	178	240.5	182.5	63	18	40.5	22	87.5	28	71	35
all_peaks_33228	chr12	68024457	68024958	167.5	190	175	216.5	133	49	181.5	37.5	94.5	36	157.5	61	132	130	175	110	155.5	130.5	176	149.5	70	17	83	13	67	7	64	13.5
all_peaks_33237	chr12	68092435	68092936	38	51.5	52.5	63	105	254	129.5	148	127.5	228.5	164	177	90.5	84	100.5	68	95.5	107.5	146.5	87.5	130	193	115	158	117.5	154.5	189.5	183.5
all_peaks_33274	chr12	68513411	68513912	9	4	78	13.5	160.5	197.5	40	182.5	245	195.5	124.5	230	161	174.5	23.5	191.5	183	226	61.5	138.5	119	115	73.5	83	156.5	146.5	121	114
all_peaks_33324	chr12	68683920	68684421	51.5	4.5	33	2.5	157.5	209	55.5	216	125.5	184.5	64	161.5	142.5	116	40	127	116.5	112	27.5	97.5	167	161	82.5	139.5	143.5	136	90.5	131
all_peaks_33330	chr12	68726027	68726528	453	427	527	415	370.5	407.5	386	363.5	405.5	375.5	431	387	371.5	365.5	372	383.5	386	364.5	349	381	282	317	285.5	318.5	290.5	392	265.5	300.5
all_peaks_33335	chr12	68759029	68759530	150	133.5	415	231	339	373	225	245.5	477	406.5	465	406	358	385	180.5	414	484	465.5	369.5	441.5	318	170	104	137	306.5	312	216.5	246
all_peaks_33338	chr12	68767962	68768463	78	21.5	79.5	8	271	199.5	125	140.5	220.5	172.5	166	171	273	256	125	199	228.5	218.5	141	201.5	293	212.5	163	172.5	223	198.5	112.5	154
all_peaks_33349	chr12	68844892	68845393	35	23.5	51	18.5	93.5	199.5	73	191	81	170.5	87	185.5	86.5	91.5	60.5	138.5	76	129.5	76.5	92	107	227	142.5	228	148	258.5	130.5	248.5
all_peaks_33449	chr12	69723618	69724119	128	198	58.5	170.5	121	38.5	88.5	41.5	20.5	9.5	82.5	40.5	112	75	106.5	33.5	60	28	110	53.5	41.5	18.5	31.5	9.5	29.5	6	21.5	11.5
all_peaks_33523	chr12	72233153	72233654	212.5	223	173.5	231	140	90	129	80	121	120.5	109	82	169.5	164	154.5	154	137.5	132	111.5	135	98	70	67.5	87	87.5	67.5	64.5	71.5
all_peaks_33592	chr12	76049042	76049543	1.5	0.5	8	2.5	19	100	22	39	78	102	97.5	196	33.5	33.5	10	60	58	84.5	60	116	16	16.5	11.5	10.5	40.5	24.5	40	25
all_peaks_336	chr1	2158993	2159494	455.5	525	509	474	628	575	568	637	529	576	530	481	535	542.5	504	592	534.5	601.5	522.5	584	679.5	683	611.5	677	647	668	637	680
all_peaks_33633	chr12	76371637	76372138	38.5	22	62.5	23.5	71	137	52.5	230	125	185	57	109.5	80.5	114.5	43	143.5	100	94.5	53	70.5	97.5	193.5	169.5	201.5	109.5	199	152.5	193.5
all_peaks_33644	chr12	76414017	76414518	54	14	146	40	131	201.5	77	171	197	273.5	167.5	222.5	134.5	154	57.5	148.5	218.5	213	140.5	177	84.5	105.5	88.5	125.5	121.5	140.5	175	136.5
all_peaks_33647	chr12	76425238	76425739	145.5	76.5	238	100	262	404.5	199.5	501	295.5	426	284.5	453.5	227.5	281.5	162	428.5	345	358.5	240	365.5	240.5	384	327.5	344.5	337.5	402	311	423
all_peaks_33657	chr12	76552482	76552983	41.5	26.5	29.5	24	67	248	63	133.5	80.5	200.5	56.5	224.5	57.5	67	34.5	90	68	112	39	66	88	81	67	122	37.5	111.5	100	126
all_peaks_3369	chr1	32739376	32739877	125	173.5	124.5	173	73	40.5	106	66	38	13.5	147	101	75	51	128.5	69	88	56.5	159	125	58	21	61	39	73.5	36.5	83.5	88
all_peaks_337	chr1	2165744	2166245	116.5	111.5	206.5	122.5	132.5	122	204	105.5	121	58	114.5	117.5	145.5	172.5	137	149	155	137	141.5	163	103	43.5	74	21	92	28	68.5	29.5
all_peaks_33757	chr12	81171848	81172349	2.5	2	1	3.5	37	239	0.5	129.5	38.5	145	1.5	96	51	66	0	46.5	22.5	82.5	0	21	64	169	22	86.5	76	87	41	86.5
all_peaks_33840	chr12	88635854	88636355	2.5	3.5	1	1	5	95	0.5	78.5	20.5	155	1.5	25	13.5	8.5	2.5	19	18	34.5	2	6.5	8	184	2	132	57.5	165	8	149
all_peaks_33843	chr12	88693451	88693952	1	1	1	4.5	35.5	224	2	170.5	111.5	284.5	8.5	133.5	59.5	122	1	114	68.5	163.5	6	39	86	248.5	12	145	144	227.5	55.5	129
all_peaks_33859	chr12	89432486	89432987	1	3.5	4.5	3.5	6	86.5	7.5	91	12.5	93	15	30.5	28.5	11.5	7	19.5	19	22	15	16.5	15	163.5	13.5	69	17.5	137	30.5	144
all_peaks_3386	chr1	32859890	32860391	338.5	296.5	301.5	300.5	295	339.5	271	385	269.5	351.5	290.5	318.5	339	392	326.5	383	372	381.5	311.5	326.5	359.5	370.5	352	414	423	447	407.5	397
all_peaks_33860	chr12	89433854	89434355	49	51.5	45.5	38.5	147	161.5	186	250.5	178	183	170.5	186.5	97	119.5	130.5	211.5	95	80.5	173	224	130.5	170.5	154	166.5	131	187	177.5	233.5
all_peaks_33876	chr12	89556434	89556935	1.5	3	4	4.5	49.5	132.5	22.5	171.5	23.5	180	19.5	36.5	64.5	34	23	71	22	32	15.5	26	11	178	10	133.5	10.5	198	34	169
all_peaks_33893	chr12	89638768	89639269	114	106	75.5	121	143	135.5	208.5	115.5	131.5	86	206	205	141	138	175	169	181	125	223.5	211	113.5	81	150	63	70	82	110	76
all_peaks_33909	chr12	89740006	89740507	24.5	10	58.5	17	61.5	162.5	32.5	83.5	140.5	143.5	65.5	226.5	78.5	106	29.5	131	128	159.5	39	122	99	72.5	56	40.5	111.5	82.5	122	48.5
all_peaks_33911	chr12	89746077	89746578	176	146	180	69	199.5	308	265.5	386	306.5	304	268	350.5	271	259.5	259	358.5	267	227.5	265.5	291.5	281.5	309.5	294.5	313	262	302	346	328
all_peaks_33914	chr12	89769520	89770021	5	3.5	50	8	33	133	29.5	182	64.5	178.5	56.5	139	46	43.5	11	74.5	72.5	111.5	32	58	35	123	29	87	84.5	150.5	114.5	131
all_peaks_33931	chr12	89888595	89889096	1.5	2	10.5	1	58.5	171	3	250	26.5	169	13	69.5	67	38	8	36.5	50.5	72	8	9.5	88.5	351.5	51	272	111.5	327	77	275.5
all_peaks_33959	chr12	90162972	90163473	2.5	3.5	3	3.5	1.5	21.5	1.5	62.5	4	69.5	2	13.5	6	7	1	19.5	5.5	8.5	4	4.5	7.5	145.5	2.5	96.5	10	179	11.5	129.5
all_peaks_34034	chr12	92270712	92271213	323	331.5	590	480	202	115.5	324	170.5	129.5	141.5	293	155	211.5	234	314	215	297.5	198.5	320.5	260	120.5	92.5	154	97	101.5	95.5	155.5	118
all_peaks_34047	chr12	92424350	92424851	188.5	231.5	153	227.5	140	82	208	120	123	30	190.5	147	146.5	161.5	210.5	133	134	101.5	187.5	181.5	93	43.5	120	60	51	31.5	110.5	46
all_peaks_34104	chr12	92772750	92773251	36	118.5	13.5	86	24.5	3.5	193	9.5	20.5	1	138	30	25	9.5	98.5	55.5	18.5	6.5	127.5	167	16.5	3	50.5	6	2	1	24.5	4
all_peaks_34108	chr12	92792309	92792810	146	191	116	198.5	118	10	228.5	32	37	11.5	222	111	94.5	61.5	254.5	134.5	136.5	41.5	237.5	198.5	52	5	89.5	34.5	19	7.5	73.5	25.5
all_peaks_34118	chr12	92855746	92856247	13	3.5	41.5	10	62	76.5	39	89	85	59.5	64.5	164	70	104.5	33.5	173	104	90	39.5	143.5	22	9	4.5	20	7	24	8.5	39.5
all_peaks_34142	chr12	92987560	92988061	497.5	390.5	665.5	488.5	173.5	110	207	274.5	256	162	246.5	162	216	263.5	149.5	240.5	300.5	198.5	227	244	151	203.5	268.5	192	173.5	187	237	224
all_peaks_34170	chr12	93383687	93384188	3	1	1	3.5	5	56	6.5	36.5	4	77	2.5	28.5	6	3.5	1	3	2	20.5	1.5	6.5	4	89.5	1.5	107.5	6.5	168.5	9.5	137.5
all_peaks_3422	chr1	33264483	33264984	41.5	31.5	140.5	43	86	97	167	181	129	165.5	133	69	123	104.5	169	147.5	171	145.5	222.5	169.5	18	73.5	65.5	152.5	41.5	142	53.5	87.5
all_peaks_34230	chr12	93964520	93965021	176	197	173	164	260.5	275	342	239.5	234	231	288.5	199.5	240.5	229	296	275	198	149.5	257	266	157	246	236.5	214.5	180	226.5	208	197
all_peaks_34241	chr12	94070981	94071482	353	307.5	297	362	184	158.5	253.5	184	227	164.5	235	209.5	198	200.5	258.5	230.5	217	189	267	235.5	220	215.5	238.5	212	175	213.5	216.5	214
all_peaks_34288	chr12	94517549	94518050	22.5	52	17	31.5	76.5	51.5	159.5	50.5	56.5	12.5	139.5	59.5	43.5	126	139.5	103	39	32	133	148	27.5	5.5	34	9	7	7.5	14	11
all_peaks_34342	chr12	95015363	95015864	22.5	16	59	14.5	35.5	146.5	50	232	42.5	126.5	30	78.5	62.5	48.5	43.5	87	29	48	23.5	27.5	84	190	116	182	55.5	195.5	98	168.5
all_peaks_34374	chr12	95496879	95497380	9.5	4.5	14	2	67	178.5	36	177.5	118.5	145.5	32	152	90.5	101	15.5	93	71	127	17.5	59.5	124.5	172.5	67	140	127.5	160	113	129
all_peaks_34381	chr12	95611169	95611670	535	490	563	496.5	475	441.5	494	442	376.5	520	447	494.5	474.5	424	486.5	420	433	433.5	455.5	457.5	412	425	411.5	489	466.5	553	397	548
all_peaks_34435	chr12	96570812	96571313	12.5	9	4.5	4.5	118	346	91	398	109	297.5	101.5	298	113	98	69	199.5	87	119.5	70	108	58.5	273.5	91.5	256.5	47	270.5	87	264.5
all_peaks_3449	chr1	33457946	33458447	16	4	11.5	7	16	92	16	195.5	18.5	138	13	122	40	36.5	26	104	46.5	62.5	40.5	45.5	14	68.5	38	122.5	12	91	37.5	130
all_peaks_34493	chr12	96827888	96828389	236	205	220	227.5	86.5	123.5	109	137.5	103.5	80.5	127	128	118	119	126	106.5	124	119.5	121.5	147.5	100	92.5	153.5	68	113.5	81	152	81.5
all_peaks_345	chr1	2187258	2187759	223.5	214.5	170	243.5	106.5	27.5	56	18.5	141.5	32.5	56	37	92.5	99	88	43	87.5	68	84.5	69	76	52	98.5	56	62	69	88.5	58
all_peaks_34575	chr12	99147761	99148262	12.5	0.5	6	4.5	84	234	15	221.5	140	178.5	23	251	66.5	119.5	6	198	64.5	191.5	8	90.5	140.5	116.5	32	60	196	116.5	47.5	68
all_peaks_3466	chr1	33564844	33565345	238	144.5	274	196.5	178.5	252.5	234.5	327.5	267.5	234	244.5	317.5	205.5	304	217.5	297	255.5	285	230	264.5	181.5	178	270	151	153	176.5	246.5	229
all_peaks_34661	chr12	102217586	102218087	120	171.5	122	170.5	87	90	187.5	90.5	85	63.5	174.5	151.5	144	101	200.5	115	150	91	186	167	85.5	52	171.5	84.5	83.5	57	117	95.5
all_peaks_34697	chr12	102513685	102514186	169	163	176	179	229.5	276.5	192.5	268	247	254.5	226.5	293.5	248	200	179	202	236	278.5	208.5	179	279	287.5	255.5	262.5	257.5	287	292.5	293.5
all_peaks_34759	chr12	103899082	103899583	1	0.5	6	3.5	11	145	9.5	127.5	50	217.5	18	118	16	45.5	4.5	47.5	23.5	105.5	10.5	28	45.5	131	59	122.5	96	151	104	145
all_peaks_34785	chr12	104318978	104319479	8	4	25.5	2.5	54	170.5	21.5	179	94.5	213.5	21	108	64.5	81.5	5	62	74	113.5	7	24	100	214	85	184	99.5	218.5	87.5	186
all_peaks_34786	chr12	104323762	104324263	620.5	578.5	601.5	610.5	563.5	529.5	527.5	551.5	479.5	482.5	567	502.5	568	527	549	530	570.5	516.5	556	539.5	505.5	457.5	539.5	481.5	460	445	444.5	482
all_peaks_34793	chr12	104359393	104359894	326	314.5	395.5	384.5	249.5	288	300	209.5	321.5	313.5	338.5	303.5	295.5	306	302.5	247.5	328.5	352	339	334.5	287.5	231	233.5	233	298.5	295	261	264.5
all_peaks_34850	chr12	104963532	104964033	40.5	12.5	182.5	54.5	32.5	64	52	97.5	142.5	165.5	151.5	212.5	48	38.5	64.5	68	162	176.5	143.5	155	31	21.5	67.5	38.5	89	84.5	153	92
all_peaks_34873	chr12	105114173	105114674	154	122	134.5	176.5	43.5	45.5	128	75.5	50.5	20	139.5	112.5	61.5	41.5	162	79	68.5	46	137	100	50.5	20.5	129.5	39.5	28	20.5	73.5	27.5
all_peaks_34923	chr12	105724115	105724616	142	115	280	174	376.5	394	304.5	440.5	381	382.5	425.5	541	265	324	222.5	387.5	430	459	321.5	462	341	302.5	233.5	312.5	299.5	289	342	330.5
all_peaks_34958	chr12	106697004	106697505	237	246	165	224	101	35	119	62	41.5	19	77	36.5	102.5	84.5	188.5	70	61.5	36.5	126	70.5	157.5	73.5	94.5	132.5	44	39	44	81.5
all_peaks_34968	chr12	107141571	107142072	134.5	140.5	152.5	133.5	10	4.5	57	5	12.5	4	98.5	15	27.5	10.5	74.5	5.5	32	7	113	62	9.5	0.5	3.5	8.5	5.5	3	2	10
all_peaks_35002	chr12	107681404	107681905	13	6.5	20.5	5.5	85	197	55	194.5	114.5	141.5	68	166.5	97.5	151	46.5	127.5	88	116	34.5	100.5	58	72	55	60.5	102.5	85.5	68.5	53
all_peaks_35006	chr12	107714744	107715245	127.5	146	108.5	248.5	42	40	111	44.5	61.5	41	121	145	44	58.5	122	108.5	50.5	48.5	118	133.5	69	25	143	63.5	54	28.5	99	75
all_peaks_35091	chr12	109010980	109011481	26	17	48	32.5	30	155.5	15	228.5	63	193	38	139	44	26	14	86	85	122.5	52	63	19.5	121.5	41	152.5	25.5	151.5	82.5	139
all_peaks_35094	chr12	109027453	109027954	296	304.5	387.5	344	340	255.5	330.5	219.5	287	171.5	362	289	367.5	345	335	314.5	377	381.5	382.5	339.5	233.5	105.5	181	77.5	179.5	115	120.5	101
all_peaks_35102	chr12	109085283	109085784	38.5	16.5	44.5	28.5	57.5	176	70.5	184.5	124.5	162.5	63.5	177	99	136	42.5	138.5	78	116	47	77.5	79	136.5	107	166.5	95	177	114	125.5
all_peaks_35108	chr12	109125118	109125619	265.5	231.5	244	229	320	347.5	290	327.5	344.5	350.5	269	307.5	339	371	296.5	355	331.5	374.5	302.5	336	396.5	384	456	388.5	455.5	397.5	395	384.5
all_peaks_35120	chr12	109232085	109232586	49	11.5	100.5	34.5	151.5	239	138	196.5	219	267	132.5	204	180.5	239.5	60	209	217.5	270	91.5	186	118	139	106	133.5	181.5	159	155	177
all_peaks_35165	chr12	110011240	110011741	534.5	526.5	536.5	524.5	449	458.5	527	523.5	381.5	400	544	467	485	485	546.5	495.5	490	475	509.5	506.5	461.5	433.5	482.5	476.5	399.5	445.5	427.5	422
all_peaks_35170	chr12	110151158	110151659	308	287	323	342.5	245	238.5	248.5	166	239.5	265.5	283	280	238.5	256.5	264.5	260	317	284	323	328.5	223	204	243.5	174.5	251.5	220	235	220
all_peaks_35271	chr12	111016017	111016518	39.5	29	53	19	122	196.5	33.5	256.5	104.5	141	38	132.5	109.5	112.5	45	127.5	75	106.5	32	67.5	121	235	98.5	245	75	231	103.5	327
all_peaks_35292	chr12	111127442	111127943	64	72	109.5	76.5	105	118	195.5	100.5	149	169	197.5	201	98	114	151	128	168.5	146	191.5	195.5	50.5	18	76.5	58.5	83.5	85	107	88
all_peaks_35309	chr12	111214270	111214771	17.5	8	6.5	3.5	30	39	28	176.5	24.5	32	23.5	83.5	16	23.5	16	124	18.5	17	22	49	46.5	111	52.5	180	32	108	55	140.5
all_peaks_35338	chr12	111843121	111843622	248.5	245.5	299	251	229.5	182.5	290.5	280.5	209.5	250	257	228.5	223	210.5	299	329	252.5	143	357.5	349	243.5	357.5	377.5	410	262	407.5	355	356
all_peaks_35347	chr12	111867968	111868469	91.5	46	128.5	53.5	76	62.5	117	106.5	103.5	65	181.5	164	52	88.5	89	201	131	87	186	235.5	28.5	20.5	50.5	21	26.5	30	54	27.5
all_peaks_35350	chr12	111872661	111873162	163.5	119.5	271	152	85.5	86.5	186	230.5	112	152	226	199	116.5	106.5	188.5	255.5	147.5	95	240.5	279.5	92.5	72.5	171.5	143.5	57	93.5	151	152
all_peaks_35355	chr12	111882631	111883132	174	99	208	86	238	379.5	257	459.5	209	274.5	256.5	339.5	247.5	257	238.5	276	249	255	283.5	258.5	271	293	290	266	240.5	250	245	243
all_peaks_35388	chr12	112432366	112432867	59.5	27.5	64	20	133	74	83.5	29	142.5	25.5	72	80	177.5	153.5	81.5	93	128	98	68.5	79	96.5	12.5	59.5	12.5	60	7.5	49.5	5.5
all_peaks_35439	chr12	113415978	113416479	242.5	282.5	247	259.5	225	254	303.5	404.5	264.5	170.5	319	292	271.5	270.5	340.5	293	273.5	244.5	289	287.5	285.5	200	274.5	237	219.5	166	236.5	247
all_peaks_35514	chr12	114400142	114400643	7	4.5	4.5	4	17.5	93	3.5	139.5	50	114.5	6	59.5	29.5	57	2.5	80	28	61.5	6	20	53.5	180.5	74.5	167.5	35	152.5	83	127.5
all_peaks_35593	chr12	117032043	117032544	56.5	82	17	75.5	71.5	18.5	129	57.5	52	18	164.5	87	44.5	57	138.5	68	62.5	47.5	173	156.5	21	8.5	49	36.5	14.5	4.5	43	53.5
all_peaks_35619	chr12	117354446	117354947	10	3.5	77	24	69	110	30	56	106	133	66.5	121.5	92	137	17	104.5	150	180.5	51.5	114.5	71.5	37	29	29	94	67.5	34.5	51
all_peaks_35623	chr12	117362310	117362811	140	100	115	126	144	206	150.5	190	127.5	99.5	151.5	262.5	157.5	184.5	173	248	156.5	155	137.5	210.5	98.5	52	115	76	78.5	62.5	63.5	69.5
all_peaks_35630	chr12	117501043	117501544	40	45	107	71.5	46.5	59.5	72.5	53	148	64.5	210.5	288.5	58	72	51	69.5	138	164	169	173.5	44.5	15	52	15	116	32	124.5	54.5
all_peaks_35694	chr12	118810564	118811065	270.5	281	269.5	284.5	371	276.5	278.5	320	328	337.5	329	355.5	335.5	312.5	326	351.5	341	396.5	355	358.5	261	269	302.5	386.5	324	412	292	442.5
all_peaks_357	chr1	2232381	2232882	391.5	331.5	471.5	481	284	219.5	250	165	256.5	180	280.5	207.5	256.5	330	227.5	225	298	287.5	276.5	298	193.5	135.5	178	75	211	151.5	190	116.5
all_peaks_35707	chr12	120105383	120105884	361.5	363	399.5	353.5	513.5	517.5	460	482.5	569	446.5	440.5	510	406.5	448	429	436	423	449.5	426.5	427	428.5	417	484	391	471	369	489	397
all_peaks_3573	chr1	35971531	35972032	131	62.5	124	46	160.5	186	157	137	192.5	146.5	202	314.5	144	150	172.5	221.5	198.5	195	208.5	185.5	107	93.5	110.5	86	105	97.5	154.5	76.5
all_peaks_35732	chr12	120450040	120450541	97.5	35.5	94	35.5	54.5	177.5	24	279.5	72	239.5	20.5	117	62	105	16	114.5	65	121.5	12	50.5	142	363.5	174.5	352	134	373	174	391.5
all_peaks_35740	chr12	120524777	120525278	503	403.5	492	422	490.5	516.5	417.5	462	403	487.5	396	475.5	464.5	491	401.5	481	462.5	473.5	360	393.5	514	550.5	503.5	483	427	476.5	422.5	398.5
all_peaks_35751	chr12	120557223	120557724	12	9	9.5	8.5	13	150.5	19	151.5	26	65	2	38	34.5	22.5	12.5	37	23.5	38	8	9	33	251	49	149.5	20	165.5	28	95
all_peaks_35772	chr12	120689726	120690227	330	245.5	357.5	338.5	208	184.5	280.5	175	242.5	168.5	251	245	281.5	296.5	265	245.5	322	254.5	270	249	117	51	132.5	48.5	89	79	82.5	65
all_peaks_35778	chr12	120729265	120729766	301	427.5	308.5	308	314	284.5	234	201.5	328	314.5	211	312.5	292	240	242.5	257	237	249	205	168.5	264.5	212.5	246	227.5	292.5	221	229.5	152.5
all_peaks_35860	chr12	121397548	121398049	59	107.5	106.5	126	59	107.5	118	167	120	129	180.5	264	60	60	78.5	138	111	178.5	139.5	140.5	61	40.5	121.5	89	80	67.5	146.5	107
all_peaks_35880	chr12	121566865	121567366	196	206	212	201.5	203.5	249.5	285.5	244	197.5	221	276.5	241.5	297.5	296	277	322	262	258	265	270.5	239.5	161.5	245	190	171.5	157	231	175.5
all_peaks_35892	chr12	121661071	121661572	56.5	54	40	50.5	94.5	42.5	133.5	30	68	44.5	169.5	91.5	112	89	139.5	70.5	83	54.5	151	132.5	38.5	10	43.5	9	48.5	5	54	15.5
all_peaks_35893	chr12	121662329	121662830	67	78	40.5	56	129	48	192.5	19.5	58	25.5	155	67.5	123	114	163	85.5	71	43	142	96.5	48	12.5	65.5	7.5	29.5	14	60.5	16
all_peaks_35900	chr12	121678266	121678767	209	222.5	176	287.5	99	50	115	36.5	36	22	110	31.5	97.5	99.5	138.5	70.5	80	55	132	83.5	92.5	24.5	94	33.5	51	25.5	110.5	23
all_peaks_35921	chr12	121905000	121905501	300	305.5	374	341.5	374.5	470.5	472.5	412.5	390	355	455	393.5	346.5	368.5	390	464.5	392.5	410.5	385	419.5	371.5	433	374	412	390.5	358.5	364	326
all_peaks_35934	chr12	121995557	121996058	10.5	1.5	293	41.5	4	7.5	7.5	3	29	13.5	4	7.5	9.5	6	9.5	1	30	13.5	9.5	2	8.5	3	3	0.5	11.5	25	1.5	4.5
all_peaks_3594	chr1	36235380	36235881	197.5	187	203	202	234	236	252	247	277.5	271	256	352.5	249.5	232.5	211	239.5	267.5	294	264	258.5	300.5	289	280.5	225.5	364.5	323.5	308.5	269.5
all_peaks_35953	chr12	122101703	122102204	21	17.5	101.5	76	32.5	36.5	58.5	33.5	154.5	123.5	160	155	28.5	38	30	50.5	147	155	142	172.5	62	49.5	97.5	71.5	215.5	166.5	199	182.5
all_peaks_35956	chr12	122109669	122110170	153.5	79	326.5	81.5	72.5	24.5	52.5	24.5	103.5	34	34	15	111	85.5	54.5	29.5	127	82.5	38	32	74.5	44.5	84	79	90	112	50	43.5
all_peaks_35960	chr12	122124797	122125298	286	317	270	297.5	333	239	287	302.5	322.5	341.5	306.5	279	283	342	292.5	328	310.5	319.5	322	324.5	426.5	415	387.5	406	396	441.5	435.5	410.5
all_peaks_35976	chr12	122227701	122228202	327	357.5	363.5	401.5	263.5	252	311.5	265.5	318.5	206	382	345.5	274	322.5	301	279	325	320.5	313	347	232	205.5	291.5	167	272	188	291	189
all_peaks_35979	chr12	122239628	122240129	95.5	202.5	63.5	275	51	22.5	83	10	34	14	73.5	19	45	31	66.5	30.5	46.5	23	70.5	51.5	38.5	24.5	27.5	26	39	24.5	22.5	7
all_peaks_36040	chr12	122710501	122711002	631	601.5	573	583.5	683.5	592	599	626.5	548.5	651.5	622.5	543.5	631	695.5	672	692.5	638	668.5	660.5	698.5	753.5	740	759.5	702	730.5	740	688	680
all_peaks_36041	chr12	122711894	122712395	46.5	8	248.5	46	47	7.5	15	2	196.5	70.5	158	49	62.5	12.5	17.5	5.5	268	167	124.5	92	21.5	3	18.5	5.5	127.5	30	30.5	13
all_peaks_36073	chr12	123011373	123011874	361.5	359.5	309.5	321	296	323	285.5	306.5	379.5	365	361	326	355	332.5	328	336.5	357.5	366	344	345.5	413.5	424	418.5	435	360.5	458.5	451.5	392
all_peaks_36136	chr12	123528062	123528563	56	93	64	132.5	53	66	119.5	59	83.5	111.5	210	193.5	47	67	121	65	87.5	127	217.5	153.5	57	51	55.5	58.5	98	77.5	107	124.5
all_peaks_36148	chr12	123591505	123592006	66	71.5	44	62.5	131	65.5	181	158	91.5	42	202.5	156.5	103	178	157	189	119.5	88.5	159	175.5	72.5	27	54.5	58.5	41	21.5	70.5	49
all_peaks_36177	chr12	123868337	123868838	274.5	268	264.5	202	352	418.5	355	436.5	317.5	393.5	349	424.5	346	316.5	332.5	392.5	336	373	327	368	340	483.5	382.5	392	354.5	443	366	405
all_peaks_36283	chr12	124937983	124938484	115.5	89.5	293	92	195.5	264.5	132	261	202	180.5	148.5	214.5	192.5	201	108	159.5	203.5	226.5	135	153	152.5	269.5	185	204.5	207	274	239	232.5
all_peaks_36304	chr12	125030001	125030502	27	6	16	8	72.5	179.5	24	137.5	96.5	133.5	35.5	91	100	90.5	17	108	54	119.5	23	37.5	110.5	89	65	108.5	108.5	67.5	98.5	86
all_peaks_36329	chr12	125259034	125259535	22	9.5	29	7	115	241.5	36.5	255	189	317.5	92	264	97.5	102.5	19.5	160	112.5	193	54	71.5	209.5	238	202	230.5	204.5	205	229.5	212.5
all_peaks_36345	chr12	125405687	125406188	83	50	70.5	48.5	125.5	229.5	127.5	172.5	156	293.5	125.5	163.5	119	144	112	115.5	154	154.5	117.5	142	109	231.5	178	192	184.5	234	162	195.5
all_peaks_36395	chr12	127610265	127610766	1.5	0.5	2.5	3.5	7	52.5	1.5	177.5	12.5	42	2	45.5	10	12.5	3.5	59	6.5	24.5	1	5	7.5	121	7.5	168	6	74	4	131
all_peaks_36398	chr12	127650279	127650780	125.5	237	127	201.5	663.5	685	362	522	746.5	862	383.5	603.5	502.5	343	238.5	316	307.5	328.5	238.5	293	452.5	560.5	507	826.5	466.5	745	579	911
all_peaks_36410	chr12	128044154	128044655	20.5	4.5	16.5	4	165	152	150	218	103	72	127.5	177.5	175.5	228	125.5	232.5	111.5	120.5	114	169.5	129	128.5	113.5	128	85	96	145.5	129
all_peaks_36444	chr12	129314283	129314784	4	1.5	22	6	14.5	70	34	242	31.5	29.5	14	78	34	25	23.5	68.5	17.5	16	14	21	60	107	130	216	36	82.5	128	124.5
all_peaks_3656	chr1	36839307	36839808	50.5	31.5	75.5	41.5	120	143.5	135.5	228.5	127.5	158	145	190.5	92	153	94	200.5	107	134.5	138.5	174.5	67	126	96.5	176	67.5	130	119	133
all_peaks_36593	chr12	132670275	132670776	94	170	69.5	193	22	2.5	48	14	13.5	2	53.5	23	19.5	11.5	67	23	31	8.5	70.5	34.5	12.5	5.5	40.5	12.5	6	6	30.5	4.5
all_peaks_36721	chr12	133410695	133411196	32	64.5	33.5	88	55.5	40	150	52.5	89.5	36	196	75.5	43	72.5	140	89.5	84.5	76.5	180	151	48	20	59.5	27.5	71.5	18.5	75.5	29.5
all_peaks_36737	chr12	133485006	133485507	387	407	362	463	270.5	330.5	391.5	491	298.5	280.5	467.5	348	234.5	346.5	431.5	454.5	274.5	305	453.5	387.5	463.5	428.5	517.5	518.5	389.5	328.5	538	582.5
all_peaks_36742	chr12	133656554	133657055	460	484	386.5	446.5	352	262	509	447.5	367.5	343	465	336.5	443.5	400.5	538	456.5	446.5	365	532	472.5	392	391	442.5	444.5	382.5	333	522.5	483
all_peaks_36775	chr13	20437572	20438073	339	311.5	392.5	372.5	379	585.5	440.5	550	455	605	453	517	403	416	442	497	403	437.5	434.5	423	425.5	564.5	381	477	392.5	545	427.5	505.5
all_peaks_36819	chr13	20986019	20986520	33.5	33.5	27.5	44	75	78.5	105	121.5	132.5	117.5	141	147	48.5	179	87	196.5	93.5	140.5	102.5	223	25	59	13	27	14.5	51	24	25.5
all_peaks_36820	chr13	20993742	20994243	32.5	15.5	49.5	13.5	91	180	74	187	198.5	239.5	106	193	88	159.5	61.5	254.5	126	209	94.5	209.5	84.5	156	52	99.5	115	183	107	155
all_peaks_36830	chr13	21049907	21050408	302.5	297	235.5	360	166	152.5	238.5	140.5	143.5	118	212	173	173.5	230.5	240	187	160.5	153.5	210.5	220	99.5	42	127.5	55.5	36	42	118	51.5
all_peaks_36949	chr13	23949400	23949901	343.5	332	344	328.5	394.5	304.5	374	302.5	336.5	284.5	319	264.5	387.5	342.5	384.5	343.5	362.5	345.5	408	356	285	243.5	350.5	264	240	245	320.5	267
all_peaks_37041	chr13	24825513	24826014	350.5	343.5	372	312.5	281.5	293	322.5	250.5	255	174	288.5	204.5	296.5	299.5	336	215	290	251.5	257.5	210	312	246.5	307.5	230	231.5	173	257	162
all_peaks_37050	chr13	24845739	24846240	200	221	221	258	204	159.5	204	104	130.5	137.5	221.5	218	173.5	165	243	142	145.5	138	202	182.5	147	112.5	152	78.5	139.5	103.5	161	70.5
all_peaks_37076	chr13	25192483	25192984	47.5	29	254.5	112.5	78.5	101.5	53.5	132.5	245.5	201	186.5	347.5	103.5	106.5	44.5	119.5	250	277	142.5	226.5	96	60.5	36	55.5	206.5	179.5	163	208.5
all_peaks_37209	chr13	27705231	27705732	58	4.5	118	24.5	204.5	232	122.5	240	219.5	244.5	192.5	233	229	221	71.5	170	217	226.5	105	176	297.5	261.5	259.5	233.5	232	230	282.5	265.5
all_peaks_37210	chr13	27706614	27707115	9.5	1	15	3	60	98	15.5	78.5	98.5	200.5	35.5	110	51	87.5	7.5	64	64.5	96	34	87	78	176	63	91.5	118	210	162	195
all_peaks_37245	chr13	27927248	27927749	9.5	1.5	7	2.5	96.5	217.5	3.5	91	61.5	123.5	10	20.5	94	83.5	5.5	34.5	46	85	5	6	154	194.5	6.5	69	131.5	125.5	59.5	60.5
all_peaks_37341	chr13	29292972	29293473	320	362	326	327	246.5	230.5	325	224	169	174.5	302	225.5	257	236.5	293	233.5	270.5	249.5	263	253.5	240.5	176	257.5	209.5	192	184	243	210
all_peaks_37414	chr13	30720125	30720626	13	8	15	4.5	14	115	4	60.5	15	71	2.5	26.5	34	28	7.5	19	16	46	5	7	49	180.5	15	94	69.5	163	8.5	63.5
all_peaks_37415	chr13	30722165	30722666	139	126	214.5	109	210.5	234.5	208.5	150.5	182	78	216	170.5	248.5	244.5	237	199.5	318	238	219	210	158.5	93.5	58.5	43.5	154.5	74.5	55.5	39
all_peaks_37473	chr13	31191594	31192095	428.5	392	404.5	413	544	321	444.5	441.5	550.5	511.5	439.5	428	480	422.5	425	458	429	456.5	436	435.5	406.5	372.5	402.5	434	353.5	447	386	425.5
all_peaks_37479	chr13	31248036	31248537	139.5	104.5	207.5	112.5	191.5	188	178	98	293	272.5	181	189	154	179	163	203.5	180.5	208	163	193	184.5	181.5	110	112	161.5	151.5	115	123.5
all_peaks_37488	chr13	31314268	31314769	115	38	164	46.5	247.5	290	77.5	232	259.5	258	136.5	294.5	212	267	54.5	201.5	234	319	60.5	151	267	185	210	167.5	272	205	185	173
all_peaks_37489	chr13	31318367	31318868	208.5	43.5	423	141	262.5	292	221	268	343.5	205.5	302.5	312.5	256	324.5	138.5	288	354.5	339.5	254.5	254.5	195.5	161	239	147.5	240	174	207.5	137
all_peaks_37517	chr13	31619878	31620379	18.5	11.5	35	10	84.5	138	41.5	191	127.5	169	46	124	107.5	143	26.5	194.5	72	111	45.5	116	30	94.5	51	88	51.5	76.5	52.5	68
all_peaks_37522	chr13	31648194	31648695	10.5	2.5	1	1	36.5	71	14.5	92	11.5	41	6	12.5	36	33.5	14.5	23.5	1.5	10	2.5	2	142.5	214	106	172.5	81	113	34.5	92
all_peaks_37549	chr13	32420525	32421026	78.5	13.5	61	37.5	162.5	168.5	110.5	80.5	114.5	124	142	113.5	191	151	71	121	130	166.5	110	119	116	42.5	69	49	119.5	63	87.5	56
all_peaks_37616	chr13	33365799	33366300	35	65.5	36	84	35.5	12.5	173.5	28	34	22.5	218.5	118	27	17.5	211.5	42.5	46	27.5	245.5	99.5	29.5	8.5	70	14	22	14	78	21.5
all_peaks_37626	chr13	33479206	33479707	4.5	4.5	4	3.5	79	194	81	198	114	157	101.5	137.5	68	98	43.5	137.5	56.5	86.5	65.5	92.5	79.5	132.5	140	149	101	124	199	114.5
all_peaks_37629	chr13	33491651	33492152	1	0.5	1	2	14	130	4	181	29	89.5	5	50.5	37.5	18.5	1.5	34	11	44.5	1.5	8	59.5	157.5	30	133	64.5	163.5	74.5	157
all_peaks_37659	chr13	34116594	34117095	560.5	515	506.5	528	636.5	373.5	512.5	467	611	559.5	493.5	450	512.5	531.5	494.5	520	490.5	475	471	469.5	529.5	494	551	551	465	567.5	498.5	596.5
all_peaks_37672	chr13	34253362	34253863	42	9.5	36	2	79	157	16.5	210.5	97	188	12	40	89	98.5	20	142.5	74.5	90	16.5	36.5	106	238	42	132.5	76	239	12.5	102.5
all_peaks_37687	chr13	34731086	34731587	2.5	1.5	3	3	131.5	254.5	34	209	123	194	61.5	178.5	122	114.5	15	136	88.5	167	33	52.5	156.5	230	125	199	215.5	196	263	203.5
all_peaks_3770	chr1	38493851	38494352	16.5	5	14	6	45.5	139	13.5	271.5	32	147.5	14	155.5	31.5	32	15	89.5	48	71.5	16.5	49	92	186.5	80	230	81	159	81	187
all_peaks_3771	chr1	38495634	38496135	16.5	11.5	29	9	76.5	189	56	152	86.5	146.5	56	126.5	90.5	102	24	77	103	146	26.5	73.5	125.5	180.5	61	105	159.5	134	99	123.5
all_peaks_37804	chr13	40600342	40600843	26.5	25.5	15.5	16.5	52	127.5	65.5	183.5	62.5	151	75	179.5	63	61.5	60	154	29	76.5	49	90.5	78	106.5	113	114.5	77.5	104.5	88	75.5
all_peaks_37810	chr13	40676928	40677429	19.5	8	7.5	9.5	13.5	47.5	13.5	132.5	14	110	5.5	19	9.5	55	6	59	12	33.5	6	15	20	177	10.5	154	16	211.5	10.5	113
all_peaks_37827	chr13	40761325	40761826	224	239.5	171	313.5	61.5	10	296.5	52	28	9	358	149.5	67.5	17.5	296	137.5	125	11.5	304	269.5	39	3.5	128	38	31.5	5	106.5	23.5
all_peaks_37832	chr13	40780632	40781133	141	202.5	71	154.5	62.5	30	132.5	131.5	33.5	11.5	112.5	72	81	78	183	104	60.5	15.5	120	77.5	80	59.5	91	118	45	28	62	70
all_peaks_3785	chr1	39025086	39025587	174.5	216	203	279.5	101	61	170.5	87	89.5	44	174.5	143.5	71	109.5	188.5	166.5	96.5	82	187.5	192	87	31	153	47.5	69.5	27	106.5	60.5
all_peaks_37859	chr13	40962771	40963272	323.5	299.5	353.5	312	322	323	373.5	305	268	209.5	380.5	374	302	360.5	350	323.5	368.5	317	327.5	352	250.5	215.5	304	231	235	205	310.5	215.5
all_peaks_37872	chr13	41059680	41060181	413	398.5	353	441.5	382	194.5	365.5	116	198.5	58	421	253.5	285	264	383.5	127	315	195	356	274.5	271	67.5	189	78	184.5	56.5	165	114
all_peaks_38010	chr13	42031293	42031794	300.5	148	270	234	82.5	121.5	106	178	102.5	150.5	74.5	115	102.5	114.5	88	124	105.5	131	75.5	88	105	167	135	230.5	134	221	134	211.5
all_peaks_38012	chr13	42039251	42039752	218.5	200	258	233	229	304	256.5	342.5	230.5	256.5	306	341.5	203.5	233.5	240.5	235.5	237	245.5	246.5	253	178.5	183.5	290.5	237	174.5	160	259.5	203
all_peaks_3805	chr1	39443217	39443718	109	93	99.5	181.5	36.5	4	118	6	30.5	3	139.5	39	41.5	43.5	156.5	45	44	22.5	170.5	113.5	13	1.5	28	5.5	2	2.5	22	19.5
all_peaks_38094	chr13	42947135	42947636	5	2	4.5	1	32.5	178.5	9	39.5	28	182.5	14	104	26	46	5.5	23	26.5	70	6	31	28.5	99.5	9	56	68.5	160.5	23.5	182
all_peaks_38096	chr13	42951774	42952275	34.5	10.5	40.5	17	28	117.5	44	126	85	157.5	63.5	109.5	52	52.5	33	77.5	51.5	80	39.5	65.5	102	156.5	112	153.5	102.5	157.5	86	160.5
all_peaks_38103	chr13	42970564	42971065	57	14.5	42.5	11.5	133.5	166	78.5	102	90.5	107.5	51	89	189	177	57.5	137	95	107.5	35	83	113	112	60.5	82	56	97	39	38
all_peaks_38118	chr13	43071832	43072333	4	3	1	2.5	54	145.5	16.5	115.5	42.5	113	22	68.5	45	57.5	3.5	83	29.5	59.5	7	40.5	31	161	51.5	122.5	46.5	107.5	88.5	139.5
all_peaks_38303	chr13	46269390	46269891	3	3	3	1	14.5	179	1	24	30	115	2.5	12	31.5	21	0	5	19	50.5	1	1.5	48	199	0	22.5	84	138.5	4	17.5
all_peaks_3833	chr1	39657718	39658219	67.5	57	88	50.5	117.5	242	86.5	248	116	283	65.5	128	122.5	137.5	69.5	140	88	95	60	79	127.5	319	209	338	183	341.5	201	263
all_peaks_38338	chr13	46758257	46758758	158	111.5	163.5	114	212	157	172	122	202.5	155.5	196.5	158.5	240	291.5	139.5	168.5	194.5	188	148	203	166	70	111.5	65.5	115	62.5	92	39
all_peaks_38347	chr13	46869849	46870350	174.5	157	260	224.5	90	58	113.5	34	127	55	112.5	81	95	84.5	123	63.5	129.5	89.5	115	86	96.5	49	97	35	107.5	66.5	121	53.5
all_peaks_38357	chr13	46915061	46915562	1	3	4.5	4.5	7	50	4.5	148.5	7	85	7.5	33	8	14.5	4	22.5	14.5	43.5	1.5	6	10	122	9.5	122.5	19.5	92.5	37	134.5
all_peaks_38405	chr13	47325918	47326419	32.5	25	174.5	51	75.5	79.5	90.5	141.5	201.5	128	146.5	152	72.5	94.5	93.5	153.5	213	154	136	138	26.5	44	88	62.5	48	70.5	152	93.5
all_peaks_38445	chr13	48760349	48760850	101	148.5	62	101.5	80.5	25	162.5	29.5	45.5	12	133	76.5	94	75.5	170.5	69.5	88.5	56	142	105	65	9	60	25.5	43	8	52	22.5
all_peaks_38489	chr13	49066590	49067091	131.5	109.5	145	122.5	113	100.5	152.5	68.5	194	106.5	167	174	147	136.5	152	141	174.5	145.5	184	196.5	67.5	43.5	148	45.5	108	60	138	53
all_peaks_38491	chr13	49070863	49071364	12.5	4.5	32.5	13.5	74	13	63.5	11.5	134.5	33	80	48	130.5	109	45.5	87.5	153.5	85	60.5	111.5	9	3	26.5	4	7.5	4	11	8.5
all_peaks_38499	chr13	49106751	49107252	292	278	346	284.5	490.5	365.5	390.5	373	562.5	424.5	464	471	383.5	380.5	297.5	417.5	491.5	461	356	434	361	340	340.5	325.5	429.5	325.5	371.5	357
all_peaks_38502	chr13	49136367	49136868	152	105	164	127.5	267	274	250	201.5	296.5	215.5	233.5	220	276.5	267.5	236.5	238	262	253.5	240	253	155	52.5	140	64	92	64	115.5	57
all_peaks_38517	chr13	49323852	49324353	18.5	3	21.5	4.5	42	134	10	131.5	73	181	17.5	82	45.5	63.5	3.5	57.5	55	121.5	13	24.5	82	116	22.5	128.5	98.5	188.5	89	168.5
all_peaks_38570	chr13	50018104	50018605	1066.5	840	992.5	954	702.5	778	782	778.5	789.5	735	767.5	791	779.5	805.5	857.5	828.5	813.5	800	829	791	746	779.5	695.5	705.5	766.5	729	639	636.5
all_peaks_38597	chr13	50366966	50367467	336.5	360	319.5	358.5	273	247.5	346.5	289	303	202	322	308	313.5	321.5	349	270.5	324	266	350	305.5	277	275.5	253.5	238	241	199.5	260.5	210.5
all_peaks_38599	chr13	50510319	50510820	133.5	130.5	153	125	194	199	168	282	200	188	173.5	220	218.5	231.5	148.5	252.5	203	234	150	205	197	258.5	224	285	233.5	285	216	328
all_peaks_38625	chr13	50819113	50819614	6	2	7.5	5	67.5	112.5	9	129.5	79	131.5	23.5	137.5	45	34.5	1.5	57.5	80.5	79.5	11	37	87	135.5	81.5	152	105.5	129.5	135.5	129.5
all_peaks_38714	chr13	52158079	52158580	334	350	301.5	320.5	457.5	344	335	366.5	421.5	569.5	351.5	396.5	444	370.5	381	391	368	417.5	384.5	387	405	452.5	431	473.5	440.5	501	379.5	539
all_peaks_38735	chr13	52338517	52339018	41.5	25.5	40	28.5	46	121	30	201	55.5	84	20.5	121.5	41.5	54.5	38	138.5	47.5	54.5	27	62.5	55.5	100.5	58.5	144	28.5	80.5	28	98
all_peaks_38741	chr13	52377372	52377873	325.5	276.5	355	297	168.5	171	194.5	113.5	239.5	165.5	214	164.5	230	228.5	202.5	177	233.5	231	180	197.5	187	178	230	134.5	196	190.5	210.5	136.5
all_peaks_38748	chr13	52399199	52399700	112.5	169.5	97.5	130.5	47.5	53	140	38.5	62.5	20.5	142	59.5	67.5	41.5	160.5	50.5	61	43	147.5	90	55	17.5	66.5	16	31.5	15	39	18
all_peaks_3883	chr1	40132380	40132881	2.5	0.5	1	1	6	44.5	4.5	79	17.5	95	13	81	10.5	14.5	4	32	17	43.5	5	29	26.5	70.5	65	131.5	48	116	104.5	156.5
all_peaks_38869	chr13	60737895	60738396	211.5	214	209	201.5	302.5	402	257	343	334.5	286.5	273.5	410.5	280.5	291.5	255.5	272.5	256.5	292	247.5	255	265.5	303	275.5	271	238.5	285.5	235	264
all_peaks_38984	chr13	74559085	74559586	138	241.5	66.5	267	15.5	7.5	63	22	12.5	10	74.5	39.5	17	13.5	84	28	20.5	13	88	52	13.5	16.5	44.5	32.5	5.5	17	31.5	29
all_peaks_39004	chr13	74708302	74708803	281	259.5	305.5	250	347	275.5	298.5	256.5	413.5	255	386	334	308	311	273	298.5	395	350	376.5	386	392	264	286	259.5	365.5	301	270	276.5
all_peaks_39053	chr13	75939932	75940433	5.5	0.5	17.5	6	46.5	149.5	19	225.5	73.5	201	26.5	68	48	91.5	14	103	70	153	16.5	47.5	39.5	181.5	75	212	96.5	214	130.5	215.5
all_peaks_39134	chr13	77919230	77919731	19.5	2	14	4.5	9	96	5	45.5	9	128.5	1.5	38.5	13.5	19	4	9.5	16.5	49	1	17.5	33	151.5	1	106	32.5	207.5	13.5	158.5
all_peaks_39206	chr13	80025605	80026106	75.5	39	119	58	182	219.5	162	233.5	176.5	204	182	203.5	180.5	198.5	77	211.5	182	170	136.5	163	162.5	183	121.5	159	165.5	179.5	120	152
all_peaks_3922	chr1	40506014	40506515	447	425.5	413	415.5	514	522.5	470	445	568	521	485	488.5	444	505.5	479.5	482.5	537.5	562.5	472.5	520	473	486	479	431	564.5	553.5	523.5	527
all_peaks_39253	chr13	84711372	84711873	139.5	69.5	192	142	162	116	204.5	132	126.5	106	167.5	169.5	172	184.5	198	142.5	186.5	156	166.5	167.5	140.5	71.5	156.5	42	139.5	56	102	69.5
all_peaks_39308	chr13	94975942	94976443	87.5	138	105.5	100.5	111	48	149	59	106	5.5	106	58.5	133	108.5	150	53	119.5	74.5	147.5	92	61	8	49.5	8.5	33.5	11	46.5	10
all_peaks_39322	chr13	95071598	95072099	8.5	39	1	39.5	8	70	20.5	78.5	20.5	82	12.5	25	10.5	13	18.5	11.5	10.5	20.5	15	15.5	23.5	164	38.5	162	23.5	151	44	189.5
all_peaks_39462	chr13	99128696	99129197	191	127.5	218	125.5	245.5	232	234.5	258	235	286	240	221	217.5	227.5	215	269	200	207.5	204.5	247	158	134.5	173.5	152.5	196.5	132.5	145	121.5
all_peaks_39510	chr13	99505961	99506462	3	1	5	4.5	62	271	12.5	230	48.5	160.5	16	130.5	31.5	71	3	123.5	14.5	68.5	9	34	88.5	114	86.5	131.5	90	105	76	89.5
all_peaks_39541	chr13	99698449	99698950	121	130	180.5	150.5	155.5	91	151.5	72.5	164.5	79.5	208.5	173.5	171	146	195	133	176.5	128.5	234.5	192.5	120	51	88	36.5	105.5	77.5	75	52
all_peaks_39560	chr13	99852679	99853180	288	298	299	316.5	241.5	219.5	211.5	126	201.5	267	193.5	162.5	192.5	189	179.5	158	213.5	207	174.5	195	226	175.5	194	210	242	243.5	227	224
all_peaks_39564	chr13	99871174	99871675	177.5	188.5	207	241	92.5	46.5	162	64.5	100.5	76	168.5	131.5	98	75.5	177	75	155.5	105	163.5	150.5	44	27.5	99	51.5	47.5	47.5	108.5	69.5
all_peaks_39592	chr13	99940336	99940837	9.5	7	12.5	5	20	92	10.5	144	43.5	75	18	99	23	26	10.5	36.5	23.5	56.5	10.5	22	54.5	117	44	138	100.5	106.5	116.5	114.5
all_peaks_3960	chr1	40729973	40730474	2	3	2.5	1	13.5	60.5	5	139	12	92	3	28	16.5	10.5	2.5	29	10	23.5	1.5	6	26	184	18.5	179.5	32	153.5	25.5	117.5
all_peaks_39603	chr13	99959999	99960500	33	18.5	41.5	14.5	65.5	252	35	267.5	69	151.5	34	88	56.5	47.5	29.5	58.5	39.5	73	26	31.5	52	289	56	198.5	49.5	302.5	58	227.5
all_peaks_39611	chr13	99974383	99974884	40.5	38	50.5	31	65	168.5	29.5	161.5	110	167	44	139	86	78	20	105	75.5	103.5	20.5	51	89	158.5	89.5	179	80.5	138.5	115	136.5
all_peaks_39625	chr13	100013362	100013863	139.5	197	60	176.5	88.5	22	78.5	22.5	28	2.5	43	27	46.5	43	105	19.5	41	10.5	66.5	45.5	33.5	13.5	38.5	9	6.5	5.5	25.5	2
all_peaks_39632	chr13	100027503	100028004	136	176.5	136	237.5	12	5	12.5	4	16	8.5	30	7.5	14	10	16.5	10.5	25	16	47	19	10.5	3.5	14	2.5	25.5	3.5	31.5	10
all_peaks_39646	chr13	100086662	100087163	232.5	197.5	320.5	217.5	147	132.5	44	193.5	134.5	90.5	49	65	138	128	40	64	113.5	148.5	42.5	42	112	113	75.5	127.5	126	114.5	98	117.5
all_peaks_39708	chr13	101021817	101022318	1	0.5	1	2	27	129.5	0.5	102	22	64	1	13	30	25	1.5	29.5	11	39	1	3	90.5	183.5	20	99.5	122.5	129.5	30	87
all_peaks_39711	chr13	101046586	101047087	8	3	2.5	3.5	56.5	178	5	138	75.5	114.5	17.5	88.5	72.5	29.5	7.5	76.5	27	82	14.5	26	89	112.5	41.5	82	113	93	87	78
all_peaks_39735	chr13	101327006	101327507	330	334.5	365.5	346.5	464.5	331	370	327	366.5	371	428.5	456	350.5	294.5	319	360.5	342.5	348.5	347	372	315	290.5	259	233	286	272	305	291
all_peaks_3975	chr1	40851216	40851717	279.5	340.5	308	446	77.5	145.5	138	191.5	92	112.5	131	179.5	113	83	157	144.5	159.5	116	182	158	79.5	220.5	219.5	294.5	134.5	204	194.5	204
all_peaks_39889	chr13	110431390	110431891	159	117.5	61.5	171.5	97.5	8.5	162.5	11.5	61	1.5	164.5	64	41.5	63	140.5	50.5	55.5	18	143	158	30	9	25.5	11	3	4	13.5	5.5
all_peaks_39890	chr13	110438706	110439207	269	319.5	137	295	311.5	315.5	281	265	158.5	208	225	284.5	299	300.5	251	273.5	245.5	235	221.5	227	298.5	299.5	295.5	340	263.5	225	281.5	310.5
all_peaks_39939	chr13	111358387	111358888	301.5	273	294	282.5	431.5	544	414	503	338.5	382	414	521	427	438.5	373.5	458	413.5	467	368	436.5	420.5	425.5	370.5	419	416	385	416	389
all_peaks_39943	chr13	111367734	111368235	743.5	701.5	768.5	737.5	745	782.5	790.5	788.5	703	760	758.5	822.5	742	767	781	742.5	754	771.5	789	787.5	656.5	690	647.5	661.5	633.5	711.5	664	660.5
all_peaks_39958	chr13	111567282	111567783	219	214	235	202.5	460.5	576	362.5	477.5	472	618	330	487	413	467	337.5	482.5	347.5	499	313.5	371.5	445	494.5	416	503	478.5	451.5	457	439
all_peaks_3997	chr1	41093956	41094457	6	2	28	1	9	11.5	5.5	81.5	19.5	18.5	17.5	49.5	8.5	2	3	13.5	16.5	26	8	10.5	39	43	70.5	198.5	73.5	44	146.5	239.5
all_peaks_39970	chr13	111617533	111618034	8.5	1.5	4	2	164	204	5.5	102.5	133	190.5	13	94.5	169.5	249	6	137	63	184	8.5	30	195.5	214	75	140	153.5	195	100	104
all_peaks_40097	chr13	114144889	114145390	118	89	137	92	184.5	264	162.5	273.5	213	318.5	153.5	250.5	180	178.5	123	249	158	223	130	195.5	135	154	137.5	195.5	199	218.5	153	210.5
all_peaks_40101	chr13	114238744	114239245	51	46.5	39	40.5	167.5	239	142.5	188.5	211.5	225.5	134	223	156.5	167	90	184.5	137.5	228	90	125	204	220	137	171.5	205	132.5	184.5	153.5
all_peaks_40178	chr13	114875898	114876399	119	130	145.5	131.5	161.5	67	133	35	123	20.5	155	43	118	95.5	152	55.5	102.5	74.5	130.5	59	156.5	24	124	34	114.5	21	73	31.5
all_peaks_40192	chr13	114907985	114908486	256.5	255.5	263.5	266.5	280.5	148	373	77	230.5	93	373.5	223	296	344.5	367	286.5	302	257	395	298	162	23.5	160	30	106.5	38.5	89.5	36.5
all_peaks_40194	chr13	114913945	114914446	489.5	328.5	478.5	474	282.5	186.5	351	122.5	232	140	379	182	339.5	343	352.5	251.5	337	283.5	366	276	248	49	272.5	89.5	186.5	61	206	87.5
all_peaks_40240	chr14	20811129	20811630	232	230	220	220.5	371.5	555	249	408	473	576.5	266	469.5	319.5	273	238.5	368.5	266	361.5	242.5	291	308	415.5	275.5	335.5	285	436.5	273	319
all_peaks_40253	chr14	20929646	20930147	835	799	855	821	736	673	759.5	624.5	652	703	722.5	692.5	748	749	843.5	732.5	757	666	818	803.5	682	711.5	717.5	664	661	604.5	737.5	711
all_peaks_40269	chr14	21081521	21082022	214.5	277.5	199.5	213	195.5	340	178	146	354.5	379	177	255.5	202	195	158.5	206	179.5	198	145.5	165	203	317.5	211	240	285.5	281	237	276.5
all_peaks_40312	chr14	21555583	21556084	248	144	172.5	149.5	45.5	34.5	49.5	50	49.5	61	55.5	40	53	49.5	60.5	39.5	36	19	45.5	37	74	73	45.5	106.5	55	41	30.5	92
all_peaks_40341	chr14	21737650	21738151	652.5	636	617.5	641	512	486	564	513.5	483	583.5	575	510	540.5	551.5	597.5	534	555	558.5	580.5	587.5	630.5	541	544.5	504	524	514	558.5	527.5
all_peaks_40343	chr14	21776819	21777320	191	210	132	173	105.5	78	152	108	30.5	13.5	131	74.5	75.5	74	182	99.5	31	36	115	64.5	108	88.5	132	146	48.5	43	97.5	92
all_peaks_4044	chr1	41327827	41328328	288	324.5	266.5	317.5	276	275	299	307	245.5	173.5	359	250	279	271	298.5	289	271	261.5	298	292	336.5	325	329	353	315	313.5	449.5	309.5
all_peaks_40504	chr14	23025196	23025697	435.5	301	427.5	330	392.5	367	357	293.5	525	461	437	439	376	394	368	406	432.5	418.5	380.5	450.5	287.5	218.5	383	245	260	230	369	198.5
all_peaks_40505	chr14	23030565	23031066	293	249.5	424.5	361.5	126	85	267	176	188.5	201	426.5	279	168.5	154	360.5	341.5	315.5	167	436.5	437.5	100	38	103	68	92.5	62.5	89.5	67
all_peaks_40551	chr14	23388336	23388837	629	555.5	616	567	397	501.5	529.5	520	478.5	446.5	505.5	479	469.5	498.5	543.5	510.5	515	442.5	518.5	481.5	499.5	471.5	544.5	567	375	485.5	458	440.5
all_peaks_40553	chr14	23398500	23399001	448	528	411	455.5	392.5	443.5	414.5	416	401	492.5	420.5	440.5	440	377	424.5	468	344.5	348.5	413	399.5	371.5	449.5	454	484.5	292	414	345	416.5
all_peaks_40583	chr14	23564211	23564712	823	886.5	776.5	864	655.5	662	733	681.5	736.5	624	766.5	614.5	676.5	685	725	687.5	671.5	665	716.5	658.5	831	745.5	756	765	786.5	665.5	762.5	740
all_peaks_40601	chr14	23770843	23771344	332.5	306.5	325	293	459	493	462	534	428.5	510.5	479	434	413	432.5	426.5	512	452	496	411	446.5	448	536	437	544.5	443	552.5	481.5	581.5
all_peaks_40604	chr14	23790105	23790606	737	735.5	717	767.5	624	664	728.5	746	637.5	657.5	730	767.5	702.5	752	769	786.5	760	724.5	792	762.5	637	671	713.5	721.5	584.5	652	714	730
all_peaks_40636	chr14	24075371	24075872	1.5	1.5	1	1	12	105	2.5	154.5	26.5	183.5	5	44.5	11	20	1	32.5	24	60	2	9	13	243	15	174.5	58	315.5	69.5	248.5
all_peaks_40654	chr14	24422642	24423143	203.5	222	238	259.5	188.5	259	323.5	205.5	198.5	132.5	322.5	231.5	227.5	244	277	209.5	262	208.5	307.5	282	184	124	171	137.5	192.5	125.5	175.5	119
all_peaks_40678	chr14	24583624	24584125	575	566	567	553.5	432	369.5	501	447	447	393	460.5	420.5	472	495	510.5	497.5	480	427.5	496	477	522.5	469.5	505.5	470.5	459	463.5	488	431
all_peaks_40684	chr14	24610623	24611124	511.5	578	528	515.5	489.5	542.5	536	549.5	449	480	507	474.5	471	519	563	538.5	485.5	455	503	536.5	455.5	438.5	535	499.5	379	440	462	481.5
all_peaks_4070	chr1	41826552	41827053	207.5	161	195.5	164	188	181	115.5	160	130.5	129	121	131.5	171	183	118	219.5	145.5	174	130	157.5	211	269.5	237	278.5	256	224.5	225.5	244
all_peaks_40706	chr14	24685010	24685511	269.5	249	290.5	263.5	202	191.5	246.5	207	208	159.5	270.5	218	229.5	277.5	279	233.5	259	191.5	252	258.5	179.5	133.5	189.5	152.5	156	114.5	205	143
all_peaks_40716	chr14	24740682	24741183	539.5	468.5	686	662.5	246	194.5	278.5	178	233.5	177.5	292.5	229.5	225	248	292.5	222.5	298	245.5	326	279	265	177	367	245	217.5	209	352	262
all_peaks_40720	chr14	24758779	24759280	20	4.5	23.5	26	31	158	42.5	173	42.5	109	45	83	44	55.5	47.5	68	51.5	71.5	63	49	24.5	154.5	44	137.5	8.5	94	51	123.5
all_peaks_40730	chr14	24798849	24799350	33	6	195	39.5	22.5	35.5	13	9	113.5	162	20	22.5	74.5	87	16	20	161.5	135	26	40.5	32	28	23.5	9	84	93	24.5	13
all_peaks_40764	chr14	25103365	25103866	8	3	142	38	15	28.5	19	101.5	207	227	137.5	214.5	43	83	9	111.5	213	321.5	51.5	157	20.5	36.5	29.5	58	161.5	174	190.5	184.5
all_peaks_40770	chr14	25134830	25135331	10.5	3.5	46.5	14.5	84	124.5	55	126.5	194	266	131	333.5	88.5	140.5	26.5	228	159.5	279.5	65	204.5	67.5	60	74.5	73.5	74	156	124	130
all_peaks_40773	chr14	25142659	25143160	79	48.5	159	71.5	148	92.5	258	179	182.5	167.5	237.5	233.5	123.5	163	158.5	234.5	185	181	155.5	310.5	58.5	84	123	119.5	94.5	139	138	177.5
all_peaks_40777	chr14	25162142	25162643	53	3	146	46	37	27	107.5	34.5	191	132.5	156.5	142.5	95	57	98	126.5	160	159	145.5	221	13	16	45.5	21	96.5	66	81	60
all_peaks_40869	chr14	32406880	32407381	32	18.5	13	8.5	156.5	266	68	158.5	128.5	178	58	114	112.5	144	52.5	162	80	137.5	30	59.5	153	210.5	85	185.5	141	205	108.5	157
all_peaks_40928	chr14	34512972	34513473	50.5	8	78	20.5	210	131	318.5	275	208.5	126	378	260.5	193.5	146.5	248	335.5	267	221.5	342	272.5	99.5	93.5	139.5	105	120.5	84	160	99
all_peaks_40979	chr14	35400304	35400805	155	172	107	143	34	13.5	55	32	11	11.5	35.5	12.5	79	50.5	93.5	36.5	37.5	19	57.5	31.5	53	21.5	72.5	16.5	10	20	40	20
all_peaks_40985	chr14	35515084	35515585	534	343.5	672.5	507.5	408	396.5	338	347.5	408	381	394	340	341.5	385.5	353	413.5	380.5	395.5	390	351.5	385	387.5	456	423	478	436	408	415
all_peaks_41024	chr14	35834618	35835119	4.5	0.5	9.5	6.5	74	61	3	125.5	19.5	58.5	8	21	67.5	49.5	7	40	27.5	27.5	7.5	9	56	145	15.5	132	59.5	130.5	40.5	108
all_peaks_41039	chr14	35949456	35949957	1	1	3	1	20	100.5	0.5	43	20	74.5	1.5	11.5	27	8	0	15	17	31.5	0	1	46	204	14.5	70	37	163.5	11.5	74.5
all_peaks_41100	chr14	38534233	38534734	49	205.5	61.5	170.5	2.5	0.5	80.5	29.5	20	4.5	79.5	34.5	15	7.5	110	46	22	11	101.5	49	15.5	6	83.5	52	33.5	12	70	77
all_peaks_41134	chr14	39698310	39698811	48	55.5	162.5	53.5	163.5	198	150	297	277.5	275	256	312	134	163.5	145.5	213	199.5	215	158	215	103	181	157	195.5	161.5	208.5	204.5	261.5
all_peaks_4124	chr1	42194366	42194867	6	6	40	16	14.5	86.5	5.5	96.5	51.5	147.5	9.5	88.5	23.5	25.5	3.5	34.5	75.5	112.5	26	33	5	70	17	103	17.5	109.5	68.5	155.5
all_peaks_41268	chr14	50365822	50366323	35.5	10	38	10.5	38.5	123	18	102	36	158	18.5	55	67	53.5	20.5	40	39.5	58	15.5	27.5	60	206	52	159.5	79	190.5	52	148
all_peaks_41283	chr14	50437907	50438408	237	372.5	90.5	426.5	116.5	53.5	167	120	98.5	124	169	119	119	153.5	143.5	188	92.5	91.5	158.5	279	76	34.5	136.5	81.5	54	85.5	83.5	93.5
all_peaks_41291	chr14	50459597	50460098	2.5	2	4.5	4.5	5	91	11.5	113.5	28	128	6.5	30	12	29	4.5	30.5	21.5	59	8.5	15.5	7.5	114	10.5	132	14	172.5	33.5	141
all_peaks_41293	chr14	50465854	50466355	123.5	44.5	203.5	84.5	181	440	125.5	316	298	415.5	178	374	203	301.5	113	236	279	364.5	156	242	134.5	284	143.5	209.5	234	318.5	229	287
all_peaks_41298	chr14	50505287	50505788	17.5	3	23	3	82.5	359.5	25.5	568.5	101	466	31	287.5	117	71	18	143.5	92	184	30	59.5	71	513	105.5	568	118	511	153.5	573.5
all_peaks_41300	chr14	50511635	50512136	92	112.5	106	90.5	163	161	183.5	224.5	156	69.5	196.5	209	136.5	160.5	208.5	187.5	167.5	155	191	186	100.5	62.5	94.5	116	62	89	75.5	91.5
all_peaks_41336	chr14	50787760	50788261	85	64.5	109.5	56.5	89.5	180	65	169.5	115.5	189.5	65	87	116	140.5	61	90.5	108.5	119.5	65.5	58	128	263	136	266	120.5	228.5	132	218
all_peaks_41339	chr14	50810775	50811276	3.5	4	5.5	2	13	132.5	10.5	232.5	10.5	112	12.5	84	31.5	19	5.5	43.5	15	35	11.5	17	29	307	81	335.5	20	237.5	90.5	326
all_peaks_41359	chr14	51203547	51204048	7	5.5	24.5	6	21.5	117	11	96	73.5	158	26	89	35.5	39.5	6.5	39	41.5	106	17.5	26	96	134.5	67.5	107.5	154.5	221.5	144.5	182
all_peaks_41386	chr14	51561701	51562202	211	256.5	179.5	303.5	168	261	235	331.5	183	197	249.5	283	165	183.5	187	215.5	140	196.5	219	205	215	220	219.5	254	244.5	256.5	241.5	338.5
all_peaks_41441	chr14	52313899	52314400	469	425	618.5	517	329.5	219.5	438.5	228.5	372	230.5	443.5	382.5	309	316.5	369	280	384	322	403	400	288	192.5	426	293	312	211	351	263
all_peaks_4149	chr1	42363794	42364295	149	160.5	98	80	115.5	42	157	65.5	54	18	99	64.5	139.5	187	158.5	116	123	95.5	96.5	93.5	94.5	46	108	42	48.5	41	48	44
all_peaks_41498	chr14	52780661	52781162	75.5	26	100.5	42	79.5	43	246	106	93.5	45.5	272	164.5	156	88.5	219.5	191.5	225	113.5	267.5	232.5	45.5	13	142	61	99.5	52.5	143	94
all_peaks_41506	chr14	52818759	52819260	123	78.5	94	78.5	137	84	190	176	111.5	57.5	169	189.5	178.5	151.5	204	191	172.5	102.5	206	180	67.5	29.5	130.5	86.5	80.5	22.5	69	80.5
all_peaks_41537	chr14	53258028	53258529	254.5	245.5	312.5	251.5	307	285.5	289	252	269.5	186	300.5	246.5	301	290	287.5	277	301	307	314.5	287	259.5	214	208.5	201.5	235.5	138.5	246	175
all_peaks_41596	chr14	54902268	54902769	7.5	2	13	1	22.5	175	10	82.5	63.5	144.5	9.5	64.5	51	38	6	26	37	69.5	4	16	54.5	184	56.5	107.5	92	152.5	79	152.5
all_peaks_41627	chr14	55196794	55197295	11.5	10	5	9.5	62	83.5	51.5	174.5	50.5	119.5	53	72	69	52.5	36	90	21.5	38.5	46.5	50	86.5	133.5	84	137.5	51.5	119.5	93	137.5
all_peaks_41634	chr14	55240004	55240505	59.5	34.5	28.5	23	154	200.5	118	222.5	144	248.5	86	148	142	184.5	80.5	163	86	132	85.5	113	136.5	299	178.5	274.5	121	214	209.5	227.5
all_peaks_41696	chr14	55804371	55804872	168	110	332.5	75.5	103.5	89.5	102.5	71.5	130	107.5	45.5	39	129.5	117.5	120.5	108	171.5	111	51	54	73.5	54.5	118	61.5	80	63	20.5	29
all_peaks_41714	chr14	55925461	55925962	3.5	0.5	1	2.5	11.5	105.5	0	90.5	5	106.5	2.5	27.5	38	18.5	0	25	10.5	50.5	1.5	3	16	148	8.5	75.5	26.5	161.5	5	54
all_peaks_41733	chr14	56273675	56274176	201.5	128	278	118	154	79	72	65.5	64.5	80	45	38	143	205.5	84.5	162	80	138	60	76.5	96	70	49.5	18	39.5	48	32	13.5
all_peaks_41807	chr14	58764755	58765256	705.5	714.5	692.5	684.5	594	605	651.5	492.5	645.5	663	664	590	613	600.5	669.5	570.5	594	552.5	671	629.5	607.5	571.5	569	614.5	610.5	586.5	557.5	537.5
all_peaks_41813	chr14	58896894	58897395	1	5	2.5	2.5	5.5	92.5	1	40.5	28	67.5	5.5	6	23.5	9.5	0	7	14	39	0	2.5	30.5	220	1.5	88.5	41	183	5	52.5
all_peaks_41846	chr14	59655083	59655584	520	617	551	628	380	318	470.5	376.5	378	318.5	461.5	452	424	435	490.5	396.5	453	401	468	464	344.5	280.5	371	301.5	318	325	358	352
all_peaks_4191	chr1	42928616	42929117	366	284.5	326.5	357.5	183.5	195	205	169.5	189.5	223.5	188	185	227.5	253	242	233.5	211.5	223	210.5	225.5	252.5	212.5	228	179	249.5	177	212	238
all_peaks_41944	chr14	61570392	61570893	2.5	0.5	1	1	50.5	167	1.5	183	37	95	5	37	70	84	2	112	19	53.5	1.5	6	72	133	44.5	78	96.5	99.5	19.5	62.5
all_peaks_41974	chr14	61804493	61804994	177.5	166.5	178	236	91	46.5	151.5	44.5	88	54.5	157.5	95	112	68.5	171.5	86	119	68.5	144	135.5	82.5	17.5	128.5	46	69	28.5	76.5	31.5
all_peaks_42027	chr14	61919111	61919612	98	111.5	106	127.5	143.5	218	173	184	185.5	129	192	213	156.5	169	160	171.5	178	183	163.5	175	102.5	81.5	135	65.5	88	59	120.5	91.5
all_peaks_42035	chr14	61943527	61944028	373	382.5	313	432	95.5	126	149.5	120	137	66.5	131	103.5	132.5	155	172.5	156.5	137.5	108	165	152	147.5	105.5	256	145.5	118	118	173	98.5
all_peaks_42047	chr14	61991932	61992433	23.5	8	49.5	10.5	106.5	219	42	254.5	137.5	227	54	201.5	86	72	17	140	63	144.5	35	79.5	45	199	92	224.5	65	199.5	109	255.5
all_peaks_42080	chr14	62129228	62129729	61.5	34	122.5	49	158.5	189	81	161	131.5	208	98	147.5	130.5	131	65	145	132	182	59.5	100	171	177.5	141	142.5	190.5	209	103.5	167.5
all_peaks_42145	chr14	64116995	64117496	117	258.5	83.5	239	64	17	128.5	39	40.5	21.5	114	64.5	96.5	82.5	196.5	66.5	104.5	44	167	103.5	51.5	16.5	34	15	39	16.5	24	18.5
all_peaks_42205	chr14	64805280	64805781	161	150	188.5	185.5	236.5	177.5	237.5	203	135.5	196.5	263.5	244	191	126.5	233	234.5	158.5	171.5	213	248.5	111.5	105.5	149.5	110	101.5	99.5	131.5	127
all_peaks_42217	chr14	64889449	64889950	3	0.5	3	3	5.5	132.5	0	74.5	13.5	133.5	2	26.5	23.5	21.5	0	19	6.5	32	1	11.5	21.5	140.5	4	98.5	23	173.5	17	131.5
all_peaks_42231	chr14	64970446	64970947	553.5	490	577	543.5	546	478	485.5	467	542.5	577	538.5	456.5	563.5	450.5	548.5	454.5	610.5	559.5	544.5	466.5	544	460	579.5	472	521	403.5	471.5	412
all_peaks_42237	chr14	65006900	65007401	214	215	260	206.5	347.5	434.5	290.5	459.5	358	321	245	351	303	299	241	373.5	293	342.5	252	240	340.5	377.5	319.5	364.5	326	369.5	354	338.5
all_peaks_4224	chr1	43397758	43398259	120.5	92.5	185.5	120.5	230	194	293	173.5	272.5	159.5	309.5	318.5	219	291.5	251	254	288.5	254	263.5	301.5	121.5	79	137.5	101	156.5	127	137	131
all_peaks_42254	chr14	65175150	65175651	96	41	89.5	38.5	153	41	119	16	113.5	17	168.5	103.5	157	164	117	63	160.5	94	160	149.5	57.5	9.5	13.5	7	63.5	11	36.5	21.5
all_peaks_42257	chr14	65189507	65190008	93.5	28.5	80.5	30	202.5	43	192.5	7.5	112	16	231.5	79.5	199.5	235.5	187	110	179	140.5	162.5	175.5	38.5	5	11.5	1	17.5	7	26	2.5
all_peaks_42267	chr14	65222543	65223044	197	15.5	117.5	12.5	156.5	57	20.5	7	49.5	38	21.5	10.5	236.5	164	34	9	91.5	63	16	9.5	103.5	78.5	4	5	48.5	18	5.5	2.5
all_peaks_42308	chr14	65569039	65569540	410.5	423	339.5	376.5	313.5	244.5	329.5	245	304.5	244.5	346	266	384.5	330	366	321	307	281	347.5	299	267	257	272	248.5	243	235	254.5	250.5
all_peaks_42343	chr14	65768611	65769112	9.5	15.5	18.5	12.5	7.5	40.5	28.5	219	80.5	154.5	112.5	337	15	29	13	178.5	98	173	63.5	184.5	10	19.5	36	112	95	114.5	75.5	194
all_peaks_42352	chr14	65802737	65803238	8	11.5	2.5	10	109	192.5	97	236	188.5	201.5	152	243	73.5	160.5	48.5	269.5	89	195	85.5	255.5	60.5	134.5	140.5	136.5	149.5	178	193	169
all_peaks_42403	chr14	66171478	66171979	3.5	2	1	2.5	14.5	114.5	1	145.5	22.5	56	4	19.5	21	31.5	3.5	16.5	12	35.5	1	9.5	53.5	164.5	28.5	154	65.5	130	29	105
all_peaks_42419	chr14	66313749	66314250	189	175	153	221	190	137.5	213.5	127	153.5	55.5	233.5	151	180	165.5	235.5	161	186	128.5	253	211	106	56	125	73.5	81.5	40	113	80
all_peaks_42420	chr14	66317082	66317583	87	123	97.5	45	211.5	133	195.5	129	162	65	163.5	100.5	209.5	210	173	182.5	184	161	131	148	100.5	69	137	74.5	94.5	46.5	107	65.5
all_peaks_42427	chr14	66394572	66395073	75	64.5	98.5	67	144.5	78.5	231.5	77	183	69.5	223	104	186	148.5	200	152.5	164	119	184.5	186.5	113	43.5	107	79.5	80	53.5	116.5	94.5
all_peaks_42451	chr14	66974496	66974997	243.5	219	160	162	332	531	346	439.5	287.5	333.5	312.5	413.5	342.5	352	350	430	283.5	356	256.5	328	304	367	319	351	264.5	304.5	343	351
all_peaks_42495	chr14	67955212	67955713	118.5	155	141	162.5	181	209	230.5	122.5	145.5	112.5	280	206	199.5	198	204.5	185.5	202	215	225	226.5	131	43.5	134	54.5	114.5	45.5	135	48.5
all_peaks_42577	chr14	68950648	68951149	81.5	154	53.5	147	10	11	88	22	9	18.5	91	37.5	23	15.5	95	20.5	15.5	12.5	117	77.5	9	7	17	11	3.5	10.5	17	9.5
all_peaks_42591	chr14	69152202	69152703	217	68.5	298	152.5	233.5	90	195.5	189	99	117	214.5	210.5	176.5	124	173	145.5	134	101	182	126.5	156	108	124	158.5	138.5	107.5	167.5	178.5
all_peaks_42609	chr14	69247902	69248403	107.5	66.5	160	76.5	130.5	35.5	147.5	39	122.5	33.5	172	86.5	131.5	132	151.5	85	183.5	100.5	172	139	108	22.5	75.5	35	99.5	33	54.5	22
all_peaks_42650	chr14	69434691	69435192	178	215	69	244.5	26.5	0	119	3.5	18	2	76	10	30	9.5	133.5	7.5	9	2	105	22	8	0.5	65	6	3.5	1	16.5	6
all_peaks_4269	chr1	43824289	43824790	271.5	284.5	232.5	260	328	462.5	303.5	418.5	339.5	354	336	442	303.5	340.5	299.5	357	353.5	353	326	341.5	421.5	409	403.5	389	425	380.5	364.5	408.5
all_peaks_42715	chr14	70092009	70092510	151	129.5	151.5	159	201	195.5	232	287.5	229.5	164	302.5	348.5	143	233	182	308	201	238	247	320	117.5	96	126	90.5	96.5	142.5	152	164
all_peaks_4273	chr1	43833494	43833995	134.5	94.5	170.5	111.5	194.5	214	226.5	270.5	232	266	244.5	256	192	205	205	250	217	242	217	239.5	236.5	238	217	204.5	211.5	227.5	270.5	255.5
all_peaks_42731	chr14	70142710	70143211	13	5	8.5	2	54	174	23	142	69.5	121.5	31	98	56.5	55	14	69.5	51	93	13	39.5	111.5	153.5	86.5	151.5	91.5	169.5	143.5	153
all_peaks_42734	chr14	70151911	70152412	11	2	9	1	61	68	25	128.5	50	71.5	11	48.5	51	59	9.5	86	34.5	50.5	11.5	31.5	59	170.5	75.5	134.5	56.5	143.5	61.5	108.5
all_peaks_42784	chr14	71122131	71122632	180	234	108	201	90.5	53.5	139.5	89.5	77	36	177.5	74.5	83	108	182	78	90.5	52	169.5	118	63.5	50	102	76.5	72	33.5	94	60
all_peaks_42793	chr14	71276152	71276653	241	202	289.5	263	392	400	359	387	299	297.5	379.5	412	330.5	236	337	290.5	318	323.5	329.5	308.5	350.5	298.5	287.5	339.5	331.5	292	394.5	364.5
all_peaks_42910	chr14	72516098	72516599	1.5	0.5	1	1	30	246	13.5	205	46	138.5	11	84	46.5	106	2.5	119	24.5	85	3.5	18	92.5	216.5	49	187.5	158	137.5	105.5	141
all_peaks_42926	chr14	72906444	72906945	6.5	6.5	8.5	8	83.5	88.5	112	135	99	121.5	144.5	224	67	150	70.5	269	62.5	118.5	75	272	26.5	17.5	42.5	22.5	52	20.5	62.5	31.5
all_peaks_42930	chr14	72943487	72943988	27	23	31.5	32.5	175	262.5	236.5	304	206.5	257	250.5	275	167.5	269.5	175.5	346	145.5	230	222	311	157.5	188	249	226	172.5	155	215.5	154
all_peaks_42935	chr14	72985374	72985875	42.5	41.5	88	68.5	79.5	115.5	98.5	62.5	193.5	150	152	206.5	111	130	83	143	127	146	118.5	169.5	47	40	73.5	53	34	47	99	40.5
all_peaks_42946	chr14	73061032	73061533	49.5	25.5	62.5	33.5	150.5	133.5	115	190.5	195.5	136	182	174.5	132.5	201	105	216	190.5	191.5	138	186.5	83.5	45	99	44.5	53.5	37	109	60.5
all_peaks_4295	chr1	44115452	44115953	545	490	552.5	485	597.5	663.5	587.5	637	594.5	491	552	620	572.5	582	591	514	581	537	531	545.5	568	568.5	536	530	450	519.5	471.5	511.5
all_peaks_42969	chr14	73392807	73393308	360.5	416	378	382	365	381.5	408	359	308	201.5	414.5	308	343	370	402.5	385.5	305	301.5	378.5	345.5	357	363	360	332	383	311	344	345
all_peaks_42978	chr14	73493695	73494196	292	269	285	267	312.5	325.5	357.5	394	333	243.5	354.5	306.5	350.5	375.5	400.5	356.5	340.5	289.5	371	376.5	177.5	180.5	168	168.5	131	179.5	145.5	190
all_peaks_43068	chr14	74353182	74353683	233	181	268	211	192.5	306	215	266.5	235.5	310.5	174.5	252.5	219.5	223.5	188	308	184.5	218.5	176.5	200	176	296.5	242.5	311	197	260.5	225	273
all_peaks_43071	chr14	74416724	74417225	399.5	423	416.5	440	287.5	387.5	381.5	348.5	318.5	404	340.5	337.5	301.5	274.5	390.5	306.5	331	311.5	349.5	286.5	296.5	371.5	349	412.5	333.5	404.5	362.5	363.5
all_peaks_43077	chr14	74551071	74551572	805	811	831.5	821	696.5	636	740.5	641	685	655	716	662.5	750	809.5	793	761	782.5	710	816	795	690	618.5	695	648	662.5	642.5	644	626.5
all_peaks_43107	chr14	75040648	75041149	33.5	4.5	113.5	14	82	45.5	37	11.5	193.5	117.5	59	70.5	97	89.5	19.5	33	151	141.5	50.5	78	26.5	12.5	14	12.5	71.5	31	31	21
all_peaks_43119	chr14	75085005	75085506	64.5	47.5	252	74	79	27	66.5	27	140.5	82.5	142.5	104	140.5	65.5	63.5	37	231	153	158	97.5	39	16	31	23.5	86.5	32	101	64
all_peaks_43171	chr14	75469252	75469753	415.5	415.5	521	454	390.5	401.5	389	387	420	320	397.5	353.5	407	395.5	356	367.5	409	435	421.5	398.5	418	306.5	352.5	327.5	430	329.5	451	380
all_peaks_43203	chr14	75714090	75714591	143.5	175.5	183.5	160.5	15.5	39.5	46.5	38.5	42	104.5	43	70.5	38.5	25	55	50	47.5	51.5	54	48.5	47	41	44.5	41.5	42	36	69.5	63.5
all_peaks_43204	chr14	75716186	75716687	393	276	444	407	135.5	209.5	232	167	201.5	204.5	195.5	160.5	152.5	160.5	205.5	161.5	159.5	190	237.5	174	139.5	134.5	231.5	140.5	134.5	141.5	191.5	171.5
all_peaks_43206	chr14	75725631	75726132	451	355	410	337.5	238.5	209	201	255.5	192	265.5	124.5	91	272	257.5	222.5	277.5	230	244	172	160.5	382.5	351	291	406	283.5	363	302	413.5
all_peaks_43209	chr14	75744959	75745460	278.5	220.5	234.5	242.5	140	61	173	80	153	122.5	135.5	87	166	151	152.5	115	122	136	118	128	167.5	152	190	180	220	165.5	184.5	168
all_peaks_43210	chr14	75760722	75761223	294.5	260	246	269.5	191	229	196	199	151.5	274	156.5	198.5	199	213.5	189.5	195.5	199	220	193	186	269.5	252.5	249	296.5	285	327	294.5	341
all_peaks_43240	chr14	76009025	76009526	95.5	60	73.5	51.5	79	167.5	77.5	206	128.5	125	58	111	116.5	183	68	226	98	192	62.5	97.5	104.5	196	71.5	163	119	156	79.5	149.5
all_peaks_43245	chr14	76028331	76028832	2.5	0.5	1	1	8	78.5	4.5	49.5	17.5	103	5	21	15	17	0	17	19.5	37	3.5	6.5	32	127.5	6.5	110	36.5	163.5	12.5	133
all_peaks_4325	chr1	44412090	44412591	248.5	261	288.5	263	257	309	309.5	390.5	257	277	301	298	299	330	312.5	348	337.5	360	335	344	367.5	433.5	396.5	424.5	354	469.5	410.5	422
all_peaks_43253	chr14	76127080	76127581	512	514	458	471	465.5	431	513	491.5	404.5	423	460.5	425	507	467.5	555	464.5	500	450	496.5	467	407.5	376	468	402	335.5	421.5	428.5	428.5
all_peaks_43289	chr14	77234602	77235103	125	51.5	122.5	45.5	82.5	189	163	346	58	124.5	110.5	177	81.5	125.5	119	198.5	120	103	121.5	138.5	63.5	201.5	154	285	40	122	138.5	205
all_peaks_43321	chr14	77428170	77428671	259	208	314	271	192	255.5	233.5	324.5	199	289.5	293.5	232	158.5	172	203	223	230	234	263.5	235.5	210.5	201	301.5	251	131.5	225.5	284.5	208.5
all_peaks_43324	chr14	77444165	77444666	93	54	60	70.5	22	54	45.5	226	31.5	84	19.5	54.5	41.5	43.5	39	97	52	45.5	46	36.5	16	113.5	87.5	159.5	25.5	110	82.5	141
all_peaks_43332	chr14	77500176	77500677	74.5	53.5	89.5	48.5	105	153	81.5	209	117.5	178	76	130.5	94	87.5	57	152.5	115	149	98	128	69	183	77	148	93	178	95	184.5
all_peaks_43335	chr14	77506589	77507090	240	284	216	239	84.5	49.5	119.5	66.5	85.5	57.5	90	88.5	85	68	166.5	107.5	87.5	64	112	71	113	73	125.5	94.5	90	83	113.5	122
all_peaks_43369	chr14	77769244	77769745	3.5	0.5	5	4.5	20.5	125	12.5	206.5	41	176.5	11.5	140.5	43	24.5	5	73.5	35	74	12	18.5	48.5	276	73	302	131.5	290.5	179	283.5
all_peaks_43398	chr14	78083027	78083528	520.5	508.5	603.5	587.5	413	562	534	538	505	510	576	637.5	438	448	483.5	536	520	521.5	557	589	428	470.5	406	454	481	476.5	508.5	510.5
all_peaks_43448	chr14	81053477	81053978	13	6	22	24.5	16	151.5	40	97	26.5	168	81	225	32.5	35.5	36.5	73	33	58	62	109	43	87	55.5	90	47.5	93	103.5	89.5
all_peaks_43461	chr14	81397293	81397794	281	55.5	260.5	82.5	153	288	174	227	160	126	192	308	165.5	160	190.5	189	157.5	160.5	147	130.5	272	221	275.5	178.5	238.5	196	252	194.5
all_peaks_43466	chr14	81425720	81426221	89	55.5	98	43.5	232.5	258	253.5	144.5	174.5	154	242	263.5	191	180.5	225	267.5	177	194	213	193.5	234	91.5	197.5	62.5	170.5	58	136.5	41
all_peaks_43478	chr14	81630478	81630979	15	11.5	6	7	18.5	92.5	21	91.5	25	78	17.5	68.5	15	30	12	53.5	18	33.5	13	19	60.5	123	51.5	116.5	42	173.5	57	152.5
all_peaks_43512	chr14	82000117	82000618	601.5	616.5	641.5	551.5	547	532.5	556.5	535	516	437	583	555.5	535	583	631	567	597	545.5	637.5	614.5	424	410	469.5	483	359.5	420	510.5	495.5
all_peaks_43530	chr14	88237389	88237890	23	19	12	22.5	112.5	50.5	28.5	18.5	214.5	151	36	75	70.5	7	11.5	12	12	11.5	13	12.5	43	19	96	54	148	14.5	105	74
all_peaks_43597	chr14	89742722	89743223	8	1	18.5	5.5	21	162.5	18	244	105	249.5	42	262	52	68.5	11	210	108	153.5	73.5	146.5	5.5	88.5	19.5	176.5	27	165.5	56.5	166
all_peaks_43655	chr14	90187099	90187600	197	240.5	299	369	174	120	263.5	85	231	49	359	255.5	218	207.5	263	164	297.5	214	352.5	280.5	129	24.5	93.5	41.5	102.5	58	76	44
all_peaks_43672	chr14	90422676	90423177	143.5	132.5	212.5	135.5	120.5	153.5	94	184	105	147	81	102	128.5	131	94.5	121.5	114.5	116.5	72.5	81.5	127.5	220.5	175	234	113.5	213.5	144	202
all_peaks_43740	chr14	91436367	91436868	5.5	5	6.5	4	44	157.5	10	90.5	46.5	130	4.5	25	48.5	39.5	6.5	13	23	59	7.5	9	79.5	206	61.5	144.5	148	163	82.5	120.5
all_peaks_43762	chr14	91544708	91545209	108.5	68	82.5	127	94.5	124	160	162.5	155.5	159.5	139.5	145.5	118	156.5	142.5	203	133	106	132.5	215.5	47	39.5	75.5	49	50.5	53.5	78	50.5
all_peaks_43788	chr14	91694715	91695216	121.5	61	173	100.5	95.5	273.5	93.5	422	242	225	146.5	343	150.5	139	116	248.5	180	213.5	165.5	203.5	88	263	179	343.5	73.5	240	173	254
all_peaks_43793	chr14	91712297	91712798	309	233.5	192	173	235	324	246	271	197	193	183	193	246	264.5	219	250	180.5	144.5	176.5	167.5	272.5	248	385	255.5	165	162	268.5	161
all_peaks_43794	chr14	91713928	91714429	22.5	14.5	55	16	53.5	117	17	149.5	88	210	17.5	68	64	50	7.5	68.5	54.5	63	11.5	21.5	59.5	131.5	68.5	122.5	58	159	63	112.5
all_peaks_43796	chr14	91716376	91716877	63	28	50.5	21	98.5	127.5	56.5	226.5	179.5	196.5	86.5	232.5	86	150	46	289.5	100.5	177.5	50.5	211.5	67.5	44	100.5	126.5	116.5	65	78.5	96.5
all_peaks_43815	chr14	91777557	91778058	150.5	98	117.5	96	131	131	166	67.5	127	57	191	141.5	173.5	174.5	133.5	130	167.5	131.5	159	175.5	132	31.5	83.5	19	105	27.5	70	29.5
all_peaks_43819	chr14	91783850	91784351	135.5	134	121	144	151	84.5	168.5	85.5	159	95	215	165.5	105	149	169	169	136.5	129.5	183.5	205	87.5	62	80.5	56	67	66.5	106	73
all_peaks_4385	chr1	45139960	45140461	463.5	388.5	503	399	533.5	621	550.5	647	578.5	509	539.5	579	557	609	527.5	657.5	574	600	557.5	561	573	616.5	590.5	598.5	636.5	620.5	586.5	593.5
all_peaks_43871	chr14	91976621	91977122	391	373.5	351.5	391.5	306.5	267	284.5	226	288	248	281.5	221	322.5	272	256	288.5	303	340	281.5	307	270	279.5	354.5	255.5	245.5	297.5	266	291
all_peaks_43889	chr14	92333712	92334213	87.5	88	137	95	146	90.5	130	99.5	143.5	62.5	148.5	188	162	132.5	172.5	127.5	166	127.5	160.5	149	66.5	22	56.5	28	98.5	28.5	79	34
all_peaks_43890	chr14	92336227	92336728	196.5	278.5	150	215	121.5	35.5	191	108.5	72	5.5	153.5	60	132.5	100	193	114	80	36.5	143.5	135.5	98	21.5	126.5	27	34	5.5	84	16
all_peaks_43891	chr14	92339687	92340188	197.5	193	228.5	208	164	108.5	206.5	174.5	134	42.5	220.5	145	182	153	277.5	196.5	184.5	115	238.5	158	103.5	29	138.5	77.5	107	28	76.5	22
all_peaks_43943	chr14	92997747	92998248	9.5	20	271	264.5	5.5	3	18.5	13	203	146	193.5	171.5	18.5	5	7	10.5	235.5	253.5	134	136.5	14.5	1	39	26	200.5	153	239	188
all_peaks_4395	chr1	45187110	45187611	141.5	182.5	171	165.5	284	418	244	271	321	409.5	260.5	430.5	277	273	240.5	241	253.5	319	246	170.5	234	234	240.5	235	215	229	246	225
all_peaks_4397	chr1	45196264	45196765	163	214.5	233.5	185.5	276	601	165	395	354	543	210.5	544.5	252.5	290	186	286.5	282	405.5	209.5	167	331.5	442	314.5	387	369	417	375.5	365.5
all_peaks_43978	chr14	93081711	93082212	133.5	124.5	294	237.5	199.5	52.5	259.5	30	240	26	361.5	221	131.5	117.5	315.5	95	334.5	192	386	301	80	7.5	62.5	11	97.5	14.5	77	23
all_peaks_43984	chr14	93117451	93117952	176	213	226	268	141	127.5	226.5	199.5	93	157	276.5	264.5	136	164	250	178	233.5	159.5	300.5	212.5	118	83.5	125.5	116	95.5	124	140.5	179.5
all_peaks_44012	chr14	93234472	93234973	33.5	2	24.5	5.5	119.5	134	45.5	127	121.5	148.5	40	118.5	145.5	163	36	156	105.5	143.5	46	83.5	164.5	105.5	72.5	94.5	122	79	72.5	54.5
all_peaks_44039	chr14	93532290	93532791	23.5	30	98	118	40.5	41	68.5	62	116	127	170	191	38.5	74	53.5	75	123	114	126.5	122	75	57.5	75.5	69	175	166.5	208.5	148.5
all_peaks_44097	chr14	94425667	94426168	264.5	81.5	250	104.5	186	331.5	169.5	383.5	303.5	361.5	192	411.5	179.5	244	155	349.5	239.5	282.5	178	262	224	307.5	307	314	219	366	325.5	356.5
all_peaks_44099	chr14	94428962	94429463	55.5	20	86.5	25	108	154.5	41.5	197.5	164	126.5	83.5	195.5	70.5	137.5	46	136	110	108.5	65.5	137	150	80	104.5	53.5	134	99	127	57.5
all_peaks_44104	chr14	94444535	94445036	171	92.5	108.5	116.5	155.5	183	184.5	198	179	149	189.5	299.5	126	169	163.5	231.5	213.5	158.5	157.5	247.5	150.5	44.5	170.5	74	130.5	77	122.5	38
all_peaks_44183	chr14	95929343	95929844	115.5	197	75.5	176	16.5	9	84	6	20.5	2.5	43	11	39	30	135.5	18	27.5	14	98	32	43	9.5	42.5	8	17.5	1.5	8	1
all_peaks_44198	chr14	95989457	95989958	77.5	118	53.5	77	126	135	220	200	173.5	225.5	179	162	138.5	145.5	187	167.5	129.5	116	192	223.5	89	205.5	97.5	199.5	96	190	144.5	162.5
all_peaks_44234	chr14	96858031	96858532	362.5	335	299.5	344	389.5	356.5	334	390.5	321	339.5	351	298	412	469.5	439.5	377.5	459	438	438.5	414	433.5	366.5	374	367.5	372	396.5	378	380
all_peaks_44255	chr14	97263376	97263877	203	220.5	173	152.5	209	200.5	274.5	241	200.5	169.5	210	199.5	238.5	251	281.5	286.5	207.5	220	239.5	256.5	180	130.5	167	147	147	144	143.5	125.5
all_peaks_44308	chr14	98069075	98069576	177.5	273	184.5	193	145	57	160	37	140.5	14.5	167	98	147	142.5	211	119.5	177.5	110.5	190.5	148	113.5	22	69	17	120	33.5	52.5	14
all_peaks_44374	chr14	98639533	98640034	126.5	145	128	175	57.5	23	101.5	10	58	17	134.5	41.5	44	33.5	105	63	56	28	122	122	23.5	8.5	35.5	6.5	23	12.5	12	9.5
all_peaks_44375	chr14	98643912	98644413	16.5	7	8.5	11	24.5	90	14.5	140.5	20.5	73	9	35.5	15	15.5	13.5	53	12	29.5	12.5	21	21.5	157.5	41	171.5	37	134.5	31	143.5
all_peaks_44380	chr14	98655804	98656305	147	301	96.5	273	158.5	66	209.5	47	88	29	212	93.5	146	147	236.5	134	133	83.5	240.5	224	124	13	121.5	21	88	20	78	22.5
all_peaks_44392	chr14	98690098	98690599	218	243.5	115	242.5	98.5	21.5	185.5	33.5	41.5	9.5	166	60.5	115	88.5	252	104	77.5	24.5	223	192.5	39	16.5	93	28	6.5	12	40	14
all_peaks_44423	chr14	99450966	99451467	196.5	117	130	100.5	156.5	122.5	158	25.5	148.5	52.5	175	103.5	161	214.5	150.5	73.5	157	126.5	177.5	107	124	64.5	78	9	58.5	24.5	67	12.5
all_peaks_44429	chr14	99522121	99522622	21	12.5	138.5	68	32.5	12	26	2	326.5	189.5	224	160	57	35.5	28	5	298	267.5	192	182.5	22	6.5	10.5	7	175.5	87.5	117	53
all_peaks_44471	chr14	99728724	99729225	325	333	255.5	320.5	80	69	119.5	86.5	65.5	55.5	120.5	71.5	112.5	99.5	160.5	128	84.5	80	119.5	86.5	114	68.5	207	90.5	44	55	133	56.5
all_peaks_44488	chr14	99947317	99947818	779	747	791.5	768.5	772	679	703	619.5	649.5	618.5	632.5	615.5	736	755.5	800	683.5	738	722	748	756	653.5	564.5	683	603.5	657	645	670.5	566
all_peaks_44501	chr14	100070481	100070982	393.5	388	370	338.5	324	216.5	367.5	347	225.5	127	248	136.5	319	234.5	402.5	298	275.5	179.5	281.5	161	299	257.5	415.5	362	309	174.5	297.5	244
all_peaks_44510	chr14	100150167	100150668	338.5	313	287	287.5	357.5	279	278	314.5	289.5	321	298.5	271.5	380.5	413.5	393	404	382.5	421.5	381	379	377.5	364.5	391.5	366	358	394	342.5	414
all_peaks_44548	chr14	100534911	100535412	225.5	193	468	263.5	282.5	273.5	235.5	329.5	351	284	351.5	430	311.5	239	279	321	344.5	298.5	301.5	347.5	127	150.5	169.5	200	119	173.5	194.5	185
all_peaks_44550	chr14	100545255	100545756	136	171.5	162	180.5	165	120	193.5	75.5	140	97	135.5	165.5	155.5	146.5	169	129	151.5	160.5	170	191	114.5	42.5	91	38	125.5	44.5	117	76.5
all_peaks_44579	chr14	100659149	100659650	470.5	490.5	425	465	528.5	548	470.5	529.5	499.5	518.5	472	456.5	455	506.5	423	492.5	466	485	457	473.5	547	565	548.5	546.5	562	605	530	544.5
all_peaks_4461	chr1	45956755	45957256	532	459	502	505.5	422	413	505	472.5	456	514.5	461.5	454	456	473	544	573	430.5	445.5	496.5	476	410.5	410	561.5	534.5	356.5	511.5	517.5	508.5
all_peaks_4463	chr1	45965584	45966085	388.5	446	430	402.5	318	263	421.5	319.5	408	193.5	432	314.5	382	391	467.5	406.5	384.5	306	467.5	446.5	267.5	182.5	277	230	281	187	269.5	202
all_peaks_44646	chr14	101106667	101107168	111	76.5	131.5	87	192.5	179.5	239	168	163	104	226	218	171	198.5	226	205.5	205.5	173	189.5	206	95.5	73	153	61.5	108.5	51	157.5	84.5
all_peaks_44698	chr14	102188114	102188615	322	259.5	388	292.5	259	218	216	76.5	201.5	137	210.5	175.5	244	254	231.5	164.5	272.5	235	224	197	153	75	139	71.5	116.5	56.5	111.5	54.5
all_peaks_44701	chr14	102197474	102197975	182	158	229	134	100	149.5	105.5	289.5	94.5	88.5	70.5	105	127.5	137	114.5	157	115	115	91.5	104	115	182	159.5	238	82	154	133	219.5
all_peaks_44711	chr14	102276429	102276930	213.5	221	200.5	218.5	105.5	78.5	104	54	90	75.5	103.5	74.5	137	144	141.5	115	124.5	101	129	124.5	154	95.5	169.5	126	94.5	101	106.5	78.5
all_peaks_44714	chr14	102289910	102290411	182	146.5	224.5	162	153	206.5	116	210	110.5	227.5	101	154	154	95.5	182.5	82.5	140.5	109.5	169	89	131.5	214	154.5	204	152.5	234	116	150
all_peaks_44735	chr14	102414332	102414833	581.5	578.5	569.5	542.5	501	545.5	553	423.5	537.5	421.5	482	464	570.5	591.5	543	553.5	538	585.5	550	541	590	538	558.5	561	559	513.5	535	517
all_peaks_44742	chr14	102486583	102487084	28	45.5	23	104	46	109.5	105.5	152	72	220.5	172	213	44.5	51.5	114.5	100	60.5	121	165	167.5	97.5	82	108.5	85	121	125.5	178	161
all_peaks_44753	chr14	102553165	102553666	177.5	168	163	147.5	416.5	211.5	195.5	107.5	322.5	359.5	164	195	282.5	185	179	174	195	209.5	149.5	177.5	185.5	166.5	173.5	179	181.5	196.5	161.5	164
all_peaks_44756	chr14	102605812	102606313	234.5	227.5	188.5	230	291	222	228	272	237	297	217	265.5	287	230.5	232.5	203	250	295.5	275	258	336.5	331	235.5	283	355	356	303.5	362
all_peaks_44785	chr14	102990872	102991373	172	114	185	167	230.5	417.5	260	438.5	370.5	349	292.5	396	269	339.5	241.5	354	275.5	373	279	300	315	383	266	327.5	342.5	368.5	355	401.5
all_peaks_44826	chr14	103288486	103288987	9	0.5	1	1	5	67	5.5	80.5	7	52	1	7.5	18	18	2	10.5	8.5	28	4	8	25	171.5	7.5	150	21.5	129	8	88.5
all_peaks_4486	chr1	46216113	46216614	183	165	248.5	193.5	252.5	374.5	253.5	334	270	351.5	293	347.5	225.5	255	223	327	267	296.5	253.5	280.5	271	327.5	222.5	283	294	321.5	276	315
all_peaks_44874	chr14	103851462	103851963	406	399	441	391	292.5	306	332	222.5	287.5	269	275.5	256.5	280	299.5	307	283.5	324	307.5	310.5	298.5	283.5	299.5	334	287.5	259	284.5	263	263.5
all_peaks_449	chr1	2517707	2518208	212	220	208	203.5	341.5	305.5	337	290.5	298	325	322.5	275.5	357.5	370	359	364	318	360.5	317	314	305.5	356	344	358.5	360.5	357	319.5	351
all_peaks_44928	chr14	104181638	104182139	674	673.5	610.5	678.5	713.5	782	693.5	772.5	611.5	635	691	690	696.5	710	691.5	740.5	728	785.5	699	674.5	713.5	755	760	727.5	707	707.5	712	751
all_peaks_44985	chr14	104856218	104856719	167	120.5	67	163.5	11	2.5	21	2	7	7.5	10.5	5.5	10.5	8.5	20.5	2	7	4	15.5	6	5.5	3	24	0	1.5	1.5	21.5	8
all_peaks_44987	chr14	104860259	104860760	133	109	95.5	110	125.5	50	217.5	27.5	100.5	12	158.5	57.5	145	145.5	199.5	106	138	87	200.5	129	78	6.5	58	9	37	2.5	45	17
all_peaks_45047	chr14	105219067	105219568	613.5	596	549.5	606	720.5	610	643.5	696.5	747	666.5	694	695.5	762	749.5	738.5	769	754.5	735	725	757.5	757	708	702.5	713	744	691	734	693.5
all_peaks_4507	chr1	46598477	46598978	126	72.5	224.5	104	204	279.5	190	200	277	310.5	190.5	234	243	215	191.5	224.5	278	267.5	206.5	183.5	160.5	255	143	177	171	268	144	225
all_peaks_45128	chr14	105525775	105526276	88.5	133	94	215.5	22	8.5	25.5	42	23.5	25.5	23	21	10.5	11.5	17	22	27.5	17	15.5	30	12.5	14.5	22	26	5.5	37.5	33.5	40
all_peaks_45129	chr14	105531609	105532110	448	392.5	472	420.5	236	256.5	335	294	247.5	171	290.5	264.5	299	365	315.5	256	313	326.5	292	265.5	235.5	211	279.5	242.5	225	244.5	252	189
all_peaks_45130	chr14	105536306	105536807	6.5	5	20.5	5.5	24	166.5	3.5	159.5	65	185.5	15	162.5	37	29.5	4	24	49.5	121	15	33	11	129.5	10.5	154	51.5	217	92	234.5
all_peaks_45184	chr14	105760510	105761011	41	70.5	45.5	68.5	50	66	114	164.5	56	42.5	81.5	80.5	70	70	108.5	106	65.5	62	75.5	54	122	102	162	228.5	91.5	86	123	166.5
all_peaks_45230	chr14	105948235	105948736	165.5	180.5	205.5	138	149	141	140.5	138.5	153	138	112	128.5	133.5	144	129.5	107	120	142.5	105	111	278	255.5	219.5	261.5	225.5	285.5	165.5	285.5
all_peaks_45231	chr14	105957217	105957718	1144	1104	1126	1126	885.5	941	1104	861.5	792	813.5	1039.5	916.5	932	1197.5	1178	1104	1216	1085.5	1261	1011.5	1065	993.5	1004.5	922	916.5	869	811.5	824
all_peaks_45232	chr14	105957783	105958284	89.5	73.5	87	66	191.5	158	84	109.5	158.5	161	75	125	176	153	73.5	122.5	131.5	172.5	95.5	75.5	209.5	207.5	174.5	203	192	173	134.5	173
all_peaks_45270	chr14	106325951	106326452	80.5	7.5	136	16.5	257.5	104	149	29.5	281	87.5	83	133.5	207	248	101	86	274.5	254.5	66.5	75.5	232	95	74	17.5	290.5	55	50	13
all_peaks_45321	chr14	106630809	106631310	185	208	158.5	175.5	36	16.5	172.5	31.5	61	15	133	42	27.5	21	139	34	68.5	32.5	116	79.5	13.5	5	80	11	10	10.5	67	9
all_peaks_45323	chr14	106641353	106641854	143	132	184.5	127	46	37.5	131.5	23	96.5	73.5	148	58	70.5	52	124.5	49	126.5	101	135.5	87.5	10	21.5	109.5	25.5	26	31	108	33
all_peaks_45339	chr14	106765115	106765616	29	21	15.5	14	118	145	38.5	144	134	182	31	100	94	75.5	22.5	121	27	65.5	12.5	47	172	184	118.5	138.5	112.5	107.5	89.5	101
all_peaks_45351	chr14	106873545	106874046	42	19.5	28.5	22	211.5	232	57	160	207	268.5	41	175.5	131.5	102.5	22	153.5	45.5	96	21	47.5	228	271.5	135.5	161	193.5	178	119.5	138
all_peaks_45366	chr14	106966794	106967295	136	188.5	156.5	192.5	71	73.5	168	53.5	89	30.5	145	42.5	96.5	124	153.5	91	126	81	129	87	72	19	125.5	63	67	24	108.5	46.5
all_peaks_45434	chr15	21926143	21926644	9	4.5	23	11.5	41	6.5	92	10	28.5	6	184	38.5	4.5	13	87	28	39.5	26	192.5	59	20.5	2.5	33	11	33.5	1.5	45	3.5
all_peaks_45451	chr15	22460980	22461481	82	58	61	43.5	257	192	123	249	239.5	219.5	99	210.5	153	143.5	69.5	240.5	79.5	117	54	104.5	253.5	278	195	210	246	204.5	139	242
all_peaks_45458	chr15	22482605	22483106	118.5	144	68.5	116.5	104.5	65	158	43	91	55	178.5	86	97.5	132	188	83	117	71.5	166.5	129	36	20.5	67.5	28	20	12.5	88	26.5
all_peaks_45463	chr15	22509078	22509579	167.5	158.5	156.5	170	130.5	44.5	191.5	53.5	137	66	168.5	70.5	140	147.5	173	97	144	106	169	135	95.5	17.5	79.5	28	94.5	17.5	70	11.5
all_peaks_4556	chr1	46987734	46988235	2.5	3	2.5	1	20	130	4.5	178.5	29	139	8.5	62.5	57	31.5	4.5	86.5	27	68.5	4.5	31.5	37	160.5	17	91.5	47	146	44.5	124
all_peaks_45690	chr15	31558480	31558981	121	131.5	104	132.5	107	52	183.5	55	82.5	19.5	151.5	101.5	143	108	186.5	121.5	114.5	110	168	135	110.5	7.5	139	36.5	76.5	15.5	97	15.5
all_peaks_45698	chr15	31618537	31619038	648	554	634.5	614.5	672.5	456	662.5	452.5	609	632	626.5	480	631	544	618	561.5	593.5	591	656	601.5	606.5	542.5	561.5	484	580	464	496.5	427.5
all_peaks_45704	chr15	31639469	31639970	274.5	306.5	253.5	323.5	155.5	97	204	164.5	105.5	39.5	235	162	127	114	199	124.5	155	132	223.5	183	80	41.5	109.5	58	86	62.5	90.5	65
all_peaks_45709	chr15	31653433	31653934	390.5	515.5	472.5	524	355	152	474.5	161	277	78.5	518.5	291	281.5	319.5	448	256.5	377.5	266.5	447	377.5	411.5	57.5	408.5	113	275.5	95	280.5	104
all_peaks_4572	chr1	47047233	47047734	15	4	35	6	124	107.5	114	220.5	160	106.5	108.5	159	127	131	57	181.5	120.5	129.5	74.5	143	46.5	67.5	78	91	87	73.5	118.5	94.5
all_peaks_45783	chr15	33486784	33487285	121.5	127.5	60	75	81.5	50	164.5	105.5	20.5	32.5	130.5	125.5	84	38	156.5	118	79.5	63	110.5	107	88.5	77.5	206.5	140.5	37	41	165	134
all_peaks_45804	chr15	34393992	34394493	366.5	401.5	355	379	247.5	197	317.5	200	282	279.5	308	237	292.5	275	314.5	257.5	324	236.5	326.5	278	287.5	207	363.5	319	253	253	303	216.5
all_peaks_45931	chr15	38903310	38903811	32.5	19.5	52.5	26	78	55.5	125	88	146.5	161.5	166	78	96.5	140	78.5	160	134	106.5	124	180	50.5	43.5	36	15	43	75.5	37	38
all_peaks_45939	chr15	38945075	38945576	151	153	192.5	189.5	164	101	213	84.5	214.5	118.5	235.5	209	196.5	189.5	235	211.5	233	218.5	227.5	282	88.5	30.5	120	41	106	46.5	124.5	63.5
all_peaks_45947	chr15	38962810	38963311	225.5	223.5	254.5	229.5	123	63	139.5	66	91.5	34.5	110	83	150	147.5	174	137.5	177.5	89	188.5	125	86.5	86.5	126.5	59	54	63	61.5	70
all_peaks_45952	chr15	38978102	38978603	149.5	182	106.5	223	82.5	9.5	238.5	33	127.5	38	252.5	129	76.5	61	221.5	141	152.5	65.5	269.5	228.5	29	15	52	15	52.5	15.5	58	13.5
all_peaks_45954	chr15	38980944	38981445	79.5	22	45.5	23	165.5	197.5	132	167	194	211.5	140	247	162.5	173.5	100	191.5	186.5	210	112	158	117.5	143.5	100	112.5	154.5	155	110	166
all_peaks_45956	chr15	38988411	38988912	67	20	80	18.5	228	216.5	116	184.5	159	141.5	152	168	204	207	72.5	177	194	169	79.5	144.5	128	77.5	97	50.5	122	107	66	48
all_peaks_45975	chr15	39719266	39719767	49	47.5	102.5	158	116	128.5	68	53	184.5	138.5	158	105	139	145	89.5	63	202.5	179.5	138	87	103	58	128	80	142	62.5	113.5	62.5
all_peaks_45986	chr15	39916927	39917428	103.5	3.5	344	41.5	191	220	102	163.5	179.5	131.5	254	254	199	199.5	97.5	222.5	274	202.5	188	247.5	108	65	93	125.5	131	116.5	125	109.5
all_peaks_46071	chr15	40615392	40615893	229.5	259.5	296.5	300.5	251.5	238	320	148	200	213.5	322.5	273	273	241.5	265	213.5	348.5	301.5	333	304	295.5	211.5	181.5	177	286	253.5	268.5	250.5
all_peaks_46091	chr15	40697656	40698157	118.5	126	285	332.5	150	284	191.5	159.5	271	305	339.5	329	159.5	170	138.5	147.5	313	286	304.5	255.5	177.5	151	145	150	281.5	279.5	336	288
all_peaks_46189	chr15	41575859	41576360	409.5	355	383.5	339	349.5	353	311	263	433	252.5	265	303	374.5	385	326.5	334	374	357.5	287	334.5	358	321	352.5	287	341	266.5	300.5	230
all_peaks_46219	chr15	41782488	41782989	3.5	2	1	3	16	145.5	19.5	220.5	45	107	22	97	30	60	6	88.5	30.5	65	9.5	32	77	203.5	130.5	212.5	78.5	172.5	135	156.5
all_peaks_46221	chr15	41785703	41786204	81.5	93	75	107	82	121	58	229.5	76	111.5	44.5	93	56.5	65	33.5	173.5	58.5	87.5	42.5	66	83	201	113	242.5	69	253.5	94	255.5
all_peaks_46268	chr15	42186893	42187394	180	159	357.5	224.5	218.5	144.5	228.5	75.5	272.5	109.5	285	195	180.5	261	167	162.5	268	250	232.5	261.5	187.5	72	148	72.5	163	88	236	124.5
all_peaks_46274	chr15	42229331	42229832	164.5	200.5	203	157	125	87.5	220	145.5	130	83.5	181	69.5	184	159	235.5	166.5	187.5	120	204	155	121	100	147	109.5	97.5	84	97.5	62.5
all_peaks_46279	chr15	42263641	42264142	124	112	129.5	130.5	94.5	134.5	71.5	222.5	67.5	182.5	43.5	66.5	92.5	97.5	55.5	87.5	75.5	104	47	50	152.5	274	145.5	310.5	158.5	239.5	126	247.5
all_peaks_46280	chr15	42264604	42265105	308	329	325.5	307.5	329.5	368	305	384	363	384.5	274.5	316.5	312.5	315	275.5	349.5	300.5	343	244.5	295.5	353.5	378.5	381	433	327	425	315.5	410
all_peaks_46322	chr15	42867442	42867943	322.5	315.5	342	304	411	531.5	377	439.5	457.5	443.5	438.5	391	413	412	367	451	447.5	478.5	417	431	410	442	409	438	425	439	425	499.5
all_peaks_46329	chr15	42900219	42900720	9.5	10.5	46	32	79.5	49	151.5	55	97.5	83	202	187.5	96	129.5	158.5	138.5	161	146.5	210.5	166	19	12.5	36.5	20.5	40.5	19.5	71.5	36.5
all_peaks_46424	chr15	44600546	44601047	1	0.5	4	1	31	84.5	8.5	116.5	33.5	118	6	75.5	19.5	26.5	6	45.5	17.5	54	6.5	21.5	65.5	150.5	50.5	178	87.5	145	90.5	100.5
all_peaks_46442	chr15	44838501	44839002	12.5	1.5	23.5	9.5	57	116.5	18	93.5	54	132.5	15	59.5	74	68	14	55	50.5	84.5	11.5	31.5	118	172.5	110.5	117	116.5	151.5	102	115.5
all_peaks_46461	chr15	44975409	44975910	106.5	116.5	115	95.5	133	112	192	87.5	77	58	174.5	111.5	172	153	222	109.5	167	111	191	134.5	113.5	63.5	113.5	62.5	98.5	66.5	60.5	37.5
all_peaks_46485	chr15	45174848	45175349	1.5	0.5	4.5	1	39	223.5	1.5	151.5	50	266	2.5	65.5	36	43	1.5	24.5	45	105	4.5	17.5	35.5	219.5	3.5	145.5	66.5	212	18	140
all_peaks_46604	chr15	49221049	49221550	1.5	0.5	3	3.5	2	65	1.5	120.5	25	137.5	7	45.5	9.5	37.5	2.5	69.5	28	62	1.5	30.5	1	59.5	7.5	80	11.5	115	18.5	141.5
all_peaks_46606	chr15	49232637	49233138	2.5	0.5	1	1	35.5	169	0	282	80.5	239	7.5	143	38.5	97	1.5	165.5	49	143.5	4.5	43.5	43.5	192.5	12.5	165	138	251	67.5	233.5
all_peaks_46663	chr15	50399739	50400240	1	0.5	3	4	18	157.5	22	132.5	90.5	226.5	70.5	174.5	32	56	13	98.5	71	119	49.5	130.5	17.5	74	11	57	57	95.5	68	125
all_peaks_46669	chr15	50427417	50427918	1	2	6	1	9	154.5	24	180	86.5	205.5	35.5	131	44.5	89.5	13	120.5	66	111	37	104	35.5	175.5	41.5	202	91.5	206.5	70	169.5
all_peaks_46670	chr15	50429459	50429960	2.5	2	1	2	18	87.5	4	172.5	36.5	140	5.5	28.5	10.5	51	4.5	54.5	28.5	60	3	14.5	17	188	17.5	191.5	49.5	224.5	18.5	172.5
all_peaks_46686	chr15	50552610	50553111	9	3	50	15	55	190	9	132.5	128	267.5	30.5	136	92	98	12.5	114.5	94.5	173.5	19.5	62	46	98	40.5	117.5	105	147	87	147
all_peaks_46687	chr15	50554734	50555235	11.5	8	72.5	20.5	40	100.5	90	149	180.5	111	181.5	274.5	64	96.5	55.5	145	179.5	188.5	134	178.5	21.5	56.5	59.5	75.5	52.5	81.5	122	131
all_peaks_46800	chr15	52298490	52298991	10.5	3.5	7	1	22.5	138	14.5	122	40.5	142	15.5	54.5	54	42.5	13.5	46.5	43	53.5	13	33	99.5	195.5	39	178.5	163	176.5	60.5	130
all_peaks_46860	chr15	52774059	52774560	210	180.5	147	215	130.5	106	227	56	161	45.5	228	186	157	141.5	235	119	192	102.5	216	202	107.5	31	83	19	94.5	23.5	109	31.5
all_peaks_46869	chr15	52850341	52850842	20	3	34.5	7	83.5	177	24.5	111	88.5	103.5	17.5	59.5	102	90.5	18.5	76.5	77.5	87	29	27	95	167.5	67	159.5	108.5	155	102.5	117.5
all_peaks_46921	chr15	55559785	55560286	154	92	249	199.5	106.5	49.5	118.5	72.5	133.5	60	112	101.5	78.5	110.5	94.5	68	113	100.5	142	110	73.5	64.5	90	48.5	86	76	97	51.5
all_peaks_46926	chr15	55571886	55572387	53	22	106	35.5	84	234.5	51.5	167.5	80.5	195	60.5	200	80.5	90.5	48.5	111.5	93	108	54.5	91.5	102	170	108.5	207	137.5	200	167	192.5
all_peaks_46968	chr15	56335368	56335869	125	133.5	98	196.5	39	27	64.5	39.5	53.5	61.5	67	59.5	52	61.5	76	71.5	74	49.5	110.5	151.5	11.5	22.5	24	39	21	18.5	33.5	40.5
all_peaks_47086	chr15	58624296	58624797	12	8	60	19.5	48.5	41	16	85	87	110	24.5	42	79.5	65.5	11	76.5	72.5	94	23.5	28	64.5	136.5	40	130	148	150.5	75	134.5
all_peaks_47110	chr15	58777350	58777851	15	81.5	19	44	79.5	5	147.5	16	39	12	166	32.5	62	45	141.5	91	74	33.5	195.5	150	5.5	4.5	23.5	6.5	14	5	40	20.5
all_peaks_47121	chr15	58837456	58837957	16	17	24.5	12.5	59.5	82.5	154	194	73.5	81.5	180.5	190	76	97.5	112.5	183	76	87	136	201	34	47	127	65.5	39	59.5	129.5	103
all_peaks_47256	chr15	60095803	60096304	215.5	227.5	145.5	234	134	38.5	148.5	21	53.5	9.5	152.5	80.5	146	123	176.5	79.5	119	92.5	184.5	111.5	118	22.5	96	9.5	68.5	12.5	83.5	26.5
all_peaks_47263	chr15	60211451	60211952	15	9.5	7.5	5	79.5	144.5	48.5	140.5	108	123.5	92.5	90.5	84.5	119.5	32.5	98.5	51.5	99.5	63	61	137.5	167	151.5	143.5	113	132	133	124.5
all_peaks_47265	chr15	60268676	60269177	117.5	128	85	175	114.5	73	162	51.5	146	65.5	225.5	185	95	155.5	173	104.5	133	151	203.5	201	71	21	82.5	18.5	76.5	18.5	93	25.5
all_peaks_47297	chr15	60654781	60655282	16	6	9.5	2.5	25.5	133.5	20.5	84	78	165	30.5	69	79	72	19.5	62	54.5	120	27.5	30	30.5	133	27.5	74.5	87	121.5	62.5	83.5
all_peaks_47305	chr15	60771104	60771605	254.5	181.5	253.5	219	256.5	173.5	178.5	177.5	263.5	321	196	257.5	188	213	168	254.5	200.5	276	171	247	133.5	108.5	176.5	156	159	170	200	160
all_peaks_47329	chr15	60872749	60873250	150	222.5	111	240	26.5	24.5	143	53	25	23.5	117.5	77.5	60	33	146	70.5	63.5	24.5	140.5	89.5	30	25	96.5	58	45	35	68	58
all_peaks_47369	chr15	61136602	61137103	166.5	156	143.5	179.5	128.5	82	119.5	27	118.5	65	173	97	97	116	160	65.5	112.5	126	167.5	111	84.5	13.5	43	22	87.5	22.5	45	36
all_peaks_47387	chr15	61536175	61536676	1	2.5	1	2.5	3	69	1.5	137	5.5	128.5	2	36	4	23.5	1.5	28.5	5.5	18	1.5	8	10	135	2.5	134	8	178	7	129.5
all_peaks_47452	chr15	63469311	63469812	1.5	2	1	1	0.5	48	6	86.5	9	58	2	28	9	3.5	3	14.5	14.5	12	0	6.5	2.5	101	10	189	10.5	104.5	9.5	135
all_peaks_47455	chr15	63484080	63484581	247.5	242	228.5	274	99.5	69	155.5	72.5	141.5	85	144	138.5	138	121.5	185.5	101.5	150.5	116.5	156.5	134.5	95.5	70.5	188.5	91.5	100.5	77	116.5	69
all_peaks_47501	chr15	63771767	63772268	282.5	290.5	136.5	281.5	86.5	32	168.5	93.5	57	19.5	92.5	74	137.5	106.5	242.5	143	126	71	208.5	105.5	152.5	64	185	163.5	66.5	83	59.5	98
all_peaks_47510	chr15	63789921	63790422	139	166.5	181.5	189	51	35.5	130	59	103.5	37	142	126	125.5	68	135.5	84.5	151.5	93	166.5	145.5	63.5	44	74.5	42	90.5	45	61.5	55.5
all_peaks_47513	chr15	63795909	63796410	226	279.5	228.5	275	133	60	114.5	88	123	116.5	138	139.5	121	104	101.5	94	134.5	115.5	131	96.5	120	88	151.5	124.5	83.5	120	145	155
all_peaks_47556	chr15	64152292	64152793	120.5	169.5	36	128	48	10.5	116.5	12.5	15	7	80	11.5	68	63	138.5	33	34.5	24.5	90	64.5	48	6.5	57.5	11.5	6.5	4.5	12.5	3
all_peaks_47560	chr15	64184879	64185380	87	110.5	160	178	129.5	107	182	99	198.5	135.5	267.5	213	111	174	178	197	227	243.5	229.5	236	68	26.5	53	23.5	95	68.5	93	48.5
all_peaks_47577	chr15	64302901	64303402	211	113.5	312	207.5	192	216.5	201	145	218.5	231.5	237	181	216.5	283.5	192.5	243.5	298.5	267.5	253.5	234.5	204	116.5	111	103.5	194.5	123	125.5	111
all_peaks_47587	chr15	64385920	64386421	217	176.5	200	177	260	315	228	354.5	292.5	248	204.5	276	276.5	265	268.5	360.5	247.5	335	227.5	271.5	275.5	303	283.5	336	308.5	393.5	270	345
all_peaks_47600	chr15	64455200	64455701	518	487	553	447.5	540	541.5	547	589.5	474	528	574.5	510.5	537	586.5	565	597.5	590	593	593.5	556	488.5	495.5	514.5	448	566.5	451.5	436.5	487
all_peaks_47609	chr15	64538939	64539440	6	2	13.5	1	29.5	100.5	15	140.5	51	112.5	31	139.5	36.5	49	7.5	132.5	45	86	13.5	55.5	62.5	136.5	75.5	123	70	110	96	127
all_peaks_4766	chr1	52023968	52024469	1	0.5	1	3.5	32	155	1.5	30.5	56.5	154.5	2	34	55	43	1	19.5	22	100	0	5.5	33.5	174	3.5	28.5	66.5	190.5	16.5	77.5
all_peaks_47687	chr15	65133446	65133947	126.5	113.5	155.5	119.5	194	227	147.5	204.5	273.5	240.5	224	254.5	171.5	261.5	138	249.5	226	286.5	178.5	264.5	198.5	172	161	174	235	198	196	193.5
all_peaks_47698	chr15	65186804	65187305	269	306	244	303	303.5	175	295.5	109	182	72.5	324	210.5	309.5	263.5	255	160.5	305	232	305.5	253.5	250	50	157	29	183.5	65	204.5	82
all_peaks_47739	chr15	65588322	65588823	255	407	265	335	297.5	389.5	205	197.5	337.5	368	207	323.5	285	276.5	207.5	219	268.5	302.5	181	143.5	296.5	266	233	205	265	254.5	264.5	183.5
all_peaks_47742	chr15	65596900	65597401	235	386.5	232.5	261	261.5	333	206	180.5	383	280.5	182.5	266.5	244.5	244	170.5	193.5	222	261.5	164	159.5	257	235.5	239.5	153	238	215	241	173
all_peaks_47827	chr15	66648843	66649344	268	223.5	210	211.5	205	250	260	325	203	226	205	273.5	306.5	281	275.5	275.5	283	255	240	239	308	335.5	302	389.5	240.5	257.5	252	277.5
all_peaks_47905	chr15	67377434	67377935	13.5	3	11.5	3	95.5	136	27.5	117	96.5	126.5	35.5	115.5	85	80	20	90.5	57.5	107.5	22	47	102.5	110.5	122	139	82.5	106	113	107.5
all_peaks_48076	chr15	69760738	69761239	323	108.5	432	169	171	151	116	86	205.5	200.5	180.5	161.5	158.5	113	79.5	102.5	173	161	129	123	225	155.5	147.5	148	195	138.5	165.5	148
all_peaks_48104	chr15	70006472	70006973	203.5	117	316.5	189	203	255	310	278	269.5	170.5	296	309.5	131.5	206	232	215	223.5	205.5	257.5	226.5	148.5	149	231	224	127	144	199	162.5
all_peaks_4811	chr1	52831804	52832305	367	366	379	347	472	433.5	462.5	369.5	445	449	445	367.5	509.5	494	498	447.5	489.5	485	503.5	474.5	492.5	480.5	500.5	462.5	505	484.5	506.5	546
all_peaks_48114	chr15	70047829	70048330	48	50.5	79	86.5	153.5	215.5	163	252.5	241.5	296	278.5	323	110	169.5	81.5	292.5	174.5	209.5	173.5	232.5	119	132.5	140	141	119	138	125	118.5
all_peaks_48116	chr15	70051268	70051769	192	161	205	225.5	107	159	168	180.5	172	210.5	183.5	206	115	122.5	160.5	165	159	132	159.5	180	69	93	130.5	87	74	110	87	54.5
all_peaks_48170	chr15	70778962	70779463	5	2	54.5	20.5	4.5	65	11.5	216	68	161	38	103	26.5	42.5	6	93.5	33.5	121.5	16.5	19.5	14.5	84	49	119	37	115.5	65	169.5
all_peaks_48250	chr15	72658211	72658712	29	6.5	29	28	7	13	36.5	42	38	37	112.5	202.5	12.5	10.5	32	47.5	39	29.5	93	109.5	1	4.5	13.5	15	12.5	26	84.5	71
all_peaks_48337	chr15	73989299	73989800	62.5	47	52	29	104.5	141.5	124.5	228.5	160.5	99	120.5	164	100	86	89.5	156	130	136.5	92	106.5	53.5	51	41	34	56	33	83	57.5
all_peaks_48477	chr15	75079744	75080245	288	267	294	310	249	215	283	256	314	207	310.5	314	266.5	267	269.5	270	285.5	286	306.5	316	205	185.5	210	166.5	191.5	160	217	188
all_peaks_48504	chr15	75162362	75162863	21	12	25	11	60.5	180.5	25.5	169	88	139.5	47	168.5	70.5	73	27	75.5	64.5	91.5	27.5	63.5	69	194	65.5	103.5	81	122.5	127	90.5
all_peaks_48508	chr15	75185910	75186411	100.5	126	97	92	108	43	132	19	58.5	12	134	50	134.5	119	90	58.5	129	86.5	113.5	87.5	68.5	8	41	4.5	47	4	24	2
all_peaks_48523	chr15	75276180	75276681	1	2	1	2	3.5	86.5	4.5	112	19.5	78	7.5	25	10.5	10.5	3	45	11.5	41	1	9	43.5	138.5	17	96	48.5	119	72	116.5
all_peaks_48534	chr15	75335224	75335725	14.5	4.5	63	37.5	222	344.5	172.5	354.5	309	319.5	336	483.5	211.5	307	117.5	314	283	434.5	243.5	317	205.5	154.5	224.5	207	260	246	350.5	258.5
all_peaks_48536	chr15	75339331	75339832	5.5	2	9.5	7	130.5	153	102	122.5	154.5	133	117	161	130.5	194	51	136.5	110.5	164	90.5	145	146	124.5	64.5	64	124.5	87.5	116	86.5
all_peaks_48539	chr15	75359375	75359876	17	7.5	22.5	8.5	113.5	124.5	69.5	200	103	77.5	90	142	117	157	65.5	171	134.5	136.5	99.5	128	67.5	68.5	86	70.5	51	49	88	59.5
all_peaks_48546	chr15	75400824	75401325	13	2	61.5	11.5	104.5	134.5	90	52.5	165	104	217.5	182	124.5	154.5	53.5	86.5	200	196	169	155.5	54	43.5	59.5	30	75	56.5	84	60
all_peaks_48579	chr15	75642235	75642736	156.5	111.5	223	134.5	117	75.5	118	109.5	148.5	55.5	83	134	155	154.5	100	119.5	133.5	136	108	115	45	22.5	88.5	33	51.5	23	121	71
all_peaks_48594	chr15	75744069	75744570	696	709	690.5	761	743	744.5	831.5	731.5	796.5	766	807	780	837	884	881.5	837	843.5	780.5	886.5	876.5	759	761.5	815.5	779.5	760	737.5	774.5	756
all_peaks_48641	chr15	76129240	76129741	16.5	3.5	60	13.5	120.5	245	76.5	162.5	173.5	167	146.5	217	145	157.5	46.5	131	108.5	164.5	85	102	71.5	111	47.5	59	60	143.5	77	170
all_peaks_48702	chr15	77223722	77224223	400	371	426.5	384	394	501	454	476	384	375.5	448	459.5	377.5	433	423	480.5	402	455	415	460	356.5	350.5	346	403	407	407.5	322	353
all_peaks_48711	chr15	77280708	77281209	21	3.5	16.5	3.5	66	236	31	260	117	221.5	39.5	204	89.5	99	19.5	169	61.5	153	16	74	95.5	184	106	230	111	226	134	183.5
all_peaks_48825	chr15	78339354	78339855	30.5	18.5	45	11.5	53.5	200	14.5	129.5	69	103.5	18.5	63.5	69.5	81.5	22	67.5	72	110	14.5	34.5	110.5	155.5	47	68.5	185.5	121	54	62.5
all_peaks_48846	chr15	78396031	78396532	48.5	27	73.5	57	164.5	188.5	154	186.5	134	129	141	197.5	119	173.5	107	168	157.5	185	138	207.5	120	71.5	128	66	95.5	82	113	55
all_peaks_4898	chr1	53791753	53792254	210.5	135.5	275.5	274.5	440	604	451.5	594	537.5	540	546.5	658	433	414.5	341.5	496	512.5	566.5	458	519.5	464	506	456	404	446	512	535	469.5
all_peaks_49040	chr15	81293109	81293610	178.5	133	228	145	300.5	214.5	285	212.5	235.5	162	260	277	234.5	270	248.5	258	204.5	209	220	276.5	147	110	190	136	145	112	151	126.5
all_peaks_49042	chr15	81315994	81316495	4.5	1.5	1	2	29	154	17	123	74	145.5	18	101	59	55	4.5	67.5	32.5	75	7.5	32	85.5	119	62	91.5	56.5	100	79.5	85.5
all_peaks_49067	chr15	81578767	81579268	106.5	161	72	185	58.5	15	76.5	31	37.5	18.5	72.5	55.5	40.5	41.5	104	49.5	79.5	41	87	81.5	14.5	10	31.5	17.5	2.5	16.5	14	23.5
all_peaks_49069	chr15	81586265	81586766	209	252	173.5	263.5	133.5	76.5	172.5	180.5	139	78	192.5	191	122	121	221	173.5	157.5	107	251	252	61.5	68	132.5	104.5	68.5	63.5	108	131
all_peaks_49070	chr15	81589004	81589505	179.5	222	201	221.5	169	192	215	226.5	204	124.5	224.5	232.5	137.5	162	237	178.5	179	150.5	237.5	215.5	81	87.5	168	122.5	80.5	83.5	157	121
all_peaks_49132	chr15	83735862	83736363	105.5	88	107.5	99.5	178	236	145	254	179	321.5	163.5	192.5	122.5	157.5	135.5	183	148.5	177.5	137	161.5	176	208	123.5	169	197.5	241	161	209
all_peaks_49250	chr15	85861462	85861963	17	1.5	19	2.5	109	184.5	30.5	209	108.5	131	44.5	176.5	99.5	117	25.5	155	107.5	187.5	24.5	61.5	136.5	63.5	87.5	144	121.5	117	96.5	169
all_peaks_49251	chr15	85874082	85874583	57	40.5	66.5	47	262	333	102	168.5	397.5	427.5	230.5	372.5	208.5	261	59.5	196.5	277	439	149.5	220	162	85.5	75.5	57	234.5	155	136	112.5
all_peaks_49258	chr15	85923402	85923903	360.5	305	500	429	537	586	511	510.5	681	561.5	610	687.5	494	540.5	422	595.5	579	627	558	610.5	376.5	441	319.5	387.5	394.5	475	403.5	420
all_peaks_49263	chr15	85951315	85951816	29	17.5	28.5	18.5	38.5	135	23	111	47.5	211	39	85	53.5	68.5	26.5	62.5	45	101.5	23.5	45.5	46.5	98.5	51	98	61	147	31.5	123.5
all_peaks_49307	chr15	86211188	86211689	110	48	123	57	36.5	98.5	35.5	158.5	56.5	107.5	35.5	69.5	52	61.5	24.5	65	36.5	53.5	39.5	28.5	139.5	263	136.5	280	123	245	161	260.5
all_peaks_49395	chr15	89170623	89171124	165.5	177	101.5	154	134	25	128	49	69.5	22.5	113	55.5	103.5	124	169.5	98	104.5	67.5	148	116.5	134	29.5	74	44.5	45.5	17.5	92	34
all_peaks_49398	chr15	89181857	89182358	571	504	503.5	503.5	308	301	382.5	375	281	244	368	370	377.5	376	403.5	336	366.5	338.5	368	337	447	350.5	501	456.5	354.5	295	508.5	462
all_peaks_49415	chr15	89447785	89448286	389.5	449	214.5	411	321.5	180	403.5	52.5	229	97	467.5	268.5	280.5	235.5	428	111.5	256	200.5	427.5	348.5	261	117	161.5	48	203.5	96.5	228.5	121.5
all_peaks_49433	chr15	89631241	89631742	562.5	528.5	549	524.5	556.5	571	583.5	655.5	481.5	646	577	646.5	563	644	568.5	608.5	594	639.5	582	590.5	562	514.5	550.5	536.5	482.5	513	544	510
all_peaks_49529	chr15	90437021	90437522	110.5	101.5	94	88	105.5	139	104.5	131.5	123.5	228.5	103	126.5	140.5	121.5	86	131.5	114.5	152.5	90	110.5	123.5	215.5	134.5	221	146.5	261	148	222
all_peaks_49549	chr15	90602710	90603211	79	71.5	47	52	59	155	143.5	269.5	22	65.5	84.5	150	56.5	87.5	124	161.5	54.5	62.5	123	155.5	50	93	77.5	130.5	51.5	68	74.5	86.5
all_peaks_49581	chr15	90774163	90774664	258.5	252	280.5	275	123.5	126	184.5	147	152	81.5	171.5	147	167.5	186	176.5	152.5	137	129.5	151.5	143.5	135	95	189	96.5	137	68.5	153	64
all_peaks_4960	chr1	54518839	54519340	719.5	729.5	701.5	722	582.5	573.5	681.5	641	570.5	561	665	568.5	622	617	718.5	641.5	685.5	607.5	698	677.5	603	599	618.5	656	479.5	595	613	622
all_peaks_49605	chr15	90931206	90931707	387	346	401	333	446	413.5	428	458	425.5	429.5	410.5	417	448.5	469.5	449.5	444	466	476.5	443	485.5	530.5	493.5	555.5	489.5	522	446	487.5	489.5
all_peaks_49616	chr15	90962889	90963390	5	2	8	1	28	138	7.5	104	60	140	12	82.5	33.5	51.5	4.5	35	31.5	78	9	19.5	51.5	194.5	50.5	161	105.5	171	88.5	180.5
all_peaks_49670	chr15	91203642	91204143	24	23.5	43.5	40	57.5	140.5	39.5	207	73.5	164.5	38.5	65.5	60	58	32	89	60	63.5	28	42	80	106.5	83	141	65	129	87	119
all_peaks_49695	chr15	91373014	91373515	26.5	23	25	37.5	94.5	208	59	309	192	254.5	79	233	128.5	239.5	37	364	118	299	72.5	288	75.5	155	106	154.5	103.5	222.5	108.5	207
all_peaks_49699	chr15	91381228	91381729	138	111	167.5	324.5	186.5	155.5	171	259	182	155	249	195	201	241	144	236	278.5	328.5	229	254	118.5	138.5	121	129.5	99.5	106.5	117	107.5
all_peaks_49701	chr15	91395923	91396424	41.5	1	77	20	169	244	74	325	279.5	334.5	141.5	316.5	185.5	251	49	310.5	183	361	66.5	196.5	82.5	124	99.5	159.5	100	139.5	88	159
all_peaks_49703	chr15	91399851	91400352	112	48.5	137	83.5	69.5	73	81.5	281	118.5	83	116	118	79	163	61.5	240	128.5	223.5	80.5	262.5	46.5	65.5	77.5	83	73.5	82.5	61	145
all_peaks_49708	chr15	91412785	91413286	24.5	18.5	17.5	20.5	41	48.5	29	234	34.5	50.5	23.5	72	34.5	59.5	19.5	195.5	26.5	52.5	14.5	64	21	32.5	31	74.5	32.5	25.5	21	64
all_peaks_49739	chr15	91537669	91538170	249	206.5	229.5	176.5	291.5	288.5	217	312.5	243	260.5	219	283.5	243	195.5	238.5	255	210	209.5	229	213.5	271.5	296.5	386	344.5	274	287	298.5	373.5
all_peaks_49782	chr15	92400955	92401456	240.5	103.5	250.5	84.5	222	204	158.5	118	196.5	109.5	142.5	220	224.5	215	111.5	178.5	209	195.5	87	175	171.5	75.5	118	56	123	52	75.5	30.5
all_peaks_49818	chr15	93168792	93169293	7.5	3.5	3	1	64	220	13	202.5	47.5	174	16	91	45.5	66	6	65	21.5	66.5	5	11.5	142	277	55.5	201	116	204.5	70	159.5
all_peaks_49827	chr15	93347052	93347553	7	3	3	2	12.5	43.5	14	187	15	80	5	38.5	22.5	21.5	10.5	98	18	35	8	14.5	19.5	107.5	10	117.5	7	149	5.5	64.5
all_peaks_49828	chr15	93352355	93352856	395.5	423.5	424.5	433.5	551	587	501	443.5	516.5	508	521	465	414	454.5	462.5	450	442.5	479	494.5	469.5	549.5	497	538.5	450.5	506	463	436.5	467
all_peaks_49829	chr15	93356614	93357115	182.5	130	57	153.5	32.5	12.5	61	12.5	14.5	8	57.5	23.5	56.5	45.5	82.5	20	47	19	75.5	38	27	13	20.5	10.5	10.5	9	9	5.5
all_peaks_4983	chr1	54752882	54753383	19	75	31.5	80.5	53	55.5	115	269.5	82	88.5	127	205	28.5	55	85.5	216	67	122.5	121	169	45.5	63.5	153.5	192	95	93.5	222.5	179.5
all_peaks_49836	chr15	93374947	93375448	204	262.5	207.5	229.5	276.5	369.5	305.5	357.5	270	377	324	435	263.5	298.5	286.5	357	243	276	307.5	288	339.5	338	347.5	320.5	307	406	297	291.5
all_peaks_49851	chr15	93447262	93447763	367	362	349.5	352.5	376.5	386	319	369.5	344.5	455.5	282	335	342.5	326.5	303	335.5	299	342	321.5	311.5	408	415.5	405.5	427.5	339	440	349.5	397.5
all_peaks_49909	chr15	94749714	94750215	11	8	16.5	15	139	222.5	78.5	286	213.5	246	149	260	124	164.5	32	292	105.5	187	68.5	228.5	114	278	90.5	142	148	261.5	151.5	171.5
all_peaks_49930	chr15	94848322	94848823	5	4	86.5	24.5	53	96.5	43.5	122	185.5	176	141.5	194.5	38.5	78.5	36	91	181.5	158.5	115	126.5	23.5	37.5	35.5	43	84	114	115	111.5
all_peaks_49957	chr15	95990026	95990527	35.5	56	81.5	121	24.5	35	166	37.5	56.5	37	182.5	141.5	21	74	180	89.5	100	79.5	221	161	14	6.5	58.5	8	16	11	61.5	18.5
all_peaks_49993	chr15	98503443	98503944	337.5	678.5	85	646.5	319	388	640	555.5	129	161	626.5	443.5	229	376.5	633.5	481.5	130	161	513.5	461	309	286.5	532.5	482	132.5	134	460	505
all_peaks_50018	chr15	99212104	99212605	9.5	16	1	8.5	49	103	36.5	182.5	22	38.5	21.5	39	20	42.5	20.5	99.5	5.5	28.5	6.5	18	69	105	84	149.5	47.5	46.5	67.5	48.5
all_peaks_50087	chr15	99961227	99961728	74	139	20	80.5	92	17.5	126	4.5	7	2	89	16	115.5	112.5	149.5	54	62.5	45	114	80.5	88	3.5	27	3	27.5	2.5	7	2.5
all_peaks_50144	chr15	100366446	100366947	1	2	3	1	10	83	6.5	113.5	2.5	141.5	6.5	35.5	15	20.5	4	34.5	11	29.5	4.5	19	6	121	17.5	125	7	133.5	23.5	128
all_peaks_50168	chr15	100870761	100871262	83.5	109.5	80	161	46.5	7.5	158	12.5	31.5	6	202.5	62.5	11	10.5	153	12	37	13.5	174.5	117.5	22	5.5	45.5	6	25.5	7.5	67	28.5
all_peaks_50187	chr15	101137025	101137526	301	322.5	217.5	333	193	166.5	219	196	216	205	233	198	211	216	219	193.5	183.5	169	207	208	168.5	177.5	239	175.5	141	131.5	192.5	196.5
all_peaks_50227	chr15	101708319	101708820	12	10	32	12	84.5	118	82	232.5	58	125	94.5	159	64.5	79	51	184	50	74	51.5	117.5	49	78.5	78.5	129.5	53	91	86.5	159.5
all_peaks_50240	chr15	101739849	101740350	10.5	14.5	20.5	29.5	127	227	50.5	276.5	148.5	215	73	186.5	135	130	21.5	150	103	163	36.5	96	147.5	229.5	185	231	212	222.5	196	231
all_peaks_50243	chr15	101746353	101746854	30	27	30.5	14.5	63.5	118	80.5	252.5	65	87	58	98	84.5	79	61	102	66	79.5	61	73	52	134.5	94.5	214.5	68.5	163.5	108	214.5
all_peaks_50314	chr16	88786	89287	40	17	44.5	31	103	26.5	120	11	49	15.5	153	39.5	104	115.5	130.5	50	102	51.5	147.5	84	73.5	10	33.5	12	38	11.5	43	13.5
all_peaks_50322	chr16	134608	135109	6.5	7	19.5	20	39	54.5	38	149	62	127.5	81	145.5	32	36.5	27	75.5	58	90.5	57	97.5	43	49	40	73	100.5	147	114	162.5
all_peaks_50371	chr16	374798	375299	200.5	222	174.5	256.5	59.5	20.5	118.5	40	22	8.5	63	26	84	55	112	35	54.5	33	86.5	56.5	25.5	13.5	67	25	9	11.5	40	10.5
all_peaks_50372	chr16	377210	377711	83	31.5	229	73	96.5	155	47	73	195	202.5	77	126	112.5	157.5	48	82	167	211.5	67.5	78.5	68	57.5	51	65	96	68.5	40	54
all_peaks_50381	chr16	402776	403277	131	142	100.5	117.5	213	98	138	108	188.5	138.5	116.5	92	233.5	207.5	249.5	206	214	220.5	249	194.5	206.5	192	217	204.5	175	194	163.5	222
all_peaks_50407	chr16	575547	576048	13.5	8	37	10	68	194.5	21.5	128	76	132	28.5	64.5	99.5	75	10.5	44.5	67.5	119.5	23	30	130	214	100.5	189	184	165.5	150	139.5
all_peaks_5042	chr1	55272876	55273377	6.5	2	90.5	29	68.5	33.5	10	7.5	105.5	72.5	55.5	37.5	67.5	66.5	7.5	25	183.5	193.5	24	29.5	20	8.5	12	6	39.5	26.5	10.5	9.5
all_peaks_50544	chr16	1014592	1015093	169.5	103	133.5	15	133	63.5	76	40.5	15	33	7.5	5	139.5	145.5	100.5	53	85	35	5.5	4.5	170.5	78.5	99	41.5	73	35	3.5	5.5
all_peaks_50640	chr16	1392992	1393493	228	214	203.5	195	167.5	196	147.5	144	185.5	138.5	158.5	159.5	241	323.5	216	239.5	191.5	219.5	224.5	220	281.5	237	262.5	196.5	305	165.5	248	171
all_peaks_50706	chr16	1661845	1662346	410	413.5	346	403.5	514	367.5	441	343.5	374	404.5	397	326	451.5	455	432.5	440	423.5	408	372	457.5	489.5	461	444.5	424	481	416.5	363	372.5
all_peaks_5072	chr1	55593619	55594120	7	2	35	9	33	112.5	8	195	58	116.5	8.5	82.5	91.5	94.5	5	104	81.5	128	7.5	31.5	45.5	129	21	139	58.5	115.5	59	107
all_peaks_50742	chr16	1905328	1905829	76	177.5	45.5	231.5	6	3.5	36.5	19.5	10	6.5	28.5	6.5	5	1.5	38	14	10.5	7.5	28.5	14.5	3.5	19	25	22.5	3	12	24.5	21
all_peaks_50756	chr16	1993121	1993622	206	233	211.5	206	252.5	264	233.5	342.5	290.5	209.5	242	223	285	301	246.5	263	303	273	274.5	255	294.5	343.5	287	331.5	366	320.5	331	369.5
all_peaks_50771	chr16	2033757	2034258	62.5	55	78	63	104	186	82	190.5	134.5	193	96.5	117	106.5	134	76	159.5	120.5	159	81.5	134	143.5	200	141	226	162.5	273.5	163	252
all_peaks_50858	chr16	2264689	2265190	377	394.5	369	375.5	429.5	619	436	590	439	610	482	473	428	402.5	406	417	427	491.5	403	385	499	602	454.5	585	464	581.5	491.5	603
all_peaks_50860	chr16	2273216	2273717	286.5	259	266.5	251.5	366.5	374	291.5	283.5	377.5	378	306	355	372.5	413	337.5	352.5	378	411.5	363.5	374	441	423.5	340	376.5	527.5	425	376	394.5
all_peaks_50880	chr16	2390708	2391209	127.5	126.5	130	118.5	222	274	151.5	274.5	244	291.5	154	250	196.5	190	142.5	231	187.5	222.5	133	161	242.5	320	196	261	345	312.5	233	282
all_peaks_50988	chr16	2955636	2956137	73.5	53	70.5	48	155.5	141.5	106	169.5	157.5	154.5	95.5	124	199	209.5	138	192	166.5	215	125.5	149.5	169.5	183.5	195	220.5	170.5	216	173	255.5
all_peaks_51005	chr16	3018945	3019446	119	85	102	77.5	190.5	251	172.5	249	243	207	172	189.5	187	204	174.5	217.5	182	238.5	153.5	190.5	224	239.5	229	260.5	273.5	307.5	220.5	257.5
all_peaks_51022	chr16	3053765	3054266	402	419	428.5	411.5	474.5	614.5	513	521	504.5	452.5	443.5	485	515.5	520.5	501.5	553.5	492.5	530.5	503.5	500.5	572	569.5	540.5	561	559	513.5	428	440
all_peaks_51050	chr16	3124823	3125324	214	235.5	241.5	279	242.5	245.5	404.5	223	229.5	215.5	424.5	294.5	321	321	393	312.5	351	301	455.5	382.5	189	121.5	182	124	164.5	112.5	184	83.5
all_peaks_51081	chr16	3200297	3200798	171.5	168	116.5	129.5	241	227	138.5	170.5	165.5	331	126	175	198.5	151	157.5	212.5	118.5	171.5	120.5	152	197.5	250.5	191.5	222.5	176	233.5	183.5	226
all_peaks_51095	chr16	3265292	3265793	145.5	173.5	109	185.5	77	18.5	97.5	51	23.5	17	89.5	59.5	70.5	96.5	124	74	53.5	41	86.5	87	44.5	21	60	42	42	18.5	33	27.5
all_peaks_5112	chr1	57772972	57773473	178	84.5	108	38	232.5	75	142	67.5	114	14.5	134.5	92.5	272	229.5	180	108	105	74.5	135.5	120	229	41.5	124.5	31.5	58.5	18.5	44	25
all_peaks_51122	chr16	3553520	3554021	127	178	73.5	141.5	167	58	214	94.5	132	40	194	101	152.5	161	212.5	128.5	152	127.5	200.5	155.5	156.5	23.5	92.5	53	116	41	89.5	27
all_peaks_51132	chr16	3628781	3629282	61	29.5	85	47	106.5	120	125	116	137	82.5	176.5	234	95	129	102.5	126	134.5	141.5	125	176.5	83.5	42	66.5	34	56.5	44	101.5	40.5
all_peaks_51191	chr16	4192188	4192689	63	24.5	76.5	15	118	19.5	148.5	3.5	54	2	95	24	134.5	118	147	40.5	82.5	45.5	133	48	53.5	1.5	12	2	14.5	4	5.5	3.5
all_peaks_51211	chr16	4357527	4358028	299.5	309.5	332	312	392.5	354	303	331.5	384	286	277.5	274.5	365	344	300	341.5	374.5	406	332	340	397.5	372	410.5	366	454	370.5	410.5	400
all_peaks_51251	chr16	4464233	4464734	319.5	159	309.5	240	367.5	274	276.5	185.5	308	208.5	398.5	320	352.5	348	204.5	260.5	320	296	296.5	316.5	396.5	169	221.5	157.5	295.5	164	218.5	190.5
all_peaks_51257	chr16	4515819	4516320	72	4	164.5	19.5	90.5	78	14	2.5	110.5	73	16	7.5	123	105	11	7.5	160	87.5	27	23.5	114.5	74.5	7	8.5	88.5	49	19	5
all_peaks_51269	chr16	4555234	4555735	179.5	200	155.5	211.5	130.5	59	128	45.5	112.5	25.5	156	62.5	133.5	115.5	146.5	75.5	123.5	88.5	144	114.5	106	37	102.5	30.5	81	32	71	29
all_peaks_51326	chr16	4852118	4852619	225	236.5	186.5	213.5	198.5	152.5	309.5	136.5	162.5	99	201.5	142	197	142	258.5	139	164	106.5	191.5	142	174.5	119.5	200.5	141.5	125.5	66	207.5	91.5
all_peaks_51348	chr16	5147969	5148470	418	360.5	353.5	320	403.5	438.5	410	443.5	410	476	480	487	523	532.5	507.5	533	562.5	505	524.5	499.5	422	506	443	497.5	448	451.5	423	409.5
all_peaks_51375	chr16	8962723	8963224	146.5	121	147	139	209	279	259	268	288	206	247.5	283	219.5	231.5	210	273.5	238.5	266	245	258.5	267	233.5	250	213	329	227	276	256.5
all_peaks_51407	chr16	9162171	9162672	1	1	1	1	19.5	60	3.5	92.5	12.5	102	12	28.5	11.5	19.5	4	15.5	20	41.5	6	10	20	181	24	117.5	47.5	169.5	65	195.5
all_peaks_51414	chr16	9185085	9185586	485.5	493	505	519	649	454	500	450.5	585	526	543	481.5	610	550.5	541	521	582.5	530	587	590	520	492.5	531	495	554	447	527	506.5
all_peaks_51441	chr16	10360593	10361094	3	0.5	7	1	6.5	78.5	1.5	51.5	42.5	123	10	68	28.5	36.5	1.5	25	38.5	74	6.5	27.5	60.5	77	27	60.5	108	173	105.5	143.5
all_peaks_5145	chr1	59249665	59250166	583.5	552.5	526	556	468.5	436	426.5	452	525	524.5	424	418.5	436	554	463.5	534	463	528.5	479	502	541.5	525.5	581	533.5	547.5	567	618	506.5
all_peaks_51495	chr16	10964859	10965360	12	0.5	48	3.5	140	173	72.5	100	115	162.5	109	128	129	143	25	134.5	137	167	67	118.5	110.5	101.5	76.5	51.5	101.5	115	115	73.5
all_peaks_51496	chr16	10968865	10969366	1	0.5	5	2	83	120.5	10	61.5	120	118.5	40.5	84.5	64	96	2	91.5	67	131	12	71	56.5	113.5	20	17.5	110.5	137.5	90	70
all_peaks_51497	chr16	10970662	10971163	28	3.5	172.5	20.5	136	230.5	46.5	106.5	167.5	193	92.5	179.5	128.5	146.5	37.5	132.5	189	222	78.5	124.5	177.5	171	103.5	44	176	151.5	119.5	109
all_peaks_51514	chr16	11051519	11052020	11	0.5	8.5	1	45.5	129	12.5	99	13.5	128	17	72	31.5	34.5	13.5	35	19.5	42.5	10	14.5	44	132.5	55	136.5	46.5	111.5	71.5	87
all_peaks_51517	chr16	11058617	11059118	123.5	35.5	69	14.5	81	207	53	219	97.5	121.5	29.5	95	102	119	50	168	89	149	47.5	106	117.5	221.5	116	207.5	99.5	188.5	101.5	141.5
all_peaks_51518	chr16	11059298	11059799	13	3.5	6.5	1	18.5	165	7.5	210.5	49.5	166	6.5	124	43.5	83	7.5	77.5	39	107.5	10	33	45	149	108.5	154.5	63.5	168.5	102	145
all_peaks_51524	chr16	11082168	11082669	11.5	5.5	6.5	5	103.5	247	30.5	165.5	117.5	178	40	124	104	77	19.5	71	62.5	134	34	46	150.5	265	131	170	141.5	234.5	160	167
all_peaks_51535	chr16	11146077	11146578	12	13	19.5	9	183	229.5	180.5	301.5	279	330.5	200.5	266.5	165	195	82	316.5	120	202.5	158.5	291.5	161	228	170	129.5	201.5	253	167	184.5
all_peaks_51541	chr16	11170149	11170650	12.5	20	7.5	22.5	112	145.5	85.5	111	122	155	120	163	87.5	130	41.5	168.5	106.5	165.5	86	147.5	71	59	45	20.5	135.5	127	50	64.5
all_peaks_51548	chr16	11188076	11188577	13	10	9	16	96.5	187	71	225	90.5	139.5	73.5	137.5	67.5	107	43.5	198	59.5	106	51	130.5	82	102	113	113	85.5	117.5	72	90.5
all_peaks_5155	chr1	59369173	59369674	85	78.5	145.5	83	168	276.5	142	280.5	223	255	201.5	254.5	148.5	204	116.5	282.5	175	255	131	191.5	175	185	117.5	170	176	210	186	170
all_peaks_51550	chr16	11194043	11194544	2.5	0.5	1	3.5	50.5	143	25.5	85	100	240	45	116	77	100	12.5	105	56	144.5	27	64	65.5	133	51.5	85	75	137.5	75.5	110.5
all_peaks_51589	chr16	11326826	11327327	295	268.5	337	340	270.5	250	315	261	293.5	362.5	340.5	367.5	236.5	288.5	246	310	277	328.5	321	319.5	233	224	359	232.5	253	265	353.5	239.5
all_peaks_51597	chr16	11349798	11350299	134	147	118	149	347	203.5	205.5	179.5	322.5	321	215	222	234	184.5	174	221	185.5	214.5	175	200.5	209	209	228.5	173	230.5	223.5	242	196.5
all_peaks_5160	chr1	59407346	59407847	83	50	92	70.5	106.5	53	115	59	89	32	144.5	116	121	132	114	126	138	99.5	143.5	147	49.5	3.5	32	11	70.5	5.5	42	14.5
all_peaks_51625	chr16	11473235	11473736	12.5	1.5	12.5	3	4	68	3.5	29	11	65.5	4	11	30	14.5	4	8	17	34	6.5	3.5	22	178	5	66.5	44	198	7.5	34
all_peaks_51642	chr16	11654407	11654908	228	282.5	352.5	340	124.5	68.5	129	79	109	30	143	125.5	124.5	122.5	159	130	167.5	136.5	168	117	112.5	37	113.5	90	71.5	51	71	86.5
all_peaks_51644	chr16	11666019	11666520	91.5	94.5	183	218.5	9	0.5	7.5	4	6	4.5	15.5	3.5	7.5	5	7	4.5	11	6	11	8.5	3.5	1.5	16	5	7.5	4	7	9.5
all_peaks_51661	chr16	11715724	11716225	86	131	129.5	183	163	25	175.5	12.5	94.5	38	204.5	92	122.5	99	204	68	186	117.5	196	154	67.5	9	29.5	8.5	72.5	7	24.5	9.5
all_peaks_51720	chr16	12173961	12174462	167.5	142	171.5	178	94	35.5	130	67	76.5	31.5	138.5	112	93	83.5	137.5	117	95.5	63.5	125	113	73.5	28.5	121	45.5	36	31	102	73.5
all_peaks_51742	chr16	12629754	12630255	27	20	11.5	5.5	221	230	132	286.5	160	177	171.5	220.5	139.5	158	31.5	193.5	68	153	47	125.5	242.5	227	234.5	216.5	237	223	191	199
all_peaks_51744	chr16	12633011	12633512	9.5	0.5	6	1	57.5	159	37	189.5	79.5	207	36.5	96	82.5	49.5	10.5	72	41	103.5	10.5	34	119	255	73	161.5	117	190	123.5	137.5
all_peaks_51756	chr16	12707475	12707976	11.5	26	6	18.5	28	75.5	32	141.5	7	75	22.5	60	16	25.5	9	72.5	6	28	13.5	30	32	129	76.5	151.5	11	98	61.5	161
all_peaks_51765	chr16	12843976	12844477	4.5	0.5	8.5	1	50.5	136	22.5	198	44	130	24	123	61.5	46.5	13.5	75.5	29	56.5	9.5	38	91	153.5	106.5	171	73	140	169	121.5
all_peaks_51776	chr16	14013615	14014116	719	720.5	697	698	619	663.5	698.5	674	576.5	451.5	633.5	645	587	617.5	624.5	579.5	617	616.5	610.5	623.5	706.5	707.5	654	703.5	663.5	713.5	689.5	597
all_peaks_51808	chr16	14580675	14581176	21	25.5	17	22.5	141	45.5	38.5	24.5	161.5	136	30.5	75.5	81	5	23	12.5	20	7.5	5.5	6	39	25	83.5	26.5	125	18	89.5	49.5
all_peaks_51863	chr16	15684708	15685209	215.5	199	307	175.5	244.5	316.5	282.5	372	208.5	226.5	239	242.5	284	284	236.5	250	300.5	225.5	208.5	201	266.5	304.5	259	321	238	288.5	256	282.5
all_peaks_51875	chr16	15766612	15767113	208	208.5	93.5	202	101	62.5	206	123.5	57	16	147	119	101	98.5	224	166.5	72	59.5	206	180.5	87	24.5	88	68	28.5	31	97	51
all_peaks_51964	chr16	17440881	17441382	4.5	6.5	12	7	60.5	20	105	92.5	134	61.5	158	160	45	74.5	53.5	147	62.5	67.5	99.5	217.5	42.5	18	62.5	33	14	24	96.5	55.5
all_peaks_51969	chr16	17458117	17458618	204.5	169.5	153.5	239.5	50	34	125.5	35.5	45	34	96.5	64	77.5	74.5	146.5	58.5	88.5	61	120.5	94.5	74.5	37.5	147	69	85.5	24.5	143.5	47
all_peaks_51971	chr16	17463410	17463911	181.5	165	221.5	203.5	130	85	225.5	128	174.5	52.5	230	156.5	174	185	224	163.5	220	161	207.5	218.5	105	46.5	155.5	66.5	90.5	47.5	105.5	64
all_peaks_51996	chr16	17684975	17685476	26.5	3.5	73.5	18.5	38	85	16	63	75.5	139	54.5	76.5	55	113	19	70.5	83	91.5	70	97.5	51.5	168	26.5	122	89	219.5	79	197.5
all_peaks_52018	chr16	18812732	18813233	634	612	614.5	601.5	678.5	601.5	572.5	639.5	565	613	561.5	575	685.5	614	624	615	615.5	614	606	603	586	542.5	572	481.5	525.5	500.5	536	454
all_peaks_52029	chr16	18937542	18938043	214	211	202.5	190	293.5	317	256.5	381	292.5	350.5	247.5	321.5	323.5	257	256	376.5	284.5	295.5	279.5	297	312.5	388.5	335	439.5	308	396.5	304	380
all_peaks_5203	chr1	59762289	59762790	167	211	276.5	276.5	176	255	233.5	291.5	206.5	300.5	311.5	382	196	191.5	208.5	266	282	266	259.5	281.5	212	208	256	297.5	189	269	351.5	360.5
all_peaks_52069	chr16	19566633	19567134	314	348.5	379	373	374	438	442	356.5	362	493	460	462	333.5	354	395.5	398	383.5	398	423.5	417.5	426	339.5	295	311	410.5	398	399.5	311
all_peaks_52103	chr16	20775039	20775540	141	173	121	139.5	88	71	119.5	161	40.5	43	112.5	166.5	107.5	90	136	243.5	81	62.5	105.5	158.5	119	73.5	112.5	104	93.5	55.5	94	133
all_peaks_52146	chr16	21513358	21513859	317	334	295.5	298	355.5	367	304.5	450.5	383	452	262	386	315	289	302	381	324	387	329.5	317	343.5	524	450	615.5	318.5	509.5	526.5	582.5
all_peaks_52149	chr16	21518206	21518707	89	110.5	76.5	104.5	208	236	273	340.5	292	228.5	278.5	268	203.5	299.5	193	308.5	210	270.5	215.5	289	248	145	205.5	116	298.5	118	244.5	180
all_peaks_52153	chr16	21530492	21530993	62	64	62	49.5	59	174.5	41.5	207	74	170.5	44	119	93.5	71.5	42	64.5	65	101.5	34	34.5	138.5	253.5	127.5	231.5	158.5	256.5	144	215
all_peaks_522	chr1	3447767	3448268	152.5	202	77.5	152	121	27.5	123.5	17	69	7.5	115.5	37.5	102.5	43	138	48	72	32.5	119.5	72	103	19.5	99	41	63	9.5	42.5	23
all_peaks_5221	chr1	59898273	59898774	1	4.5	1	1	0	34	2.5	155	12.5	74	6.5	119	5.5	2	4.5	91.5	12	29	2.5	46.5	3	85	28.5	143.5	1	102	20.5	151
all_peaks_52218	chr16	22201592	22202093	327	387	330.5	362.5	415	400.5	380.5	504.5	487.5	525	465.5	411.5	452	473.5	481	544.5	472	449	475	500	478.5	485.5	443.5	518.5	565.5	518	498.5	549
all_peaks_52233	chr16	22308361	22308862	330	314.5	352.5	310	425	497.5	400	354	544.5	489.5	419	429.5	348	386	340.5	457	357	366	358.5	379	377	423.5	439	405	375	363.5	419.5	376
all_peaks_52242	chr16	22369277	22369778	104.5	165.5	55	161	75	16	121	28	16.5	8.5	93.5	45.5	82.5	58	171.5	66	56	24.5	130	81	42.5	4	41.5	25.5	14	8	19.5	12
all_peaks_52286	chr16	23516047	23516548	25	9	141	15.5	60	191.5	24.5	179.5	130	164	51.5	107.5	72.5	107	19.5	87.5	128.5	174	46	57	107.5	200	87	193.5	157.5	184.5	135	136.5
all_peaks_5231	chr1	59942910	59943411	1	2	3	1	28.5	161	38	240.5	92	293.5	64	259.5	24.5	78.5	26	203.5	58.5	147.5	37.5	123.5	9.5	114.5	64.5	177.5	90	208	127.5	287
all_peaks_52315	chr16	23853532	23854033	12	3.5	15	6	29.5	215.5	22	226	89.5	239	25.5	225	50.5	64.5	10.5	45.5	49	124	23	72.5	102.5	266	119.5	240	132	259.5	167.5	214
all_peaks_52344	chr16	24010873	24011374	3.5	1.5	2.5	4.5	2.5	54	1.5	59	10	194	4	41.5	7	5.5	3	12	25	47	1	8.5	2	108	1	88.5	12.5	234	12	257.5
all_peaks_52347	chr16	24025458	24025959	77.5	97	151	155.5	39.5	23	84	21.5	114	34	192.5	131.5	62	54.5	84.5	42	137.5	148.5	250	149.5	53	22.5	38	21	106	79.5	50	50.5
all_peaks_52415	chr16	25072224	25072725	98.5	244	73	212	132	29	212	25	72.5	10.5	192.5	61.5	140	155	243.5	84.5	126	70	206.5	154.5	48.5	3.5	47	3.5	58	5	47.5	7.5
all_peaks_52445	chr16	26609242	26609743	38	12.5	127	21	130.5	186.5	89.5	160.5	245.5	240	140	197.5	128	208	36.5	163	157.5	214	109	155.5	134.5	233	229	242	173	216.5	264.5	223
all_peaks_5246	chr1	60280068	60280569	316	387.5	206.5	346	132.5	77	313.5	231.5	117	32	240.5	211.5	122.5	73	352	195.5	73.5	46.5	254	177.5	169	107	286.5	305	128	47	247.5	218
all_peaks_52464	chr16	27180875	27181376	240	202.5	211	342.5	85	168.5	100	109	110.5	141.5	113	131	88	128	121	109	118	104.5	112.5	119.5	103	162.5	182.5	138	100	140.5	162.5	183.5
all_peaks_52470	chr16	27207207	27207708	164.5	199.5	90	166.5	100	7	133	3	21.5	1	127	20.5	98	49.5	182	32	83	35.5	119	71.5	38.5	3.5	46	2	6	2.5	6	4.5
all_peaks_52473	chr16	27214960	27215461	309.5	330	293	305	381.5	345	336.5	371	406	395.5	377	392.5	344	350.5	354	349.5	346	387	367.5	369.5	435.5	442.5	403.5	373	405	480.5	424	431.5
all_peaks_52478	chr16	27241951	27242452	129.5	144.5	215	160.5	223	191.5	237.5	66	207	105	314.5	118	251.5	242	227.5	199.5	310	267.5	250.5	245	198	42	107	38	220.5	62.5	85	38.5
all_peaks_52480	chr16	27246678	27247179	332.5	335.5	379.5	385	213	214	294	181.5	212	166	303	237	204.5	236.5	284.5	276.5	213	202	278.5	301	127	109.5	226	109	134	89.5	181	176.5
all_peaks_52481	chr16	27248684	27249185	80.5	77.5	137.5	101	85	195.5	115	228	111	225	122	203	119.5	169	93.5	192	119.5	150	123.5	200.5	112	223.5	150.5	204.5	141	248.5	146.5	203
all_peaks_52499	chr16	27329644	27330145	48	84.5	61	86	101.5	156.5	107.5	194.5	121.5	184.5	95.5	138	97.5	148.5	58.5	160.5	93.5	144	86	145.5	106.5	165	184	163	158.5	191.5	251.5	168.5
all_peaks_52510	chr16	27378903	27379404	276.5	272	271	317.5	172.5	121.5	159	210	128.5	102.5	178	158.5	157	137.5	173.5	185	132	134	163	201	151	170	233.5	256.5	113.5	132.5	177.5	237.5
all_peaks_52518	chr16	27399003	27399504	1	0.5	3	1	6.5	121	0.5	63	48	106	4.5	47	23.5	22.5	0	17	14	64.5	3.5	5.5	87	160	20.5	150.5	124.5	123	52	69.5
all_peaks_52531	chr16	27457980	27458481	169	149	269.5	215.5	156	46.5	194	27	189.5	55	267	142	170.5	156.5	163	55.5	255	204	242	212.5	80.5	21	55.5	15.5	133	39.5	106.5	46.5
all_peaks_52532	chr16	27461116	27461617	68	13.5	249.5	126	9	10.5	17.5	45	58	48.5	67	76	13	15	12.5	22.5	84	92	72	66	9.5	26	33.5	80	31.5	58.5	111.5	158.5
all_peaks_52541	chr16	27475068	27475569	100	81.5	356	349	76	10.5	78	5	140	52.5	279	188	75	44.5	91	23	217	170.5	287.5	222.5	16.5	3	7	2	75.5	14.5	60	21
all_peaks_52571	chr16	28152303	28152804	385	357.5	467.5	445	169	47	197.5	143.5	143.5	83.5	234.5	135.5	245	194	241.5	132.5	289.5	214.5	229	204.5	158.5	73.5	218	120	137	121	194.5	168.5
all_peaks_52576	chr16	28180269	28180770	103	144	79.5	156	57.5	7	130	12	20.5	2.5	85.5	19.5	76.5	48	160	30	72	24	121.5	68.5	17	5	17	14	14.5	5.5	15.5	3
all_peaks_52601	chr16	28321151	28321652	173.5	196	376	306	286.5	103.5	317.5	86	262	94	432.5	176	263	330.5	309.5	210.5	405	343.5	443.5	330.5	157	44	120	41	155.5	111	150.5	77.5
all_peaks_52613	chr16	28505312	28505813	292.5	226.5	332.5	345.5	130	117.5	204	170	163	118.5	208.5	193	170	176.5	241.5	169	237.5	171.5	241.5	217.5	82	85	133	103.5	87.5	98	154.5	142.5
all_peaks_52657	chr16	28936338	28936839	226	278	226	265.5	227	260.5	260	243	339.5	300	268.5	228	252	266	274.5	268.5	287.5	305	281.5	251.5	341.5	345.5	279	342.5	350	364.5	293.5	375.5
all_peaks_52659	chr16	28947750	28948251	110.5	112	78.5	92	118.5	65	91.5	99	91.5	55.5	81.5	71.5	94	135.5	133.5	183	91	130.5	113.5	116	152.5	210	220.5	214.5	150.5	150.5	253	224.5
all_peaks_52669	chr16	28996117	28996618	138	136.5	130.5	145	126	90	201.5	107.5	145.5	73.5	185	126.5	136	174.5	205	136.5	139	133	179	177.5	85.5	52	86	57.5	75	52.5	108.5	70.5
all_peaks_5268	chr1	61542509	61543010	160	192	200.5	213	119	120.5	81.5	81	165.5	98	122	78.5	104.5	141	81	73	196.5	142.5	109	77.5	130.5	96	65	74	164.5	142.5	120.5	75.5
all_peaks_52686	chr16	29040558	29041059	13	18	34.5	20.5	46.5	99.5	17	156	43	172.5	37	95	58.5	48.5	8.5	57	68	96	20	31	78	177.5	52	153	162.5	211.5	162	212.5
all_peaks_52701	chr16	29160216	29160717	260	230	271.5	363	98	36.5	170.5	23	57.5	9.5	155.5	61	92	109	154	40	121.5	82.5	160.5	116	70	15	116	17	59	16.5	77	16.5
all_peaks_52726	chr16	29606446	29606947	265.5	275	262.5	268	302.5	279.5	308.5	330	248.5	273.5	249	243	335	318	318.5	347.5	316	313.5	298.5	348.5	342.5	335	380.5	439	353	372.5	347	408.5
all_peaks_52754	chr16	29757174	29757675	261	194.5	291	243.5	208	191.5	225.5	182.5	211.5	218	253	216	242	300	274.5	230.5	273	263.5	262	292.5	275.5	155.5	159.5	145.5	250	154	160	209
all_peaks_52787	chr16	29984770	29985271	164	177.5	194.5	175	264.5	204	215	261	303	229	262.5	248	268	274.5	277.5	295	265	303.5	282	267	315	384.5	226.5	255	288	317.5	287.5	293.5
all_peaks_5280	chr1	61736597	61737098	1	0.5	2.5	1	12	145	0.5	54.5	26	149.5	3.5	15	31.5	28.5	3	11	28.5	52.5	1	1.5	58.5	323.5	3.5	79	103.5	265.5	11	100
all_peaks_5281	chr1	61767833	61768334	8	0.5	3	1	12.5	121.5	1	148.5	14	172.5	1.5	31	22	27	4	67.5	25.5	56.5	1.5	17.5	24	230	7	181.5	53.5	313.5	15.5	188
all_peaks_52827	chr16	30103791	30104292	56	30.5	62.5	53	62.5	144.5	36.5	200	97.5	128.5	67	147.5	73.5	77.5	40.5	100	55.5	102.5	61	78.5	99	127	78	177.5	91.5	181.5	111.5	183.5
all_peaks_5284	chr1	61784437	61784938	5.5	0.5	5	1	58.5	244	9	232	74.5	212	3	117	48.5	76.5	2.5	100.5	44	110.5	5.5	20	134.5	254.5	58	258	134	225	106	195.5
all_peaks_52846	chr16	30197045	30197546	181.5	204.5	251.5	211.5	284	246.5	332	265.5	434.5	248.5	444.5	321.5	264	337	268.5	257.5	372.5	328	338.5	414.5	210	171.5	196.5	108.5	282.5	132.5	274	168.5
all_peaks_52855	chr16	30361711	30362212	8	6.5	29	23	17	105	8	60	69.5	190.5	11.5	66	31.5	32	5	30.5	62	103	9	23.5	8.5	59	8.5	49.5	37.5	116	39.5	105.5
all_peaks_52862	chr16	30381894	30382395	844	893.5	861.5	831.5	747	758	825.5	881.5	821.5	776	874.5	840.5	839	906	988	1130.5	836.5	886.5	982	935.5	695	790	840.5	813.5	714	764	814	771.5
all_peaks_52887	chr16	30469992	30470493	102	54.5	145.5	67	184.5	245	276.5	235	194	194.5	214.5	297.5	215	238.5	255	256	246.5	204.5	255.5	245.5	133	88	197	148	138.5	87.5	195	126.5
all_peaks_52904	chr16	30538541	30539042	145	108	186.5	99	247	363	247.5	408	235.5	303	262.5	339	217.5	281	213.5	337	202.5	307.5	238	279	307.5	379	245	329	319	362.5	293	330
all_peaks_52914	chr16	30583136	30583637	427	435	393.5	465.5	260	315	363.5	312.5	343	340	426.5	373.5	323.5	332.5	371.5	324	353.5	336.5	399.5	357	383.5	299.5	334	237	393.5	294.5	348.5	244.5
all_peaks_52932	chr16	30669285	30669786	902	775	780.5	728.5	703.5	591.5	743	699.5	782.5	757.5	771.5	629	805	824	834	824	825.5	832	823.5	857	764	700	783.5	764	773.5	710.5	797.5	775
all_peaks_52978	chr16	30905184	30905685	106	86.5	114.5	87	150	223.5	110	280.5	148	165.5	137	163	113.5	121.5	105.5	229.5	110.5	158.5	103	138	129.5	185.5	145.5	246	159	233.5	164.5	328.5
all_peaks_52982	chr16	30933785	30934286	464.5	516.5	471.5	497	436.5	365.5	524.5	403.5	427	426	531.5	403	502.5	472	568.5	496	506	437	560.5	525.5	349.5	357.5	407.5	414	328	447.5	396	412
all_peaks_52983	chr16	30934394	30934895	348	375.5	302.5	335.5	306.5	253	402.5	278.5	341	241	409	275.5	399.5	356	472	354.5	344	295.5	403	396.5	203.5	240.5	224.5	228	191	223.5	227	237.5
all_peaks_53037	chr16	31153478	31153979	282.5	327.5	283	336	347	310	317.5	343	413.5	354	370	350.5	358	390.5	350.5	433	398	401.5	440.5	428	411.5	400	391.5	438.5	434.5	487	462.5	509
all_peaks_53042	chr16	31191773	31192274	116	118.5	100	115.5	212	210	137	187	172.5	184.5	137	220.5	160	106	104	145	130.5	161.5	117.5	104.5	233.5	245.5	252	278.5	309	257	250.5	265.5
all_peaks_5305	chr1	62248308	62248809	134.5	126	90	129.5	72.5	16.5	138	198.5	58.5	11	130.5	297	67.5	32.5	155.5	182	79.5	32.5	160	185	36.5	10.5	103	96	50	12	102	88.5
all_peaks_53118	chr16	31706943	31707444	159.5	206	137	191	37	11	130	56.5	33.5	7	110	42	58	58.5	178	104.5	47	19.5	135	57	75	16.5	106	69	55	13.5	110	36.5
all_peaks_53131	chr16	31880741	31881242	189.5	212	146.5	209	111	108.5	188.5	232.5	69.5	109	125.5	116	141	132	212.5	179	114.5	69	189	147	155.5	205.5	197	199	118	175.5	183.5	223.5
all_peaks_53135	chr16	31888668	31889169	50.5	16	51	23.5	51.5	137.5	41.5	166	63	182.5	41.5	109.5	70.5	78	28	123	47	87.5	35	63	78.5	170	174	165	105	192	151	120
all_peaks_53167	chr16	33952935	33953436	26.5	30	15	20	82	27	25	9.5	209	91	33	60	42.5	6.5	6	12	14.5	4.5	9	4	32	19	65	40.5	136	12.5	86	83
all_peaks_53173	chr16	33961049	33961550	20	38	27	39.5	185	148.5	67.5	89	214	360	83	163.5	160.5	51.5	35	49.5	72	79.5	42.5	50	83	97.5	87.5	132	102.5	107	83	174
all_peaks_53174	chr16	33962975	33963476	334	614.5	403	658	1037	1055	748	1018	983.5	1027.5	802.5	1018.5	1112	749	523.5	666	820	828	625	678.5	911	1215	1309.5	1261	1073	1261	1215	1238
all_peaks_53175	chr16	33963692	33964193	137.5	248	159	237.5	692.5	619.5	310.5	408	827	882	362	619	559.5	285	212.5	261	347.5	338	270	305	356	486	519.5	827	484.5	690	571.5	932
all_peaks_53176	chr16	33964692	33965193	16.5	26	20	31.5	130.5	78	34	41.5	125.5	246.5	47	114	101.5	24	22.5	31	51.5	54	27.5	32.5	54	37.5	55.5	86.5	56.5	89.5	62.5	114
all_peaks_53182	chr16	46391756	46392257	18.5	16.5	8	13.5	113	50	61.5	17.5	268.5	118.5	72	80.5	80.5	8	15	15.5	34	10.5	11.5	6	23	18.5	28.5	17	75	23	55.5	22
all_peaks_53215	chr16	46856147	46856648	4	3	3	2	48	150	5	150	16	139.5	2.5	27	35	31.5	5.5	27.5	24.5	40.5	1.5	13	49	209.5	24	172	68.5	165	30.5	90
all_peaks_53228	chr16	46917938	46918439	84	54	86.5	60	201.5	346	201	279.5	228	354.5	212.5	251	168	202.5	166	269	177.5	261	175.5	228	149.5	224.5	119	166	197.5	327.5	173	242.5
all_peaks_53259	chr16	47177206	47177707	88.5	26	68.5	17	178	159.5	55.5	180.5	144	149.5	46	120.5	160.5	131.5	47.5	144.5	98.5	109.5	33.5	93	170.5	174.5	127.5	146.5	164.5	125.5	94	133
all_peaks_53328	chr16	48646875	48647376	186	240	156	238.5	133	100.5	206.5	113	95	102	191.5	155.5	128.5	144	163	199.5	134	113.5	155.5	204	110.5	56.5	121	61	73	48.5	103.5	53.5
all_peaks_53429	chr16	50581346	50581847	120.5	92	172	137	70	25.5	136	17.5	94	33.5	160	85	59	46.5	109.5	59.5	100.5	65.5	143	119	66.5	15.5	50.5	33	73.5	24.5	73.5	39.5
all_peaks_53488	chr16	53164609	53165110	267	250	330	295.5	265	258	338	171.5	283	264	331.5	259.5	293.5	267	285	284	333	305.5	301	337	215.5	186.5	205	141.5	197.5	205.5	228	152.5
all_peaks_53504	chr16	53491513	53492014	175	168	165	227	167	110	209.5	125	130.5	91.5	229.5	187.5	191.5	207	263	200	202	140	223.5	203.5	74	32	119	46.5	58.5	30.5	91	40
all_peaks_53521	chr16	53568762	53569263	11	3	30	7	22	191.5	9.5	251.5	48	129.5	12.5	107	55	63	17	72.5	76	100.5	15.5	27.5	74.5	239.5	84.5	279.5	113.5	203.5	119.5	170
all_peaks_53530	chr16	53737593	53738094	313	262	296.5	239	336.5	382.5	353.5	395	417	324.5	397	408	347.5	328.5	390	400	354	317	315	391.5	322.5	370.5	283.5	434	324	388.5	323	387.5
all_peaks_53563	chr16	54962963	54963464	113	108.5	65	131	206.5	184	192	125.5	172	151	206.5	176	207.5	185	190.5	194	168	198	226.5	172	246	231.5	266	228.5	180.5	156.5	266	286
all_peaks_53671	chr16	56978782	56979283	7.5	1	4.5	3	18	186	2.5	162.5	49	162.5	8	95.5	31	34.5	8	47	19	77	6	16	106	226.5	69	227	93	176	114	166
all_peaks_53684	chr16	57023177	57023678	207.5	222	200	197.5	221.5	231	291.5	122.5	172	147	214.5	172.5	227.5	211	235.5	212	203	171	219.5	219.5	244	137	224.5	115	180.5	92.5	195	124
all_peaks_53700	chr16	57057467	57057968	71.5	61.5	134	132.5	19.5	9	72.5	20	64.5	9	158	100.5	42.5	21.5	64.5	35	144.5	68	232	174.5	13.5	5	16	15	46.5	11	34.5	16.5
all_peaks_53779	chr16	57509674	57510175	53	56	39.5	52	72	111.5	72.5	186.5	61.5	98.5	64.5	145.5	49	75.5	60.5	83	41.5	84	69.5	62	65.5	167.5	101.5	189	82	156	95.5	202.5
all_peaks_53792	chr16	57572899	57573400	5	0.5	29	5	11	96	16	68	52	124.5	32	88.5	33	29	9	20.5	38.5	60.5	17.5	38	21.5	71.5	18.5	44.5	96.5	198.5	46.5	127.5
all_peaks_53807	chr16	57611566	57612067	5	4.5	60.5	26	53	52.5	62.5	40	169.5	135.5	211	173.5	49	107.5	61.5	70.5	160	172	165.5	179.5	16.5	8	26	6.5	68	48	53	43
all_peaks_53810	chr16	57624979	57625480	11.5	11.5	38.5	20.5	68.5	127	27	140.5	200	199.5	86.5	173	51	89.5	18	75	148	155	62	124.5	69.5	148.5	78	215	87	218	147	228
all_peaks_53811	chr16	57626514	57627015	103.5	109.5	237	147.5	209	136.5	297	135.5	267	218	423.5	316.5	231.5	244.5	251	211	330	293.5	367	353	75	38.5	80	37.5	104	89.5	93	67.5
all_peaks_53812	chr16	57635951	57636452	66.5	43.5	177	126.5	214	355	113	303	297	326.5	209	295	186.5	210	127.5	200.5	258.5	294	204	202	159	256	175.5	193	264.5	266	191.5	218.5
all_peaks_53816	chr16	57643445	57643946	49	19.5	133.5	59	133.5	392	75	239	247	353.5	142.5	269.5	177	208	98	161	244.5	319	154.5	154	285.5	254	232	267.5	308	342.5	300.5	261
all_peaks_53854	chr16	57844072	57844573	75	2.5	159	31.5	169.5	148.5	92	182.5	179	78	111	151.5	197.5	207.5	66	182.5	181.5	182.5	97	166	174	80	106.5	99	166	98	105.5	73.5
all_peaks_53978	chr16	66550645	66551146	56	39.5	64.5	40	117.5	192	90	315	163.5	154.5	110	247	134.5	223	110	324.5	147.5	236	89.5	197.5	100	132.5	95	209.5	103	174.5	139.5	161
all_peaks_53980	chr16	66555961	66556462	60.5	13	89	20.5	190	240	143.5	350.5	269.5	281.5	171.5	309.5	192	224	74.5	281	189.5	265.5	109.5	210.5	102.5	123.5	111.5	169	68.5	138.5	143	143
all_peaks_53988	chr16	66597734	66598235	4	3	1	1	13	113.5	1.5	97	12	71	5.5	30.5	20.5	8	1.5	12	8	33	3.5	6	40.5	231	12.5	137.5	79.5	196	74.5	170.5
all_peaks_54008	chr16	66780496	66780997	2.5	3.5	9	5.5	41	167.5	32	70	93	190.5	60.5	155	33.5	37.5	30	88.5	37	96	39.5	75	18	38	28.5	19.5	84.5	63	78	41.5
all_peaks_54019	chr16	66907074	66907575	100	65.5	259.5	88.5	253.5	416.5	256	458.5	368.5	431.5	292.5	452.5	224	310	121.5	384	275	324.5	187.5	310.5	225.5	300.5	269	300	317	332.5	322	339.5
all_peaks_5403	chr1	65342808	65343309	142.5	115.5	134.5	153	44	1	106.5	9.5	22.5	3.5	111	37	33	5.5	114	22	64.5	11	137	94.5	3.5	5	39	2	3.5	0.5	22.5	9.5
all_peaks_54054	chr16	67018700	67019201	31	12	12	2.5	171.5	159.5	251.5	218	185.5	199	232	160	150.5	205	134	249	160.5	145.5	178.5	273	133	256.5	136	155	179	218	146.5	180.5
all_peaks_54072	chr16	67089539	67090040	5	6	2.5	1	30.5	138	1.5	92	29.5	145.5	3	55.5	54	46	4	32.5	21.5	66	8.5	17	44	206.5	34.5	112	79	163	59.5	116.5
all_peaks_54084	chr16	67204134	67204635	18.5	4.5	14.5	9.5	26.5	56.5	23.5	216	16.5	28	16.5	28.5	24.5	73.5	27.5	168.5	15	23	13.5	32	38.5	48	59.5	97.5	43.5	58.5	37.5	60
all_peaks_54085	chr16	67207986	67208487	84	56	106	49.5	132.5	242.5	134.5	260	130	128	118	130.5	116.5	179.5	126.5	226.5	118	125	94.5	126	114	124.5	127.5	148	108	127	98	116
all_peaks_54106	chr16	67260633	67261134	169	112	145	127	254	215	214.5	244	160	237.5	212.5	207.5	220	265.5	205.5	294.5	225	295.5	216.5	252	227.5	249	270	247	263.5	247.5	268.5	285
all_peaks_54116	chr16	67278175	67278676	74	27	117.5	54.5	151	238	127.5	313.5	191.5	217.5	169.5	253	140.5	195	94	227	191	203.5	150	216	110	227.5	141	318.5	162.5	223	221	298
all_peaks_54130	chr16	67345508	67346009	1	1	7.5	2.5	40	196	22	377	148.5	306	33	164	72	89	6	127.5	58	159.5	12.5	48.5	130.5	337.5	230.5	376.5	155.5	371	306.5	275.5
all_peaks_54169	chr16	67576348	67576849	90.5	60.5	89	59.5	159	48.5	99	22.5	109	55	106.5	89	169	248.5	70.5	110.5	170	159.5	127	145	124.5	34	66	23	131	37	78	35
all_peaks_54175	chr16	67595829	67596330	526	432.5	529.5	502	702.5	656	656	708	722.5	747.5	691	678	684.5	693	694.5	789	680	785	688.5	740	736	754	748	641	732	718.5	697	680
all_peaks_54209	chr16	67840345	67840846	638	595	622	594	569.5	595	694.5	651	580.5	485	631	596.5	631.5	666	648	643.5	626.5	608	680.5	651.5	533.5	505	612	542	518	508.5	522.5	546.5
all_peaks_54259	chr16	68039680	68040181	107.5	181.5	82	140.5	153.5	10	158.5	7.5	26	9	136	21.5	157.5	95	219.5	37	118.5	54	180.5	61.5	60	3.5	28	9.5	16	0.5	9.5	5
all_peaks_54270	chr16	68103800	68104301	71.5	71.5	80	50	96.5	77.5	155	83	90	38	151	124.5	102	131.5	136.5	125.5	126.5	104.5	128.5	135	30	13	48	11.5	29	13	55	28
all_peaks_54272	chr16	68108639	68109140	62.5	17	157	75	213	244	215	191	259	159.5	324.5	345.5	241	244.5	163	268	276.5	271	275.5	305.5	61	20	53	23	113	33.5	114	77.5
all_peaks_54273	chr16	68113508	68114009	100.5	79.5	125.5	102	180.5	144.5	205	203.5	151	158	250	260.5	147	231	229.5	295	239.5	201	232	299.5	65.5	71.5	44.5	50	95.5	91.5	69.5	78
all_peaks_54332	chr16	68390329	68390830	90	66	91.5	96.5	158	109.5	264	168.5	195	125.5	246.5	199.5	135.5	151	165.5	191.5	176.5	144.5	226.5	248	79	26.5	94	34.5	131.5	26	105	47
all_peaks_54350	chr16	68451778	68452279	149	171	95	130.5	129.5	67.5	177	35	72.5	17	147.5	48.5	154.5	112	214	87.5	115.5	70.5	176	85.5	122	28	98	34	84.5	22.5	82.5	22.5
all_peaks_54355	chr16	68482326	68482827	399	344.5	344.5	335	336.5	323.5	341	327	322.5	266.5	351.5	342.5	356	398.5	323.5	388	357.5	383	378	371	478.5	367.5	397	361	476.5	365.5	410.5	422.5
all_peaks_54380	chr16	68790151	68790652	14.5	2	19	1	25.5	75.5	13	166.5	23	105	10.5	29	29	43.5	9	49.5	7.5	38	5	6.5	133	165.5	137	197	91.5	145	131	179.5
all_peaks_54407	chr16	69220403	69220904	113.5	93.5	210	111.5	111	102.5	124	110	228	129	158	167.5	139.5	157	147	156	194.5	165	129.5	162	128	52.5	95.5	41	112	70.5	110.5	57
all_peaks_54452	chr16	69597903	69598404	52.5	41.5	67	51	46.5	161	41.5	251.5	95	195.5	43.5	131.5	79.5	88	51.5	125.5	111	97.5	71	108.5	55	277.5	51	265.5	66.5	279	58.5	268.5
all_peaks_54463	chr16	69760124	69760625	126.5	117.5	143	135.5	208.5	290	215	295	285	184	270	246.5	218.5	250	209.5	245.5	250.5	255	242.5	214.5	264.5	221	190.5	209	249.5	176	193	198.5
all_peaks_54520	chr16	70510366	70510867	3	2.5	1	1	50	217	10	327	59.5	169.5	21	221.5	61	43	5.5	116.5	30.5	81	4.5	33	114.5	179.5	101	177.5	99.5	138.5	162	146
all_peaks_54556	chr16	70771325	70771826	84.5	166.5	139	343	119.5	248	180	186	203	201.5	356	308.5	160.5	190	164	228.5	226	241.5	313.5	280.5	181.5	109.5	257.5	123.5	244.5	175.5	255	188.5
all_peaks_5462	chr1	65859057	65859558	6	2	8.5	5.5	101	175	83	177.5	102	125	75	161	81	98.5	47	176	84	93.5	55.5	119.5	123.5	180.5	133	149.5	165	193	151.5	151
all_peaks_54621	chr16	71850463	71850964	24	0.5	15	3.5	23.5	85	2	50.5	30.5	73.5	1	8	27	30	2.5	14	26	36.5	1	0	70	183	6	68	89.5	139.5	2.5	31.5
all_peaks_54627	chr16	71876060	71876561	16	11.5	6.5	2	16	81	13	121	27.5	42	9	30	11.5	8	10.5	20	16	28	3.5	8.5	35.5	134	39.5	151	23	114	42	118
all_peaks_54633	chr16	71914983	71915484	126	138	103	142	44.5	26.5	128	27	53.5	17.5	94	65	73	50	142.5	59	72	36.5	111	90	31	12	32.5	7.5	36	9.5	12	8.5
all_peaks_5466	chr1	65885813	65886314	464	483.5	403	432	545.5	462.5	460.5	490	498.5	532	479.5	424.5	606.5	547	583.5	568	591	519.5	551.5	579.5	534	471	538.5	501	515.5	495.5	474	477.5
all_peaks_54700	chr16	74472211	74472712	24	5	24	7	118	94	124.5	34.5	93.5	39	109	114	111	118	111.5	116	117	114.5	144.5	138.5	65	29	71.5	24	60	28.5	71	25.5
all_peaks_54710	chr16	74634963	74635464	115.5	134.5	73.5	150	163.5	59.5	198.5	72.5	147	45.5	218	117.5	143	135	180.5	91	144	124.5	170	125	104.5	30.5	93.5	34	48	13	87	37.5
all_peaks_54733	chr16	74970792	74971293	2.5	1	6.5	1	8	132	1	77.5	51	190	5.5	81.5	41.5	43.5	1	46	37	102	0	14	13	97.5	7.5	59	54.5	123	25	90.5
all_peaks_54747	chr16	75108998	75109499	214	120	275.5	149	350	413	266	240.5	395	285	332	309.5	401.5	464.5	252.5	334	387	421.5	315.5	351	254	126.5	129.5	58	252	124.5	180	73.5
all_peaks_54756	chr16	75144771	75145272	76.5	40	39.5	33	150	134.5	71.5	100.5	117.5	117	64	57.5	161.5	183.5	62	124	78	115.5	49	57.5	175.5	172.5	108.5	103	146.5	112	114	70.5
all_peaks_5476	chr1	66277601	66278102	8	2	1	2.5	130.5	273	51.5	271.5	160	219.5	95	246.5	105.5	192	27.5	214	109	181.5	59.5	92	164	194	174.5	214.5	129	159.5	200.5	173
all_peaks_54794	chr16	75498425	75498926	351	358	347.5	359.5	455.5	448	431.5	547.5	451	479	396	416.5	428	367.5	380	398	371.5	355.5	396.5	396	415.5	439	410	501	410.5	478.5	401.5	492
all_peaks_54807	chr16	75650538	75651039	18.5	4	44	6	19	125	4.5	70.5	30.5	133	7.5	32.5	30.5	21.5	3.5	8	22.5	47.5	9.5	15	79	255	7.5	108.5	86	174	55.5	101
all_peaks_54808	chr16	75654175	75654676	36	0.5	302	10	11	5	3	0.5	80.5	91.5	4.5	1.5	15	4	0	1	99.5	62.5	5	0	4.5	5	4	2	49.5	97.5	3	3.5
all_peaks_54834	chr16	77342062	77342563	1	0.5	1	1	1	40	0	89	0.5	27.5	2.5	15	4	4	0	23.5	1.5	10	0	1	12	141.5	8	176	1.5	52	9	136
all_peaks_54855	chr16	78133151	78133652	504	473	480	480.5	411	448.5	526	342	459	412	490	403	531.5	499.5	529.5	423.5	517	425.5	497.5	524	413.5	375	382.5	334.5	401	430	369.5	413
all_peaks_54871	chr16	78776309	78776810	91.5	47	123.5	35.5	166	168	53.5	65	70.5	119.5	30	30.5	155	169	60	92	112.5	98.5	33	30.5	156.5	129.5	37.5	45.5	96	94.5	28.5	25
all_peaks_54879	chr16	78809051	78809552	4.5	0.5	1	2	42.5	188	3.5	101.5	34.5	164.5	3.5	15.5	47.5	68.5	1.5	38.5	16	70	1	5	93	207	20.5	115.5	88.5	200.5	23	56.5
all_peaks_54880	chr16	78812089	78812590	31.5	2	10.5	2	211	300.5	18	201	210	258	7	143.5	171	281	10	251.5	80.5	157	9.5	73.5	215.5	281	111	200.5	222.5	280.5	51	108
all_peaks_54884	chr16	78824395	78824896	9	0.5	21	2	101	156	8	118.5	76.5	103.5	2.5	24	92	98	4	60	58	63.5	5.5	13.5	90.5	127.5	13.5	93.5	129	165	11.5	68.5
all_peaks_54906	chr16	78996351	78996852	4	1	2.5	1	42.5	104	3	19	4	45.5	1.5	0.5	38.5	51	1	13	5.5	18	0	0	36.5	286.5	1	31	17	200.5	0	12
all_peaks_54937	chr16	79303313	79303814	42.5	11.5	26.5	12	52.5	146	82	153.5	64	156	64	124.5	39	63	44.5	111	34	41.5	47.5	40	78.5	170	95.5	141	33.5	144.5	99	98.5
all_peaks_54938	chr16	79306045	79306546	153.5	54.5	138	95	120.5	125.5	167	45	100	76	270.5	146	109	100	140.5	58	82	48	246.5	139	105.5	64	66	50.5	67.5	57	94.5	35.5
all_peaks_54948	chr16	79349980	79350481	10	4.5	9.5	1	70	257	4.5	56.5	30	234.5	2	12.5	76.5	170.5	5.5	60	25	56	2.5	6	67.5	163.5	3	25.5	62	127	1	17.5
all_peaks_54966	chr16	79634484	79634985	215	91	154.5	35.5	177.5	151	157.5	81	195.5	147	49	63	266	216.5	168.5	154	158.5	138	75	112.5	227.5	169.5	110.5	91.5	143	162.5	63	40.5
all_peaks_54974	chr16	79662301	79662802	7.5	1.5	12.5	9	149.5	187	32	231.5	128	159	39	167.5	106	153.5	17	187	91.5	141	16.5	70	165	99.5	70	148.5	112	168	45.5	107
all_peaks_55019	chr16	80603448	80603949	17.5	5	23.5	9	90	206.5	30	134.5	182.5	242.5	24.5	108	109.5	142.5	14.5	120.5	134.5	159	25	42	119	162.5	55.5	117.5	140	178.5	66.5	74
all_peaks_55022	chr16	80613923	80614424	64.5	60.5	49	41	126	190	104	193	234	289.5	143	244	111	138.5	101.5	191	156.5	208.5	140	176.5	146	148.5	121	151.5	185.5	139.5	126	115
all_peaks_55093	chr16	81503408	81503909	99	103.5	104	112.5	114	93.5	210	67	108	38	171.5	145	107	125.5	168	135.5	130.5	97.5	156	163.5	66.5	21.5	92.5	11	55	14.5	69	6.5
all_peaks_55106	chr16	81557964	81558465	29	2	337.5	32.5	11.5	3.5	1.5	2	134.5	32.5	9.5	9.5	27.5	17.5	3.5	5.5	132.5	133.5	18	12.5	2.5	5	0.5	1.5	17.5	23	5	4.5
all_peaks_5511	chr1	66747922	66748423	102.5	76	58	52.5	70.5	179	104.5	202.5	60.5	116	61	172.5	65.5	73	92.5	147.5	81	84	104.5	105.5	125.5	174	197.5	189	39.5	137	156	198
all_peaks_55117	chr16	81649852	81650353	172	50	246	63	114.5	140.5	56	129.5	124.5	99	90	98	175.5	191.5	56	101	173.5	152.5	73.5	83	135.5	125.5	136	101.5	135	92	141	68
all_peaks_5522	chr1	66801683	66802184	281	265.5	314.5	331.5	187	89	132.5	299	115.5	99.5	123.5	165	134	194	91.5	257	84.5	113	89.5	222.5	169	212	175.5	136.5	128.5	161.5	121.5	159
all_peaks_55253	chr16	84150237	84150738	347.5	326	292.5	318	373	357.5	352.5	331.5	348	328	306	314	320	315.5	309.5	317.5	285	343	278	305	399	389.5	388	448.5	463.5	420.5	435.5	370
all_peaks_55283	chr16	84548450	84548951	262.5	296	293	300	316.5	293	383.5	265.5	441.5	231.5	404	385	296.5	423	306	300	369	366	332	348.5	308	160.5	358.5	192	300	141	357	158
all_peaks_55284	chr16	84552243	84552744	90	84	128.5	76	108.5	58	162	107.5	193.5	57	209	178	100.5	137	140	110	152.5	149	164.5	200.5	56	24	110.5	91.5	63	30	160.5	118
all_peaks_55300	chr16	84627745	84628246	172.5	73.5	343	123	241.5	183.5	150	59	338.5	203.5	192.5	242.5	239	235.5	135.5	128	316.5	362.5	196.5	181	263.5	36.5	142.5	44	343.5	94.5	228	105
all_peaks_55363	chr16	85088951	85089452	148.5	139.5	293.5	161.5	158.5	233.5	267.5	100.5	217	213	305	176.5	175	247	261.5	126	282	243	323	230.5	125	115	122.5	78	141.5	121	128.5	91
all_peaks_55369	chr16	85138342	85138843	34	55	100	61.5	28	5	150	20	45	16.5	154.5	29	49.5	42.5	132	29	98	59	146.5	92.5	12.5	5.5	17.5	6	27.5	3.5	34.5	6.5
all_peaks_55388	chr16	85339754	85340255	87	189.5	32.5	135	95.5	88	101	142	67.5	26.5	84.5	82	64.5	111	89.5	105.5	26	55.5	83.5	76.5	136.5	79	153.5	127.5	116	50	227.5	103.5
all_peaks_5540	chr1	66840323	66840824	42.5	29	33.5	31.5	37	100.5	26.5	191.5	30.5	124	24	61.5	37.5	41	39	62	47	55.5	45	29.5	35	158.5	68.5	138	22	168.5	31.5	187
all_peaks_55454	chr16	85768681	85769182	70	94	57	94	67	8	134.5	12.5	42	7.5	189.5	95	49	51.5	159.5	41.5	67.5	45	196.5	97.5	45	5	44	12	32.5	5.5	67.5	18.5
all_peaks_55568	chr16	87526481	87526982	273.5	222.5	255.5	240.5	264	173	272.5	225	135.5	109.5	172.5	129.5	259.5	214.5	277	246	232.5	154.5	226.5	156.5	254.5	229.5	288	297	198	204	243.5	279
all_peaks_55637	chr16	87929205	87929706	14	15	40	33	142.5	339.5	66.5	310	179	318.5	114.5	235	176.5	204	40.5	200.5	168	232	81.5	128.5	162.5	351.5	161.5	275.5	211.5	267	172.5	220.5
all_peaks_55697	chr16	88519214	88519715	325.5	319.5	294	295.5	299.5	282.5	299	280.5	238.5	293.5	278	226.5	359	376	341.5	379	341.5	382.5	351	377	367	399.5	367	361.5	365.5	409	337	384.5
all_peaks_55704	chr16	88537073	88537574	127.5	182	84.5	174	12	1	13.5	5	10.5	1.5	18	2	8	5.5	15.5	1.5	9.5	8	12	2	1	2	20.5	6.5	3	2.5	9.5	5
all_peaks_55744	chr16	88686241	88686742	218	16	472	118.5	98	39	24.5	6.5	137.5	85	68.5	32	121.5	129.5	35	31	195.5	138	120	94.5	63	27	16	6	86	51.5	49.5	26
all_peaks_55756	chr16	88717301	88717802	189.5	121.5	257.5	152.5	241	273.5	257.5	319.5	221.5	164.5	237.5	274	220	274	203	296	238	274	262	272	271	272	234	274.5	301.5	269	292.5	271.5
all_peaks_55771	chr16	88767241	88767742	299.5	260.5	330	278.5	303	280	309	343.5	329.5	257	317	281	299.5	332.5	290.5	352.5	324	314	285	352.5	204	178	225.5	186.5	240.5	212	274	190.5
all_peaks_55873	chr16	89086690	89087191	2.5	2.5	35	5.5	18.5	47	3	97	102	123.5	9.5	37.5	34.5	43	0	68	104	153	9.5	15	34	60.5	36	108	110.5	113.5	80	100
all_peaks_55874	chr16	89092464	89092965	16.5	4	121	14	45.5	84	17.5	176	133	167	33	74.5	68.5	108.5	17	104.5	156	227.5	34	67	29.5	124.5	69	141.5	129	172	83.5	124.5
all_peaks_55885	chr16	89163317	89163818	131.5	176.5	276.5	301.5	147.5	186	99.5	190	277	384	211.5	251	138	168.5	112	146	281	367	170	181	142.5	231	192.5	242.5	239	350	312	290.5
all_peaks_55889	chr16	89181651	89182152	572	458	391.5	541	194	142	245	227	222.5	84	187.5	93.5	257.5	267.5	256.5	204	214.5	204	207.5	153.5	214	86	265.5	128.5	143.5	57	173	57.5
all_peaks_55904	chr16	89237767	89238268	157.5	147.5	129	152.5	133.5	120.5	94.5	137	137	92.5	68	76	185	162.5	133.5	182.5	116	136.5	98.5	105.5	236	244	197.5	201	203.5	140.5	191	154.5
all_peaks_5594	chr1	67628585	67629086	6.5	2.5	18.5	2.5	31.5	159.5	10.5	109	72.5	167	24	118.5	42	53.5	12.5	62.5	36	117.5	17.5	25	76.5	106	70.5	139	109.5	181	184	172
all_peaks_55956	chr16	89427359	89427860	139	139.5	188.5	189	139	166	211.5	211	166.5	157	271	259.5	129	156	177	203.5	198	178	226.5	234.5	138	95	129.5	71	143.5	109	127	95
all_peaks_55971	chr16	89475521	89476022	147	88	318	154	51.5	19.5	42	38	26.5	22.5	49	8.5	43.5	40	43.5	33.5	70	36.5	49	37	28.5	23.5	79.5	32	6	48	54.5	51.5
all_peaks_56047	chr16	89768262	89768763	298	343	285	307.5	280	232	341	209.5	282	223	343.5	207	296	324	366	274	287.5	298	341	297	367.5	308	329	292.5	401	360.5	315.5	262
all_peaks_56054	chr16	89789976	89790477	178.5	160	308	207	263.5	216	280.5	92.5	329.5	156.5	334.5	255.5	236	308.5	282	240	328	299.5	323	292.5	201.5	45	173	27.5	220.5	71	176.5	76.5
all_peaks_56095	chr16	89984217	89984718	97.5	68	151.5	95	153.5	183.5	204.5	220.5	188.5	122	226.5	223	148.5	191	187.5	224.5	218.5	212	183	190	156	105.5	91	81	179.5	119.5	151.5	87.5
all_peaks_56120	chr16	90143561	90144062	216.5	221	182.5	220	180	260	220.5	335.5	198	225	150	186	206.5	231	197.5	270.5	173	197	125	187.5	256.5	320.5	227	247	224	238.5	221	271
all_peaks_56143	chr17	260658	261159	121	125.5	260	183	66.5	20.5	146	23.5	59.5	41	144	108.5	53.5	32.5	174.5	42.5	85.5	43	184.5	84.5	59.5	31.5	87	47	49	26	67.5	52.5
all_peaks_5615	chr1	67740251	67740752	13.5	17.5	67	46	16	72	75	128.5	34.5	120	91	78.5	33	15	66	26.5	55	80	100	49	57.5	123	129.5	209	44.5	191.5	193	173
all_peaks_5620	chr1	67769596	67770097	5	2	6	2.5	25.5	71.5	34.5	146.5	69	138.5	27.5	60.5	39.5	76.5	18.5	82	54	78	23	58	53.5	196	99	118.5	66.5	174.5	89.5	159
all_peaks_56218	chr17	1101238	1101739	34.5	28.5	122	69.5	47.5	19.5	101	20.5	161.5	61.5	189.5	106	64.5	85.5	91.5	48.5	149.5	134.5	174	180.5	57.5	8	44.5	12	95	38	93.5	35
all_peaks_56233	chr17	1197413	1197914	141.5	131	178.5	165.5	112.5	40.5	164	23.5	126.5	35.5	173.5	104	117	125.5	147	64.5	153.5	114	178.5	170	106.5	18	72	20	104	36.5	108	42
all_peaks_56275	chr17	1510563	1511064	6.5	2	36.5	19.5	4	32	2.5	23	13	144	6	20	1.5	11	0	9.5	25.5	43	7	18.5	1.5	58.5	2	44.5	20.5	187.5	14.5	154
all_peaks_56292	chr17	1619522	1620023	625.5	576	596.5	617.5	560.5	431.5	553.5	576	566	528.5	537.5	509	636	631.5	621.5	567.5	665.5	593.5	618	554.5	652.5	678	593	635.5	688	617	599	689.5
all_peaks_56306	chr17	1667460	1667961	139	160	93.5	125.5	234	70	303	31	108.5	16.5	251	121	254	226.5	283.5	174.5	225.5	131	270	213	160.5	7.5	98.5	14	78.5	6.5	42.5	9.5
all_peaks_5631	chr1	67798587	67799088	38.5	15	148.5	34.5	71.5	286	79	369	162	320.5	113.5	237.5	128.5	112	54.5	155.5	156	217	104.5	119.5	156.5	307.5	211.5	309.5	192	293.5	288.5	297
all_peaks_56310	chr17	1726732	1727233	129.5	105	256	192.5	213	136.5	166.5	94.5	200	120	278	206	258.5	187	161	150.5	296.5	193.5	299.5	275	200.5	88.5	101	58	230.5	110	158	100.5
all_peaks_56343	chr17	1973683	1974184	18.5	5	30.5	3.5	140	295	43	164	163	232.5	80.5	116.5	105	196.5	18.5	133	120.5	207.5	35.5	84	272	235.5	128	184	278.5	210.5	184	148
all_peaks_56394	chr17	2299984	2300485	41	51.5	19	45	52.5	61	48.5	245.5	45	60	56	123.5	50	38	34.5	149.5	15	28.5	53.5	72.5	51	54.5	141	129.5	57.5	13.5	130	161
all_peaks_56443	chr17	2699372	2699873	215	134	227.5	124.5	209.5	154.5	214	62	107	42.5	241.5	127.5	178	245	236	186.5	158	153	206	180	121.5	15.5	95.5	18.5	68.5	18.5	47.5	18
all_peaks_56447	chr17	2718222	2718723	342	232	298.5	236	233.5	157.5	264.5	41.5	220.5	46	292	137	291.5	285	276	197	249	209.5	292	207.5	231.5	30.5	176	26.5	164	22	140.5	39
all_peaks_56463	chr17	2952047	2952548	326	369.5	246	255	362	274	368	311	189	228.5	248	214.5	302.5	245.5	398	233	198	205.5	288	139.5	367	263	324.5	317	253	265	251.5	282.5
all_peaks_56497	chr17	3614185	3614686	161	141.5	272	151.5	215	321	296	383.5	297	265.5	262.5	310.5	218.5	267	264	432	287.5	296.5	270.5	292	330.5	356	364	367	255.5	280.5	279	223.5
all_peaks_56507	chr17	3666599	3667100	13.5	2	148	30	98.5	180	48	190.5	168	196.5	88.5	190	129.5	174	28	142.5	149.5	209	65.5	105.5	93	162	78.5	110	138.5	153.5	186	184
all_peaks_56515	chr17	3699710	3700211	31.5	5	241.5	62.5	107.5	178	34	55	343	308	230	252.5	98.5	116	18.5	38.5	258	280	165.5	104.5	67.5	39.5	39.5	22	187	105.5	145.5	102.5
all_peaks_56537	chr17	3814482	3814983	81	136	146.5	137.5	18.5	17	56	140	29	15.5	67	83.5	21	23.5	70.5	90.5	32	26	53	39.5	68	57	268	196	51	44.5	155.5	150
all_peaks_5659	chr1	68150571	68151072	324	334.5	414.5	371	428	464.5	391.5	521	386.5	441	449.5	477	374.5	407	366	506.5	381.5	409	361	402	332.5	394	380	387	351.5	396	414.5	427
all_peaks_56612	chr17	4384378	4384879	23	26.5	26.5	41.5	30	20	93.5	30.5	51	37.5	178	114	22.5	44	68.5	49	81.5	69	154	148	27	7	37	9	20	16.5	43	24.5
all_peaks_56654	chr17	4618256	4618757	76	60.5	115.5	101	81.5	38	111.5	57.5	100	32	191.5	108.5	73	67	99	79.5	129	108.5	182	155.5	19	6.5	28.5	11.5	31.5	12.5	42	19.5
all_peaks_56684	chr17	4802493	4802994	226	173	206	262.5	76	62	80.5	42	59.5	64	54.5	36	92	79	63.5	49	79.5	64	63	57.5	98.5	128	127.5	147	104	138.5	128	119
all_peaks_56690	chr17	4843295	4843796	363.5	351.5	298	319	374	298.5	367	328	399	410.5	353.5	377.5	418	407.5	381.5	357.5	384	367	388.5	359	485.5	428.5	447	394.5	454.5	475.5	453.5	429.5
all_peaks_56695	chr17	4870491	4870992	510.5	608.5	642.5	655.5	480	469	585.5	545	428.5	473	669	529	525	522.5	624.5	610.5	597	498	645	583	337.5	378.5	389.5	421.5	326	398.5	386	368.5
all_peaks_56753	chr17	5430068	5430569	6	5.5	1	4.5	5.5	38.5	2	63.5	4.5	99.5	6.5	12.5	9.5	15	5.5	32.5	8.5	19.5	4	12	3.5	107.5	45.5	152	7.5	131.5	37	149
all_peaks_56757	chr17	5487650	5488151	366	329.5	274	329.5	319.5	209	352	237.5	181.5	149.5	322.5	268	301.5	315.5	334	239.5	259.5	220	280.5	273	300.5	201.5	263.5	213.5	249	156.5	251.5	198
all_peaks_568	chr1	3703860	3704361	24.5	3	97	5	22.5	49.5	4.5	25.5	99	160	23	100.5	32	16	2	15.5	50.5	72.5	16.5	26	39	86.5	21	52	137.5	130.5	125.5	84.5
all_peaks_56852	chr17	7108384	7108885	289.5	185.5	239.5	244.5	115.5	117	125.5	187.5	132.5	127	179.5	143.5	142	218	162.5	232	239	208.5	253	242	263	236.5	251	248	280	271.5	293	350
all_peaks_56854	chr17	7117581	7118082	284	304	221.5	287	283	258	266.5	289.5	303.5	296.5	276.5	290	348.5	410.5	295	350	297.5	339.5	349.5	314.5	426.5	413.5	385.5	309.5	407.5	391.5	369	377.5
all_peaks_56884	chr17	7232504	7233005	94.5	106	89.5	102	160	146	105	96.5	201.5	217	159.5	165.5	143	136.5	133	123.5	170	236	151.5	160.5	184.5	161	92.5	143.5	262.5	271	176.5	225
all_peaks_56897	chr17	7287266	7287767	212.5	255.5	191	242.5	183	148.5	178.5	102	150	99.5	200.5	101.5	147	157	203.5	114	144.5	124.5	157.5	154	215.5	117	179.5	133.5	132.5	101	162.5	71.5
all_peaks_56919	chr17	7358601	7359102	204	243.5	141	219.5	114.5	92	207	133	120.5	91.5	251	170	156	150.5	213	141.5	143.5	110.5	223.5	200.5	122.5	117	133	116	123	97.5	172.5	119
all_peaks_56943	chr17	7455972	7456473	43	98	29	81	86	94.5	190	137	110	48	186	127.5	89	111.5	184.5	177.5	61.5	66	152	210	55	35.5	90	27.5	29	23	55	19.5
all_peaks_56947	chr17	7475630	7476131	714	733	714	693	699.5	674	634	635.5	571.5	610	646.5	572	627.5	694	643.5	660.5	632	683.5	647.5	642	746.5	709.5	694.5	713.5	670.5	697.5	725.5	681.5
all_peaks_56948	chr17	7482631	7483132	55	30	57.5	57.5	75.5	123	51	212	104.5	142	69.5	130	67.5	81	39.5	102.5	38	78.5	35.5	87	52.5	149	91	120	82.5	161	89	146
all_peaks_56956	chr17	7518204	7518705	347	388	332	392	445.5	385	405.5	450.5	409.5	506	392.5	389	474.5	442	471.5	450	434.5	480	464	425	497	573.5	462	564.5	413	590.5	487.5	589
all_peaks_57030	chr17	8054393	8054894	235	184	237.5	231.5	93	85.5	62.5	46.5	89.5	96	69	52.5	82.5	93.5	63.5	63.5	96	95.5	72.5	87.5	84	73	118	67	91	84.5	119.5	68
all_peaks_57031	chr17	8059545	8060046	684.5	744	721.5	668	548	512	611	477	640.5	485.5	603.5	498	596	613	645.5	573	625	593.5	658	622	594.5	553	620.5	603.5	578.5	560	599	505.5
all_peaks_57035	chr17	8076573	8077074	266.5	320	233.5	289	194.5	158.5	131	103	211.5	157.5	138	167	205.5	166.5	160	151.5	172.5	171	140.5	127	188	169	167	150.5	161.5	137.5	148	123.5
all_peaks_57083	chr17	8534056	8534557	189.5	240.5	132	204	247.5	367.5	298.5	435.5	182	251	210.5	263.5	226.5	297.5	266	317.5	121.5	232.5	190.5	195	320	306	430	408.5	214.5	259	308.5	303
all_peaks_57113	chr17	8802254	8802755	397.5	266	406.5	354	160	97.5	218	149.5	227.5	123.5	294	282	166	172.5	295	201.5	247.5	189.5	314.5	312.5	168.5	92.5	141.5	114.5	171	113.5	178.5	139.5
all_peaks_57128	chr17	8857585	8858086	137.5	180.5	114	166	78.5	19	90.5	31	40.5	9	105.5	44	102	46.5	118.5	44	80.5	36	107	90.5	65.5	22	69.5	44.5	44.5	20.5	44.5	33
all_peaks_57198	chr17	10018409	10018910	57	43.5	260	94	16.5	5	24.5	5	41.5	18.5	55	23.5	34.5	12.5	27.5	10	67.5	52	59	23.5	13.5	3	35	14.5	42.5	32.5	33	40.5
all_peaks_57253	chr17	12921160	12921661	324	370.5	333.5	326	314	284	331.5	289	275	266	332	259.5	345	331.5	360.5	306	325.5	278.5	340	296	238.5	227	279.5	247	230.5	202.5	235	242
all_peaks_57292	chr17	14104859	14105360	123.5	188	81.5	172	101.5	51.5	160.5	47	69	41	136.5	63.5	132	116	189	95.5	125	80	168	143	75	35.5	86.5	33	36.5	25.5	49	25
all_peaks_57300	chr17	14204024	14204525	532.5	618.5	529.5	593	514.5	501	597.5	549.5	430	434	563	585	492.5	529.5	534	568.5	482	474	498.5	550.5	485.5	538.5	511.5	483	498	448	532	508
all_peaks_57303	chr17	14212565	14213066	204	189.5	127.5	142	173.5	182.5	156.5	232	102	102	136.5	145.5	169	190.5	155.5	183	102	116.5	131	111.5	241.5	221	242.5	233	185.5	166	274	259.5
all_peaks_57314	chr17	14331475	14331976	104.5	144.5	130	151	88	14	158.5	70.5	124	23.5	158	76.5	134.5	115.5	213	94.5	184	80.5	207.5	165.5	65	20.5	75.5	52	36	26.5	61	40
all_peaks_57373	chr17	15931352	15931853	19	9	14	7	72.5	132	42.5	129	61.5	83.5	38.5	56.5	89.5	62.5	26	74	29	57.5	20.5	27.5	125.5	137.5	108.5	151.5	88	111	132	118
all_peaks_57382	chr17	16132801	16133302	16.5	2.5	14.5	2	45	121	12.5	159.5	42.5	107.5	12	77	46	47	9	37	26	67	9	14.5	72	196.5	62	147.5	74	194	58	182
all_peaks_57421	chr17	16487391	16487892	197.5	257.5	152	215	62	29.5	89	37.5	66	28.5	59.5	40.5	29.5	48	99.5	57.5	33.5	34	68	47	80	41	140	78.5	58.5	33	126.5	71.5
all_peaks_57479	chr17	17085301	17085802	105.5	123	54	153	68.5	26.5	161	24	47.5	15	168	96.5	50.5	21	153.5	70.5	71.5	30	158.5	156	21.5	10	47.5	19.5	44	13.5	37.5	4.5
all_peaks_57518	chr17	17387762	17388263	7	2	5	4.5	2.5	51	2	21.5	18	84.5	5.5	28.5	8	13	3.5	11	14.5	48	7	8.5	15	137.5	12	67	31	161	59	136.5
all_peaks_57586	chr17	17722938	17723439	12	11.5	11.5	21	29	88.5	18	185	22.5	62.5	28	40	18	43.5	18	42	20.5	43	26	25.5	38	123.5	31	203.5	10.5	116.5	70.5	176.5
all_peaks_57598	chr17	17752315	17752816	166.5	199	211.5	191	211.5	207.5	233	194.5	172	137	255.5	238	256.5	252.5	257	225.5	268	232.5	290	252	191	125	170	100	163.5	91	176.5	99.5
all_peaks_57601	chr17	17757087	17757588	4.5	4	4.5	3.5	34	200	14	186	49.5	133.5	15	94	37.5	44	10	67	30	81	7.5	30.5	75	132.5	112	167.5	90.5	140.5	124.5	120
all_peaks_57623	chr17	17942352	17942853	429	415.5	353	368.5	329	309	386.5	346	296.5	253	366	307	384.5	410.5	422	410	407.5	379.5	430	432.5	403	380	413.5	347.5	413	404.5	383	399
all_peaks_57678	chr17	18218204	18218705	407.5	429.5	376.5	364	291	226	345	202.5	287	289	364.5	287	348.5	319	357.5	335	332	286	364	347	244	218	251	246	263.5	208	275	229.5
all_peaks_57715	chr17	18804146	18804647	85.5	87	104.5	98	77.5	160	122.5	266	119	120.5	154	205.5	94	121.5	158	179.5	120.5	126.5	147	135	64.5	85	102	109	52.5	78	124.5	117
all_peaks_57764	chr17	19281419	19281920	337.5	301.5	360.5	312.5	468	501.5	470.5	509	474	485.5	508.5	410.5	450.5	526.5	470	551.5	472	499	467.5	481	471	544	480.5	565	531.5	617	530	540.5
all_peaks_57788	chr17	19675337	19675838	177	208	81	214.5	10	3.5	67	12.5	19	6.5	33	11.5	15.5	8	91.5	20	7	1.5	40	18.5	23.5	3.5	27	20.5	8	3	10.5	13.5
all_peaks_57796	chr17	19779849	19780350	70	74	67.5	133	70.5	19	146	13.5	92	16	211	122.5	58.5	58	118	57	104.5	61.5	225	141.5	13	4	9.5	3.5	13	3	18.5	4
all_peaks_57819	chr17	20137511	20138012	54.5	94.5	24.5	79.5	67.5	208	95.5	201.5	91.5	101.5	141.5	129	52.5	71.5	79.5	81	47.5	83.5	117.5	72	136	167.5	139	206.5	140	144	185.5	167
all_peaks_57903	chr17	21187635	21188136	266	278	327.5	262.5	316	421	341	410	399.5	293.5	339.5	317.5	323	383.5	339.5	358.5	345.5	368	326	352	391.5	404.5	370.5	459	350	399	399.5	432
all_peaks_57945	chr17	21322941	21323442	81.5	165.5	29.5	252.5	5	0.5	14.5	3.5	8	6	19	6	4	4.5	20	1.5	7.5	5	35.5	13.5	3	1.5	18.5	5.5	11.5	3.5	12.5	13
all_peaks_57966	chr17	22020483	22020984	53	79.5	39.5	55.5	881.5	520.5	362	391.5	891.5	901	466	722.5	584	172	252.5	238.5	317	226	226	160	120.5	173.5	71	124	185.5	152.5	89.5	232.5
all_peaks_57979	chr17	25546024	25546525	9	2	30.5	4.5	44	157.5	1	5	72.5	90.5	1	7.5	48.5	66	0	11	39.5	73.5	2	2.5	91.5	133	4	4	134.5	140	6	11.5
all_peaks_57987	chr17	25659752	25660253	109	69.5	144.5	81	115	228	119.5	222	127.5	191.5	117	136	118	143.5	89.5	173	111.5	151.5	96	97.5	168.5	240.5	163.5	231	178	267.5	183.5	220.5
all_peaks_58000	chr17	25793649	25794150	33.5	7	31.5	6.5	60.5	96.5	49.5	190	50	95	57.5	103	50	59	43.5	90	52.5	105.5	53.5	50.5	100.5	104	133.5	173	120	117	138.5	133.5
all_peaks_58003	chr17	25800508	25801009	47.5	6.5	76	29.5	56.5	66.5	73.5	194	88.5	152	75	152	57	54.5	67.5	142.5	57	94.5	95.5	103	45.5	118.5	138.5	189	32.5	115	129	163
all_peaks_58018	chr17	25871317	25871818	18.5	9	35	13.5	83.5	281.5	55	320.5	165.5	347	55.5	246.5	63.5	116	30	237	60.5	224	42.5	112	110.5	203	132.5	239	191	229	158	215
all_peaks_58068	chr17	26384804	26385305	13.5	3.5	6.5	3.5	32	92.5	6.5	104	10	37	1.5	34	32	34.5	6	45	11.5	27.5	3.5	9	149.5	138.5	61	167	100	89	38	146.5
all_peaks_58091	chr17	26662388	26662889	622	590	609	619	491	497.5	570	551	437.5	476.5	540	499.5	576.5	590.5	592	587	638.5	575.5	606.5	615.5	536	505.5	527	618	523.5	598	561.5	627.5
all_peaks_581	chr1	3817089	3817590	649	681.5	672.5	727	448.5	351	554.5	348.5	443	387	559	454	404.5	482.5	515	429.5	550	444.5	604	606.5	485.5	373.5	383.5	318.5	469.5	368.5	448.5	311
all_peaks_58144	chr17	27055003	27055504	177	136.5	166	125.5	82	129.5	98	168	83.5	143.5	73.5	131.5	102	55.5	116	114.5	67	63	105.5	96.5	139	206.5	208	246	98	164.5	184.5	231
all_peaks_58175	chr17	27253033	27253534	233	139	234.5	158	53	49	57.5	56.5	64	43	63	45.5	96.5	115.5	82.5	67.5	125.5	79	71	76	71.5	40	105.5	63.5	36	48.5	79	38.5
all_peaks_58181	chr17	27278492	27278993	316.5	343.5	269	319	425.5	326.5	332	386.5	383.5	401	305	323.5	408.5	385	394.5	378.5	357.5	380.5	378.5	404	455	468	473	494	416.5	489.5	394	409
all_peaks_58182	chr17	27279261	27279762	545	551.5	534.5	508.5	336	349.5	440.5	398.5	398	347.5	412	351	505.5	458	489.5	456	475	396	462.5	458	423.5	387.5	404.5	385	334.5	382	369.5	351
all_peaks_582	chr1	3817723	3818224	60.5	41.5	89.5	56	122	184.5	87.5	158.5	182.5	194.5	70.5	122.5	120.5	172	85.5	175.5	156	182.5	91	157	152	215	163.5	187.5	172	251.5	169.5	232
all_peaks_58211	chr17	27466904	27467405	90.5	80	168.5	100.5	233	212.5	152.5	213.5	212.5	201.5	252.5	307	231.5	200	108.5	194.5	277	239.5	185.5	272.5	121.5	137	95.5	123	171	205	187.5	226.5
all_peaks_58235	chr17	27621005	27621506	408	486	471.5	442	316	277.5	343.5	321	327.5	379.5	356	302.5	365.5	369	364	376.5	350.5	309.5	377	350.5	376.5	374.5	414.5	328.5	335	356.5	326.5	312
all_peaks_58268	chr17	27941979	27942480	110	78.5	149.5	101.5	195.5	113.5	183	26	172	131	264	121.5	206.5	196	161	87.5	228	202.5	255.5	182.5	134	26	74	23.5	97.5	51	107.5	30.5
all_peaks_58324	chr17	28659146	28659647	139	152.5	125	153.5	45	157.5	83	198	92	147.5	66.5	99.5	87	64	105.5	111.5	73.5	59.5	66.5	78.5	108	269	132.5	294.5	89	179.5	113	180
all_peaks_58328	chr17	28690794	28691295	92	50	330.5	77	109.5	79	63	201.5	165	265.5	112.5	157.5	169.5	85.5	65.5	156	284.5	243	105	130.5	54	112	37.5	170.5	148.5	225.5	78	214
all_peaks_58410	chr17	29814572	29815073	411.5	381	364.5	380	319.5	154.5	322	120.5	221.5	85	273	127.5	326.5	253	325	151.5	266.5	188.5	313.5	231.5	271	165	291.5	206.5	265.5	159	273.5	191
all_peaks_58416	chr17	29835650	29836151	216.5	286.5	366.5	350.5	213.5	184	224	91.5	204.5	129.5	284	151	240.5	227	268	136	274.5	225	306.5	190	242.5	125.5	158	63.5	184.5	72	140.5	56.5
all_peaks_58500	chr17	30830412	30830913	114.5	201	99	147	131.5	96.5	177	115.5	88	33.5	141.5	104	117.5	121.5	196.5	84.5	111	94	174	135	112.5	53	130.5	51	86	36.5	89	35.5
all_peaks_58529	chr17	31149416	31149917	126	203	101.5	177.5	1112	1045.5	535.5	818	993.5	1112	628.5	1031	1018	345.5	260	499.5	517.5	681.5	223	284.5	403	648	693.5	1009	830.5	1055	891.5	1027.5
all_peaks_58622	chr17	33390453	33390954	139	123.5	128.5	106.5	139.5	290.5	150.5	272.5	245.5	297.5	159	258.5	187	195.5	173.5	244.5	165.5	201	148	202.5	215.5	249.5	209.5	200	195	208.5	191.5	148.5
all_peaks_58641	chr17	33477941	33478442	90.5	153	99	140	886.5	881.5	458.5	598.5	901.5	950	469	828.5	760.5	321.5	212.5	357	429.5	459.5	247	310	419	624.5	521	869.5	616	813	563	967
all_peaks_58653	chr17	33541233	33541734	261.5	226	259.5	292.5	180.5	159.5	231	105	193	127.5	255	194	208.5	213.5	267.5	171	225.5	167	251.5	211.5	153.5	75.5	184.5	51	138	70.5	158	57.5
all_peaks_58660	chr17	33569742	33570243	200	243.5	206	214.5	168.5	167	222.5	97.5	182.5	116	198.5	157.5	294.5	226	254	186.5	222.5	179	245.5	187	176	139.5	182.5	129	143.5	130	166	167.5
all_peaks_58667	chr17	33640031	33640532	327.5	348	560	535	268.5	133.5	253.5	84	285	189.5	433.5	355.5	278	273	276.5	214	445	355.5	399.5	402	246.5	47.5	225	58	342	153	311.5	202.5
all_peaks_58719	chr17	34091076	34091577	139.5	135	144.5	157	165	263	133.5	179	243	295	191	213	132	160.5	119	201	155	223	183	220	219.5	202	165.5	145.5	276.5	262.5	204.5	183.5
all_peaks_58737	chr17	34207129	34207630	11	3.5	150	22	42	104	52.5	233.5	195	194.5	113	171	74	56	31.5	111.5	220.5	165	136	109	56	155	93	174.5	127.5	217.5	147	172.5
all_peaks_58739	chr17	34217664	34218165	27	0.5	163.5	26.5	45	10.5	77	37	110.5	33.5	207.5	103.5	106.5	52.5	90	79	298	165	277	147.5	21.5	2	21	18	70	22.5	31.5	45
all_peaks_58741	chr17	34223228	34223729	10	2	97.5	19	9	22.5	18	44	118.5	127	125.5	128	25.5	22	18	38.5	138.5	120	95	105	4.5	10	5.5	13.5	41.5	83.5	18	49.5
all_peaks_58757	chr17	34393858	34394359	10.5	5	192.5	34	17.5	46.5	2	10	109	177	17	51.5	58	84	2	22	249.5	244.5	27	93	13	53	2.5	7	91.5	143	26	66.5
all_peaks_58760	chr17	34399804	34400305	6.5	3	36.5	16.5	7	56.5	2.5	10.5	84	202	15	37	21	44.5	4.5	19	81	100	12	44	16.5	39.5	4	11	29.5	145	11.5	28.5
all_peaks_58763	chr17	34409930	34410431	16	2.5	152.5	29	25	33.5	10.5	36	78	151.5	61.5	52.5	32	57.5	11.5	29	167.5	132.5	46	76.5	21.5	55	16	28.5	87	102.5	35.5	84
all_peaks_58766	chr17	34417445	34417946	3	0.5	31	14	16.5	159.5	5.5	125.5	100.5	394	12.5	73.5	35	44	0	42.5	90.5	145	14.5	43	22	183.5	18.5	62.5	85.5	224	48.5	125.5
all_peaks_58767	chr17	34419535	34420036	1	0.5	14	4	7	63.5	7	75.5	49.5	165.5	1.5	48	38.5	60.5	3.5	47	51	77	8.5	44.5	16.5	141.5	5.5	76	44	153.5	8	80
all_peaks_58834	chr17	35446842	35447343	69	29	133	61.5	145	75.5	116	76	104.5	34.5	112.5	79.5	170	150.5	102.5	96.5	178	153	117	132.5	80	22.5	60.5	17	82.5	25	79.5	23
all_peaks_58844	chr17	35715978	35716479	212.5	211.5	264.5	241	254	391	214.5	378	242	262	224.5	284	247	232.5	194.5	290.5	249.5	388.5	224	252	350	385.5	306.5	373	342.5	378	339.5	467
all_peaks_58890	chr17	36134502	36135003	14.5	0.5	16	2.5	22	55.5	70.5	244	24.5	17.5	47.5	140.5	33.5	37	59.5	121.5	23	23.5	36	89.5	37.5	45	84	125.5	9	35.5	56	128
all_peaks_58969	chr17	36857670	36858171	68.5	47.5	66.5	65.5	86.5	120.5	40	239.5	63	183	35.5	105	68.5	65.5	41	111.5	92	123	39.5	73.5	74.5	254	104.5	253	71.5	295	82.5	290.5
all_peaks_59034	chr17	37252930	37253431	85.5	104	122	121	111	23.5	90.5	15.5	123	8.5	108.5	55.5	107.5	88.5	130.5	41	157.5	75.5	113.5	84	58	3	42	7	56.5	3.5	26	2
all_peaks_59061	chr17	37394719	37395220	207.5	197	244.5	280	105.5	66.5	56	21.5	144.5	81.5	102.5	47.5	135	115	71	53	174.5	170.5	106	97	110.5	43	42	23	124.5	93.5	39.5	19.5
all_peaks_59083	chr17	37778507	37779008	27.5	15	38.5	17	34	111.5	7.5	18	41.5	103	5.5	15.5	56	60.5	11	15	52	75.5	10.5	10	119.5	194	28.5	48.5	189	214	29.5	99.5
all_peaks_59115	chr17	37914300	37914801	17	10	85	22.5	75.5	134.5	21	27.5	164	263	53.5	107.5	49.5	92.5	12.5	47.5	97.5	202	27.5	88.5	45.5	44.5	16	20.5	110	85.5	51	57
all_peaks_59119	chr17	37926109	37926610	85	64	110	62.5	122.5	250.5	50	137.5	147.5	218	46	135	178	162	41	107	91	172.5	48	53	246	217	123.5	163.5	211.5	201.5	143	144
all_peaks_59134	chr17	37969900	37970401	146	106	229	166.5	103	121	80.5	24	105	75.5	74.5	95.5	131	116	99	30.5	157	109	117.5	81	106.5	97.5	50.5	26	97.5	47.5	56.5	26.5
all_peaks_59147	chr17	38023269	38023770	44	10	61.5	14.5	86	266	11	192	73	306	13	97	78.5	67.5	4	47	69	111	8.5	37.5	158	300	44	178.5	154	263	51	157
all_peaks_59190	chr17	38252271	38252772	431.5	322.5	505.5	360	412	503	486	477.5	353	389.5	513	500.5	448.5	436.5	537	452	491.5	404	548	580	330.5	346	315.5	376	290	318.5	362.5	303.5
all_peaks_59191	chr17	38255303	38255804	376	323	387.5	325	298.5	294.5	210.5	266.5	264	234	228.5	180	323	283.5	229	266	226	225.5	269	260	332.5	358	290.5	269	277.5	351	280.5	295
all_peaks_59196	chr17	38264357	38264858	201.5	218	156.5	203.5	131	68	147.5	34.5	70.5	35	119	58	155.5	112.5	156.5	78.5	119.5	65	137.5	96.5	100	39	95	50.5	46	23.5	54.5	52.5
all_peaks_59277	chr17	38636647	38637148	385.5	332.5	433	255	181	107.5	304.5	155.5	256	86.5	342	206.5	265.5	278	264	227.5	355.5	209	283	292.5	233	77.5	216.5	97	196	144	215	154.5
all_peaks_59284	chr17	38672965	38673466	140.5	125.5	149	118.5	200	132.5	176	142.5	239.5	85	189.5	201.5	201	252	147	217.5	158.5	155.5	138.5	230.5	76.5	30	102	43.5	96	45	91.5	58.5
all_peaks_59297	chr17	38703651	38704152	81	141	90.5	161	44	21	107	9	49.5	30.5	189	45	30	38.5	100	23	92.5	50	203	91	57	7	30	9.5	82	30	52.5	30.5
all_peaks_59301	chr17	38721468	38721969	154.5	124.5	149.5	171.5	48.5	43	125	56.5	46.5	83	156	76.5	19.5	32.5	110	47.5	65	54	151	124.5	45.5	36	52	52.5	76.5	88	73.5	90.5
all_peaks_59305	chr17	38738494	38738995	97.5	146	63.5	145	66.5	34	156	57	13.5	15	144	36.5	46	49	171	81.5	44	29.5	159.5	83	38	8.5	37	25.5	22	10.5	36	49
all_peaks_59310	chr17	38759029	38759530	96.5	170.5	60.5	207	61.5	32.5	174	99	33.5	45	211	80.5	40.5	26.5	221	115.5	49	31.5	233.5	215.5	42.5	25	71.5	90	32.5	34.5	79	67.5
all_peaks_59314	chr17	38764304	38764805	142.5	150	192	139	30	32	65	33.5	88	80.5	99	39	54	49.5	83.5	31	101	59	92	46	139.5	93	100	184.5	136	162.5	113	162
all_peaks_59344	chr17	39464611	39465112	300.5	316	437.5	394.5	425.5	186.5	368	52.5	393	84	425	160.5	393.5	407.5	346.5	175.5	583.5	491	434	345	274	44.5	101.5	22.5	224.5	32	71	21
all_peaks_59352	chr17	39495194	39495695	224	148.5	194.5	164.5	22	10.5	38.5	43	28	17	31.5	29.5	26	35	71	71.5	99	39.5	137	69	39	25	33	52	58.5	31.5	31.5	26.5
all_peaks_59375	chr17	39835297	39835798	148	115	131	90	216.5	158.5	235	200.5	216	152.5	195.5	162	190	251	217	276.5	167	165.5	194	281.5	162	152.5	155.5	114	119.5	117	143.5	116
all_peaks_5940	chr1	83974003	83974504	88.5	171	18	125	95.5	27.5	182	48	52	26.5	134.5	65.5	75	77.5	186	107	34	31.5	162	147	42	24	75.5	35	10	16	63	34
all_peaks_59402	chr17	40075128	40075629	236.5	222.5	242.5	224.5	325	337	315	317.5	301.5	274.5	290	265	285	338.5	297	316	355	365.5	330.5	350.5	337.5	364.5	349.5	330	322.5	403.5	369	357
all_peaks_59433	chr17	40264536	40265037	214.5	236	211	210	225	230	274	265	192	96	263	259	244	228	261	225	212	184	227.5	228.5	271	207	236.5	197	173.5	126.5	165	131.5
all_peaks_59441	chr17	40306890	40307391	336	344	319	316	326	380.5	358	434.5	321.5	334	380.5	336	379.5	440	410.5	406	410	429	387.5	413	398	475.5	407.5	437	433	395.5	447.5	441.5
all_peaks_59460	chr17	40400544	40401045	163.5	246	146.5	204.5	87	78	112.5	69	75.5	59	106	79	141.5	125.5	142.5	114	107	104	126.5	81	148.5	92.5	120.5	62.5	110.5	56.5	101	62.5
all_peaks_59496	chr17	40540925	40541426	311.5	278	214	312	101.5	101.5	59	181.5	86.5	103	54	53.5	140.5	157	79	127	80	128	61	71.5	137	195.5	212.5	223.5	135	193	167.5	168.5
all_peaks_59514	chr17	40636379	40636880	97	47.5	212	79	87	30	159	40.5	107.5	59.5	131.5	120.5	83	77.5	139.5	103.5	132.5	90.5	127.5	95	42	10.5	82	30.5	40.5	31	62.5	33.5
all_peaks_59545	chr17	40828927	40829428	168.5	135.5	141	131	214	199.5	187.5	236	211	161.5	156	128.5	239	241.5	252	278	182.5	192.5	191	206	300.5	293.5	300	227	247	245	286	245.5
all_peaks_59551	chr17	40856740	40857241	8	2	1	4.5	34	171.5	1	106	88	91.5	13	140	87.5	38	4.5	46.5	44	98	13.5	30.5	57.5	131	24	84	78	96	89.5	65
all_peaks_59592	chr17	41381680	41382181	19.5	27	15	30	123.5	74	30.5	37	169.5	181.5	27.5	52.5	55	14.5	7.5	27.5	22	16	9	10	77.5	64.5	126	111.5	201.5	77.5	177	162.5
all_peaks_59596	chr17	41400612	41401113	43.5	71	31	47.5	265.5	300	78	166.5	289	493.5	84	148	208	192	63	87.5	54	80	41	31.5	185	304	277	272.5	337	171	313	298.5
all_peaks_59599	chr17	41419130	41419631	3	0.5	1	1	6.5	149	4	223.5	14.5	169.5	1.5	53.5	19.5	46	4	44	11.5	38.5	4	9	62	340.5	45.5	348	32.5	321.5	47	305
all_peaks_59601	chr17	41429102	41429603	3.5	2	3	1	16	92	2	13	9	63.5	6	8.5	28.5	40	0	6.5	3	10.5	1.5	2.5	42	237	2.5	41	20	129	2.5	50
all_peaks_59603	chr17	41438239	41438740	504	578.5	485	516.5	391	434	378.5	316	499.5	377	433	448	454.5	420.5	403	391.5	419.5	456	448	350.5	548	499	491	422.5	476	448.5	492	428
all_peaks_59625	chr17	41685697	41686198	2.5	3.5	4	5.5	4	47.5	3.5	102	6	31	0.5	12	5.5	9	2	12.5	6.5	12	3	3	25.5	331.5	6.5	275	10	221	14.5	225
all_peaks_5967	chr1	84618355	84618856	10.5	10.5	12	13.5	19	154	11	71.5	50.5	120.5	17	91	37	20.5	10	24	24	53	11.5	25	54.5	138.5	22.5	63	104.5	137	42.5	104.5
all_peaks_59711	chr17	42264006	42264507	303	266	241	262	273.5	133	231	168	264	272.5	184	185.5	273	264.5	280	239.5	280.5	276.5	250.5	270	272	222.5	275	257	295.5	318.5	321	320.5
all_peaks_59717	chr17	42275588	42276089	107	99	62.5	96.5	110	71.5	152	41.5	105	61.5	142	75	138	125	173.5	131.5	136.5	85.5	188.5	157	90	40.5	61	36	54.5	24.5	70	26.5
all_peaks_59718	chr17	42277370	42277871	407.5	409	378	384	522.5	393	425	338	394	338.5	377.5	330.5	432.5	450.5	462.5	434	479	464.5	470	468.5	431.5	425.5	454.5	416.5	522.5	375	425.5	450.5
all_peaks_59727	chr17	42293532	42294033	45	93	52.5	137.5	18.5	23.5	76	25	42	20	130.5	86.5	30.5	13	90	39.5	60.5	30.5	193	108	13.5	18.5	32	8.5	31.5	8	41.5	32
all_peaks_59866	chr17	43238857	43239358	349	364	302.5	340.5	320.5	290	341	397	388.5	331	379.5	363	351.5	356.5	378	402	424	406	409.5	408.5	355	412.5	389	432	396.5	510	461.5	449.5
all_peaks_59874	chr17	43303387	43303888	319.5	321.5	363.5	353.5	355.5	318	407.5	377.5	377.5	288.5	480	461	379	355.5	383	421.5	431.5	386.5	447.5	435.5	253.5	249	234	270	213	256.5	257.5	257.5
all_peaks_59903	chr17	43384713	43385214	22	21	11.5	19	49	108.5	22.5	109.5	40.5	77	29	49	46.5	46.5	21.5	32.5	34	60.5	21.5	16	112	158.5	100.5	139	143.5	166	131	149.5
all_peaks_59906	chr17	43389415	43389916	68	64.5	71	59	137.5	170.5	122	237	90.5	106	109	119	118	94	108.5	130.5	87.5	78	82.5	96.5	153	216	145.5	213.5	135	218.5	144.5	211.5
all_peaks_59907	chr17	43394403	43394904	722	706	682.5	683	728.5	628	656.5	576.5	619	555.5	601	574	654.5	676	696.5	646.5	629	710	692.5	670	703.5	676.5	712	691.5	734.5	703	674.5	672
all_peaks_59971	chr17	44097473	44097974	72	46	143.5	58.5	123.5	55	77	11	107	50	78.5	16.5	153.5	115.5	78	29.5	163.5	109.5	96.5	69	74.5	21	10	6.5	64	28	21.5	8
all_peaks_6	chr1	569678	570179	226	340	234.5	244.5	1309.5	1309.5	1238	1358	1358	1309.5	1350.5	1486	1264.5	664.5	732.5	950	949.5	828.5	716	621.5	645	902	507	784	1009	919.5	634.5	1000
all_peaks_60045	chr17	45266588	45267089	463	514	431.5	501.5	418	365	461	439.5	333.5	406.5	442.5	383	403	439	442	416	452	441	470.5	431.5	533	511	506	515	518.5	529	469.5	456.5
all_peaks_60074	chr17	45726820	45727321	536.5	507.5	594	492.5	586	669	659	729.5	647.5	766	696	694	616.5	640	612.5	788	717.5	753.5	655.5	669.5	523.5	571	618	661	570	682	686	700
all_peaks_60092	chr17	45798552	45799053	23.5	12.5	63	24.5	75	158.5	41	234.5	88	178.5	68.5	126	112	121	27	158.5	86	145.5	36.5	79.5	103.5	200.5	101	225.5	98	190.5	118	237.5
all_peaks_60116	chr17	45907187	45907688	122.5	4.5	375	46.5	144.5	82	12.5	4	124	61.5	21	6	201	168	22	16	211	120.5	21	15	209	43	25.5	3.5	172.5	91	9	4.5
all_peaks_60133	chr17	45973228	45973729	810.5	793	761	774.5	664	714.5	697.5	705	606	661.5	660	711.5	709	736	708	740	759	784.5	712	786.5	734.5	676.5	707.5	698.5	746	726	737.5	702.5
all_peaks_60141	chr17	46048061	46048562	321.5	323	357.5	325.5	378	545.5	494.5	671	447.5	487	484	448	407	494.5	479.5	535.5	460.5	524	480.5	492.5	502	629	493.5	525.5	489.5	557	501.5	500
all_peaks_60156	chr17	46125301	46125802	556	602	561	570	533.5	515	585.5	544	655.5	555	574	586.5	533.5	558.5	548.5	559	550	515	546	520	480.5	507	493	459.5	452	440.5	429.5	450.5
all_peaks_6019	chr1	85328357	85328858	85	114.5	115	125.5	100.5	38	259.5	76.5	70.5	41	163	84	92.5	103.5	220.5	130.5	76.5	39.5	222	137.5	60.5	25	134.5	60	48	19	71.5	70.5
all_peaks_60204	chr17	46518556	46519057	261	163.5	249	190.5	194.5	153.5	220	162.5	202.5	96	189.5	203	239.5	233.5	222	192.5	252.5	217.5	166.5	237.5	134.5	55	160.5	62.5	161.5	57.5	142	52
all_peaks_60277	chr17	46969661	46970162	589	523.5	502	538.5	533.5	445	543.5	449.5	485	513	507	454.5	596	537	598.5	559	561	511	574.5	558	390	388.5	505	448.5	374.5	446	410	464
all_peaks_60284	chr17	46993103	46993604	17	1	12.5	3	55	111	7	129.5	50	96.5	12	63	69	41.5	16	104.5	49.5	69	12	25.5	77	156	91.5	158	48	155.5	53.5	126.5
all_peaks_6030	chr1	85435394	85435895	5	0.5	7.5	2	37	163.5	6.5	60	76.5	228	20	65	67.5	66	3.5	30.5	76.5	121	11.5	53.5	60	177.5	8.5	39.5	70	194.5	50	82.5
all_peaks_60302	chr17	47295395	47295896	74.5	94	217	196	78.5	66.5	149	65	125.5	70	197.5	161	77	95.5	144.5	106.5	192.5	133	210	220	29.5	9	60.5	18.5	31	46	102	31.5
all_peaks_60324	chr17	47438506	47439007	169	199	193.5	238.5	147	56	165.5	33	139	83	161	136	124.5	80.5	176.5	96.5	160.5	116	161.5	135	92.5	31.5	100.5	33.5	118	40.5	75.5	39.5
all_peaks_60332	chr17	47492089	47492590	349	375.5	305.5	361	279	320.5	328	325.5	240	254	337.5	313	327.5	324	372.5	290	317.5	274.5	321.5	309	241	343	214	244	215.5	275.5	201	259
all_peaks_60366	chr17	47816925	47817426	420	441	409	390.5	244	228.5	343.5	205.5	137	109	328	243.5	306.5	241	383.5	257.5	347.5	255	331.5	262	259.5	122	229.5	101.5	181	80.5	169	116
all_peaks_60371	chr17	47826079	47826580	120.5	41.5	134.5	57.5	130	180.5	73.5	189.5	170.5	150	85	197	149	130	57	183	117.5	169.5	59.5	128.5	165.5	105	152	111	160.5	93	174	90
all_peaks_60378	chr17	47865726	47866227	350	354	308.5	341	229.5	145	266	225.5	258	247.5	258	186.5	264	296	301	225.5	274.5	238.5	301	277.5	281	220	285	247	255.5	217.5	285.5	233
all_peaks_60382	chr17	47895301	47895802	159	152.5	138	154.5	185.5	38.5	187	42	127	38	137	114	149	161	179	123	162.5	125.5	168	155.5	53.5	14	37	3	46.5	11	29.5	12
all_peaks_60470	chr17	48388373	48388874	1	1.5	1	1	4	59.5	5	309.5	10	42	4	47	6	23	2	165	6	15	4	38.5	4	87	5.5	106	1.5	77	6	101.5
all_peaks_60474	chr17	48408623	48409124	2.5	3	3	2	3	31	0.5	122.5	2.5	88	1.5	25	5.5	4	1	23	3.5	23.5	0	6.5	3.5	63	2	69.5	7	230.5	2.5	175
all_peaks_60503	chr17	48588399	48588900	56.5	6	19.5	3	92	105.5	42.5	91	64.5	58.5	32.5	45.5	112.5	131.5	35	82.5	66	109	30	28.5	235.5	162.5	96.5	125.5	220.5	122.5	79.5	65
all_peaks_60633	chr17	51183117	51183618	41.5	52.5	31.5	39	396	254	170.5	178	508	657.5	202.5	357.5	267.5	88.5	119.5	108	135	105	107.5	90.5	93	110	58	90	135.5	93.5	64	124.5
all_peaks_60656	chr17	53392038	53392539	1	1.5	3	1	17.5	106	1.5	92.5	30	115	2	21.5	24	35	3.5	26	3.5	24	4.5	7	75	304	40	210.5	58.5	234.5	35	138.5
all_peaks_60659	chr17	53421662	53422163	36	3	12	4.5	81.5	167	128	145.5	141	152	111.5	180.5	98.5	123.5	55	110.5	95.5	83.5	81	161.5	71	157	122.5	95.5	81	145.5	142.5	130
all_peaks_60714	chr17	54679894	54680395	32	240.5	4.5	137	11	3	69.5	4.5	2.5	3.5	19	7	10.5	9	91.5	12.5	4	2	32	8.5	9.5	0	13	1	0	0	5	4
all_peaks_60727	chr17	54857467	54857968	117.5	188.5	84.5	131	217.5	249	206	210.5	168	171	118.5	191.5	191	214.5	156.5	231.5	125	148	98.5	146.5	237	153	180.5	154	149	100	154.5	120
all_peaks_60730	chr17	54864252	54864753	8.5	7.5	17.5	12.5	52	174	41.5	246	93	203.5	33	122	87.5	147.5	34.5	208.5	66	122	30	83	68	151	109.5	144	80.5	164	96.5	108
all_peaks_60786	chr17	55518217	55518718	68	76	36	93.5	58.5	90	42.5	154.5	53	117.5	59	92.5	55	92	36.5	151	51.5	100.5	45	65	64	159	119.5	202	67	159	166.5	230
all_peaks_60793	chr17	55540580	55541081	7	2	3	1	23.5	235.5	8	260	114.5	276.5	22.5	167	58.5	91.5	5	165.5	87.5	175	19.5	63	86.5	244	98	235.5	138.5	268	180	243.5
all_peaks_60802	chr17	55677391	55677892	57.5	72.5	112.5	100.5	112.5	69.5	154.5	82	119	52	153	130.5	117.5	134	155.5	123.5	144	107	151.5	137.5	37	22.5	57	9.5	48	27	66	21.5
all_peaks_60804	chr17	55681333	55681834	103	143	140.5	186.5	121	50	206.5	155.5	148	91	210	131	123.5	170	188.5	125.5	227	162.5	234	247.5	77	68.5	126.5	105.5	105	130.5	172	111
all_peaks_60827	chr17	55927285	55927786	150	165	149	151.5	170.5	94	121	159	131.5	161	144	175.5	169.5	181	175.5	164.5	219	265.5	180	212.5	164.5	136	204.5	239.5	209	272.5	208.5	321
all_peaks_60869	chr17	56230341	56230842	149.5	122	180.5	146.5	118	29	203	25.5	103	4.5	208	133	148.5	128	214	142	152.5	103.5	223	192	32	3.5	40	4	4.5	3.5	17	9
all_peaks_60901	chr17	56394757	56395258	70	50.5	89.5	64	111	176	58.5	132.5	149.5	196	87	140	101.5	142.5	49.5	100	132	165.5	65	83	136	181	99.5	142.5	206.5	210.5	162	190.5
all_peaks_60903	chr17	56405229	56405730	48.5	50.5	57.5	51.5	178.5	134	147.5	212.5	193.5	126	152.5	180	112	123	98	101.5	86	95	100	122.5	221.5	182.5	225	157.5	237	107	237	117.5
all_peaks_60904	chr17	56406777	56407278	90	60.5	110.5	83.5	289	733.5	230	576.5	503	649	210	647.5	247	369.5	172	504.5	247.5	364	181.5	297.5	228.5	454.5	181	341.5	316	367	271.5	360.5
all_peaks_60905	chr17	56415317	56415818	254.5	179	320	230	259.5	418.5	283	374	385.5	489.5	361	405.5	302.5	347	238.5	352	345.5	366	285	280	354.5	369.5	359	377	383.5	379	388	305
all_peaks_60907	chr17	56429383	56429884	290.5	267	310.5	261.5	237	149.5	234.5	178	210.5	149	251	196.5	222	186.5	231	190.5	222.5	199	255	216	209.5	120	260	189.5	230	138	247.5	150.5
all_peaks_60926	chr17	56595123	56595624	929	814	1261	1027.5	834.5	852.5	812.5	891	835	824	983.5	857.5	911	1002.5	831.5	1036.5	1104	1141.5	1197.5	1215.5	837	814.5	850	827	806.5	808.5	802	743.5
all_peaks_60938	chr17	56708849	56709350	139.5	141	154.5	145.5	171	295.5	99.5	112.5	224	218	77	231	177.5	176.5	103	117.5	165.5	238.5	89.5	75	227.5	231.5	184.5	151.5	216	213	222	146
all_peaks_60960	chr17	57184109	57184610	414	382	369	375.5	519.5	451.5	426	488	510.5	473.5	411.5	434	481.5	415.5	423.5	439	408.5	425.5	415	413.5	568	454.5	480	439.5	550	468.5	505.5	465
all_peaks_60967	chr17	57232619	57233120	877	874.5	815	826	767.5	638.5	864	689	684.5	728.5	772.5	744	776	763	887.5	766.5	770.5	649.5	872	790.5	700.5	662.5	743	676	611.5	603	729	595
all_peaks_61003	chr17	57512659	57513160	5.5	3.5	2.5	3	43	113	9.5	135	68.5	188	11	64.5	47	51.5	6.5	85.5	34.5	55	6.5	45.5	54.5	222	10.5	132	66	206	46.5	113.5
all_peaks_61007	chr17	57545960	57546461	5	1	26	14.5	56.5	13.5	69.5	31	215.5	65	178.5	209	46.5	51	38.5	72	152	167	165.5	220	30.5	6.5	40	10.5	108.5	13.5	75.5	29
all_peaks_61034	chr17	57829284	57829785	24.5	2	8	2	70	155	8.5	58.5	68	106	3.5	10	70	74.5	10.5	42	44.5	75	7.5	14	122	215	2.5	33	136.5	132	15.5	20
all_peaks_61048	chr17	57863824	57864325	281	141	179.5	122.5	399	332	388.5	338	480.5	378.5	329	338	412	408.5	328	391.5	346	324.5	291.5	351.5	385	395.5	290	270.5	368.5	319.5	279	243
all_peaks_6105	chr1	87379916	87380417	381.5	398.5	316.5	365.5	280.5	214	276.5	220	316.5	238	288.5	230.5	336.5	309.5	331.5	288.5	327.5	302.5	364	346	274	246	260	253.5	265	280	252	304
all_peaks_61055	chr17	57906598	57907099	58	4.5	69.5	11	274	347	89	324	323	333	135.5	313.5	213	324.5	32.5	337.5	184.5	281	43.5	190	312	318	253.5	316.5	320.5	269.5	281	333
all_peaks_61059	chr17	57914905	57915406	353	181	295.5	86	328.5	417.5	319.5	399	435	374.5	297.5	411.5	398.5	366.5	261.5	438.5	332.5	369.5	237	363.5	398	427.5	412.5	389	335	370	376	345.5
all_peaks_61100	chr17	58469372	58469873	384	355	302.5	282.5	396.5	324	368	292	375	335.5	350.5	327	443.5	421.5	470	412.5	387.5	423.5	391	415	341.5	307.5	337	369	356.5	292.5	321.5	313.5
all_peaks_61133	chr17	59216545	59217046	125.5	158	113.5	170	63.5	37.5	148.5	84.5	65.5	19	106	60	82.5	79	176.5	91.5	81	48.5	142.5	112	59.5	35	88.5	36.5	26.5	17	89.5	17.5
all_peaks_61184	chr17	60170746	60171247	3	3.5	1	2	8	101	3.5	83	9	103	3.5	27.5	24.5	26.5	2.5	27.5	10.5	48	0	8	50	168	17.5	98.5	84.5	124.5	41	92.5
all_peaks_61216	chr17	60730596	60731097	22	42	28.5	46.5	94.5	278	46.5	397	110.5	285.5	92	294	93	126.5	29	236	81	170	80	169	103	341.5	134.5	391.5	73.5	285	177.5	331
all_peaks_61280	chr17	61699295	61699796	631	613.5	611.5	619.5	580.5	580	634	647	548.5	576	599.5	604.5	587	609.5	628	637	569	624	598.5	624.5	545	493	504.5	519.5	496	571	543.5	505
all_peaks_61289	chr17	61776525	61777026	181	228.5	152	200	166	131.5	242	104.5	234	123	229.5	183.5	192.5	175.5	282.5	156	199.5	195.5	270.5	221.5	176	93	122.5	77	206.5	106.5	158	101.5
all_peaks_6129	chr1	87793892	87794393	102	86	172.5	147	138.5	204	134	182	196.5	263	215.5	259	125.5	120	99.5	147	183.5	207.5	206	153	137	144	99.5	123	234.5	250	181.5	257
all_peaks_61346	chr17	62097731	62098232	439.5	366	491.5	359.5	276.5	135	270	104.5	355	157.5	304.5	204.5	326.5	318	326	239	329	236.5	292	281	255	160.5	264.5	158	190	191.5	186.5	136.5
all_peaks_61354	chr17	62128446	62128947	129	205	135.5	114.5	168	104.5	193.5	70	96	34.5	176.5	38.5	172.5	195.5	252	118.5	175	86	221.5	179.5	131	34	79.5	17	82	17.5	34.5	8
all_peaks_61362	chr17	62144067	62144568	84.5	58.5	144.5	60.5	65	57.5	107	53.5	69	46	151.5	89.5	74.5	105	118.5	94.5	100.5	75.5	168	161	26	18.5	27.5	14	17.5	23	32.5	14
all_peaks_61364	chr17	62159373	62159874	63	23	109.5	18.5	132.5	122	139	151	113.5	84	122.5	115.5	176.5	169.5	168.5	197.5	180	142	163.5	159	89.5	46.5	59	55	47	80	32	37.5
all_peaks_61454	chr17	62961841	62962342	178.5	114.5	243.5	154	115.5	86	117	75.5	189	114.5	159	164	124	144	112.5	102.5	207	201.5	193	157	175	98	167.5	100.5	203.5	100	206.5	111
all_peaks_61460	chr17	62981892	62982393	170	93.5	226	162	119	189.5	106	214	124	112.5	111.5	152.5	112	104	93	122	124	139.5	130.5	125	199.5	223	217.5	219	136.5	216.5	224.5	241.5
all_peaks_61486	chr17	63169512	63170013	80	39.5	138	50.5	230.5	215.5	141	120	219.5	67	199	141.5	274.5	268	145	195	216.5	272	154	185.5	138.5	75.5	80.5	29.5	90.5	53.5	76.5	52.5
all_peaks_61495	chr17	63224998	63225499	27.5	13	43.5	16	124.5	228	40	183	173.5	227	59	249	149.5	136.5	26	126	158.5	169.5	37.5	104	103.5	169.5	41.5	93.5	141	165.5	102.5	131
all_peaks_61528	chr17	63652926	63653427	3	8	3	6.5	4	68	3	139	13	54	6	68.5	5	5.5	5	29.5	8	19.5	2	15.5	40	182	9.5	256.5	60	169.5	50.5	188.5
all_peaks_61566	chr17	64327180	64327681	103	180.5	41	203.5	89.5	46	183.5	45	46.5	51.5	156	130	56.5	80	215	83	81	45.5	267	174	60	43	54	26.5	28.5	19.5	40.5	20.5
all_peaks_61604	chr17	64462981	64463482	8	6.5	1	4.5	34	117	20	169	28	124	14.5	53.5	54	44	20.5	46.5	38.5	59.5	16.5	31.5	92.5	251	88	215.5	68	207.5	120	203
all_peaks_61672	chr17	65243095	65243596	54	3.5	219.5	26	136	21.5	10.5	2	126	15	31	14.5	155	99	14	11	159	83	31	27	34.5	2	4	4	34.5	9.5	8	5
all_peaks_61689	chr17	65386705	65387206	44	48	60.5	55.5	18.5	124.5	48	212.5	102	190	76	197.5	49.5	70.5	51.5	110.5	65.5	116.5	50	74	76.5	178	130	213.5	87	172	131.5	184
all_peaks_61703	chr17	65436975	65437476	223	277.5	224.5	263.5	137	88.5	218	125.5	126	110.5	216.5	137	143.5	141.5	263	154	146	126	198	146	167.5	123.5	193.5	158	144	99.5	159.5	100
all_peaks_6176	chr1	89458430	89458931	404.5	456	381	424	255.5	297.5	316	359	256	228.5	324	339.5	291.5	247.5	373.5	313.5	229	218	337	245	255.5	275	358	387	225	295	322	353
all_peaks_61792	chr17	66287908	66288409	319.5	305.5	342.5	289	247	224	248.5	117.5	302	203	303	297.5	243	270	206	189	316.5	292	265	273.5	244.5	165	162.5	107.5	247.5	199	181	138
all_peaks_61794	chr17	66292665	66293166	166	190.5	137.5	244	131.5	72.5	156	69	120	38	130	103.5	112.5	145	160.5	85	146.5	99	154	133	57	20	81	18.5	47	22	87	35
all_peaks_61807	chr17	66345312	66345813	16.5	3.5	18.5	2.5	141	266	17.5	185	160	131	70	140.5	130	170	13.5	144	126	188.5	37	78.5	174.5	166	77.5	82	203	121.5	148	63.5
all_peaks_6184	chr1	89506701	89507202	2.5	5	20.5	2.5	76.5	193	16	93.5	93	181	21	166.5	91	83	8.5	55.5	65	125.5	8	38.5	170.5	173	146.5	189.5	142	151	180.5	144
all_peaks_61889	chr17	70417327	70417828	3.5	0.5	1	2.5	6	28.5	1	125	7	23.5	2	50	4.5	5	1.5	44.5	4.5	9	4.5	6	20.5	83	20	167	10.5	35.5	18.5	141.5
all_peaks_61972	chr17	71718330	71718831	80	124.5	38	97.5	43	2	172.5	3	19.5	6	143	20	36.5	44.5	156.5	14	43	17	127	45.5	36.5	0.5	81.5	5	21.5	3	82.5	5.5
all_peaks_62010	chr17	72279140	72279641	158.5	58.5	134.5	69	183.5	102	182	80	149.5	84.5	171	133	183.5	174	207	176.5	183	123	156.5	165	86	48.5	61.5	27.5	45	72.5	41.5	22.5
all_peaks_62039	chr17	72459484	72459985	125	56	243.5	68	148	170	145.5	203	191	124.5	247.5	183.5	148	248.5	179.5	351	227.5	241	235	360	91.5	91.5	68.5	62	101.5	84.5	123	54.5
all_peaks_6207	chr1	89738322	89738823	86	82.5	117.5	49.5	136	95	193	238.5	140.5	111	193.5	210.5	193	157	287.5	197	217	176	273.5	196	200.5	114.5	247.5	229	139.5	194.5	233.5	244
all_peaks_62076	chr17	72726639	72727140	35.5	3.5	153	27.5	99.5	107.5	73	74	152.5	126	119	144.5	88.5	81.5	33.5	88	141	149.5	57.5	89	33	12.5	25	17.5	65	33.5	27.5	31
all_peaks_62080	chr17	72734280	72734781	113	103	218.5	137	245.5	308	251	310.5	272	144.5	310	344.5	209	227	202	314	309.5	289	305	337	229.5	100.5	145.5	92	218.5	116.5	159	114
all_peaks_62142	chr17	73032741	73033242	414.5	469	209	389.5	270.5	148.5	206.5	34	107.5	34	192	136	268.5	212.5	185	81.5	142	84	219	156.5	296	138.5	107	29.5	148	47.5	116	91
all_peaks_62192	chr17	73293557	73294058	15.5	2	16	2.5	38.5	107	6.5	120	59.5	112	7	18.5	56.5	43	3	24.5	36.5	58	5.5	7.5	121.5	162.5	41.5	84	93	199	35	77.5
all_peaks_62214	chr17	73401621	73402122	231.5	202	164.5	186.5	302	223	214.5	263.5	253.5	274.5	199.5	213	276.5	245	251.5	222	222	241	200	225	334	315.5	331.5	319	295.5	285.5	272	278
all_peaks_62234	chr17	73514217	73514718	171	116.5	287	290	58	67.5	119.5	20.5	123	92	146.5	96.5	93.5	125	96.5	64	193	142.5	163.5	129	57.5	17.5	57.5	12.5	91	25.5	98.5	31
all_peaks_62235	chr17	73521494	73521995	278	270	223	261	213	136.5	232	139	141	125.5	194	107	217.5	171	206.5	160	203.5	165.5	196.5	168	208	102	239.5	189	155.5	139.5	184	172.5
all_peaks_62237	chr17	73531125	73531626	60	32.5	161	55	176	152	91	107.5	143	108	140	139.5	126	177.5	86.5	152	184	183	94	137.5	119	38.5	63.5	33	126.5	74.5	83.5	44.5
all_peaks_62313	chr17	73851359	73851860	545	545	552	556	448	479	453.5	463.5	498	499	498.5	448.5	526.5	529	527	445.5	535	501.5	574	500	483	375.5	484.5	415	493	465.5	561	406.5
all_peaks_62329	chr17	73900869	73901370	300	259	294	276.5	413.5	426	378.5	399	385	414.5	350	346.5	353.5	367	342.5	388.5	386	399.5	333.5	384.5	427.5	406	429.5	397	501	400.5	418.5	424.5
all_peaks_62386	chr17	74175874	74176375	126.5	252.5	64	200.5	74.5	35.5	222.5	192	59.5	27	163	128	81	93.5	203	126.5	58	44	179.5	168.5	71.5	55.5	109.5	52.5	49	33.5	60.5	51
all_peaks_62393	chr17	74187958	74188459	260	280	131.5	310	203.5	173.5	268.5	143	157.5	116.5	274	167	206	211	259	178	195	160.5	259	219.5	170.5	150	232	98	146.5	108.5	189.5	109
all_peaks_62394	chr17	74189618	74190119	41.5	53.5	7.5	38.5	131.5	64	134.5	65.5	21.5	10	170	98	96.5	90	143.5	138.5	26	10.5	141	127	37	14	44	16	5.5	5	29	9.5
all_peaks_62406	chr17	74242523	74243024	54.5	115	26	77.5	259	356	258.5	309.5	180.5	191	276	318.5	242	302.5	252	301	217	290	274	274.5	277.5	275	258	212	271	234	260	214
all_peaks_62408	chr17	74252674	74253175	44.5	123.5	87	214	38	28.5	65	60.5	74	71	207.5	141	58	56	108.5	79	133.5	118.5	247	153.5	31.5	19	49	33.5	77	72.5	160.5	139
all_peaks_62412	chr17	74260954	74261455	615	550	696.5	561	683.5	658	716.5	609.5	764.5	638.5	738	602	713.5	728	667.5	691	715.5	711.5	711	695	677.5	652.5	704.5	646.5	760	611	721	688.5
all_peaks_62450	chr17	74511619	74512120	385.5	334	585.5	485	143	181	233	112	172	215	288	197.5	214.5	256	266.5	252	271	202.5	301	283	111	104	235.5	133.5	73.5	116.5	171.5	135.5
all_peaks_62492	chr17	74712147	74712648	30.5	10	348.5	113.5	21	19	35.5	38	131	108	143.5	125	45	38.5	31	33	171	145.5	99.5	122.5	17	28.5	47.5	14	115	117.5	177.5	102
all_peaks_62504	chr17	74733227	74733728	332	357.5	295.5	277.5	523.5	314.5	359.5	298.5	418	416	329.5	289.5	419	364	362.5	376.5	365	383.5	348	359	368	385.5	394	378.5	374.5	378.5	375.5	325.5
all_peaks_62507	chr17	74749041	74749542	87	168	44	241	12	13	51.5	20	2	6	28.5	18	15.5	10	51.5	13	14	8	48.5	20.5	16	27	44.5	44	17	14.5	35	28.5
all_peaks_62527	chr17	74994108	74994609	174	162	163.5	173	124.5	112.5	167	272	181	77.5	178	245	140	164.5	240	264	264.5	195.5	274.5	218.5	172	88	252	210.5	155	89	288.5	163
all_peaks_62584	chr17	75378555	75379056	69	63	96.5	84	46	7.5	137	7	63	7	202.5	68	23	12	109	15.5	105	38	174	101.5	16.5	3.5	41.5	10.5	64.5	5	42	10
all_peaks_62588	chr17	75387984	75388485	42.5	52.5	36	43	83.5	49.5	147	58.5	62.5	19	158.5	94	91	53.5	166	90.5	90.5	38.5	138	88	39.5	13	48	18	25.5	16.5	21.5	34
all_peaks_62606	chr17	75437348	75437849	223.5	192	242	227.5	94	72	214	98.5	97.5	46.5	201.5	153	111	83	195.5	122.5	139.5	83	198	167	139.5	49.5	150	57	91.5	50.5	116.5	71
all_peaks_62609	chr17	75441429	75441930	221.5	263	195.5	254.5	120	68	173	59	158.5	109	177.5	129.5	137	124.5	186	124.5	182	145	162.5	164	127	54	109.5	43.5	149.5	56	129.5	61.5
all_peaks_6261	chr1	90075269	90075770	46.5	55.5	32.5	38	206.5	253	77	136	136.5	131	78	81.5	196	230.5	73.5	215.5	137.5	139	79	112	175	123	59.5	45	126	103	42.5	74
all_peaks_62653	chr17	75662832	75663333	132.5	148	113.5	156	106	91	187.5	86.5	153.5	73.5	198	162	141	152	210	126.5	147.5	115.5	237	174.5	126.5	79	172	92.5	68.5	57	159	65
all_peaks_62662	chr17	75780092	75780593	90	43.5	223.5	48	45.5	59	36	50.5	95	40.5	34	33	65.5	32.5	64.5	42.5	186.5	88	74	38	89.5	48	86	83.5	93.5	40	56	34
all_peaks_62675	chr17	75878437	75878938	189.5	212	273.5	206	93	104	151.5	158	118.5	64	160.5	139	86.5	155.5	162	210.5	146	165	156.5	148.5	147.5	124	234	192.5	147.5	87	212.5	156.5
all_peaks_62685	chr17	75954375	75954876	398.5	393	379	410.5	452	259.5	355	250.5	395.5	295	360.5	243.5	443	405	411	377.5	403.5	388.5	427	406	357.5	299	362	329.5	355	286.5	357.5	356
all_peaks_62710	chr17	76126522	76127023	190	232.5	263	265	187	187.5	252	212	225	124	311.5	208	182	213.5	285	224	260	222	297.5	272	142	125.5	160.5	109.5	201.5	92	168.5	125.5
all_peaks_62713	chr17	76136366	76136867	219	255.5	142.5	203.5	270.5	256.5	227.5	306	210	260.5	187	216	364.5	341.5	337.5	348	308	311	323.5	324	393	393.5	400.5	394.5	407	357	424.5	380.5
all_peaks_62727	chr17	76183093	76183594	98	73	84.5	77	254.5	277	189	379.5	308.5	214	219	274.5	240	279	187.5	317.5	214.5	265.5	202.5	211.5	311	316.5	320.5	271	296	328.5	375	310
all_peaks_62738	chr17	76248289	76248790	249.5	261.5	187.5	357.5	72	6.5	123.5	16.5	56	7.5	222.5	31	97	46.5	122	23	89	56.5	196.5	95.5	39.5	7.5	34	9	40	2	61.5	14
all_peaks_62760	chr17	76339698	76340199	191.5	194	141	154.5	155	86	226	91.5	117.5	36.5	193.5	116	201.5	246	202	146	171	142	184	188.5	118.5	21.5	75.5	47.5	89	11.5	53.5	21
all_peaks_62765	chr17	76352444	76352945	310.5	306	324	301.5	245.5	240	217.5	281	199	189	203.5	234	265.5	328	177	293.5	244	269.5	218.5	284	269.5	268.5	345.5	329	229	217.5	294.5	258
all_peaks_62766	chr17	76356053	76356554	325.5	291	319.5	236	374	325	277.5	359	307	335.5	210	260	388.5	360	246.5	359	259.5	360	197.5	246	381.5	415.5	396	443.5	381	431	342.5	418.5
all_peaks_62771	chr17	76377787	76378288	131.5	48	70	15	173	157	69	265	130.5	94	49.5	131.5	204.5	211.5	73	249.5	96	92.5	39.5	94	168	205	136	140	131.5	166	83	151
all_peaks_62779	chr17	76409079	76409580	44.5	14.5	71	14	105	46.5	78.5	239	165.5	102.5	99	129.5	96.5	103	60.5	246.5	75	143	78	168	91	140.5	226.5	154	139	184.5	320.5	226.5
all_peaks_62832	chr17	76744773	76745274	266.5	250	247	257.5	218.5	177	244	187	196.5	201.5	245.5	160	228.5	255.5	281	235.5	229	212	256	267.5	162	110.5	136	123	166	128.5	137.5	64.5
all_peaks_62839	chr17	76755335	76755836	242.5	203.5	165	249.5	76.5	75	95.5	30	57.5	63	99	50.5	80.5	77	144	60.5	65.5	60.5	117.5	78.5	136	113	96	63.5	109.5	76.5	75	51
all_peaks_62857	chr17	76801296	76801797	83.5	17.5	88	6.5	142	227.5	13.5	22.5	80	154.5	5.5	13	153	156	8.5	19	120.5	97	13.5	10	132.5	200	19	21.5	142	139.5	10.5	17
all_peaks_62863	chr17	76813058	76813559	320	132.5	404	185	133	143	39.5	59.5	136.5	123.5	31.5	31	185	196	28.5	74	163.5	122.5	39	43	173	190.5	133	76.5	116.5	173.5	135.5	91.5
all_peaks_62864	chr17	76814994	76815495	158.5	200	142	202.5	54	23	63.5	16.5	39.5	26	40.5	18	73.5	74	100	35.5	57.5	44	62.5	51	43.5	22	72	10.5	21.5	11	39	5
all_peaks_6294	chr1	90185013	90185514	29	10	30	14.5	111.5	209	38.5	196.5	113	232.5	27	133	110	90	30	81	85	96	21.5	60.5	139	253.5	126	222	191.5	227.5	129	169.5
all_peaks_62946	chr17	77770792	77771293	261.5	235	225	243	239.5	193	249.5	219.5	198	195	240.5	153.5	269	312	314	271	279.5	295.5	325	289.5	349	270.5	356	296	413	332	306	376.5
all_peaks_6296	chr1	90190151	90190652	3	1.5	15.5	6	61	172.5	22	232.5	90.5	148.5	46	120.5	63	59	9.5	91	70	88.5	21	41.5	39	128	40.5	142.5	39.5	153	58	145.5
all_peaks_62989	chr17	77970794	77971295	346.5	353	353	398.5	239	201.5	357	271	239.5	166.5	338	286.5	318.5	328	404.5	283	303.5	269.5	345	321	210.5	197.5	249.5	178	173	156	251	146.5
all_peaks_63017	chr17	78228444	78228945	42	5	44	7.5	157.5	152	58.5	103	132	107.5	57	95.5	181.5	143	41	144.5	150.5	118.5	39.5	79	148	126.5	75.5	92.5	147.5	128.5	63.5	79
all_peaks_63103	chr17	78579369	78579870	17.5	6.5	11	4	53	189	20.5	123	29	141	23	24	78	71.5	18	40	31	54.5	16.5	12.5	84	319	68	259.5	65.5	228	63	170
all_peaks_63151	chr17	78754576	78755077	17	39	45.5	37	41.5	27.5	96	37	114.5	80.5	190	150	28	38	54.5	63	106.5	93	118.5	160	34.5	16.5	65	25.5	70	24	89.5	46
all_peaks_63164	chr17	78806886	78807387	52	55	61.5	68.5	116.5	107	116	271.5	106	132	131	156	101	109	104.5	180	135	135	126.5	159	139.5	156.5	189	224	160	132	186.5	210.5
all_peaks_63167	chr17	78821363	78821864	73	127.5	44	74.5	264	97.5	346.5	171.5	200.5	144.5	305.5	199.5	228.5	277.5	268.5	258.5	265.5	223	319.5	346.5	149	62.5	155.5	53.5	182.5	42.5	177.5	93
all_peaks_63169	chr17	78830216	78830717	41.5	13.5	31.5	8	150.5	194	142	238	175.5	112	150.5	183	178.5	202	99.5	214	178	167.5	81.5	154	186.5	217.5	220.5	218	146	167.5	204.5	180
all_peaks_63178	chr17	78851069	78851570	21.5	14	27.5	19	162	263.5	123	244	204.5	279.5	187.5	257.5	130	189	83	200.5	179.5	247	151.5	197.5	211.5	265	186	209.5	210.5	223	266	213
all_peaks_63181	chr17	78865792	78866293	95	45	134	28.5	225	285	190.5	277	257.5	278	203	246	209	283.5	123	237	215	260.5	147	218.5	207.5	262.5	209.5	205	221	317	177.5	175.5
all_peaks_63211	chr17	78991811	78992312	59	90.5	34.5	73.5	100.5	50	146	130.5	89.5	29.5	164	81.5	98	129.5	147	163	81	74	141.5	199.5	97.5	52.5	99.5	36	92	27.5	70	23.5
all_peaks_63235	chr17	79068634	79069135	97.5	43	172.5	61	74	103	48	84	135.5	234	85	57	91	94	32.5	60.5	142.5	148	88	72	104	219	105	121	195	250.5	121	146
all_peaks_63280	chr17	79212716	79213217	627.5	649	646	648	692	686	671.5	703	531.5	591.5	664.5	650	624.5	603	630.5	586	598.5	567	599.5	592	624.5	633.5	722	647.5	626.5	656	700.5	668
all_peaks_63433	chr17	79790856	79791357	116.5	96	109	102	227.5	230.5	156	194	189.5	214	147	175	237	197	142	226	196.5	227	142.5	172	198	226	196	218.5	214.5	219	168.5	257
all_peaks_63494	chr17	79980755	79981256	634.5	670	637	638	648	689.5	718	710	605	600.5	718	711.5	688	681.5	692.5	689.5	738.5	775.5	732.5	739.5	735	728.5	703.5	722	753	751	712	676.5
all_peaks_63537	chr17	80084577	80085078	648.5	656	536.5	741	99	19.5	286	96	77	9.5	237	164	105.5	55	314	106.5	120.5	37.5	252	188.5	73.5	19.5	248.5	85	58.5	8.5	158	45.5
all_peaks_63546	chr17	80158578	80159079	207	203	223.5	297	73.5	42.5	205	132.5	95	56.5	259.5	248	96	91.5	239	131.5	149	78	281.5	244.5	45	28	123.5	72.5	102	37	156	91.5
all_peaks_63578	chr17	80255885	80256386	327	367.5	458	478	216.5	150.5	208	176.5	213.5	238.5	192	197	212.5	259	190	200	236.5	241	178	213.5	194	210	262	190.5	229.5	253.5	240	217
all_peaks_63632	chr17	80452467	80452968	58.5	57.5	89.5	66	123.5	213.5	75	79.5	189.5	234	104	193.5	132	102.5	54	124.5	135.5	148.5	91	118.5	131.5	142	98.5	95.5	157.5	158.5	139.5	153
all_peaks_63664	chr17	80656449	80656950	469.5	491.5	433.5	425.5	291.5	373.5	402	347	232.5	250.5	280.5	274	389	417.5	451.5	412	331	387.5	386.5	414	417	347.5	423	402.5	448	314.5	318	343.5
all_peaks_63691	chr17	80821738	80822239	203	213	266.5	332.5	238	308.5	404.5	292	241	210	426.5	272	263.5	211	334	264.5	358.5	283.5	430.5	347.5	255.5	165	348	186	293.5	136.5	266.5	141.5
all_peaks_63724	chr17	81009478	81009979	493	485.5	492.5	508.5	474	548	476	511	499.5	398.5	441	407.5	534	515	516.5	519	544	606.5	546.5	557	628	595	541	582.5	619.5	577.5	612	607.5
all_peaks_63736	chr17	81041332	81041833	25	2	304	55	13	20.5	4	32.5	94.5	93.5	25.5	34.5	21	27.5	7.5	16.5	96	126	13.5	19.5	16	59.5	23	46.5	91.5	191.5	71	113.5
all_peaks_63759	chr17	81148043	81148544	24	14.5	238	48.5	34	83	24	190	122	202	47	138	57	81	29	72.5	122.5	178.5	51	66.5	56.5	118.5	100	163	137	229	150	225
all_peaks_63769	chr18	107987	108488	55	71	36.5	51	610.5	297	137.5	157	855	736.5	169.5	380.5	349.5	49.5	61	93.5	67	53.5	37	35.5	180.5	115	310	176	545	145	353	223.5
all_peaks_63795	chr18	681925	682426	107.5	76	58	105	119	251	222	304	151.5	184	203.5	317.5	153.5	189.5	175	228.5	159	169	173.5	195.5	159.5	195	239	167.5	127	156.5	269	154.5
all_peaks_63801	chr18	712473	712974	141.5	124.5	126	138	238.5	286.5	213.5	302	239.5	212.5	202.5	290	194.5	210	168.5	223	147	205.5	171.5	191	221.5	244	237.5	230.5	229.5	239.5	265	278
all_peaks_6383	chr1	91590112	91590613	2.5	0.5	11	3	7	99.5	0.5	22.5	23.5	157	1.5	13	6.5	19	0	7	22.5	58	0	9.5	8	130	1.5	50.5	19.5	151	1	75.5
all_peaks_63851	chr18	2627774	2628275	1	0.5	6	5.5	35.5	101.5	5.5	181.5	26.5	110	6.5	43.5	34.5	52	6	59	15.5	51.5	8	8.5	55	159	34	141	78	143.5	109.5	184
all_peaks_63853	chr18	2636559	2637060	191	215	170.5	214	86	33	122.5	41	79	6	126	90	111	89.5	162	92.5	130.5	66.5	139.5	125	84.5	18.5	99	18.5	77	5.5	59	18
all_peaks_6386	chr1	91852748	91853249	607	1486	774	1486	1938	1938	1938	1938	1486	1938	1938	1938	1938	2595	1938	1938	2266.5	2595	2595	2595	1938	2595	1938	2595	1938	2595	1938	2595
all_peaks_63932	chr18	3247540	3248041	142.5	154.5	185	171.5	222	176.5	229.5	163.5	279	271	255	223	235.5	237.5	225.5	217	240	200	254.5	246.5	189.5	121.5	167.5	136	162	136	212	154.5
all_peaks_63942	chr18	3305215	3305716	51.5	7	84.5	8	70	128.5	20.5	108	68	117.5	14	26.5	66.5	167.5	12	75.5	67.5	87	17.5	18	85.5	183.5	93.5	121	95.5	132.5	60.5	113
all_peaks_63972	chr18	3593779	3594280	251	230	227	232.5	147.5	81	152.5	92.5	117.5	125	152	129	172	159	193	161.5	174.5	141	182.5	175	149.5	109	177.5	127	203	112.5	161.5	99
all_peaks_6401	chr1	92014486	92014987	95.5	40	119	49.5	169	174	183	71.5	167	67.5	256.5	179	221	192	191.5	154.5	245.5	188	214	207.5	59.5	35.5	27	8.5	65	23.5	27.5	17.5
all_peaks_6404	chr1	92021562	92022063	227.5	99	388.5	116.5	182.5	173	83.5	138.5	200.5	142	111	96	223	214	82.5	127.5	235	206	123.5	96.5	218.5	192.5	217	210	193.5	204.5	152.5	175.5
all_peaks_64075	chr18	8755491	8755992	128	131	61.5	145	55	5	143	16	38.5	2	130.5	52.5	54.5	37.5	120	37	45	15.5	83.5	58	13.5	7.5	71.5	12.5	19	6	60.5	7
all_peaks_64081	chr18	9017016	9017517	7.5	5.5	9	12.5	87.5	127.5	28.5	126	122.5	121	37.5	94.5	77	63	13	74.5	59.5	89	26	44	61.5	121	63.5	108	134	136.5	74.5	137
all_peaks_64090	chr18	9082693	9083194	97.5	44.5	46	46	202	205.5	123	151.5	155	216.5	90	74	211.5	227	106	151.5	154.5	146	90.5	144	128	133	91.5	83	97	122	83	71.5
all_peaks_64092	chr18	9091140	9091641	222	204	43.5	154.5	153.5	255	139	210	148	267.5	143	150	167	206	117	111.5	111.5	160.5	145	151.5	146.5	302	177	226	243.5	304.5	230.5	206.5
all_peaks_64108	chr18	9136325	9136826	447	352	451.5	391	509	416	416.5	391.5	441	543.5	392	376.5	504.5	442.5	412	444.5	443	434	419.5	450.5	406	369.5	411.5	402	423.5	428	444.5	335.5
all_peaks_64128	chr18	9475081	9475582	404.5	360	412.5	389.5	431.5	488.5	483.5	553.5	432	420	415.5	490	447.5	407	454.5	515	471	468.5	451.5	496.5	387.5	448	407.5	451.5	365.5	470	348.5	448
all_peaks_6421	chr1	92178950	92179451	24	3	59.5	16.5	15.5	135.5	20	98	27.5	218	9	37.5	52	61	24	52.5	54.5	74.5	16	32	21.5	147.5	31	93.5	10	150.5	18	76
all_peaks_64224	chr18	11980823	11981324	348.5	364	334.5	337	601.5	534	495.5	521	527	581	472	503.5	563	535	456.5	573.5	505.5	538	427.5	468.5	560.5	593.5	481.5	545.5	557	535.5	476	548.5
all_peaks_6428	chr1	92219940	92220441	3.5	0.5	15.5	3	13.5	162	6.5	77.5	28	159.5	5	46.5	21	27	2	26.5	36	52.5	2	11	21.5	220	13.5	128.5	15	187	18.5	122.5
all_peaks_64359	chr18	13290882	13291383	53	3	45.5	9	49	177	9	208.5	63	173.5	17.5	85	62.5	56.5	5.5	62	54.5	108	7.5	25	99	261	38.5	168	114	206	75.5	172
all_peaks_6436	chr1	92270148	92270649	361	287	363	371	159.5	144.5	169.5	181	262	154.5	198	247	154	204.5	137	264	167.5	230	135	196.5	129	131	185.5	135	123	106	152	115.5
all_peaks_64405	chr18	13539019	13539520	41	121	20	244	3	2.5	18.5	1	2	1	20.5	4.5	0	3	14.5	2	4.5	1	32.5	18.5	4.5	3.5	12.5	3.5	1	3.5	32.5	4.5
all_peaks_64463	chr18	18519060	18519561	24.5	35.5	13	22	199.5	79.5	86.5	38.5	400.5	241	127.5	120	124.5	14.5	21.5	23	43	13	14	9	47.5	24.5	77.5	48	117	22.5	80	36
all_peaks_64556	chr18	20651233	20651734	204.5	192	218	251	145	146.5	216	97	127.5	72.5	213.5	179.5	174.5	204.5	229.5	201	193.5	180.5	177.5	219.5	99.5	21	157.5	25.5	68.5	19	119	30
all_peaks_64567	chr18	20811193	20811694	176.5	95.5	306.5	102.5	245	287.5	192	306.5	292.5	277	242	310.5	255.5	382	134.5	292.5	243	282	150	221	311.5	275.5	413	286.5	301.5	238	312	274
all_peaks_64595	chr18	21032929	21033430	154	137	207.5	151	175.5	330.5	187	350	257	327.5	201.5	325	197.5	219.5	189.5	278.5	232	294	189.5	244	170.5	269	195.5	349	223.5	322.5	281	300.5
all_peaks_64686	chr18	21656094	21656595	24.5	21.5	30.5	16	45.5	125	60.5	176.5	86	114.5	47.5	151	47	76.5	30	134.5	54	67.5	37.5	62.5	49.5	103	96	141.5	58.5	60.5	132.5	115.5
all_peaks_64745	chr18	23795504	23796005	175	262.5	81.5	297	48.5	46.5	160.5	95	28	31.5	114	86.5	44.5	46	178.5	100	46	37.5	144	108.5	76.5	78.5	92	64.5	37.5	49	101.5	69.5
all_peaks_64794	chr18	29598405	29598906	424	389.5	468	414	480	421	514.5	241	516	384	502	549.5	471.5	499.5	471.5	534.5	525	515.5	457	550	395.5	245.5	332	163.5	368	201	327	168
all_peaks_64795	chr18	29599474	29599975	132.5	135.5	206	230	73.5	51	66.5	36	74.5	61.5	85	77	69	85.5	70	38	69.5	80.5	83.5	78	74.5	44.5	66.5	12	105.5	34.5	72	23.5
all_peaks_64890	chr18	33157213	33157714	2.5	1	6	3.5	12	63	9.5	94.5	75	123.5	18	221.5	22	44.5	4	79	33.5	92	8.5	55	39	63	36.5	82	60.5	48.5	110.5	114.5
all_peaks_64937	chr18	34408749	34409250	554	494.5	551	551.5	600	518.5	634	504.5	440	476	601	504	549.5	523.5	558	557	555.5	535.5	570	546	542	473.5	532.5	490.5	545	464	531.5	457
all_peaks_6496	chr1	92951294	92951795	97.5	107	116.5	110.5	142	204.5	184.5	170.5	238.5	260	206.5	279.5	100.5	125	163	193	147.5	156.5	184	215.5	196	162.5	204.5	171.5	195.5	191	192	209.5
all_peaks_64975	chr18	36520743	36521244	71	16.5	89.5	20.5	51	78.5	46	126	40.5	147.5	29	100	59	59.5	42	77.5	56	71.5	58	45	63.5	143	127.5	154	42.5	131.5	136.5	170.5
all_peaks_65026	chr18	42305620	42306121	48	6	127.5	20.5	161	136.5	133	118.5	189.5	140	185	179	181	206.5	66	171	169.5	179	101.5	192.5	87.5	45.5	93	59.5	92	58	94	59
all_peaks_65040	chr18	42467083	42467584	3	3.5	11	3.5	5.5	53	2	133.5	7.5	78	2.5	31.5	12.5	13	3.5	26	31	47	2	3	5	107	2	155.5	9.5	179	5	153
all_peaks_65071	chr18	43266691	43267192	151.5	146.5	165	167.5	147.5	159	243.5	197.5	170	120.5	228	237.5	165	160.5	220.5	167.5	185.5	173.5	202	213	118.5	67.5	146.5	89.5	143.5	74	151	108
all_peaks_65118	chr18	43735613	43736114	128	121	54	95	177.5	106.5	288	138.5	114	63.5	220.5	163.5	143.5	127	203.5	144.5	142	107	196.5	169	135	67.5	148	84.5	85.5	50.5	123	72.5
all_peaks_65153	chr18	43923800	43924301	60	40	24	30.5	40.5	27.5	143.5	152	32	17	96.5	96.5	28	42	91	151	10	24	100	114	31	17.5	67	35	12.5	7.5	74.5	52.5
all_peaks_65227	chr18	45651176	45651677	3.5	1.5	1	2	57.5	162.5	9	105.5	75.5	132.5	26.5	99.5	60	57	4	65	37	101.5	3	24	82	156	46	120	104	130.5	94	124
all_peaks_65278	chr18	46340394	46340895	140	11.5	251.5	30.5	96.5	23	20	15	46.5	29	19	20.5	94	87.5	18.5	15.5	95.5	51	19.5	11	97.5	36	19	30.5	55	34	13	26.5
all_peaks_65280	chr18	46347156	46347657	2.5	3	15	5	7	58	4.5	167.5	51	94	8.5	69.5	9.5	18	4.5	33.5	27.5	55	9	17	13	67.5	15.5	143	39.5	141.5	49	170.5
all_peaks_65292	chr18	46394706	46395207	18	3.5	84.5	13	149	139.5	15	143.5	93	109	46	93.5	101.5	99	13.5	59	122.5	131.5	22	62.5	122	86.5	19.5	27	117.5	109.5	63	48
all_peaks_65302	chr18	46455105	46455606	85	59.5	135.5	78	222	166	184	150	144.5	106	228.5	147.5	130.5	154.5	120	168.5	169.5	174.5	155	182	133	80	87	69	106.5	67	74.5	72
all_peaks_65308	chr18	46467107	46467608	318	287	375.5	519	160.5	129	353	111	240	91.5	365.5	247	172	162	320	202	294	191.5	367	320.5	156	50.5	179.5	40	193.5	66.5	241.5	73
all_peaks_65407	chr18	47807710	47808211	373	433	353	413	353	313	374.5	240.5	337	215.5	378	353	382.5	330.5	381	331	366	365.5	368	370.5	338.5	297	325	293	320.5	291.5	333.5	273
all_peaks_65411	chr18	47814052	47814553	511	569	582.5	577	487.5	395.5	539.5	408	461	416	607	477	581.5	510	529	516.5	512.5	435.5	576	612	418	397	446	360	473	422.5	441	402.5
all_peaks_65457	chr18	48724002	48724503	511.5	504	475.5	467.5	433	456	486	369.5	428.5	441.5	489.5	482.5	509.5	479	498	442.5	458	412.5	501	452	423	380	427.5	352	390	443.5	409.5	378
all_peaks_65460	chr18	48737895	48738396	29.5	12.5	75.5	25.5	86.5	275	114	302.5	239	309	164	360.5	92.5	192.5	79.5	191	147.5	221	120	173	121.5	161.5	178.5	152.5	163	226.5	233.5	198
all_peaks_65502	chr18	51790254	51790755	11.5	5.5	10	2.5	72	218	17	171.5	140	242.5	21	128	77.5	79	10	42	58.5	139	11.5	23.5	136	201.5	82.5	162	122	257.5	131	145.5
all_peaks_65504	chr18	51795687	51796188	164.5	128.5	237.5	142	261	233	270.5	229	317	262	255	314	202.5	261	218.5	282	226.5	241	213	251	197	165.5	174.5	179	169.5	183.5	201.5	211.5
all_peaks_65505	chr18	51811299	51811800	18.5	4.5	28	1	93	289.5	26	284	153	232.5	30	192.5	104	123	8.5	118	44.5	147	11	41.5	199.5	243	126	263.5	237	221	201.5	201
all_peaks_6552	chr1	93430458	93430959	114.5	154	84	149	53	9.5	153	9.5	22.5	6.5	148.5	71	21	16	144	48	53.5	17.5	138.5	91.5	13.5	2.5	28.5	1.5	5.5	2	24	9
all_peaks_6557	chr1	93446729	93447230	230.5	180.5	203	229.5	82.5	74.5	126.5	84.5	96	105.5	136	98	100.5	101	131	123.5	145.5	106.5	155	121.5	107.5	89	153.5	71.5	74.5	77.5	95	55.5
all_peaks_65603	chr18	54744961	54745462	13	6	34.5	50.5	93	71.5	96.5	58	227	135.5	210	298.5	70	120.5	55	156	199.5	222.5	197.5	252.5	34	13.5	24	12	66	35	59	47
all_peaks_65637	chr18	55505049	55505550	4	3	1	3.5	19.5	180.5	17	158.5	58	184.5	20	158	49	59.5	9	101.5	47.5	123	18.5	72.5	30	147	68	142	54	139	102	166
all_peaks_6564	chr1	93494790	93495291	113.5	138.5	65.5	125	12	17.5	113.5	8	7	18.5	91.5	56	11.5	10.5	151.5	28	12	10	159	53	22	5	75	7.5	23	6.5	30	6.5
all_peaks_65690	chr18	56208894	56209395	17.5	6.5	53	7	26	71.5	23.5	179	45	111.5	23.5	72	27.5	30	17.5	77.5	31.5	48.5	10	25.5	27	117.5	83.5	181	32.5	108	113	180.5
all_peaks_65710	chr18	56325319	56325820	228.5	279.5	127	336	40	7.5	211.5	7	14	3	154.5	62	75.5	67	276.5	75.5	89	30.5	261.5	133.5	58	1	99	3.5	30	0	59.5	6
all_peaks_65717	chr18	56355057	56355558	280	262.5	176.5	245	96	73.5	97.5	112.5	52	42	102.5	102.5	110.5	116.5	190	119	78.5	71.5	162.5	146	111.5	38.5	167.5	51	30	36	96	40.5
all_peaks_65806	chr18	57594365	57594866	5	2	1	3	7.5	93	3	185	8	43.5	0.5	40.5	27.5	9	2	36	8	25.5	1	12	12.5	113	2	123	4.5	75	3.5	87.5
all_peaks_65829	chr18	59619431	59619932	12	0.5	24	4.5	16.5	79.5	40	212.5	29	143.5	23	67	16	30	26.5	55.5	30	37.5	31	42	13	112	32.5	145	4.5	114	42.5	139.5
all_peaks_65851	chr18	60006810	60007311	1	2	2.5	2	44	144	6	119.5	26.5	110	5.5	21.5	60	67.5	2.5	58.5	26	57	1.5	10.5	48	117	10.5	78.5	82.5	112	4.5	75
all_peaks_65865	chr18	60063632	60064133	3.5	0.5	1	2	9	60.5	10.5	227	30.5	82	6.5	30.5	20.5	52.5	4	46.5	19	33.5	5.5	14	27	178.5	29.5	148	46	167.5	42	158.5
all_peaks_65873	chr18	60087803	60088304	103	121.5	97	100	156.5	221	187	393	188.5	178	144.5	250.5	169.5	256	141	349	145	169	133	247	205.5	279.5	277.5	290.5	225.5	212	217	262
all_peaks_65885	chr18	60190001	60190502	435	408.5	399	406.5	541.5	523	501.5	496	566.5	549	465.5	529.5	485	457	460	541.5	446	486.5	456	502.5	499	544.5	456.5	559.5	418.5	542.5	442	575
all_peaks_65905	chr18	60438691	60439192	12	15	5	15	28	172.5	18	68.5	55.5	110.5	21.5	82.5	39	36	19	22	24	58.5	16.5	15.5	71	165.5	63.5	85	125	112.5	141.5	106.5
all_peaks_65914	chr18	60512329	60512830	9.5	1.5	4	2.5	65	121	17.5	95.5	33.5	93.5	6.5	26	55.5	39.5	15	34.5	40.5	51	13	11	86	252.5	24	105.5	84	195.5	13	69
all_peaks_65954	chr18	60828909	60829410	262.5	180.5	305.5	209	272	356	296	379.5	278.5	284.5	260	331	251	297.5	202.5	309	265	307.5	225.5	287.5	298.5	337	380	390.5	278	357	353.5	365
all_peaks_65961	chr18	60867158	60867659	132	187	65	178.5	168	135.5	241	122.5	203.5	114.5	247.5	140.5	188.5	224	220	179.5	216	146	216	208	125	55	113	32.5	117.5	50.5	98.5	24
all_peaks_6599	chr1	94073300	94073801	4.5	0.5	5	4	21	125.5	2	76	25	135.5	1.5	26	23	18.5	4	19.5	11.5	43	3	6.5	33	145.5	5	126.5	38	110.5	28.5	121.5
all_peaks_65994	chr18	60987176	60987677	229	279.5	246.5	266.5	225	180.5	268	148	272.5	213.5	263	139	233	203	223.5	221	202	202.5	219	229.5	193.5	103.5	242	140	194.5	138	196.5	153.5
all_peaks_66089	chr18	67553220	67553721	29	0.5	34	8	93	111	43.5	194.5	107.5	187	69	177.5	86.5	117	21.5	135	88.5	129	58.5	93.5	183	301	142	266	153	282.5	191	276
all_peaks_6609	chr1	94158776	94159277	1	2	8	3	37	107	24	149.5	59.5	100	22	89.5	78	42.5	14.5	44.5	27	52.5	9.5	24.5	67	164	97.5	170	76	178.5	136.5	171.5
all_peaks_66100	chr18	67602535	67603036	128.5	98.5	251	130	148.5	133	194	199.5	154	177	243.5	199	176.5	159	206	231	244.5	219	236	197.5	61.5	68.5	116.5	107	83	122.5	128.5	143.5
all_peaks_66145	chr18	68326169	68326670	103	167	27.5	167.5	2	3	19.5	4	1.5	4.5	17.5	7	3	11.5	34	6	4.5	3	21.5	9.5	2.5	4.5	16	7	7	2	4	6.5
all_peaks_66183	chr18	71815360	71815861	352	365	321	337	288	275	314.5	286	232.5	324.5	359	303	322.5	351.5	357	323.5	350.5	301	358.5	363.5	201	197.5	253	221.5	222	210	238.5	243.5
all_peaks_66191	chr18	71959084	71959585	430.5	397	430.5	481.5	257	323.5	351	380	292	272.5	347.5	292.5	320	282	332.5	353	326	339.5	382	356.5	340	259.5	281	383	391.5	313.5	327.5	352.5
all_peaks_66196	chr18	72040634	72041135	297	229	217.5	306.5	59.5	44	176.5	15	24	32.5	121.5	58.5	91.5	79.5	185	36	100.5	37.5	170	91.5	38.5	12	119.5	10.5	26.5	8.5	82.5	15
all_peaks_66298	chr18	74433112	74433613	93	125.5	134.5	189	129	32	238.5	19.5	185.5	62.5	252	223	107	96.5	219.5	120	204	160	254	235	60	11	64	11.5	77.5	14	114	33
all_peaks_66333	chr18	74766930	74767431	186.5	157	243	161.5	296.5	362	245.5	288.5	365	314.5	314.5	403.5	263.5	317.5	243.5	303	356	375	273.5	330.5	221.5	203.5	193.5	142	191	168.5	174.5	144.5
all_peaks_66337	chr18	74779340	74779841	66	26	118.5	44	180	211	112	186.5	237.5	212	128.5	194.5	140.5	183	60	184.5	179.5	219	79.5	177	147	160.5	143.5	126.5	169	155	126.5	183
all_peaks_66349	chr18	74818271	74818772	186	132.5	156	211	100.5	45.5	85	10.5	71	43.5	117	43.5	71	82.5	89.5	46.5	107	76.5	129.5	104.5	59.5	25	30.5	5.5	45	7	40	8.5
all_peaks_66361	chr18	74852594	74853095	77	126	30	45	164	54	103.5	17	43.5	6.5	53	13.5	144	93.5	114	48	61.5	35	59	24	69.5	12.5	30	10	23.5	7.5	6	4
all_peaks_66395	chr18	76828932	76829433	330.5	281	300.5	282	374	189.5	290	257	399	371	242	263.5	346	298.5	297	303	276.5	291.5	272	282.5	312	257	323	325	250	251	315.5	276.5
all_peaks_66403	chr18	77005460	77005961	84.5	10	57.5	8	132	104.5	21.5	5	126	94	20.5	21	191.5	136.5	5	12.5	189	173	10	16.5	121	73	2	1.5	127.5	97.5	5.5	6.5
all_peaks_66419	chr18	77165760	77166261	329.5	289.5	273.5	364.5	120.5	90.5	180	163	90.5	58.5	149.5	143.5	94.5	105.5	161.5	115.5	124.5	76	158	146.5	107	92	180	141	103.5	84.5	153.5	136.5
all_peaks_66457	chr18	77439213	77439714	585	551.5	564.5	588.5	511.5	414	543.5	442	549.5	500	562.5	540	516.5	505.5	524.5	506.5	595	608.5	605	633.5	468.5	435.5	465	443	528.5	490	523.5	504
all_peaks_66494	chr18	77723247	77723748	25	2.5	43.5	5	28	100.5	4.5	22	95	169	7.5	30	41	57	3.5	14	74	128.5	10	21.5	53.5	81.5	6	14	93	117.5	31.5	42.5
all_peaks_66501	chr18	77793916	77794417	246	233.5	240	219	329	247	269.5	242	298.5	267.5	293.5	257.5	402	348.5	350	342.5	358	319	357.5	380	267.5	246.5	295	257	330	249	321.5	329.5
all_peaks_66530	chr19	247057	247558	13	9	12.5	10	158.5	165	36.5	214.5	130.5	156	43	139.5	109	155	23.5	219	51	135	22.5	56.5	250.5	201	207.5	215.5	191	203.5	149.5	139
all_peaks_66568	chr19	511100	511601	463.5	402.5	410	465	149	66.5	233	95.5	131.5	70	233	157.5	151	117	253	148.5	207	127	230	224	130	102	212.5	87.5	126	104	217	98
all_peaks_66578	chr19	543736	544237	99.5	88	229.5	131.5	66	28	65.5	12	67.5	32.5	78.5	32	91.5	77.5	68.5	36.5	135.5	81	93.5	62	66	25	45.5	19	105	31.5	58	47.5
all_peaks_66628	chr19	680325	680826	340	353	251.5	320	330.5	222.5	266	281	212	247	194	191	357	361	352	353	315.5	319.5	318.5	298	395.5	370.5	353	361	363.5	405.5	282.5	310.5
all_peaks_66655	chr19	796830	797331	576	573.5	546	573.5	550	396	539.5	420.5	646.5	494.5	569.5	445	586	605	611	555.5	583	578	585	581	580.5	523.5	595.5	521	596	527.5	546	470.5
all_peaks_66700	chr19	909124	909625	344	368	307	353	243	125.5	282.5	133.5	159.5	48	268.5	128.5	272.5	203.5	303.5	126.5	217.5	165	317.5	211.5	253	109	209.5	143	163.5	78.5	175	113
all_peaks_66730	chr19	996416	996917	100	68	248.5	114	52	23.5	40	20	37	28.5	41	25	63	66.5	45.5	24	55	48.5	54.5	34	54.5	24	48.5	11.5	62.5	24.5	33.5	22
all_peaks_66746	chr19	1030486	1030987	277	202.5	357	326	80	9.5	78	5	39	8.5	68	10.5	114.5	20.5	83	4.5	124	40	89.5	20.5	53	8.5	45	2	56	6.5	28	4.5
all_peaks_66764	chr19	1076929	1077430	256	249	241	271	211	180	280	189.5	240.5	130.5	266.5	205.5	239	224	282	232	252	238	289.5	262	261.5	126	228.5	130	247.5	102.5	208	142.5
all_peaks_66765	chr19	1081992	1082493	158	142	84.5	128.5	160.5	103.5	100.5	85.5	106	69.5	98	55.5	185	199	164	88	163	121	167	121.5	254.5	165.5	180.5	150.5	205.5	140.5	154.5	141.5
all_peaks_66769	chr19	1103709	1104210	330	381.5	341	355.5	281	321.5	339.5	370	324.5	393.5	359.5	298.5	326.5	338	365.5	337	365	348	348.5	374.5	437	423.5	386.5	397	442	418	437	444
all_peaks_66837	chr19	1275566	1276067	412	354.5	370.5	416.5	295	279.5	284	231	303	291	246.5	254.5	326.5	255.5	311.5	281.5	311.5	306	316.5	307.5	298.5	284	317	246.5	344.5	298.5	359.5	321
all_peaks_66874	chr19	1407190	1407691	217.5	214	189	190	342.5	188	232	179	276	258.5	173.5	142.5	320.5	282.5	277	253.5	258.5	265.5	240	227	280	262.5	258.5	253.5	249	252.5	241	263.5
all_peaks_6691	chr1	95699497	95699998	309	303	319.5	294.5	259.5	252	276	237	313.5	239.5	307	250	296.5	299	299	269	291.5	275.5	295	290.5	264.5	172.5	208	172.5	197.5	185	248.5	203
all_peaks_66958	chr19	1652732	1653233	388	372	348	355	335.5	240	366	340	392.5	243	331.5	280	406.5	392.5	424	360.5	424	417.5	400.5	398.5	418.5	368	376.5	363.5	431.5	445	383	361.5
all_peaks_66994	chr19	1812515	1813016	178.5	159.5	160	151.5	341.5	456	400.5	433	397.5	343	390.5	377	441.5	442	416	504.5	390.5	363.5	426	428.5	531	521.5	447	458.5	510.5	404.5	515.5	414
all_peaks_67018	chr19	1855300	1855801	146	138	131.5	131	215.5	196	235	292.5	151.5	138.5	204.5	192	241	270	256	261.5	182	238	201.5	257.5	264	254	269	274.5	278.5	209	210	234.5
all_peaks_67021	chr19	1863574	1864075	282	284	257	279	412	264	319.5	329.5	353	394	303	258.5	415	380	382	367.5	368	412	347.5	362.5	424.5	385.5	417.5	403	460	411.5	418.5	453.5
all_peaks_67032	chr19	1905062	1905563	272.5	270.5	258	267.5	182.5	214	264.5	298.5	236.5	240	253.5	229.5	337.5	319.5	288.5	314	298.5	305.5	297	304	310	359	321	301	398.5	355	355.5	347
all_peaks_67072	chr19	2042057	2042558	437.5	368.5	460.5	396	350.5	344.5	315	351.5	323	237	289.5	258	376	374.5	367.5	314.5	378.5	374	368.5	293.5	410.5	416.5	369.5	388	330	368.5	307	357.5
all_peaks_67090	chr19	2096661	2097162	290.5	273.5	250	234.5	362	299.5	357	335	305.5	289	264.5	248.5	400.5	354.5	386.5	373	381	351.5	358.5	342	382	412	436	425	337.5	376.5	388	429.5
all_peaks_67108	chr19	2168838	2169339	13.5	5	17.5	18	28.5	88	18	194.5	17	94	8.5	63	37.5	52.5	16	67.5	52	80	18.5	43	23.5	78.5	22	130	23.5	197	19.5	183.5
all_peaks_67225	chr19	2561725	2562226	39	55.5	48	63	105	47.5	159	116	66	25.5	128.5	69	67.5	97.5	113.5	171	96	69.5	138.5	201	105.5	60	160.5	63.5	76.5	41	93	66
all_peaks_67256	chr19	2785124	2785625	264.5	249.5	228	221.5	243	314	247	265.5	213	287.5	208.5	217.5	294	301.5	318.5	302	267	272	287.5	254.5	341.5	380	326.5	301	362.5	338	302	330
all_peaks_67264	chr19	2841164	2841665	416	435	416	424.5	242	202	286	187.5	146	157.5	252	146.5	197.5	209	294.5	167	214.5	163	281	168.5	288.5	269	301	249	257	253.5	267.5	213
all_peaks_67272	chr19	2944795	2945296	438	475.5	391.5	471	283	299.5	385.5	325	348.5	288.5	336	276.5	304	348.5	432	311.5	311.5	292.5	380	352	326.5	400	402.5	405.5	379	361.5	383.5	367
all_peaks_67276	chr19	2977118	2977619	168	171	131.5	185.5	92	144	165	203.5	135.5	118	144.5	157.5	108	170.5	133	194	136.5	170	156	187	228.5	262	255	254	266.5	231.5	251	299
all_peaks_67294	chr19	3061249	3061750	151	187.5	130.5	172.5	100	41.5	126.5	31.5	63.5	37	131	58.5	78	76.5	148.5	61	138.5	88	171	147.5	91	24	63	31	109	23.5	69	42
all_peaks_67312	chr19	3133368	3133869	133	29	186.5	46	145	199	61	307.5	198	186.5	87	187.5	156.5	167.5	58.5	143.5	178.5	193.5	58.5	106	144.5	150.5	165.5	167	152	168.5	164.5	180.5
all_peaks_67324	chr19	3178466	3178967	130	133	150	134	222.5	122	258	112.5	167	84	266	176	212.5	188.5	236	174.5	227	198	229.5	239.5	247.5	98	139	74.5	186.5	89	147	120
all_peaks_67348	chr19	3285027	3285528	38.5	35	37.5	49.5	21	14.5	17.5	57.5	22	24.5	26	43	20	35	16	53	19	33.5	14.5	22.5	62	82.5	140	134.5	108	70.5	138.5	163.5
all_peaks_67390	chr19	3505882	3506383	317.5	302.5	314.5	286.5	318.5	232	290	271.5	340.5	264	254	228	375.5	339.5	323	322	308.5	335	318	322.5	405.5	356.5	386	327.5	413.5	354	382	297.5
all_peaks_67411	chr19	3572516	3573017	566.5	566	515.5	560	605.5	573	563	567.5	548	572	589.5	528	527	571	547.5	558	600.5	554.5	525.5	580.5	694	640.5	556.5	660.5	687.5	612	580	660
all_peaks_67441	chr19	3671599	3672100	6	18.5	18	15	17.5	10.5	13	36.5	31.5	157.5	24	25.5	8	15	11.5	15	32.5	51.5	13	32	14	37	28.5	36	32.5	184.5	47.5	156.5
all_peaks_67455	chr19	3739342	3739843	36	41	8.5	19	95.5	9	138.5	2.5	15.5	0.5	104.5	21	84.5	66.5	137	17	68.5	22.5	112.5	74	13	0.5	3.5	1.5	11	2	1.5	3.5
all_peaks_67481	chr19	3812320	3812821	160.5	132	247	256.5	103.5	136	222	185.5	249.5	125.5	250.5	221	130.5	190.5	168	180.5	254	217.5	245.5	285	70.5	115	76.5	76.5	155	124	157	121.5
all_peaks_67532	chr19	4089019	4089520	80	58.5	138.5	85.5	84	72	112.5	87.5	200	133	226.5	241.5	91.5	119.5	115.5	156.5	164.5	204.5	195.5	244	82	41.5	93.5	42	137	92	162.5	85
all_peaks_67536	chr19	4104817	4105318	136.5	106	251	152.5	107.5	55	110.5	49.5	105.5	76.5	147.5	114	121.5	126.5	101	71.5	160	133	138	111	118.5	43	112	61	177.5	62.5	149	81
all_peaks_67537	chr19	4108888	4109389	92	115.5	370	223	36	5.5	47.5	10	121.5	47.5	145.5	67.5	34	23	48.5	8	164.5	120	146	105	58	13.5	39.5	8	149.5	37	157	46.5
all_peaks_67560	chr19	4247111	4247612	242.5	227.5	178	192	199	140.5	177	169.5	215	197.5	197.5	149.5	241.5	291.5	285.5	256	233	248	254.5	258.5	278.5	290.5	322	301.5	283	267.5	253.5	258.5
all_peaks_67575	chr19	4342584	4343085	535	544.5	462.5	480.5	429	642.5	647.5	575.5	415	459.5	562	516	547	559	633.5	513.5	526	505.5	573.5	547.5	586.5	590.5	612	662.5	513.5	636.5	514.5	562.5
all_peaks_67587	chr19	4369200	4369701	155	126.5	128	115	203.5	131.5	361	217.5	242.5	117	363	287	182.5	196	288	362	160.5	164	284.5	386.5	133.5	109.5	151	139.5	129	75	162.5	116.5
all_peaks_67616	chr19	4471581	4472082	1486	1286.5	1036.5	1286.5	668.5	687	887.5	730.5	665	658.5	854	761	846	1060.5	1055	783.5	858.5	789	1107.5	1112	785	775	767.5	674.5	720	702.5	800.5	625
all_peaks_6763	chr1	99336982	99337483	238.5	236	174	174.5	144.5	40	219	102.5	139	27	131.5	91.5	156.5	102	241.5	165.5	167	101	208.5	145	116.5	36.5	166.5	94.5	101	17	101.5	87.5
all_peaks_67672	chr19	4791351	4791852	729.5	691	664.5	691.5	531.5	372.5	561.5	442.5	606.5	469	567	424.5	606	615	666	628.5	671	544	635.5	638	509	473.5	462.5	469	511	463.5	477	516.5
all_peaks_67681	chr19	4840860	4841361	12	2	10.5	3	60.5	228.5	0.5	8	69.5	234.5	2	2.5	78	133	1	8.5	45.5	139.5	1.5	5	120	224	3.5	3	169	203	4.5	6.5
all_peaks_67694	chr19	4968559	4969060	708	724.5	721	692.5	681.5	786	726	794.5	639	638	683.5	703	763.5	806	806	753.5	787.5	814.5	805.5	757	771	787	808.5	831.5	772.5	778.5	789.5	825.5
all_peaks_67761	chr19	5686904	5687405	108	122	111.5	118	190	189	165.5	182	189.5	233	155.5	133.5	192.5	215	182.5	203.5	196	223	195	204.5	237	257	229.5	319	267.5	340.5	266.5	306.5
all_peaks_67775	chr19	5790513	5791014	302.5	341.5	283	314	244.5	267	255	288.5	235.5	255	257	314	366	397.5	316	341	327.5	333	295	347	374	339	341	404	359	343.5	362	409
all_peaks_67783	chr19	5827931	5828432	172	227.5	148	212.5	279	333.5	275	332	313.5	389	219	287.5	215.5	307.5	211	350	186	274	205	267	383.5	424	360	395	430.5	354.5	416	414.5
all_peaks_67792	chr19	5904259	5904760	1126	1112	1031	1112	862.5	883.5	1092.5	916.5	829.5	787	941	802	925.5	1073.5	1249.5	1094.5	1163.5	824.5	1328.5	1085	1141.5	1027.5	1023	897	842	848	975	877
all_peaks_67804	chr19	5961950	5962451	315	393.5	250.5	372.5	186	102	338	235.5	108	67.5	344	233.5	210	221	422.5	288	184.5	127.5	355	324.5	254	115.5	252	134.5	179.5	91	205.5	191.5
all_peaks_67842	chr19	6199322	6199823	121	149.5	111.5	137.5	210	123	130.5	164	193	208.5	137.5	139.5	204.5	183	169	159.5	174	209	164.5	175.5	277	244	247	220.5	298.5	252	232.5	222.5
all_peaks_67857	chr19	6373281	6373782	157	163	138.5	141.5	204	118.5	158	162	162.5	262	164.5	119	248.5	265.5	258	256	235	232	250	234	223.5	211.5	240	233.5	196.5	216.5	223	199
all_peaks_67865	chr19	6424765	6425266	959.5	1139.5	934	956	719	804	812	731.5	725.5	747	843.5	772.5	821.5	1000	1063.5	851	929.5	902.5	896.5	959.5	936	889	831.5	814	831	874	789	789
all_peaks_67885	chr19	6522180	6522681	45	7	239.5	32	13	6.5	12.5	5	51	34	8.5	8	22	13.5	9	2	52.5	34.5	21.5	15.5	19	14.5	12	12	45	70.5	13.5	30.5
all_peaks_67918	chr19	6661671	6662172	26.5	5.5	51.5	6.5	36	134	16	145.5	44.5	170.5	26.5	82.5	56.5	32.5	35	64.5	95.5	71	73.5	64.5	23	214.5	50	187.5	11.5	167	49	141.5
all_peaks_67921	chr19	6669934	6670435	53.5	41	125	54.5	94	202.5	87.5	161	130.5	236	125	185.5	105	111.5	61.5	114.5	121	165.5	92.5	134.5	98.5	160	85	180	120.5	177	141	188.5
all_peaks_67924	chr19	6678479	6678980	2.5	3	7.5	4.5	7.5	72.5	8.5	105	51.5	193	13.5	39.5	25	31.5	3.5	46.5	50.5	93.5	9.5	27.5	26.5	177.5	37	135.5	50.5	186	70.5	100.5
all_peaks_67939	chr19	6737520	6738021	512	531	516	590	484	416	513	502	477	440	583.5	412.5	524.5	536.5	525	558.5	563	531.5	607	584	606.5	500.5	600	557.5	592.5	522.5	517	574.5
all_peaks_67943	chr19	6767244	6767745	220	256.5	174.5	226.5	218.5	69	152.5	89	155	101	178	105	210	194	231	167.5	197	166	265.5	202	198.5	124.5	216.5	176	158.5	144.5	166	136
all_peaks_67950	chr19	6801339	6801840	125.5	157.5	124	158.5	65	66	145.5	63.5	163	101.5	182	138	113	100.5	212.5	145.5	143.5	123.5	202.5	206.5	83.5	34.5	78	48.5	107	76	67.5	58
all_peaks_67969	chr19	7069134	7069635	292	301.5	245	265	248.5	171.5	217	177.5	196.5	143.5	230.5	160	294	295	321	233	312	258	310	281	276	231.5	264	276.5	230	217.5	304.5	221.5
all_peaks_67971	chr19	7098982	7099483	221.5	260.5	206	247.5	183.5	157	218.5	194.5	137	119.5	214	149	169.5	214	232.5	200.5	180.5	171.5	186.5	192.5	283.5	302	233.5	234.5	311.5	282	245	277.5
all_peaks_67986	chr19	7413485	7413986	141.5	274.5	66	176.5	164	46.5	229.5	16.5	75.5	4.5	183.5	59.5	147.5	123.5	224	67	123	62	234.5	126	166.5	11.5	60	13	84	8.5	28.5	5.5
all_peaks_68075	chr19	7894675	7895176	624.5	732.5	625.5	686.5	400.5	444	559	543	356.5	447.5	434	398	428.5	407	633.5	527	370	387	504	445	517	515	569.5	571	477.5	551.5	521	508
all_peaks_68083	chr19	7933964	7934465	240	273	202	254.5	130	100.5	142.5	102.5	111.5	119.5	104	104	117.5	126.5	151.5	115.5	101.5	125.5	147	105.5	255.5	219.5	210.5	184.5	246	167	195	183
all_peaks_68089	chr19	7968307	7968808	160	202	150.5	158.5	368.5	155	200	158.5	329.5	222.5	181	138.5	256.5	205	211.5	213	203.5	210	175.5	188.5	229	256.5	222	259.5	239.5	261	239.5	277.5
all_peaks_68127	chr19	8260029	8260530	35.5	72.5	34	53.5	71.5	26.5	195	27.5	56	17	128.5	48	39	64.5	147.5	69.5	63	34.5	127.5	111.5	26.5	7	55.5	11	36.5	6.5	66.5	17
all_peaks_68158	chr19	8454869	8455370	562	531	584.5	544	596.5	602.5	623	691.5	540.5	642	624	596	569.5	623.5	620.5	638	594	645.5	565.5	624.5	682.5	665	631.5	729.5	764	739.5	671.5	715.5
all_peaks_68163	chr19	8477834	8478335	249	253.5	241.5	234.5	308.5	300	288	290	327.5	281.5	277	266.5	368.5	323	320.5	341	332	347.5	328	300	364.5	394.5	304	389.5	340.5	372	352	382.5
all_peaks_68172	chr19	8552138	8552639	70.5	56.5	73	74.5	97.5	48.5	137.5	30.5	104.5	49	236.5	133	99	85	121.5	55.5	125	93	174	150	101.5	41.5	46	36	94	60.5	104	92
all_peaks_68182	chr19	8580224	8580725	84	140	96	121.5	96.5	51.5	126.5	28.5	69.5	33	112.5	60	150.5	153.5	201	100	124.5	124.5	114.5	74	57	24	79.5	28	88.5	28	42.5	50.5
all_peaks_68183	chr19	8582352	8582853	114	104	104	93	132.5	58	179	24.5	76.5	28.5	168.5	76.5	128	126	196.5	105.5	141	102	206.5	158.5	67	9.5	45	8	46.5	12.5	45	10.5
all_peaks_68188	chr19	8634009	8634510	71	17	254	46.5	182.5	115	185	121.5	187	137	285.5	190.5	195	234	153	269	254.5	239.5	230.5	293.5	151.5	41.5	96	62.5	165	83.5	144.5	63
all_peaks_68189	chr19	8635803	8636304	72.5	67.5	116.5	55.5	111.5	62.5	129	62.5	109	41.5	127.5	94	142	112	173.5	123.5	158.5	98.5	163.5	136	48	20	51.5	20	82	22.5	55.5	20
all_peaks_68223	chr19	8943140	8943641	530.5	491.5	529	498	432.5	287.5	433.5	393.5	463.5	398	474	435	460.5	455.5	557	473.5	519.5	398.5	594	515	530	529.5	568	509.5	617	494	560	546
all_peaks_68253	chr19	9929759	9930260	357	335.5	294.5	312	477	295.5	406	395.5	397.5	410	359	335.5	541	531	504	529.5	524	558.5	525	525.5	435.5	498	471	518	483.5	581.5	534	569.5
all_peaks_6829	chr1	100865853	100866354	142.5	131	107	129.5	114	36	158.5	21	62.5	14.5	146.5	41.5	112	89	167	70	121.5	59	172	117.5	51.5	12	27.5	14	19.5	15	46.5	9.5
all_peaks_68297	chr19	10253384	10253885	197.5	177.5	109	120	70	14	218	30.5	16	5	131	51	107.5	47.5	174.5	77.5	82.5	16	144	117.5	54.5	17	106.5	30.5	27	5	42.5	15.5
all_peaks_68396	chr19	10664663	10665164	74.5	66.5	174.5	177.5	80.5	74	158	47.5	300	125	399	346.5	75.5	91.5	149	103.5	249.5	265.5	359.5	335.5	118.5	39.5	115	33.5	303	71	249.5	101.5
all_peaks_68402	chr19	10679563	10680064	446	476	416.5	427	542.5	518.5	521	459.5	415.5	517	489.5	422.5	527	517.5	502.5	515.5	502.5	508	515.5	475.5	558.5	529.5	542.5	511.5	561	542.5	540.5	555.5
all_peaks_68410	chr19	10713920	10714421	174.5	229	152	224	91.5	51.5	155.5	123.5	69.5	23	135.5	73	120	109.5	182	101.5	120	67	174	128.5	138.5	58	132	90	107	51.5	141.5	85.5
all_peaks_68417	chr19	10764241	10764742	310	245	238	280	219.5	77	157	109.5	205	143	153.5	94.5	243.5	207.5	205	203.5	235.5	211	211.5	176.5	213	182	210	210.5	203.5	150.5	224	212
all_peaks_68430	chr19	10828360	10828861	756	874.5	744	826.5	723.5	762.5	869	770	714	776.5	797.5	799	781	818	820.5	812.5	771	753	777	805.5	741	765.5	804	758.5	711	730	767	665
all_peaks_68440	chr19	10870332	10870833	253.5	247.5	279	239	162.5	195.5	240	255	202.5	124.5	255.5	223.5	225.5	198.5	267.5	241.5	225	191.5	250	275	219.5	152	209.5	164	183	107.5	253	128
all_peaks_68447	chr19	10908230	10908731	127.5	37.5	293.5	62	126.5	124.5	92	242	126.5	126	142.5	165	144	169	100	175	244.5	210	215	209.5	125	165	110.5	165	140.5	144	114	155
all_peaks_6846	chr1	100914984	100915485	13	12	15.5	5.5	46.5	168	11.5	136	41.5	133.5	16.5	91	46	44	15	48	59.5	74.5	19	28.5	40.5	230	29	150.5	111	138	36.5	109.5
all_peaks_68462	chr19	10946237	10946738	177.5	165	159.5	150	235.5	243	209.5	228	273.5	266.5	210.5	225	337	338	276.5	309	275	321	261.5	268.5	333	380	319	329.5	410	337.5	334	296
all_peaks_68471	chr19	10981605	10982106	402.5	417.5	356.5	369.5	501	384	435	362.5	440.5	424.5	349	344.5	611.5	618	590	533	590	638	545	578	591.5	612.5	569	604.5	570.5	589	519.5	561.5
all_peaks_68506	chr19	11266337	11266838	275.5	263.5	288.5	275.5	361	407.5	417	469.5	387	292.5	369.5	416.5	378	418	400	460	431.5	436	418.5	414.5	465.5	445	432.5	446.5	409	408	496.5	388.5
all_peaks_68522	chr19	11456832	11457333	391	372	364	379.5	271	264.5	304	342	240.5	297.5	293.5	250	321.5	358.5	342.5	301.5	375.5	333	330.5	307.5	399	343.5	422	403	410	362.5	433	428.5
all_peaks_68541	chr19	11546058	11546559	424	427	384.5	415	433	328.5	430.5	381.5	400.5	383.5	463.5	369.5	457	465.5	498	495	434	414	502.5	485	428.5	427	378.5	398	343	358	387.5	386.5
all_peaks_68549	chr19	11592773	11593274	56	46.5	42	47	45	79.5	60.5	146.5	50	89.5	53.5	73.5	75	95	42.5	131.5	52	76.5	61	76	161	203.5	160.5	210	196	276	227.5	264.5
all_peaks_68553	chr19	11615844	11616345	227	210	198	189.5	295.5	286	267	303	250.5	242.5	225	218	288	289	246.5	292	244.5	255	231.5	258	325.5	340	296	347	339	302.5	331	361
all_peaks_68571	chr19	11707932	11708433	342	291	343.5	313.5	228	316	259.5	321.5	251.5	277	236.5	248	263.5	333.5	286.5	303.5	266.5	293	272.5	297.5	362.5	342	345	416	273.5	305	347.5	363.5
all_peaks_68581	chr19	11959236	11959737	138.5	188	70.5	157.5	12	9	51.5	35	9	2.5	41	11.5	14	15	56.5	33.5	22.5	11.5	54.5	19	47	31	93.5	57	29.5	23	104	39.5
all_peaks_68607	chr19	12444264	12444765	296	337.5	217	327	151.5	207	289.5	252.5	178.5	154.5	275	184	170.5	212	293	275.5	165.5	148	278.5	183	278	277	295.5	251.5	241.5	202	275	245.5
all_peaks_68614	chr19	12605983	12606484	212	279.5	200.5	239.5	68.5	61	110.5	126	107	66	134.5	82	48.5	58.5	157.5	116.5	68.5	63	145	78.5	152.5	172	228	219	133	124	219.5	176.5
all_peaks_68615	chr19	12662179	12662680	334.5	430	327.5	420.5	296	309	371.5	289	334.5	278	339.5	340.5	314	354	365	322	345.5	319	376	376.5	326.5	280	299.5	281	313.5	243	284	247
all_peaks_68663	chr19	12892973	12893474	504.5	474.5	487	541.5	100	96.5	130.5	134	123	117	102	91	118.5	154.5	155	140	122.5	120.5	138.5	119	104.5	133	236.5	195	140	153	183.5	155.5
all_peaks_68664	chr19	12902022	12902523	450.5	475	411.5	412	312.5	257	282.5	299	363.5	319.5	222	206	313	309.5	257	288.5	264	318	233	270.5	245	290.5	296.5	315.5	209.5	275	246.5	330.5
all_peaks_68665	chr19	12904436	12904937	508.5	456	473	549.5	455.5	413.5	405	353	469	350	346.5	279	419.5	410	334.5	395.5	364.5	418	338.5	316.5	354	389	335	387	379.5	363	309	374.5
all_peaks_68689	chr19	13001609	13002110	486	446	534	545	315.5	364.5	424	357	350.5	325	392	337.5	455.5	451	459.5	395.5	442	396.5	435.5	436.5	388	417.5	383.5	402.5	402.5	392.5	411.5	417
all_peaks_68744	chr19	13266614	13267115	190.5	157	157	185	93.5	65	142	142.5	197	86.5	168.5	144.5	80	108.5	108.5	153.5	109	103.5	178.5	179.5	37.5	38	119.5	105.5	29.5	72.5	126.5	116
all_peaks_68747	chr19	13278247	13278748	236.5	229.5	302	241	355.5	261	423.5	321.5	346	261	458	390.5	357.5	424	384.5	455.5	400	410	462	465.5	306	290.5	316	246.5	390	324.5	328.5	381
all_peaks_6875	chr1	101392830	101393331	124	194.5	103	203.5	131.5	31	226	28.5	94.5	24	226	127.5	135	110.5	238.5	109	152.5	89.5	232	197.5	63	7	50	8.5	30	9.5	13.5	10.5
all_peaks_68794	chr19	13905840	13906341	167.5	198.5	219	216	337	352	327.5	338	325	360.5	329	355	284	331	319.5	342.5	310	356.5	352.5	379	333	339	357	315.5	391	374	386	415.5
all_peaks_6880	chr1	101414972	101415473	81	105.5	83	85.5	174	73.5	74.5	49.5	105	20	98	101	155	140	95.5	126	118.5	100	125	83	156	15.5	105.5	23	116.5	11	84	9
all_peaks_68802	chr19	13957212	13957713	324	144.5	374	207.5	158.5	154	106.5	182	236.5	439.5	125.5	114.5	130	179	103	159.5	165.5	201	115	122.5	293	344	265.5	331.5	297	437.5	272	470.5
all_peaks_68843	chr19	14097117	14097618	295	291.5	404.5	305.5	329	303.5	364	410	320.5	234.5	485.5	354	312	345.5	334.5	329	369	331	405	394	322	326.5	327.5	332.5	351.5	348.5	381	407
all_peaks_68847	chr19	14117131	14117632	503	494	499	471	424	329.5	451.5	376	348	358	416.5	319	397.5	430	430	362	402	368	367	399	421	413.5	451	379.5	442.5	401.5	407	412.5
all_peaks_68877	chr19	14247354	14247855	573.5	638.5	543.5	571.5	718.5	636.5	717	707	653	678	645	610	685	666.5	687.5	731	669	690.5	714.5	685	641	738	750.5	749.5	620.5	668.5	654	683.5
all_peaks_68924	chr19	14480452	14480953	87	60.5	156.5	123	19.5	27	25	82.5	41.5	105	17.5	48.5	26	31.5	29.5	26	59	55.5	37	23.5	33.5	117.5	90	207	46	176.5	87	192
all_peaks_68926	chr19	14485918	14486419	138	157	210.5	193	89.5	39.5	126.5	41.5	168	80	167.5	77	96	91.5	118	70.5	170.5	123	207	183.5	107	57.5	106	86.5	130.5	109	166.5	121.5
all_peaks_68933	chr19	14516830	14517331	117.5	119.5	99.5	114.5	142	168.5	88	132	184	154	102	157.5	184.5	163	123.5	114	145	178	118.5	134.5	215.5	259	217	258.5	257.5	219	254	305.5
all_peaks_6895	chr1	101547035	101547536	42.5	24	57.5	42	130.5	93.5	174	86	165	60.5	143.5	131.5	144	146	144.5	139	164.5	115	135	182.5	60.5	26	86	26.5	33	19.5	61.5	23.5
all_peaks_68966	chr19	14617680	14618181	160	184	137	203	78.5	24.5	177	23.5	23.5	3.5	133.5	52	83.5	56	207	55.5	66	31.5	168	94.5	106.5	14.5	101.5	34	56.5	9.5	58.5	25.5
all_peaks_68971	chr19	14629287	14629788	425.5	343	434	430.5	450	252.5	310.5	321	398	399	371	299	431	388	338.5	339	373	374	354.5	345	385	377	387.5	370	393.5	383	394.5	407
all_peaks_68973	chr19	14632804	14633305	348.5	386	299.5	351	135.5	58	162	104.5	52	40	146	92	152	122	195.5	80	169	64	169	84.5	148.5	52.5	173	58.5	117.5	34	110	54.5
all_peaks_68974	chr19	14640043	14640544	603	600.5	578.5	561.5	560.5	612	612	650	637	531	558	530	596	633	585.5	579.5	575.5	608	602.5	589.5	716	691.5	688.5	680.5	721	728	691	735
all_peaks_68976	chr19	14662148	14662649	118	187	96	150	88.5	34.5	132	23.5	39.5	16.5	108	24.5	131.5	131.5	176	56	83.5	55	131.5	60.5	89	36.5	78.5	53.5	69.5	28	57.5	54
all_peaks_68988	chr19	14695915	14696416	5	0.5	4.5	1	24.5	180	1	138.5	34.5	195	5.5	45	34.5	44	0	34.5	24.5	122	7.5	5.5	122	262	51	200.5	168.5	244.5	121	209
all_peaks_6899	chr1	101577505	101578006	189.5	210	211.5	278.5	141	78	271.5	79	107	14.5	250	161.5	140.5	152.5	234.5	185	163.5	91.5	243.5	217.5	121	11.5	173	24.5	87	8.5	89.5	12
all_peaks_69014	chr19	15236401	15236902	253	233.5	269.5	322.5	257	257.5	284.5	283	316.5	284	301.5	364.5	268	294	269	298	324.5	322.5	317.5	323.5	335	299.5	306.5	307	415	375.5	378	400.5
all_peaks_69060	chr19	15529687	15530188	686	707	687	823	596	597	652	553.5	537	549	625	662.5	686.5	670.5	664	630.5	685.5	661.5	677.5	668.5	679	645.5	644.5	589.5	705	548.5	676	554.5
all_peaks_69075	chr19	15577760	15578261	53.5	30.5	51.5	28.5	116	172	108	232	147.5	124.5	125	169	119	185.5	110.5	264	106.5	121	85	163.5	112	167.5	123.5	102	158.5	100	123	83
all_peaks_69096	chr19	15947715	15948216	271.5	328	312	474	242	279.5	330	242	334.5	238.5	407.5	351	281.5	343.5	355	307.5	401.5	359	424	375.5	370	254	281	247	338	276	376	259.5
all_peaks_69114	chr19	16181214	16181715	381.5	366	314	323.5	315.5	216.5	306.5	124	259	188.5	277.5	158.5	320	319.5	296	160	295	281.5	305	255	266.5	173	192.5	157	247.5	198.5	242	173.5
all_peaks_69132	chr19	16222232	16222733	559	545.5	548.5	547	662.5	620	630.5	664	683	626.5	583	597.5	687	706	722.5	684.5	733	783	701.5	724	688	679	651	643.5	683	713.5	688.5	648
all_peaks_6918	chr1	101644278	101644779	22.5	31.5	15	19	102	179	75.5	170.5	96	191.5	74.5	170.5	87.5	102.5	54.5	132	61	103	34	85	159.5	211	189	218.5	186.5	203	204.5	220.5
all_peaks_69182	chr19	16377208	16377709	46.5	18.5	61.5	57.5	89.5	32.5	92.5	6.5	89	23.5	138.5	63	82.5	94.5	83	39	120	99	155.5	143.5	42.5	4.5	22	4	38	7	19	3.5
all_peaks_69190	chr19	16441173	16441674	270.5	267	264.5	241	363	285.5	293	213	324.5	112	322	198.5	375	393	288.5	321.5	322	291.5	253.5	246.5	413.5	190.5	239.5	158.5	252.5	149	178	119
all_peaks_69201	chr19	16482253	16482754	375	328	329.5	403.5	303	278	361	203.5	314.5	116	339	236	326.5	324	351.5	299	318	272	349.5	297.5	279.5	77.5	259.5	121	246.5	86	187.5	124.5
all_peaks_69221	chr19	16606839	16607340	374.5	375.5	389.5	373	399	416	427.5	472	359.5	371	441.5	376	363.5	458.5	415.5	467	422.5	446.5	429.5	417	499.5	514.5	444	531.5	424	464	434	456.5
all_peaks_6923	chr1	101664823	101665324	2.5	1	1	2	84	122	15	179.5	63	135.5	35.5	116	46.5	90.5	11.5	163	35	64	11.5	57	94.5	209.5	59.5	227	100	203	98.5	192
all_peaks_69233	chr19	16676915	16677416	313	315	253	317	104	85.5	203.5	90	119	42.5	125	63	173.5	175.5	211.5	127	161.5	111	176	139.5	107.5	54	201	73.5	116	27.5	124.5	33.5
all_peaks_69240	chr19	16695036	16695537	252	176.5	320	203.5	96.5	164	168	226	132	129.5	120.5	97	148	170	171	212.5	156	129.5	151	145.5	216.5	249.5	257.5	233	189.5	162	229	192
all_peaks_69249	chr19	16738816	16739317	219.5	202.5	174	204.5	261	140.5	212	171	220	223.5	198.5	108	317.5	273	269.5	247	266	303.5	252	263	274.5	247.5	321.5	249.5	280	282	263	281.5
all_peaks_69279	chr19	17112481	17112982	218	174.5	176.5	192	166	38	193	60	147.5	18	217.5	80	160.5	222.5	262.5	195.5	199	109	318.5	271	75	15.5	110.5	40	47.5	15.5	73	57
all_peaks_69289	chr19	17190758	17191259	63.5	14	90	18	151	291	16	120	121.5	189	29	70	167.5	167	22	43	153.5	173.5	30.5	27	245	358	83.5	161	230.5	282	124	152.5
all_peaks_69294	chr19	17236464	17236965	166.5	182	237	191	170.5	146	232	121.5	168	78	242	153.5	218	214.5	212.5	188	254.5	182.5	249.5	233	138.5	82.5	156	78	202	48	145	66.5
all_peaks_69300	chr19	17295159	17295660	75.5	70	148.5	89.5	87	22.5	112.5	36.5	178.5	83	191.5	144	105.5	67	134	55	170.5	125.5	183.5	165.5	48.5	25.5	48.5	32	88.5	28.5	103	40.5
all_peaks_6931	chr1	101702121	101702622	126	130	132	123.5	207.5	159	208	88	191.5	118	236.5	199.5	208.5	160.5	190	214	157.5	129	177	197.5	157	89.5	108	58.5	143.5	82.5	74.5	68
all_peaks_69330	chr19	17416218	17416719	267.5	264.5	321	250.5	399	424	374	421	480.5	485	404	470.5	371	369	341	394.5	391.5	455	364	416	410.5	436.5	314.5	417.5	442	488	356	378.5
all_peaks_69364	chr19	17580862	17581363	149	168.5	181	194.5	137	171.5	181	192.5	143.5	217.5	208	158.5	171	199.5	187	225.5	190.5	205	218.5	185	250	233.5	275	241.5	314.5	276.5	310	287.5
all_peaks_69449	chr19	17970329	17970830	494	566	531.5	525	477.5	445.5	514.5	523.5	459.5	414.5	525.5	428.5	504.5	524.5	502	482	534	523	499	514.5	594.5	563.5	503	474.5	512.5	548	525.5	608.5
all_peaks_69470	chr19	18111617	18112118	345	283	460	401	222	173.5	190	182.5	193.5	185	245.5	169	193.5	233.5	203	191.5	304.5	239	252	251.5	209.5	128	186	169	229.5	221.5	201	222.5
all_peaks_69479	chr19	18134543	18135044	144	261	42	247	21.5	9.5	56.5	33.5	17	8.5	46.5	13.5	17	12.5	105.5	35	9.5	6.5	61	33.5	12	7	51	10	6.5	4	31	4.5
all_peaks_69496	chr19	18201934	18202435	178.5	179	172.5	188	89	65.5	136.5	82.5	114.5	46.5	150.5	104	120	112.5	134.5	93.5	156	90	165	145	72	47	102.5	55.5	87.5	54.5	78	42
all_peaks_69512	chr19	18263569	18264070	501.5	570	518.5	541.5	488	529.5	539.5	601.5	451.5	538.5	543	479	521.5	586.5	558	500	560	536.5	552.5	514	680	684.5	618.5	643	634	640.5	639	621
all_peaks_69522	chr19	18303650	18304151	663	662.5	690	647	543.5	552	619	627	552	629	608	548.5	646.5	601.5	659	578.5	592	602	663	557	522.5	579	598	698	554.5	657	515	657.5
all_peaks_69525	chr19	18314882	18315383	520.5	569	500	550	482.5	530.5	534	561.5	456.5	421	546	485.5	530.5	598	551	599	558.5	643	597	570	620.5	685.5	660.5	725	635	698	620.5	695
all_peaks_69529	chr19	18335199	18335700	95	113	99.5	89.5	185.5	268	205.5	175	146.5	235.5	131.5	141	187	187.5	139.5	164.5	129	143.5	133.5	111.5	255	378	151	283	295.5	289.5	170.5	243.5
all_peaks_69544	chr19	18392436	18392937	632	479.5	625.5	518.5	674.5	462.5	542.5	583.5	690	610	500.5	441.5	574.5	549	542.5	611	543.5	581	577.5	598.5	602	579	660.5	565	587	521	592.5	615
all_peaks_69547	chr19	18405299	18405800	216	84	236.5	141.5	66.5	85.5	52	58.5	77	68.5	55	64	95.5	86.5	44	63.5	87	92	44	61	95	96.5	145.5	118	97	106	128	120
all_peaks_6956	chr1	101775074	101775575	255.5	286	283.5	397.5	64.5	20.5	114	19.5	85	22.5	143.5	104	63.5	25	125	47	85.5	48.5	132	95.5	64	17	184.5	28	57	18	121.5	46
all_peaks_69612	chr19	18632899	18633400	791	777	743.5	736.5	778	639.5	688	751	704.5	676	693	585.5	827.5	812	906	750	808.5	882.5	844	803	802.5	769	807	808.5	816	835	788	750
all_peaks_69638	chr19	18747349	18747850	362.5	328.5	281.5	326.5	444.5	292	382	393	360	374.5	391.5	303.5	511.5	497	510	471.5	493.5	464	495	495	501.5	505.5	584	487	496.5	411	542	421
all_peaks_69692	chr19	19030108	19030609	504.5	523	526	533.5	438.5	376	462	441	478	400.5	479	414	469	476	523.5	481	495.5	426.5	519.5	460.5	257	283	468.5	339.5	278.5	351.5	396.5	331
all_peaks_69710	chr19	19174386	19174887	698	777	761.5	758	648.5	676	762	624	594.5	631	752	699.5	636	670	706	668.5	735	698.5	738.5	733.5	670	631	668	686	625.5	724	742.5	700
all_peaks_69762	chr19	19496239	19496740	598.5	592	654	608.5	725.5	793	666	616	713.5	653	740	691	678.5	667.5	650.5	683.5	761.5	765	715.5	692.5	769.5	785	681.5	656.5	688.5	782	681.5	651
all_peaks_69818	chr19	19700437	19700938	57	38.5	54.5	55	105.5	123.5	131.5	120	116	127	149.5	68	113.5	151	118	154.5	122	103	148.5	174.5	46.5	47.5	55.5	25.5	42.5	45	59.5	28
all_peaks_69819	chr19	19701814	19702315	37	5.5	69	13.5	71	108	46.5	200.5	83.5	90.5	28	61.5	77	95.5	49	90	81	85.5	49.5	61	53.5	163.5	101.5	163	41	114.5	98.5	129.5
all_peaks_69823	chr19	19708704	19709205	246.5	193	197.5	246.5	65	180.5	99.5	261	123	180.5	76.5	145	101.5	117	93	137.5	101.5	140	92.5	111	55.5	289	222.5	263.5	107	259	234.5	254.5
all_peaks_69846	chr19	19774347	19774848	431	432	498	447	391.5	325.5	384.5	272	366	327.5	391	369	381	383.5	431.5	386	405	353	391	412.5	438	279	455	297.5	413	309.5	426	300.5
all_peaks_69862	chr19	19928111	19928612	108.5	161	53	189	4	2	4.5	17	3	6.5	9	8.5	0.5	1	8.5	10.5	7.5	3	25	7.5	0.5	15.5	65.5	136	2	23.5	39.5	71.5
all_peaks_69863	chr19	19932353	19932854	271.5	333	264.5	296	101	103.5	141.5	144.5	120.5	96	111.5	87	120	120	206.5	124	139.5	113.5	198	120.5	142.5	183	254.5	191.5	141	158.5	282	179.5
all_peaks_69869	chr19	20011435	20011936	185.5	221.5	165.5	193.5	86	44.5	132	110	54	59	123.5	76	77	58.5	182.5	113	85	64.5	178	89	91.5	124.5	177.5	135	76.5	110	155.5	138.5
all_peaks_69871	chr19	20150099	20150600	190	227	176.5	214.5	47.5	55.5	111	83	56.5	52.5	109.5	85.5	48.5	51	180.5	80.5	83	62.5	168	94.5	117	144.5	142.5	142	125.5	105	194	153
all_peaks_69881	chr19	20844218	20844719	147	189.5	190	177.5	45	35	103	46.5	40.5	28	66.5	35	56.5	53	106.5	64	56.5	47.5	103	65	67.5	57	80	72.5	93	62.5	111	65
all_peaks_69885	chr19	21182405	21182906	214	220	163	203.5	70	104	185	182	92	83.5	148.5	196.5	52	76.5	178	139	58.5	65	187	103.5	183	159	242	257.5	117	142	254.5	211.5
all_peaks_69898	chr19	21579614	21580115	234.5	328.5	254.5	280.5	139	134	228	173.5	138	124	198.5	166.5	190.5	187.5	289	197	167	118.5	265	183.5	166.5	148.5	165.5	208	128	154	224.5	157.5
all_peaks_69904	chr19	21751917	21752418	221	278.5	177	283	25.5	7	120	48	22	20.5	113	56.5	20	8	117.5	36	21.5	10	141.5	36	85	53	142	104.5	48	51	156	140.5
all_peaks_69914	chr19	22018799	22019300	218.5	305	227	283.5	145	156	283	207.5	154	133	269.5	193	163	193.5	276	245.5	190	131.5	270.5	191	197	182.5	218.5	219.5	169.5	185.5	206.5	164
all_peaks_69926	chr19	23578089	23578590	272.5	339.5	271.5	322	177.5	153	252	174.5	158.5	126.5	210.5	195.5	206	191.5	302.5	198	195.5	150	251.5	196.5	171	150.5	201.5	186.5	212.5	163.5	222	151.5
all_peaks_69948	chr19	24237298	24237799	1	1	4.5	3.5	5.5	53	3.5	84	28.5	89	5.5	25.5	6	15	1.5	34.5	8.5	29	3.5	4	35	112.5	26.5	156.5	95.5	140.5	117.5	134
all_peaks_69956	chr19	27731797	27732298	122	207.5	53.5	130	862.5	526	420.5	346	941	872	454.5	738	538	114	117.5	199.5	186.5	102.5	93.5	105.5	295.5	240	427.5	321.5	830	275.5	614.5	413
all_peaks_69961	chr19	27738236	27738737	30	39	17.5	26	189	73.5	69.5	29	242	165	69	117	106.5	11.5	19.5	17	35.5	16	20.5	11.5	51.5	28	62	40.5	123.5	25	91	61
all_peaks_70	chr1	968364	968865	49	54.5	51	89.5	74	121.5	43	122.5	76	143.5	88	134	60	55	59	115.5	81	101.5	98.5	87.5	93	206	201.5	253	133.5	189.5	251	301.5
all_peaks_70001	chr19	30078412	30078913	56	8	179.5	41.5	135	267	72.5	215	244	223	162	153	187	274	45.5	189	269	328.5	143.5	133.5	271.5	289	220.5	288.5	307	227.5	319	188.5
all_peaks_70007	chr19	30114451	30114952	31.5	2	51.5	6	115.5	126.5	14.5	48	184	94.5	56	75	112.5	94.5	11.5	51	124.5	179	22	65.5	93	59	25	16.5	164.5	116	21.5	25.5
all_peaks_70013	chr19	30163856	30164357	237.5	284.5	290	278	144.5	108	184	84.5	179	97.5	180.5	105	145	153.5	162.5	159.5	191.5	158.5	174.5	168.5	66	67	108.5	33.5	73.5	64	85	43.5
all_peaks_70016	chr19	30171383	30171884	184	145.5	249.5	143.5	141	127.5	150	180.5	176	122	155	189	130.5	162.5	144	171	165	160	143.5	186	73.5	56	89	80	66.5	53	129.5	55.5
all_peaks_70035	chr19	30321999	30322500	146.5	240.5	60	255	100.5	91	151	75.5	117.5	34.5	163.5	123	97.5	101	174	84	115	128.5	179.5	141.5	133	47.5	78	53.5	105.5	50.5	80	77
all_peaks_70036	chr19	30327307	30327808	12	4	5.5	3.5	82.5	108	26.5	151.5	97.5	109	69	149.5	58	88.5	23	108	81	152	43	80.5	115	67	59	110	130.5	65.5	92.5	134.5
all_peaks_70041	chr19	30335820	30336321	315.5	293.5	270	362.5	264.5	199.5	253	178	210	232	299.5	170.5	270	283	302	282.5	321.5	289	339.5	289.5	312.5	225	252	231	306	213	275.5	261
all_peaks_70076	chr19	31704955	31705456	239.5	132.5	273.5	176	176.5	166.5	262.5	326	205.5	200.5	204.5	255.5	153.5	226.5	197	271.5	185.5	220.5	187.5	227.5	126	118.5	252	228.5	117.5	145.5	242.5	198.5
all_peaks_70106	chr19	33133688	33134189	69	47.5	87.5	79.5	52.5	5.5	140	20.5	52.5	10	145	39	44	28	131	32	64.5	28	154	84.5	23	5.5	45	8.5	25	6	61	9.5
all_peaks_70120	chr19	33285354	33285855	82.5	102	57	105	43.5	10	170.5	33	57.5	12.5	165	131.5	38	29.5	199.5	67.5	109.5	31	189	161	30	11	60	28.5	48	19.5	58.5	23.5
all_peaks_70145	chr19	33651303	33651804	66	69	137	91	91	135.5	167.5	148	129	126	200	221	93.5	127	185.5	155	130.5	134	194.5	176.5	65.5	43.5	73	35.5	73.5	79	83	45
all_peaks_70146	chr19	33667896	33668397	209	239.5	222	211	290.5	446.5	248.5	273.5	373	512.5	290	422	257.5	268.5	212	382.5	265.5	317.5	234	313.5	235	252.5	196.5	233	223.5	350	229	247
all_peaks_70209	chr19	34760808	34761309	222	243.5	134	205.5	99	60.5	95	37	54.5	30	68	33	129	74.5	118	57.5	91	58	86	94	52	73	33	31.5	20.5	42.5	20.5	56.5
all_peaks_70220	chr19	34841116	34841617	186	234	199	239.5	235.5	196	324	278.5	238	146	272.5	204.5	232	254.5	281	239	234	210.5	277.5	281	226	141.5	271	125	183	94	224.5	113.5
all_peaks_70222	chr19	34850040	34850541	229	264.5	243.5	258.5	396	475.5	359	546.5	354	476.5	370	407	395.5	473	310	451	405.5	462	342.5	407.5	458	491	399	491.5	509.5	445.5	462.5	484.5
all_peaks_70265	chr19	35505265	35505766	145	141	112	155.5	55	17	116	4	9	4	101	21	71.5	39	135.5	19	62.5	34	113	58	33.5	9.5	38.5	7.5	21	6	30.5	2
all_peaks_70303	chr19	35697298	35697799	153	125	114	131.5	92	48.5	179.5	46	69.5	46.5	115	91.5	101.5	119	173	100.5	106	66.5	138.5	107.5	77.5	29.5	96	47	19	17	56	31.5
all_peaks_70304	chr19	35701596	35702097	356.5	409.5	298.5	403.5	165	76.5	214.5	94	119	76	173	89.5	173.5	170.5	256	121	196	150	278.5	175	230.5	107.5	263.5	143.5	172	110	232	179.5
all_peaks_70312	chr19	35739360	35739861	143.5	116.5	129.5	248.5	76.5	15	87.5	23	99	28.5	120	24	49	30.5	73	20.5	93	40	138	81.5	59.5	26	39	50.5	60.5	61	72	117
all_peaks_70343	chr19	35896107	35896608	1	0.5	1	1	1	81.5	0	32.5	15	90.5	1	5.5	7.5	21	1.5	9	7.5	25	1.5	0	28.5	258	9	103	70	216.5	6.5	106.5
all_peaks_70352	chr19	35953479	35953980	185	161.5	198.5	176	122	97.5	122	123.5	110.5	55	133.5	136.5	138.5	126	151	146	184	100	146	151	51	65.5	61.5	76	40.5	23.5	76	68
all_peaks_70364	chr19	36066313	36066814	79	134	73	114	413	391.5	177.5	264.5	516.5	795.5	200	404	365	165.5	116.5	166	186.5	205.5	158.5	159.5	257	347	323.5	541.5	318	465	376.5	706
all_peaks_70373	chr19	36119546	36120047	305	303	367	400.5	300	331.5	330.5	293.5	353	290	380	363.5	313	346	326	322.5	378	357	399	368	252	224	266.5	221.5	291.5	259.5	295	252
all_peaks_70379	chr19	36135180	36135681	303	302	295	287.5	344	416	396	465	312	313	391.5	307.5	393	402.5	370.5	384.5	370.5	360	374.5	364	410.5	425	438	442.5	425.5	421.5	401	430
all_peaks_70391	chr19	36193146	36193647	344.5	371	316	376	290	433	342	506	278.5	370	376.5	390.5	336.5	360	346.5	365	364.5	335	341	358.5	431	393.5	365	408.5	357.5	398	349.5	401
all_peaks_70393	chr19	36203673	36204174	89.5	17.5	75	40.5	120.5	208	44	176.5	152	246	63	164.5	140.5	153	28	133.5	106	160.5	44.5	91.5	182	290	199.5	289	185.5	248.5	238	223
all_peaks_70447	chr19	36422335	36422836	446	425	360	410	441	321	442	409.5	430	382	395	364.5	480	485	488.5	485.5	488.5	458	452.5	494	492.5	496.5	463.5	471.5	474.5	544.5	424.5	488
all_peaks_70470	chr19	36545053	36545554	496.5	507	437.5	454.5	461	473	460	437.5	462	414	491.5	454.5	524	530	505	500.5	536	538.5	511	523.5	596	592	590	542.5	600.5	524	530	538.5
all_peaks_70497	chr19	36980234	36980735	261.5	299.5	289.5	283.5	176	125	208.5	109.5	172.5	137.5	241.5	163.5	210	193	245	172.5	225	159	260	191.5	196	180.5	179	154.5	243	183	163	152
all_peaks_70506	chr19	37288057	37288558	259	241.5	230.5	221.5	161.5	101	128.5	105.5	138	124	136.5	90	150.5	153.5	189	119.5	137.5	123	176	107.5	183	197.5	179.5	224.5	127.5	158	179	177.5
all_peaks_70510	chr19	37407020	37407521	220.5	226	224.5	247.5	149	113	214	128	174	100.5	189	119	188	184.5	262.5	171	196.5	130.5	233.5	158.5	208	200	296.5	238	195	156	250.5	200
all_peaks_70514	chr19	37701322	37701823	179.5	188.5	190.5	183	120	55.5	139	92	55	37.5	124	77.5	140.5	120	188	126	150	102.5	164.5	113.5	116	86	147.5	118	136.5	60.5	154.5	66
all_peaks_70519	chr19	37808402	37808903	385.5	413	348.5	374.5	290	267.5	363.5	243.5	261	236.5	299.5	233.5	283.5	335	347.5	301	316	254.5	330	332	273	291	314.5	298.5	260	287.5	303.5	291.5
all_peaks_70521	chr19	37861712	37862213	392.5	377	414	384.5	385	283.5	373	331.5	343	231	379	265.5	342	372.5	451.5	335	376	340	439.5	363.5	364.5	383	387.5	370	348.5	341	402.5	291
all_peaks_70531	chr19	38269621	38270122	205	190.5	151	257	17.5	7	25.5	9.5	9	14.5	29	14	18.5	15.5	49	14.5	25.5	11	36	23.5	14	13	74	36	17.5	13.5	50	31.5
all_peaks_70578	chr19	38865041	38865542	466	424.5	422	443	406.5	346	403	413.5	364	403.5	358	366.5	393.5	505	458.5	458.5	417.5	462	466	469	495.5	450.5	485	492.5	510.5	457.5	510.5	473
all_peaks_7058	chr1	108742721	108743222	166	144.5	174	133	204	175	234	117.5	232.5	132.5	233.5	168	251	214.5	205.5	207	242	209.5	222.5	221.5	149.5	100.5	142.5	104.5	142	125.5	166.5	109
all_peaks_70592	chr19	38917869	38918370	32	3	1	1	106	110	7.5	43	14.5	38.5	2	6.5	90	74.5	2.5	25.5	9.5	24	2.5	6.5	137	220	24	90.5	69	65.5	0.5	28.5
all_peaks_70605	chr19	38997504	38998005	147.5	86	77.5	42	160	124	81.5	166.5	93.5	41	48.5	42.5	232.5	285	98	248.5	93	132	55	102	277	272.5	248	255	186	149	185	187
all_peaks_70616	chr19	39050022	39050523	29.5	2	90	2	140	193	29.5	50	154.5	147	57.5	91	104.5	109	18.5	71	155.5	150	49.5	77.5	142	146.5	26	38.5	139	110	47.5	31
all_peaks_70636	chr19	39147250	39147751	104.5	115.5	83	139	11	2	101.5	14	22	8.5	96.5	54.5	10.5	4	90	36.5	20.5	9.5	137.5	130.5	5.5	8.5	24	9	3	19	25	29
all_peaks_70650	chr19	39184446	39184947	59.5	5.5	149	24.5	112	59.5	41	16.5	153.5	37	100.5	74.5	150	120	42	49	184.5	135.5	73	99	38.5	9.5	19	5.5	70	26.5	52	17
all_peaks_70674	chr19	39340874	39341375	1235	1144	1252	1191.5	779.5	777	877	825.5	805	791.5	843	797.5	867	1060.5	1074.5	911.5	939.5	872	1197.5	924.5	864	793	846	827	873	897	884.5	784
all_peaks_70684	chr19	39390041	39390542	724	597	702.5	645.5	527	513.5	556	593.5	561.5	533.5	529.5	488	612	665	539	583	592.5	636.5	540.5	572	665	597.5	678	653.5	611	642.5	603.5	537.5
all_peaks_70705	chr19	39468507	39469008	2.5	0.5	1	1	30.5	161.5	2.5	172	53.5	133	8	81	35	21.5	0	68	29.5	58	4	16.5	59	146	20.5	124.5	108.5	112.5	66	95
all_peaks_70712	chr19	39564160	39564661	264	192	300	311	103	52.5	163	67.5	125	55.5	171	109.5	112	117.5	134.5	85.5	173	120	161.5	134.5	70.5	51	113.5	46.5	61.5	45	140.5	59.5
all_peaks_70732	chr19	39788530	39789031	43.5	2	215.5	61.5	121.5	58	154	54	298	170	273.5	207	144	171.5	125	110	292	248	234.5	246	44.5	20.5	56.5	26.5	118	85	99	50
all_peaks_70741	chr19	39832657	39833158	473	458	446.5	489	572	444.5	432	377.5	477.5	456.5	441.5	348.5	528	530	487.5	475.5	507	538	485	530	515	521.5	489.5	522	554.5	539	465.5	526.5
all_peaks_7075	chr1	109189353	109189854	216	121	257.5	192	204.5	104.5	166.5	69.5	177	46.5	192	115.5	238	234.5	170	105	250	230.5	214.5	200.5	178.5	51	94.5	18	227	45	105.5	28.5
all_peaks_70752	chr19	39881593	39882094	507	528.5	460.5	510.5	352.5	312.5	392.5	341.5	392.5	430	431.5	316.5	434.5	451	454	397	439.5	416.5	447	421	393.5	394.5	447	404	481.5	425	418.5	390.5
all_peaks_70757	chr19	39891993	39892494	202	109.5	439	252	235	312.5	75.5	166.5	252	241	146.5	198.5	263.5	304	74.5	155	252	299	108.5	122	191	241.5	182.5	124.5	233	242	227.5	190.5
all_peaks_70758	chr19	39894398	39894899	223.5	128	302	201	180.5	129.5	91	128	105.5	121	98	99.5	178.5	156	89	117	148	139.5	97.5	105.5	130	209.5	117	201.5	126	147	95.5	139
all_peaks_70759	chr19	39902788	39903289	340.5	355.5	331.5	312	414	297.5	354	334.5	450	377	388.5	280	391	380	342.5	412.5	390.5	350.5	362.5	381	442.5	401	447.5	378.5	422.5	395.5	403	456
all_peaks_70767	chr19	39921366	39921867	104	7	118	6	102	186.5	11	138	116.5	197.5	13	41	86.5	174	8.5	76	66	123.5	13	25	159	351	80	200	138	369	94	218.5
all_peaks_70773	chr19	39935975	39936476	417	393.5	430.5	416.5	249.5	160	279	197	236	200.5	284.5	225	274.5	276	303.5	235.5	293.5	250	300	279	307.5	279	301.5	265.5	271	269	290.5	258.5
all_peaks_7081	chr1	109235188	109235689	219	223	228	278.5	166.5	98	174	95.5	148.5	99.5	275.5	180	167.5	150.5	193	115.5	212	141.5	233	195.5	157.5	75	161	56	164	84	156	74
all_peaks_70821	chr19	40324088	40324589	220.5	244.5	199.5	220.5	221	194	215.5	174	225.5	170.5	191	133.5	194	216.5	205.5	197.5	180.5	202.5	178.5	172	292.5	310.5	255.5	288.5	303	291	241	251
all_peaks_70838	chr19	40449845	40450346	36.5	59.5	55	55	53.5	17.5	158.5	169	47	12	109.5	171.5	60	65.5	121	177	95	31	80.5	165	20.5	6.5	68.5	93	18.5	8.5	50.5	74.5
all_peaks_70895	chr19	40931620	40932121	447.5	471	423.5	445.5	416.5	380.5	453.5	372	386	401	443	381	439	467	491	441.5	438	459.5	456	429.5	542.5	528	535.5	477	558	500	521.5	516
all_peaks_70898	chr19	40948923	40949424	342	330.5	301	327	377	245.5	318	319	285	291	305.5	247	380.5	388.5	364.5	396	378	390.5	383.5	374	427	456	371	415.5	430.5	406.5	366.5	373
all_peaks_70902	chr19	40971626	40972127	427	399	382.5	396.5	323	344.5	369	376	356	281	336.5	263	425.5	436.5	426	414.5	418	389.5	379	384.5	415	484.5	488	523	517.5	490.5	421.5	452.5
all_peaks_70915	chr19	41076339	41076840	211	180.5	160.5	127.5	229.5	159.5	190	134	181	141	136	125.5	268	254.5	243	217	201.5	189.5	194	185	301.5	243.5	296	217	282.5	220	268.5	236
all_peaks_70927	chr19	41109714	41110215	270	191.5	230	160.5	361.5	247	251.5	295.5	229.5	172	217	173	362.5	358	310	338.5	336.5	282.5	266.5	254	419.5	296	390	357.5	375	278	302.5	323.5
all_peaks_70954	chr19	41256362	41256863	565.5	552.5	540	564.5	433	395	460.5	404.5	455.5	452	401.5	445	501	516	511.5	524.5	500.5	468.5	517	484	553	486.5	522.5	501.5	497.5	467.5	504	471
all_peaks_70969	chr19	41304487	41304988	448	425.5	416	449.5	341.5	334	392.5	310.5	301	331	355.5	285	473	423.5	432.5	393	407	411.5	459.5	422.5	402	411	487.5	439	464	378.5	463.5	402
all_peaks_70970	chr19	41309719	41310220	192.5	239	112	208.5	110.5	41.5	182	53.5	38.5	23.5	181.5	53.5	114	87.5	221.5	66	77.5	46.5	196	129.5	115	17	125.5	62	59.5	16	67	41
all_peaks_70976	chr19	41332617	41333118	99.5	151	180.5	172.5	64.5	10.5	49.5	5	68	14.5	70.5	26	86	46	80	21	97	50	88.5	45	27.5	5.5	32.5	5.5	27	4	29	7
all_peaks_70985	chr19	41476119	41476620	94.5	120.5	58.5	206.5	15.5	6	71.5	6.5	28	3	59	41	23.5	24.5	102.5	51.5	41	15.5	101.5	50	18	3	40.5	7.5	9	6	18	3.5
all_peaks_70991	chr19	41626900	41627401	197.5	164	286.5	215	77.5	12	58.5	14	114.5	42	96.5	31	117	96	115.5	29	152	73.5	100	52	84.5	7.5	105	23	63.5	5	71	14
all_peaks_71003	chr19	41769613	41770114	585.5	615	573.5	564	469	347.5	474.5	391.5	547	370.5	505.5	375	525.5	579	541.5	516.5	539.5	532.5	565.5	542	502	390.5	541.5	466	463.5	457	432.5	473.5
all_peaks_71019	chr19	41833442	41833943	144	73.5	328	95.5	253.5	382	243	225	315.5	368	292.5	262	237	294	142.5	264.5	361.5	404	223	326.5	210	206.5	111	141	231	240.5	146	165
all_peaks_71094	chr19	42379385	42379886	318	345	372	343	215	81	270.5	87	219	31	261	138.5	213.5	237	293	164.5	244.5	178.5	259	215	242.5	51	178	97.5	194	42	156	100
all_peaks_71098	chr19	42388070	42388571	189.5	218	212	219	259	363.5	293.5	334	315	321.5	276	260.5	266.5	344.5	302	343	294.5	337.5	305	334.5	312.5	296.5	258	330	301	348.5	301	314.5
all_peaks_71099	chr19	42391419	42391920	105.5	152	158.5	221	88.5	34.5	147.5	62	100.5	50	202	132.5	82.5	81	176.5	97.5	141	104	202	173	42	12	59.5	29	47.5	34.5	63	43
all_peaks_71128	chr19	42449448	42449949	170	93	322	239.5	60.5	35.5	40.5	42	81	64	83.5	52	51	43	28	33.5	123.5	108	64.5	42.5	42.5	43	84.5	68.5	122	90	133	154.5
all_peaks_71143	chr19	42555559	42556060	4.5	0.5	1	1	6	104	6.5	24.5	8	131	4	21.5	19	42.5	3.5	16.5	8.5	53	1	5.5	51	165.5	27	98	84	137.5	88.5	121
all_peaks_71176	chr19	42703186	42703687	176	148	205	185	183	125	210	150.5	235	83.5	257	204.5	190.5	240.5	211	210	258	199.5	258	287	163	29.5	111	42.5	135.5	41.5	154	71
all_peaks_71181	chr19	42721822	42722323	305	201	258	221	218.5	180.5	217.5	228	228	234.5	169	178.5	302	255.5	243.5	241	261	291	207	230	212.5	272.5	317	298	263	318	270.5	391
all_peaks_71187	chr19	42747029	42747530	622	638.5	604	643	530	405.5	587	500.5	458	385.5	560	471.5	526.5	495.5	612.5	468	513.5	398	581.5	559	496.5	471.5	495	466	504.5	429.5	535.5	462.5
all_peaks_71195	chr19	42772873	42773374	3210	1938	3210	1938	932	967	1422	1122	877	855	1238	983.5	1037	1938	2595	1486	1358	1350.5	1938	1938	1373.5	1171	1073	1037	1018.5	1018	1055	931
all_peaks_71222	chr19	42900952	42901453	188	149	240.5	157	228.5	364	210	347.5	185.5	264.5	231	311	228	256.5	202.5	283	235.5	273	199	248	256	339	245.5	358.5	288	339.5	308	297
all_peaks_71275	chr19	43967409	43967910	343.5	388.5	274	337.5	265.5	171	266.5	231	232.5	165.5	257.5	174	341.5	322.5	381	317.5	328	257	369	307	304.5	266	357	336.5	339	314.5	363	328
all_peaks_71287	chr19	44038049	44038550	130.5	180.5	124.5	177	207.5	197.5	145	199.5	172	169	133	171	258	254.5	141.5	235	181	247.5	195.5	193	331	299	310.5	193	365.5	261	301.5	272
all_peaks_71292	chr19	44066763	44067264	221	114.5	478	182	145.5	129.5	201.5	224.5	271	200	218.5	229.5	215	209.5	204	195.5	310	242	183	187.5	115.5	113	188	147	152	138.5	241	177.5
all_peaks_71311	chr19	44172696	44173197	232	218.5	209.5	168.5	341	215.5	253.5	387.5	289	261	221.5	237.5	318	404.5	344.5	484	262	335	272.5	360	378	372.5	387.5	471.5	268.5	388	416.5	406.5
all_peaks_71321	chr19	44258561	44259062	171	200.5	167	169	227.5	219	197.5	314.5	203	290	180.5	272.5	232.5	203.5	178.5	266.5	216.5	240.5	197.5	206.5	264	341	228	281	272.5	302.5	261.5	320
all_peaks_71325	chr19	44269341	44269842	62.5	26.5	96	21	111.5	266	94.5	373	172	302	143.5	297	106	115	60	226.5	115	208	96	167	89	199.5	116.5	201	93.5	231	181	245
all_peaks_71353	chr19	44668900	44669401	97.5	102	113.5	99	100	56	130	67.5	72.5	73.5	127	78.5	103.5	100	169.5	128	113	72.5	162.5	162.5	24	16	32.5	15.5	19.5	16.5	26.5	13
all_peaks_71387	chr19	45251587	45252088	123	73	152	75	171.5	130	69.5	136	126.5	98	82	77.5	194	217.5	95	230.5	160	227	124.5	168.5	150.5	98	132	173.5	130.5	144.5	123	125
all_peaks_71388	chr19	45256478	45256979	240	189.5	236	201	228	199	180.5	206.5	283	261	163	189.5	257.5	320	161.5	311.5	288	307.5	171.5	228	196.5	168.5	218.5	225.5	193.5	185.5	212	176
all_peaks_71395	chr19	45273707	45274208	213	160.5	194.5	174	244	183.5	261.5	192.5	261.5	228.5	243	205	319	321	263.5	283	276.5	318.5	289.5	287	284.5	225	227	241	244.5	205	245.5	218.5
all_peaks_71428	chr19	45505041	45505542	253.5	231	217.5	194	302	233	215.5	246.5	276	285.5	201	200	355	341.5	335	343.5	357.5	317.5	306	311	316.5	300.5	314.5	327	305	296.5	294.5	226.5
all_peaks_71468	chr19	45681622	45682123	764	863.5	775.5	805.5	634.5	545.5	647	603	633.5	585.5	720.5	688	655.5	707.5	721.5	648	714	622	672.5	696	656.5	660	566.5	629	556	599.5	600.5	538
all_peaks_71517	chr19	45972414	45972915	357	366.5	282	389.5	231	246	267.5	193	259.5	285	248	213.5	254.5	273.5	280	248.5	248.5	274	263.5	257	363	316	289	312.5	344	354	283	295.5
all_peaks_71537	chr19	46087921	46088422	506	415	371	415	274	153.5	305.5	209	320	271.5	314.5	207.5	339.5	338	316	294.5	307.5	315	312	309	310.5	336	338	308	316.5	344	285	320
all_peaks_71542	chr19	46117446	46117947	13.5	1.5	14.5	4	79.5	125	11.5	144	76	140	15	74	83.5	71	4.5	64	68.5	106.5	6.5	26	67	138.5	30	108.5	82.5	134.5	67	98.5
all_peaks_71547	chr19	46145617	46146118	107	51.5	128.5	76.5	80	176	69.5	267	150.5	260	74	167.5	87	75	66	184	120	122	79.5	107	78.5	299.5	142	322.5	109	305	180	298.5
all_peaks_71568	chr19	46272547	46273048	145.5	115	154	106	244	218	179	248.5	265	219	136.5	169	267.5	270.5	192	274.5	222.5	266.5	181	228	277.5	273.5	238	235.5	253.5	233.5	212	268.5
all_peaks_7157	chr1	110045090	110045591	157	190	114.5	171.5	42.5	4	88	1	19.5	4	96	20.5	33	20.5	127	11	35.5	12	109.5	55.5	7.5	4.5	21	3.5	7	7.5	14.5	4.5
all_peaks_71608	chr19	46498273	46498774	668.5	738	616	694	622.5	540.5	638	608.5	603	541.5	627.5	519.5	606.5	659	702.5	676	660.5	666.5	708.5	657.5	642	674.5	674.5	626.5	644.5	603	606	683.5
all_peaks_71676	chr19	47137205	47137706	147.5	176	69.5	174	62.5	54.5	96	102	39	58.5	99	45	82.5	107.5	151	125	72.5	83.5	115	93	147.5	147	235.5	194	145	122	177	174
all_peaks_71680	chr19	47164252	47164753	351	368	362	335	428.5	440	408.5	492	391	395	361	380	419	449	393	433.5	409.5	437.5	380.5	411	470.5	463.5	517	487	454	481	486	506.5
all_peaks_71713	chr19	47291705	47292206	195.5	114	186.5	91.5	229.5	219	154.5	216	267.5	168	194	210.5	212.5	211.5	150	257.5	206	232	151.5	211.5	250	306	233	276	304.5	246.5	239.5	239.5
all_peaks_71718	chr19	47324742	47325243	72.5	76.5	62.5	81.5	122	116.5	142	132.5	178.5	47.5	206.5	208	114	155.5	141.5	170.5	208.5	301.5	203	177.5	177	69	144	89	170.5	62	152.5	84
all_peaks_71764	chr19	47598040	47598541	52	24	53	33	147	161.5	156.5	265	182.5	150.5	139.5	193	141.5	262.5	75	315.5	130.5	222.5	140	313.5	93	108	101.5	90	102	86.5	86	115
all_peaks_71769	chr19	47616298	47616799	541.5	584.5	480.5	558.5	456	413.5	518	394.5	528	471	515	443.5	533.5	492.5	533.5	439	537.5	483.5	500.5	486.5	498	523.5	531.5	489.5	452	560	562.5	495.5
all_peaks_71795	chr19	47759936	47760437	222	208.5	209	202.5	348.5	177.5	265	253	274.5	323	258	219	348	314	300.5	307	306	290.5	306.5	315	300	307	317.5	312.5	330	318.5	281.5	311.5
all_peaks_71826	chr19	47931389	47931890	54.5	48	35.5	53	94.5	62.5	29	132	126.5	78.5	42	72.5	75	141.5	40.5	164	68	103.5	31	93	132	175	183	182	162	188.5	251	188.5
all_peaks_71843	chr19	48018319	48018820	574.5	542.5	512.5	516	671	414	502	411.5	476	577.5	465	409.5	670	667.5	629	592.5	643.5	645	625.5	594	608	530	552.5	496	528	484	487	530
all_peaks_71922	chr19	48763070	48763571	153.5	114	131	132.5	213.5	329.5	173.5	161.5	174	285.5	147	220	209	217	141.5	167	143.5	179.5	125	149.5	261.5	264.5	208	172	173	202.5	219.5	148.5
all_peaks_71930	chr19	48825153	48825654	377	383	338	370.5	330	259	358	313.5	301.5	269.5	333.5	309.5	403.5	348.5	378	346.5	365.5	338.5	375.5	341	283	251	315.5	260.5	281	251.5	259.5	305
all_peaks_71934	chr19	48836021	48836522	536.5	595.5	478	596.5	466.5	383	565.5	471	362.5	270.5	531.5	374	525.5	549.5	594.5	492.5	503.5	387.5	536.5	501.5	558	439.5	533	478	451.5	360.5	439	400.5
all_peaks_71940	chr19	48867202	48867703	388	379.5	376.5	392.5	521	358	449.5	422	495	416.5	483.5	483	479	472.5	462.5	484.5	474	517	529.5	515.5	548.5	464.5	546	493.5	545	529.5	571.5	454.5
all_peaks_7195	chr1	110333325	110333826	87.5	87.5	84	90.5	161.5	232	151	215.5	139	169.5	194.5	275.5	142	189.5	121	191	167	209	171	184	184	129.5	139	148.5	218.5	173	243.5	181.5
all_peaks_71957	chr19	48972199	48972700	682	664	633	644	629	675.5	689	575	628	534.5	597.5	586	698.5	680.5	712.5	687	678.5	679	672.5	665.5	763	765	738	644.5	661.5	676.5	713	725
all_peaks_71963	chr19	48996473	48996974	90	125	101.5	91.5	92.5	44.5	92	140.5	76.5	69	80.5	61.5	123	139	133.5	196.5	84	98.5	107.5	91	178.5	166.5	216.5	257.5	184.5	168	241.5	185.5
all_peaks_71983	chr19	49122369	49122870	422.5	337.5	477.5	379	435	432.5	515.5	415.5	508.5	373.5	495	418	482.5	520	492.5	558.5	515.5	457	510	534.5	400.5	376.5	359	409	410	421	426.5	334.5
all_peaks_71992	chr19	49140600	49141101	645.5	662	659	685	521	410.5	639	396.5	520.5	375	651.5	492.5	581.5	627	694	568	645	560	730	708.5	639.5	392	560.5	427	674	416.5	575.5	476
all_peaks_72008	chr19	49217245	49217746	476.5	452	478	488.5	506	544	541.5	520	534	576.5	535.5	451	526	576	512	610.5	539	573	537.5	600.5	565	610	597	557.5	602.5	615.5	604.5	628.5
all_peaks_72039	chr19	49378407	49378908	158	67	142	61.5	170.5	186.5	191	172	172	167	176	178	222.5	176.5	199	164.5	197	153.5	158	154	255	259	305	285	210	237.5	229	232
all_peaks_72097	chr19	49631149	49631650	219	212.5	198	194.5	202	180.5	193.5	234	165	223.5	192.5	157.5	267	291.5	276	285	231.5	262	240	238	345	345	359.5	356.5	348.5	313	338.5	363
all_peaks_72165	chr19	49972254	49972755	397.5	232	434	320	304.5	299	389.5	223.5	333.5	316	329.5	243.5	370.5	448.5	403	359.5	329	380	362	366	348.5	202.5	242.5	212	286	253	170.5	228
all_peaks_72166	chr19	49977304	49977805	287	331	246	336.5	215.5	176.5	323.5	134	177.5	107.5	327	232	195.5	169.5	322.5	208.5	210	147.5	329.5	281.5	161	158.5	235.5	135	191.5	191.5	193	146
all_peaks_72176	chr19	49999228	49999729	537.5	563	465.5	544	486	422	545	511	550	504	541	443.5	518	521	542	570	484	482	539.5	587.5	549	563	538	599.5	599.5	596	590.5	536
all_peaks_72196	chr19	50071255	50071756	226	177	226	261	130	102	211.5	49	148	41.5	266.5	188	131	121	274	204.5	190	126.5	283	256.5	85.5	44.5	118.5	24.5	38	46.5	86.5	43.5
all_peaks_72214	chr19	50143303	50143804	596	579	630	597	658.5	598	639.5	611	598.5	592	676	633	678.5	670	637	767.5	760.5	674.5	668	691.5	609.5	523	680.5	604	673	597	695.5	554
all_peaks_72226	chr19	50179889	50180390	484.5	465	497	517	396	367.5	457.5	445.5	455.5	485	461.5	421	491.5	528.5	587	509	550.5	502.5	544	572	512	507	475.5	487	376	559	402	442.5
all_peaks_72237	chr19	50269611	50270112	846.5	821.5	782	823.5	700.5	680.5	787.5	831.5	665.5	697	773.5	667.5	731	770.5	828	821.5	760.5	721.5	774	799	723	800	735	747.5	674	813	737.5	794.5
all_peaks_72267	chr19	50372577	50373078	272.5	256	431.5	266	412.5	496.5	493.5	562.5	400	481	428	447.5	430	431	453.5	454.5	408	417.5	443.5	452.5	348	428	353.5	449	345.5	484.5	386	461
all_peaks_72273	chr19	50379745	50380246	349.5	379.5	319	336.5	329	189.5	318	192.5	270	276.5	298.5	218	317.5	286	322.5	269	295.5	273.5	291.5	289.5	297.5	274	306	260.5	295.5	255	302.5	222.5
all_peaks_72274	chr19	50380600	50381101	488.5	495	448.5	475	439	263.5	418	328	440.5	380	420.5	311.5	465.5	450.5	488.5	453.5	456.5	404	490	450.5	411	441	449	469	382.5	410.5	384.5	468
all_peaks_72310	chr19	50528621	50529122	326.5	342	301.5	317.5	281.5	176	294	263	286.5	283.5	267.5	209	323	328	393.5	346	320	286.5	382	349	249.5	259.5	291	296	197.5	278.5	275	272.5
all_peaks_72329	chr19	50832493	50832994	149.5	65.5	44	24	352.5	392	161.5	403.5	301	385	131.5	177	388.5	542	170	474.5	213.5	350.5	95.5	174.5	565.5	566.5	433	465	508.5	498.5	386	396.5
all_peaks_72330	chr19	50836598	50837099	138.5	114.5	95	86.5	145	149	137	150	113.5	206.5	96.5	84.5	181.5	254.5	127	202.5	158.5	152.5	104	139	221.5	232.5	232	219	167	203.5	211.5	180.5
all_peaks_72374	chr19	51014286	51014787	558.5	543	497.5	492.5	515.5	403	560.5	511.5	384	426	502.5	345.5	508.5	532	533.5	502	477.5	454.5	501	514.5	389	409	459	473	374	406	490.5	463.5
all_peaks_72387	chr19	51161270	51161771	36	42.5	22	155	44.5	97	32.5	229.5	57.5	71	52	143.5	28.5	82.5	28.5	172	28.5	60.5	34	70	136	235	234.5	387	126.5	180	414	437.5
all_peaks_72399	chr19	51228060	51228561	91.5	201	39	283.5	214	205	205.5	287.5	193.5	254	261.5	279.5	186.5	279	238	342.5	175	319.5	318	329.5	293	310.5	402.5	370	312.5	271	399	441.5
all_peaks_72408	chr19	51308001	51308502	189.5	164	157.5	198.5	188.5	131.5	140.5	165.5	142.5	210.5	189.5	173	208.5	211	205.5	232	234.5	239.5	210	248.5	223.5	225	261.5	250	288	269.5	244	334.5
all_peaks_72454	chr19	51759538	51760039	1.5	1.5	1	2.5	80	129.5	66.5	34.5	97.5	99	34.5	46	101	110.5	36.5	51.5	80	67	56	57.5	115.5	197	66	48.5	133.5	134.5	82.5	40.5
all_peaks_72470	chr19	51870756	51871257	200	161.5	242	202.5	299.5	375.5	280.5	414.5	360.5	488	284	379	293.5	383	270	430.5	358	452.5	276.5	408	386	445.5	380.5	448.5	450	490	357.5	468.5
all_peaks_72472	chr19	51875961	51876462	21	7.5	339	75.5	134	121.5	82	254.5	373	354	342.5	389.5	132	197	30.5	219	352	343	228.5	339	70	86.5	54.5	101.5	179	235	179	256
all_peaks_72478	chr19	51897454	51897955	174.5	174	201.5	154.5	346.5	497.5	303	535.5	422.5	395.5	277.5	453.5	292	349.5	259.5	376.5	322.5	428.5	293.5	302.5	391.5	478	454	543	427.5	519	447	509.5
all_peaks_72486	chr19	51944765	51945266	104.5	59.5	163	146	130.5	172	188.5	298.5	228	266	239.5	190.5	139	195	162.5	257.5	223.5	196.5	217	243	159.5	206	175	233	231	245	217	260
all_peaks_72522	chr19	52692790	52693291	706.5	677	692	665.5	644.5	541.5	626	604.5	586.5	526.5	637	542	647	724.5	688	653	651.5	616	646.5	701	633	623.5	629.5	575.5	600	611.5	595.5	552.5
all_peaks_72553	chr19	53400713	53401214	176.5	233	166	220.5	63	35.5	134	92	52.5	63.5	127.5	58	82	93	169.5	126.5	112	95.5	164.5	125.5	112.5	109	148.5	146	169.5	97	186.5	176.5
all_peaks_72557	chr19	53465941	53466442	268.5	289	232.5	250	225	163	272	177.5	213.5	129	252	168.5	216.5	218.5	312	231	256	197	292	282.5	218.5	194.5	264.5	204	230.5	170.5	256.5	175
all_peaks_72582	chr19	54041253	54041754	242	216	240	287	61.5	29.5	60	29.5	65.5	31.5	77	35	57.5	62	67	38	64.5	49.5	70	58	58	66.5	108.5	60.5	36	58	95	66
all_peaks_72590	chr19	54057662	54058163	271	184	264	270	88	40	64	43	74.5	80	77	36.5	79	102.5	84	65.5	77.5	80	70.5	60.5	88	86.5	149.5	97	67	78.5	101.5	81
all_peaks_72608	chr19	54370603	54371104	298.5	258	298.5	277	223	113	156	111.5	176.5	186	147.5	143.5	236.5	216.5	241.5	215.5	236	226	238.5	236.5	227	221.5	266.5	247.5	271.5	244.5	246	323.5
all_peaks_7263	chr1	110778366	110778867	1	4	2.5	2	2	77.5	3	61.5	13	83	0	17.5	15	10.5	5	15	6.5	22	1.5	3.5	16.5	155	8.5	89	17.5	164.5	14	92.5
all_peaks_72642	chr19	54640730	54641231	1039.5	1009	964	979.5	778	645.5	784.5	716.5	725	689	842.5	706.5	821	1006.5	1036.5	843.5	888.5	802	939.5	852	759	749	802.5	745.5	631.5	677.5	853	770.5
all_peaks_72666	chr19	54693436	54693937	686	661.5	590	590.5	666.5	653.5	740.5	698	721.5	712.5	642.5	602	711.5	719.5	774	779.5	644	711	732	728.5	783	906.5	741	843	830	847	741.5	804
all_peaks_72667	chr19	54694429	54694930	784	771	742.5	766	641.5	582.5	708.5	650.5	651.5	612.5	657.5	606	692.5	765	716.5	651	719	705	694.5	691	798.5	800.5	783.5	749	830	765.5	821.5	794.5
all_peaks_72670	chr19	54714622	54715123	90.5	22.5	417	95	203.5	236	170	132.5	292.5	158	270	200.5	241.5	265	135	223.5	316	247	252	239	159.5	97.5	125	80	167	123.5	180	108.5
all_peaks_7270	chr1	110881694	110882195	658.5	709.5	589	652.5	620	502	606	544.5	540	525.5	568.5	595	597.5	611	624	546	560	532.5	586	568.5	551	519	571	570	485	490	500	431
all_peaks_72711	chr19	54974799	54975300	152	94	141.5	113.5	168.5	196.5	125.5	259	156.5	244.5	144	160	204.5	230.5	182.5	243	188	195	165.5	180	207	294.5	265.5	317.5	245	261.5	231	316
all_peaks_72830	chr19	55850893	55851394	775.5	804.5	695	732.5	640	683.5	692	619.5	703	641	689.5	663	719.5	747.5	713	689	682	666	717.5	727	731.5	671	656	690.5	641	673.5	616	586.5
all_peaks_72856	chr19	55919364	55919865	512	549.5	532.5	591	534	433	479.5	359.5	573.5	441	528	411	506	469	487.5	417	494	513.5	526.5	516	504.5	374.5	412.5	374.5	466.5	392	448.5	437
all_peaks_72916	chr19	56165571	56166072	406.5	501	383	460.5	451.5	442.5	482	427.5	456	413	488	424.5	441	415.5	447	371	394.5	337	417.5	385.5	497	506	391.5	491	534	530.5	454.5	543
all_peaks_72947	chr19	56652205	56652706	472	510	381.5	452	397	316.5	484.5	318	397.5	309.5	455	345.5	524.5	507.5	567	458.5	522	458	538	542	414.5	339.5	406	361	380	386	333.5	345
all_peaks_72964	chr19	56904725	56905226	188	224	159.5	220.5	99.5	63.5	168	76.5	124.5	59	134	73	123.5	120.5	222.5	95	123	68	194.5	141	139	95.5	172.5	120.5	119.5	67.5	169	126.5
all_peaks_72996	chr19	58011001	58011502	250.5	252.5	238	286	186	164	233	127	189	129	219	156.5	206	239.5	245.5	198.5	231.5	214.5	271.5	244	194	133	205	184	148	143	216	168.5
all_peaks_7301	chr1	111173893	111174394	157.5	108	141	102	163	121.5	195.5	213	154	89	200.5	250	156.5	147.5	194.5	240.5	147	130.5	207	217	156.5	91	182.5	106.5	106.5	81.5	141	110
all_peaks_73027	chr19	58609424	58609925	140.5	186.5	104.5	210.5	21.5	11	21.5	14	30	11	38.5	24.5	14	12.5	35	8.5	14.5	16	42.5	12.5	65.5	39	90	71	69	51.5	123	79.5
all_peaks_73035	chr19	58789959	58790460	256.5	298	333	322	363	389	392	466.5	342	397.5	392	384	337	395.5	380.5	398	403	382	392.5	390	259	367.5	288.5	342	335	395.5	304.5	368.5
all_peaks_73036	chr19	58816397	58816898	363	378.5	360	435.5	211	260	270.5	262.5	235.5	236.5	264.5	300	268.5	288.5	310.5	285.5	308	285.5	258.5	284	214	215	298.5	247	212	233.5	246.5	280
all_peaks_73056	chr19	58912476	58912977	496	499.5	451.5	461.5	430.5	517.5	456	481.5	405	362.5	475.5	428	425	494.5	466	475	433	457	465	460	534	574	464.5	527.5	491.5	541.5	472	499
all_peaks_73060	chr19	58951440	58951941	420.5	391.5	411	412	266	386	408.5	423.5	377.5	298.5	367	387.5	329	405.5	404	358.5	345	333.5	420	372.5	406.5	391	454	467.5	410	364.5	403	456.5
all_peaks_73067	chr19	58987254	58987755	429	411.5	473.5	547	383	437	450.5	441	491	537.5	543.5	523.5	406	472.5	385.5	399	518	540.5	539.5	545.5	459.5	499	402.5	384	609.5	533.5	551	549
all_peaks_73071	chr19	59000046	59000547	17	2.5	7	2	91	190	8.5	134	71	152	8	45.5	80.5	109	6	34	42	104.5	3	11.5	207	302	83	120.5	209.5	170	77	69
all_peaks_73073	chr19	59010607	59011108	130	120	141.5	151.5	148	228.5	145.5	231	176.5	228	191.5	208	192.5	208	174	219	224.5	284	226.5	209	218	260.5	211.5	237.5	231.5	284	281.5	279.5
all_peaks_73075	chr19	59025191	59025692	159.5	181.5	123	134	252	314	270.5	289	263	236.5	239.5	208.5	228.5	271	232	234.5	226	285.5	210.5	207	260.5	274.5	250.5	288.5	320	305	291.5	236
all_peaks_73077	chr19	59031031	59031532	217	199.5	204	196.5	223	331.5	267	299	245	312.5	246.5	343	227.5	294.5	246.5	307	243	311.5	250.5	275	254	362	243	327	244.5	339	264	295
all_peaks_73086	chr19	59070152	59070653	371.5	382	315	332.5	305.5	310	389	319	382	374	333	290	347	323	342	317	312.5	321	313	305.5	427	453	368	392.5	468.5	481.5	391	394
all_peaks_73089	chr19	59084564	59085065	501	495.5	408	457	432.5	309.5	427	314	381	421.5	343	286.5	416.5	390	416.5	381.5	358	372.5	411.5	408.5	361	357	345	363	375.5	401	290.5	383.5
all_peaks_73123	chr2	437950	438451	136	153	174.5	144.5	102	33.5	103	23	73.5	23	101	20.5	125	145.5	116.5	80	125.5	63.5	126.5	62	105.5	38	76.5	44.5	76.5	24	50.5	15
all_peaks_73140	chr2	676659	677160	410	384.5	417	370	627.5	586	520.5	591.5	567	546.5	548.5	525	653	626	541	633.5	568.5	611.5	515	623.5	578.5	552.5	638.5	575.5	660.5	548	616	554
all_peaks_73161	chr2	969650	970151	28	49	54	166	7.5	5.5	80	13.5	76	8	177.5	118	10	23.5	82.5	31.5	66.5	46	165	155	14.5	5	20.5	10	21.5	11	89	42
all_peaks_73176	chr2	1512892	1513393	85.5	131.5	23.5	82	48	26.5	99	16.5	67.5	11	191	71	59	91	100.5	76	73	54.5	181	101	68.5	2.5	44	6.5	10.5	2	12	7
all_peaks_73197	chr2	2617113	2617614	156	260	58.5	240.5	118.5	186	215.5	178	66	70	158	135.5	134.5	178.5	233	203.5	76	104.5	197.5	170.5	151	152.5	187	196	93	80.5	196.5	177
all_peaks_73198	chr2	2650348	2650849	79	233.5	17.5	203.5	3.5	9.5	131	38.5	5	5	97.5	68	5.5	12.5	125.5	65	9	7.5	70	42.5	31	20.5	100.5	39.5	9	10	62.5	46
all_peaks_732	chr1	6520375	6520876	276	224.5	148.5	183	171	182.5	230.5	179	65	49.5	170	136	167	153.5	251.5	200.5	116.5	83	219	196	164.5	112.5	136	124.5	88.5	74.5	81.5	76.5
all_peaks_73216	chr2	3226907	3227408	55.5	18	64	8	28.5	110	38.5	227.5	44	184.5	34.5	171.5	44	45	28.5	107.5	75.5	77	50	74.5	45.5	175	31.5	217.5	42.5	289	31.5	216
all_peaks_73231	chr2	3522672	3523173	169	212	200.5	199	317.5	264	226	283	279	345	282.5	316	239	201	192.5	205	277.5	312.5	245.5	264.5	307.5	324	228.5	240	398	447.5	322	390
all_peaks_73234	chr2	3605768	3606269	247.5	206	230	219.5	329.5	402.5	225	328.5	311.5	504	252	359	253	243.5	246	272	274.5	320.5	226	263.5	236	370	245.5	341	284	447.5	259.5	380
all_peaks_73254	chr2	7005735	7006236	126	126.5	156	122	173.5	150.5	219.5	68.5	154	68.5	213.5	164	144	111	164	143	128	138.5	177	145.5	157.5	32	206.5	97.5	117.5	24	156.5	65
all_peaks_73305	chr2	7590552	7591053	39	109.5	62	186	41	52	122.5	65	44	121	155.5	73	49	128.5	78.5	165	95	80.5	155.5	207	12.5	45	46	53	32.5	110	30.5	65.5
all_peaks_73306	chr2	7592190	7592691	20.5	35	17	60	45.5	50	87.5	70.5	110.5	83	112	124	17.5	96	52	119.5	64.5	77.5	102.5	199.5	3	16.5	25	11	6.5	20	40.5	38.5
all_peaks_73328	chr2	7707727	7708228	67	216.5	53.5	288	41	43	225.5	71.5	50	64	292.5	152	59	73.5	196	78.5	107	64.5	348	268.5	61	29	75.5	34	103.5	50	73.5	34.5
all_peaks_73342	chr2	7834111	7834612	3.5	1	2.5	1	48.5	167.5	4	124.5	38	87	5.5	49	63	102.5	3	137.5	41	72.5	5	42.5	66.5	92	31.5	87.5	49.5	76.5	10	58
all_peaks_73347	chr2	7865576	7866077	43.5	28	164.5	74.5	109.5	72	94	24.5	180	150	178	127	159	132	110	69.5	223.5	192	156	185.5	37	27.5	47.5	18.5	119	77	69.5	37
all_peaks_73355	chr2	7884906	7885407	26	3.5	254.5	29	7	19	10	29.5	73.5	133.5	22	46.5	20.5	28.5	10	22	94.5	144.5	25.5	38.5	3.5	17.5	8.5	23	77	99.5	19.5	79
all_peaks_73361	chr2	7965873	7966374	7	3.5	6	3.5	15.5	103.5	12	121	23	146.5	13.5	44.5	30	21.5	5.5	39	23	53.5	8.5	18	76.5	176	46.5	201.5	84.5	195	57	161
all_peaks_73366	chr2	7988004	7988505	7	2	4	2.5	36.5	126.5	15.5	176	26.5	66	15.5	16.5	55	67.5	7.5	46	19	40.5	8.5	12.5	99	172.5	46.5	126.5	80.5	148	25	97.5
all_peaks_7338	chr1	111506380	111506881	448.5	475	484	460	464	415.5	430	408	529	373.5	463.5	440.5	436	503.5	459.5	491	482	475	470.5	516.5	549	497	557	503	607	545	575.5	540.5
all_peaks_73382	chr2	8190294	8190795	5.5	2	14.5	9.5	41	111	13.5	119	44	74.5	13.5	38.5	30	66	6.5	51.5	36.5	73.5	12.5	39	105	193	58.5	145	75.5	164	59	100.5
all_peaks_73409	chr2	8442073	8442574	23	2	67.5	16	107.5	209	83	162.5	137	160.5	101.5	155	103	119	46.5	173.5	118.5	144	43.5	135.5	97.5	42	78.5	67	127.5	68.5	73	68
all_peaks_73412	chr2	8450628	8451129	17	10.5	41	18	55.5	51.5	69	61.5	117.5	69	125	150.5	59	106.5	50.5	169	118.5	117.5	107	226.5	21.5	14	14	5.5	28.5	23.5	12	12.5
all_peaks_73425	chr2	8548859	8549360	11.5	3.5	33.5	2	38.5	191.5	14.5	167	51.5	178	6	51.5	39	60.5	8	49.5	74.5	89.5	12	30	63	290	57.5	187	63	233.5	69	115.5
all_peaks_73454	chr2	8685029	8685530	98	19.5	117.5	30	203	232.5	207	230.5	209.5	284	231	269	188.5	228.5	116.5	252	195.5	246.5	142	219	172.5	184.5	250	202	234.5	172.5	264.5	189.5
all_peaks_73467	chr2	8748561	8749062	3	5.5	16	20	19.5	233	35.5	61	118.5	313	125.5	175.5	81.5	110	29.5	53.5	142.5	164.5	128	104	40	126.5	30	59	108	139	138.5	167.5
all_peaks_73523	chr2	9695775	9696276	188.5	162	197	173	286	291	213	333.5	284.5	363	228	338	253.5	249	204.5	291	237	288.5	207	236.5	193	207	203.5	257.5	200	254.5	203.5	256.5
all_peaks_73537	chr2	9770990	9771491	438.5	381.5	489	456.5	497	573.5	406	473	505.5	534.5	502	555	491.5	463.5	368.5	431.5	497.5	576.5	446	443.5	537	439.5	415	393	589	531	462	425.5
all_peaks_73544	chr2	9796399	9796900	24.5	2	109	14	146.5	247	29	244.5	204	222.5	69.5	174.5	138	116	12	149.5	153.5	192	31.5	64.5	171	198	82	149.5	164	158.5	94	106
all_peaks_73552	chr2	9843274	9843775	155	16.5	381	53	194	194	105.5	76.5	322.5	255	323.5	249	220	286	78.5	128.5	419.5	421	290	234	179.5	137.5	42.5	62	224.5	248.5	79.5	161
all_peaks_73553	chr2	9849113	9849614	17.5	2	15	3.5	25	195.5	2.5	31	66	177	3.5	30.5	42	53	0	17	43	106.5	6	14.5	80.5	224	8.5	43.5	125	235	7.5	46
all_peaks_73560	chr2	9892669	9893170	52	5.5	84.5	8	153.5	185	37.5	106.5	172.5	168	112	120.5	144	153	26	77	159	178	81.5	90	72.5	110.5	22.5	64.5	115	138.5	63	91
all_peaks_73569	chr2	9922229	9922730	145	50.5	90	18.5	109.5	149	99	145.5	107.5	179.5	49	45	113.5	141.5	72.5	110.5	72.5	77.5	52	63.5	174	211.5	116.5	190	160	168.5	73.5	135
all_peaks_73579	chr2	9983591	9984092	89.5	70.5	116.5	96	267	281	143.5	165	249	308	228.5	297	256	283	132.5	252	220	308	147	262	187.5	162.5	120.5	147	198	196	164	160
all_peaks_73594	chr2	10169100	10169601	45	44	49	54	120	57	118	38	135.5	22	160	154.5	115.5	129.5	106.5	124.5	207	141	168	149.5	45	12	17.5	18.5	28.5	27	15	38.5
all_peaks_73597	chr2	10184383	10184884	230.5	158	230	232	110.5	44.5	121	42	72.5	37	141	74.5	101	92	131.5	83	103.5	78.5	142.5	103	104.5	48	126.5	52	83.5	43	126.5	51.5
all_peaks_7360	chr1	111758541	111759042	224	246.5	357.5	264.5	227.5	167.5	305	214.5	182.5	170.5	323.5	257.5	234.5	205	302.5	254.5	282.5	190.5	309.5	268	192.5	111.5	177	130.5	152	123	147	180
all_peaks_73608	chr2	10262526	10263027	116.5	105	102	107	283.5	381.5	213.5	324	415	387	246	402	221	226.5	144.5	267	246	340.5	194	195	302	285	285.5	315.5	284.5	314	292	289
all_peaks_73638	chr2	10442726	10443227	167	148.5	145	137	197	182	210	251.5	183	209.5	164.5	198	206.5	214.5	185.5	225	157	217.5	171	193.5	243.5	285.5	241	282	288	259	312	258.5
all_peaks_73668	chr2	10588322	10588823	346	320	363.5	315	412	345	292	268	334.5	306	300.5	305.5	358.5	350.5	348	333	332	326.5	301.5	278	324.5	294.5	261.5	229.5	333.5	265.5	273	179.5
all_peaks_73780	chr2	12184881	12185382	68.5	146.5	41	135	95.5	5	133.5	2.5	47	4.5	170	32	37.5	65.5	168.5	6.5	83.5	51	226	85	24	1	5	2	3.5	0.5	8	1
all_peaks_73832	chr2	12641502	12642003	88.5	117	53	53.5	161	92	230.5	47	99	48	204	158	170.5	197	222.5	166	157	134	200.5	197.5	109	26	75.5	23.5	35.5	22.5	60	14
all_peaks_73861	chr2	12868332	12868833	164.5	182	117	196.5	121	136.5	190.5	63.5	147.5	55.5	288	264	100.5	86.5	178	142	131	97.5	267.5	228	158.5	21.5	156.5	33	70.5	23.5	164	43.5
all_peaks_73866	chr2	12996995	12997496	97.5	54	108	83.5	78	58	139.5	25.5	104.5	21.5	161.5	119.5	105.5	85.5	132.5	59.5	114.5	59.5	133.5	136	33.5	13.5	40.5	15	11	13	54	12
all_peaks_7388	chr1	112013610	112014111	192.5	146	166.5	173	77	43	110	29.5	93	49	121	67.5	110	98.5	137.5	54.5	110.5	76	102.5	94	56.5	49	63.5	24.5	33.5	26	52	22.5
all_peaks_73897	chr2	15317118	15317619	120.5	58	182.5	82.5	256.5	491.5	213.5	328	353	432	270	480.5	301	292	143.5	321	349	425	182.5	254	292.5	330	265.5	254.5	332.5	300.5	278.5	229.5
all_peaks_7398	chr1	112050031	112050532	53.5	47	72.5	61.5	213	188	154.5	128	250	241.5	156	174	214.5	233.5	98.5	179.5	201	256.5	155	216.5	151	128	78.5	76.5	166	120	103.5	103
all_peaks_74058	chr2	20565196	20565697	5	0.5	1	2.5	95.5	173	70.5	140.5	147	193	60.5	169	82.5	135.5	24.5	157	66.5	127	44	96	123	144.5	119.5	81	81	149.5	128	114
all_peaks_74059	chr2	20566480	20566981	1	0.5	1	1	11	65.5	1.5	48.5	10.5	168.5	4	21	16.5	20.5	2	8	22	67	3	5	7	164	7	30.5	22.5	276.5	8	120
all_peaks_74071	chr2	20646489	20646990	123	123	189	145	251.5	268.5	166.5	322	210	279.5	167	244	210.5	259.5	158.5	295.5	177	248	112	198.5	193	251.5	180.5	250	208.5	297	214.5	309.5
all_peaks_7409	chr1	112135482	112135983	74	61	216.5	83	299.5	251.5	203	316.5	337	302	304.5	313.5	329.5	377.5	124	359	342.5	317	223	315	334	339	228.5	224	334	290	282.5	263
all_peaks_7413	chr1	112143337	112143838	16	4.5	6	3.5	48.5	152.5	13.5	172	37.5	158	26	82	75.5	50.5	8	47.5	41.5	83.5	15.5	26.5	75	145.5	56	104	86	139	77.5	118.5
all_peaks_7414	chr1	112146559	112147060	235.5	194	213	230	344	292.5	310	164	247	227.5	288.5	231.5	335.5	306.5	252.5	216.5	308	245	268	278.5	216.5	177.5	160	90.5	194	128	138	65.5
all_peaks_74149	chr2	24270117	24270618	371	366.5	397.5	382	332.5	372	340	398.5	398	265	395	390	379	391	378.5	349	394	351.5	361.5	357.5	270.5	223	299	247.5	249	249	271.5	239
all_peaks_74155	chr2	24299111	24299612	508.5	465.5	430.5	485	480.5	494	420.5	515.5	441.5	505.5	467.5	492.5	473	465	475	467.5	519.5	516.5	491.5	468.5	599.5	618	566	621.5	640	633.5	656	646
all_peaks_74242	chr2	25496151	25496652	164.5	247.5	106.5	209.5	111	40.5	152.5	25	63	15.5	96	42.5	112.5	103	176	66.5	88	53.5	151.5	95.5	96	33.5	92	25	86	16.5	62	17
all_peaks_74246	chr2	25508747	25509248	147.5	252.5	145.5	227	111	69.5	200	136	97.5	58.5	267.5	211	101	113	218.5	154	181	124	275.5	204	107.5	31	157	81	111.5	39.5	179	56.5
all_peaks_74251	chr2	25524284	25524785	28.5	5	71	20.5	104	279.5	41.5	293	138	286	93	270	95	113	18.5	142	118	206.5	40.5	63	159.5	200.5	234	174	235.5	192	275.5	207
all_peaks_74326	chr2	26040439	26040940	9	4	24.5	13	21.5	121.5	41.5	103.5	56.5	83.5	39.5	79.5	24.5	35.5	42	43	38.5	58	50.5	39.5	58	140.5	111	147.5	82.5	94.5	137.5	167.5
all_peaks_74337	chr2	26101284	26101785	417	384.5	412.5	402.5	415	343.5	424	350	329.5	397.5	333	358.5	387.5	422	397	374	365.5	404	366.5	395	324	290	310	280	294	309	310	264.5
all_peaks_7440	chr1	112281805	112282306	52	31.5	89.5	48	162.5	225	141.5	183.5	188.5	227.5	143	156.5	144.5	143.5	118.5	174	138.5	156	122	140.5	159	166	150	166	176.5	126.5	129	136.5
all_peaks_74459	chr2	27304019	27304520	195	206.5	212.5	185.5	174	292	294	474.5	275	217.5	250	353.5	207.5	281	276	355.5	226	266.5	276	328.5	207.5	267.5	254	251	241.5	223	235.5	292
all_peaks_74520	chr2	27712405	27712906	464.5	447	439.5	491	277	266.5	357.5	277.5	269	230.5	281.5	236	298.5	366.5	371	321	341	322.5	313.5	297.5	358.5	330	412	356	383	279	351	358
all_peaks_74531	chr2	27860816	27861317	7.5	0.5	44.5	8	63.5	179	9.5	132	75	135	28.5	56	98	52	2.5	26	90.5	82.5	31	20	73	136.5	26.5	146	100.5	189	56	115.5
all_peaks_74604	chr2	28498892	28499393	1	0.5	8	1	83	135	8.5	128.5	61.5	107	4	36	94.5	77	1.5	50	55.5	92	5.5	6	115	188.5	19.5	81.5	155.5	156	14.5	46
all_peaks_74611	chr2	28570928	28571429	102	64	261.5	97	205	106.5	199	56.5	224.5	90.5	241.5	144	169	236	144.5	140	244.5	235	199	216.5	66.5	21	44	26.5	98	78.5	55	39
all_peaks_74615	chr2	28582122	28582623	183	110.5	339	152	204	166	186	204	209	182	191	188	200.5	260.5	123	167	225.5	236.5	154.5	184	160.5	104	141	115.5	157.5	136	154.5	131
all_peaks_74619	chr2	28589509	28590010	140.5	65	207.5	104	143.5	129	195.5	87	198.5	59.5	218	140.5	132	204.5	173	141.5	195	151	206.5	198.5	67.5	33.5	90	22	52.5	40.5	93.5	24.5
all_peaks_74623	chr2	28615427	28615928	405.5	272.5	502.5	306.5	399.5	356.5	362.5	326	429	332.5	361.5	319	401.5	382	301	378.5	352.5	328.5	289.5	284.5	378	370	403	403.5	357.5	368	383.5	331.5
all_peaks_74657	chr2	28809718	28810219	108	54	57	60.5	50.5	5	169.5	12	41.5	17	138	65	40	10.5	131.5	33	46.5	12	124.5	108	30	3.5	82.5	4	5	5	55.5	14.5
all_peaks_74666	chr2	28844323	28844824	325	205.5	239.5	264	48	56.5	62	112.5	41.5	74.5	59	57	68	77	80.5	56	55	40.5	53.5	44.5	66.5	88.5	142	116	54	82.5	92	117
all_peaks_74669	chr2	28847965	28848466	111	69.5	93.5	85	35.5	52.5	46	240	35	80	58	125	32	61	61	104	35.5	35	72.5	84	25	87	72.5	139.5	29.5	68	80.5	180
all_peaks_74673	chr2	28872242	28872743	8	3	10	4.5	6	37	5.5	68.5	27.5	112	14	56.5	15	24	8	27.5	27	53	5.5	14	14	77.5	17.5	107.5	19.5	148.5	36.5	164
all_peaks_74702	chr2	29234382	29234883	226	175.5	427	246.5	81.5	15	46	8.5	72.5	23.5	42.5	31	64.5	31	39	9.5	101.5	66.5	48	37	47	9	83.5	12	89	24.5	84.5	33.5
all_peaks_74703	chr2	29237550	29238051	160.5	167	235.5	158.5	169.5	135.5	167	89	188.5	135	180.5	156.5	198.5	180.5	170.5	138.5	216.5	172	176	182.5	114.5	55.5	88.5	43	128	105	87	58.5
all_peaks_74715	chr2	29537550	29538051	41.5	33	62	44	92	58.5	75	25	147.5	70	167	145	85	119.5	78.5	86	197.5	147	126.5	145	89.5	22.5	62.5	41	100.5	37.5	90.5	32
all_peaks_74739	chr2	30369247	30369748	1197.5	920.5	1299	949.5	694.5	601	752	659	676.5	562	738	621.5	788	774	817	683.5	732.5	687	784.5	714.5	800	733.5	801	799	734	671.5	734.5	691
all_peaks_74757	chr2	30454676	30455177	123	179.5	154.5	263	130.5	41.5	99.5	37.5	168.5	69	172.5	109	95	62	104	56.5	137.5	144	193	127	113.5	43.5	75.5	38.5	175	60.5	139.5	76
all_peaks_74889	chr2	32581999	32582500	168	160	240	172	252.5	303.5	271	289.5	315	346	278.5	297.5	238	269	246.5	270.5	268	296.5	259.5	301.5	274	291	219.5	296.5	239.5	326.5	249.5	274.5
all_peaks_74926	chr2	33546463	33546964	3	2	10.5	2.5	44.5	108	13	136.5	42	159	20.5	130	46	35.5	6	68	33.5	68	10	35.5	63	105.5	61	117	74	114	102.5	118
all_peaks_75055	chr2	37797983	37798484	2.5	2	4	2.5	11	37	0	13.5	9	77	0.5	13.5	3	7.5	0	1	6.5	23.5	1	3.5	7	135.5	1.5	39	30.5	219	8	161
all_peaks_75061	chr2	37826746	37827247	190.5	55	228.5	100.5	164	27	69	2	141.5	11	82	39	183	117.5	68	23	168.5	67.5	97.5	48	96	6	20.5	1.5	74.5	9	9.5	4.5
all_peaks_75065	chr2	37842914	37843415	76	53.5	96	63	114.5	38.5	123.5	9.5	103	21	151.5	77.5	117	103.5	99.5	63.5	139.5	96	127.5	104.5	39.5	8.5	7.5	2.5	14.5	11	31.5	6
all_peaks_75070	chr2	37862612	37863113	88.5	38.5	163.5	74.5	120	225	92.5	235	162.5	234	143.5	181.5	137.5	104	79.5	123.5	162	150.5	157.5	110	106.5	218.5	92	242	131	238.5	145.5	258.5
all_peaks_75093	chr2	38098926	38099427	1	2	1	3.5	67.5	165	9.5	138.5	47	97.5	4	66	54	57.5	2.5	69	34.5	58.5	5.5	28	102.5	167	40.5	135	103	130	79.5	105.5
all_peaks_75108	chr2	38303753	38304254	5	5	5.5	5	152	168	109.5	151	116.5	251.5	88	154.5	134.5	133	86.5	138	88	122	74.5	121	111	121.5	122.5	161.5	82.5	143	138	169
all_peaks_75166	chr2	38830005	38830506	186	170	184	133.5	287	253.5	185	271.5	192.5	335.5	178	188	229	183.5	164.5	245	186	193.5	132	166	202	262.5	205	230.5	190	219	208.5	240
all_peaks_75177	chr2	38880723	38881224	58	11	53	5.5	103.5	266	37.5	144	130.5	355.5	45	198	140	115.5	44	84.5	88	156.5	44.5	64.5	132.5	175	71.5	138.5	120.5	219	102	158
all_peaks_75182	chr2	38894193	38894694	147.5	56	170.5	56	123	244	139.5	203.5	219	240.5	124	209.5	182	170	89.5	152.5	126.5	162.5	62	133	147	182	125	167.5	138	202	143	162
all_peaks_75253	chr2	39443925	39444426	179.5	131	180.5	207.5	204.5	162.5	244.5	147.5	283.5	195.5	250.5	260.5	200.5	221	234.5	244	246	183.5	265.5	252	148	93.5	174	84	160	103	196	82.5
all_peaks_75352	chr2	42329369	42329870	192	176.5	259	188	140.5	61	99	66.5	144.5	77.5	97.5	109	144.5	115.5	124.5	135	171.5	134.5	157.5	123	72	56	130.5	54	103.5	54.5	112	47
all_peaks_75361	chr2	42360217	42360718	482	151.5	602	242.5	297.5	261.5	274.5	245.5	432.5	231.5	310.5	308.5	321	357	216.5	295.5	338.5	332	273.5	293	264.5	221	344.5	223.5	238	246	324.5	197.5
all_peaks_75457	chr2	43358375	43358876	196.5	181.5	422.5	309	160	87	219.5	154	181.5	111	389	278	112.5	150	274	168.5	235.5	148.5	335.5	223.5	104	72.5	131.5	79.5	132.5	105	191.5	138.5
all_peaks_75458	chr2	43361438	43361939	198.5	192	215.5	256	101	51.5	134.5	33.5	154.5	34.5	142.5	128	76	84	144	76	111	90.5	156	128.5	74	26.5	96.5	16.5	80	27	100	48
all_peaks_75460	chr2	43364001	43364502	263.5	372.5	301.5	441	133.5	62.5	202.5	71.5	135.5	61	240	145.5	125	114.5	183	85	204	163.5	237	175	146	20.5	128	26.5	141	67	164	52.5
all_peaks_75468	chr2	43385908	43386409	287.5	234.5	520	330	304.5	396.5	372	413	308	293.5	499	553	261	338.5	392	438.5	495.5	413.5	468	443.5	283	259	289.5	301.5	275.5	296.5	330	293
all_peaks_75474	chr2	43401435	43401936	232	277	226.5	269	119	109	178.5	152.5	91	60	176.5	142	143.5	91	220	125	153	89	241.5	169	123.5	141.5	130	169	81	151.5	123	172.5
all_peaks_75479	chr2	43421929	43422430	337.5	293.5	271.5	266.5	148	108.5	259	335.5	96	59.5	215.5	238	132	129.5	273.5	270.5	161.5	69.5	233	252	157	120	232.5	287	146.5	125.5	189.5	215
all_peaks_75485	chr2	43445827	43446328	222	234	245	242	138.5	54.5	204	73	146.5	41	217	125.5	195	157	229	116	262	130	248.5	207.5	125.5	15.5	116.5	37.5	138.5	35.5	113	41.5
all_peaks_75501	chr2	43653563	43654064	59.5	6.5	79	16.5	182	191	126	193	149	106	148	248	156.5	161	93.5	216.5	151	133.5	111	172	168.5	103	166.5	107	124.5	75.5	157.5	81
all_peaks_75528	chr2	43864102	43864603	108	159.5	103	127.5	127	209	96	106	127.5	129.5	80	109.5	110	165.5	79.5	127	133	175.5	84	96	193.5	191	196	158.5	235.5	209.5	219.5	184.5
all_peaks_75574	chr2	44395419	44395920	653.5	672	652	603	537	479	596	511	670.5	508.5	616.5	575	678.5	620	661	576.5	618.5	559	654.5	568.5	591.5	564.5	522.5	536.5	578	522.5	614	504.5
all_peaks_75603	chr2	45063249	45063750	1	0.5	3	1	7	159.5	1	208.5	40.5	200.5	4.5	35.5	27.5	26	4	69.5	13	43	4	10.5	31	192.5	23	161	78.5	196	57.5	157.5
all_peaks_75667	chr2	46260136	46260637	1	0.5	1	1	24.5	121.5	1.5	179.5	32	132.5	5	32.5	22	27.5	0	26.5	21	45	0	5	33	268	11.5	170	66.5	243.5	21.5	161
all_peaks_75716	chr2	46578820	46579321	114	125	100.5	113	93	24.5	116	62	45.5	30.5	132	88.5	60.5	46	120	94.5	92	43	149.5	182	10	8	35.5	13	6	8.5	48.5	23
all_peaks_7576	chr1	114447540	114448041	366.5	324	384	332.5	514.5	523	484	603	706	643	539	631.5	457.5	515.5	438	657.5	551	585	491	597	458.5	567.5	490.5	634	498.5	618	568.5	633.5
all_peaks_75761	chr2	46925921	46926422	187	177	278	232	341	414	355	454.5	426.5	373.5	432	424.5	375.5	419.5	355	483.5	444.5	489	441	459	329	407	353	355.5	359	402.5	439	430.5
all_peaks_75780	chr2	47170969	47171470	113.5	79.5	88	94.5	65	138.5	101.5	252.5	106	111.5	110	209	82.5	76.5	101.5	148.5	94.5	102.5	144.5	159	49.5	153	116.5	164	79	125	168.5	137
all_peaks_75786	chr2	47212201	47212702	14	13	8	7	99	154	107	276	91.5	107	106	253.5	74.5	64.5	71	212.5	65.5	86.5	57	117	97.5	175	110.5	194	58	126.5	185	183.5
all_peaks_75859	chr2	48541222	48541723	442.5	423	514	470.5	638.5	609.5	577	533.5	600	660	631	654.5	673	629.5	581.5	656.5	612	597.5	629	658	568	519.5	534.5	518	579	524	531	655.5
all_peaks_75867	chr2	48571140	48571641	77.5	68.5	69	41.5	85	154	82	155	62.5	113	54	106	117.5	81.5	119.5	118.5	72	59	95.5	64.5	115	216.5	139	172.5	98	210.5	119.5	156
all_peaks_75939	chr2	54221813	54222314	126.5	206.5	202.5	247.5	95.5	100.5	147.5	47.5	153	82	158	91.5	133.5	124	181.5	51.5	178	141	187	134	77.5	60.5	74	32.5	126	64	108.5	53.5
all_peaks_75976	chr2	54801652	54802153	163.5	180	187.5	257.5	84.5	106	101	84	100.5	58.5	93.5	118.5	115	92	119	86.5	117	111	136	114.5	68	51	78	58	50.5	66.5	67.5	70.5
all_peaks_75978	chr2	54807051	54807552	111.5	150	116.5	189	52.5	69.5	108.5	226	42.5	18	105	225.5	60	59.5	121	160.5	62	49	106	148	28.5	27	124.5	167	21.5	20	78	132
all_peaks_7601	chr1	114883862	114884363	62.5	50.5	203	93	42	5.5	56	8	95	31.5	113.5	19	58.5	42	60	14.5	161	67.5	125	58.5	18.5	4.5	45.5	4	23.5	15.5	45.5	11.5
all_peaks_76047	chr2	55538570	55539071	8.5	6.5	9.5	5.5	21	204	10	223.5	20.5	210.5	17.5	107.5	47	30.5	9.5	42	30	60	8.5	17.5	77	214	49	259	137	229.5	118.5	213.5
all_peaks_76081	chr2	58273633	58274134	254	207	234	209.5	285	397.5	316.5	285.5	410	356	347.5	361	308	297	270	330.5	300.5	301.5	280.5	291	308.5	347.5	309	241	296.5	308	323	304.5
all_peaks_76100	chr2	60115106	60115607	30.5	110.5	23.5	185	13	10.5	139.5	30.5	10.5	4.5	119.5	38	6	8	110.5	26	12	9	120.5	24	10	5	43.5	23.5	7	6.5	45	26.5
all_peaks_76128	chr2	61046590	61047091	313	289.5	421.5	383.5	68.5	21.5	169	83	96	50.5	175.5	76	106.5	53.5	149	71	169.5	88.5	195	158	29.5	20.5	122.5	74	33	58.5	124.5	122.5
all_peaks_76133	chr2	61099731	61100232	1	0.5	6.5	1	6	32.5	7	37	2.5	47.5	6	12	7	6.5	1.5	7.5	10	8	3	3	10	142.5	4	124	9	165.5	4.5	106
all_peaks_7622	chr1	115124067	115124568	294.5	315.5	278	319.5	164	124.5	176	159.5	167.5	172.5	161	148.5	178	191	198	145.5	176.5	183	174	161	210.5	179.5	248.5	182	205	157	237	175.5
all_peaks_76240	chr2	62540922	62541423	7.5	2	67	42	36	26.5	33	9.5	128	49	153	119	27	50	29	37	108	98.5	120	127.5	13	4	2.5	7.5	18.5	16.5	34.5	9.5
all_peaks_76257	chr2	62932519	62933020	434	448.5	405.5	405	523.5	504.5	528	543.5	489	479	420.5	435.5	468	446	546	555.5	445.5	419.5	481	463	412	486	417.5	489	375.5	459	415	487
all_peaks_76284	chr2	63815778	63816279	438.5	491.5	411.5	473	379.5	353	451.5	403.5	378	292	451	406	441	416	459	421	450	388	443	458	278	338.5	365.5	345	303	313	391	314.5
all_peaks_76291	chr2	64083253	64083754	111	112	73.5	140.5	112.5	74	156.5	45.5	105	31.5	154	70	146	136.5	156.5	86	102	76.5	140	136	119.5	39.5	117.5	25	68.5	21	86.5	9
all_peaks_763	chr1	6662820	6663321	137	140.5	154	135.5	248	267	174	231	224.5	329	181.5	280.5	223	170	180.5	225.5	230.5	278	178	185.5	214.5	269	194.5	240	272	317	228	300
all_peaks_7633	chr1	115605247	115605748	315.5	238	282	290.5	273.5	242.5	282.5	196.5	285.5	194.5	260	287.5	320	316.5	309	284	335.5	323.5	309	287.5	232.5	100	175	107	176	62	118	81
all_peaks_76336	chr2	64371408	64371909	202.5	195	169.5	167	281.5	319	199	334.5	269.5	268.5	202	249	257	273	157	283.5	217.5	299	213	216.5	308.5	315	276.5	313	399.5	304.5	273.5	271
all_peaks_76345	chr2	64439942	64440443	12.5	10	9.5	3	86.5	262	19.5	246	135.5	254.5	32	116	104.5	168	17	146.5	70	198	17	54	82	210	79	180.5	160	221	132	169.5
all_peaks_76353	chr2	64553122	64553623	90.5	82.5	138	94	213	221	241.5	257	200	171	232.5	262.5	188.5	229.5	200	244	198.5	202	200	192	120	134	187	196	138	172	177	196
all_peaks_7638	chr1	115641860	115642361	236.5	186.5	196	182.5	89	63	69.5	42.5	58.5	43	77	95	75.5	101	78.5	72	68.5	74	97.5	57	167.5	59	139	73	117.5	62	93.5	80
all_peaks_76398	chr2	64925743	64926244	11.5	2	6	1	38.5	151	27.5	182.5	69.5	151	31.5	185.5	65.5	77.5	16	143	59	98	27.5	103.5	56.5	125.5	80	149.5	116.5	149	142	144.5
all_peaks_76407	chr2	64978003	64978504	773.5	730	1264.5	896	775	868.5	925.5	1002	765	819.5	901.5	866.5	767	1002	851	1092.5	916	946	897	1249.5	925.5	857.5	949.5	860.5	810	887.5	914.5	883.5
all_peaks_76470	chr2	65547119	65547620	8	1	7	2.5	65	198	3.5	129.5	70	190	6.5	40.5	80.5	63	3.5	33	34	58.5	4	7.5	66	270	11.5	165.5	123.5	296	65	135.5
all_peaks_76546	chr2	68694339	68694840	493.5	498.5	502	440.5	408	306.5	478.5	365	456.5	412.5	420	344.5	425.5	414	466	437.5	446.5	383	475.5	457.5	304.5	273	394.5	323	279.5	344.5	324	334.5
all_peaks_76567	chr2	68944294	68944795	30	28	31	20	189	310	132.5	209.5	231	211	138	224	176.5	170	65.5	131.5	146	197.5	82.5	105	128.5	208.5	105	136	154.5	178	219.5	120
all_peaks_766	chr1	6673387	6673888	330.5	294	317	322	413	369.5	368.5	378.5	361	413	351.5	370.5	452.5	403	430	476	419.5	457	408	396.5	407	428.5	378.5	455	421.5	399	408	409
all_peaks_76603	chr2	69135458	69135959	207.5	127	170	87.5	232.5	214.5	151.5	216	254	87.5	113.5	114	215.5	237	138.5	179.5	171	155.5	105.5	128	253	129	243	180.5	182.5	97.5	204.5	98.5
all_peaks_76632	chr2	69664432	69664933	221	159.5	326.5	291	139	234.5	127	154.5	205.5	193.5	168	216.5	141	151.5	126.5	182.5	184	204.5	151	173	168	155.5	171.5	155	205	188	245.5	187
all_peaks_76672	chr2	69912795	69913296	7	2	47.5	11	7	100	13.5	161.5	82	65	34	195.5	42	44	12.5	118.5	70	70.5	21	73.5	15	20	30	107.5	56.5	43.5	55.5	156
all_peaks_76689	chr2	70001980	70002481	33.5	54	76.5	79.5	83.5	166	208	109.5	122	115	221.5	153	151	144	244	116.5	205.5	135	244	155	36	50.5	78.5	36	78	63	46	36
all_peaks_76723	chr2	70270613	70271114	16	7	33	15.5	129.5	43.5	71	33.5	93.5	46.5	111.5	50	139	201.5	75.5	107.5	141	153.5	94	123	47	18	25	5.5	20.5	23	23.5	18.5
all_peaks_76727	chr2	70296076	70296577	81	56	144	61	98.5	77	69	253	76	102.5	73.5	120	125.5	80	88	140.5	124.5	106.5	93.5	69	101.5	139	80.5	169	42	192.5	59.5	184
all_peaks_76766	chr2	70667724	70668225	67	154	7.5	83.5	22.5	4.5	165.5	11	4	4	62	20.5	12	14.5	140	33.5	1.5	2.5	60.5	76.5	3.5	4	20.5	5	2.5	4	11	1.5
all_peaks_76849	chr2	71454270	71454771	697.5	720	653.5	701.5	555.5	627	711.5	684.5	467.5	466	625.5	575.5	582.5	628.5	696.5	637.5	580	526	643.5	560.5	624.5	566	636.5	648	541	484.5	613.5	553.5
all_peaks_7685	chr1	116868359	116868860	117.5	141	56	120.5	98.5	8	195	9.5	57.5	4	136.5	46.5	96	85.5	210.5	99	84.5	39	119.5	159	28.5	3.5	35.5	7	3.5	1	11	3.5
all_peaks_76902	chr2	73180956	73181457	32	14	44	17	111	68	173	55	140.5	25.5	253.5	167.5	143	209.5	143.5	131	182.5	165.5	183.5	229	70.5	12.5	59.5	21.5	54.5	16	93	26
all_peaks_7692	chr1	116920404	116920905	73.5	76.5	90	68	122	245	100	217.5	117	178.5	84.5	136	106.5	101.5	92	84	104.5	93.5	81	74	134.5	247	150.5	277.5	133	256	118	231
all_peaks_76970	chr2	74206080	74206581	148.5	131	69.5	207	31	31.5	61	71.5	14.5	29.5	32	43	13.5	32.5	47.5	65	24.5	18.5	42	42	30.5	36	65	86	12.5	28	51.5	68
all_peaks_76990	chr2	74374895	74375396	112.5	93	130.5	109.5	192.5	294	155.5	282.5	209.5	236.5	184.5	197	159.5	176	155	238	185.5	199.5	181	183	192.5	245	168	254	209	268	238.5	253
all_peaks_76999	chr2	74425400	74425901	206	155	232.5	149.5	387	476.5	333.5	493.5	361	381	314	491.5	344	308	309.5	359.5	324	372.5	284.5	274.5	370	443	335.5	417.5	373.5	391	330.5	400.5
all_peaks_77031	chr2	74681749	74682250	192.5	170	159	171	255.5	293	234	364.5	248.5	321.5	214.5	294.5	243.5	248.5	209.5	323	229.5	281	202	215.5	294	303.5	269	324	252	348	282.5	394.5
all_peaks_77033	chr2	74685176	74685677	648.5	678.5	740.5	646.5	575	714	758.5	796.5	593	602.5	716.5	695	615.5	647	638.5	622	664	639	648.5	657.5	610.5	623	610.5	683	574	616.5	644	639.5
all_peaks_7704	chr1	117046972	117047473	213	75.5	332.5	112	269	273	326	312	323.5	205	314.5	320.5	283.5	333	243	353.5	346.5	307.5	272	310.5	227	184.5	223.5	186	208.5	162.5	207	164.5
all_peaks_77051	chr2	74756830	74757331	196	219	230	218.5	322.5	385.5	340	442	340.5	505	391	425.5	283	347	319.5	385	308	352.5	318.5	387.5	296	358	289.5	366	358	394.5	358.5	426.5
all_peaks_7707	chr1	117051579	117052080	5.5	4.5	8	3	49	155.5	14	139	34.5	141	20	69.5	72.5	63.5	16.5	84.5	36	74	11.5	34.5	63.5	110.5	35	63.5	60.5	115	37	86.5
all_peaks_7709	chr1	117057515	117058016	61.5	32	102.5	30.5	125	234	99	273.5	93.5	158.5	99	233.5	94.5	104.5	58.5	233.5	77	105.5	85	150	68	96.5	68	104.5	61.5	101.5	69.5	100.5
all_peaks_77168	chr2	84921275	84921776	80.5	183.5	58	139.5	13.5	2	59.5	2.5	8	1	28	5	17.5	9	63	8	14.5	6.5	43.5	22.5	4.5	0	6	2.5	3.5	5	3.5	2
all_peaks_77183	chr2	85073215	85073716	192	217.5	222	355	160	70.5	232	39	140	21.5	222	136.5	162	154.5	219	110	198.5	107.5	268.5	219.5	84.5	16.5	79.5	19.5	118	16.5	54.5	14.5
all_peaks_7719	chr1	117099163	117099664	74.5	1.5	100	10	94.5	186	15.5	192	78.5	150	27	93.5	110.5	112.5	11	94.5	69.5	131	20.5	48.5	116	193	100.5	186	120.5	181	88	159
all_peaks_77208	chr2	85135895	85136396	105	111.5	100	88	161	112.5	182.5	59.5	119.5	50.5	174.5	121	172.5	177	194	157.5	113	103	148	180	100.5	9	66	12.5	60.5	13.5	22.5	16
all_peaks_77211	chr2	85152775	85153276	141.5	138	111	105.5	229.5	208	197	272	209	225.5	188.5	276	219.5	199.5	173.5	224.5	162.5	165.5	173.5	184.5	217.5	235.5	268.5	275	216	235.5	207.5	244
all_peaks_77215	chr2	85166652	85167153	116	71.5	121.5	67	193.5	277.5	234.5	258.5	206	202	248	337.5	164	163.5	184.5	248.5	205	193	220	229.5	192	152	214	183	175	154	197.5	231
all_peaks_77218	chr2	85173281	85173782	50	61	45	48	68	75	109.5	230	39	51.5	99.5	98	50.5	57	124	109	68	53.5	103	87.5	72.5	88	74	195	63	158	86	143.5
all_peaks_77352	chr2	86080276	86080777	95	82.5	225.5	163	101	53.5	71.5	45.5	93.5	72	128	131	84.5	105	80	76	178	111	105.5	132	82	15	82	22.5	48.5	42	88	43
all_peaks_77369	chr2	86220983	86221484	32.5	18.5	35	17	112.5	176.5	167.5	289.5	169.5	146	116.5	197.5	147.5	186	101.5	246	129	133.5	85	181.5	138	106.5	180.5	117.5	92.5	102.5	165.5	126.5
all_peaks_77378	chr2	86265360	86265861	219.5	195.5	337	257.5	73.5	95	86.5	179	148	204.5	95	246	88	106.5	85.5	312.5	126	161.5	109.5	220	56	56	110.5	117	111	120.5	116	156
all_peaks_77427	chr2	87012507	87013008	2.5	4.5	230.5	286	3	1.5	5	0.5	131	113.5	227	146	11	3	6.5	0.5	157.5	118	202.5	182	1.5	4	3.5	4	151.5	125.5	157	130.5
all_peaks_77428	chr2	87020775	87021276	1	5.5	129.5	168.5	5	1	8.5	3	35.5	14	164	41.5	2	0	11.5	3	91.5	52.5	145.5	86.5	0.5	0	15	1.5	59.5	10.5	32.5	15
all_peaks_77431	chr2	87035364	87035865	52.5	64	141.5	168	81.5	56	73	77	209.5	178.5	219	200.5	65.5	71	55	83	174	183	216.5	182.5	82	71.5	83.5	84	255	198.5	238.5	233.5
all_peaks_77440	chr2	87053099	87053600	10	45	347.5	287.5	22.5	11	90.5	28	209.5	97	301.5	202	7.5	12	108.5	35	306.5	176	325	209	19	5	42.5	32.5	167.5	120	244.5	149
all_peaks_7748	chr1	117305876	117306377	75	54	65.5	42	105.5	231.5	103.5	251	86	226.5	80.5	172.5	101.5	67	93.5	130.5	62	80	102	62	144.5	295	148.5	298	147	255.5	136.5	262
all_peaks_77543	chr2	88899550	88900051	37.5	16.5	49	11	64	186	26	142.5	81.5	131	31.5	88	83.5	66	26	75	57.5	100	21	40	103	205	87.5	196.5	80	185	117	192.5
all_peaks_77626	chr2	92319902	92320403	19	32	9.5	20	131	54.5	50.5	20	204.5	155.5	48	71.5	94	13	17	22	36	14	11.5	9	32	15.5	61.5	22	83.5	18	75	27
all_peaks_7766	chr1	117369756	117370257	14.5	10.5	14.5	4	48.5	164	41.5	284.5	56.5	151	53.5	201	51	49.5	30.5	185.5	17	65.5	39	89	61.5	171	111	256	47	134.5	126	165.5
all_peaks_77663	chr2	95740307	95740808	156	207.5	43	180	220	129	341	181.5	120.5	70	317	208	237.5	208	315	246.5	192	137.5	319	303	152.5	46.5	160	59	98.5	52	145.5	50
all_peaks_77664	chr2	95742301	95742802	165	257.5	65.5	196	219.5	142	298	132.5	124	43	214	118	253.5	185	261	204	149	102.5	266.5	237.5	199.5	113	156	122.5	97.5	45.5	118	74.5
all_peaks_77707	chr2	96814155	96814656	568	429.5	635.5	544	153.5	164.5	159.5	368	117.5	131	90.5	139.5	163	196.5	134.5	192	161.5	159	104	100.5	182.5	218.5	311.5	291	190.5	223	256.5	294.5
all_peaks_77710	chr2	96823491	96823992	111.5	78.5	192.5	106	84.5	118	67.5	286.5	58	142	56	132.5	58.5	62	46	166	80	82.5	52	78	113	182.5	104.5	233	112	219	120.5	221.5
all_peaks_77712	chr2	96830397	96830898	117.5	75	175.5	128.5	109	218.5	88.5	197.5	138.5	198	120	221.5	101	146	86	148.5	128	180.5	111	129.5	139	291.5	96.5	222	163	258.5	226	255
all_peaks_77740	chr2	97007789	97008290	51.5	2.5	78	8.5	64	172	5.5	75.5	70.5	108	7.5	54	104	126	8.5	65	102	110.5	9	34.5	66	109	15	86.5	120.5	131.5	12	78
all_peaks_77741	chr2	97009766	97010267	87.5	15.5	142.5	23	99.5	244.5	18.5	131.5	167	148	35	111.5	199	215.5	21.5	117	183	198	41.5	100.5	115	139	9	28.5	180	105.5	33	33.5
all_peaks_77748	chr2	97073137	97073638	141	169	144.5	226	91.5	52.5	136.5	62.5	119	68.5	189	111	120.5	136.5	154	89.5	163	154.5	195	138.5	127	40.5	53	38.5	113.5	45.5	55	37
all_peaks_77754	chr2	97151728	97152229	133	111	162.5	99.5	139	213.5	145.5	269.5	159	183.5	132.5	144	172.5	157.5	149	182	130	176	146.5	121.5	228	230	292	221.5	195	187.5	224.5	211.5
all_peaks_77765	chr2	97190043	97190544	15	1	17.5	6.5	83	196	33	206	91	202	32	78	98	107.5	19	163.5	70.5	114	27	122.5	89.5	155.5	29.5	80.5	123.5	102.5	27	42
all_peaks_77767	chr2	97193956	97194457	42.5	54	37.5	44.5	47.5	125	48	295.5	47.5	82	40	103	54.5	73	36.5	152.5	33.5	84.5	25.5	69	102	157	56.5	176.5	79.5	171.5	58.5	115.5
all_peaks_77769	chr2	97197855	97198356	108.5	131	94.5	129.5	52.5	66.5	61.5	197.5	54	85.5	47.5	45.5	58	60	55	117	32.5	54.5	40.5	50	91.5	123.5	136	209	84	125.5	104.5	145
all_peaks_77817	chr2	97579451	97579952	69.5	81.5	64	79.5	87.5	24	124	49.5	77	19.5	134	116	87	93	167.5	132	109.5	44.5	111.5	161	28	16.5	45	10	22	7	20.5	7.5
all_peaks_77829	chr2	97628542	97629043	244	279	166	348	59.5	16	211	36	81	20	197	150.5	55	46	213	96.5	81	37	187	166	35.5	16.5	137	38.5	52	11	106.5	33
all_peaks_77863	chr2	98334949	98335450	144	112.5	156.5	150.5	162.5	171.5	200.5	164.5	205.5	66.5	242.5	175	169	187	179.5	163	180	160	193.5	192.5	115.5	49	135.5	51.5	80	41	119.5	45
all_peaks_77888	chr2	98486944	98487445	25.5	9.5	22	13.5	137.5	163	56.5	117	124	111	56	110.5	123.5	149	50.5	131.5	121.5	148	46.5	71.5	98	64.5	41.5	40	118.5	57	45.5	23
all_peaks_77907	chr2	99055134	99055635	21	10.5	45.5	10.5	100.5	109.5	24	175	103	92	30	63	86	89.5	25	75.5	71	116.5	33.5	39	193	170.5	149.5	190.5	199.5	162.5	132	147
all_peaks_77917	chr2	99082113	99082614	132	120.5	126.5	150	126.5	55.5	183.5	45.5	102.5	35.5	178.5	124.5	96	138.5	172.5	178.5	122	86.5	179	193.5	115	14	87.5	21.5	58.5	8	32.5	7
all_peaks_77918	chr2	99085030	99085531	17.5	15.5	26.5	18.5	56.5	176.5	22.5	120	54	167.5	40.5	160.5	37	43.5	16.5	79	42.5	65	24.5	68	40.5	101.5	43.5	32	67	136	44.5	109
all_peaks_7795	chr1	117544125	117544626	15.5	27.5	29.5	39.5	40	200.5	58.5	183	51.5	123.5	66	120	45	49.5	44.5	50.5	44.5	69	56	58.5	47	169	53	99	77.5	182.5	79	143
all_peaks_77988	chr2	99388091	99388592	202.5	267	146.5	220.5	108.5	71	170	84	91.5	30	159.5	80.5	125	109	187	88.5	122.5	84	153	106.5	117.5	41.5	102	53	79	34.5	79	40.5
all_peaks_78013	chr2	99757665	99758166	377.5	440.5	338.5	420	325.5	192	363.5	193	303.5	254	389.5	235	359.5	269	389.5	222.5	312	259	439.5	328.5	291	221	237.5	225	293.5	234	269.5	286.5
all_peaks_78092	chr2	101260559	101261060	136.5	176	83.5	163	60	10	101	5	22	5.5	58	20	48.5	19.5	131.5	13	39.5	8	72.5	27	9.5	3.5	9	4	8.5	1	8.5	2
all_peaks_7811	chr1	117619787	117620288	2.5	0.5	3	2	8	32.5	2	121.5	13	58.5	1	10.5	21	27.5	4.5	31.5	5	18.5	3	2	8.5	153.5	17	160	31.5	171.5	11	131
all_peaks_78128	chr2	101840197	101840698	42.5	31	91	45.5	123.5	107.5	89.5	66	204	72	98.5	195.5	130.5	107	94.5	68	143	142	123	103.5	45.5	24.5	46	17	85.5	21.5	52.5	52.5
all_peaks_78142	chr2	101944766	101945267	174.5	159.5	133.5	158.5	120	70	214.5	156.5	197	61.5	205.5	189	139	168.5	180.5	201.5	157.5	138.5	174.5	252.5	55	15	55.5	42.5	50	28	66.5	37.5
all_peaks_78174	chr2	102187284	102187785	127	130	44.5	110	84.5	19	151	18.5	41	4	113	47.5	68	83	146.5	81	62.5	37	141.5	108.5	70	9	98	12.5	41	4.5	37.5	5
all_peaks_78241	chr2	102678666	102679167	3.5	2	1	1	38.5	76	13.5	64	29.5	72.5	4.5	6.5	43.5	43.5	6	52.5	32	34	4.5	15.5	39	147	7.5	65.5	82	190	4.5	45
all_peaks_78261	chr2	102844050	102844551	141	85.5	213.5	75.5	207	295.5	96.5	373	142.5	219.5	62	106	216.5	276	47.5	271.5	110	123	53.5	72	236	383	334.5	402	183.5	365	286	354
all_peaks_78290	chr2	102983740	102984241	126.5	114	210	187.5	27	61.5	64.5	157.5	44	39.5	55	105.5	58.5	96	44.5	153.5	56.5	63.5	52.5	137	47	119.5	147.5	135	34.5	87.5	72	95.5
all_peaks_78417	chr2	106406547	106407048	62	44	76.5	53.5	96	131	63.5	163	139.5	147	80	151	86.5	110.5	42.5	103.5	94.5	125.5	50.5	67.5	160	152.5	255	184	153.5	170	215	144
all_peaks_78469	chr2	106673618	106674119	56	64.5	54.5	41.5	152	32.5	188.5	14	90.5	6	176	78.5	126.5	159	178.5	42	145	73	166	104	65	9.5	31	7.5	60.5	6	49.5	8
all_peaks_78478	chr2	106712154	106712655	241	294.5	208.5	253.5	277	156	315.5	108	304	100.5	330.5	158.5	266.5	264	330	168.5	299	196	312.5	247	223.5	103.5	164	44.5	190	65.5	148	50
all_peaks_78552	chr2	109229041	109229542	60.5	15.5	63.5	11.5	81	84.5	13.5	84	109	152.5	15	24.5	99.5	101.5	25	79	112	117	12.5	29.5	89	145.5	29.5	73.5	100	195.5	10.5	49.5
all_peaks_78558	chr2	109237451	109237952	218.5	156.5	146	142	266.5	211.5	232	223	167	101.5	191	185	245.5	175.5	253	150	190	165	250.5	188.5	256.5	142.5	165	125.5	180	109	142	118.5
all_peaks_7856	chr1	118198784	118199285	213	138	325	198	151	140.5	177	113.5	173.5	103	202.5	167	180.5	191	185.5	196.5	192.5	191	170.5	213.5	113	77.5	198.5	59	130	79.5	98	65
all_peaks_7857	chr1	118201282	118201783	198	100	173.5	127.5	97.5	44.5	118.5	58	126	46.5	114.5	115.5	86.5	125.5	115.5	99	115.5	87	132.5	134.5	53	12.5	107	20.5	42	7	101	16.5
all_peaks_7858	chr1	118206886	118207387	238	98	298	145.5	127	113	116.5	118.5	122.5	93.5	121	83	149	172	115.5	113	166	145	106	132.5	180	189.5	218.5	208	163	193	153.5	149
all_peaks_78597	chr2	109648289	109648790	243.5	331.5	165.5	385.5	53	8.5	137.5	18.5	29	4	119	48.5	34	56	148.5	73.5	44	23.5	112	98.5	86	3.5	66	11	5.5	3.5	30.5	5.5
all_peaks_78622	chr2	109965332	109965833	102.5	204.5	55.5	162.5	124	43	173	19	39	28.5	167	69	122.5	95	181	44	87	49.5	158.5	89.5	61.5	14	67.5	8	48.5	8.5	51.5	16
all_peaks_78669	chr2	111505963	111506464	45	10.5	40.5	10	208	198.5	128.5	177	137.5	120	95	178	162	169.5	128	205.5	130	169.5	114	148	181	113.5	139.5	94.5	126	45.5	83.5	76
all_peaks_78678	chr2	111615896	111616397	126	173	178.5	281.5	90	74	126	37.5	58.5	32.5	87	46.5	120.5	146	105.5	85	117	106	89	61	132	40.5	146.5	56.5	101	20.5	85	30.5
all_peaks_78758	chr2	112463237	112463738	16	4	3	2.5	117.5	211	31.5	152	35	114	31	88	86.5	98.5	16	159.5	31.5	103	10.5	18.5	191	75	113.5	104.5	84	84.5	54	70
all_peaks_78779	chr2	112812406	112812907	310.5	289.5	267	298.5	359	292	347.5	296.5	369	253	330.5	341.5	399.5	364.5	420.5	371.5	378	350	424	429	365	351	358.5	325.5	330	268	329.5	301
all_peaks_78819	chr2	113388590	113389091	177.5	188.5	197	227	105	78	175	180.5	126	90	186.5	171	123.5	190	171.5	218	181	150	165	191	65	38	107	64	62.5	44	80	50
all_peaks_78825	chr2	113403098	113403599	364	395	411	371.5	496	383.5	368.5	327.5	477	403	417.5	399.5	411.5	396	359.5	381.5	459.5	520	444.5	415.5	368	360	376	356.5	370.5	414	345	339.5
all_peaks_78856	chr2	113561729	113562230	1	3.5	1	2.5	9.5	71	5.5	133	4	52	5	24.5	22.5	30.5	1.5	32.5	4.5	19	1.5	15.5	20	211.5	11	176.5	6	119	8	173.5
all_peaks_78875	chr2	113742613	113743114	37.5	126.5	26	168	37.5	7	143	27.5	37	23.5	169.5	77	14.5	29.5	179	52.5	49	21.5	220.5	90.5	38.5	10.5	108.5	35	18.5	20.5	135	62.5
all_peaks_78877	chr2	113754162	113754663	141.5	172.5	65	198	42	17.5	181	74	9	3.5	154.5	134.5	34	24	217.5	119	60.5	19.5	184.5	129	37.5	9.5	128.5	27	17	6	82.5	32
all_peaks_78905	chr2	113931232	113931733	262	221	245	253.5	173	213.5	252	249.5	229	232.5	273	319	184	244	274.5	263.5	202	198	245.5	286	150	111.5	200	164.5	143	111	185.5	110
all_peaks_78973	chr2	114634304	114634805	167	304.5	47	221	117.5	61.5	250	117	77.5	56	212	82	114.5	99	234.5	131	62	73.5	206.5	181.5	134.5	106.5	173	109.5	58	59	118.5	93.5
all_peaks_79003	chr2	118572047	118572548	401	354	497.5	440.5	283.5	253	266.5	237.5	356	242.5	272	238	251	238.5	243	205.5	228.5	179	249.5	221.5	210.5	240	236.5	228	226	205	252.5	226
all_peaks_79019	chr2	118845709	118846210	128.5	122.5	156	174	170.5	291	157.5	330.5	235.5	305.5	220.5	318	192.5	212	152.5	268.5	186.5	267	179.5	249.5	217	214.5	224	344	249	297	295	359.5
all_peaks_79098	chr2	120686973	120687474	63	66	75	73.5	114	34	173	41	120.5	27	158.5	79	122.5	119	165.5	114.5	143.5	92	169	134.5	37	4.5	56	6.5	21.5	8	43	3.5
all_peaks_791	chr1	7022918	7023419	12.5	15	8.5	13	15	7	6	81	2	15	13.5	17	4.5	10	5.5	48	7.5	12	5	8	24.5	45.5	93.5	169.5	24.5	51.5	87.5	153.5
all_peaks_79111	chr2	120934449	120934950	208.5	303	220	275.5	150	109	180.5	105.5	146.5	112.5	272.5	212	133	168	186	147	184.5	157.5	239	213.5	152.5	67.5	122	70.5	120	86.5	116	85.5
all_peaks_79135	chr2	121044759	121045260	6	5	4	1	95	248.5	66.5	268	110	176	40	151.5	106	87.5	40	225	51.5	92.5	26	141.5	92.5	206	58	149.5	95	153	77	105.5
all_peaks_79190	chr2	122456934	122457435	97	40	281	72	211.5	255.5	129	300.5	273	327.5	204.5	235.5	187	233.5	76.5	203	310.5	282	178.5	204	198	229	192	227.5	240	234.5	239	256
all_peaks_79195	chr2	122503618	122504119	4	2	25.5	7	3	0.5	1.5	158	3.5	13	7	34.5	1.5	4.5	1.5	50	11	5.5	5	21.5	3	8.5	5.5	139.5	3	34.5	8	200.5
all_peaks_79224	chr2	127519699	127520200	25.5	44.5	43	68	81.5	11	101	8.5	89	20.5	156	76.5	91	85	125.5	63.5	117	80	153	141.5	24	1	19.5	3	11.5	6.5	26	6.5
all_peaks_79247	chr2	127822213	127822714	8	5	20	10.5	86.5	266	25.5	351.5	94.5	255.5	32	163	80.5	77	14	122	60	168.5	19	36.5	80	284	92.5	292	131	244	133	264
all_peaks_79253	chr2	127839248	127839749	128.5	159	155	170	143.5	60.5	206.5	69	92	48.5	193	93.5	116	120.5	190.5	75	166.5	103	197.5	132.5	76	34	64	26	77.5	45	100.5	61.5
all_peaks_79263	chr2	127984221	127984722	2.5	2	4	2.5	12.5	139.5	3.5	90.5	16.5	101.5	3	14.5	25.5	47	1	45	16.5	47	3	5	45	137	14.5	90	19	146	25	54.5
all_peaks_79365	chr2	129230632	129231133	4	3	3	6.5	71	218.5	37.5	41	46.5	114	68.5	89.5	82	141.5	23	109.5	38	102.5	47	89.5	87.5	98	63	25.5	47	43	96.5	43
all_peaks_79403	chr2	131100133	131100634	435.5	355.5	366.5	359.5	272.5	281.5	336.5	294	275.5	281	342.5	339.5	359.5	310	372	332	356.5	316	344	333.5	288.5	295.5	307.5	281	238.5	253	277	272.5
all_peaks_79459	chr2	131911612	131912113	39.5	32	45	36.5	83	163.5	66	282	56.5	206	63.5	168.5	88	81.5	56.5	114	87	95.5	64	52	79.5	309.5	97.5	316.5	62	277.5	116	350.5
all_peaks_79484	chr2	133012586	133013087	79.5	127	79	125.5	444	328.5	194	245.5	625.5	837.5	228.5	402.5	372	158.5	133	141.5	193	186.5	134.5	148.5	186	177	286.5	409.5	232.5	293.5	283.5	377.5
all_peaks_79486	chr2	133014979	133015480	43.5	66	40.5	59	222	143.5	79	85.5	287	346	94	203.5	176.5	53.5	42.5	67	97.5	94	60.5	61.5	101.5	149	123	170.5	156	151.5	155.5	248.5
all_peaks_79546	chr2	135016138	135016639	82	90	69.5	95.5	100	56.5	170.5	44.5	59.5	27	147	95	101	70.5	156	61	120.5	58	152.5	130.5	36.5	5.5	27	12.5	13.5	9.5	40	8
all_peaks_7958	chr1	120838435	120838936	446.5	486.5	394.5	451.5	419.5	383	500.5	400	380	323	506.5	397	462	450.5	515.5	439.5	454	403	486.5	473	470	465.5	454.5	433	386.5	378	462.5	379.5
all_peaks_79588	chr2	135426325	135426826	159	135	183.5	166.5	89.5	137	156.5	80	166.5	111	188.5	231.5	101.5	91.5	133	102	147.5	134.5	182.5	181.5	53	28	58.5	43	101	46.5	141.5	65
all_peaks_79589	chr2	135427867	135428368	238	229	239	241	64	20.5	81.5	22.5	65	11.5	44	30.5	86	76	93.5	48.5	85	52	68.5	62.5	41	3	23	10.5	41	12	29	7
all_peaks_79593	chr2	135441026	135441527	5	3.5	9.5	1	30	237	2.5	161	89	212	11.5	82.5	75	67	3	44	41.5	162	7	18	108	213.5	17	98	205	262.5	92.5	169
all_peaks_79637	chr2	136498960	136499461	317.5	276.5	339.5	278	365	443.5	389	432.5	428.5	427	369	468.5	354	395.5	359.5	379.5	385	410	346	360	378	391	345	401.5	376	452.5	344	433
all_peaks_79647	chr2	136577542	136578043	21.5	31	37.5	77	141.5	248	141	248.5	381.5	339	324	473.5	95	234.5	87.5	264	211.5	307.5	183.5	333.5	142.5	87.5	113.5	88.5	152.5	167	229.5	185
all_peaks_79670	chr2	136765629	136766130	86.5	40	184	70	180.5	138	155	95.5	201	165.5	178	194	196	182	124	124.5	210	207	155.5	168.5	97	69	129.5	43.5	123	61.5	102.5	73.5
all_peaks_79691	chr2	136887078	136887579	149	203.5	215.5	224	28.5	5.5	50.5	14.5	34.5	11	65.5	17.5	31	23	61.5	18	53.5	23	63	30.5	32	13.5	71.5	16	14.5	15	43.5	20
all_peaks_79692	chr2	136889553	136890054	182.5	244	274	279.5	21.5	30	34.5	36.5	28.5	30.5	21	29	39	21	58	30.5	47	23.5	42.5	20.5	72.5	47	91	52	33.5	66	70	56.5
all_peaks_79693	chr2	136893690	136894191	395.5	490.5	450	545	158.5	71	180	60	128.5	23.5	172.5	81	171.5	136	206.5	78.5	160.5	79	215.5	87.5	222	48	183	151.5	147.5	66.5	156.5	108.5
all_peaks_79702	chr2	137000239	137000740	31	13.5	100	32	61.5	141.5	32	71	119	174	133	147	71	76.5	24	48	142	180	90	110	34	31.5	15	18	73.5	101.5	89.5	93.5
all_peaks_79715	chr2	137084933	137085434	233.5	143	372.5	197.5	161.5	241	136	258.5	112.5	213.5	131	129	141.5	173	125	118	132	117.5	140.5	79.5	210	331	162.5	220.5	158.5	229.5	150.5	211
all_peaks_79724	chr2	137139674	137140175	206.5	156.5	204	231	136.5	401	150.5	434	130	302	159	395	163.5	150.5	145.5	261	81	165.5	125	147.5	306	384.5	322.5	349	271	365.5	338	398.5
all_peaks_79775	chr2	143886400	143886901	227	205	138	155	181	164	166	98	186	98.5	131.5	128	172.5	203	191	134.5	147.5	136	132	132	213.5	99	132.5	79	140.5	77.5	93	46
all_peaks_79797	chr2	144016027	144016528	92	84.5	85.5	71	100	96.5	145	71.5	98.5	53.5	177	211.5	113.5	136.5	164.5	182.5	125	101	180	223.5	78	21.5	85	22	62.5	21.5	58.5	25.5
all_peaks_7988	chr1	121485063	121485564	2595	2902.5	461	2595	3210	2595	3210	2595	5412	3210	3210	3210	2595	1156	1328.5	2595	2266.5	1373.5	1156	873	2902.5	1938	2595	1938	4862	1938	2595	1938
all_peaks_79893	chr2	145089933	145090434	258	241.5	353	257.5	454	427	343.5	313.5	465.5	518.5	371	370.5	378.5	397	308	380.5	429.5	447	334	380.5	374	399	296	340	399.5	433.5	334	411
all_peaks_79899	chr2	145140371	145140872	14	35.5	101.5	157	19	69.5	53.5	102.5	71	92	124	231.5	29.5	49	55	83.5	70	78	140.5	133.5	13	48.5	18	35	34	47	50	62.5
all_peaks_79900	chr2	145172044	145172545	4	2.5	9.5	3.5	4.5	117	2.5	83.5	29.5	109.5	4.5	31	21.5	17	1.5	14	16	41.5	3.5	6	18.5	118	2	96	27.5	161.5	41	122.5
all_peaks_79966	chr2	148045685	148046186	58	30	17.5	6	152.5	71.5	125	51.5	103.5	46	108.5	91.5	158.5	168.5	110.5	120	113.5	88.5	112	134.5	69	27.5	33.5	23	24.5	16.5	21.5	20
all_peaks_79971	chr2	148055355	148055856	57.5	34.5	13	11	165.5	137.5	126	85	110	91.5	102	123.5	144.5	167	110.5	131	109	142.5	79	132.5	90.5	71.5	54.5	36	73	30.5	42	24
all_peaks_79983	chr2	148257754	148258255	38	27	14.5	21	95.5	59.5	162	29	73.5	16.5	173.5	123	106.5	123.5	155.5	90.5	97	71.5	151	150	64.5	15.5	44	5	10	9.5	30	10.5
all_peaks_80021	chr2	149281946	149282447	170.5	205	93	231.5	81	52.5	172	209	39.5	38	138.5	180	66.5	62	168	147	48	42	165.5	140.5	84.5	59	140.5	179.5	34.5	70	150.5	130.5
all_peaks_80034	chr2	149361105	149361606	5	2	5.5	2	26.5	136.5	8	113.5	71	111	22	55	46	41.5	4	36	34.5	67	3	20.5	93.5	130	78.5	149.5	71	92.5	82.5	150
all_peaks_80045	chr2	149571210	149571711	30	1	40.5	4	59.5	130.5	9.5	103.5	106	160	28	86	52.5	121.5	6.5	51.5	111.5	124	25	63.5	90.5	108.5	11.5	82	105.5	143.5	46.5	84.5
all_peaks_8007	chr1	143913201	143913702	1122	1104	916.5	925.5	826	747.5	1026.5	746	750.5	757.5	949.5	779.5	829.5	843.5	934	837	846.5	750.5	1013.5	950.5	841	821.5	804	809	748	704.5	808	747
all_peaks_80110	chr2	152493623	152494124	102.5	149.5	104	98	155	40.5	213	49.5	128.5	17	202.5	96	159	134	238.5	138	134.5	60	186.5	220	52	11	39.5	16	28	13	36	9
all_peaks_80152	chr2	153429663	153430164	4	0.5	3	2.5	22	130.5	5.5	91	26.5	95	3	14.5	30.5	54	11.5	53	19.5	59.5	1.5	10.5	29.5	149.5	20.5	120	25.5	187	23.5	90.5
all_peaks_80167	chr2	153587053	153587554	76.5	24	113.5	48	117	51	125.5	19	110.5	35.5	142	107.5	122.5	69.5	123	75	189	99.5	152.5	144.5	17	7	19.5	2	36.5	9.5	13	7
all_peaks_80198	chr2	157189061	157189562	331	235	397	267	184	155.5	159.5	154	147.5	186	138	132.5	148.5	133.5	150	141	134.5	142	97	124.5	134.5	121	202	225.5	132	198.5	170.5	233.5
all_peaks_80200	chr2	157198847	157199348	231.5	151	308	208	180	130	125	94.5	173.5	190	107.5	150	111.5	116.5	111	154.5	117	134.5	96.5	119	122.5	127.5	187.5	176.5	121	185.5	160	217.5
all_peaks_80236	chr2	158113108	158113609	6	0.5	2.5	1	18	222	11.5	120	46.5	137.5	10.5	126	31.5	40.5	7	50.5	14	27	5	9	133	204.5	58.5	101	104	140	38.5	79.5
all_peaks_80265	chr2	158269823	158270324	190	260.5	233	320.5	228	243.5	234.5	187.5	261	140	246.5	246.5	222.5	304.5	205.5	194.5	239.5	247.5	229.5	234	155.5	135.5	121.5	130	186	130.5	145	141.5
all_peaks_8028	chr1	144536039	144536540	300.5	355	305.5	303	329.5	307.5	375.5	311.5	331	242.5	333.5	224	296.5	299.5	387.5	328	313	220	308	281	232	228.5	258.5	253	185.5	214	254.5	180.5
all_peaks_80287	chr2	158333832	158334333	1	13	3	3	71.5	115.5	108.5	210	116	180.5	74	71.5	53.5	121	56.5	161.5	46.5	88	54	125	112	202	102.5	144.5	125.5	176.5	65.5	189.5
all_peaks_80288	chr2	158337144	158337645	1.5	7	2.5	2.5	31.5	128.5	39.5	148	40	149	35	127	49.5	62	31	130.5	39	63.5	30.5	54	43.5	83.5	58	98.5	107	108.5	72.5	85.5
all_peaks_80346	chr2	159363509	159364010	5	0.5	1	2	16.5	147.5	2	25	33.5	95.5	2.5	17	13.5	23	0	9.5	9.5	50.5	0	2	65	177.5	3.5	47.5	95	131.5	15.5	67.5
all_peaks_80409	chr2	160735510	160736011	2.5	2	1	1	10	128.5	2	141.5	1.5	67	0.5	15.5	17	19.5	1	17	6.5	15.5	0	5	23	255	7.5	180.5	7.5	160	4	137
all_peaks_80434	chr2	161080540	161081041	13	3.5	11.5	2	48.5	119	12	170	64	111	10.5	118.5	35	39.5	5	66	27.5	56.5	7.5	24.5	78.5	136.5	41.5	147	80	111.5	69	153.5
all_peaks_80481	chr2	161339174	161339675	93	171.5	57	140.5	86	41	135.5	59	22.5	14.5	92.5	38	85	73.5	147	56.5	56	37	126	82	63.5	19.5	95	30	21.5	12.5	59	13
all_peaks_80505	chr2	161933951	161934452	98	94.5	74.5	77	150	114.5	178	224	144.5	197.5	142	170	147	125	145.5	182	119.5	133.5	151.5	182	94	134	146.5	233	86.5	217.5	149	235.5
all_peaks_80517	chr2	162023292	162023793	30.5	2.5	64	4.5	103.5	194	53.5	249.5	124.5	234.5	68.5	189	115.5	102.5	46.5	198	152	142	80.5	123.5	74	178	111	230.5	134	205.5	131.5	183.5
all_peaks_8055	chr1	144932188	144932689	183	180.5	167.5	182.5	233	318	271	405	231	309	262	306	190	224	226	409.5	176.5	220.5	217	300	272	260.5	303.5	389.5	232.5	250.5	293.5	333.5
all_peaks_80559	chr2	162809084	162809585	23.5	22	41.5	25.5	123.5	150	208	248	161.5	182	248	281.5	133.5	154.5	137	303.5	160	179.5	182	272.5	100.5	52	99.5	95.5	135.5	93.5	103.5	95
all_peaks_80574	chr2	162848863	162849364	71	135	53.5	103.5	143	62.5	246.5	132.5	126	51	212.5	161.5	127	118	177	179.5	116.5	108	190	192.5	104	39	111	46	70	47	104.5	46
all_peaks_80577	chr2	162868127	162868628	151	167	78	152.5	60	34.5	115.5	33	47	14.5	112.5	64	46.5	41.5	115	50	68.5	32	117.5	92.5	80	13.5	94.5	26	35.5	15	69	17.5
all_peaks_8058	chr1	144935294	144935795	213	179	174.5	110.5	79.5	42.5	277	91.5	51	16	119.5	87.5	70	79	248	157.5	124.5	39.5	138	146	107	28	100	44.5	43.5	7	30.5	15
all_peaks_80590	chr2	162915752	162916253	20.5	13.5	32	1	50	125	36.5	149	76.5	77.5	28	78	60	51.5	39.5	91.5	64.5	66	35	41.5	128	157.5	129	173.5	103	125	96.5	122.5
all_peaks_80614	chr2	163200306	163200807	389	434.5	369.5	413	282	323	349	466	293.5	303	287.5	408.5	301	291.5	324.5	343	264.5	280.5	278	268	364.5	434	403	448	319.5	379.5	355.5	400.5
all_peaks_80705	chr2	169067571	169068072	12.5	2.5	12	7.5	38	114.5	13	113.5	37.5	107.5	5.5	73	43.5	33	5.5	35	25.5	51	8	17	59.5	99	26.5	99	61	161	39	131
all_peaks_8072	chr1	145014904	145015405	1.5	9.5	3	4.5	12	109.5	17.5	179.5	66.5	261	18	17.5	18.5	71	8	164	20	69	7	29.5	18.5	127	16.5	43.5	36.5	152.5	15	73
all_peaks_80761	chr2	169607555	169608056	122	101.5	96.5	98	65	32	139.5	40	53	14	139	120	88	63	161	79.5	72.5	43	169	118.5	20	12	10	8.5	8	6	7.5	20
all_peaks_80791	chr2	169964144	169964645	138.5	105.5	175.5	119	173	34.5	173.5	53	197	28.5	154.5	103.5	155.5	129	152	60	192.5	127	143	111.5	94.5	21	57	29	124.5	24.5	76	36
all_peaks_80813	chr2	170539598	170540099	6	3.5	58.5	4.5	54	196.5	5.5	74.5	95	170	27	86.5	57	43.5	3	20.5	70	112	18.5	12	79	157	26.5	90.5	136	115	113	106.5
all_peaks_8082	chr1	145039722	145040223	161.5	179.5	151	205	260	386.5	282	298	295	366.5	213.5	236	241.5	293	201	313	284	276.5	200	236	195.5	257.5	188.5	193	261.5	234.5	198	198
all_peaks_8084	chr1	145042630	145043131	1.5	4.5	1	3.5	37	131	14	161	83	110.5	10.5	36	44	47	6.5	65.5	25.5	29	7	25.5	35.5	140	27.5	94	50.5	134.5	35	81
all_peaks_80849	chr2	171219266	171219767	3	0.5	1	1	10.5	28	5.5	152	3	18.5	11.5	47	4.5	6.5	6.5	53	1	7.5	4	22	12	107.5	13.5	148	3.5	68	21	148.5
all_peaks_80910	chr2	172067263	172067764	68	63	37	81	73.5	73	170	41.5	66.5	49.5	154.5	106.5	83	75	169	48	87.5	61	162	104	41.5	26.5	43.5	23	26.5	16.5	73.5	18.5
all_peaks_80912	chr2	172104734	172105235	117.5	109.5	53	121.5	81	33	170.5	29.5	62.5	26	185.5	72	81.5	58.5	198	58	71.5	44	208	133.5	33.5	16	65	25.5	28.5	8.5	19.5	14
all_peaks_80915	chr2	172175603	172176104	78	27	26.5	7.5	28	99	28.5	187.5	27	130.5	27.5	161	33	41.5	27	91.5	58.5	63.5	26.5	50	52.5	167	91	211.5	75	151	132	157.5
all_peaks_80938	chr2	172290360	172290861	431	390	480.5	448	490.5	569	501	547	537.5	533	586	561.5	461	399.5	479.5	446	469.5	551	528	512	425.5	468	385	447.5	513.5	517	464	520.5
all_peaks_81021	chr2	173327804	173328305	176	192	155	202.5	139	29	214.5	29.5	100	28.5	196.5	125	162	140	218.5	125	123.5	85.5	195	159.5	56.5	5.5	67	8	23.5	2	26	6.5
all_peaks_81027	chr2	173360810	173361311	115	272.5	29.5	259	88.5	2	183.5	3	8	0	110	8.5	88.5	33	209	13.5	24.5	8.5	140.5	80.5	5.5	1.5	16	0.5	1.5	1	1.5	4
all_peaks_81068	chr2	173913970	173914471	3.5	2.5	1	2	10.5	117	2	189	12.5	121.5	6.5	129	37.5	19	3.5	70	11	41	3	24	30	213.5	40	192	77	148	78	146.5
all_peaks_81077	chr2	173997863	173998364	4	4.5	3	1	2.5	79	13.5	57.5	26	61.5	18	64.5	19	24.5	8	27.5	16	25.5	8.5	21.5	37	149	87.5	148.5	28.5	117.5	123.5	126.5
all_peaks_8108	chr1	145129645	145130146	103.5	91	189.5	109.5	194	254	212	144.5	163.5	217.5	236.5	267	219	265	196.5	247.5	239	229.5	225	244.5	94	66	152	36.5	83.5	48	138.5	45.5
all_peaks_81091	chr2	174104254	174104755	2.5	2	1	3.5	45	164	11.5	100.5	83.5	115	21	120.5	39	46.5	1.5	52.5	34.5	99	7.5	41.5	91.5	115	49	84.5	124	109.5	124.5	99
all_peaks_81097	chr2	174150757	174151258	4.5	0.5	6.5	2	4	133	1	83	20.5	100.5	2	35	25	37	1	31.5	9.5	67.5	1.5	8	41.5	229.5	1.5	85.5	47.5	153.5	3	63.5
all_peaks_81159	chr2	175357767	175358268	128.5	149	131	193.5	110	53	167	43	113	38	158.5	97	82.5	84.5	145	64.5	119.5	76	171	121	101	18.5	108.5	39	78	31.5	85.5	44
all_peaks_81220	chr2	175643071	175643572	243	179	282.5	299.5	68.5	64	135.5	101	83	126	212	187.5	54	42	140.5	105	122	99	208.5	169	50.5	32	135	105	53	81	161	185.5
all_peaks_81304	chr2	177691022	177691523	66.5	158	60.5	283	7	25.5	79.5	66.5	25	65	138.5	115.5	18	24.5	46.5	73	52.5	30	100	119	23.5	58	61	46.5	82	89.5	137	129.5
all_peaks_81309	chr2	177717267	177717768	28	57	102	94	53.5	24	99.5	26	117	23	135.5	90	68	66.5	73.5	68	153.5	95	165	152	22.5	2.5	30	7.5	39.5	11.5	56	17
all_peaks_81314	chr2	177796534	177797035	17	2	82.5	14	83.5	128	38	145	74	95	42.5	131.5	87.5	94.5	34	106.5	98	111	36	65	149	171	130.5	138.5	118	122.5	122	115
all_peaks_81410	chr2	179269067	179269568	5	0.5	6	1	111	224.5	20	222	125	219.5	42.5	239	97	104.5	11.5	153	51	172.5	17	66.5	139	116	82.5	72	138.5	95.5	151.5	104.5
all_peaks_81447	chr2	179896380	179896881	45	117	23	91	83.5	137.5	140.5	237	88	131.5	139.5	209	100	118	159.5	176.5	93.5	103	139	153.5	69	87.5	98.5	123	69.5	133	104	170.5
all_peaks_81506	chr2	181971522	181972023	17.5	9	12.5	8	124.5	124.5	56	110.5	139.5	102	75.5	96	85	108.5	28.5	123.5	73.5	77	31	78.5	147	108	115	132	143.5	118	141	90
all_peaks_8152	chr1	145507316	145507817	326.5	327	307	302	152.5	166.5	221.5	189.5	189.5	156	212	228	243.5	228	257.5	224.5	235.5	236	266.5	259	232.5	243.5	248	237.5	275	216	215.5	203
all_peaks_81565	chr2	182321297	182321798	168.5	149	221	203	190.5	155	253	128.5	249.5	110	240	290.5	166	167.5	221	161.5	193	160.5	242	212	118.5	60.5	139	49	142	52.5	155.5	67.5
all_peaks_81578	chr2	182451347	182451848	9	7	14	3	26.5	14.5	29.5	148	22	2	32.5	169.5	21	23.5	15.5	187	21.5	21	16.5	143	7	5.5	53.5	38.5	14	2	25	66
all_peaks_81591	chr2	182655944	182656445	10	2.5	1	4.5	98.5	251	24.5	247.5	94.5	159	32.5	176	60.5	93	9.5	129	25	85	16	40.5	175.5	235	151.5	246	179.5	169	174.5	238
all_peaks_8165	chr1	145610778	145611279	187.5	187.5	198	176.5	170.5	162.5	181	83.5	155	112.5	176	147.5	193.5	180	203.5	152.5	167	144	187	204.5	132.5	65	121.5	62.5	116	82	105.5	77.5
all_peaks_81782	chr2	191272032	191272533	113	123	155	207	25	21	45.5	20.5	117.5	30	76.5	51	34.5	32.5	42	18	71.5	58	91.5	56	61.5	30	45.5	41	83	34	100	72
all_peaks_81810	chr2	191543431	191543932	25	10.5	8.5	9	25.5	191.5	7.5	145.5	33	202	5	43.5	36.5	42	4.5	26.5	23	65	4	11.5	62.5	267.5	24	162.5	74.5	291.5	59	147.5
all_peaks_81821	chr2	191583412	191583913	3.5	3.5	3	2	17	64.5	3	113	27.5	101	5	24	22	23.5	3.5	20	18.5	39	0	11.5	19.5	140	9	154.5	29	160.5	35.5	126.5
all_peaks_81823	chr2	191586833	191587334	10	5.5	3	2.5	27	204	7.5	196.5	75	236.5	15	124.5	36.5	50	5.5	38	32.5	94.5	7	27.5	92.5	219	58.5	179.5	108	249	124.5	221
all_peaks_81837	chr2	191708883	191709384	1	0.5	2.5	1	38.5	172	6.5	177.5	46.5	224	7.5	106	30.5	49	2	51	26.5	85.5	3.5	20.5	90	274	74.5	234	140.5	254.5	134	229
all_peaks_81924	chr2	192015496	192015997	245.5	247.5	304	288	104	96	101.5	140.5	130	163.5	132.5	169	122	123	100	119	142.5	115	139	143	102.5	118	221	162.5	141	154	213.5	160.5
all_peaks_81935	chr2	192058737	192059238	38.5	72.5	45	74	62.5	190	57.5	255	67	240.5	74.5	197	62	57.5	86.5	125.5	56	116.5	86	73.5	64.5	175	117.5	162.5	50	141.5	108	136.5
all_peaks_81987	chr2	192604784	192605285	117	59	112	98.5	34.5	84	234.5	106	89.5	123.5	314	378.5	44	49.5	186.5	147.5	124	59	230.5	243	28	38	92.5	82.5	30.5	44	110.5	108
all_peaks_82	chr1	999418	999919	36.5	28.5	68.5	64.5	52	171	32	314	104.5	239.5	71.5	182	69.5	59	14	80.5	69.5	172	40.5	61.5	126.5	291	162.5	354.5	232	397.5	325	344.5
all_peaks_82057	chr2	196409129	196409630	3.5	7	2.5	4	27	164.5	19.5	220.5	23.5	87.5	16	114	40.5	33.5	19	105	24	48.5	17	45	24.5	190.5	59.5	197	48.5	151.5	42.5	221
all_peaks_82062	chr2	196424255	196424756	229.5	166	140	190.5	192.5	246	274	278.5	209	159.5	208	318	207.5	205	269	251	174.5	176.5	207	194	165.5	112.5	274	132.5	137.5	122	229.5	158.5
all_peaks_8209	chr1	147016786	147017287	199.5	190.5	207	227.5	188	138.5	236	144.5	145.5	134	257	144.5	205	151	241.5	128.5	236	163.5	266	197.5	113.5	87.5	100.5	95	99.5	129.5	53.5	115.5
all_peaks_82111	chr2	197040704	197041205	325.5	256.5	362.5	352.5	252.5	158	311	141	382	138	348	329	238	295.5	236.5	247.5	333	286	316.5	344	190	79	243	73.5	156.5	83	244.5	113
all_peaks_82125	chr2	197094708	197095209	175	119	78.5	184	30	29.5	39	38	27	16.5	44.5	35.5	28.5	72	44	24	26.5	18	44	58	21.5	20	62	24.5	9	7.5	42.5	28.5
all_peaks_82143	chr2	197154845	197155346	8	3.5	1	2.5	8.5	99	7.5	172.5	20.5	32.5	9	60	13.5	7.5	5.5	15	10.5	13.5	4.5	10	29	152.5	22	130.5	27.5	136	26.5	136.5
all_peaks_82190	chr2	197852595	197853096	3	7	4.5	2	28	177	18.5	151.5	37.5	126.5	15.5	77	32	36.5	10	47.5	31.5	57	6.5	15	27	196.5	23	159.5	36.5	163	50.5	171.5
all_peaks_82218	chr2	198063548	198064049	300.5	266.5	330	376.5	208	189	256	169.5	219	236	252.5	263	220.5	214	233.5	215.5	239	240	228	233	200.5	110.5	195	123	158.5	106.5	150.5	100.5
all_peaks_82219	chr2	198070534	198071035	200	229.5	236.5	293	115.5	53	136	92.5	124	59.5	175.5	78.5	124.5	83	124.5	74	144.5	95.5	165.5	85	84	38	102.5	78.5	92.5	88	137.5	116.5
all_peaks_82250	chr2	198169406	198169907	21.5	23	34.5	22.5	39	116	18	133.5	45.5	75.5	29.5	111.5	55	45	21	47	29	58	20.5	25.5	57	132	35.5	104.5	55	154	96	157.5
all_peaks_82251	chr2	198172913	198173414	64.5	64	72.5	79.5	139.5	180.5	205	171	206.5	224	247	249	166	250.5	107	226.5	179.5	195	166	272.5	104	83	115	59	79	85.5	123	102.5
all_peaks_82271	chr2	198317872	198318373	598.5	668.5	648	636.5	645	749.5	631	756	669	699	637	785	572.5	620	586.5	638.5	641.5	691	602.5	618.5	601.5	730.5	703	738.5	596.5	817.5	731.5	785
all_peaks_82275	chr2	198364416	198364917	417.5	408	403	395.5	577	529.5	438.5	473.5	538	639.5	460.5	500	463.5	427.5	423.5	423	446	460.5	414.5	419.5	541.5	585	511.5	488.5	570.5	530	487.5	541.5
all_peaks_82298	chr2	198669008	198669509	278	360.5	176.5	278.5	257	271	298	258.5	163.5	166	241.5	239	196.5	185	251.5	244.5	160	162	187	205.5	254.5	227	201	225	188.5	159	219	186
all_peaks_82340	chr2	200093776	200094277	1.5	3.5	2.5	3.5	17.5	224	2.5	95.5	25	151.5	9	78.5	40	77	2.5	52	21	95.5	3.5	31.5	33	121	14.5	94.5	13.5	95	36	39
all_peaks_82360	chr2	200842747	200843248	3	6.5	2.5	2.5	16	160	5.5	165.5	52	182	11.5	121	47	45	7.5	106	36	95	7	33	73	163	31	101	134	185.5	53.5	139
all_peaks_82389	chr2	201319548	201320049	5.5	2	5	1	35	269.5	5	122.5	52.5	184.5	7.5	66	54.5	53.5	1.5	36	27.5	80	2.5	7	117	270.5	40.5	187.5	143.5	253	85	156.5
all_peaks_82415	chr2	201630112	201630613	4.5	0.5	7	4.5	10	192	12.5	169.5	12	170.5	6.5	95	13	50	3.5	47	15	61	6.5	16	34	187.5	40	141.5	63	183	84.5	178
all_peaks_82434	chr2	201753795	201754296	252.5	210	255.5	227.5	276	260	220	227.5	372	398	218	360	207	280	224.5	252.5	264.5	302.5	208	245	246.5	271	219.5	231.5	267	285	257.5	251.5
all_peaks_82452	chr2	201981130	201981631	75	79.5	99.5	91.5	188	203.5	142	147	234	189	189.5	285	142.5	165	100.5	201	152	243.5	145.5	208	101.5	62	103.5	62.5	140.5	104.5	106	72.5
all_peaks_82489	chr2	202122967	202123468	334.5	303	304	305.5	292	241	364	268.5	312.5	264.5	349.5	338.5	313.5	301.5	353.5	376	298	239.5	313	316	325	215.5	255	210	265	200.5	240	187.5
all_peaks_82490	chr2	202127359	202127860	22	28.5	18.5	23	34.5	52	33	109.5	16.5	50	27.5	39	63	23.5	29.5	14	34	26	30	20.5	37	167.5	39.5	145	48	158	65	116
all_peaks_82520	chr2	202397357	202397858	4	2	4.5	2.5	18.5	127	9.5	172.5	89.5	146.5	14	194.5	44	46	2	99	39	87	7.5	68.5	23	89.5	34.5	92.5	58.5	101	82.5	127
all_peaks_82595	chr2	203645291	203645792	4.5	5.5	4.5	2.5	27	176	3.5	124	63.5	116.5	10	67.5	42.5	35.5	2.5	23	22.5	73	3	10	64.5	146	20	153	91.5	126.5	99.5	152.5
all_peaks_82624	chr2	204443739	204444240	6.5	4.5	4	1	150	296.5	42	258.5	187	246.5	55	214.5	141	189.5	25	183	120	215.5	36.5	74.5	192.5	217	154.5	198	176.5	205.5	126	144
all_peaks_82646	chr2	204571046	204571547	276.5	210	259.5	262	139.5	149.5	174.5	127.5	147.5	93	171	147.5	187.5	141.5	173	131.5	186.5	139.5	157	150.5	172	88	188.5	97	134.5	93	148.5	79
all_peaks_82651	chr2	204584694	204585195	146.5	156	133.5	184.5	93	17.5	107	16.5	25	5.5	90.5	40	71	34	127.5	45.5	55	17.5	108.5	65	34	12.5	47	18	9	9.5	9.5	9.5
all_peaks_82653	chr2	204594760	204595261	19	11	10.5	8	60.5	93	17	100	88	109.5	29.5	68	61.5	58.5	21.5	57	34	68	20	30	102	150	121.5	159	124.5	128.5	96.5	85.5
all_peaks_82671	chr2	204667468	204667969	6	15	19.5	4.5	78	159	43	110	105.5	152.5	49.5	105.5	65	89	26.5	74	68.5	113	22	69	70	163	58	120.5	81.5	129	117	111.5
all_peaks_82683	chr2	204695030	204695531	17	5	3	1	89.5	241.5	20.5	209	105	304	28.5	104.5	68	121	9	112	59	101	15	66	78	294	31.5	154.5	93	267	39.5	197.5
all_peaks_82698	chr2	204751460	204751961	17	1	5	3	96.5	283	18	107.5	46.5	240.5	9.5	36.5	120.5	94.5	12	38.5	52.5	85	8	19	119.5	274	45.5	122	98.5	240.5	29	143.5
all_peaks_82733	chr2	204884220	204884721	12	1	5.5	2	68.5	148	18	152.5	45	125	25.5	92.5	39	43	8.5	79	33.5	64.5	8	45.5	119	146	87.5	164	92	104	56	132.5
all_peaks_82742	chr2	204974902	204975403	38	29.5	44.5	37	71.5	152.5	88.5	188.5	96	124	120.5	194	83.5	83	102.5	130	98	126	117	133	83.5	37.5	42	36.5	72.5	60	61.5	64.5
all_peaks_82768	chr2	205832285	205832786	92.5	147.5	28.5	110.5	181.5	65	271.5	45.5	71	15	282.5	162	184	154.5	319	194.5	93	42	274	213	47	4	29	8	10	3.5	8	7
all_peaks_82781	chr2	205941680	205942181	63	139	13	118	40	10	139.5	21.5	9	5.5	106	27	43.5	30.5	147	43	17.5	3.5	121.5	81.5	39	13.5	55	12	7.5	5	28.5	9.5
all_peaks_82842	chr2	207226073	207226574	1	0.5	1	3	21.5	145.5	2	62.5	52	105	3	15.5	33	29	2.5	19	19	63	2	2.5	57.5	148.5	4.5	70	70	129	14.5	36
all_peaks_82883	chr2	208008066	208008567	102.5	158.5	28.5	118	112.5	47.5	214	23.5	66.5	21	187.5	77.5	141	136.5	216.5	99.5	84.5	65.5	185.5	149	71	12	48	12.5	12	5.5	34.5	5
all_peaks_82888	chr2	208030703	208031204	297	420.5	87	328.5	342	383.5	396	318	242	300	405.5	355	321	366	420	290.5	274.5	333	371	365.5	354.5	344.5	336	320	287.5	344.5	359	322.5
all_peaks_8291	chr1	149223652	149224153	307	421	351.5	288	588	761	379.5	473.5	568	727	359	638.5	518.5	477.5	344.5	492	443.5	575.5	330	278.5	457.5	499	349	373.5	514	458.5	352.5	379.5
all_peaks_82917	chr2	208176079	208176580	2.5	4.5	3	1	12.5	57.5	9	175.5	15	68.5	4.5	32	23	39.5	7	60	18	33	8	13.5	25	146	17.5	166	12	183	19.5	125
all_peaks_82951	chr2	208394417	208394918	734	682.5	775.5	707	664.5	553	595	589.5	547.5	651.5	591.5	621	595.5	588	650	603	637.5	660.5	617	587.5	601	624.5	644.5	529	636	571	565.5	507.5
all_peaks_82977	chr2	208634527	208635028	53	32	93.5	44.5	134	246	79	266	147.5	187	109.5	169.5	83	100	44.5	189	117	173.5	79.5	145	117	188.5	150.5	247	127.5	266	206	321.5
all_peaks_83111	chr2	213983749	213984250	29.5	29	49	66	39.5	113	60	53.5	84.5	179	188	261.5	37	66	33.5	37.5	80	123.5	135	195	25	114.5	32	58	50	88.5	149.5	223
all_peaks_83128	chr2	214148804	214149305	208	177	184	171	263	298	296.5	319	230.5	290.5	209	299	269.5	268.5	280.5	289.5	275	264.5	279.5	249.5	335	354	285	322.5	297	292.5	337	317.5
all_peaks_83144	chr2	215674534	215675035	220.5	194	283	212.5	442.5	480	374.5	471	461	479	454	480.5	408.5	464	366	471.5	430.5	545.5	408.5	459.5	419.5	472	376	493	497	504.5	436	593.5
all_peaks_83183	chr2	216847103	216847604	1	1.5	8.5	1	10	136.5	0.5	59	27.5	187.5	4.5	27.5	24.5	19.5	3	19	36	77.5	1.5	10	2.5	128	11	49	43	229	6	62.5
all_peaks_83209	chr2	216984598	216985099	7.5	75.5	1	94.5	29	77.5	111.5	146.5	39	112.5	73.5	66.5	34.5	48	62	79.5	15.5	31.5	69	127.5	22	168.5	79.5	107.5	12.5	155	54	129
all_peaks_83291	chr2	218088033	218088534	5	4.5	11.5	1	32.5	146.5	27	134.5	59.5	161	35.5	129	27	60.5	8	78.5	31.5	59	12.5	46.5	48	165	127	148.5	28	89	148.5	143
all_peaks_83353	chr2	219134729	219135230	618.5	628	584	595.5	596	562	655.5	611.5	508	687.5	677	586	607.5	659	648	627.5	647.5	686.5	644.5	658	630.5	616.5	606	639.5	537	621.5	703.5	638.5
all_peaks_83358	chr2	219151387	219151888	141	105.5	229	142.5	174.5	155	136.5	164.5	161	203.5	186.5	291	164.5	205.5	149	220.5	210.5	184.5	188.5	249.5	118.5	166	110.5	152.5	112.5	224.5	136.5	221
all_peaks_83381	chr2	219270889	219271390	236	197	267.5	176	379.5	421	392	456	373	344.5	416.5	400	303.5	388.5	351.5	433	342	386.5	340	361	376.5	356	315	341.5	346	368	350.5	407.5
all_peaks_83424	chr2	219761161	219761662	154.5	46	139.5	88.5	49.5	160.5	49	236.5	81	239	51.5	192	75.5	92	68.5	180	140	134	129	142.5	41	138	110.5	165	56.5	179.5	97.5	155.5
all_peaks_8345	chr1	149858100	149858601	349	445.5	340.5	354.5	487	421.5	367.5	320.5	453	369.5	322	394.5	382	310.5	327	344.5	365.5	377	312	298	367.5	352.5	317	317	362.5	335.5	291.5	300
all_peaks_83470	chr2	220112382	220112883	195	166	290.5	258.5	160.5	126.5	148.5	213.5	192	135.5	253.5	256	169.5	181	145.5	204	244	195	213.5	257	90.5	65.5	96.5	60.5	99.5	93	100	82.5
all_peaks_83474	chr2	220143832	220144333	489	358	548.5	421	368.5	354.5	309	448.5	316.5	340	309	401.5	361.5	368.5	310.5	398.5	380.5	418	316	353.5	383	478	428	553	380.5	513.5	438	488.5
all_peaks_83489	chr2	220252991	220253492	280.5	267.5	274.5	256	339	231	267	319	259.5	293	274	224.5	334.5	369	344.5	355	383	351.5	382.5	364.5	356.5	319	354	312	358	358	369	341.5
all_peaks_83515	chr2	220408454	220408955	188	173	159	136	179	262.5	192.5	226.5	205.5	295.5	171.5	226	149.5	191	225.5	261.5	177.5	234.5	182.5	189	228	327.5	304.5	330	254.5	287.5	309	401.5
all_peaks_83555	chr2	222382371	222382872	163	135.5	278.5	78	170.5	155.5	243.5	131.5	217.5	115	280.5	246.5	177	178.5	251	203.5	247	178.5	282.5	213.5	165.5	81.5	142.5	75.5	126	85	141	90.5
all_peaks_83608	chr2	223678123	223678624	4	2	1	1	65	157	7.5	102	83	143.5	8	22.5	48	65.5	4	39.5	29.5	92	4.5	11.5	73	130	16	102	68.5	172.5	28	144.5
all_peaks_83629	chr2	224625486	224625987	26	2	195	36	96.5	144	57.5	194.5	173	199.5	80	159.5	122.5	181	40.5	140.5	186.5	177.5	73	95	98.5	161	102.5	142.5	198	177.5	187.5	184
all_peaks_83650	chr2	224806408	224806909	20.5	5.5	107.5	21	118.5	253	68.5	230	166.5	257	92	93	117	102.5	75.5	92	146	192.5	81	57	89	213	44	126	125	222.5	82.5	130.5
all_peaks_83669	chr2	224890573	224891074	47.5	91.5	40.5	81	71.5	83	123.5	280.5	44	69.5	78.5	214	58	53.5	93	174.5	48.5	45.5	64	117	46.5	43	237	229	36	42	193	269
all_peaks_83693	chr2	225450037	225450538	287.5	255	271	270.5	373	254.5	273.5	322.5	388.5	381	352.5	376.5	379	359	371	433	400	390.5	373.5	431	305	281	297	271	349	315.5	293.5	326
all_peaks_83729	chr2	225817948	225818449	65	78.5	70	85.5	120.5	61	162.5	77.5	120.5	69.5	160.5	135	95.5	111.5	136.5	128	141.5	100.5	147	155	37	16	48	16.5	48	25	60.5	25.5
all_peaks_83753	chr2	225906144	225906645	51	47	50	51.5	56	131.5	46	126	105.5	135.5	105.5	278.5	69.5	64	79.5	167.5	97.5	118.5	111.5	194.5	80.5	61	102.5	91	95.5	62	60.5	66.5
all_peaks_83755	chr2	225917379	225917880	70	110.5	56	97.5	156	74.5	164.5	94.5	110.5	27.5	182	114.5	83.5	133	212	140.5	130	87.5	193.5	185.5	114.5	13	77	9	130	9.5	71.5	22
all_peaks_83855	chr2	228682927	228683428	21.5	5.5	23	1	24.5	79	7	109.5	8	70.5	6	16	34.5	20	5	15	1.5	15.5	2.5	5.5	32.5	161.5	5	108	9	139.5	12	118
all_peaks_83865	chr2	230045322	230045823	48	83	53	71	516.5	434.5	200	289.5	699	840	195.5	429	353.5	121.5	89.5	137	176.5	184.5	88	108	201	286.5	231	431.5	304	361.5	282.5	579.5
all_peaks_83876	chr2	230686844	230687345	42	5	15.5	3.5	114.5	160	57	132.5	91.5	142.5	73.5	112.5	97	103	22	107	86.5	122	32	70.5	162.5	160	130.5	131	172	96	124	114
all_peaks_83926	chr2	231183827	231184328	206	236	204.5	254.5	202.5	184.5	328	227.5	265.5	141.5	313	263	252	279.5	310	246.5	266	241	325	312	143.5	62.5	139.5	82.5	139.5	50.5	149.5	78
all_peaks_8393	chr1	150208295	150208796	439.5	499	425.5	436	336	366.5	431.5	373.5	547	365.5	446.5	367.5	460.5	467	456	404.5	420.5	390	422	418.5	368.5	358	357.5	345.5	417	292.5	344	322.5
all_peaks_83967	chr2	231447526	231448027	11.5	3.5	11	4	25.5	101	8	151.5	33.5	91	15	47.5	39.5	28	5	43.5	27.5	51	11	11.5	58.5	139.5	29	124.5	31	145	68	153
all_peaks_83983	chr2	231523907	231524408	33.5	25.5	26	39	240.5	418	257	450	290.5	371	303.5	481.5	217.5	362	146.5	398.5	215	336	245.5	383	280.5	313.5	278	241	316	285.5	338.5	284.5
all_peaks_83984	chr2	231526317	231526818	139	74.5	99	95	173	236.5	147.5	175.5	267	205.5	185.5	264	166.5	175.5	121	178.5	142	175.5	114	179	136.5	161	169.5	165	122	136	163.5	149.5
all_peaks_84015	chr2	231658650	231659151	89.5	47.5	180.5	67.5	108.5	107.5	47.5	134	125.5	221.5	67	136	91	118.5	59.5	116	159.5	145.5	64.5	91.5	83	168	117.5	148.5	142	195	154.5	201
all_peaks_84036	chr2	231742363	231742864	14.5	19	238	120.5	7	6	32	18	158.5	83.5	164	170	26	4	20	10	176.5	131	160	126	7.5	3.5	23	16.5	70.5	42	136	109
all_peaks_84071	chr2	231838835	231839336	61.5	22	180	60	115	155.5	98.5	195	132.5	149	118	223	126.5	117.5	68	120	156.5	133.5	97.5	137	52.5	108	82	154.5	58.5	94	142.5	165.5
all_peaks_84077	chr2	231849065	231849566	4	3.5	14	1	108.5	232	23.5	153.5	123	151	92.5	159.5	128.5	186	10	119.5	96.5	146.5	56	99	152.5	161.5	121	109.5	150.5	105	187.5	107.5
all_peaks_84136	chr2	232410142	232410643	30.5	15	58.5	31.5	169.5	317.5	129.5	313	226	180.5	171.5	312	171	252	95	268	132	251.5	89.5	181.5	115.5	110	99	99	148	119.5	142	110.5
all_peaks_84146	chr2	232476414	232476915	1	4	7.5	5.5	3	64	10	199	18	53.5	8	32.5	20	27	7.5	36	11.5	14	5	6	18	161.5	38.5	237	39	135.5	45.5	208.5
all_peaks_84157	chr2	232526909	232527410	228.5	227	196	201.5	300.5	232	262.5	258	200	267.5	272.5	274	303	317.5	296	304.5	280.5	327.5	292.5	312	315	265	337	304	401.5	329.5	375.5	323
all_peaks_84211	chr2	233180177	233180678	242	182	283.5	264	314	347	385	316.5	341	261	476	414.5	316.5	411.5	339.5	298.5	333.5	393.5	392	343	267.5	148.5	256.5	165	284.5	150	286	227
all_peaks_84273	chr2	233646360	233646861	3	1.5	5	2.5	31	163	18.5	189	72	71.5	21	155.5	87.5	76.5	7.5	174.5	58.5	83.5	10.5	50	64	131.5	104.5	137	66	70.5	90.5	89
all_peaks_8429	chr1	150535768	150536269	143.5	174	135.5	204	103	70	180.5	88.5	77.5	55	134	87.5	140	102	203	111.5	114	69	180	137	67.5	37.5	87.5	63	43.5	32.5	67	57
all_peaks_84308	chr2	234139406	234139907	11.5	5.5	20.5	3	71	131	44.5	159.5	124.5	183	54.5	110.5	74.5	136	30.5	148	102	134.5	34	103.5	85.5	107	41.5	57	112.5	129.5	39.5	56
all_peaks_84313	chr2	234156308	234156809	20.5	21.5	44	29	57	127	14	185.5	80.5	109	24.5	80.5	46	42.5	12	62.5	24	53.5	15	22	52.5	214.5	80	203	71.5	176.5	78	249.5
all_peaks_84317	chr2	234176461	234176962	476.5	367	433.5	489	325.5	232.5	312.5	235	325	168	343	338.5	291	321	353	289	322	242.5	368	391.5	252.5	113	288.5	163	247	117	237.5	146
all_peaks_84324	chr2	234240147	234240648	276.5	240	276.5	278	161.5	90	208	81.5	232.5	53	204	162.5	170.5	230.5	197	163.5	223.5	168	199	191.5	89.5	23	120	25.5	108.5	30.5	101	18
all_peaks_8433	chr1	150583943	150584444	231.5	60	334	98	102	186.5	74.5	233	145	223	63	126	128.5	135.5	80.5	118	118	128.5	77	66.5	224	332.5	164	290	231	309	165.5	324.5
all_peaks_8434	chr1	150585977	150586478	43	8.5	73.5	9.5	21.5	72.5	8	120	26	140.5	14.5	37	19.5	34	12	43.5	22	43	10	16	48.5	132	94	155.5	81	136.5	109.5	178.5
all_peaks_84341	chr2	234318134	234318635	78	104	95.5	107.5	32.5	2.5	99.5	13.5	67.5	9	100.5	79.5	44	33	105	37.5	123.5	60	130.5	137.5	6.5	3.5	11.5	4	14.5	5	37.5	14.5
all_peaks_84349	chr2	234330615	234331116	148.5	157.5	122	131.5	235	186	234	144.5	164	66.5	230	141.5	206	233	220.5	230.5	206.5	177	200	157	192	75.5	153	58.5	127.5	41	130	45
all_peaks_84383	chr2	234899131	234899632	106.5	90.5	132.5	150.5	96.5	62	160.5	128.5	110.5	62.5	192.5	160	108	152	165	143.5	201.5	122	184	208	45.5	25.5	93	75.5	77.5	41	106.5	79
all_peaks_84389	chr2	234941127	234941628	85	16	146	27	104.5	52.5	32.5	47.5	129	62.5	78	143	150	111.5	28.5	57	188	143	68.5	135.5	91.5	34	30	19.5	52	59	79	44.5
all_peaks_84426	chr2	235217396	235217897	146.5	108.5	89.5	93	126.5	202.5	93.5	276.5	102	157	76.5	171.5	127.5	154.5	71	202.5	88	129	77	116	120	186	193.5	246	87.5	144.5	203.5	243
all_peaks_8443	chr1	150669540	150670041	338	369	298	361	250	262	349	309	353	210.5	313	278.5	308	313.5	335	295.5	305.5	267	345.5	331	268	183.5	267.5	239	244	254.5	248.5	230.5
all_peaks_84447	chr2	235331448	235331949	211	183	242.5	221.5	84	34.5	107	66	75	11	94	73.5	88.5	81.5	107.5	63.5	93	59.5	92.5	80.5	36.5	26.5	103	54.5	28	22.5	81.5	46
all_peaks_84449	chr2	235334514	235335015	402	301	375	299	370.5	290	400	320	370	85.5	365.5	431	353.5	358	353	432.5	322.5	270.5	309.5	374.5	315	63.5	343	155	200.5	49.5	221.5	88.5
all_peaks_84452	chr2	235355021	235355522	273.5	215	401.5	294.5	246	203	309	263.5	314	88.5	264.5	265	227	269	248	310	283.5	253.5	251	301	156.5	86	227	95	135.5	48.5	198.5	100.5
all_peaks_84455	chr2	235363033	235363534	139	145	98.5	145	71	32	147.5	41	21.5	8.5	95	41.5	78.5	63.5	109	78.5	55.5	15.5	111.5	89.5	32	17	44.5	16.5	10	8.5	26	11.5
all_peaks_84459	chr2	235372601	235373102	245.5	194	193.5	183	159	107	152.5	120.5	80.5	45.5	87	63.5	193	111.5	163.5	116.5	104.5	90	116.5	56.5	145.5	59.5	102	69	95.5	28.5	86.5	40
all_peaks_84468	chr2	235397538	235398039	170.5	132	217.5	182	242	205	282	381	269.5	159.5	303	365	196	203.5	215.5	289.5	237.5	220	289.5	321.5	161	121.5	203.5	165	138.5	123	203	174
all_peaks_84515	chr2	237455228	237455729	54	84	55	64.5	111.5	120.5	191	78.5	166	32.5	195	232.5	92.5	105.5	143.5	137.5	102.5	103.5	155	136	58.5	25.5	59.5	28.5	54	21	74.5	36.5
all_peaks_84533	chr2	237876641	237877142	87	182.5	69	187.5	4.5	3	13.5	30	0.5	0.5	22	36	3.5	8.5	15	53.5	6.5	6.5	22.5	55	6.5	0	20	5.5	8.5	1.5	20.5	12
all_peaks_84552	chr2	238336821	238337322	17	8.5	18.5	14.5	11	193.5	15.5	180.5	62.5	210	31	181.5	28	35	18	92.5	29	105.5	26	34.5	47.5	119	84.5	131.5	61.5	161.5	121	144
all_peaks_84572	chr2	238512221	238512722	158.5	198.5	84	205	28.5	16.5	68.5	57.5	44.5	9	44.5	31	49	58	72	36	46	26.5	35.5	33.5	48.5	26.5	89.5	48.5	10	18.5	59.5	30.5
all_peaks_84580	chr2	238582231	238582732	197.5	243	233	271.5	92.5	73	97.5	52	109.5	112	98	77.5	104.5	120.5	85	81	113.5	93.5	93.5	72	126.5	93.5	180.5	87	104	115.5	86.5	103
all_peaks_84596	chr2	238640221	238640722	8.5	5	12.5	7	15.5	104	4.5	53	50	186	4.5	33	47	20.5	3.5	23.5	30.5	53.5	7.5	8.5	30	170	4	99	76	197	34.5	144
all_peaks_84600	chr2	238661366	238661867	7.5	2	17	10.5	19	208	12.5	109	77.5	106	19	118.5	42.5	38.5	7	83	82	94.5	18.5	66	14.5	82.5	13	42.5	41	98	22	65
all_peaks_84615	chr2	238807190	238807691	170.5	217	190.5	163.5	220.5	59.5	347	187	164.5	53	277	206.5	138.5	288	265.5	377	201.5	147	247.5	387.5	68.5	40	152.5	121	32.5	65.5	88.5	83
all_peaks_84625	chr2	238850640	238851141	32	36	64.5	23.5	137	21.5	119	8	25	3.5	94	23.5	116	83	143.5	34	115	32.5	115	58.5	20	0.5	10.5	1	9	0.5	8.5	4
all_peaks_84683	chr2	239197340	239197841	422	450	456.5	480.5	397.5	467.5	418.5	305	450.5	369.5	441.5	420.5	328	337.5	368.5	339	354	380.5	415.5	379	326	312.5	420.5	370.5	410	382.5	520.5	447.5
all_peaks_84699	chr2	239347987	239348488	28.5	7	13	4.5	6	107.5	1.5	16.5	21.5	106.5	1	19.5	33.5	28	4	5	28	46	2	0	23	171.5	4.5	44	11	150	6.5	44
all_peaks_84750	chr2	240196799	240197300	240.5	117	233.5	113.5	197	237	121.5	220	166	118	121	134	179.5	221	105.5	171.5	183.5	208	85	80	222.5	242.5	257.5	208	205.5	184.5	196	163
all_peaks_84768	chr2	240248461	240248962	76.5	70	39.5	84	129	168.5	163.5	241	114.5	61.5	195.5	198	105.5	128	99.5	200.5	62	101	126.5	158	112	98.5	246	133	109.5	63	210	119
all_peaks_84772	chr2	240291259	240291760	318.5	423	81	339.5	133	99.5	199	267	67.5	39.5	91.5	107	136.5	217.5	177.5	240	69.5	91.5	146.5	133.5	163.5	150	228.5	217	48	66.5	111.5	144.5
all_peaks_84780	chr2	240322738	240323239	795.5	757.5	767.5	729.5	774	737.5	741.5	729.5	678	632.5	709.5	608.5	769	727	748.5	724.5	732.5	766.5	736	743.5	844	725	734	748	765	744	735.5	753
all_peaks_848	chr1	8021343	8021844	367	386	387	379.5	475.5	537	402	437.5	498	527.5	419.5	486	454.5	445	417	435.5	436	426	408.5	430.5	482.5	473.5	466	437.5	553.5	501	488	509
all_peaks_84866	chr2	241505112	241505613	233	146	322	159	279.5	282	319.5	329.5	390.5	289	333.5	337	262.5	299	264.5	316	330	322	314	348.5	195	224	207.5	208.5	208	220.5	211	197.5
all_peaks_8493	chr1	151103640	151104141	92	211.5	64	214	41.5	41	80.5	60	41.5	36	94	67	54	52.5	94	78	56	46.5	118	59.5	91.5	50	105.5	79	73	49.5	111	107.5
all_peaks_84981	chr2	242254409	242254910	331.5	302.5	426.5	346	375	312	378	266.5	373	341	337.5	297	392	391	357	345.5	402	368.5	393.5	371.5	244	252	279	232	283.5	248	272	284.5
all_peaks_85039	chr2	242702443	242702944	93.5	3.5	314	30	72	105.5	9.5	14.5	198	242.5	54.5	74	129.5	154.5	12	32.5	193.5	227.5	40	62	47.5	52.5	15	18.5	139	129	42	69
all_peaks_85124	chr20	414116	414617	44	20	93.5	25.5	111.5	136.5	83.5	247.5	172	173	98.5	217.5	105.5	95.5	48	194	142	176	64.5	143.5	55.5	76.5	28.5	79	89	108	85	116.5
all_peaks_8516	chr1	151254349	151254850	631.5	669.5	679.5	704	710.5	749	726.5	774.5	648	610.5	733.5	692.5	707	625	691	697	643.5	610	685	652	639.5	668	720.5	691.5	611.5	683.5	689.5	614.5
all_peaks_85211	chr20	1338432	1338933	6	5.5	6.5	7.5	67.5	153.5	69.5	160.5	127.5	169.5	99.5	131.5	89	148.5	32.5	178.5	102	150	73.5	131.5	79.5	130	122.5	128	102.5	104	116.5	125
all_peaks_8526	chr1	151283968	151284469	8	3	16	1	31.5	80.5	5.5	84	18	80.5	4.5	14	57.5	45	3	44	33.5	54	6	7.5	41	254.5	46.5	161	68	232	43.5	142
all_peaks_85363	chr20	2995177	2995678	1.5	1	3	1	23.5	140	4	51.5	30	108	3.5	8.5	22.5	26.5	1.5	23.5	10.5	41	2.5	0	51	189	6.5	77	60	185.5	9.5	70
all_peaks_85379	chr20	3074424	3074925	56	169.5	20.5	177	5.5	2.5	20.5	3.5	5	4.5	5	7	9	11	28	5	6.5	5	12	7.5	19.5	7	15	4.5	3.5	2	13	9
all_peaks_85414	chr20	3364707	3365208	1	0.5	6.5	1	11	142.5	2	176.5	55.5	130.5	15.5	106	26	17.5	1.5	20.5	19	59	4.5	23	61	197	14	123.5	91.5	178.5	82	188
all_peaks_85448	chr20	3748312	3748813	273.5	267	290	257.5	316	465.5	402.5	471.5	351.5	355.5	403	439	364.5	407.5	365.5	399.5	405	464.5	402.5	426	460.5	414	393.5	385	453	453.5	379.5	462
all_peaks_85453	chr20	3779658	3780159	82.5	105.5	62	104	136	31.5	181.5	10	55.5	9.5	222	90.5	127.5	82.5	204.5	80	140.5	71.5	242	149	59	6.5	33.5	2	26.5	6.5	33	7.5
all_peaks_85460	chr20	3792225	3792726	229	229.5	177	215.5	237.5	171	264	144	228	103	272.5	142.5	257	256	260	196	247.5	194.5	254	238	186.5	144.5	142.5	138	158	95	130	82.5
all_peaks_85462	chr20	3796523	3797024	40	28	73.5	68.5	102	41	113.5	15.5	121	47.5	159.5	143.5	93	90.5	80.5	42.5	147.5	110.5	112	105	64	5	34.5	8	71.5	22	64	21.5
all_peaks_85497	chr20	4018605	4019106	195.5	218.5	137	213.5	182	132	220.5	138.5	137.5	56.5	230	138	196	228.5	270.5	160	230.5	132	274	229.5	152.5	71	171.5	117.5	159.5	44.5	151	87
all_peaks_85545	chr20	4666733	4667234	191.5	144.5	217	139.5	247	317	227	223.5	224	263.5	196.5	229.5	231.5	226	147	180.5	214	255.5	154	168	259	281.5	271.5	230	245.5	255.5	216.5	274.5
all_peaks_85582	chr20	5037399	5037900	107	110.5	245	145.5	137.5	74	192.5	96	113	73	283	165.5	131.5	117.5	196	92	204.5	94	260	178.5	83	61	61.5	44	75	39.5	130	74.5
all_peaks_85595	chr20	5100447	5100948	311	322.5	301.5	314	435.5	385.5	367.5	394	476.5	491	374	443	393.5	364.5	364.5	379.5	360	369	361	359.5	395.5	383.5	388	439	391	389.5	430	379
all_peaks_85641	chr20	5695190	5695691	449.5	390.5	335.5	384.5	44.5	8.5	106	13.5	36.5	8	70.5	9	58.5	36.5	144	12.5	32	9.5	111	30	75.5	29	76.5	71.5	29.5	17.5	36.5	21
all_peaks_8565	chr1	151762845	151763346	584.5	618	586	654.5	537	478.5	561	504.5	552	459.5	580.5	456	535	552	572	454.5	548	474	572.5	542	425.5	438	537	501.5	460	440	502	366.5
all_peaks_85653	chr20	5824930	5825431	29.5	5.5	25.5	3.5	68	143.5	27	58	85	205.5	44	174	60	58	14	57.5	95	130.5	29	50	86	116.5	25	74.5	123	193.5	76.5	126.5
all_peaks_85737	chr20	10015402	10015903	226.5	214.5	214	187.5	189	195	249.5	149	167	90.5	213	180	214.5	194	236.5	153.5	181.5	159.5	215	168	198	90	182.5	121.5	171	66.5	197	107.5
all_peaks_8584	chr1	151871057	151871558	163	196.5	147	232	98.5	65.5	250	40	78.5	39	224.5	112.5	127.5	136.5	275	135.5	121	94.5	239.5	205.5	33.5	16.5	38.5	17	18.5	15	54.5	14
all_peaks_8586	chr1	151881771	151882272	149	129	172.5	144	175	231.5	165	251.5	207.5	231	197	234.5	163.5	222.5	142.5	241.5	212	275	197	221	207.5	242	186	214.5	280.5	286	204	324.5
all_peaks_85876	chr20	17591095	17591596	102.5	121.5	79	93.5	111	18.5	155.5	13	64.5	6	128.5	48.5	127	93	143.5	51	97.5	61.5	133.5	74	61.5	7	32.5	3.5	26.5	7.5	39.5	6
all_peaks_8589	chr1	151913756	151914257	15.5	3	14.5	3	6	34	3	49.5	10	133	4	18.5	11.5	27.5	3.5	25	13	26.5	6	7.5	9.5	132	12	139.5	10.5	180	8.5	127.5
all_peaks_8591	chr1	151918113	151918614	121.5	14.5	163.5	18.5	71	83	39.5	96	113.5	154.5	35	64	85	122.5	20.5	115.5	107	118.5	29	43.5	192.5	161	104	166	176	207	62	162.5
all_peaks_85940	chr20	18568325	18568826	82	49.5	101	64.5	113.5	169	69.5	182.5	159.5	162.5	71	139.5	142.5	154.5	73	155	122.5	162	78.5	122.5	159.5	201.5	145	169.5	153	197	140	196.5
all_peaks_85945	chr20	18718694	18719195	76	8	133.5	27.5	114	14.5	29.5	0	56.5	3.5	23.5	13.5	153.5	107	34.5	20	166	79	33	31.5	82.5	3	4	0	8.5	0.5	7.5	2.5
all_peaks_8607	chr1	152020379	152020880	226	191.5	360.5	219.5	378.5	591.5	402.5	505.5	536.5	562.5	488.5	614.5	411.5	538.5	330.5	596.5	461	580.5	432	481.5	389	450.5	326.5	412	437.5	486	443	443.5
all_peaks_86079	chr20	23128438	23128939	5	3.5	4	1	23.5	84.5	12	128	40	103.5	9.5	63	28	39	4.5	76	23	58	5	17.5	28	134	45	119	46.5	126.5	39.5	155.5
all_peaks_86089	chr20	23331124	23331625	262	270.5	339	292	276.5	365	298.5	317.5	241.5	370	251.5	269.5	245.5	219.5	290	276.5	225.5	263.5	279	232	170.5	209.5	242	270	169.5	250	254	246.5
all_peaks_86100	chr20	23380254	23380755	13.5	5.5	13	2.5	38	179.5	20.5	140	47	141	24	109.5	52.5	62.5	8.5	72	45	71.5	18.5	35.5	41.5	92	36.5	82	42	149.5	68.5	85
all_peaks_86101	chr20	23388636	23389137	10	3.5	16	9	11.5	56	33.5	124	48	35.5	54	92.5	50	52	57	116	156	95.5	157	106.5	18	41	19.5	59.5	11.5	34	10	45
all_peaks_86130	chr20	24007821	24008322	146	238.5	183.5	172	124.5	41.5	180	57	89	23.5	162	98	138	137	177	117.5	137	106.5	176.5	162.5	95.5	30.5	118.5	42	70	18	111	42
all_peaks_86159	chr20	24370279	24370780	20.5	154	10.5	130	14.5	5.5	175.5	16	10	2	196.5	33	5.5	9.5	186	17.5	11	4	187	68	2.5	2.5	60.5	12.5	13	1.5	69.5	20.5
all_peaks_86182	chr20	24929577	24930078	132	63.5	323.5	200.5	173.5	157	221	164.5	208.5	166	274	256.5	231	246	186.5	207.5	283	241.5	211.5	265.5	129.5	128	152	118.5	223.5	171	133	131
all_peaks_86212	chr20	25071293	25071794	172	177	243	187	186.5	100	165.5	62	100.5	38.5	197	133.5	137	113.5	157.5	67	169	126.5	184.5	99.5	142	33.5	124	23	165	19.5	143	43.5
all_peaks_86220	chr20	25203781	25204282	3.5	7	7	7	35.5	170.5	4.5	172	76.5	241	30	102.5	20	62	10	35	44.5	114.5	19.5	39.5	18	161	19.5	107	69	205	85	226.5
all_peaks_86221	chr20	25218332	25218833	3.5	4	9.5	6.5	21.5	159.5	15	319	59	135	19.5	75	28.5	34	4.5	84.5	31	55	13	16	25.5	324.5	62	319.5	26.5	287.5	116.5	277
all_peaks_86280	chr20	26188818	26189319	326.5	562.5	325.5	567	1215	1215	958.5	1193	1141.5	1215	1171	1215	1309.5	712.5	508	765.5	1107.5	1286.5	603	709	886.5	1112	1171	1215	1171	1171	1171	1238
all_peaks_86281	chr20	26189830	26190331	406.5	798	468.5	785.5	1309.5	1486	1238	1486	1215	1486	1309.5	1309.5	1486	1135	625.5	1358	1486	1938	810.5	1486	1422	1358	1486	1486	1358	1422	1486	1486
all_peaks_86330	chr20	30190584	30191085	19.5	3.5	63	4.5	116.5	208	11.5	72	129	197	37.5	60.5	114.5	89	6	29.5	120.5	160.5	18	21.5	152	152	33.5	78	145.5	140	66.5	102
all_peaks_86351	chr20	30311216	30311717	254	275.5	286.5	308.5	295.5	302	271.5	274.5	283.5	461	357	355.5	270.5	293.5	236.5	236.5	324	376.5	342	308	328.5	332.5	309	313.5	422	378	376	418.5
all_peaks_864	chr1	8157433	8157934	13	2	10.5	3.5	59.5	166	16	200	58	105	9.5	108	50.5	75	4.5	84	30	62.5	4	20	90.5	139	114.5	193	107	98	153.5	129
all_peaks_86410	chr20	30921297	30921798	13	2	15.5	2.5	73	136.5	5	89.5	59	190	9.5	61	53	59	4	27.5	52	101	5.5	14.5	54	211	10	111.5	124.5	203	82	142.5
all_peaks_86441	chr20	31097482	31097983	81	115	108.5	131.5	43.5	27.5	89	19	36	21	166.5	86	43	42.5	130	49.5	59	54	187.5	96.5	48	7.5	69.5	15	61.5	14	53.5	15.5
all_peaks_86449	chr20	31127573	31128074	114.5	117	131.5	119	179	158.5	216.5	145	211.5	96	195	174.5	132.5	156.5	179.5	151.5	177.5	147.5	155.5	190.5	85.5	52	130	48	83.5	52	112.5	76.5
all_peaks_86510	chr20	31559932	31560433	195.5	214	189	273	128.5	151	203.5	141.5	188	86.5	277	237	165.5	136.5	258	140.5	246	190.5	318	293.5	109	89	116	71.5	120.5	75	123	99.5
all_peaks_86527	chr20	31958016	31958517	151	31	202	34	65	16.5	15	11	29	13	10.5	5	71	35.5	27.5	9	41	26.5	16.5	10.5	30.5	10.5	15	11.5	13	21	2.5	6
all_peaks_86557	chr20	32254420	32254921	102	82.5	143	78	164	269	150.5	194.5	132.5	214	123	135	142	163.5	113	177	139.5	163	98.5	113	146.5	211.5	135.5	216.5	228	235.5	153	220
all_peaks_86567	chr20	32274109	32274610	255.5	232.5	243.5	249	326.5	409.5	347	372	335.5	368	313	345	267	319	282	327.5	329	353.5	297	305	353.5	377	365	365.5	339.5	412	396.5	408.5
all_peaks_86571	chr20	32307932	32308433	386.5	445	345.5	407.5	247	250.5	369.5	306.5	240.5	205	304.5	278	281.5	286	372.5	293.5	312	283.5	366	309	276	235	315	325	266	229	293.5	200.5
all_peaks_86572	chr20	32319617	32320118	236	248.5	207	205	296.5	190	282.5	202.5	241	208	286	172.5	273	254.5	273.5	288	225.5	227.5	232	220	307	207	228.5	155	275	161.5	196	133.5
all_peaks_86595	chr20	32580813	32581314	365	375.5	336.5	342	369.5	236.5	385	337	435.5	373.5	377.5	297.5	460.5	427	465	407	419	392.5	445.5	434	416.5	378	423.5	412.5	395.5	348	404	391.5
all_peaks_8662	chr1	153504552	153505053	43.5	15	71	29	139	173.5	43.5	120	134	100	92.5	138	148	123	20.5	72.5	129	155.5	49	83	122.5	61.5	56.5	36.5	132.5	68	66.5	71.5
all_peaks_8663	chr1	153508422	153508923	188	155	282	223	184.5	196.5	189	107	290	173.5	220.5	264.5	163.5	165	142.5	133	269.5	256	233	195.5	138	88	113.5	89	165.5	148	136.5	148
all_peaks_86661	chr20	33169544	33170045	5.5	0.5	4.5	2	10	41	3	163.5	8.5	31.5	2	31.5	12	22	7.5	45	10.5	17.5	3.5	12.5	11.5	92	8.5	161.5	5.5	73	10.5	127
all_peaks_8668	chr1	153538925	153539426	32.5	11.5	35.5	13	103.5	112	92	203.5	110.5	123	58.5	117	142.5	152	57.5	171	121.5	132.5	51.5	70	99	167	114	169	131.5	165	106.5	160.5
all_peaks_86683	chr20	33463943	33464444	171	195	121.5	121.5	179	137.5	166	300.5	154	210	142	120	201.5	177.5	253.5	298	138	142.5	175.5	190.5	232	270.5	289.5	395	164	254.5	289	324
all_peaks_86716	chr20	33749213	33749714	31.5	16	69	63	42.5	2	67.5	3.5	29	0.5	136.5	18.5	66.5	64	83	11.5	113.5	51.5	171	96.5	15	0	2	2	40.5	1	3.5	1.5
all_peaks_86722	chr20	33839886	33840387	43.5	18.5	238	59	65.5	74	93.5	124.5	122	138	223	132.5	88.5	113.5	101.5	124.5	209.5	161.5	232	180.5	133.5	77.5	112.5	92	156	98.5	174	136.5
all_peaks_86737	chr20	33893432	33893933	2.5	2	2.5	3	37.5	167	8	247.5	93	162.5	18.5	77	52	73.5	3.5	101	40.5	89	8.5	19	67.5	261.5	64.5	272.5	110	281.5	137.5	270
all_peaks_86770	chr20	34204106	34204607	554.5	519	493	522.5	494	411	512.5	449.5	430	432	478	416	563	539.5	595.5	553	524	531.5	565.5	493.5	551	529.5	553.5	450.5	540.5	529.5	469.5	488.5
all_peaks_868	chr1	8212652	8213153	172.5	153	161.5	220.5	44.5	35	75	17.5	69.5	40.5	79.5	73.5	56	37.5	83.5	18	98.5	65	92	59	27	31	66	35.5	35	69	97.5	92.5
all_peaks_86920	chr20	35579910	35580411	116.5	87	119.5	92	210	294	146	280.5	247	274	171.5	214.5	185.5	227.5	130	222	177	218.5	122	199.5	203	226	175	242	227	278	210.5	223.5
all_peaks_87005	chr20	36618865	36619366	7.5	3.5	41	19.5	38	101	29.5	93	121	170	75	127	75.5	105	20.5	82	130.5	151.5	64	74.5	43	119	60	113	93.5	167.5	86	130.5
all_peaks_87069	chr20	37433496	37433997	334	287.5	407.5	421	139	92.5	154	93	232	112	195	186	179.5	283.5	157.5	150	261.5	269	233.5	229.5	127.5	57	162.5	37	101	75.5	174	81
all_peaks_8707	chr1	153777699	153778200	99.5	34.5	345	114	40	57.5	67	82	46	89.5	132	90	44	74.5	75	89.5	74	55.5	122	64	90	131.5	110	149	96.5	128.5	152.5	131.5
all_peaks_87091	chr20	37501728	37502229	98.5	29.5	249	65	126	189	70.5	273.5	184.5	290.5	74	150	118.5	131.5	50	172.5	191.5	216.5	75.5	131	79.5	128	67.5	112.5	126	200.5	76.5	156.5
all_peaks_87097	chr20	37554691	37555192	215.5	183	208.5	163	343	372.5	246	339.5	332	351	237	281	286	252.5	224.5	273.5	279	275.5	231.5	193.5	350.5	381	286	356.5	358	368	334	299.5
all_peaks_87108	chr20	37626306	37626807	7.5	2	14.5	6	20	96	7	34	55	191.5	27.5	130	28.5	48.5	6	44.5	64.5	117.5	16.5	61	42.5	75	20.5	27.5	104.5	145.5	114.5	67
all_peaks_87153	chr20	39631912	39632413	98	23.5	100.5	39	82	128	67.5	190.5	114.5	120	48.5	91.5	123.5	136	43.5	115.5	101.5	86.5	65.5	58	119	180.5	130.5	197.5	116.5	253	130	192.5
all_peaks_87240	chr20	42142698	42143199	215	215.5	253	217	195.5	220.5	190.5	277.5	211	215	193	245.5	228.5	306.5	253.5	307.5	241.5	283.5	260.5	302	334	325.5	349	286	372.5	315.5	357	318
all_peaks_87260	chr20	42379806	42380307	14.5	3	12	7.5	129	403.5	72.5	363.5	223	315.5	80.5	356	136.5	206	20	300.5	106.5	273.5	31	132.5	341	260	384.5	321	292.5	221	340	261
all_peaks_87288	chr20	42584038	42584539	21	2.5	43.5	13.5	54	169	28	136	96	182.5	24.5	92	45	55.5	6	81.5	43.5	82	12	41.5	75	201.5	53.5	122	109	177.5	116	122.5
all_peaks_87291	chr20	42592904	42593405	158.5	223	46.5	138	14	4.5	39	12.5	9	5	18.5	17.5	20	10	46.5	16	12	5.5	14.5	19	14	5.5	20.5	8.5	10	3.5	9.5	5.5
all_peaks_873	chr1	8242354	8242855	122	59	98	7	123.5	107.5	62	180	14	6.5	5.5	0.5	149	153	87	160	49.5	31	6.5	4.5	136.5	102.5	80.5	85.5	35.5	23	4	0
all_peaks_87304	chr20	42698908	42699409	128	247.5	65	303.5	9	4	55.5	42	21.5	8.5	33.5	93.5	11.5	14.5	66	77.5	9.5	6.5	41	76	16	1.5	114	25.5	10	8.5	75.5	32.5
all_peaks_87341	chr20	43150547	43151048	460.5	366	438	475.5	159	106.5	164.5	170	173.5	129.5	180	176	158.5	217.5	209	175	191.5	188	192.5	174	227	225	270.5	226.5	161.5	214.5	270	211
all_peaks_87435	chr20	44044401	44044902	259	216.5	295.5	296.5	86	82	121.5	61	127.5	97	112.5	102	105	105.5	97.5	101	130.5	114	127	113	84	87.5	136.5	92.5	74	108.5	154.5	84
all_peaks_8745	chr1	154130135	154130636	203	255.5	207	296.5	163.5	191.5	242.5	213	209.5	165	285	257.5	191.5	230	239	218.5	216	202	267	246.5	193	163.5	180	130	205	121	187	107
all_peaks_87483	chr20	44539426	44539927	58	43.5	103	77	82	127.5	65.5	263.5	125	124	103.5	198.5	74	129	39.5	181.5	89.5	199.5	115	151.5	223.5	213.5	196	313	269	263.5	304.5	367.5
all_peaks_87557	chr20	45173558	45174059	7.5	2.5	29	3	35.5	97	39.5	166	100.5	111	58.5	171	42.5	104	31	150.5	77.5	102	56.5	93	33	91.5	55	87.5	61.5	95.5	56.5	88.5
all_peaks_87666	chr20	46356222	46356723	196	201	99	211	254	97.5	311	195.5	107.5	35.5	271	176.5	203	356	265	219	168	135.5	275.5	283.5	243	77	247	86.5	109	35.5	182.5	87.5
all_peaks_87703	chr20	47332470	47332971	42	24	85	70	102	62	126.5	64.5	219	124.5	224	182.5	62.5	155.5	78.5	129	164	190.5	164	234	48.5	36	41.5	22	91	45.5	99	33.5
all_peaks_87705	chr20	47335689	47336190	23	9	93	30.5	41.5	31.5	53	24	102	41.5	168.5	89.5	39.5	47.5	43.5	51	138	121.5	125.5	176.5	20.5	9.5	6	7.5	41.5	26	29	9.5
all_peaks_87723	chr20	47385795	47386296	132	91.5	235	189.5	111	191.5	57.5	199.5	156	247	74	195.5	124	114	55.5	100.5	138.5	207	90.5	108.5	93.5	259	128	200.5	98.5	227	168.5	285
all_peaks_8773	chr1	154315280	154315781	125.5	97	152.5	122	218.5	121	184	23.5	165	58	226.5	120.5	159	171.5	155.5	97	240.5	186.5	236	226	107.5	23	51.5	8	142.5	25	82	18
all_peaks_87740	chr20	47440375	47440876	29	15.5	38.5	22.5	48.5	204	18.5	156.5	69.5	109.5	48	143	96.5	56.5	25.5	59	61	103	27	42.5	69	177	42.5	162	102.5	192	115.5	186
all_peaks_87788	chr20	47894477	47894978	386.5	381.5	393.5	379	472	441	412.5	338.5	470	562.5	430	384.5	457	395.5	406.5	410.5	445.5	470.5	406	430	468.5	466.5	412	442.5	503.5	480	445	481
all_peaks_87807	chr20	48151306	48151807	3.5	1	7.5	2.5	71	170.5	17	88	102	163.5	24	93.5	90.5	78	14.5	69.5	80	108.5	16.5	45.5	46	83	27.5	46	75.5	124.5	45	47.5
all_peaks_87822	chr20	48210819	48211320	8	2	27	6	261.5	327.5	285.5	307.5	276.5	312.5	265.5	291.5	302.5	301	125	277	297.5	282	164	288	132	175	161	101	164.5	188	162	156
all_peaks_87834	chr20	48285054	48285555	64	5	251	34	66.5	16.5	3	8	71	44.5	5.5	11.5	90	45	6	7	117	55	14	12.5	90	15	5	4.5	97	42.5	4.5	4.5
all_peaks_87837	chr20	48293455	48293956	46	3.5	79.5	9.5	136.5	34.5	26.5	95.5	92	67.5	41.5	64	142	135	24	134	167.5	123	27.5	92	106	32.5	52	39.5	91	41.5	9	29
all_peaks_87859	chr20	48421682	48422183	17.5	5.5	57.5	7	74.5	107.5	39.5	184	79	70	39	61	67	69	24	51.5	82	70	27.5	16.5	155	148	127.5	195	101	183.5	131	158
all_peaks_8789	chr1	154403926	154404427	20.5	3	36.5	8	28	39	3	11.5	36	84.5	1.5	4	36.5	23	2	11.5	25.5	45	5	2.5	12.5	144.5	2	20.5	2.5	192	2	54.5
all_peaks_87903	chr20	48726756	48727257	38	12.5	212.5	46	63	179.5	31.5	92.5	128.5	206	92	167	80.5	78.5	28	65	173.5	235	76.5	79	43.5	124	35	50	109.5	198	98	163.5
all_peaks_87911	chr20	48763393	48763894	196	212.5	174	206.5	136	103.5	198	147	134.5	65.5	141.5	130	158	145.5	225	150.5	171.5	143	200.5	164.5	116.5	74.5	143	103.5	80	70.5	96.5	52.5
all_peaks_87942	chr20	48955372	48955873	14.5	9.5	47.5	11	104.5	186	47.5	196	219	202.5	51.5	176	109.5	104.5	42	189	82	187	44	98	135	114	119	121	149.5	135.5	176.5	170
all_peaks_87952	chr20	49002632	49003133	60.5	56	289	89	68	86.5	48.5	87.5	196.5	181	118.5	208	76.5	112	58	113.5	249.5	247	147	184.5	51.5	38	46.5	31	109.5	84	99.5	63
all_peaks_87975	chr20	49126547	49127048	321	294.5	284	310.5	311	380	279	411.5	338	360	311	316.5	323	335.5	301.5	299.5	329	373	310.5	345	404	577	358	507.5	392.5	583	410.5	505
all_peaks_87987	chr20	49178058	49178559	5	4	2.5	1	23	76	2.5	117.5	38	112.5	5.5	33.5	38.5	35	3.5	49	23.5	58.5	4	12.5	86	192.5	54.5	164	89	193.5	63.5	157.5
all_peaks_88007	chr20	49347561	49348062	541.5	480	411.5	465.5	569.5	369.5	476	331.5	408	413	440	430.5	470.5	340.5	462	346.5	400.5	345.5	460.5	381.5	499	369.5	434	402	409	397	405	375.5
all_peaks_88022	chr20	49461205	49461706	4	3	26	13.5	73.5	133.5	14.5	50.5	214.5	181.5	183	228	59.5	104	10	31.5	195	280	121	147	102	73.5	35.5	33	197.5	118.5	168.5	86.5
all_peaks_88057	chr20	49951815	49952316	4	0.5	3	1	11	111	0.5	10	26.5	109	3	10	9.5	16	1.5	3	12	57	2.5	3.5	43.5	167	2	16.5	71	178.5	13.5	29
all_peaks_88071	chr20	50021120	50021621	212.5	38	281	45	344	451	141.5	300.5	398	418.5	211	321	315.5	374	135.5	338.5	342	442	191.5	271	371	456.5	205.5	254.5	401	430.5	368	313
all_peaks_8809	chr1	154531169	154531670	320	291.5	278.5	306.5	379.5	227	291.5	253	313.5	248	287.5	225	381	376.5	398	335.5	385	367	350.5	380	284.5	237.5	313	268	285	255.5	278.5	282
all_peaks_88092	chr20	50097070	50097571	37	15	49.5	4.5	26.5	165.5	12	176.5	52	199	12.5	91.5	27.5	39.5	11.5	59	38	78	10.5	35	62	218.5	76.5	212.5	98.5	277.5	92.5	228
all_peaks_88107	chr20	50147603	50148104	40.5	6.5	87	12.5	82.5	154	29.5	171	65	151	19	55	94.5	65	17	52.5	57.5	75.5	22	39.5	119	251.5	118	246.5	93.5	243.5	95	235
all_peaks_88112	chr20	50157764	50158265	207.5	151	292	138.5	131.5	193	208.5	220.5	160	192	212	198.5	161.5	161	209	272.5	197.5	188.5	222.5	275.5	125	115.5	110	155	142	144	131.5	147
all_peaks_88171	chr20	51026640	51027141	166.5	196.5	183.5	171	64.5	25.5	122	31	49.5	11	100.5	46.5	94.5	92.5	168	65.5	82.5	47	124.5	58	120	33.5	45.5	39	66.5	33	50.5	30.5
all_peaks_88197	chr20	51687246	51687747	22	16	1	4.5	24.5	74.5	1	65.5	2	56.5	0.5	5.5	28	39.5	5	27.5	6	36	1.5	3	52.5	204.5	2	88.5	5.5	122	0	61
all_peaks_88239	chr20	52210530	52211031	124	142	108	117.5	252.5	140.5	197	167.5	274	324.5	244.5	198.5	222	164.5	202	193	215	218.5	243.5	223.5	189.5	179.5	186	223.5	218	213	229.5	233.5
all_peaks_88252	chr20	52302420	52302921	12	3	60.5	16.5	31	149.5	26.5	37	104.5	199.5	84	109.5	40.5	38	17	29.5	81.5	99.5	91	76.5	35	121	32	44.5	90	128.5	87.5	137.5
all_peaks_88379	chr20	54986949	54987450	130.5	179	96.5	180	62.5	20.5	73	20	65.5	25.5	68.5	58.5	77.5	33	88	36	76.5	39.5	95.5	89.5	42	21.5	54.5	15	26.5	14.5	27	13
all_peaks_8841	chr1	154757407	154757908	117	224.5	56.5	187	26	53.5	93	137	22	37	58.5	53.5	34	29.5	101	60.5	16	21	68	34.5	62.5	51.5	132	88	36.5	51	125	62.5
all_peaks_8842	chr1	154763614	154764115	124.5	152	181	214.5	42	18	96	28.5	75.5	20.5	109.5	33.5	44.5	40.5	109	40	90.5	61	132.5	67.5	38.5	11.5	87.5	24.5	66.5	35.5	65	47
all_peaks_88431	chr20	55967916	55968417	326.5	289	353.5	368.5	162.5	174	215	161.5	196	143.5	221.5	207.5	169	164.5	197.5	183.5	204.5	208.5	205.5	183	113.5	87	189	102	129	72.5	158	128.5
all_peaks_88432	chr20	55973213	55973714	345.5	328	441	400.5	199	124.5	256.5	136.5	213	87.5	246	218.5	170.5	171	241.5	170.5	200.5	187	207.5	204.5	286	63	189.5	69.5	189	71	161.5	87.5
all_peaks_88464	chr20	56194090	56194591	163	119.5	215	173	231	201	200	161	403	198	325.5	360.5	194	274.5	190.5	263	260	330	251	308	176.5	127	155	123	236	134.5	184.5	188.5
all_peaks_88472	chr20	56273191	56273692	4	1.5	6	3.5	9	102	4.5	91.5	29	104.5	4.5	43.5	20.5	23.5	0	23	17	34	1.5	3.5	51	140	30	145.5	42	132.5	61.5	176
all_peaks_88504	chr20	56881881	56882382	277.5	131	273	206	116	227.5	135.5	242	239.5	268	115	233.5	170.5	203.5	177.5	225.5	216	246.5	183.5	193	195	223.5	157.5	269	135	295.5	177	260
all_peaks_88581	chr20	57698170	57698671	138	159.5	95	198	5.5	3	18	11.5	5.5	0.5	14.5	9	7.5	10.5	31.5	16	10.5	2.5	20.5	13.5	7	4.5	13	12	12.5	3.5	10.5	9.5
all_peaks_88592	chr20	57734396	57734897	234.5	190.5	310.5	273.5	58	27.5	48	43	105.5	57	92	112	58	27.5	76	41.5	127	73.5	110	97.5	51	30.5	100.5	37.5	78	57.5	88	64
all_peaks_88677	chr20	60692679	60693180	145	117.5	221	205	61	13	126	12.5	53.5	22	134.5	72.5	43.5	69	127	38.5	114	57.5	166.5	99	28.5	11.5	49	16	30.5	11	90.5	16
all_peaks_88694	chr20	60813153	60813654	615	625.5	565.5	618.5	531.5	571	568	502	567.5	501.5	544.5	545.5	573	586.5	609.5	583	586	616	601.5	585.5	632	606.5	622.5	689.5	642.5	571	719.5	670.5
all_peaks_8870	chr1	154927546	154928047	367	241.5	347.5	230.5	142.5	175.5	214.5	152	148.5	142.5	163	185	170	148.5	211	129	148.5	105.5	200	155	255	185	268	235.5	172	143.5	161.5	195
all_peaks_88763	chr20	61076856	61077357	8	2	8.5	7.5	22.5	112.5	21	309	36.5	145	15	134	38	49	17.5	104.5	41	76.5	49.5	53	37.5	284	145	365	69	299	188	300.5
all_peaks_88815	chr20	61371619	61372120	111.5	51	144.5	58	237.5	189.5	188	149.5	256.5	132.5	190.5	150	171	180.5	133	137	222	169	169	178	180	135.5	165.5	102.5	157.5	100	132	77
all_peaks_88879	chr20	61585496	61585997	174.5	214.5	285.5	298	103.5	23.5	265.5	77.5	105	54	445.5	262	69.5	57.5	203.5	107.5	181.5	130	377.5	308	145	27.5	183	69	141.5	53.5	227	118
all_peaks_88995	chr20	62168992	62169493	228	252	288.5	335	235	427.5	297	483.5	327.5	391	365.5	417.5	253	262.5	261.5	389.5	389.5	386	363	403	257	370.5	307	381	321	383	329	410
all_peaks_89029	chr20	62267118	62267619	201	169	244.5	233.5	118	88.5	181	87	110.5	90	169	117	123	140.5	164	118	166.5	95	178.5	139	94	84.5	130.5	111	110	89	162.5	83
all_peaks_89031	chr20	62270458	62270959	178	278.5	147.5	238	188	116.5	290.5	78.5	169	56.5	352.5	120.5	233	167.5	313	150	257.5	129	317.5	227	119	64.5	90.5	26	149	64	87.5	65.5
all_peaks_89061	chr20	62367655	62368156	193	206.5	293	275.5	216	84	269	16.5	246.5	70	332.5	164.5	185	187.5	223.5	79.5	297.5	242.5	266.5	228.5	191	28	111	13	216.5	35.5	161	28
all_peaks_89142	chr20	62697270	62697771	70.5	47.5	101.5	36	96	219.5	97.5	270	131	107.5	108.5	191	106	197	100	214.5	83	129.5	85	123	169.5	143	223.5	155	177.5	107	169.5	129.5
all_peaks_89176	chr20	62917099	62917600	31.5	25.5	30.5	19.5	246	287.5	67.5	292.5	211.5	238.5	47	265	163.5	208.5	36	292	73	179	21.5	86.5	296	344.5	231.5	379	321.5	313.5	191	251
all_peaks_89184	chr21	9825835	9826336	4862	4862	4862	4862	5412	5412	5412	5412	4862	5412	5412	5412	5412	4862	4862	5412	5412	5412	5137	5137	5412	5412	5412	5412	5412	5412	5412	5412
all_peaks_89185	chr21	9826798	9827299	5412	5412	5412	5412	4862	4862	4862	4862	3210	4862	4862	4862	4862	5412	5412	4862	4862	4862	5137	5137	4862	4862	4862	4862	3210	4862	4862	4862
all_peaks_8927	chr1	155214177	155214678	191	210.5	260	298	227.5	183.5	236.5	225	314.5	290.5	283	279	203	179.5	201	206	282.5	284.5	293.5	258	228	211	213	167.5	257.5	254	321.5	287.5
all_peaks_89289	chr21	15755356	15755857	691.5	633.5	706	668.5	526	420.5	529.5	437.5	461.5	577	563	496	574	566	627	534.5	621.5	578.5	616	596	527.5	461	486	545.5	500.5	533.5	490.5	515
all_peaks_89309	chr21	15906223	15906724	118.5	15.5	161	16.5	103.5	117.5	31	153.5	195	197.5	41	112.5	117	146.5	20.5	107.5	136	154	23.5	74.5	161	142.5	156.5	176.5	141.5	172.5	144.5	136.5
all_peaks_89369	chr21	16886464	16886965	168	197.5	111	162.5	46	16.5	164.5	26	50.5	21.5	95.5	49.5	52	45.5	187.5	76.5	87	26	154.5	120.5	45.5	8	83.5	19.5	27.5	13.5	62.5	16.5
all_peaks_8941	chr1	155278251	155278752	498	459	507	502	406.5	386.5	468	510.5	361.5	377.5	429.5	469.5	420.5	468.5	487.5	466.5	476	448	472.5	475.5	343	446.5	461	478	359.5	438	399.5	372.5
all_peaks_8946	chr1	155293981	155294482	199	190	197.5	178	261	329	260.5	348.5	197.5	242.5	208	242.5	226.5	210.5	204.5	307	208	201.5	193	221	220.5	258	205.5	341	203.5	251	244.5	323
all_peaks_89469	chr21	25340974	25341475	94	144	86.5	248.5	190	109	261.5	133	251	109	457.5	360	140	186.5	237.5	205	156	150	385	363.5	100	41	185	107.5	121.5	62.5	252	223.5
all_peaks_89488	chr21	26768578	26769079	5	5.5	15	2.5	17	101	17	101	50.5	167	27.5	113.5	33.5	43.5	11	37	59	111	18.5	41.5	31.5	104	36.5	138	28	144	63	151
all_peaks_89501	chr21	26836476	26836977	38.5	6	11	2.5	38.5	130	11.5	123	16.5	140	13	88.5	29.5	42	7	36.5	35.5	51	9	25	149	217.5	135	227	149	171	119	137
all_peaks_89506	chr21	26874541	26875042	1.5	0.5	4	3.5	0	55.5	0.5	202	12.5	101.5	1.5	55.5	25	9.5	2.5	35.5	10.5	20.5	3.5	14	14.5	194.5	6.5	232.5	13.5	191.5	10	209
all_peaks_8957	chr1	155505862	155506363	36	49	30	47	80.5	237	70	202	100.5	207	54.5	103.5	117	131.5	68.5	123.5	92	127.5	54.5	77.5	156.5	334.5	88.5	153	192	257	149.5	179.5
all_peaks_89680	chr21	32505151	32505652	156	149	99.5	136.5	107	82	175	137	117.5	76	151	110	155.5	157.5	202	174.5	147.5	143.5	172	153	97	29.5	84.5	61	69	32.5	55	40.5
all_peaks_89717	chr21	32726797	32727298	166	143.5	95.5	165.5	220.5	153	299	247	255.5	193.5	321.5	202	195.5	209.5	197.5	228	195	201	294.5	303.5	76	189.5	170.5	206	80.5	194	196	210.5
all_peaks_89730	chr21	32931258	32931759	227.5	303.5	100.5	291	277.5	214.5	283.5	259	200.5	255	340.5	268	236.5	162.5	268	221	183	274	308	201.5	287	248	334	218.5	256	253	299.5	295.5
all_peaks_89845	chr21	34734442	34734943	146	196.5	121	176.5	75.5	24.5	114.5	28.5	23	3	98	26	76	53.5	120.5	39.5	57	26	103	66.5	65	18.5	88.5	41.5	23	11.5	61.5	36.5
all_peaks_89853	chr21	34806979	34807480	3.5	3.5	1	2	54	139.5	83.5	239	83.5	126.5	46	87	54	89.5	24.5	207.5	29.5	39	27.5	87	85.5	188.5	103	138.5	54	130.5	79	131
all_peaks_89856	chr21	34852017	34852518	513	521	556.5	535	476	568	471	511.5	389.5	503.5	428.5	463.5	424.5	399.5	457.5	492.5	436.5	468	468	493.5	384	406	472.5	497.5	374.5	474.5	469.5	518
all_peaks_89859	chr21	34914984	34915485	473.5	497	493	484.5	467	430	415.5	403.5	520.5	391.5	396	401.5	454	447	440.5	454	422	382.5	411	419.5	394	434	418.5	347	317.5	367	400	410
all_peaks_8986	chr1	155904067	155904568	380	392	345	383	247	203	290	242.5	295.5	135	277.5	254.5	268	284.5	303	262.5	290.5	244	294.5	279.5	301	254	319.5	265	249	241.5	285.5	252
all_peaks_89868	chr21	35014329	35014830	394	407	364.5	399	362.5	270	379	279	258	322.5	337	301	441	417	422	388	365.5	360	411.5	381.5	342	315	331.5	318	350.5	291.5	317	328.5
all_peaks_89890	chr21	35347887	35348388	27	11	99.5	37.5	81.5	220	65	262.5	177.5	201.5	109	223	122	148	65	200	171	199.5	101.5	138.5	97.5	141.5	103.5	234.5	154.5	199	163	204.5
all_peaks_89940	chr21	35648964	35649465	1	0.5	1	1	13	100	2	88	34.5	99	5.5	29.5	19.5	33	1.5	29	8.5	58	3.5	8.5	61.5	176	23.5	78.5	97	118.5	83.5	92
all_peaks_89951	chr21	35756311	35756812	20	3	10	4	19	164	11	43.5	34.5	136.5	6.5	14	42	43.5	9	41.5	29.5	50.5	8.5	7.5	35.5	131.5	18	75.5	50.5	160	20.5	36
all_peaks_90017	chr21	36339762	36340263	7.5	7	15	6	54	150	9.5	104.5	71.5	156	8.5	87.5	66	68	5	68.5	52.5	86	5.5	26.5	78	168	57	78.5	119	205.5	94	200
all_peaks_90020	chr21	36355845	36356346	24.5	19.5	34	26.5	41.5	91	34.5	153.5	74	177	34	105	52	65.5	35.5	90	76.5	93.5	32	63	24	98.5	28.5	124.5	42	167	65.5	124
all_peaks_90022	chr21	36362026	36362527	15.5	17.5	12.5	8.5	55	159.5	15	132	62.5	114.5	17	79	38	34.5	12.5	38.5	55.5	81	11	20	31	151	20	133	56.5	153.5	74.5	138.5
all_peaks_90033	chr21	36398930	36399431	227.5	238.5	248	253.5	209	155	207	116.5	139.5	77.5	194	143	226	172.5	202	183.5	209.5	173	197.5	155.5	156.5	64	159	55.5	149.5	76.5	128.5	67.5
all_peaks_90052	chr21	36460657	36461158	3.5	2	3	2.5	2.5	64.5	1.5	52.5	7.5	113.5	3.5	9	12.5	12.5	1	11	21	34.5	0	1	9	216	1	91	17.5	216.5	5.5	83
all_peaks_90127	chr21	37528495	37528996	448	416	364.5	386.5	538	331	405	365.5	442	449.5	430.5	401	549.5	542.5	559	537.5	565	556.5	597.5	581.5	496.5	461	530.5	455.5	371.5	471.5	495.5	513
all_peaks_90138	chr21	37670386	37670887	179.5	213	189.5	171.5	193.5	173	314	122	172.5	87	258	251	232.5	226	269	191.5	221	183.5	247	230.5	177	72.5	144	48.5	105	40	114	39
all_peaks_90151	chr21	37802235	37802736	21.5	25	25	27.5	100.5	245.5	69.5	219.5	91.5	211.5	77.5	173	111.5	116.5	56	115.5	81.5	146	38.5	66.5	110	179.5	92.5	222	126	178.5	122.5	216.5
all_peaks_9020	chr1	156066381	156066882	83.5	46	73	55.5	59	121	48	140	73.5	223	41.5	98.5	70	83	35.5	66	71.5	71.5	36	57	100	219	84.5	188	123.5	248	82.5	204.5
all_peaks_9023	chr1	156076023	156076524	394.5	136.5	444	231.5	77.5	176.5	42	223.5	104.5	300.5	48.5	92.5	117.5	137.5	37	153	128.5	161	36	66	196.5	423.5	252	411.5	205	397.5	146.5	347.5
all_peaks_9025	chr1	156084222	156084723	95.5	18.5	110.5	29	141.5	173	40.5	159	118.5	218.5	50.5	92.5	131.5	108.5	43	128	105.5	145.5	41.5	50.5	186	216.5	94	229.5	201	277	76	237
all_peaks_9028	chr1	156096831	156097332	144.5	45	181	71.5	139	221.5	149.5	246	211	310	200	258.5	154.5	152.5	107.5	236.5	191.5	178.5	142.5	208.5	95.5	228	150	216.5	133	201.5	169.5	230.5
all_peaks_90285	chr21	40138985	40139486	112.5	175	134	129.5	138	231.5	179	197	123.5	157.5	171	182	135.5	138.5	185	143	131.5	131.5	169	146	256	264.5	300	175	171	146	213	200.5
all_peaks_90286	chr21	40140509	40141010	34	74	34.5	19.5	40	59	48.5	96.5	9	33.5	23	21	30	34.5	54.5	42.5	24.5	26.5	29.5	17.5	80	151	79.5	163	43.5	144.5	58.5	151.5
all_peaks_90303	chr21	40330943	40331444	1	0.5	1	2	5.5	37.5	7	117.5	13.5	56	7	20	17	35	3.5	92	11	12.5	5	11	10	152	34.5	149	12	106	50.5	130.5
all_peaks_90356	chr21	42734175	42734676	201	215	171.5	195.5	31	23	57.5	33	29	35	56.5	49.5	85.5	76.5	85	65.5	58.5	49	61	63.5	48.5	22.5	78.5	35.5	17.5	21	57	28.5
all_peaks_90364	chr21	42797847	42798348	154.5	163	117	144	108.5	25	139	61	42.5	12	115.5	57	100.5	58.5	147.5	106	80.5	52.5	112	88	114	34.5	206	123.5	70	18.5	147	80
all_peaks_90404	chr21	43422546	43423047	29	22.5	15.5	6	32	96	37	91	46.5	134	34	69.5	57.5	58.5	23	62	29	66.5	24	33	101.5	135	134.5	183	110.5	120	90.5	102.5
all_peaks_90408	chr21	43482623	43483124	337.5	376.5	298.5	363.5	220	130	254.5	45	179	48.5	347	202	243.5	287.5	329.5	144	278	234	386	275	340	59	219	47.5	281	42.5	284.5	75
all_peaks_90430	chr21	43608285	43608786	214.5	254.5	230.5	221	297.5	302.5	322.5	331	279	228.5	269	294	263.5	303	297.5	308.5	259.5	253.5	270.5	272	260	175	263.5	150	211	118.5	197.5	128
all_peaks_90437	chr21	43648101	43648602	174	109.5	252	129	177.5	255	164.5	320	215	156	137.5	162	243	268	149.5	218.5	222	219.5	145.5	139	253	222.5	230	220.5	198	182.5	204	172
all_peaks_90438	chr21	43654638	43655139	198	157.5	165	167	167	133	109.5	93.5	113.5	67	76.5	56.5	173	162	101	99	108.5	106.5	86	88.5	195.5	163.5	231.5	120.5	122.5	84.5	165	53
all_peaks_90468	chr21	43835098	43835599	98	73	140.5	84.5	60.5	124	42.5	245.5	47.5	150	39.5	128	79	89	31.5	146	91.5	113	51.5	68	75.5	157	155	215	104	173	129	162.5
all_peaks_90472	chr21	43845260	43845761	165.5	157.5	240.5	226	197	189.5	192	159.5	187	115.5	228.5	195	186.5	188.5	194	161.5	216	189.5	207	227.5	113.5	45	125	29	132.5	40	97.5	50
all_peaks_90491	chr21	43947722	43948223	199.5	184.5	143.5	227.5	50.5	96	151	127.5	43	63.5	102.5	112	55.5	44.5	180	56.5	60	55.5	144.5	59	102.5	104.5	182.5	124	73.5	76.5	168.5	112.5
all_peaks_90540	chr21	44394159	44394660	461.5	440.5	420.5	388.5	603.5	505.5	510	434.5	583.5	587.5	469	396	627	571	553	554.5	577	578.5	573	560.5	562.5	568.5	542.5	554	615.5	596.5	566	533.5
all_peaks_90564	chr21	44597120	44597621	240.5	223.5	249.5	292	121	86.5	148	132	152	97	179.5	113	107	160	136.5	148	143	139.5	148	174	151.5	106	154	99.5	134	80	173.5	110.5
all_peaks_90587	chr21	44782200	44782701	206.5	266	182	322.5	49	27.5	137	51	30.5	24.5	98	30	53.5	79.5	132.5	90.5	35	27.5	120	61	94.5	34	226.5	64.5	48	29.5	199	72.5
all_peaks_90604	chr21	44834382	44834883	161	225.5	76.5	225	27.5	2	87.5	7.5	8	0	61	14	16.5	5	107.5	21	10	2	68	43.5	23.5	2.5	104	20	2	1.5	38.5	3
all_peaks_9062	chr1	156186216	156186717	1216	2902.5	2595	3210	2595	3210	2595	3210	2595	2595	2595	2595	3210	3210	3210	3210	3210	3210	3210	3210	2902.5	3210	3210	3210	2595	3210	3210	3210
all_peaks_9064	chr1	156192658	156193159	3	3	17	2.5	42	169	15.5	338	74.5	203.5	41	235	50.5	47	11	157	51.5	133.5	21.5	78.5	45	187	76.5	213.5	51	235	100	190
all_peaks_90665	chr21	45274955	45275456	6.5	2	1	4.5	120	140	186.5	228	72.5	64.5	145.5	127.5	156.5	150	151	186.5	60.5	76	100.5	151	144.5	141	138.5	119.5	99	65.5	103.5	80
all_peaks_90699	chr21	45485300	45485801	311	285	434.5	335.5	105.5	111	89.5	154.5	116	57	73.5	69.5	142	192.5	114.5	135	131	126	88.5	97	144	160.5	208	127	103.5	111	179.5	142.5
all_peaks_90707	chr21	45509238	45509739	146	180	131.5	164	126	29	129	89	61	10.5	97	97	88	85.5	161.5	123	104.5	53.5	100.5	91	97	14	123	33.5	49.5	10	82.5	20
all_peaks_90746	chr21	45663859	45664360	184.5	134	153.5	193.5	255.5	317.5	223.5	446.5	169.5	174	208.5	235.5	234.5	314.5	245	307.5	177	223.5	226	169	368.5	252.5	373	348.5	182	155.5	358	295
all_peaks_90826	chr21	46073928	46074429	180.5	97	305	214	22	8.5	15	5.5	46.5	10	18.5	10.5	24	16.5	7	6	42	28	20.5	11	18	4	9	2	24.5	4.5	14	3
all_peaks_90827	chr21	46077363	46077864	159	149	178.5	203	51.5	19.5	45.5	15.5	50	10	36	36.5	89	70.5	56.5	38.5	93.5	80.5	43.5	39.5	78	17.5	38.5	9.5	43.5	12.5	40	6.5
all_peaks_90935	chr21	46647935	46648436	24.5	0.5	230	23	24.5	34.5	8	19.5	99	103	18.5	19	82	51	4	22	162	188.5	21.5	14	11	35.5	6	22.5	69.5	127	17.5	60
all_peaks_90939	chr21	46686385	46686886	50	47	347.5	60.5	52.5	54	79	60.5	82	48.5	55.5	27	74	41	93.5	104.5	110.5	77.5	77.5	55	27	15	61	20	44.5	22	57	34
all_peaks_91002	chr21	47035192	47035693	364	332.5	251	294	20	15.5	18.5	20	19.5	18	26.5	8	29	34	21.5	38	19	22.5	19	21	23.5	18	99.5	35	36.5	15.5	32.5	17.5
all_peaks_91010	chr21	47063289	47063790	191	225	73.5	154.5	221	194	181	251.5	186	222.5	100.5	127.5	209	218	172	259	101.5	175.5	72	115.5	234.5	236	273	269.5	209	176.5	199.5	207.5
all_peaks_9102	chr1	156426921	156427422	290	237	302	274.5	183.5	199	130	252	148.5	159	126	203.5	206.5	219	155	192	182.5	191.5	160	146.5	213.5	230	292.5	270.5	219.5	230	260.5	233.5
all_peaks_91096	chr21	47648626	47649127	225	159	235	230.5	290	248	282.5	208	275.5	214.5	292.5	220	361.5	274	291	259.5	320.5	281	307.5	262.5	332	255	314	187.5	365	223	321	197
all_peaks_91128	chr21	47845432	47845933	46.5	37	227	264	15.5	9.5	13	5.5	84.5	41	117	38	23.5	18.5	21	9.5	85.5	47	118.5	74.5	11	11.5	36.5	6.5	90	42	130.5	43
all_peaks_91151	chr21	47970409	47970910	94	116	169	222.5	104.5	16	153.5	10	71.5	5	172.5	54.5	88	75	150	48.5	97	70	137.5	115	35.5	2.5	32.5	4.5	22	3	28.5	9.5
all_peaks_91206	chr22	17738853	17739354	46.5	50	28	24.5	113.5	135.5	159.5	176.5	137.5	126	247	242	92	160	165.5	277.5	104	134	187.5	281.5	141.5	76	167	95	159	86	105.5	85.5
all_peaks_91259	chr22	18560429	18560930	321.5	381	316.5	398	256	250.5	324.5	261	303	198	286.5	269.5	296	303	310.5	251.5	308.5	287	323.5	321.5	287	228	285.5	237.5	298	234.5	257.5	213
all_peaks_91293	chr22	19096908	19097409	159	178	111	178	87.5	47	143	43.5	43	16.5	109	58	90	68	168	64.5	74.5	44.5	119.5	83.5	68	10	88.5	37.5	52	11	41	10
all_peaks_913	chr1	8537105	8537606	4	0.5	10.5	2.5	25.5	130	11	171.5	19.5	126	11	197.5	24	42.5	12	154	13.5	41.5	11.5	90.5	40.5	67	25.5	48	31	107	24.5	117.5
all_peaks_91324	chr22	19436566	19437067	8	11	6.5	4.5	8.5	26.5	13	41	21.5	49	8.5	19	19	16	4	7.5	9.5	19	10.5	6.5	28	178.5	18	152.5	30.5	107.5	11	121.5
all_peaks_91340	chr22	19584879	19585380	159	302	34	277	35	4	151.5	13.5	8	1.5	102.5	22.5	39	24.5	163	35	17	10.5	100	80	14.5	5	48.5	14.5	2	3.5	24	10.5
all_peaks_91513	chr22	20748081	20748582	166.5	200.5	149	176.5	137	106.5	178	123	157.5	78.5	177.5	110.5	143.5	198	207.5	150	128.5	128.5	153	187.5	115	69	109.5	66	112	56.5	94	51
all_peaks_91522	chr22	20818422	20818923	166.5	174	105	153	124.5	36	152.5	42	79	9.5	104	64.5	110.5	141.5	185	78	129	58	153.5	108.5	124.5	50	108.5	38	64.5	9	84.5	15.5
all_peaks_91540	chr22	20911752	20912253	195	128.5	190.5	220.5	165	64.5	284	20	138.5	33	331	135.5	203.5	113.5	326	85.5	258	133.5	326	243	40.5	12.5	18	4.5	35	13	38	7
all_peaks_91544	chr22	20921145	20921646	100	115.5	104	155	49	10	109.5	5	66	5.5	119	29.5	75	32	133	31	86.5	32	133	103.5	25	1	14	2	19	2	9.5	4.5
all_peaks_91546	chr22	20923479	20923980	199.5	111.5	242.5	195.5	215.5	179	243	34	161	184.5	231.5	202.5	235	218.5	263.5	173	267	260.5	251.5	245	178.5	36	92	11	163	50.5	107	22
all_peaks_91564	chr22	20978385	20978886	5	0.5	2.5	1	12.5	182.5	3	197	45	312.5	6.5	146	41.5	32.5	1	42.5	42	104.5	6.5	18.5	51	210.5	26	197	97.5	211.5	77.5	246.5
all_peaks_91572	chr22	21056958	21057459	318.5	358.5	273	292.5	248.5	194.5	316	183.5	195	135.5	252.5	162	286.5	275.5	371	248.5	225.5	188.5	304	264	292	204.5	276	227.5	241	171.5	258	167
all_peaks_91612	chr22	21368386	21368887	108.5	66	157	97.5	112	175	62.5	48.5	131.5	143.5	105	89	116	148.5	57.5	109.5	112	159.5	90	101	222.5	145.5	108	100	246	134.5	149	138
all_peaks_9165	chr1	156736858	156737359	532	529	535	541	418.5	352.5	552	479.5	516.5	443.5	556	464.5	470	536	574	514.5	535	460	558	566	356.5	360	456.5	453	362.5	434	426.5	439
all_peaks_91663	chr22	22090023	22090524	412.5	424	501.5	414.5	440.5	291	438.5	387.5	394	220	420	304	428.5	465	442.5	457.5	449.5	387	443	436	449.5	324.5	461	426	431	294.5	403	347.5
all_peaks_91667	chr22	22121331	22121832	41	5.5	243	38	45	82.5	22	62.5	179	167	111	120.5	94.5	53	22.5	55	285.5	223.5	72	96	46	24	42	64	151.5	90	124	80
all_peaks_91679	chr22	22230869	22231370	27.5	4	14.5	4	21	117.5	5.5	74.5	66	147	7	22	29	35.5	6.5	17	31.5	55.5	3	5.5	107	220.5	20.5	132.5	139.5	143	102.5	127
all_peaks_91693	chr22	22465289	22465790	15	5	28.5	7	81.5	151	47	52.5	141.5	155.5	66	122.5	87.5	152	43	100.5	109	189.5	67.5	61.5	98.5	51.5	36.5	36	86	75.5	92.5	68
all_peaks_91703	chr22	22564707	22565208	9.5	5	26	4	65	103.5	35	203.5	94.5	117	40.5	88	57	80.5	12	93.5	45	71	34.5	52.5	59	158	108	183	91	153	150.5	171.5
all_peaks_9174	chr1	156786436	156786937	532.5	393	514	521	239	237.5	219	220.5	284.5	240	228	224	263.5	326.5	189.5	227	366.5	331.5	249.5	272	214	213	265.5	232	236	240.5	333.5	263.5
all_peaks_91759	chr22	23161230	23161731	60.5	61	102.5	61.5	175.5	56.5	220.5	23	75	12	258	147.5	135	182	230	139.5	235.5	149.5	246	214	78	7	40.5	8	80.5	18.5	41	14.5
all_peaks_91775	chr22	23270866	23271367	15.5	11.5	26	18	162	113.5	119.5	155	45	28.5	83.5	84.5	153	171	97.5	138	77.5	91	80.5	35	54	53	59	86	20.5	50.5	43.5	76
all_peaks_91793	chr22	23480024	23480525	69	49.5	228	76	15.5	16.5	65.5	26	35	12.5	89	38.5	38	26	87.5	44.5	100.5	41.5	104	91.5	28	10	57.5	19.5	26.5	13.5	40.5	15.5
all_peaks_91795	chr22	23484132	23484633	276	245.5	255	274.5	142.5	138.5	241	155	172	113.5	181	136	134.5	193.5	208.5	168.5	152	141	205	181.5	253.5	214.5	261	260	200.5	224	210	244
all_peaks_91823	chr22	23606121	23606622	44	22.5	255	72.5	13	14	20	11	88	28	24.5	5.5	28.5	29	25.5	13.5	90	65.5	34	26	17.5	8	25	10.5	70	55	28	15
all_peaks_91866	chr22	24038347	24038848	231.5	321	219	322	232.5	188	255.5	228.5	154.5	109	252.5	222.5	230.5	245.5	229.5	199	210	195	242	207	209	116	218.5	164.5	147.5	86	200	122.5
all_peaks_91887	chr22	24162881	24163382	4	1	3	7	92	57	135.5	72.5	118.5	57	172.5	121.5	58	100.5	71	154	60.5	64.5	163	194.5	105	36.5	86	33	111.5	46	131	90
all_peaks_91893	chr22	24181081	24181582	357	321.5	337	286.5	354.5	390.5	429.5	357	425	393.5	450.5	365	414.5	455	446.5	443	421	426	427.5	400.5	408.5	287	454	392	364	315.5	486	368.5
all_peaks_91901	chr22	24236212	24236713	201.5	182.5	207.5	200.5	276.5	332.5	253	250	232	275.5	272.5	293	246.5	323.5	276.5	296.5	247.5	303	275	300	390.5	303.5	291	227	387.5	338.5	347	242.5
all_peaks_91981	chr22	24823294	24823795	176	214.5	161	231.5	119.5	73	127	78.5	65	48.5	106	66	123.5	104	131	81.5	117	97	118.5	93	138	72	134.5	55	138.5	66	122.5	67.5
all_peaks_91985	chr22	24830361	24830862	134	82.5	285	164	135.5	165.5	84	169.5	216	236	176.5	239	138.5	262	71	242.5	255	296	125.5	232.5	121.5	133.5	128	183	156.5	178	141.5	169.5
all_peaks_91992	chr22	24882363	24882864	3.5	2.5	5	2.5	31	227.5	3.5	104	42	237	6.5	52	55	61	9	23.5	60.5	106	3	18	71	279.5	10	159	107.5	253	76	183.5
all_peaks_92042	chr22	25389942	25390443	6	0.5	10.5	2	198	165	68	111	169.5	135	95	91.5	185	207	25	141	123	136	26	88.5	174	193.5	103.5	145.5	131	133.5	134	112.5
all_peaks_92052	chr22	25464048	25464549	312.5	275.5	378	266.5	282	181	418.5	206	310.5	193.5	389	333.5	320.5	314	431	319	376	263.5	400.5	346.5	315	145	317.5	167.5	224	102	289	118.5
all_peaks_92061	chr22	25481977	25482478	4	5	3	6	71.5	131.5	41.5	325.5	39	55.5	28	118.5	54	27	28	175	45	58	20.5	80	69	179.5	90.5	202	29.5	165.5	60.5	219.5
all_peaks_921	chr1	8585800	8586301	180	296.5	67.5	178	75	93.5	163.5	112	48	46.5	73.5	53	99	150	207	115	42.5	43	95	78	147.5	128.5	121	144	53.5	104	55.5	97
all_peaks_92116	chr22	26132591	26133092	18.5	57.5	6	70	112.5	144	260.5	202	180.5	259.5	251	222.5	83.5	167	254	261	102.5	138.5	221	266.5	178.5	146	293	167.5	161.5	127.5	239.5	158.5
all_peaks_92120	chr22	26145694	26146195	8	2	1	2.5	99	261	27.5	237.5	116	242	35.5	167.5	98	140	24	122.5	69	136.5	29	63.5	141	151	115.5	118	146	120	142.5	106
all_peaks_92166	chr22	26992960	26993461	1.5	2	200	190	3	2.5	2.5	2	73.5	7	71.5	15	5	1.5	2	1	121.5	83.5	51.5	26	2	1.5	2	0	3.5	3.5	4	3.5
all_peaks_92173	chr22	27038735	27039236	59.5	19	92.5	46	150	67	45.5	107.5	111	89	90.5	96	145.5	167	23	167	182.5	190	60.5	136	75	26	28.5	48	102.5	74.5	40	64.5
all_peaks_92181	chr22	27068514	27069015	220	260.5	265.5	231	262.5	265	320.5	245.5	327	255	252.5	309	207	296.5	271.5	319.5	254.5	295	287.5	321	171.5	175.5	212.5	206.5	188.5	161	199.5	229.5
all_peaks_92231	chr22	28798508	28799009	1	1.5	1	1	10	113	3	145	20.5	90.5	3.5	20.5	28	19.5	1.5	41.5	8	30.5	1.5	5	42	202.5	11	114	78.5	145	14.5	98
all_peaks_92248	chr22	29145005	29145506	6.5	2	43.5	19.5	20	10.5	41.5	4.5	100	34	142	68	13	36	34	21	130.5	77	126.5	133.5	12.5	2.5	16.5	2.5	55.5	8.5	29	10.5
all_peaks_92285	chr22	29563153	29563654	14.5	6.5	11.5	12	8	78	29	222	32	105	27.5	142.5	33	24	18	80	35	44.5	35	75	14	70	34.5	112.5	24	85.5	53	128.5
all_peaks_92412	chr22	30617189	30617690	60	63	62	56	59	36	143.5	75.5	74	25	191.5	103	58.5	77.5	132	141	88	72	144.5	224	47	18.5	83.5	19	45	24.5	105.5	36
all_peaks_92439	chr22	30701421	30701922	114.5	154	81.5	130.5	137.5	137	180	187	128	24.5	191	207	167.5	134.5	180.5	202.5	136.5	101	188	195	74	38	65	36	55.5	23.5	69	40.5
all_peaks_92477	chr22	30831478	30831979	322	343.5	378.5	442.5	53	21.5	59	23.5	82	31.5	76	65.5	56	60.5	86.5	42	80.5	51.5	97.5	101.5	37	18	97	21.5	36	31	110	47
all_peaks_92504	chr22	31040095	31040596	2.5	6.5	1	2	12.5	123.5	3	172.5	19.5	116.5	7.5	15.5	15.5	26	4.5	33	16	22.5	4	5	39.5	267.5	36	329.5	33	269.5	30	199
all_peaks_92506	chr22	31045325	31045826	22	3	31	11	169	180.5	57.5	242.5	182.5	192	65.5	114	131	141.5	22.5	149	97.5	125.5	34	60.5	152	265.5	141	251.5	148	235.5	106.5	229
all_peaks_92570	chr22	31674871	31675372	105.5	236	60	232.5	85	13.5	287.5	20.5	16.5	3.5	228	70	82	34.5	326	58.5	46.5	13.5	326	129	42	10	35.5	8.5	54.5	4.5	23.5	20
all_peaks_92572	chr22	31682223	31682724	151.5	209	118	232.5	97.5	46.5	180	66	83.5	52.5	179	79.5	121	143	190.5	94.5	131.5	96.5	190.5	141.5	75.5	48.5	84	21.5	76.5	32	61	28
all_peaks_92573	chr22	31686544	31687045	372	397	473.5	448.5	294.5	310	335.5	194.5	250	196	312.5	232	299	237	354.5	270.5	268.5	236.5	353	243.5	258.5	240.5	219	239.5	267.5	221	234	215
all_peaks_92605	chr22	31932923	31933424	12	2	13.5	1	46.5	98.5	14	234.5	37	80	14	57.5	32.5	58	16	70.5	51	69.5	10.5	24.5	80.5	150	76	166.5	51	132	56.5	130
all_peaks_92893	chr22	36760953	36761454	149	102.5	138.5	150	119.5	129	69.5	191	147.5	136	87.5	108.5	89	139.5	48	139	115	164	55.5	107	97.5	242	157	157.5	134	201.5	197.5	165.5
all_peaks_92904	chr22	36783957	36784458	408.5	341.5	334.5	347.5	388	396.5	397.5	504	443.5	514	369	431.5	446.5	420.5	407.5	468.5	415.5	449	402.5	467.5	462	537.5	447	454.5	514	518	415	453.5
all_peaks_92918	chr22	36847696	36848197	418	353.5	389	383	288	175	310	214	338	152	315.5	246.5	275.5	354.5	267	285	305	315.5	260.5	337	264	173.5	279.5	173.5	296.5	162.5	248.5	154.5
all_peaks_92948	chr22	37172191	37172692	696	746	698.5	761.5	619	658	737	716.5	645.5	583	716	702	662.5	719	715.5	721.5	696.5	635.5	701.5	694.5	590	579	640.5	601	589	565.5	618.5	496.5
all_peaks_92959	chr22	37256799	37257300	31	4	17	4.5	114.5	165	109	247.5	141	196.5	117	196	112.5	112	57	199	99	124.5	81.5	188	71	137.5	119	107.5	101	119.5	116	126.5
all_peaks_92962	chr22	37269954	37270455	17	2	8.5	6	106.5	261.5	44.5	209	116	229.5	59.5	231	120	130	38	250.5	67.5	191	48.5	194	55	148.5	46	105	67	137	62	141
all_peaks_92993	chr22	37475580	37476081	228.5	144.5	274.5	232	188	187.5	140.5	151.5	245.5	176.5	115	117.5	147	271.5	77.5	210.5	169.5	240.5	120.5	178.5	170	238	247.5	90	198	199.5	225.5	151
all_peaks_93007	chr22	37518176	37518677	495.5	413.5	418.5	433	318.5	372	443	476	324.5	380.5	375.5	349	367.5	414	405	413.5	377	369	388	384.5	380	436	491.5	451	298	367	475.5	353.5
all_peaks_93023	chr22	37558654	37559155	78	31	212.5	62.5	126	194.5	84	156	229.5	277	181	208.5	160.5	189	81	163	226.5	262.5	128	162.5	129.5	139.5	108	140	160.5	175.5	157	130
all_peaks_93033	chr22	37595304	37595805	462	469	473	477.5	501	573	521	539.5	481	470	582.5	514	433	510	457	495.5	451	511	457.5	497	614.5	685.5	579	586	655	636	571	606
all_peaks_93040	chr22	37614874	37615375	259	309.5	161.5	372	102	17	216.5	86	40.5	13	210.5	102	98	58	249.5	164.5	77	61	225	177	102	16	172.5	58.5	58	13	104.5	49
all_peaks_93049	chr22	37638339	37638840	251	207.5	228.5	199.5	314	343	337	351.5	323.5	246	349.5	280.5	339.5	410.5	347.5	353	330	327.5	328.5	348	325	291	326.5	268	310.5	282	285	287.5
all_peaks_93069	chr22	37699658	37700159	3	7.5	6	9.5	68	67.5	25	104	134.5	157.5	121	125.5	42.5	60.5	18.5	84	99	139.5	92	154.5	26.5	77.5	42.5	78.5	108	162.5	98.5	113.5
all_peaks_9307	chr1	158978491	158978992	118.5	64	143	77	141	132.5	146	170.5	166.5	111	133	195.5	150	207	128	183	195	167.5	138	182	118.5	50	105	56.5	98.5	68.5	133.5	62.5
all_peaks_93070	chr22	37702938	37703439	85.5	136.5	96	126	115	174	168	335	151.5	182	193	216	146.5	194.5	166.5	254	181.5	155.5	163.5	220.5	110	171	163.5	278.5	157	169.5	195.5	200
all_peaks_93098	chr22	37880438	37880939	181.5	217	165.5	191.5	191.5	149.5	241.5	157.5	178	120.5	192	214.5	191.5	192	243	201.5	193.5	148.5	270.5	250	79	71	63	71.5	109.5	93.5	93	58
all_peaks_93114	chr22	37937790	37938291	6.5	5	10	5.5	25	62	13	206	18	31.5	12	29	18	33.5	8	98.5	11	25.5	10	20	46	117	46.5	132.5	39.5	87.5	24	111
all_peaks_93142	chr22	38028975	38029476	37.5	12.5	102	65.5	49.5	59	18	22.5	116	125.5	137.5	162	47.5	49	16.5	32	145.5	142.5	116	123.5	44.5	43.5	24.5	18	118	133	80	120
all_peaks_93158	chr22	38092683	38093184	82	92.5	55.5	104	115.5	77.5	116.5	166	69	44.5	111	100.5	92.5	160.5	80.5	179	62.5	76.5	126	109	181	189	200.5	218	158.5	99.5	276	177
all_peaks_9318	chr1	159046783	159047284	165.5	2.5	205	15	180	223.5	94	223.5	230.5	215	113.5	184.5	204	217.5	103	212	185.5	185	95.5	141	260	241.5	225.5	187.5	189	202.5	176	180.5
all_peaks_93184	chr22	38240201	38240702	463.5	489	430.5	487	499	509.5	502.5	506	364.5	460.5	514.5	486	494	502.5	500	470	454	459.5	475	408.5	570	594	547.5	565.5	573.5	596.5	504	505.5
all_peaks_93230	chr22	38577658	38578159	218.5	165.5	239.5	169	257	284.5	291	345	271.5	299	261.5	270	300	324	322.5	341	335.5	364	319.5	341.5	339.5	327	310.5	344.5	359.5	359.5	322	403.5
all_peaks_93292	chr22	38902272	38902773	369.5	395.5	337	384.5	372	229.5	339	167.5	350.5	315.5	323	206.5	353	328.5	364	302.5	357.5	263	327.5	325.5	344.5	322	320.5	310.5	337	290	263.5	239.5
all_peaks_93308	chr22	39096851	39097352	263.5	210	298.5	219	196.5	130.5	127.5	123.5	235.5	193	135	126	148	148.5	107.5	146.5	154.5	182	95	130	132.5	129	197	119	153	167	190.5	195.5
all_peaks_93310	chr22	39101572	39102073	764	753	721.5	766.5	574	499.5	628	566.5	593.5	579	629.5	535.5	637	686.5	694	639.5	634	615.5	680.5	667.5	666.5	591	678	536	583.5	620	636.5	467
all_peaks_93323	chr22	39147648	39148149	141.5	191	181	176	203.5	97	213.5	117	140	108	253.5	172	160.5	166.5	237	155	194	148	249	217.5	129	51	137	58	127.5	62.5	144.5	68
all_peaks_93353	chr22	39349895	39350396	14	1.5	6	1	48	124	13.5	164	49	101	3	53.5	48.5	80	13	105	28	51	14	12.5	88.5	166.5	77.5	198.5	54	137	27.5	113.5
all_peaks_93366	chr22	39409899	39410400	102.5	80	141.5	85	172.5	180.5	219.5	136.5	153.5	134	235.5	231	161.5	218	184	197	220	220	220	227	241	150	168	62.5	165	157	137.5	105
all_peaks_93373	chr22	39461962	39462463	4.5	3.5	25.5	10.5	4	20.5	12	51	67.5	83	60	130.5	12.5	24	11	37.5	98.5	99	78.5	148.5	1	21	2.5	26.5	10	116.5	57	111
all_peaks_93383	chr22	39486742	39487243	160	74	326	126	281	305.5	325	271	356.5	289	368	330	279.5	373.5	242	318.5	394.5	380	333	352.5	209	171	191.5	173.5	232.5	199.5	230	220.5
all_peaks_93389	chr22	39513483	39513984	40	2.5	108	17.5	30.5	67	10.5	101	165	182	37.5	184	55	72	8	80	126	118.5	28	106	76.5	125.5	26.5	72.5	136.5	161	50	89.5
all_peaks_93444	chr22	39784610	39785111	201.5	183	164	214.5	64.5	48.5	127.5	57	90	32.5	153	78.5	104.5	97.5	154	109	101.5	75.5	136	131	114	40	167	74	98	52	159	87
all_peaks_93448	chr22	39808488	39808989	86	155.5	54	177	23.5	19.5	105.5	24	38.5	15.5	108	41	40.5	37.5	146.5	24.5	51	31	105	64	22.5	16.5	31	25.5	27.5	16	27	23.5
all_peaks_93458	chr22	39842866	39843367	12	25.5	16	38	59.5	22.5	164.5	29	93	30.5	192	77	38.5	32	177	41.5	65	37	162.5	95.5	57.5	9	124	28.5	70	8.5	95	30.5
all_peaks_93476	chr22	39928729	39929230	508.5	515	427.5	493	432	400.5	469	422.5	392	386.5	488.5	348.5	478	456.5	516.5	407.5	402	409	471	480.5	430.5	353	418.5	399.5	415.5	393.5	441	409.5
all_peaks_9349	chr1	159880139	159880640	157	112	224	132.5	133	273.5	168	259.5	153	279.5	210.5	208.5	140	210	152	226.5	190	212.5	202.5	206	259.5	278.5	190	241.5	274	234.5	243.5	203
all_peaks_93530	chr22	40296820	40297321	144	174.5	180.5	220.5	141	95.5	191.5	103	181.5	82.5	220.5	173	181.5	186	199.5	146.5	203	165.5	205.5	201.5	122	28.5	118.5	35	89.5	32.5	112	49.5
all_peaks_93557	chr22	40357332	40357833	35	24.5	172	69	126	271	74	227	195	202	128.5	212.5	131	156	43.5	164	197	222.5	93.5	127	135	122	126	111.5	148	113.5	180	106.5
all_peaks_93571	chr22	40440360	40440861	499.5	527	513.5	543.5	366.5	367.5	461	443.5	444.5	347.5	450.5	394	447.5	413.5	473	389.5	458.5	380	454	431	427	409.5	450	422.5	425.5	466	468	431
all_peaks_93583	chr22	40512740	40513241	102	183.5	111.5	223	7	0.5	68.5	1.5	2.5	1.5	76.5	11.5	7.5	4	115.5	3.5	9.5	1.5	129.5	23.5	5	2.5	23	0.5	4.5	3.5	16	3
all_peaks_93617	chr22	40720447	40720948	148.5	161	115.5	158.5	61	17.5	102	24	39	14	91.5	31	76	69	121	43.5	71.5	40	110.5	63.5	46.5	13.5	32.5	18.5	27	10	18.5	4.5
all_peaks_93671	chr22	41047874	41048375	59	35.5	70	29	58	112.5	24	124	47	123.5	23	30	100.5	97	21.5	91.5	47	81.5	24	23	103.5	250	56.5	217	123	244	69.5	191.5
all_peaks_93680	chr22	41124679	41125180	137.5	179	44.5	172.5	48	12.5	81	16	20.5	5.5	88	44	27	29.5	117	32	37.5	21	101	60	42	13	75.5	27	19	4.5	59.5	14
all_peaks_93716	chr22	41681316	41681817	139	68	179.5	87	78.5	115.5	50	126.5	67	94.5	26.5	74.5	91	72	44.5	75	70	111	32	41	120	186	148.5	203	113	198	154.5	173
all_peaks_93769	chr22	41985801	41986302	486.5	463.5	410	489.5	419	393.5	471	493.5	457.5	383	471	371.5	501	511	529	519.5	516.5	511.5	532.5	528.5	503.5	505	524	508	475.5	514	533.5	472.5
all_peaks_93773	chr22	41999888	42000389	79.5	16.5	164	44.5	122	220	139	203.5	151.5	152	139.5	206.5	128.5	121	152.5	170.5	160.5	131	138	159.5	58.5	123.5	78	127.5	93.5	145.5	115.5	141
all_peaks_93777	chr22	42084612	42085113	272	258.5	199.5	258.5	163.5	109.5	146	109.5	121.5	95.5	121	117	162	143	156	125.5	140.5	128.5	133.5	123.5	143.5	157.5	198.5	154	116.5	117.5	171.5	120.5
all_peaks_93787	chr22	42177011	42177512	412	474	356	429	218	236	318.5	269	187	161	297	263.5	283	309.5	350.5	259	281	275.5	287	245.5	249.5	242	303	270	210	213	300.5	236.5
all_peaks_93797	chr22	42238875	42239376	11	5	3	5.5	36.5	179	6.5	81	27.5	100	3	46.5	43.5	38.5	3	24	19	39.5	1.5	10	118	305	25.5	152	118	208.5	37.5	127
all_peaks_93822	chr22	42336011	42336512	339	194.5	299	148	214	223.5	91.5	207	134.5	224	71	102	245	244	144.5	181.5	213.5	174	93.5	99	295.5	389	231	266	190	346.5	148	249.5
all_peaks_93824	chr22	42342620	42343121	164	150.5	134.5	95.5	248	271.5	266.5	259	277	271	286	266	292	292.5	214.5	253	252	244.5	255.5	238	273	285.5	235	261	280	284.5	245	245.5
all_peaks_93919	chr22	43011095	43011596	266	248	276.5	267.5	286.5	336	183	209	371	373.5	168	359	277	238	151.5	209.5	227.5	304	151.5	144	371	318	298	241	358	273	334.5	228
all_peaks_9407	chr1	160424196	160424697	11.5	0.5	8.5	4	14	53.5	7.5	28	10	106.5	8.5	27.5	20.5	13.5	5	7.5	11.5	38.5	4.5	8	15	166	15	95	22	183.5	9	115
all_peaks_94100	chr22	45063752	45064253	101.5	92.5	249.5	159.5	190	91.5	232.5	36.5	181	71	318	209.5	165	242	226.5	125.5	262	230	332	321.5	94	8	61	11.5	94	14.5	121	38
all_peaks_94161	chr22	45705473	45705974	269.5	245	240.5	233.5	293	234	250.5	218.5	254	215	245.5	233	282	291	269.5	325	274	309	282	313.5	332.5	258.5	360.5	293	398	232	365	300.5
all_peaks_94228	chr22	46431544	46432045	474	429.5	417.5	434.5	488.5	366	442	442.5	429	473	412	348	502	487.5	476.5	484	500	513	476.5	477.5	490.5	458	463.5	485	549	519	489	534
all_peaks_94260	chr22	46645959	46646460	227	213	259.5	218.5	237.5	200.5	282	194.5	206	144	258.5	222	207.5	215	252	226.5	245.5	210	188.5	227.5	152.5	127.5	199.5	157	173.5	137.5	146.5	95
all_peaks_94326	chr22	47070162	47070663	146.5	144	110.5	122	77.5	100.5	100	242	82	94.5	72.5	97.5	85	128	98.5	147	81.5	81	76	70.5	99	143	184	216.5	95.5	90	119.5	175
all_peaks_94336	chr22	47145080	47145581	108	153.5	138	127	78.5	40	153	71.5	52	13	134	69.5	85.5	57.5	178.5	82.5	79	46.5	149	94	47	25.5	67	23.5	27	8.5	32.5	22
all_peaks_94345	chr22	47187014	47187515	198	135	263.5	176.5	132.5	136.5	186.5	119	182.5	96	187.5	122.5	172.5	172.5	181.5	161.5	188.5	149	183.5	185	95	88.5	112	86.5	89	78.5	105.5	68.5
all_peaks_9444	chr1	160592904	160593405	87	28.5	36	15	88	179	48	181	116	119.5	51	67.5	97	111	35	72.5	61	103	58	72.5	121	229	93.5	196	100	212	129.5	195.5
all_peaks_94444	chr22	50232419	50232920	371	275	391.5	357	241.5	269.5	293.5	252.5	236	164.5	274	270	287.5	305	308.5	296	303.5	254.5	291.5	291	163.5	234	162	156	171	207	141.5	131
all_peaks_94448	chr22	50247139	50247640	229.5	217.5	240.5	222.5	331	309	331.5	260.5	451	337.5	293	286.5	378.5	354.5	366.5	365.5	361	366.5	307	341	345	368	350.5	363.5	327	375	284.5	338
all_peaks_9445	chr1	160596690	160597191	23	13.5	19	11	87	181	52	155	132.5	122	109	141	79	155	45.5	165	133	169.5	63	166.5	51	140.5	71.5	102.5	99.5	158.5	99.5	146
all_peaks_94462	chr22	50319126	50319627	162	146.5	129.5	214	63	34	83	53.5	45	32.5	71.5	45.5	67	71	109.5	61	63.5	60.5	136	95.5	64.5	55.5	105.5	35	39.5	29	60	29
all_peaks_94464	chr22	50329522	50330023	174	140.5	126	112	236	238.5	125	323.5	168	178.5	134	185	253.5	284	156.5	303.5	211.5	296.5	169.5	185.5	236	240	174.5	281	164	257.5	141	245.5
all_peaks_94482	chr22	50364389	50364890	137.5	70.5	152.5	72.5	148	174	79.5	161	124	164	75	107	176	177	56	137	182.5	207	65	102	197	230	182.5	182	211	237	186	232
all_peaks_94496	chr22	50455349	50455850	14.5	7	27	10.5	5.5	58.5	5.5	162	32	90.5	4	32	7	23.5	1	39	29	74	8	25.5	17	106	16	113	38	138.5	41	122.5
all_peaks_94529	chr22	50629817	50630318	285	255.5	264	352	142	136.5	124.5	105	133	60.5	119.5	102	127.5	140	105.5	92	119	143	99.5	124.5	161	132	259.5	98.5	199	132.5	224.5	107.5
all_peaks_94620	chr22	50908259	50908760	391.5	302.5	465	380	546.5	423	474	272.5	514.5	365.5	575.5	480.5	447	491	395	380	556.5	535	496	494.5	457.5	249	308	158.5	453.5	240	350.5	216
all_peaks_94656	chr22	51021115	51021616	584.5	673.5	594	624	637.5	710.5	705.5	679	646.5	628.5	675	656.5	636.5	624	588.5	662.5	589	683	591	613	803.5	794	744.5	725	742.5	765	666.5	717
all_peaks_9472	chr1	160678565	160679066	69	42.5	70.5	54	63.5	82	78	162.5	67.5	38.5	88.5	213.5	58	60	64	153	72.5	69	72	173.5	38.5	35	63	66.5	52	32	55.5	66
all_peaks_94743	chr3	4462768	4463269	1	2	1	1	1	65	1.5	99	30.5	134.5	1.5	25.5	19.5	12.5	1	16	9.5	25.5	1	3	13.5	170	8.5	156.5	25.5	241	30.5	203
all_peaks_94747	chr3	4534733	4535234	391.5	423.5	351.5	367.5	330.5	352	364.5	350	322.5	300.5	391.5	391.5	424	382	415	391.5	354	312	373	414.5	302.5	261	305	294	321	262.5	318.5	276.5
all_peaks_94775	chr3	4781494	4781995	18	12.5	7	16.5	92	39	147	96.5	151	72	122	134.5	43.5	84	76	130.5	78	67.5	105.5	154.5	16	19	44	19	20	20.5	58	46
all_peaks_94785	chr3	4818520	4819021	1.5	0.5	1	2	19.5	152.5	44	193.5	73.5	172	34.5	183	39.5	53.5	45	111	42.5	95	44	75.5	29	122	148.5	156	23.5	110.5	89.5	109.5
all_peaks_94787	chr3	4847165	4847666	1.5	0.5	1	1	23.5	169	2	77.5	49.5	117.5	12.5	60	28.5	34.5	5	16	38.5	90.5	10.5	17	56	119	35.5	115	65.5	136.5	93.5	141.5
all_peaks_94790	chr3	4863625	4864126	168	167.5	240.5	211.5	203.5	159	263.5	268.5	294	143.5	352	337	146	183.5	214.5	183.5	230.5	240.5	287	280	76.5	38	159	110.5	75	105.5	188.5	154
all_peaks_94799	chr3	4887506	4888007	126	71.5	115	112.5	45	148.5	86.5	173.5	85.5	184	82	192.5	56.5	83	67.5	132.5	100	104.5	97.5	127.5	46	46	182	105	30.5	55.5	122.5	100
all_peaks_94802	chr3	4892454	4892955	41.5	31.5	138	67	30.5	119.5	91.5	201	82	142.5	106	146	52.5	53	102.5	137.5	129.5	129	162.5	145.5	27.5	43	157	110.5	23	73	106.5	90
all_peaks_94818	chr3	5020683	5021184	104.5	35.5	246	46	180	201.5	271.5	310	259.5	415.5	312	280.5	185	249.5	232.5	346	271.5	324	304.5	345	184	223	309	323.5	241	279.5	294.5	308
all_peaks_94821	chr3	5028397	5028898	76	37	99	52.5	94.5	72.5	63	158	143.5	196.5	75.5	160.5	65	128	51.5	134.5	103	134	62.5	124	74	91	115.5	175	99.5	191.5	162	180
all_peaks_94828	chr3	5044126	5044627	12.5	1.5	116	14	17.5	18	14	69.5	125	258	51	191.5	45.5	21.5	16.5	48	139	229	63	94	2	26	19	33	108	173	64	134
all_peaks_94832	chr3	5048344	5048845	38	5	113	17.5	11.5	83	19	250	109	232	35	163.5	48.5	53	25	154	150	162	80.5	139	11.5	102.5	52.5	233	21	208.5	86	179
all_peaks_94840	chr3	5063848	5064349	5	2	12	3.5	25.5	89	12	190	38.5	109	15	92.5	33.5	30.5	8.5	39.5	34	47.5	13.5	23.5	55.5	212	55	266	39.5	214.5	101.5	237
all_peaks_94866	chr3	5229032	5229533	338	252.5	373	251.5	511.5	533	488	522	465.5	543.5	485.5	493.5	420	416	404	423.5	427.5	497.5	412	444.5	422	467	455	450.5	523.5	543.5	489	517
all_peaks_94902	chr3	8398825	8399326	240.5	191.5	235	148	264	180.5	205.5	37.5	170.5	39	202	132.5	301	277	251	100	264	133.5	229	172	195.5	77.5	164.5	40.5	130.5	41	117.5	40.5
all_peaks_94947	chr3	9438526	9439027	478.5	492.5	496	485.5	686.5	577.5	581.5	561	586.5	561.5	613.5	615.5	594.5	551	496	521	561.5	539	542.5	560	579	514.5	552.5	449.5	560.5	483.5	562	497.5
all_peaks_94977	chr3	9791394	9791895	348	287	327	309.5	366.5	406.5	394	423	377	372	394.5	442	372	410.5	377	424	392	403	396.5	392.5	325	287	344.5	325.5	327	268.5	296	258.5
all_peaks_94981	chr3	9821361	9821862	27	25.5	59	58	51.5	43	70.5	30	50.5	124.5	161.5	175.5	33.5	74.5	70	70.5	99.5	100	125.5	169	18	9	18.5	14.5	42	51	77.5	49.5
all_peaks_9499	chr1	160765581	160766082	397.5	406.5	345.5	447	140.5	157	145.5	157.5	165	100.5	155	128.5	183.5	181.5	173.5	134	176.5	151	204	135.5	198.5	135	187.5	130	169	127.5	160	107
all_peaks_95038	chr3	10240626	10241127	115.5	86	63	69.5	125.5	222	142	306.5	129	141.5	83	231	121	153	139.5	214	113	157	138	165	85.5	178	113.5	133.5	59.5	143	87.5	144
all_peaks_9507	chr1	160807204	160807705	215.5	240.5	268.5	298.5	209	207.5	269.5	181.5	233	168	309	279	196	274.5	271	232	258	227.5	270	303.5	150	99	142	78	133.5	69	165	102
all_peaks_95127	chr3	11182041	11182542	5	1.5	1	3.5	113.5	39.5	105	48.5	69.5	26.5	154.5	109	54.5	120.5	67.5	122	36	35	115.5	142.5	21.5	11	32.5	20	21	8.5	58	28.5
all_peaks_95186	chr3	11811880	11812381	220	265.5	143	208	234	191	217	164	149	120	207.5	154.5	279.5	277	231.5	185	225.5	166	204	132.5	269.5	161.5	205	149	172	111	200	104
all_peaks_95228	chr3	12512735	12513236	8	2	5	1	35	153	2	80	23	118	7.5	32.5	54	61.5	1.5	56.5	29	65.5	5.5	5.5	103.5	152.5	21	77.5	106.5	115	43	70
all_peaks_95257	chr3	12851667	12852168	178	262	194.5	267	111	141.5	133.5	129	127.5	125	155	113	118	122.5	151	135	147	178	192.5	164.5	185	188.5	198.5	149.5	259	152.5	226.5	222.5
all_peaks_95272	chr3	12957572	12958073	24.5	26.5	189	101.5	33	10	48	9.5	132.5	51.5	303	170	35.5	29	43.5	25	190.5	208	253.5	193	22	5.5	16	5	115	19.5	53.5	26.5
all_peaks_9528	chr1	160990815	160991316	255.5	256	208.5	244	114	69.5	152.5	105.5	129	76	117	98.5	107	92.5	170	90.5	94	95	107	92	143.5	85	162	156.5	107.5	68.5	113.5	98.5
all_peaks_95298	chr3	13056925	13057426	185.5	159	201	164.5	102	106	126.5	92.5	137.5	58.5	96	102.5	108.5	126.5	103	94.5	158.5	119.5	113.5	114.5	38	34	87.5	58	28	44	77.5	61.5
all_peaks_95348	chr3	13455502	13456003	107	115.5	213	160	213	187	202.5	240	240.5	153	249.5	254	140.5	208.5	189	191	219.5	195.5	241	242.5	191	84	157.5	84	184	107	182.5	137
all_peaks_95365	chr3	13585875	13586376	19.5	35	25	102	10	30	67.5	33	94.5	132	191	208.5	17	17	59	63	47	101.5	222.5	113.5	12.5	22.5	37	22.5	13.5	50.5	109	84
all_peaks_95384	chr3	13908041	13908542	190.5	270	61	163	52	13.5	154	35.5	15	6	95	54.5	51.5	55.5	178.5	125.5	18.5	12.5	115.5	102.5	21.5	10.5	56	33	6.5	4.5	38.5	20
all_peaks_95388	chr3	13932164	13932665	88.5	129.5	65	95.5	88	19.5	138	26.5	54.5	8.5	166.5	70.5	74	92.5	171	61	90	43.5	172.5	117.5	40	10	36	17.5	17.5	5	33	17
all_peaks_95391	chr3	13936770	13937271	342	365.5	314.5	327	353	425	423.5	396.5	323.5	266.5	409	410	289.5	380	363.5	381	321.5	288	361	332.5	472.5	450	380.5	407.5	320	346.5	457.5	400
all_peaks_95422	chr3	14419196	14419697	10	3	61	15.5	62.5	95.5	45	166	130	120	74	181.5	55	76.5	26	87	103.5	138.5	67	98.5	12.5	35	29.5	33.5	68.5	62	73	101
all_peaks_9543	chr1	161039533	161040034	278	224	297.5	252.5	283.5	267.5	266.5	231.5	360.5	204	279.5	350.5	337	370	310.5	288.5	335.5	329	333.5	323.5	196.5	163.5	214	147	193.5	155	194	144
all_peaks_95435	chr3	14473640	14474141	309.5	283	381	256	373.5	451	374.5	505	366	385	357.5	490	360	380	322	371	372.5	343.5	327.5	365	367.5	392	392	422	330.5	359	356.5	415
all_peaks_95509	chr3	15313187	15313688	190	157	168.5	175	117.5	55	193	50.5	162	49.5	209	128	169.5	119.5	228	129.5	164	130.5	223	222	37.5	13	37.5	24.5	31	16.5	53.5	23
all_peaks_95514	chr3	15333573	15334074	108.5	73	201	128	155.5	133	228	98.5	245.5	146.5	254.5	280	159	236	201.5	229	227	268.5	252	280	97.5	59.5	77.5	50	135.5	99.5	84	67.5
all_peaks_95522	chr3	15352126	15352627	22.5	18.5	26	3.5	118.5	199	57.5	135	91.5	154.5	41	100.5	131.5	103.5	42	54.5	90	142	48.5	35	100.5	223.5	49.5	163.5	129.5	165.5	75.5	90
all_peaks_9553	chr1	161085035	161085536	4	3.5	2.5	4.5	20	27	3.5	96	4.5	36	8	13	15	17	6	23.5	9.5	6.5	1.5	4	26.5	201	41.5	261	10.5	174.5	53.5	205
all_peaks_95537	chr3	15402950	15403451	15.5	14	9	1	38	202.5	21	237	13.5	172	23.5	202	43	43	20.5	89	43.5	84	17.5	44.5	75	200	63	218	79	182	108	146.5
all_peaks_95635	chr3	16342493	16342994	166	160.5	158	224	91.5	119	246	184.5	140	61.5	211.5	174.5	99	107.5	220	199	138.5	104.5	173	191	55	30	144.5	65	49.5	43	121	41
all_peaks_95680	chr3	16553309	16553810	155.5	97	294.5	271.5	110	198	96	227.5	155.5	270.5	143.5	204	100	95.5	93	141.5	141	163	143	137	99.5	168	175.5	159.5	143.5	237.5	221	190
all_peaks_95683	chr3	16562754	16563255	2.5	1.5	5.5	3.5	1	39	5.5	159.5	28	84	2.5	38	12.5	11	2	29.5	8.5	29.5	4.5	14	6	87	7	99.5	21.5	133	35	148
all_peaks_9570	chr1	161155146	161155647	177	206	152.5	171	128.5	91	170.5	126	136	82	146.5	170.5	209	194	235	188.5	212.5	135	196.5	172	155	80.5	107.5	81.5	139.5	94.5	120	110
all_peaks_95736	chr3	17192968	17193469	167	97	325	134	321	306.5	369	278	284	224	361.5	284.5	274	303.5	271	298	304.5	280.5	324	303.5	242.5	224	352	238	248.5	210.5	346.5	230.5
all_peaks_95760	chr3	17784047	17784548	224	172	238.5	162.5	365.5	356.5	282.5	299.5	352.5	398.5	280.5	375	392	337	271.5	344	321	338.5	254.5	268	345.5	340.5	218	293.5	323.5	304.5	282.5	248.5
all_peaks_95765	chr3	17816017	17816518	19	11.5	49.5	56.5	7.5	35	76.5	44.5	80.5	103	178.5	162	18.5	33.5	51	58	59	73	110.5	119.5	10.5	15	71	36	38.5	43	181.5	125.5
all_peaks_95825	chr3	18486794	18487295	122	263	191.5	350	174.5	117.5	206.5	74	177.5	198.5	377	180	129.5	110.5	188	107	196	191	375.5	258.5	144	109.5	129.5	49.5	184.5	109.5	172	106.5
all_peaks_95836	chr3	18597948	18598449	37	26.5	69	48.5	39	175.5	27	164.5	99	180.5	42	97.5	51.5	73.5	17	57	60.5	129	41.5	45.5	50.5	184	54.5	129.5	64.5	198	121	128
all_peaks_95846	chr3	18691187	18691688	18	15	17.5	11	75.5	145.5	15.5	162	56.5	169.5	34	78	53.5	63	6.5	77.5	25.5	104	24	43.5	122	198.5	75.5	113.5	112.5	174	156	146.5
all_peaks_95921	chr3	19978815	19979316	4	2	3	1	17.5	181	17	240.5	22	113	10.5	40.5	16.5	19.5	6.5	37.5	4.5	17.5	7.5	14.5	16.5	186	54.5	200	10	151.5	34.5	139.5
all_peaks_95922	chr3	19988356	19988857	297.5	259	332	288.5	391.5	370	375	348	439.5	441.5	366	390.5	373.5	370.5	378.5	352	349.5	387	378.5	407	318	283	328.5	327.5	293	318	360.5	357.5
all_peaks_95931	chr3	20096094	20096595	32	11.5	78.5	16.5	206	325.5	50	259	180	317.5	63	237.5	198	130	34	111.5	126.5	190.5	57	94.5	160.5	256.5	95.5	129.5	135	228	142	189
all_peaks_95937	chr3	20145800	20146301	72	7	64.5	14.5	166	110	157	84	137	142	138	132.5	154	167.5	130.5	167.5	136.5	111	131	185.5	37.5	34	47.5	28	46.5	40	60	31.5
all_peaks_96002	chr3	23987214	23987715	353	327.5	357.5	346.5	364	263	277.5	202	328.5	295	265.5	259.5	309	280	304.5	272	298.5	259.5	302	282	241	190	275.5	200	280	208.5	264	186.5
all_peaks_96144	chr3	28367877	28368378	28	4.5	196	37	87.5	113	32.5	113	136.5	190	53.5	137	103	107.5	29	104.5	181.5	160	51	88.5	61	90	53	68	154.5	161.5	61.5	122.5
all_peaks_96155	chr3	28882427	28882928	1	0.5	3	1	41.5	271	7.5	188.5	88	306.5	8.5	71	62.5	40.5	2	58.5	40.5	163	4.5	22.5	50	253.5	16	171	213	283	70	211.5
all_peaks_96221	chr3	30395525	30396026	144.5	181	125	202	119	141.5	173.5	90.5	140	87	172	152	158	182	180.5	156.5	182	158.5	172	161.5	56.5	37	97	43.5	69.5	20.5	69.5	32
all_peaks_96299	chr3	31118441	31118942	4.5	1.5	1	2	19.5	170	12.5	219.5	8	131	18	186	28.5	25.5	2	93	11.5	55.5	5.5	26.5	19.5	123	60.5	207.5	15	105.5	88.5	169.5
all_peaks_96336	chr3	31503658	31504159	129.5	194.5	162.5	186	14.5	1.5	68.5	2.5	3	2	53	4.5	24	16.5	101.5	9.5	11	4.5	67.5	14.5	10	3	13.5	4.5	3	1.5	5.5	3
all_peaks_96370	chr3	31795936	31796437	2.5	0.5	1	1	61.5	159.5	6	71.5	46.5	96.5	5.5	80	36.5	73.5	5.5	121.5	25	52.5	2	26	105	89.5	26.5	48.5	119	92	36.5	48.5
all_peaks_96371	chr3	31797384	31797885	3	7.5	3	2	84	171.5	93.5	221	60.5	157	45.5	93.5	75.5	180	29	213.5	42.5	89	23.5	91.5	104	161	58	124.5	101.5	130.5	68.5	107.5
all_peaks_96408	chr3	32147724	32148225	257	215.5	277.5	211	299	461	313	352	259	299.5	308	313.5	263.5	323	293	326	306.5	343.5	295.5	306.5	302.5	310.5	300	311	319	294.5	279	297
all_peaks_96412	chr3	32156169	32156670	177.5	207	228.5	305	173.5	140.5	275.5	94.5	136	135	332	299	132	122	255	134.5	173.5	139.5	353	262	206	95	193.5	94.5	152	56.5	247.5	124.5
all_peaks_96440	chr3	32412875	32413376	73.5	210.5	15.5	194	68	46.5	99	36.5	14	4	65	24.5	69.5	66	135	41.5	30.5	12	75.5	37	98.5	29.5	48	27.5	11.5	4	20	12.5
all_peaks_96465	chr3	32499474	32499975	190	268.5	148	301	68.5	33	128.5	32	45.5	17	139.5	64.5	57.5	66	162.5	32.5	64	29	203.5	95.5	51.5	24.5	91	38.5	34.5	14	58.5	51
all_peaks_96515	chr3	33034300	33034801	15	3.5	8.5	2	54.5	173	13	184.5	86.5	208.5	12	105.5	48.5	57.5	8.5	36.5	45	123.5	10.5	35	92.5	183.5	39	192.5	134.5	179	91.5	143.5
all_peaks_96531	chr3	33089254	33089755	153	95.5	120	109.5	154.5	90	205.5	125.5	170.5	50	192.5	192	154.5	151.5	209	122.5	142	108	185	206.5	54.5	24.5	76	30	42	33	77.5	42
all_peaks_96565	chr3	33481789	33482290	500.5	450	563	483	711	793.5	713.5	732.5	679	760.5	725	776	645	676.5	668.5	736	649.5	760	678.5	710.5	711.5	702.5	670	719.5	722	697.5	707.5	697.5
all_peaks_96623	chr3	36953939	36954440	74	53.5	81	42.5	86	130.5	91	122.5	77.5	55	90	90	108	99	97	103.5	83.5	105.5	81.5	61.5	215.5	101.5	246.5	122	141.5	79.5	178	89.5
all_peaks_96632	chr3	37034441	37034942	872	782.5	1145	719.5	739.5	751.5	705.5	671.5	701.5	703.5	666.5	720	715	772.5	667.5	706.5	723.5	720.5	669.5	685.5	744.5	706	735.5	722.5	710	702.5	674	598
all_peaks_96708	chr3	38066351	38066852	473.5	477	506.5	466	550.5	501.5	558	522.5	571	481	577	481	646.5	683.5	628	627.5	634.5	607.5	661.5	654.5	611.5	553.5	619.5	559	752	540.5	661	589
all_peaks_96729	chr3	38206366	38206867	694	622	596	620	470	531.5	499.5	503.5	543	400	498.5	506	482.5	535	448.5	492	487.5	482	460.5	507	505.5	438.5	515	435.5	547	437.5	504	427.5
all_peaks_96788	chr3	39149769	39150270	55	37.5	140.5	62.5	61	44.5	115	48.5	105	16.5	160	172	73	65.5	112.5	116	148	103.5	171	192	49.5	6.5	26.5	11.5	17.5	9	13	23.5
all_peaks_96798	chr3	39194094	39194595	226.5	139.5	301	202.5	101	83.5	51	214.5	102	116.5	59	117.5	87	99	39.5	112	79.5	77.5	58.5	77.5	111.5	255.5	198.5	353	113	259.5	204	344
all_peaks_96820	chr3	39276123	39276624	25	12.5	81.5	18	118.5	25.5	118.5	3.5	63.5	11.5	91.5	29.5	139.5	137.5	83	76.5	139	105.5	82	87	58.5	7	19	1	27.5	8	1.5	1
all_peaks_96828	chr3	39309237	39309738	63	13.5	239.5	58	120.5	93	121.5	46	203	160.5	185	201	167.5	109	124.5	128	305.5	236	230.5	178.5	36.5	36	18.5	55.5	19	143	26.5	80
all_peaks_96832	chr3	39329806	39330307	54	35.5	75	57	116	118.5	73	62.5	184.5	186.5	152	169	130	92	69.5	75	174	189	203.5	155	77.5	72.5	55.5	59	154.5	105.5	147	111
all_peaks_96851	chr3	39403035	39403536	28.5	18.5	39.5	23	34.5	137.5	102	74	165	117.5	148	190	88.5	106	114.5	117.5	205	182	215	188.5	25	8.5	23.5	9.5	40	34	27	19.5
all_peaks_96920	chr3	41013145	41013646	5	2	4.5	5	17	144	7.5	221.5	34.5	198	21	73	30.5	59	9.5	72	35.5	83.5	10	32.5	31.5	227.5	40	226	48	198.5	84.5	216
all_peaks_96930	chr3	41229764	41230265	4	0.5	4.5	2	42.5	222.5	9	127	58	187	5	49.5	43	73.5	6	56	27	93	7.5	14	93	184.5	40.5	99	89	133.5	26	84
all_peaks_96956	chr3	42003446	42003947	310.5	309	363	296.5	350.5	430.5	352.5	357	477	500.5	366	438	358	359.5	337	374.5	364	405	326.5	346	330.5	319.5	326	369.5	375	403	408	458
all_peaks_96999	chr3	42543791	42544292	276	320.5	169	270.5	198	141	270	131.5	104.5	74.5	203.5	94.5	190.5	153	232.5	109.5	132	89.5	218.5	160	244	124.5	226	187	152.5	105.5	165	153
all_peaks_97018	chr3	42632030	42632531	485.5	414.5	527	411.5	491	520.5	519.5	481	477.5	417	526.5	559	513	528.5	494.5	488.5	454	450	478	481.5	547	395.5	469	371	436.5	380.5	458.5	373.5
all_peaks_97102	chr3	43338082	43338583	219	350	181.5	349.5	120	37	158	80.5	105	24.5	137	103	129.5	108.5	227.5	115.5	137.5	87	183	174	105.5	18	122	35	82.5	16.5	78	42.5
all_peaks_97122	chr3	43518972	43519473	135	138.5	225.5	153	59.5	18.5	60	10.5	77.5	21.5	70	26.5	81.5	61.5	75	24	122	55.5	67	42	40	15.5	22.5	6.5	40.5	18.5	24.5	16
all_peaks_97130	chr3	43564820	43565321	1	2	1	2.5	9	105	3	116.5	34.5	121	6.5	58	15	24	2	31.5	8.5	46.5	2	7	58	163.5	59.5	153	98.5	171	107.5	161.5
all_peaks_97136	chr3	43663552	43664053	205.5	185.5	255	210.5	285	431	345	426.5	270.5	349.5	341	371.5	370.5	354	340.5	415.5	353	377	335.5	384.5	279.5	343	302.5	349	235	265.5	277	367.5
all_peaks_97242	chr3	45147169	45147670	53.5	51.5	69	93	78.5	71	202	115	102	115	210	187.5	70.5	44	190.5	145	123	92.5	237	205.5	16.5	17	49.5	29	25.5	25	76.5	63
all_peaks_97247	chr3	45159328	45159829	69.5	110	36	170	52.5	8	142.5	38	40.5	20	151.5	81	39	33	125.5	58	70.5	39.5	166	105.5	25.5	5.5	99	23.5	8	7	92.5	42
all_peaks_97274	chr3	45539424	45539925	44	154	56.5	305	6.5	0.5	27.5	0.5	4	3.5	64.5	14.5	3.5	2.5	28	3.5	12.5	4.5	97	31.5	1	2.5	4	2	4.5	0	8	2.5
all_peaks_97298	chr3	45709329	45709830	3	2.5	1	1	40	109.5	2.5	112.5	32	164	5	31	32.5	45	1	49.5	23.5	59.5	4.5	9	22	138	17.5	118	62.5	149.5	49	138
all_peaks_97301	chr3	45730453	45730954	375.5	366	402.5	364.5	469.5	434	434	456	538.5	526.5	441	489.5	419	436	431	510.5	411.5	418.5	421	474	422.5	398	409	454.5	396	450	442	398
all_peaks_97322	chr3	45911477	45911978	178	189	145.5	266	175	30.5	241.5	7	92	64	237.5	66	141	79	231	36	142.5	108	224	98	46.5	3.5	15	0.5	17	7	19.5	1
all_peaks_97339	chr3	45992100	45992601	27.5	20.5	119.5	71	51	25.5	114.5	21.5	82	46.5	192.5	88.5	54	69.5	101.5	80.5	164	139	187	255	9	7	18.5	13.5	20	27.5	41	23
all_peaks_97364	chr3	46106747	46107248	147.5	79.5	152.5	104	80.5	11	189.5	15.5	20	6	187	97	56.5	63	227.5	74.5	114	42.5	215.5	204	24.5	5.5	108	38	13.5	6.5	51	16.5
all_peaks_97405	chr3	46340584	46341085	10.5	5	19	3	69.5	178	23	109	93	133	36	151.5	56.5	56	13	75	56	73.5	25.5	59	70	77.5	68.5	99	67	101.5	136.5	123
all_peaks_97419	chr3	46411285	46411786	8.5	3	25.5	5	64.5	144	34.5	104	125	180.5	56.5	102	98.5	107	15.5	84	91.5	137	37	58	100.5	116.5	144.5	115.5	157	120	160.5	104.5
all_peaks_97443	chr3	46580170	46580671	137.5	155.5	126.5	185.5	152	90.5	234.5	122	203.5	103.5	187.5	165	145	160.5	168	143	137	126	158	178	113	54	153.5	64.5	98.5	50	112.5	61
all_peaks_97507	chr3	47020912	47021413	386.5	295.5	431	346.5	450	475	507.5	535.5	388	356	408.5	397.5	480	448	413.5	441.5	396	436	373.5	450	402	376	373.5	390.5	431.5	317	292.5	309
all_peaks_97511	chr3	47029084	47029585	239	153	206.5	129	247.5	198	261.5	261	204.5	152	249.5	234	260.5	282.5	258.5	242.5	289	228.5	217.5	272	238	175	148	126	269.5	148	174.5	114
all_peaks_97522	chr3	47050714	47051215	82.5	94.5	82.5	167	60.5	79.5	90	152	100	118.5	162	182	56	66.5	54	78	112.5	152	148	179.5	139	103	119.5	156	208	161	248.5	218
all_peaks_97530	chr3	47079298	47079799	127	72	220	156	143.5	21	192	57.5	123.5	64	189.5	61	148.5	100	191.5	50	198	105	229.5	143.5	32.5	25	50	41	50	39.5	100.5	77
all_peaks_97582	chr3	47823254	47823755	268.5	244	258.5	259.5	288.5	305	263	335.5	306.5	413.5	277	315.5	271.5	283.5	260	290	270.5	334.5	248.5	266	288.5	345	306	376.5	347	394	309	394
all_peaks_97612	chr3	48229809	48230310	262	225.5	247	227	363.5	431.5	389	456.5	428.5	387	350	403	334.5	357	323	402.5	397.5	379	374	353	403	364	396	384.5	354	391	463.5	418
all_peaks_97643	chr3	48514245	48514746	310.5	280	281	281.5	237.5	293	238	399.5	247	216.5	236	304	235	258	241	328.5	236.5	273.5	245.5	264	303.5	350.5	359.5	384.5	275.5	308.5	300	316
all_peaks_97645	chr3	48520685	48521186	156	118.5	142	127.5	131.5	90	174.5	46.5	80.5	65	168	103	158	136	182	122	127	92.5	160	129	86	35.5	86	34.5	67.5	26	90.5	24
all_peaks_97650	chr3	48552134	48552635	49.5	54.5	41	44	104.5	47.5	166	11.5	108.5	22.5	173.5	67	102	99	134.5	59.5	114.5	78	171	103.5	43.5	8.5	24	4	57	2	33	11
all_peaks_97658	chr3	48594296	48594797	353	354.5	311	368.5	384.5	415.5	345.5	605	390	429	381.5	409	400	412.5	383.5	411.5	394	439.5	403	435.5	479	605	492.5	589	552.5	589	487.5	666
all_peaks_97676	chr3	48672700	48673201	193.5	169.5	193.5	153.5	237.5	386	259.5	401	254.5	274.5	263	317	235	278.5	278	351.5	248.5	287	229	272.5	266.5	347.5	265	369.5	284	305	304	286
all_peaks_97685	chr3	48701340	48701841	79.5	44.5	77	48.5	188.5	337	144.5	321	194.5	234.5	112	205.5	165.5	242	106.5	248	142.5	215.5	100	154.5	300.5	380.5	230	306	252	292	216.5	255.5
all_peaks_97699	chr3	48849701	48850202	206.5	185	223	205.5	131	72	109.5	66.5	91.5	56.5	105.5	62	140.5	171	120	94	158.5	121	111.5	104.5	129.5	78.5	124	51.5	119	50.5	115.5	40
all_peaks_97734	chr3	49059240	49059741	187.5	207.5	198	182	255.5	347.5	232	243	252.5	288	210	250.5	233.5	216	216	231	206	249.5	209.5	210.5	293	340.5	277	331	289.5	325	306.5	306.5
all_peaks_97786	chr3	49507382	49507883	363.5	379.5	376	399	413.5	451.5	440	573.5	376.5	437.5	407	390	415.5	429.5	407.5	431.5	438.5	497	416.5	419	498	569.5	465	556	477	461	476	476
all_peaks_97802	chr3	49711138	49711639	313.5	314.5	334.5	327	417.5	448	390.5	489.5	472	483	479	442	413	430	419	450	445	451.5	438.5	404.5	379.5	433.5	438.5	476.5	461.5	410.5	415	450
all_peaks_97818	chr3	49761240	49761741	250.5	253.5	283	240.5	346.5	505	330.5	481	282	418.5	342.5	323.5	361	358.5	305.5	383	358	434.5	303	301	306	378	372.5	477.5	395.5	450	366.5	501
all_peaks_97847	chr3	49977191	49977692	396.5	409.5	380.5	355	416.5	472.5	479	538	322	340.5	442	403.5	435	420	438.5	465	414	392.5	398	419.5	407.5	420	433	386.5	453	391	367	301.5
all_peaks_97890	chr3	50273151	50273652	784	744	877	784	756	853.5	870	821	712.5	712.5	783.5	826.5	776	864	773.5	922	924	911.5	854.5	831.5	946	931.5	791.5	904.5	868.5	808.5	869	869.5
all_peaks_97911	chr3	50336617	50337118	514	497	449	497	432.5	420	448.5	524	443.5	491	487.5	467.5	509	564.5	537	620.5	557.5	571	553.5	593.5	516	539	542	564	556.5	584.5	619	591
all_peaks_97971	chr3	50604948	50605449	237	241.5	268.5	248	292.5	401.5	383.5	477	310.5	261	372	365	267	352	332.5	378.5	361	328.5	341.5	392.5	374	362.5	341	391	405.5	359	398.5	427
all_peaks_97977	chr3	50628211	50628712	92	89	68	74	211	211.5	278.5	328.5	230	303	229.5	286	228	259.5	188	297.5	207.5	205	243.5	326.5	170.5	291.5	220.5	263.5	189.5	291	209	300.5
all_peaks_97981	chr3	50649294	50649795	322.5	368	248	301.5	635	460	669	500.5	542	481	624	517	565.5	550.5	567.5	564	500	485	601	611.5	440.5	399.5	518	453	483	405	470	430.5
all_peaks_97984	chr3	50661375	50661876	28	32.5	27	18	61.5	111.5	86.5	128	88	80	68	137	79	152	64.5	209.5	70.5	95.5	50	144.5	59	56	33.5	40.5	59	50	35.5	52
all_peaks_98	chr1	1051359	1051860	486.5	525	472.5	507	482	501.5	529.5	426	569	432	478.5	371.5	487	517.5	517	505	487	462.5	523.5	514	471	422.5	448.5	501.5	406.5	459.5	509.5	567
all_peaks_98003	chr3	51062685	51063186	154	192.5	180.5	189.5	97.5	31	152	17	96.5	14.5	107.5	50.5	177	143.5	199.5	75	153	95	171	82	80	11	66	11	82.5	12	48	12.5
all_peaks_98017	chr3	51422308	51422809	521.5	476.5	487.5	462	431.5	404.5	427	404	446	399	452	371.5	481	472	486	479.5	476	412.5	437	443	453	350.5	387.5	386.5	401.5	303	386	293
all_peaks_98049	chr3	51720450	51720951	178	129.5	184.5	148	173	158	229.5	203	233.5	138	239.5	246.5	200.5	273	243	252.5	230	224.5	230.5	252.5	100.5	50.5	65	63	68	76.5	57	58
all_peaks_98083	chr3	52016930	52017431	115	107.5	141	124.5	140	232	144.5	245.5	130	194.5	163.5	225	111.5	139.5	111.5	159	116	161.5	120	149	126	185	108	235.5	171	227.5	168.5	276
all_peaks_9813	chr1	167059749	167060250	133.5	334.5	59	202.5	44.5	3	163.5	18.5	6.5	2	79.5	16.5	30.5	44	201.5	30.5	20	9.5	110	49	56	8.5	55.5	11	1.5	6	15.5	8
all_peaks_98138	chr3	52287228	52287729	403.5	340.5	363.5	490	304	242	418	315	322.5	209	410	361	301.5	328.5	343	324	347	308.5	376	360.5	207	167	257.5	160	203	203	252.5	158.5
all_peaks_98230	chr3	52704781	52705282	15.5	0.5	21	3.5	41	186	6	212.5	68.5	209.5	13.5	94.5	47	49.5	8.5	87	39.5	68	5.5	27.5	75	219	58	176	91	213	66	151.5
all_peaks_98235	chr3	52719393	52719894	121.5	104.5	130	102.5	205.5	203	147.5	243.5	187	211.5	125.5	209	146	159.5	117	185.5	151.5	196	126	134.5	155.5	241.5	178	266	186.5	291	190	268
all_peaks_98264	chr3	53017486	53017987	144.5	156	73.5	228	21	13.5	95	43.5	5	32	117.5	98.5	10.5	16	117.5	89.5	29	14	106.5	104.5	12	17	37	35	10	30	48.5	61
all_peaks_98351	chr3	53787552	53788053	19	5.5	11.5	6	228.5	200	61	100.5	84	58.5	50	57	203	181.5	40.5	148	122	71	31	61.5	92	68	35	12.5	44.5	23.5	9	14.5
all_peaks_98361	chr3	53925690	53926191	514.5	450.5	477.5	461.5	287.5	319	384.5	304	291.5	269	337	304.5	384	423.5	399.5	347.5	358	362	361	377	356	324	334	354.5	370	315.5	345.5	325
all_peaks_98387	chr3	56627442	56627943	131.5	139	92	129	79.5	15.5	112	17.5	50.5	9.5	99	40.5	99.5	80.5	149.5	43	90.5	36	124	84.5	53.5	7	48	11.5	12.5	7.5	36.5	4
all_peaks_98410	chr3	56817793	56818294	166.5	146.5	188.5	197	110	96	239	116.5	171	64	253	181	173	166	224	161	206	149	213.5	217	132	38	120.5	47	153.5	48	138.5	71.5
all_peaks_98496	chr3	57969419	57969920	36	36	32.5	26.5	97.5	167.5	92	172.5	83.5	46.5	61	56.5	136	115.5	67	112	55	63.5	45	42	116.5	166	142	152	50	71.5	154.5	81
all_peaks_98523	chr3	58101728	58102229	131	121	177.5	214	131.5	73	257	55.5	137	30.5	267.5	200.5	126	80.5	268	158	250.5	131	328.5	266	45	11.5	58.5	17.5	43	5.5	40	28
all_peaks_98565	chr3	58456976	58457477	18	12	100.5	22.5	215.5	392.5	72.5	205.5	192	261	96	118	248	231.5	57.5	190.5	193.5	255.5	70.5	93.5	152	178.5	44	93.5	183	170.5	70.5	87
all_peaks_98570	chr3	58477396	58477897	138	125.5	155	128.5	236.5	190	174.5	119	272	167.5	144.5	151.5	226.5	207.5	128.5	195.5	191.5	200.5	118	172.5	200	145.5	135	109.5	187.5	113.5	90.5	98
all_peaks_98622	chr3	59437039	59437540	204.5	235	175	271.5	168.5	190.5	245.5	184	135.5	134.5	249	216.5	217.5	220.5	241	197	216.5	196	241.5	227	185	121.5	179	130.5	155.5	83	157.5	112.5
all_peaks_98636	chr3	59552197	59552698	8.5	0.5	1	1	13	97.5	1	66.5	11.5	97.5	2.5	53	14.5	18	0	47.5	8	38	1.5	12	64.5	180.5	1	74.5	126	148.5	21	79.5
all_peaks_98680	chr3	59996472	59996973	217	276	204	347	207.5	93	296.5	133.5	153.5	46.5	251.5	148.5	230.5	200	308	164	197.5	127.5	305.5	243.5	146.5	30	191.5	44.5	89.5	12.5	104	57
all_peaks_98690	chr3	60034206	60034707	98	153.5	28.5	113	57	20	201.5	114	38	19.5	89.5	39.5	52	63	156.5	136.5	16.5	26.5	110.5	77	85.5	49.5	206	88.5	11.5	11	89	49
all_peaks_98745	chr3	61506865	61507366	1	0.5	1	2.5	2.5	25.5	4.5	159.5	0	5	5	32.5	2	10	5	62	1	3	4	14	9.5	80	39	154	0.5	29	45.5	108
all_peaks_98785	chr3	63953916	63954417	214	193	176.5	242	88	72	97.5	53	61.5	31.5	99.5	108.5	111	84	121.5	98	108.5	86	104	121	60	18.5	57	30	58.5	24	43	35.5
all_peaks_98826	chr3	66271059	66271560	420.5	415.5	365	386	260.5	232	301.5	228	207.5	222	274.5	267.5	291.5	309.5	380	314.5	298.5	201.5	345	276	317	263.5	307.5	277	247	230	352	234
all_peaks_98834	chr3	66352699	66353200	242.5	97.5	244	63.5	119	101.5	75.5	61.5	65	65.5	32.5	51.5	179	127.5	68	70	205	105.5	47	40.5	167.5	132.5	85.5	88.5	140	124.5	43.5	36
all_peaks_98852	chr3	66519572	66520073	2.5	0.5	2.5	2.5	49.5	127.5	11	149	48.5	122	11.5	70.5	55	60.5	5.5	56.5	38.5	91	4	27	89	177.5	86	106	85	139.5	63	96.5
all_peaks_98853	chr3	66522666	66523167	17.5	1	24	3.5	64	114.5	32.5	96.5	69	168	12.5	75	46	39	23	64.5	42.5	73.5	15	25	97	195	70	173.5	96.5	183	44.5	103
all_peaks_98865	chr3	66551328	66551829	387.5	336	409.5	216.5	477	464	488	455.5	416.5	431	421.5	429.5	422.5	428	419.5	474	421.5	399.5	378	456.5	430.5	500	416.5	371	432	426	361.5	384.5
all_peaks_98874	chr3	67048374	67048875	583.5	566.5	541	584.5	481	517	513	500	407	465	542	572.5	506	493.5	550	479	520	466	533	514	383	469	474	414.5	418	440	451	457.5
all_peaks_98899	chr3	67706042	67706543	121	54	331.5	133	184.5	265.5	197	117.5	324.5	336.5	316.5	447.5	144.5	155	153	248.5	273	277	271.5	337.5	121	60	145.5	51	181.5	132	260	157.5
all_peaks_98911	chr3	67998459	67998960	147.5	208.5	113	172.5	63	5.5	125.5	1	22.5	1.5	126	23	60	47.5	188.5	10.5	53	14	165	69	57	2.5	25	2	17.5	1.5	16.5	6
all_peaks_98914	chr3	68106760	68107261	194	229	139	297	32.5	6	119.5	9.5	38.5	14	121.5	75.5	46	26.5	153.5	31.5	62.5	17	156	100.5	2.5	1.5	35	2	9	8	25.5	11
all_peaks_98945	chr3	69131905	69132406	70.5	43	73.5	44.5	35	178.5	38.5	219.5	104.5	221.5	36	178	87	82	53	171.5	113.5	158.5	81.5	134	26	171.5	30	155.5	45	185	40	145.5
all_peaks_98946	chr3	69133750	69134251	218.5	290.5	190	248.5	198	162	256.5	179.5	191	123.5	220.5	183.5	188	187	276	252	171.5	150.5	231	245.5	151.5	118	158.5	146.5	114.5	130	160.5	139
all_peaks_98965	chr3	69253326	69253827	5	2	1	2.5	21	127.5	6.5	144	41	113.5	13.5	87.5	43	41.5	4	59.5	30.5	68.5	5.5	30.5	46.5	147	46.5	129.5	63	141	73	99.5
all_peaks_9904	chr1	167597279	167597780	158.5	119.5	149	128.5	246	247.5	297	340.5	170.5	116	285	296	187.5	207.5	323	287.5	201.5	201.5	300	258.5	172.5	114	199	181	134	111	153.5	129.5
all_peaks_9906	chr1	167606450	167606951	125.5	186	58	166	26	40	103	49.5	14.5	23	86	59.5	31.5	31.5	130	42.5	49	34.5	126	85	22	43.5	35.5	22.5	16	26.5	24.5	28.5
all_peaks_99071	chr3	71275865	71276366	79	81	119.5	92	189.5	413	211.5	290	273.5	436	283.5	396.5	162	155.5	136.5	164	192	246.5	178	153	210.5	331	296	291.5	192.5	319.5	352.5	347.5
all_peaks_99094	chr3	71422026	71422527	118.5	185.5	39.5	221	4	5.5	70	0.5	3	2.5	38.5	6.5	10	4	85	0.5	6.5	2	66	11	18	5	73.5	15.5	6	2.5	56.5	21.5
all_peaks_99121	chr3	71493367	71493868	211.5	236.5	181	257	131	65	194.5	69.5	111.5	37	208	123	128	131	247.5	124.5	143	84.5	226.5	182.5	90.5	38	107.5	58	96	19.5	97	67
all_peaks_99137	chr3	71542552	71543053	180	222.5	105	218.5	14.5	22.5	85.5	35	13	9	85	30	63	46	127.5	41.5	72	23	97	65	31.5	23	76.5	30.5	12	24.5	70.5	52.5
all_peaks_99188	chr3	72031722	72032223	1	0.5	1	1	28	144	13.5	240	63.5	179	16	63	40.5	82.5	6	104	21	83	8.5	16	124	258.5	105	239.5	89	201	143.5	229
all_peaks_99262	chr3	72570061	72570562	1	0.5	1	2	10	130	0.5	147.5	23.5	101	4.5	28	12.5	25	1	15.5	6	43.5	0	4.5	50.5	192.5	22	178.5	67	166.5	52.5	157
all_peaks_9927	chr1	167772549	167773050	35.5	34.5	35	21.5	64	108.5	45.5	187	62	104	40	80.5	60	73	39	87	44.5	62	55	61.5	81.5	175	56	180	73	176.5	83.5	182.5
all_peaks_99282	chr3	72806066	72806567	98.5	187	61.5	183.5	98	119.5	200	159.5	113.5	49.5	159.5	134.5	112	113	233.5	132.5	111.5	94.5	199.5	155.5	80.5	23.5	108	45.5	36	19	86	55
all_peaks_99380	chr3	87382494	87382995	4.5	5	7	1	4	107.5	5	96	30.5	148.5	2	91.5	18.5	16.5	6.5	35.5	23.5	36.5	2.5	10	16.5	110	8	98.5	54	163	50	144.5
all_peaks_99418	chr3	93729881	93730382	3	5	3	1	13	101	18.5	102.5	38.5	95.5	11.5	65	23.5	43.5	7.5	68.5	16.5	44	9.5	31	47.5	173.5	36.5	149	44.5	129	80	149
all_peaks_99490	chr3	98241549	98242050	404.5	364	381	384.5	419	395.5	408.5	428.5	433	566	420.5	488	399	375	367	453	410.5	366.5	379.5	406.5	360.5	405.5	339.5	373	382	414	404.5	413
all_peaks_99497	chr3	98255368	98255869	11	0.5	9.5	3.5	78.5	201	40	230	85	178	42.5	177	92.5	72	26	146	56	98	36	107.5	126	201	99	188	134	191.5	133	190
all_peaks_99502	chr3	98275028	98275529	74.5	9	67.5	11.5	178	193.5	228	162	177	240	218	199.5	188	201.5	185	204.5	190	167	182.5	248.5	200.5	152	275	171	199	175	188	149.5
all_peaks_99510	chr3	98312322	98312823	182	137	158.5	158.5	179.5	224.5	277.5	324	196.5	239.5	271	302.5	208.5	227	258.5	284	220	190	237.5	274	170	157	215.5	199	183	153	203.5	181
all_peaks_99524	chr3	98620410	98620911	299.5	457	191	413.5	395	507.5	478.5	539	358	418	461	522	361.5	438	440	500	379.5	418.5	368	432	388.5	489.5	395.5	480	384	365	420.5	458
all_peaks_99552	chr3	99575611	99576112	1.5	0.5	3	1	11	150.5	1.5	64	23.5	102.5	4.5	46	42	51	0	15	23.5	47	5	12.5	75.5	212.5	5	59	73.5	131.5	43.5	48
all_peaks_99590	chr3	99822808	99823309	2.5	2	1	1	5.5	19.5	4	179	10.5	31.5	6	132.5	2.5	6.5	4	163	4.5	10.5	4.5	67.5	2	33.5	12	46	4.5	60	21.5	117.5
all_peaks_9965	chr1	168332144	168332645	116.5	70	237	44	84.5	87	47	16.5	72.5	49.5	33	28	154	138	67	40.5	147	103	75	45.5	44.5	59.5	42	28.5	90.5	78.5	34.5	18
all_peaks_99661	chr3	100962316	100962817	1	3.5	1	2.5	6	165.5	2.5	24	20.5	150	3	26.5	24.5	48.5	0	10	11	50.5	6	7	8.5	75	2	29.5	7	98.5	3.5	72
all_peaks_99671	chr3	101237153	101237654	153.5	141	106	34	112.5	212.5	104	325	71	149.5	105.5	253	97.5	75	100	107	52.5	87	100	67.5	230	231.5	292	335.5	206	188.5	324	308.5
all_peaks_99739	chr3	101669327	101669828	7.5	0.5	6.5	3.5	3.5	52	7	118	3.5	35	4.5	85	11.5	16	8	47	3.5	13.5	6	16.5	8.5	63.5	25.5	122.5	1	67	42	175
all_peaks_99759	chr3	101811375	101811876	1	6.5	1	4.5	31.5	180	14	146.5	81	171.5	18	161	53	70	5.5	111	41.5	88.5	9	39	22.5	111.5	32.5	95.5	44.5	118.5	55.5	140.5
all_peaks_99800	chr3	105471879	105472380	160.5	128	140	160	108	38	122.5	36.5	74.5	49.5	95	85	97	101	162.5	93.5	111	66.5	135	73.5	40.5	20.5	78	28	42	19.5	59	25.5
all_peaks_99875	chr3	106051568	106052069	1	5	4	3	26	75	11	145	39	173.5	24	115	25.5	34.5	3.5	89	26.5	61	8.5	40.5	12.5	120	19.5	91.5	29.5	150	45.5	145.5
all_peaks_99884	chr3	106142370	106142871	3	3.5	4	2	0.5	53.5	1.5	34.5	19	113.5	12	22.5	12	17.5	4	12	18.5	37	9.5	14	10.5	134.5	4	40.5	34.5	157	25	134.5
all_peaks_99886	chr3	106147459	106147960	1	2	1	1	7.5	106.5	1	110	14.5	153	5	24.5	13	30.5	5	19.5	12.5	32	3	1	22	244	7	148.5	62.5	262	13.5	202.5
all_peaks_999	chr1	8987245	8987746	1.5	41	10	132	12	0.5	82	1.5	8	2	218	69	3.5	1	56	5.5	38	12	202	188.5	1	0	6	1.5	7	5	16	9
all_peaks_99953	chr3	107809791	107810292	279.5	263	278	235	251	186	226	157.5	226.5	203.5	232.5	176	224.5	187.5	227.5	151.5	201	218.5	198.5	173	183	137.5	159	135	173	144	142	113.5
all_peaks_99961	chr3	107846049	107846550	125.5	138	114.5	133	155	94.5	200	88.5	126	62.5	221.5	179	167.5	167	199.5	144	187.5	119.5	199.5	184.5	67.5	43.5	55.5	28.5	63.5	24	61.5	32.5
all_peaks_99978	chr3	108015006	108015507	4	0.5	6	3.5	28	118	8	168.5	32	94.5	12	73	47	37	1.5	47.5	22.5	35	6.5	19	53.5	182	40	137.5	56.5	157	71	159
