category	authors	title	venue	year	pmid	doi	pmcid	url	fulltext_xml	topics	status
gd2_cart_clinical	Alliot H, Machy P, Leclair MD, Birkle S, Faraj S.	Targeting GD2 with CAR-T Cell Therapy in Neuroblastoma: Updates, Challenges, and Future Perspectives	Current oncology reports	2026	42154183	10.1007/s11912-026-01796-1		https://doi.org/10.1007/s11912-026-01796-1		clinical;cytokine_release_syndrome;gd2_agent;neuroblastoma;neurotoxicity;other_solid;pediatric;review	metadata_only
gd2_cart_clinical	Carrion YL, Bhasin J, Anne S, Sawhney A, Ha CJ, Sharaf I, Santana J, Titkov K, Jean M, Thibault D, Pando A, Novakovic N, Parikh NS, Vojnic M, Sherman JH.	Locoregional and systemic adoptive cellular therapies for pediatric brain tumors: a systematic review of CAR‑T, TCR‑engineered T cells, and NK cell strategies	Neurosurgical review	2026	42566099	10.1007/s10143-026-04437-0		https://doi.org/10.1007/s10143-026-04437-0		clinical;cytokine_release_syndrome;dmg_dipg;gd2_agent;icv_intraventricular;locoregional_cns;mitigation_engineering;neurotoxicity;other_solid;pediatric;review;steroids_immunomodulation;systemic_iv	metadata_only
gd2_cart_clinical	Ciosek A, Hofmann J, Galant K, Marinkovich MP, Wierzbowska A, Ciążyńska M, Bień N, Narbutt J, Lesiak A.	Beyond Hematology-Current Insights into Chimeric Antigen Receptor (CAR) T-Cell Therapy for Skin and Connective Tissue Disorders	Cells	2026	42193884	10.3390/cells15100874	PMC13204585	https://pmc.ncbi.nlm.nih.gov/articles/PMC13204585/	fulltext/ciosek_2026_pmid42193884.xml	clinical;cytokine_release_syndrome;gd2_agent;hematologic_malignancy;neurotoxicity;other_solid;review	fulltext_xml
gd2_cart_clinical	Habibi MA, Zand A, Robat-Jazi B, Khodadadiyan A, Dashti M, Nejati N, Lorestan P, Karimizadeh Z, Ahmadpour M, Maleki F, Ahmadpour S.	The safety and efficacy of GD2-targeted CAR-T cells in patients with neuroblastoma: a systematic review and meta-analysis	European journal of medical research	2026	41530803	10.1186/s40001-025-03764-0	PMC12888293	https://pmc.ncbi.nlm.nih.gov/articles/PMC12888293/	fulltext/habibi_2026_pmid41530803.xml	clinical;gd2_agent;hematologic_coagulopathy;neuroblastoma;organ_function;other_solid;pediatric;review	fulltext_xml
gd2_cart_clinical	Hakem Zadeh F, Shah N, Bird V.	Prostate cancer and CAR-T therapy: a systematic review	BMC cancer	2026	41826891	10.1186/s12885-026-15703-1	PMC13104223	https://pmc.ncbi.nlm.nih.gov/articles/PMC13104223/	fulltext/hakem_2026_pmid41826891.xml	clinical;cytokine_release_syndrome;gd2_agent;hematologic_malignancy;mitigation_engineering;neurotoxicity;other_solid;review	fulltext_xml
gd2_cart_clinical	Sanikommu S, Santos AN, Dawoud B, Shah KH, Vazquez S, Shah AH, Lu VM.	Chimeric Antigen Receptor-T Cell Therapy for Pediatric and Young Adult Primary Central Nervous System Tumors: A Systematic Review of Early Phase Clinical Trials with a Focus on Diffuse Midline Glioma	Targeted oncology	2026	42295570	10.1007/s11523-026-01225-0		https://doi.org/10.1007/s11523-026-01225-0		clinical;cytokine_release_syndrome;dmg_dipg;gd2_agent;hematologic_malignancy;icv_intraventricular;neurotoxicity;pediatric;review;steroids_immunomodulation;systemic_iv	metadata_only
gd2_cart_clinical	Shokouhfar M, Darzi A, Ameli F, Nami MT, Khorasani SK, Eini P, Vanan AG, Bahrami N.	Immunotherapeutic advances in pediatric neuroblastoma: Overcoming resistance through biomarker-guided combinations	Biomedicine & pharmacotherapy = Biomedecine & pharmacotherapie	2026	41621264	10.1016/j.biopha.2026.119020		https://doi.org/10.1016/j.biopha.2026.119020		clinical;gd2_agent;hematologic_malignancy;infection_immune;mitigation_engineering;neuroblastoma;other_solid;pediatric;review	metadata_only
gd2_cart_clinical	Srinivasan A, Abraham A, Modak AI, Pradeep A, Nimachwala NL, Chemmancheri AV, Banu A, Azad AA, Abraham A, Khorbaladze L.	CAR T-cell therapy in pediatric brain tumors: a narrative review with comparative analysis of clinical trial eligibility criteria	Frontiers in oncology	2026	42568366	10.3389/fonc.2026.1869826		https://doi.org/10.3389/fonc.2026.1869826		clinical;dmg_dipg;gd2_agent;infection_immune;locoregional_cns;neurotoxicity;other_solid;pediatric;review	metadata_only
gd2_cart_clinical	Vazaios K, Tallon-Cobos AC, van Oosterhout LPJ, Waranecki P, Cornel AM, Dautzenberg NMM, van Hoesel M, Forbes C, Nierkens S, Kemp V, Hoeben RC, van der Lugt J, Calkoen FG, Hulleman E.	Boosting CAR T cell functionality with oncolytic viruses for the treatment of pediatric diffuse midline gliomas	Molecular therapy. Oncology	2026	42100144	10.1016/j.omton.2026.201191	PMC13145386	https://pmc.ncbi.nlm.nih.gov/articles/PMC13145386/	fulltext/vazaios_2026_pmid42100144.xml	clinical;dmg_dipg;gd2_agent;infection_immune;pediatric	fulltext_xml
gd2_cart_clinical	Wannaphut C, Thirasastr P, Livingston J, Araujo D, Conley A, Keung E, Roland C, Somaiah N.	The evolution of cellular therapies in sarcoma: Breakthroughs, challenges, and future directions	Human vaccines & immunotherapeutics	2026	42517272	10.1080/21645515.2026.2708435		https://doi.org/10.1080/21645515.2026.2708435		clinical;gd2_agent;infection_immune;other_solid;review	metadata_only
gd2_cart_clinical	DuBois SG, Moreno L, Bagatell R, Cheung NK, Gray JC, Locatelli F, Reynolds CP, Rossig C, Sondel PM, Drezner N, Kholmanshikh O, Bird N, Day L, Ludwinski D, Scobie N, Pons Sanz V, Ball S, Hammer B, Alvarez Rojo I, Meager D, Sveistrup J, Berlanga P, Casanova M, Glade-Bender J, Macy M, Morgenstern DA, Owens C, Weigel BJ, Pappo A, Nysom K, Anderson J, Ligas F, Lesa G, Donoghue M, Karres D, Vassal G.	Paediatric Strategy Forum for medicinal product development of agents targeting GD2 ganglioside in children and adolescents with cancer	European journal of cancer (Oxford, England : 1990)	2025	41240535	10.1016/j.ejca.2025.116093		https://doi.org/10.1016/j.ejca.2025.116093		clinical;gd2_agent;hematologic_malignancy;neuroblastoma;on_target_off_tumor;other_solid;pediatric;review	metadata_only
gd2_cart_clinical	Dupont M, de Bernardi A, Vanacker H, Dufresne A, Brahmi M, Blay JY.	Cellular therapies in sarcoma and other solid tumors	Current opinion in oncology	2025	40423031	10.1097/cco.0000000000001152		https://doi.org/10.1097/cco.0000000000001152		clinical;cytokine_release_syndrome;gd2_agent;grading_management;neurotoxicity;other_solid;review	metadata_only
gd2_cart_clinical	Fradin JJ, Charlson JA.	Review of Adoptive Cellular Therapies for the Treatment of Sarcoma	Cancers	2025	40282478	10.3390/cancers17081302	PMC12026197	https://pmc.ncbi.nlm.nih.gov/articles/PMC12026197/	fulltext/fradin_2025_pmid40282478.xml	clinical;gd2_agent;hematologic_malignancy;on_target_off_tumor;other_solid;review;steroids_immunomodulation	fulltext_xml
gd2_cart_clinical	Gu J, Li J, Xu Y, Zhang G, Xie J, Jia R, Chen W, Lu Z, Chang C, Wen H, Chang LJ, Ma H, Cai Q.	Preliminary exploration of PSMA CAR-T combined with GD2 CAR-T for the treatment of refractory/relapsed gliomas	Journal of translational medicine	2025	40420236	10.1186/s12967-025-06523-1	PMC12107844	https://pmc.ncbi.nlm.nih.gov/articles/PMC12107844/	fulltext/gu_2025_pmid40420236.xml	clinical;cytokine_release_syndrome;gd2_agent;hematologic_malignancy;neurotoxicity;systemic_iv	fulltext_xml
gd2_cart_clinical	Locatelli F, Pagliara D, De Ioris MA, Becilli M, Del Baldo G, Serra A, Mastronuzzi A, Cefalo MG, Li Pira G, Leone G, Bertaina V, Fabozzi F, Di Nardo M, Rosignoli C, D'Andrea ML, Crocoli A, Vennarini S, Sinibaldi M, Di Cecca S, Guercio M, Iaffaldano L, Lucarelli B, Algeri M, Merli P, Colafati GS, De Angelis B, Quintarelli C, Del Bufalo F.	GD2-targeting CAR T cells in high-risk neuroblastoma: a phase 1/2 trial	Nature medicine	2025	40841488	10.1038/s41591-025-03874-6		https://doi.org/10.1038/s41591-025-03874-6		clinical;gd2_agent;hematologic_malignancy;mitigation_engineering;neuroblastoma;neurotoxicity;pediatric	metadata_only
gd2_cart_clinical	Monje M, Mahdi J, Majzner R, Yeom KW, Schultz LM, Richards RM, Barsan V, Song KW, Kamens J, Baggott C, Kunicki M, Rietberg SP, Lim AS, Reschke A, Mavroukakis S, Egeler E, Moon J, Patel S, Chinnasamy H, Erickson C, Jacobs A, Duh AK, Tunuguntla R, Klysz DD, Fowler C, Green S, Beebe B, Carr C, Fujimoto M, Brown AK, Petersen AG, McIntyre C, Siddiqui A, Lepori-Bui N, Villar K, Pham K, Bove R, Musa E, Reynolds WD, Kuo A, Prabhu S, Rasmussen L, Cornell TT, Partap S, Fisher PG, Campen CJ, Grant G, Prolo L, Ye X, Sahaf B, Davis KL, Feldman SA, Ramakrishna S, Mackall C.	Intravenous and intracranial GD2-CAR T cells for H3K27M+ diffuse midline gliomas	Nature	2025	39537919	10.1038/s41586-024-08171-9	PMC11735388	https://pmc.ncbi.nlm.nih.gov/articles/PMC11735388/	fulltext/monje_2025_pmid39537919.xml	clinical;cytokine_release_syndrome;dmg_dipg;gd2_agent;hematologic_malignancy;icv_intraventricular;neurotoxicity;steroids_immunomodulation;systemic_iv	fulltext_xml
gd2_cart_clinical	Quintarelli C, Del Bufalo F, De Ioris MA, Guercio M, Algeri M, Pagliara D, Silvestris DA, Di Nardo M, Sinibaldi M, Di Cecca S, Iaffaldano L, Manni S, Fustaino V, Garganese MC, Colafati GS, Bertaina V, Becilli M, Mastronuzzi A, Fabozzi F, Gunetti M, Iacovelli S, Bugianesi R, Macchia S, Li Pira G, Cefalo MG, Leone G, Del Baldo G, De Angelis B, Locatelli F.	Donor-derived GD2-specific CAR T cells in relapsed or refractory neuroblastoma	Nature medicine	2025	39815015	10.1038/s41591-024-03449-x		https://doi.org/10.1038/s41591-024-03449-x		clinical;cytokine_release_syndrome;gd2_agent;hematologic_malignancy;neuroblastoma;neurotoxicity;pediatric	metadata_only
gd2_cart_clinical	Ciccone R, Quintarelli C, Camera A, Pezzella M, Caruso S, Manni S, Ottaviani A, Guercio M, Del Bufalo F, Quadraccia MC, Orlando D, Di Cecca S, Sinibaldi M, Aurigemma M, Iaffaldano L, Sarcinelli A, D'Amore ML, Ceccarelli M, Nazio F, Marabitti V, Giorda E, Pezzullo M, De Stefanis C, Carai A, Rossi S, Alaggio R, Del Baldo G, Becilli M, Mastronuzzi A, De Angelis B, Locatelli F.	GD2-Targeting CAR T-cell Therapy for Patients with GD2+ Medulloblastoma	Clinical cancer research : an official journal of the American Association for Cancer Research	2024	38551501	10.1158/1078-0432.ccr-23-1880	PMC11145172	https://pmc.ncbi.nlm.nih.gov/articles/PMC11145172/	fulltext/ciccone_2024_pmid38551501.xml	clinical;gd2_agent;mitigation_engineering;other_solid;pediatric;systemic_iv	fulltext_xml
gd2_cart_clinical	Das AK, Sinha M, Singh SK, Chaudhary A, Boro AK, Agrawal M, Bhardwaj S, Kishore S, Kumari K.	CAR T-cell therapy: a potential treatment strategy for pediatric midline gliomas	Acta neurologica Belgica	2024	38669002	10.1007/s13760-024-02519-8		https://doi.org/10.1007/s13760-024-02519-8		clinical;cytokine_release_syndrome;dmg_dipg;gd2_agent;hematologic_malignancy;neurotoxicity;other_solid;pediatric;review	metadata_only
gd2_cart_clinical	Lin FY, Stuckert A, Tat C, White M, Ruggieri L, Zhang H, Mehta B, Lapteva N, Mei Z, Major A, Thakkar S, Shum T, Parikh K, Wu MF, Lindsay HB, Scherer L, Shekar M, Baxter P, Wang T, Grilley B, Moeller K, Hicks J, Roy A, Anastas J, Malbari F, Aldave G, Chintagumpala M, Blaney S, Parsons DW, Brenner MK, Heslop HE, Rooney CM, Omer B.	Phase I Trial of GD2.CART Cells Augmented With Constitutive Interleukin-7 Receptor for Treatment of High-Grade Pediatric CNS Tumors	Journal of clinical oncology : official journal of the American Society of Clinical Oncology	2024	38771986	10.1200/jco.23.02019	PMC11305939	https://pmc.ncbi.nlm.nih.gov/articles/PMC11305939/	fulltext/lin_2024_pmid38771986.xml	clinical;cytokine_release_syndrome;dmg_dipg;gd2_agent;hematologic_malignancy;neurotoxicity;pediatric;steroids_immunomodulation	fulltext_xml
gd2_cart_clinical	Monje M, Mahdi J, Majzner R, Yeom K, Schultz LM, Richards RM, Barsan V, Song K, Kamens J, Baggott C, Kunicki M, Lim AS, Reschke A, Mavroukakis S, Egeler E, Moon J, Patel S, Chinnasamy H, Erickson C, Jacobs A, Duh AK, Rietberg SP, Tunuguntla R, Klysz DD, Fowler C, Green S, Beebe B, Carr C, Fujimoto M, Brown AK, Petersen AG, McIntyre C, Siddiqui A, Lepori-Bui N, Villar K, Pham K, Bove R, Musa E, Reynolds W, Kuo A, Prabhu S, Rasmussen L, Cornell TT, Partap S, Fisher PG, Campen CJ, Grant G, Prolo L, Ye X, Sahaf B, Davis KL, Feldman SA, Ramakrishna S, Mackall C.	Sequential intravenous and intracerebroventricular GD2-CAR T-cell therapy for H3K27M-mutated diffuse midline gliomas	medRxiv	2024		10.1101/2024.06.25.24309146		https://doi.org/10.1101/2024.06.25.24309146		clinical;cytokine_release_syndrome;dmg_dipg;gd2_agent;grading_management;hematologic_malignancy;icv_intraventricular;neurotoxicity;steroids_immunomodulation;systemic_iv	metadata_only
gd2_cart_clinical		IMMU-18. TARGETING GD2 IN THALAMIC DIFFUSE MIDLINE GLIOMA WITH TRANSIENT MRNA CAR T CELLS	Neuro-oncology	2023			PMC10260187	https://pmc.ncbi.nlm.nih.gov/articles/PMC10260187/	fulltext/anon_2023_pmidPMC10260187.xml	clinical;dmg_dipg;gd2_agent;locoregional_cns;meeting_abstract;neurotoxicity	fulltext_xml
gd2_cart_clinical		IMMU-15. PHASE I TRIAL OF GD2.CART-CELLS AUGMENTED WITH A CONSTITUTIVELY ACTIVE INTERLEUKIN-7 RECEPTOR (C7R) FOR TREATMENT OF HIGH-GRADE PEDIATRIC CNS TUMORS	Neuro-oncology	2023			PMC10259947	https://pmc.ncbi.nlm.nih.gov/articles/PMC10259947/	fulltext/anon_2023_pmidPMC10259947.xml	clinical;cytokine_release_syndrome;dmg_dipg;gd2_agent;hematologic_malignancy;meeting_abstract;neurotoxicity;pediatric;steroids_immunomodulation;systemic_iv	fulltext_xml
gd2_cart_clinical	Del Bufalo F, De Angelis B, Caruana I, Del Baldo G, De Ioris MA, Serra A, Mastronuzzi A, Cefalo MG, Pagliara D, Amicucci M, Li Pira G, Leone G, Bertaina V, Sinibaldi M, Di Cecca S, Guercio M, Abbaszadeh Z, Iaffaldano L, Gunetti M, Iacovelli S, Bugianesi R, Macchia S, Algeri M, Merli P, Galaverna F, Abbas R, Garganese MC, Villani MF, Colafati GS, Bonetti F, Rabusin M, Perruccio K, Folsi V, Quintarelli C, Locatelli F, Precision Medicine Team–IRCCS Ospedale Pediatrico Bambino Gesù.	GD2-CART01 for Relapsed or Refractory High-Risk Neuroblastoma	The New England journal of medicine	2023	37018492	10.1056/nejmoa2210859		https://doi.org/10.1056/nejmoa2210859		clinical;cytokine_release_syndrome;gd2_agent;mitigation_engineering;neuroblastoma;pediatric	metadata_only
gd2_cart_clinical	Halliwell E, Vitali A, Muller H, Alonso-Ferrero M, Barisa M, Gavriil A, Piapi A, Leboreiro-Babe C, Gileadi T, Yeung J, Pataillot-Meakin T, Fisher J, Tucker L, Donovan L, Chesler L, Chester K, Anderson J.	Targeting of low ALK antigen density neuroblastoma using AND logic-gate engineered CAR-T cells	Cytotherapy	2023	36396552	10.1016/j.jcyt.2022.10.007		https://doi.org/10.1016/j.jcyt.2022.10.007		clinical;gd2_agent;hematologic_malignancy;neuroblastoma;on_target_off_tumor;pediatric	metadata_only
gd2_cart_clinical	Heczey A, Xu X, Courtney AN, Tian G, Barragan GA, Guo L, Amador CM, Ghatwai N, Rathi P, Wood MS, Li Y, Zhang C, Demberg T, Di Pierro EJ, Sher AC, Zhang H, Mehta B, Thakkar SG, Grilley B, Wang T, Weiss BD, Montalbano A, Subramaniam M, Xu C, Sachar C, Wells DK, Dotti G, Metelitsa LS.	Anti-GD2 CAR-NKT cells in relapsed or refractory neuroblastoma: updated phase 1 trial interim results	Nature medicine	2023	37188782	10.1038/s41591-023-02363-y		https://doi.org/10.1038/s41591-023-02363-y		clinical;cytokine_release_syndrome;gd2_agent;neuroblastoma;pediatric	metadata_only
gd2_cart_clinical		DIPG-15. Major tumor regressions in H3K27M-mutated diffuse midline glioma (DMG) following sequential intravenous (IV) and intracerebroventricular (ICV) delivery of GD2-CAR T-cells	Neuro-oncology	2022			PMC9164854	https://pmc.ncbi.nlm.nih.gov/articles/PMC9164854/	fulltext/anon_2022_pmidPMC9164854.xml	clinical;cytokine_release_syndrome;dmg_dipg;gd2_agent;hematologic_malignancy;icv_intraventricular;meeting_abstract;mitigation_engineering;neurotoxicity;steroids_immunomodulation;systemic_iv	fulltext_xml
gd2_cart_clinical	Antonucci L, Canciani G, Mastronuzzi A, Carai A, Del Baldo G, Del Bufalo F.	CAR-T Therapy for Pediatric High-Grade Gliomas: Peculiarities, Current Investigations and Future Strategies	Frontiers in immunology	2022	35603195	10.3389/fimmu.2022.867154	PMC9115105	https://pmc.ncbi.nlm.nih.gov/articles/PMC9115105/	fulltext/antonucci_2022_pmid35603195.xml	clinical;gd2_agent;infection_immune;other_solid;pediatric;review	fulltext_xml
gd2_cart_clinical	Majzner RG, Ramakrishna S, Yeom KW, Patel S, Chinnasamy H, Schultz LM, Richards RM, Jiang L, Barsan V, Mancusi R, Geraghty AC, Good Z, Mochizuki AY, Gillespie SM, Toland AMS, Mahdi J, Reschke A, Nie EH, Chau IJ, Rotiroti MC, Mount CW, Baggott C, Mavroukakis S, Egeler E, Moon J, Erickson C, Green S, Kunicki M, Fujimoto M, Ehlinger Z, Reynolds W, Kurra S, Warren KE, Prabhu S, Vogel H, Rasmussen L, Cornell TT, Partap S, Fisher PG, Campen CJ, Filbin MG, Grant G, Sahaf B, Davis KL, Feldman SA, Mackall CL, Mackall CL, Monje M.	GD2-CAR T cell therapy for H3K27M-mutated diffuse midline gliomas	Nature	2022	35130560	10.1038/s41586-022-04489-4	PMC8967714	https://pmc.ncbi.nlm.nih.gov/articles/PMC8967714/	fulltext/majzner_2022_pmid35130560.xml	clinical;dmg_dipg;gd2_agent;grading_management;icv_intraventricular;neurotoxicity;on_target_off_tumor;pediatric;systemic_iv	fulltext_xml
gd2_cart_clinical	Yu L, Huang L, Lin D, Lai X, Wu L, Liao X, Liu J, Zeng Y, Liang L, Zhang G, Wang B, Wu Z, Tao S, Liu Y, Jiao C, Chang LJ, Yang L, Yang L.	GD2-specific chimeric antigen receptor-modified T cells for the treatment of refractory and/or recurrent neuroblastoma in pediatric patients	Journal of cancer research and clinical oncology	2022	34724115	10.1007/s00432-021-03839-5	PMC9470713	https://pmc.ncbi.nlm.nih.gov/articles/PMC9470713/	fulltext/yu_2022_pmid34724115.xml	clinical;cytokine_release_syndrome;gd2_agent;grading_management;mitigation_engineering;neuroblastoma;on_target_off_tumor;pediatric	fulltext_xml
gd2_cart_clinical	Majzner R, Ramakrishna S, Mochizuki A, Patel S, Chinnasamy H, Yeom K, Schultz L, Richards R, Campen C, Reschke A, Mahdi J, Toland A, Baggott C, Mavroukakis S, Egeler E, Moon J, Landrum K, Erickson C, Rasmussen L, Barsan V, Tamaresis J, Marcy A, Kunicki M, Fujimoto M, Ehlinger Z, Kurra S, Cornell T, Partap S, Fisher P, Grant G, Vogel H, Sahaf B, Davis K, Feldman S, Mackall C, Monje M.	EPCT-14. GD2 CAR T-CELLS MEDIATE CLINICAL ACTIVITY AND MANAGEABLE TOXICITY IN CHILDREN AND YOUNG ADULTS WITH H3K27M-MUTATED DIPG AND SPINAL CORD DMG	Neuro-oncology	2021			PMC8168142	https://pmc.ncbi.nlm.nih.gov/articles/PMC8168142/	fulltext/majzner_2021_pmidPMC8168142.xml	cardiopulmonary;clinical;cytokine_release_syndrome;dmg_dipg;gd2_agent;hematologic_malignancy;icv_intraventricular;locoregional_cns;meeting_abstract;neurotoxicity;on_target_off_tumor;organ_function;pediatric;steroids_immunomodulation;systemic_iv	fulltext_xml
gd2_cart_clinical	Mikkilineni L, Yates B, Steinberg SM, Shahani SA, Molina JC, Palmore T, Lee DW, Kaplan RN, Mackall CL, Fry TJ, Gea-Banacloche J, Jerussi T, Nussenblatt V, Kochenderfer JN, Shah NN.	Infectious complications of CAR T-cell therapy across novel antigen targets in the first 30 days	Blood advances	2021	34619768	10.1182/bloodadvances.2021004896	PMC9153053	https://pmc.ncbi.nlm.nih.gov/articles/PMC9153053/		clinical;cytokine_release_syndrome;gd2_agent;hematologic_coagulopathy;hematologic_malignancy;infection_immune;organ_function;pediatric;review;steroids_immunomodulation	metadata_only
gd2_cart_clinical	Mochizuki A, Ramakrishna S, Good Z, Patel S, Chinnasamy H, Yeom K, Schultz L, Richards R, Campen C, Reschke A, Mahdi J, Toland A, Baggot C, Mavroukakis S, Egeler E, Moon J, Landrum K, Erickson C, Rasmussen L, Barsan V, Tamaresis J, Marcy A, Kunicki M, Celones M, Ehlinger Z, Kurra S, Cornell T, Partap S, Fisher P, Grant G, Vogel H, Davis K, Feldman S, Sahaf B, Majzner R, Mackall C, Monje M.	OMIC-11. SINGLE CELL RNA SEQUENCING FROM THE CSF OF SUBJECTS WITH H3K27M+ DIPG/DMG TREATED WITH GD2 CAR T-CELLULAR THERAPY	Neuro-oncology	2021			PMC8168255	https://pmc.ncbi.nlm.nih.gov/articles/PMC8168255/	fulltext/mochizuki_2021_pmidPMC8168255.xml	clinical;dmg_dipg;gd2_agent;icv_intraventricular;infection_immune;meeting_abstract;neurotoxicity	fulltext_xml
gd2_cart_clinical	Terry RL, Meyran D, Fleuren EDG, Mayoh C, Zhu J, Omer N, Ziegler DS, Haber M, Darcy PK, Trapani JA, Neeson PJ, Ekert PG.	Chimeric Antigen Receptor T cell Therapy and the Immunosuppressive Tumor Microenvironment in Pediatric Sarcoma	Cancers	2021	34572932	10.3390/cancers13184704	PMC8465026	https://pmc.ncbi.nlm.nih.gov/articles/PMC8465026/	fulltext/terry_2021_pmid34572932.xml	clinical;gd2_agent;infection_immune;other_solid;pediatric;review	fulltext_xml
gd2_cart_clinical	Heczey A, Courtney AN, Montalbano A, Robinson S, Liu K, Li M, Ghatwai N, Dakhova O, Liu B, Raveh-Sadka T, Chauvin-Fleurence CN, Xu X, Ngai H, Di Pierro EJ, Savoldo B, Dotti G, Metelitsa LS.	Anti-GD2 CAR-NKT cells in patients with relapsed or refractory neuroblastoma: an interim analysis	Nature medicine	2020	33046868	10.1038/s41591-020-1074-2		https://doi.org/10.1038/s41591-020-1074-2		clinical;gd2_agent;hematologic_malignancy;neuroblastoma;pediatric;steroids_immunomodulation	metadata_only
gd2_cart_clinical	Huarte E, O'Connor RS, Peel MT, Nunez-Cruz S, Leferovich J, Juvekar A, Yang YO, Truong L, Huang T, Naim A, Milone MC, Smith PA.	Itacitinib (INCB039110), a JAK1 Inhibitor, Reduces Cytokines Associated with Cytokine Release Syndrome Induced by CAR T-cell Therapy	Clinical cancer research : an official journal of the American Association for Cancer Research	2020	32998963	10.1158/1078-0432.ccr-20-1739	PMC7895329	https://pmc.ncbi.nlm.nih.gov/articles/PMC7895329/		clinical;cytokine_release_syndrome;gd2_agent;hematologic_malignancy	metadata_only
gd2_cart_clinical	Straathof K, Flutter B, Wallace R, Jain N, Loka T, Depani S, Wright G, Thomas S, Cheung GW, Gileadi T, Stafford S, Kokalaki E, Barton J, Marriott C, Rampling D, Ogunbiyi O, Akarca AU, Marafioti T, Inglott S, Gilmour K, Al-Hajj M, Day W, McHugh K, Biassoni L, Sizer N, Barton C, Edwards D, Dragoni I, Silvester J, Dyer K, Traub S, Elson L, Brook S, Westwood N, Robson L, Bedi A, Howe K, Barry A, Duncan C, Barone G, Pule M, Anderson J.	Antitumor activity without on-target off-tumor toxicity of GD2-chimeric antigen receptor T cells in patients with neuroblastoma	Science translational medicine	2020	33239386	10.1126/scitranslmed.abd6169		https://doi.org/10.1126/scitranslmed.abd6169		clinical;cytokine_release_syndrome;gd2_agent;neuroblastoma;on_target_off_tumor;pediatric;steroids_immunomodulation	metadata_only
gd2_cart_clinical	Mount CW, Majzner RG, Sundaresh S, Arnold EP, Kadapakkam M, Haile S, Labanieh L, Hulleman E, Woo PJ, Rietberg SP, Vogel H, Monje M, Mackall CL.	Potent antitumor efficacy of anti-GD2 CAR T cells in H3-K27M+ diffuse midline gliomas	Nature medicine	2018	29662203	10.1038/s41591-018-0006-x	PMC6214371	https://pmc.ncbi.nlm.nih.gov/articles/PMC6214371/		clinical;dmg_dipg;gd2_agent;neurotoxicity;pediatric	metadata_only
gd2_cart_clinical	Fisher J, Abramowski P, Wisidagamage Don ND, Flutter B, Capsomidis A, Cheung GW, Gustafsson K, Anderson J.	Avoidance of On-Target Off-Tumor Activation Using a Co-stimulation-Only Chimeric Antigen Receptor	Molecular therapy : the journal of the American Society of Gene Therapy	2017	28341563	10.1016/j.ymthe.2017.03.002	PMC5417796	https://pmc.ncbi.nlm.nih.gov/articles/PMC5417796/		clinical;gd2_agent;neuroblastoma;on_target_off_tumor	metadata_only
gd2_cart_clinical	Heczey A, Louis CU, Savoldo B, Dakhova O, Durett A, Grilley B, Liu H, Wu MF, Mei Z, Gee A, Mehta B, Zhang H, Mahmood N, Tashiro H, Heslop HE, Dotti G, Rooney CM, Brenner MK.	CAR T Cells Administered in Combination with Lymphodepletion and PD-1 Inhibition to Patients with Neuroblastoma	Molecular therapy : the journal of the American Society of Gene Therapy	2017	28602436	10.1016/j.ymthe.2017.05.012	PMC5589058	https://pmc.ncbi.nlm.nih.gov/articles/PMC5589058/		clinical;gd2_agent;hematologic_malignancy;neuroblastoma;steroids_immunomodulation	metadata_only
gd2_cart_clinical	Gargett T, Brown MP.	"The inducible caspase-9 suicide gene system as a ""safety switch"" to limit on-target, off-tumor toxicities of chimeric antigen receptor T cells"	Frontiers in pharmacology	2014	25389405	10.3389/fphar.2014.00235	PMC4211380	https://pmc.ncbi.nlm.nih.gov/articles/PMC4211380/	fulltext/gargett_2014_pmid25389405.xml	clinical;gd2_agent;mitigation_engineering;on_target_off_tumor;other_solid;review	fulltext_xml
gd2_cart_preclinical	Barragán Bravo GA, de la Cerda DA, Landoni E, Dholakia K, Humeniuk P, Caraballo Galva LD, Wang Y, Tian G, Yang B, Guo L, Wood MS, Rios X, Xu X, Courtney AN, Di Pierro EJ, Jacob J, Li YH, Adaikkalavan A, Watanabe N, Mao S, Miles G, Dotti G, Metelitsa LS.	IL-18 metabolically reprograms CAR-expressing natural killer T cells and enhances their antitumor activity	Molecular therapy : the journal of the American Society of Gene Therapy	2026	41520178	10.1016/j.ymthe.2026.01.001	PMC12882818	https://pmc.ncbi.nlm.nih.gov/articles/PMC12882818/		gd2_agent;hematologic_malignancy;mitigation_engineering;neuroblastoma;preclinical	metadata_only
gd2_cart_preclinical	Liu L, He P, Wang Y, Ma F, Li D, Bai Z, Qu Y, Zhu L, Yoon CW, Yu X, Huang Y, Liang Z, Zhang Y, Liu K, Guo T, Zeng Y, Zhou Q, Chung HK, Fan R, Wang Y.	Engineering sonogenetic EchoBack-CAR T cells	Cell	2025	40179881	10.1016/j.cell.2025.02.035	PMC12085297	https://pmc.ncbi.nlm.nih.gov/articles/PMC12085297/		gd2_agent;on_target_off_tumor;other_solid;preclinical	metadata_only
gd2_cart_preclinical	Ni H, Reitman ZJ, Zou W, Akhtar MN, Paul R, Huang M, Zhang D, Zheng H, Zhang R, Ma R, Ngo G, Zhang L, Diffenderfer ES, Motlagh SAO, Kim MM, Minn AJ, Dorsey JF, Foster JB, Metz J, Koumenis C, Kirsch DG, Gong Y, Fan Y.	FLASH radiation reprograms lipid metabolism and macrophage immunity and sensitizes medulloblastoma to CAR-T cell therapy	Nature cancer	2025	39910249	10.1038/s43018-025-00905-6	PMC12244404	https://pmc.ncbi.nlm.nih.gov/articles/PMC12244404/		gd2_agent;infection_immune;other_solid;preclinical	metadata_only
gd2_cart_preclinical	Vogt KC, Silberman PC, Lin Q, Han JE, Laflin A, Gellineau HA, Heller DA, Scheinberg DA.	Microenvironment actuated CAR T cells improve solid tumor efficacy without toxicity	Science advances	2025	39841845	10.1126/sciadv.ads3403	PMC11753401	https://pmc.ncbi.nlm.nih.gov/articles/PMC11753401/	fulltext/vogt_2025_pmid39841845.xml	gd2_agent;neurotoxicity;other_solid;preclinical	fulltext_xml
gd2_cart_preclinical	Zhou RW, Purohit PK, Kim JH, Lee SU, Burshteyn N, Tifrea D, Cordon A, Grigorian A, Newton BL, Edwards RA, Demetriou M.	Safe immunosuppression-resistant pan-cancer immunotherapeutics by velcro-like density-dependent targeting of tumor-associated carbohydrate antigens	Cell	2025	41005308	10.1016/j.cell.2025.09.001	PMC12767472	https://pmc.ncbi.nlm.nih.gov/articles/PMC12767472/	fulltext/zhou_2025_pmid41005308.xml	gd2_agent;infection_immune;preclinical	fulltext_xml
gd2_cart_preclinical	Pezzella M, Quintarelli C, Quadraccia MC, Sarcinelli A, Manni S, Iaffaldano L, Ottaviani A, Ciccone R, Camera A, D'Amore ML, Di Cecca S, Sinibaldi M, Guercio M, Aurigemma M, De Falco P, Fustaino V, Rota R, Pomella S, Cassandri M, Di Giannatale A, Agrati C, Bordoni V, Guarracino F, Massa M, Del Baldo G, Becilli M, Milano GM, Del Bufalo F, Locatelli F, De Angelis B.	Tumor-derived G-CSF induces an immunosuppressive microenvironment in an osteosarcoma model, reducing response to CAR.GD2 T-cells	Journal of hematology & oncology	2024	39695851	10.1186/s13045-024-01641-7	PMC11656657	https://pmc.ncbi.nlm.nih.gov/articles/PMC11656657/	fulltext/pezzella_2024_pmid39695851.xml	gd2_agent;hematologic_malignancy;infection_immune;mitigation_engineering;other_solid;pediatric;preclinical	fulltext_xml
gd2_cart_preclinical		IMMU-22. Safely targeting GD2 in thalamic diffuse midline glioma with mRNA CAR T cells	Neuro-oncology	2022			PMC9165178	https://pmc.ncbi.nlm.nih.gov/articles/PMC9165178/	fulltext/anon_2022_pmidPMC9165178.xml	dmg_dipg;gd2_agent;locoregional_cns;meeting_abstract;neurotoxicity;preclinical	fulltext_xml
gd2_cart_preclinical	Reppel L, Tsahouridis O, Akulian J, Davis IJ, Lee H, Fucà G, Weiss J, Dotti G, Pecot CV, Savoldo B.	Targeting disialoganglioside GD2 with chimeric antigen receptor-redirected T cells in lung cancer	Journal for immunotherapy of cancer	2022	35022195	10.1136/jitc-2021-003897	PMC8756261	https://pmc.ncbi.nlm.nih.gov/articles/PMC8756261/	fulltext/reppel_2022_pmid35022195.xml	gd2_agent;mitigation_engineering;other_solid;preclinical	fulltext_xml
gd2_cart_preclinical	Zhang J, Siller-Farfán JA.	Current and future perspectives of chimeric antigen receptors against glioblastoma	Immunotherapy advances	2022	36284838	10.1093/immadv/ltac014	PMC9585667	https://pmc.ncbi.nlm.nih.gov/articles/PMC9585667/	fulltext/zhang_2022_pmid36284838.xml	gd2_agent;hematologic_malignancy;infection_immune;mitigation_engineering;on_target_off_tumor;other_solid;preclinical;review	fulltext_xml
gd2_cart_preclinical	Duan Y, Chen R, Huang Y, Meng X, Chen J, Liao C, Tang Y, Zhou C, Gao X, Sun J.	Tuning the ignition of CAR: optimizing the affinity of scFv to improve CAR-T therapy	Cellular and molecular life sciences : CMLS	2021	34966954	10.1007/s00018-021-04089-x	PMC11073403	https://pmc.ncbi.nlm.nih.gov/articles/PMC11073403/		gd2_agent;on_target_off_tumor;preclinical;review	metadata_only
gd2_cart_preclinical	Chen Y, Sun C, Landoni E, Metelitsa L, Dotti G, Savoldo B.	Eradication of Neuroblastoma by T Cells Redirected with an Optimized GD2-Specific Chimeric Antigen Receptor and Interleukin-15	Clinical cancer research : an official journal of the American Association for Cancer Research	2019	30617136	10.1158/1078-0432.ccr-18-1811		https://doi.org/10.1158/1078-0432.ccr-18-1811		gd2_agent;mitigation_engineering;neuroblastoma;other_solid;preclinical	metadata_only
gd2_cart_preclinical	Menard M, McHenry L, Nasholm N, Wong-Michalak S, Lu E, Simonds E, Gustafson W, Weiss W.	IMMU-06. INVESTIGATING IMMUNOSUPPRESSIVE MECHANISMS IN THE TUMOR MICROENVIRONMENT OF HIGH-RISK NEUROBLASTOMA; AN IMMUNOCOMPETENT, MYCN-DRIVEN, NON-GERMLINE GEM MODEL	Neuro-oncology	2019			PMC6477359	https://pmc.ncbi.nlm.nih.gov/articles/PMC6477359/		gd2_agent;infection_immune;meeting_abstract;neuroblastoma;preclinical	metadata_only
gd2_cart_preclinical	Richman SA, Nunez-Cruz S, Moghimi B, Li LZ, Gershenson ZT, Mourelatos Z, Barrett DM, Grupp SA, Milone MC.	High-Affinity GD2-Specific CAR T Cells Induce Fatal Encephalitis in a Preclinical Neuroblastoma Model	Cancer immunology research	2018	29180536	10.1158/2326-6066.cir-17-0211	PMC6004321	https://pmc.ncbi.nlm.nih.gov/articles/PMC6004321/		gd2_agent;mitigation_engineering;neuroblastoma;neurotoxicity;preclinical	metadata_only
cns_locoregional_delivery	Cevering CK, Abdel-Azim H, Khazal SJ, Casassa C.	Immune Effector Cell-Associated Neurotoxicity Syndrome: A Practical Overview for the General Neurologist	Neurology. Clinical practice	2026	41445934	10.1212/cpj.0000000000200575		https://doi.org/10.1212/cpj.0000000000200575		clinical;cytokine_release_syndrome;hematologic_malignancy;icv_intraventricular;neurotoxicity;review	metadata_only
cns_locoregional_delivery	Hou Z, Jin Y, Ruan M, Jiang Y, Fu Y, Yang J, Ge J, Long Z.	ICANS After CAR-T Therapy: Mechanisms and Management With a Focus on Corticosteroid-Refractory ICANS	Immunology	2026	42484496	10.1111/imm.70171		https://doi.org/10.1111/imm.70171		clinical;icv_intraventricular;mitigation_engineering;neurotoxicity;on_target_off_tumor;review;steroids_immunomodulation	metadata_only
cns_locoregional_delivery	Ronsley R, Choe M, Wright J, Seidel K, Lee A, Wendler J, Annesley C, Jensen MC, Park JR, Vitanza NA, Gust J.	Tumor inflammation-associated neurotoxicity in children with diffuse intrinsic pontine glioma receiving B7-H3-targeting CAR T cells on BrainChild-03	Neuro-oncology practice	2026	41798119	10.1093/nop/npaf080	PMC12965641	https://pmc.ncbi.nlm.nih.gov/articles/PMC12965641/		clinical;dmg_dipg;icv_intraventricular;locoregional_cns;neurotoxicity;pediatric	metadata_only
cns_locoregional_delivery	Ronsley R, Huang W, Rohlf E, Seidel K, Brown C, Beebe A, Rawlings-Rhea SD, Lindgren C, Sad T, Crotty EE, Leary SES, Thomsen A, Beckstrom AR, Holtzclaw SL, Hoeppner C, Hurst D, MacQuivey M, Goldstein HE, Browd SR, Hauptman JS, Lee A, Ojemann JG, Wright JN, Albert CM, Pinto N, Gustafson JA, Ho O, Pattabhi S, Summers C, Annesley C, Wendler JN, Gust J, Gardner RA, Park JR, Jensen MC, Vitanza NA.	Intracerebroventricular B7-H3-targeting CAR T cells for non-pontine DMG and recurrent/refractory pediatric CNS tumors: a phase 1 trial	Neuro-oncology	2026	42503899	10.1093/neuonc/noag171		https://doi.org/10.1093/neuonc/noag171		clinical;dmg_dipg;icv_intraventricular;mitigation_engineering;other_solid;pediatric	metadata_only
cns_locoregional_delivery	Yin Q, Mei X, Ma Y, Zheng M.	Central nervous system infections caused by carbapenem-resistant klebsiella pneumoniae after CAR T-cell therapy in a patient with preexisting colonization: a case report and literature review	European journal of clinical microbiology & infectious diseases : official publication of the European Society of Clinical Microbiology	2026	41511674	10.1007/s10096-025-05377-1		https://doi.org/10.1007/s10096-025-05377-1		clinical;cytokine_release_syndrome;grading_management;hematologic_malignancy;icv_intraventricular;infection_immune;neurotoxicity;review;steroids_immunomodulation;systemic_iv	metadata_only
cns_locoregional_delivery	Zhang Y, Chi X, Feng R, Xian N, Huang N, Sun S, Zhao X, Zhang P, Liu K, Ma Y, Zhang Y, Zhang K, Wang S, Chen X, Zhang J, Huang W, Huang B, Su TT, Yeung J, He J, Chen L, Ji N, Huang G.	Intracranial delivery of B7-H3-targeting CAR-T cells for recurrent glioblastoma: a phase 1 trial	Nature medicine	2026	42562965	10.1038/s41591-026-04557-6		https://doi.org/10.1038/s41591-026-04557-6		clinical;cytokine_release_syndrome;drug_interaction_pk;locoregional_cns;neurotoxicity;other_solid	metadata_only
cns_locoregional_delivery	Bagley SJ, Desai AS, Fraietta JA, Silverbush D, Chafamo D, Freeburg NF, Gopikrishna GK, Rech AJ, Nabavizadeh A, Bagley LJ, Park J, Jarocha D, Martins R, Sarmiento N, Maloney E, Lledo L, Stein C, Marshall A, Leskowitz RM, Jadlowsky JK, Mackey S, Christensen S, Oner BS, Plesa G, Brennan A, Gonzalez V, Chen F, Barrett D, Colbourn R, Nasrallah MP, Mourelatos Z, Hwang WT, Alanio C, Siegel DL, June CH, Hexner EO, Binder ZA, O'Rourke DM.	Intracerebroventricular bivalent CAR T cells targeting EGFR and IL-13Rα2 in recurrent glioblastoma: a phase 1 trial	Nature medicine	2025	40451950	10.1038/s41591-025-03745-0	PMC12715680	https://pmc.ncbi.nlm.nih.gov/articles/PMC12715680/		clinical;icv_intraventricular;mitigation_engineering;neurotoxicity;other_solid	metadata_only
cns_locoregional_delivery	D Souza A, Patel C, Vijayaraghavan KN, Wang QA, Correa A.	A Unique Presentation of Immune Effector Cell-Associated Neurotoxicity Syndrome (ICANS) Presenting as Foot Drop in B-cell Acute Lymphoblastic Leukemia: A Case Report	Cureus	2025	40831812	10.7759/cureus.88214	PMC12359276	https://pmc.ncbi.nlm.nih.gov/articles/PMC12359276/	fulltext/d_2025_pmid40831812.xml	clinical;hematologic_malignancy;icv_intraventricular;neurotoxicity;on_target_off_tumor;steroids_immunomodulation	fulltext_xml
cns_locoregional_delivery	Gust J, Cole BL, Ronsley R, Wilson AL, Seidel K, Wendler J, Pattabhi S, Brown C, Rawlings-Rhea SD, Shtanukhina N, Browd SR, Hauptman JS, Lee A, Ojemann JG, Crotty EE, Leary SES, Perez FA, Wright JN, Albert CM, Pinto N, Gardner RA, Vitanza NA, Jensen MC, Park JR.	Locoregional infusion of EGFR806-CAR T cells for recurrent or refractory pediatric CNS tumors: Results of the completed BrainChild02 phase 1 clinical trial	Neuro-oncology	2025	40070357	10.1093/neuonc/noaf064	PMC12448881	https://pmc.ncbi.nlm.nih.gov/articles/PMC12448881/		clinical;dmg_dipg;grading_management;hematologic_malignancy;locoregional_cns;neurotoxicity;pediatric;steroids_immunomodulation	metadata_only
cns_locoregional_delivery	Hadjigeorgiou AG, Munn LL, Stylianopoulos T, Jain RK.	Physiologically-based pharmacokinetic model for CAR-T cells delivery and efficacy in solid tumors	bioRxiv	2025		10.1101/2025.08.20.671229		https://doi.org/10.1101/2025.08.20.671229		clinical;dmg_dipg;drug_interaction_pk;infection_immune;locoregional_cns;neuroblastoma;other_solid	metadata_only
cns_locoregional_delivery	Mahdi J, Gust JA, Vitanza NA, Scott B, Monje M, Ronsley R.	Neurotoxicity in central nervous system tumors treated with CAR T cell therapy: a review	Journal of neuro-oncology	2025	41171480	10.1007/s11060-025-05251-2		https://doi.org/10.1007/s11060-025-05251-2		clinical;grading_management;locoregional_cns;neurotoxicity;review;steroids_immunomodulation	metadata_only
cns_locoregional_delivery	Meng J, Lyu H, Wang Z, Bai X, Zhu H, Pu Y, He X, Xiao X, Zhao M.	Early intrathecal dexamethasone and methotrexate as an effective approach for immune effector cell-associated neurotoxicity syndrome after CAR-T cell therapies	Frontiers in immunology	2025	41479887	10.3389/fimmu.2025.1716317	PMC12753480	https://pmc.ncbi.nlm.nih.gov/articles/PMC12753480/	fulltext/meng_2025_pmid41479887.xml	clinical;cytokine_release_syndrome;hematologic_malignancy;icv_intraventricular;neurotoxicity;steroids_immunomodulation	fulltext_xml
cns_locoregional_delivery	Vitanza NA, Ronsley R, Choe M, Seidel K, Huang W, Rawlings-Rhea SD, Beam M, Steinmetzer L, Wilson AL, Brown C, Beebe A, Lindgren C, Gustafson JA, Wein A, Holtzclaw S, Hoeppner C, Goldstein HE, Browd SR, Hauptman JS, Lee A, Ojemann JG, Crotty EE, Leary SES, Perez FA, Wright JN, Alonso MM, Dun MD, Foster JB, Hurst D, Kong A, Thomsen A, Orentas RJ, Albert CM, Pinto N, Annesley C, Gardner RA, Ho O, Pattabhi S, Gust J, Wendler JP, Park JR, Jensen MC.	Intracerebroventricular B7-H3-targeting CAR T cells for diffuse intrinsic pontine glioma: a phase 1 trial	Nature medicine	2025	39775044	10.1038/s41591-024-03451-3	PMC11922736	https://pmc.ncbi.nlm.nih.gov/articles/PMC11922736/	fulltext/vitanza_2025_pmid39775044.xml	clinical;dmg_dipg;hematologic_coagulopathy;hematologic_malignancy;icv_intraventricular;locoregional_cns;organ_function;pediatric;steroids_immunomodulation	fulltext_xml
cns_locoregional_delivery	Bagley SJ, Logun M, Fraietta JA, Wang X, Desai AS, Bagley LJ, Nabavizadeh A, Jarocha D, Martins R, Maloney E, Lledo L, Stein C, Marshall A, Leskowitz R, Jadlowsky JK, Christensen S, Oner BS, Plesa G, Brennan A, Gonzalez V, Chen F, Sun Y, Gladney W, Barrett D, Nasrallah MP, Hwang WT, Ming GL, Song H, Siegel DL, June CH, Hexner EO, Binder ZA, O'Rourke DM.	Intrathecal bivalent CAR T cells targeting EGFR and IL13Rα2 in recurrent glioblastoma: phase 1 trial interim results	Nature medicine	2024	38480922	10.1038/s41591-024-02893-z	PMC13123313	https://pmc.ncbi.nlm.nih.gov/articles/PMC13123313/		clinical;cytokine_release_syndrome;hematologic_malignancy;icv_intraventricular;neurotoxicity;other_solid;steroids_immunomodulation	metadata_only
cns_locoregional_delivery	Ju A, Choi S, Jeon Y, Kim K.	Lymphodepletion in Chimeric Antigen Receptor T-Cell Therapy for Solid Tumors: A Focus on Brain Tumors	Brain tumor research and treatment	2024	39542517	10.14791/btrt.2024.0037	PMC11570086	https://pmc.ncbi.nlm.nih.gov/articles/PMC11570086/	fulltext/ju_2024_pmid39542517.xml	clinical;locoregional_cns;other_solid;review;steroids_immunomodulation	fulltext_xml
cns_locoregional_delivery	Vitanza N, Ronsley R, Choe M, Huang W, Seidel K, Rawlings-Rhea S, Beam M, Steinmetzer L, Wilson A, Brown C, Beebe A, Lindgren C, Gustafson J, Wein A, Holtzclaw S, Hoeppner C, Goldstein H, Browd S, Hauptman J, Lee A, Ojemann J, Crotty E, Leary S, Perez F, Wright J, Alonso M, Dun M, Foster J, Hurst D, Kong A, Thomsen A, Orentas R, Albert C, Pinto N, Annesley C, Gardner R, Ho O, Pattabhi S, Wendler J, Gust J, Park J, Jensen M.	Intracerebroventricular B7-H3 CAR T cells for children and young adults with diffuse intrinsic pontine glioma	Research Square	2024		10.21203/rs.3.rs-5248718/v1		https://doi.org/10.21203/rs.3.rs-5248718/v1		clinical;dmg_dipg;hematologic_coagulopathy;icv_intraventricular;locoregional_cns;mitigation_engineering;organ_function;pediatric	metadata_only
cns_locoregional_delivery		TRLS-05. PRELIMINARY RESULTS FROM A PHASE I TRIAL TO EVALUATE INTRAVENTRICULAR DELIVERY OF IL13RΑ2-TARGETING CAR T CELLS AFTER LYMPHODEPLETION IN PEDIATRIC BRAIN TUMORS PATIENTS	Neuro-oncology	2023			PMC10260042	https://pmc.ncbi.nlm.nih.gov/articles/PMC10260042/	fulltext/anon_2023_pmidPMC10260042.xml	clinical;hepatic;icv_intraventricular;infection_immune;locoregional_cns;meeting_abstract;organ_function;pediatric;steroids_immunomodulation	fulltext_xml
cns_locoregional_delivery		TRLS-12. INTRAVENTRICULAR B7-H3 CAR T CELLS FOR DIFFUSE INTRINSIC PONTINE GLIOMA: INTERIM ANALYSIS OF BRAINCHILD-03 ARM C	Neuro-oncology	2023			PMC10260157	https://pmc.ncbi.nlm.nih.gov/articles/PMC10260157/	fulltext/anon_2023_pmidPMC10260157.xml	clinical;cytokine_release_syndrome;dmg_dipg;hematologic_coagulopathy;hematologic_malignancy;icv_intraventricular;meeting_abstract;neurotoxicity;organ_function;pediatric;steroids_immunomodulation	fulltext_xml
cns_locoregional_delivery	Wang L, Oill AT, Blanchard M, Wu M, Hibbard J, Sepulveda S, Peter L, Kilpatrick J, Munoz M, Stiller T, Shulkin N, Wagner J, Dolatabadi A, Nisis M, Shepphird J, Sanchez G, Lingaraju C, Manchanda M, Natri H, Kouakanou L, Sun G, Oliver-Cervantes C, Georges J, Aftabizadeh M, Forman S, Priceman S, Ressler J, Arvanitis L, Cotter J, D'Apuzzo M, Tamrazi B, Badie B, Davidson T, Banovich N, Brown C.	Expansion of endogenous T cells in CSF of pediatric CNS tumor patients undergoing locoregional delivery of IL13R⍺2-targeting CAR T cells: an interim analysis	Research Square	2023		10.21203/rs.3.rs-3454977/v1		https://doi.org/10.21203/rs.3.rs-3454977/v1		clinical;hematologic_coagulopathy;hepatic;icv_intraventricular;infection_immune;locoregional_cns;organ_function;pediatric;steroids_immunomodulation	metadata_only
cns_locoregional_delivery	Donovan L, Bielamowicz K, Joseph S, Delaidelli A, Sorenson P, Ahmed N, Taylor M.	IMMU-05. COMBINATIONAL CAR T-CELL AND EPIGENETIC MODIFIER THERAPY TO TARGET POSTERIOR FOSSA TUMORS	Neuro-oncology	2019			PMC6477423	https://pmc.ncbi.nlm.nih.gov/articles/PMC6477423/		clinical;icv_intraventricular;meeting_abstract;neurotoxicity;other_solid;pediatric	metadata_only
cns_locoregional_delivery	Shalabi H, Wolters PL, Martin S, Toledo-Tamula MA, Roderick MC, Struemph K, Kane E, Yates B, Delbrook C, Mackall CL, Lee DW, Fry TJ, Shah NN.	Systematic Evaluation of Neurotoxicity in Children and Young Adults Undergoing CD22 Chimeric Antigen Receptor T-Cell Therapy	Journal of immunotherapy (Hagerstown, Md. : 1997)	2018	30048343	10.1097/cji.0000000000000241	PMC6086728	https://pmc.ncbi.nlm.nih.gov/articles/PMC6086728/		clinical;cytokine_release_syndrome;icv_intraventricular;neurotoxicity;pediatric	metadata_only
neurotoxicity	Ahmad R, Wild M, Friesen T, Hall M, Kouba S, Maliske S.	Encephalopathy Post CAR-T Cell Therapy in Relapsed/Refractory Multiple Myeloma: Beyond ICANS	Journal of investigative medicine high impact case reports	2026	42575512	10.1177/23247096261478903		https://doi.org/10.1177/23247096261478903		clinical;cytokine_release_syndrome;hematologic_malignancy;infection_immune;neurotoxicity;steroids_immunomodulation;systemic_iv	metadata_only
neurotoxicity	Almashayekh A, Sulaiman S, Alaarag A, Omaish R, Mekuria Z, Balts N, Henson JC, Vellanki S, Trikannad A, Spears G, Mohan-Lal B, Pandey T, Odueke A, Schinke C, Gentille-Sanchez C, Jain N, Alshawayat A.	Hypophosphatemia as a Marker for Immune Effector Cell-Associated Neurotoxicity Syndrome in Chimeric Antigen Receptor T Cell Recipients	Hematology/oncology and stem cell therapy	2026	42169662	10.4103/hemoncstem.hemoncstem-d-25-00048		https://doi.org/10.4103/hemoncstem.hemoncstem-d-25-00048		clinical;hematologic_malignancy;neurotoxicity;organ_function;renal_electrolyte	metadata_only
neurotoxicity	Alqaisi O, Dibas M, Tai P, Dibas A, Souied O, Al-Ghabeesh S.	CAR T-Cell Therapy in Neurology: A Scoping Review of Neuro-Oncology, Autoimmune Diseases & Neurotoxicity	Annals of clinical and translational neurology	2026	42046195	10.1002/acn3.70415		https://doi.org/10.1002/acn3.70415		clinical;neurotoxicity;other_solid;review	metadata_only
neurotoxicity	Angleitner AC, Maulhardt M, Wulf G, Büntzel J.	Viable CAR T-cells remain detectable in cerebrospinal fluid in patients with grade ≥3 ICANS despite corticosteroid therapy	Frontiers in oncology	2026	42370159	10.3389/fonc.2026.1842487	PMC13293836	https://pmc.ncbi.nlm.nih.gov/articles/PMC13293836/	fulltext/angleitner_2026_pmid42370159.xml	clinical;hematologic_malignancy;icv_intraventricular;neurotoxicity;steroids_immunomodulation	fulltext_xml
neurotoxicity	Arai H, Sasada S, Kazahari H, Homma Y, Kaburaki K.	Life-Threatening Prolonged ICANS Following Tarlatamab Treatment in Extensive-Stage Small Cell Lung Cancer With Brain Metastases: A Case Report	Respirology case reports	2026	42146875	10.1002/rcr2.70617	PMC13176101	https://pmc.ncbi.nlm.nih.gov/articles/PMC13176101/	fulltext/arai_2026_pmid42146875.xml	cardiopulmonary;clinical;neurotoxicity;organ_function;other_solid	fulltext_xml
neurotoxicity	Asioli GM, Pondrelli F, Spinardi L, Faccioli L, Vornetti G, Maffei M, Zinzani PL, Casadei B, Maffini E, Bonifazi F, Guarino M.	Prospective observational study of magnetic resonance imaging in anti-CD19 CAR T-cell-associated neurotoxicity	Journal of neurology	2026	41615499	10.1007/s00415-026-13638-y		https://doi.org/10.1007/s00415-026-13638-y		clinical;hematologic_malignancy;neurotoxicity;pediatric	metadata_only
neurotoxicity	Aziz F, Chakraborty A, Saha D, Dutta P.	Immune effector cell-associated neurotoxicity syndrome: integrative mechanisms, predictive biomarkers, and translational pathways for prevention in CAR T-cell therapy	Frontiers in neurology	2026	41859418	10.3389/fneur.2026.1739021	PMC12997186	https://pmc.ncbi.nlm.nih.gov/articles/PMC12997186/	fulltext/aziz_2026_pmid41859418.xml	clinical;neurotoxicity;review	fulltext_xml
neurotoxicity	Diorio C, Myers RM, Li Y, Liu H, Belfer S, DiNofia A, Leahy AB, Newman H, Dolan J, Martinez Z, Elhachimi A, Lindell RB, Mullen C, Li A, Kim J, Teachey DT, Maude SL, Grupp SA, McGuire JL.	Preinfusion risk factors for the development of severe neurotoxicity following CART therapy in pediatric patients	HemaSphere	2026	41959729	10.1002/hem3.70337	PMC13058923	https://pmc.ncbi.nlm.nih.gov/articles/PMC13058923/	fulltext/diorio_2026_pmid41959729.xml	clinical;grading_management;hematologic_malignancy;neurotoxicity;pediatric	fulltext_xml
neurotoxicity	Eldaya RW, Parsons MS.	Post-Treatment Causes of Encephalopathy	Neuroimaging clinics of North America	2026	42399024	10.1016/j.nic.2026.02.003		https://doi.org/10.1016/j.nic.2026.02.003		clinical;cytokine_release_syndrome;neurotoxicity;review	metadata_only
neurotoxicity	Favero A, Mohamed S, Battista ML, Cenacchi V, Sartori A, Mazzon G, Bratina A, Tomaselli M, Patriarca F, Zaja F, Manganotti P, Benussi A.	Immune Effector Cell-Associated Neurotoxicity Delayed Relapse After Chimeric Antigen Receptor T-Cell Therapy: A Case Report	Neurology(R) neuroimmunology & neuroinflammation	2026	41248447	10.1212/nxi.0000000000200515	PMC12624420	https://pmc.ncbi.nlm.nih.gov/articles/PMC12624420/	fulltext/favero_2026_pmid41248447.xml	cardiopulmonary;clinical;cytokine_release_syndrome;hematologic_malignancy;neurotoxicity;organ_function;steroids_immunomodulation	fulltext_xml
neurotoxicity	Ferri GM, Frank A, Li D, Anand P, Abdallah M, Avalone V, Mark Sloan J, Sanchorawala V, Lerner A, Szalat RE, Petrocca F, Edwards CV, Bell BN.	When ICAN(S) Becomes ICAN'T: Clinician and Staff Perspectives on In-Hospital Neurotoxicity Grading	Clinical lymphoma, myeloma & leukemia	2026	41015712	10.1016/j.clml.2025.08.021		https://doi.org/10.1016/j.clml.2025.08.021		clinical;grading_management;hematologic_malignancy;neurotoxicity;other_solid	metadata_only
neurotoxicity	Freund BE, Safa A, Colella FE, Chiriboga G, Betiku T, Shar A, Drees C, Britton J, Feyissa AM, Tatum WO.	Is EEG useful in predicting neurotoxicity and outcomes related to chimeric antigen receptor (CAR) T-cell therapy?	Clinical neurophysiology : official journal of the International Federation of Clinical Neurophysiology	2026	41494410	10.1016/j.clinph.2025.2111484		https://doi.org/10.1016/j.clinph.2025.2111484		clinical;neurotoxicity	metadata_only
neurotoxicity	Fridberg G, Amit O, Sherf Y, Perry C, Herishanu Y, Joffe E, Shragai T, Vitkon R, Preis M, Perk S, Sarid N, Barouch SB, Gold R, Glait-Santar C, Avivi I, Ram R.	ICANS mitigation in high-risk elderly patients treated with CD28 co-stimulatory anti-CD19 CAR-T cells using a standardization protocol: a pilot study	Haematologica	2026	41676895	10.3324/haematol.2025.288954		https://doi.org/10.3324/haematol.2025.288954		clinical;cytokine_release_syndrome;hematologic_malignancy;infection_immune;neurotoxicity;steroids_immunomodulation	metadata_only
neurotoxicity	Friedman AR, Gil-Perotin S, Flanagan Wesley S.	CAR T cell therapy: Autoimmune neurological uses and neurotoxicities	Best practice & research. Clinical rheumatology	2026	41934064	10.1016/j.berh.2026.102145		https://doi.org/10.1016/j.berh.2026.102145		clinical;neurotoxicity;review	metadata_only
neurotoxicity	Frisch A, Marino L, Alsaadi D, Kasarabada A, Hua G, Ajebo G, Medlin S, Gul Z.	Cyclophosphamide for the Treatment of Refractory Immune Effector Cell-Associated Neurotoxicity Syndrome Following CD19-Targeted CAR T-Cell Therapy	Journal of medical cases	2026	41487336	10.14740/jmc5211	PMC12758060	https://pmc.ncbi.nlm.nih.gov/articles/PMC12758060/	fulltext/frisch_2026_pmid41487336.xml	clinical;cytokine_release_syndrome;hematologic_malignancy;icv_intraventricular;neurotoxicity;steroids_immunomodulation	fulltext_xml
neurotoxicity	Galli E, Modoni A, Battistini L, Rossi M, Guerrera G, Pansini I, Corrente A, Hohaus S, Chiusolo P, Sorà F, Calabresi P, Sica S.	Neuronal injury biomarkers GFAP and neurofilament light chains (NfL) are associated with neurotoxicity and endothelial dysfunction in adult patients treated with antiCD19 CART cells	Clinical and experimental medicine	2026	41553539	10.1007/s10238-026-02051-4	PMC12847193	https://pmc.ncbi.nlm.nih.gov/articles/PMC12847193/	fulltext/galli_2026_pmid41553539.xml	clinical;cytokine_release_syndrome;hematologic_coagulopathy;neurotoxicity;organ_function;steroids_immunomodulation	fulltext_xml
neurotoxicity	Griesinger AM, Widener M, Donson AM, Mettetal A, Hankinson TC, Handler M, Mulcahy Levy JM, Lindsay HB, Macy ME, Foreman NK, Dorris K.	Molecular biology and phase 1 study of GM-CSF and intrathecal trastuzumab in children with recurrent -posterior fossa ependymoma	Neuro-oncology	2026	41920921	10.1093/neuonc/noag066		https://doi.org/10.1093/neuonc/noag066		clinical;gd2_agent;hematologic_malignancy;icv_intraventricular;neuroblastoma;neurotoxicity;pediatric	metadata_only
neurotoxicity	Guo X, Wei Y, Fang Y, Lin R.	Blinatumomab-induced catastrophic immune effector cell-associated neurotoxicity with diffuse cerebral edema in a patient with ALL: Case report	International journal of clinical pharmacology and therapeutics	2026	42638547	10.5414/cp205012		https://doi.org/10.5414/cp205012		cardiopulmonary;clinical;hematologic_coagulopathy;hematologic_malignancy;neurotoxicity;organ_function;pediatric;steroids_immunomodulation	metadata_only
neurotoxicity	Hansen DK, Castaneda Puglianini OA, Grajales-Cruz A, Nagar SP, Ghosh S, Alegria V, De Braganca KC, Lengil T, Sharma M, Pai H, Perciavalle M, Maitland J, Emond B, Bixby T, Qureshi ZP, Janakiram M.	Real-World Incidence and Management of Non-Immune Effector Cell-Associated Neurotoxicity Syndrome Neurologic Events Following Ciltacabtagene Autoleucel in Multiple Myeloma	Clinical epidemiology	2026	42227005	10.2147/clep.s615866	PMC13222586	https://pmc.ncbi.nlm.nih.gov/articles/PMC13222586/	fulltext/hansen_2026_pmid42227005.xml	clinical;hematologic_malignancy;neurotoxicity	fulltext_xml
neurotoxicity	Hayashino K, Fujii N, Kitamura W, Kamoi C, Kondo T, Ikegawa S, Seike K, Fujiwara H, Asada N, Ennishi D, Fujii K, Maeda Y.	The Association Between Hyponatremia and Immune Effector Cell-Associated Neurotoxicity Syndrome After Chimeric Antigen Receptor T Cell Therapy	Transplantation and cellular therapy	2026	42364733	10.1016/j.jtct.2026.06.045		https://doi.org/10.1016/j.jtct.2026.06.045		clinical;neurotoxicity;organ_function;renal_electrolyte	metadata_only
neurotoxicity	Hino K, Edahiro T, Muta T, Ureshino H, Nakatani S, Nunomura T, Okatani T, Yoshida N, Chishaki R, Yoshida T, Shindo T, Ichinohe T.	Tumor Inflammation-associated Neurotoxicity Following CD19-targeted Chimeric Antigen Receptor T-cell Therapy in a Patient with High-grade B-cell Lymphoma	Internal medicine (Tokyo, Japan)	2026	41033998	10.2169/internalmedicine.6077-25	PMC13222697	https://pmc.ncbi.nlm.nih.gov/articles/PMC13222697/	fulltext/hino_2026_pmid41033998.xml	clinical;hematologic_malignancy;neurotoxicity	fulltext_xml
neurotoxicity	Kato K, Takigawa K, Miyawaki K, Taniguchi S, Shimo M, Mori K, Terasaki T, Sakoda T, Jinnouchi F, Yamauchi T, Shima T, Kikushige Y, Mori Y, Akashi K.	Direct Flow Cytometric Assessment of Cerebrospinal Fluid CAR-T Cells for ICANS Diagnosis	Research Square	2026		10.21203/rs.3.rs-9396828/v1		https://doi.org/10.21203/rs.3.rs-9396828/v1		clinical;cytokine_release_syndrome;hematologic_coagulopathy;neurotoxicity;organ_function	metadata_only
neurotoxicity	Kazzi C, Griffith SP, Ko KY, Pearce DJ, Wronski M, Seery N, Wesselingh R, Tan TH, Simpson T, Abbott C, Li J, Cole E, Westworth M, Inam S, Rushen T, Parsons S, Melitsis L, Wong SM, Butzkueven H, Van Der Walt A, Nandurkar H, Tam CS, Fleming S, O'Brien TJ, Alpitsis R, Spencer A, Malpas CB, Monif M.	Repeatable Battery for the Assessment of Neuropsychological Status: Preliminary Utility for Subacute Cognitive Monitoring after Immune Effector Cell-Associated Neurotoxicity Syndrome after Chimeric Antigen Receptor T-Cell Therapy	Transplantation and cellular therapy	2026	41314392	10.1016/j.jtct.2025.11.031		https://doi.org/10.1016/j.jtct.2025.11.031		clinical;neurotoxicity	metadata_only
neurotoxicity	Khatib H, Parizat A, Halloun J, Shouval R, Shibli N, Alalouf O, Zuckerman T, Halamish I, Sapir D, Yehudai-Ofir D, Ringelstein-Harlev S, Horowitz NA, Lavi N, Horesh N, Fineman R, Tzoran I, Levi T, Dann EJ, Mruwat A, Brenner B, Hoffman R, Rozenberg A, Shechtman Y, Beyar-Katz O.	Platelet and Fibrinogen Dynamics After CAR-T Cell Therapy in Relapsed/Refractory B-Cell Lymphoma May Predict ICANS Onset	European journal of haematology	2026	41681048	10.1111/ejh.70139		https://doi.org/10.1111/ejh.70139		clinical;cytokine_release_syndrome;hematologic_coagulopathy;hematologic_malignancy;neurotoxicity;organ_function;steroids_immunomodulation	metadata_only
neurotoxicity	Khoudari H, Shoaib A, Nashatizadeh M, Ahmed N, Lutfi F, Mushtaq M, Shune L, Singh A, Abhyankar S, McGuirk J, Abdelhakim H.	Delayed fatal neurotoxicity in post CAR-T cell therapy for multiple myeloma, a case report	Leukemia research reports	2026	41853755	10.1016/j.lrr.2026.100577	PMC12991952	https://pmc.ncbi.nlm.nih.gov/articles/PMC12991952/	fulltext/khoudari_2026_pmid41853755.xml	clinical;hematologic_malignancy;infection_immune;neurotoxicity	fulltext_xml
neurotoxicity	Lapucci C, Gambella M, Cipriano E, Raiola AM, Varaldo R, Ghiso A, Centanaro M, Capello E, Schenone A, Castellan L, Barletta L, Angelucci E, Inglese M.	Brain Microstructural Damage as Potential Biomarker of Immune Cell-Associated Neurotoxicity Syndrome	Journal of neuroimaging : official journal of the American Society of Neuroimaging	2026	41546434	10.1111/jon.70115	PMC12811698	https://pmc.ncbi.nlm.nih.gov/articles/PMC12811698/	fulltext/lapucci_2026_pmid41546434.xml	clinical;cytokine_release_syndrome;neurotoxicity	fulltext_xml
neurotoxicity	Lasocki A, Harrison SJ, Dickinson M, Kalincik T.	The role of neuroimaging in neurotoxicity after chimeric antigen receptor T-cell therapy	Therapeutic advances in neurological disorders	2026	41537162	10.1177/17562864251404464	PMC12796132	https://pmc.ncbi.nlm.nih.gov/articles/PMC12796132/	fulltext/lasocki_2026_pmid41537162.xml	clinical;neurotoxicity;review	fulltext_xml
neurotoxicity	Ma Y, Chang L, Mi R, Wang L, Chen L, Wei X.	Case Report: Safety analysis of blinatumomab consolidation therapy in two cases of acute B-cell lymphoblastic leukemia in complete remission complicated with immune effector cell-associated neurotoxicity syndrome	Frontiers in oncology	2026	41809830	10.3389/fonc.2026.1743310	PMC12967920	https://pmc.ncbi.nlm.nih.gov/articles/PMC12967920/	fulltext/ma_2026_pmid41809830.xml	cardiopulmonary;clinical;cytokine_release_syndrome;drug_interaction_pk;hematologic_malignancy;neurotoxicity;organ_function;steroids_immunomodulation	fulltext_xml
neurotoxicity	Miller DM.	Nursing Considerations for CAR T-Cell Therapy: Management of Cytokine Release Syndrome and Immune Effector Cell-Associated Neurotoxicity Syndrome	Clinical journal of oncology nursing	2026	42462106	10.1188/26.cjon.s2.e67-e72		https://doi.org/10.1188/26.cjon.s2.e67-e72		clinical;cytokine_release_syndrome;neurotoxicity	metadata_only
neurotoxicity	Nicholas MA, Abu-Haimed A, Abushullaih F, Davidson EN, Fenton GA, Kehm JW, Kocoglu H, Yared JA, Fromowitz A, Hardy NM, Rapoport AP, Atanackovic D, Pham L, Badros A, Ahmad H.	Beyond the typical immune effector cell-associated neurotoxicity syndrome: Characterizing non-immune effector cell-associated neurotoxicity syndrome neurological complications in chimeric antigen receptor T-cell therapy-A retrospective analysis	Neuro-oncology advances	2026	42621663	10.1093/noajnl/vdag204		https://doi.org/10.1093/noajnl/vdag204		clinical;hematologic_malignancy;neurotoxicity	metadata_only
neurotoxicity	Nishihara H, Jinnouchi F, Ishihara D, Imanaga H, Sasaki K, Sakoda T, Yamauchi T, Miyawaki K, Shima T, Shimo M, Henzan T, Kunisaki Y, Kikushige Y, Mori Y, Akashi K, Kato K.	Early prediction of ICANS using CRS characteristics in B-cell lymphoma patients receiving CAR-T therapy	International journal of hematology	2026	42489952	10.1007/s12185-026-04257-4		https://doi.org/10.1007/s12185-026-04257-4		clinical;cytokine_release_syndrome;grading_management;hematologic_malignancy;neurotoxicity	metadata_only
neurotoxicity	Nishiyama R, Makita S.	[Management of ICANS in Patient Treated with Anti-CD19 CAR T-Cell Therapy]	Gan to kagaku ryoho. Cancer & chemotherapy	2026	42551936			https://pubmed.ncbi.nlm.nih.gov/42551936/		clinical;cytokine_release_syndrome;hematologic_malignancy;neurotoxicity;review;steroids_immunomodulation	metadata_only
neurotoxicity	Pagliuca S, Jacquet C, Rubio MT, Sorrentino P.	The neurotoxic legacy of CAR-T cells: where do we stand?	Therapeutic advances in neurological disorders	2026	42152959	10.1177/17562864261440261	PMC13180172	https://pmc.ncbi.nlm.nih.gov/articles/PMC13180172/	fulltext/pagliuca_2026_pmid42152959.xml	clinical;cytokine_release_syndrome;neurotoxicity;on_target_off_tumor;other_solid;review	fulltext_xml
neurotoxicity	Parizat A, Alalouf O, Sapir D, Shibli N, Perets R, Aran D, Katz OB, Shechtman Y.	Early Detection of CAR-T-Associated Neurotoxicity via Cytokine Monitoring in Serum	medRxiv	2026		10.64898/2026.03.03.26347491		https://doi.org/10.64898/2026.03.03.26347491		clinical;cytokine_release_syndrome;neurotoxicity	metadata_only
neurotoxicity	Riedel A, Stanger AMP, Kimmich LM, Hug S, Fehn AE, Schroeder JC, Besemer B, Casadei N, Demidov G, Thapa PJ, Faul C, Hensen L, Lengerke C, Bethge W.	Extensive non-clonal CAR T-cell expansion causing fatal hyperinflammatory syndrome with immune effector cell-associated hemophagocytic lymphohistiocytosis, cytokine release syndrome, and neurotoxicity syndrome	Haematologica	2026	40874337	10.3324/haematol.2025.288162	PMC12775782	https://pmc.ncbi.nlm.nih.gov/articles/PMC12775782/	fulltext/riedel_2026_pmid40874337.xml	clinical;cytokine_release_syndrome;hlh_mas;neurotoxicity;organ_function	fulltext_xml
neurotoxicity	Rodríguez-Otero P, Gállego Pérez-Larraya J, Lin Y, Dietrich J, van de Donk NWCJ, Mason XL, Dhakal B, Jakubowiak AJ, Lendvai N, Li H, Yeh TM, Lee E, Marquez L, Sharma M, Montes de Oca R, Wang F, Plaks V, Henry K, Taraseviciute A, Jethava Y, Jablow L, Afifi S, De Braganca KC, Madduri D, Zhu J, Koneru M, Akram M, Patel N, Cohen AD, Santomasso BD.	Non-ICANS Neurologic Events in Patients With Relapsed/Refractory Multiple Myeloma Treated With Ciltacabtagene Autoleucel: Clinical Presentation and Management in CARTITUDE Studies	Clinical lymphoma, myeloma & leukemia	2026	42161729	10.1016/j.clml.2026.04.013		https://doi.org/10.1016/j.clml.2026.04.013		clinical;hematologic_malignancy;neurotoxicity;review	metadata_only
neurotoxicity	Sato T, Chida K, Gandhi S, Takabe K.	Neurotoxicity of Immunotherapy: Immune Checkpoint Inhibitor-Related Encephalitis vs. Immune Effector Cell-Associated Neurotoxicity Syndrome	World journal of oncology	2026	41488284	10.14740/wjon2660	PMC12758050	https://pmc.ncbi.nlm.nih.gov/articles/PMC12758050/	fulltext/sato_2026_pmid41488284.xml	clinical;grading_management;neurotoxicity;review;steroids_immunomodulation	fulltext_xml
neurotoxicity	Schmid T, Shaforostova I, Bacher U, Seipel K, Kronig MN, Pabst T.	Prophylactic Anakinra to Prevent Neurotoxicity After CAR T-Cell Therapy in Aggressive B-Cell Lymphomas: A Single-Center Real-World Experience	Cancers	2026	42279369	10.3390/cancers18111787	PMC13256764	https://pmc.ncbi.nlm.nih.gov/articles/PMC13256764/	fulltext/schmid_2026_pmid42279369.xml	clinical;cytokine_release_syndrome;grading_management;hematologic_malignancy;neurotoxicity;steroids_immunomodulation	fulltext_xml
neurotoxicity	Schroeder T, Chitadze G, Dargvainiene J, Martens T, Gebauer N, Frimmel J, Brüggemann M, Valerius T, Schub N, Baldus CD, Pott C, Leypoldt F, Stürner K, Stölzel F.	Non-ICANS neurotoxicities CD19-directed CAR T-cell therapy and the emergence of movement and neurocognitive treatment-emergent adverse events: a case report	Frontiers in immunology	2026	41777880	10.3389/fimmu.2026.1749587	PMC12950781	https://pmc.ncbi.nlm.nih.gov/articles/PMC12950781/	fulltext/schroeder_2026_pmid41777880.xml	clinical;cytokine_release_syndrome;hematologic_malignancy;infection_immune;neurotoxicity	fulltext_xml
neurotoxicity	Sidana S, Nagar SP, Ghosh S, Fan L, Alegria V, De Braganca KC, Lengil T, Sharma M, Pai H, Perciavalle M, Maitland J, Emond B, Bixby T, Qureshi ZP, Fonseca R.	Real-World Description of Non-ICANS Neurologic Events Among Patients with Relapsed or Refractory Multiple Myeloma Treated with Ciltacabtagene Autoleucel Using Two Large US Databases	Oncology and therapy	2026	42000954	10.1007/s40487-026-00433-y	PMC13305209	https://pmc.ncbi.nlm.nih.gov/articles/PMC13305209/	fulltext/sidana_2026_pmid42000954.xml	clinical;hematologic_malignancy;neurotoxicity	fulltext_xml
neurotoxicity	Song D, Han J, Dong C, Wang Q, Zhu X, Li J, Rao M, Liu H, Ma Z, Teng Y, Dou C, Xiao M.	Identification and Preclinical Evaluation of a Novel GD2 Antibody-Drug Conjugate for Solid Tumors in Children and Adults	Molecular cancer therapeutics	2026	41609209	10.1158/1535-7163.mct-25-0728		https://doi.org/10.1158/1535-7163.mct-25-0728		gd2_agent;neuroblastoma;neurotoxicity;other_solid;pediatric;preclinical	metadata_only
neurotoxicity	Tashiro Y, Jo T, Kitawaki T, Yoshinaga N, Sakamoto T, Shirakawa K, Kanda J, Nishikori M, Yamashita K, Nagao M, Takaori-Kondo A, Arai Y.	Low reticulocyte count at infusion is a risk factor for ICANS in CAR-T cell therapy	Cytotherapy	2026	41762956	10.1016/j.jcyt.2026.102065		https://doi.org/10.1016/j.jcyt.2026.102065		cardiopulmonary;clinical;cytokine_release_syndrome;grading_management;hematologic_malignancy;neurotoxicity;organ_function	metadata_only
neurotoxicity	Thirugnanam A, Donthineni K, Mammi M, Hundel J, Munteh D, D'Amore F, Bunevicius A, Mekary RA.	Chimeric antigen receptor T-cell therapy and immune effector cell-associated neurotoxicity syndrome: A meta-analysis	Critical reviews in oncology/hematology	2026	41448297	10.1016/j.critrevonc.2025.105095		https://doi.org/10.1016/j.critrevonc.2025.105095		clinical;hematologic_malignancy;neurotoxicity;review	metadata_only
neurotoxicity	Torasawa M, Shukuya T, Huang J, Nagai R, Ayame N, Arai Y, Hayakawa D, Hayashi T, Nagaoka T, Takahashi K.	Tumor Inflammation-Associated Neurotoxicity Masquerading as Severe Immune Effector Cell-Associated Neurotoxicity Syndrome in a Patient With SCLC Treated With Tarlatamab: A Case Report	Journal of thoracic oncology : official publication of the International Association for the Study of Lung Cancer	2026	41848463	10.1016/j.jtho.2026.103649		https://doi.org/10.1016/j.jtho.2026.103649		clinical;neurotoxicity;steroids_immunomodulation	metadata_only
neurotoxicity	Tun AM, Patel R, St-Pierre F, Ouchveridze J, Niu A, Thordardottir T, Obasi J, Rosenthal A, Pophali PA, Fenske T, Karmali R, Johnston PB, Ahmed S.	Neurotoxicity in Older Patients with Relapsed or Refractory Large B-Cell Lymphoma Treated with Chimeric Antigen Receptor T-Cell Therapy: A Multicenter Study	Transplantation and cellular therapy	2026	41935576	10.1016/j.jtct.2026.03.041		https://doi.org/10.1016/j.jtct.2026.03.041		clinical;hematologic_malignancy;neurotoxicity	metadata_only
neurotoxicity	Vagos-Mata A, Castro P, Valade S, Carpentier AF, Gallo de Moraes A, Maamar A, Picard M, Moreau AS, Chawla S, Wallet F, Klouche K, Metaxa V, Boissel N, Van De Louw A, Seguin A, Mokart D, Böll B, Di Blasi R, Thieblemont C, Issa N, Fernandez S, Munshi L, Bauer PR, Joannidis M, Moreno-Gonzalez G, Zafrani L, Darmon M, Azoulay E, Nine-I investigators.	The clinical picture of ICANS after CAR-T cell therapy in critically ill patients: A retrospective clustering analysis of a multicentre multinational cohort study	Annals of intensive care	2026	42592119	10.1016/j.aicoj.2026.100123		https://doi.org/10.1016/j.aicoj.2026.100123		clinical;hematologic_malignancy;neurotoxicity	metadata_only
neurotoxicity	Völker L, Müller-Jensen L, Carl S, Nay S, Möllenkamp TM, Schultze-Florey C, Grote-Levi L, Jendretzky KF, Konen FF, Könecke C, Eder M, Panagiota V, Heidel FH, Bullinger L, Damm F, Frick M, Penack O, Ludwig R, Buß EA, Boehmerle W, Endres M, Gudi V, Huehnchen P, Skripuletz T, Möhn N.	The Berlin-Hannover ICANS severity assessment-a novel bedside test to evaluate CAR T-cell-associated neurotoxicity	Frontiers in neurology	2026	41648666	10.3389/fneur.2026.1726779	PMC12867840	https://pmc.ncbi.nlm.nih.gov/articles/PMC12867840/	fulltext/vlker_2026_pmid41648666.xml	clinical;cytokine_release_syndrome;neurotoxicity	fulltext_xml
neurotoxicity	Werner JM, Gödel P, Galldiks N, Krone C, Schroeter M, Holtick U, Flümann R, Wunderlich G, Hallek M, Fink GR, Scheid C, Onur OA, Richardson T.	Non-ICANS neurotoxicity after BCMA-directed CAR-T therapy: Clinical spectrum, outcomes, and a framework for neurology-oncology co-management	HemaSphere	2026	42306065	10.1002/hem3.70404	PMC13266575	https://pmc.ncbi.nlm.nih.gov/articles/PMC13266575/	fulltext/werner_2026_pmid42306065.xml	clinical;neurotoxicity	fulltext_xml
neurotoxicity	Yamamoto Y, Masauji T, Shimasaki T.	Immunotherapy-associated dysgraphia as an early neurocognitive manifestation of immune effector cell-associated neurotoxicity syndrome: clinical characteristics, mechanistic insights, and assessment challenges	Frontiers in immunology	2026	42136681	10.3389/fimmu.2026.1731798	PMC13167948	https://pmc.ncbi.nlm.nih.gov/articles/PMC13167948/	fulltext/yamamoto_2026_pmid42136681.xml	clinical;neurotoxicity;review	fulltext_xml
neurotoxicity	Yoshihara M, Yuyama S, Yasumuro O, Funakoshi R.	Syndrome of inappropriate antidiuretic hormone secretion following immune effector cell-associated neurotoxicity syndrome during blinatumomab therapy: a case report	Journal of pharmaceutical health care and sciences	2026	42432807	10.1186/s40780-026-00606-x		https://doi.org/10.1186/s40780-026-00606-x		clinical;cytokine_release_syndrome;hematologic_malignancy;neurotoxicity;organ_function;renal_electrolyte	metadata_only
neurotoxicity	Yoshihara M, Yuyama S, Yasumuro O, Funakoshi R.	Syndrome of inappropriate antidiuretic hormone secretion (SIADH) following immune effector cell-associated neurotoxicity syndrome (ICANS) during blinatumomab therapy: A case report	Research Square	2026		10.21203/rs.3.rs-9674917/v1		https://doi.org/10.21203/rs.3.rs-9674917/v1		clinical;cytokine_release_syndrome;hematologic_malignancy;neurotoxicity;organ_function;renal_electrolyte	metadata_only
neurotoxicity	Zahedi A, Ifejeokwu OV, Griffin SP, Dean EA.	Repurposing mitochondrial-targeting drugs for management of ICANS in CAR T-cell therapy: a novel steroid-sparing approach	Frontiers in pharmacology	2026	42582333	10.3389/fphar.2026.1896516		https://doi.org/10.3389/fphar.2026.1896516		clinical;neurotoxicity;steroids_immunomodulation	metadata_only
neurotoxicity	van Besien H, Ozkan G, Easton N, Tix T, Alhomoud M, Shouval R, Rejeski K, Yamshon S.	Non-ICANS neurologic toxicity after BCMA CAR-T therapy: a systematic review and meta-analysis of 4630 patients with multiple myeloma	Blood advances	2026	41886632	10.1182/bloodadvances.2026019617		https://doi.org/10.1182/bloodadvances.2026019617		clinical;cytokine_release_syndrome;hematologic_malignancy;neurotoxicity;on_target_off_tumor;review	metadata_only
neurotoxicity	Aboubakr O, Houillier C, Choquet S, Dupont S, Hoang-Xuan K, Mathon B.	Epileptic seizures in patients with primary central nervous system lymphoma: A systematic review	Revue neurologique	2025	38042665	10.1016/j.neurol.2023.08.021		https://doi.org/10.1016/j.neurol.2023.08.021		clinical;grading_management;hematologic_malignancy;neurotoxicity;review	metadata_only
neurotoxicity	Agarwal RD, Kunwor R, Sudanagunta K.	Posterior reversible encephalopathy syndrome after CD19 chimeric antigen receptor therapy for B-acute lymphoblastic leukemia: case report	Frontiers in oncology	2025	40989690	10.3389/fonc.2025.1639892	PMC12450662	https://pmc.ncbi.nlm.nih.gov/articles/PMC12450662/	fulltext/agarwal_2025_pmid40989690.xml	clinical;cytokine_release_syndrome;hematologic_malignancy;neurotoxicity;steroids_immunomodulation	fulltext_xml
neurotoxicity	Angelillo P, Alarcon Tomas A, Campodonico E, Novak U, Gabellier L, Blau IW, Kwon M, Ram R, Forcade E, Besley C, Vucinic V, Kröger N, Corral LL, Vydra J, Ferrari S, von Tresckow B, Rubio MT, Hernani R, Sica S, Stölzel F, Rovira M, Wagner-Drouet E, Pérez-Simón JA, Castilla-Llorente C, Ferreri AJM, Hoogenboom JD, Sanchez Ortega I, Malard F, Kuball J, Ruggeri A.	Severe ICANS after CAR T-cell therapy and assessment of prevention with levetiracetam for seizure prophylaxis following CAR T-cell for DLBCL & PMBCL in Europe: a survey on behalf of the Cellular Therapy & Immunobiology Working Party (CTIWP) of the EBMT	Bone marrow transplantation	2025	39455896	10.1038/s41409-024-02451-8		https://doi.org/10.1038/s41409-024-02451-8		clinical;hematologic_malignancy;neurotoxicity	metadata_only
neurotoxicity	Belloni S, Giacon C, Magon A, Girardi D, Arcidiacono MA, Ghizzardi G, Conte G, Caruso R, Arrigoni C.	Factors Associated with Immune Effector Cell-Associated Neurotoxicity Syndrome in Adults with Hematological Malignancies Undergoing Chimeric Antigen Receptor T-Cell Therapy: A Systematic Review	Seminars in oncology nursing	2025	40628565	10.1016/j.soncn.2025.151944		https://doi.org/10.1016/j.soncn.2025.151944		clinical;grading_management;hematologic_malignancy;neurotoxicity;review	metadata_only
neurotoxicity	Blumenberg V, Puliafito BR, Graham CE, Leick MB, Chowdhury MR, King M, Harris DL, Raje NS, Branagan AR, Yee AJ, Cirstea D, Gallagher KME, Dietrich J, Maus MV, Frigault MJ.	Cyclophosphamide mitigates non-ICANS neurotoxicities following ciltacabtagene autoleucel treatment	Blood	2025	40163799	10.1182/blood.2024028172	PMC12782967	https://pmc.ncbi.nlm.nih.gov/articles/PMC12782967/		clinical;neurotoxicity	metadata_only
neurotoxicity	Buciuc AG, Tran S, Weber M, Padilla V, Rueda-Lara M, Espinel Z.	Immune Effector Cell-Associated Neurotoxicity Syndrome After CAR T-Cell Therapy and Other Psychiatric Manifestations: A Review and Case Series	Journal of clinical medicine	2025	40094890	10.3390/jcm14051451	PMC11900558	https://pmc.ncbi.nlm.nih.gov/articles/PMC11900558/	fulltext/buciuc_2025_pmid40094890.xml	clinical;neurotoxicity;review;steroids_immunomodulation	fulltext_xml
neurotoxicity	Cao L, Zhou M, Wei Z, Zhu R, Chen H, Zhou L, Hu S, Bai Z, Wu S.	Frontline therapy combining with intrathecal dexamethasone effectively alleviate immune effector cell-associated neurotoxicity syndrome in pediatric relapsed B-ALL receiving pCAR-19B-cases report	BMC pediatrics	2025	41039358	10.1186/s12887-025-06118-1	PMC12492718	https://pmc.ncbi.nlm.nih.gov/articles/PMC12492718/	fulltext/cao_2025_pmid41039358.xml	clinical;cytokine_release_syndrome;grading_management;hematologic_malignancy;icv_intraventricular;neurotoxicity;pediatric;steroids_immunomodulation;systemic_iv	fulltext_xml
neurotoxicity	De Philippis C, Giacomel A, Pensato U, Pinton C, Taurino D, Mannina D, Mariotti J, Sarina B, Marcheselli S, Timofeeva I, Capizzuto R, Santoro A, Bramanti S.	Late-onset relapsing neurotoxicity after Brexucabtagene autoleucel associated with high chimeric antigen receptor T cells in cerebrospinal fluid	Cytotherapy	2025	39152952	10.1016/j.jcyt.2024.07.015		https://doi.org/10.1016/j.jcyt.2024.07.015		clinical;cytokine_release_syndrome;hematologic_malignancy;neurotoxicity;steroids_immunomodulation	metadata_only
neurotoxicity	Fatahichegeni M, Ansarian MA, Wang Y, Ren J, Zhang T, Wang X.	Immune effector cell-associated neurotoxicity syndrome following CAR T-cell therapy: a review of recent advances	Journal of translational medicine	2025	41454396	10.1186/s12967-025-07646-1	PMC12849438	https://pmc.ncbi.nlm.nih.gov/articles/PMC12849438/	fulltext/fatahichegeni_2025_pmid41454396.xml	cardiopulmonary;clinical;cytokine_release_syndrome;neurotoxicity;organ_function;review;steroids_immunomodulation	fulltext_xml
neurotoxicity	Freund BE, Feyissa AM, Betiku OE, Shar A, Drees C, Sherman W, Qin H, Britton JW, Barrios MS, Quinones-Hinojosa A, Tatum WO.	Acute Symptomatic Seizures During CAR T-Cell Therapy for Hematologic Malignancies: Tri-Site Mayo Clinic Experience	Neurology	2025	40215424	10.1212/wnl.0000000000213535		https://doi.org/10.1212/wnl.0000000000213535		clinical;grading_management;hematologic_malignancy;neurotoxicity	metadata_only
neurotoxicity	Fukui D, Sakakibara-Konishi J, Azuma R, Yoshida Y, Morinaga D, Ito S, Furuta M, Takasihma Y, Kitai H, Konno S.	Rapid disease progression and hydrocephalus following tarlatamab therapy initiation: A case report	Respiratory medicine case reports	2025	41311375	10.1016/j.rmcr.2025.102324	PMC12648723	https://pmc.ncbi.nlm.nih.gov/articles/PMC12648723/	fulltext/fukui_2025_pmid41311375.xml	clinical;neurotoxicity;other_solid	fulltext_xml
neurotoxicity	Giesler S, Biavasco F, Wertheimer T, Zeiser R, Vinnakota JM.	Biology-driven therapies of CAR T immune effector cell-associated neurotoxicity syndrome	Immunotherapy	2025	40438973	10.1080/1750743x.2025.2510893	PMC12506745	https://pmc.ncbi.nlm.nih.gov/articles/PMC12506745/		hematologic_malignancy;infection_immune;neurotoxicity;preclinical;review	metadata_only
neurotoxicity	Gomez-Llobell M, Serra Smith C, Gómez-Costas D, Gómez-Centurión I, García Domínguez JM, Escudero-Vilaplana V, Fernández Bullido Y, Carbonell D, Pion M, Bailén R, Gil-Perotin S, Martínez Ginés ML, Revuelta-Herrero JL, Fernández-Caldas P, Fernández VAP, Collado-Borrell R, Bastos-Oreiro M, Villanueva-Bueno C, García-Sanz R, Kwon M.	ICANS risk model in CD19 CAR-T therapy: insights from serum and CSF cytokine profiling	Bone marrow transplantation	2025	40707782	10.1038/s41409-025-02679-y	PMC12568627	https://pmc.ncbi.nlm.nih.gov/articles/PMC12568627/	fulltext/gomezllobell_2025_pmid40707782.xml	clinical;cytokine_release_syndrome;hematologic_coagulopathy;neurotoxicity;organ_function	fulltext_xml
neurotoxicity	Goto H.	CRS and ICANS in CAR T-cell therapy for large B-cell lymphoma	Journal of clinical and experimental hematopathology : JCEH	2025	41443883	10.3960/jslrt.25072	PMC12884143	https://pmc.ncbi.nlm.nih.gov/articles/PMC12884143/	fulltext/goto_2025_pmid41443883.xml	clinical;cytokine_release_syndrome;grading_management;hematologic_malignancy;neurotoxicity;review	fulltext_xml
neurotoxicity	Hassankhani A, Bagley SJ, Dahmoush H, Parsons MS, Nabavizadeh A.	Role of Neuroimaging in Cancer-Treatment Neurotoxicity	AJR. American journal of roentgenology	2025	40557987	10.2214/ajr.25.33139		https://doi.org/10.2214/ajr.25.33139		clinical;neurotoxicity;review	metadata_only
neurotoxicity	He J, Connors J, Meador A, Xu S, Meador H, Jiang H, Fueyo J, Gomez-Manzano C, Friedman GK, Zaky W, Sadighi Z, Slopis JM, Ahmad AH.	Immunotherapy-related neurotoxicity in the central nervous system of children with cancer	Neuro-oncology	2025	39535217	10.1093/neuonc/noae243	PMC11889721	https://pmc.ncbi.nlm.nih.gov/articles/PMC11889721/		clinical;cytokine_release_syndrome;grading_management;neurotoxicity;pediatric;review	metadata_only
neurotoxicity	Jonokuchi AJ, Yu AW, Kaur G, Satwani P, Reshef R, Wesley SF.	Surviving Grade 4 ICANS: A Case Report and Discussion of Emerging Management Strategies	Journal of child neurology	2025	40370190	10.1177/08830738251335055		https://doi.org/10.1177/08830738251335055		clinical;hematologic_malignancy;neurotoxicity	metadata_only
neurotoxicity	Kato K, Nakagaki H, Yamauchi T, Mukaino T, Sakata A, Watanabe E, Watanabe M, Ishihara D, Imanaga H, Sasaki K, Sakoda T, Jinnouchi F, Miyawaki K, Shima T, Kikushige Y, Mori Y, Hotta T, Kunisaki Y, Shigeto H, Isobe N, Akashi K.	Pre-CAR-T GTE Scoring of Electroencephalogram Abnormalities as a Predictive Biomarker for ICANS	Research Square	2025		10.21203/rs.3.rs-6087514/v1		https://doi.org/10.21203/rs.3.rs-6087514/v1		clinical;cytokine_release_syndrome;hematologic_malignancy;neurotoxicity	metadata_only
neurotoxicity	Kaulen LD, Martinez-Lage M, Abramson JS, Karschnia P, Doubrovinskaia S, Shankar GM, Choi BD, Ramundo CM, Ehret F, Barnes JA, El-Jawahri A, Hochberg EP, Johnson PC, Soumerai JD, Plotkin SR, Batchelor TT, Wick W, Maus MV, Chen YB, Frigault MJ, Dietrich J.	Clinical presentation, management, and outcome of TIAN in CNS lymphoma treated with CD19-CAR T-cell therapy	Blood	2025	40663771	10.1182/blood.2025028964		https://doi.org/10.1182/blood.2025028964		cytokine_release_syndrome;hematologic_malignancy;neurotoxicity;preclinical	metadata_only
neurotoxicity	Kazzi C, Simpson T, Wronski M, Seery N, Wesselingh R, Tan TH, Ko KY, Pearce DJ, Abbott C, Li J, Griffith SP, Wong SM, Westworth M, Inam S, Tam CS, Fleming S, Van Der Walt A, O'Brien TJ, Alpitsis R, Spencer A, Malpas CB, Sanfilippo P, Monif M.	CLOX and neurotox: Utility of the clock drawing task in monitoring for immune effector cell-associated neurotoxicity syndrome following chimeric antigen receptor T-cell therapy	British journal of haematology	2025	40717546	10.1111/bjh.70044	PMC12512059	https://pmc.ncbi.nlm.nih.gov/articles/PMC12512059/	fulltext/kazzi_2025_pmid40717546.xml	clinical;neurotoxicity	fulltext_xml
neurotoxicity	Kazzi C, Simpson T, Abbott C, Wronski M, Seery N, Tan TH, Wesselingh R, Ko K, Wong SM, Inam S, Tam C, Fleming S, O'Brien TJ, Alpitsis R, Spencer A, Malpas C, Monif M.	Monitoring the neurological complications of chimeric antigen receptor (CAR) T-cell therapy in patients with sensory and physical impairments and non-native-speaking backgrounds using modified immune effector cell-associated encephalopathy (ICE) scores: a case series	BMJ neurology open	2025	39950093	10.1136/bmjno-2024-000927	PMC11822436	https://pmc.ncbi.nlm.nih.gov/articles/PMC11822436/	fulltext/kazzi_2025_pmid39950093.xml	clinical;neurotoxicity	fulltext_xml
neurotoxicity	Lazzari ZT, Gandh AS, Sannananja B, Belagaje SR, Hutto SK.	Progressive Multiple Cranial Neuropathies as a Manifestation of CAR-T Neurotoxicity	The Neurohospitalist	2025	41147017	10.1177/19418744251393076		https://doi.org/10.1177/19418744251393076		clinical;cytokine_release_syndrome;hematologic_malignancy;neurotoxicity;steroids_immunomodulation;systemic_iv	metadata_only
neurotoxicity	Lim KJC, Tan M, Parrondo R, Chhabra S, Dooley K, De Menezes Silva Corraes A, Carabenciov D, Gertz M, Hwa L, Haily S, Kapoor P, Kourelis T, Warsame R, Cook J, Binder M, Bergsagel PL, Yadav U, Wiedmeier-Nutor E, Geyer S, Ailawadhi S, Fonseca R, Kumar S, Zekeridou A, Lin Y.	Clinical course, risk factors and mitigating strategies for Immune effector cell-associated late onset neurotoxicities after ciltacabtagene autoleucel CAR-T in multiple myeloma	Blood cancer journal	2025	41476076	10.1038/s41408-025-01441-3	PMC12827462	https://pmc.ncbi.nlm.nih.gov/articles/PMC12827462/	fulltext/lim_2025_pmid41476076.xml	clinical;cytokine_release_syndrome;grading_management;hematologic_malignancy;neurotoxicity	fulltext_xml
neurotoxicity	Liu B, Dai Y, Liu L, Wang Q, Guan G.	The timing of concurrent intrathecal chemotherapy during blinatumomab infusion influences neurotoxicity in pediatric acute lymphoblastic leukemia	Frontiers in immunology	2025	41550943	10.3389/fimmu.2025.1690916	PMC12808377	https://pmc.ncbi.nlm.nih.gov/articles/PMC12808377/	fulltext/liu_2025_pmid41550943.xml	clinical;hematologic_malignancy;icv_intraventricular;neurotoxicity;pediatric	fulltext_xml
neurotoxicity	Llata-Ortega J, Pau-Parra A, Alonso-Martínez C, García-Roche A, Carpio C, Barba P, Murillo-Florez I, Iacoboni G.	Use of Dasatinib for the Treatment of Refractory Immune Effector Cell-Associated Neurotoxicity Syndrome After Axicabtagene Ciloleucel Infusion: A Case Report	European journal of haematology	2025	40954138	10.1111/ejh.70038		https://doi.org/10.1111/ejh.70038		clinical;cytokine_release_syndrome;icv_intraventricular;neurotoxicity;steroids_immunomodulation	metadata_only
neurotoxicity	Lu IN, Müller-Miny L, Krekeler C, Cheung PF, Antonopoulou G, Jeibmann A, Schulte-Mecklenbeck A, Kerl K, Call S, Reicherts C, Bleckmann A, Stelljes M, Lenz G, Wiendl H, Meyer Zu Hörste G, Grauer OM.	The CXCL16/CXCR6 axis is linked to immune effector cell-associated neurotoxicity in chimeric antigen receptor (CAR) T cell therapy	Genome medicine	2025	40588764	10.1186/s13073-025-01498-6	PMC12210444	https://pmc.ncbi.nlm.nih.gov/articles/PMC12210444/	fulltext/lu_2025_pmid40588764.xml	clinical;neurotoxicity	fulltext_xml
neurotoxicity	Mancuso K, Talarico M, Manzato E, Barbato S, Tacchetti P, Zamagni E, Cavo M.	T-Cell Redirecting Therapies in Multiple Myeloma: Pathogenesis and Management of Toxicities Beyond CRS and ICANS	Cancers	2025	40361441	10.3390/cancers17091514	PMC12070925	https://pmc.ncbi.nlm.nih.gov/articles/PMC12070925/	fulltext/mancuso_2025_pmid40361441.xml	clinical;cytokine_release_syndrome;hematologic_coagulopathy;hematologic_malignancy;hlh_mas;infection_immune;neurotoxicity;organ_function;review	fulltext_xml
neurotoxicity	Marino MD, Mader JP, Kardasis W, Murphy M, Mahmoud SY.	Evolving Magnetic Resonance Imaging (MRI) Findings in Immune Effector Cell-Associated Neurotoxicity Syndrome	Cureus	2025	40539162	10.7759/cureus.84407	PMC12177437	https://pmc.ncbi.nlm.nih.gov/articles/PMC12177437/	fulltext/marino_2025_pmid40539162.xml	clinical;cytokine_release_syndrome;hematologic_malignancy;neurotoxicity	fulltext_xml
neurotoxicity	McGuire JL, Pinto S, Erdogan EN, Li Y, Bhatia A, Oztek MA, Vossough A, Wright JN, Shah R, Carapia NT, Shams N, Westermann C, Taraseviciute A, Yates B, Naik S, Gardner R, Annesley C, Hsieh E, Diorio C, Myers R, Epperly R, Talleur A, Shalabi H, Shah N, Gust J.	Neuroimaging Findings in Children and Young Adults With Neurotoxicity After CAR T-Cell Therapy for B-Cell Malignancies	Neurology	2025	40921024	10.1212/wnl.0000000000214086	PMC12442811	https://pmc.ncbi.nlm.nih.gov/articles/PMC12442811/	fulltext/mcguire_2025_pmid40921024.xml	clinical;neurotoxicity;pediatric	fulltext_xml
neurotoxicity	Modoni A, Vollono C, Galli E, Capriati L, Sorà F, Hohaus S, Servidei S, Piccirillo N, Calabresi P, Sica S.	Predictors of Neurotoxicity in a Large Cohort of Italian Patients Undergoing Anti-CD19 Chimeric Antigen Receptor (CAR) T-Cell Therapy	Brain and behavior	2025	40984814	10.1002/brb3.70891	PMC12455013	https://pmc.ncbi.nlm.nih.gov/articles/PMC12455013/	fulltext/modoni_2025_pmid40984814.xml	clinical;cytokine_release_syndrome;hematologic_malignancy;neurotoxicity	fulltext_xml
neurotoxicity	Mokhtari S, Asquith JM, Kareem SS, Bachmeier CA, Pina Y, Faramand RG, Kim Y, Peguero EN, Sahebjam S, Jaffer MH, Iacono DP, Jain MD, Vogelbaum MA, Davila ML, Forsyth PA, Locke FL, Lazaryan A.	Intravenous Immunoglobulin (IVIG) for Patients with Severe Neurotoxicity Associated with Chimeric Antigen Receptor T-Cell (CAR-T) Therapy	International journal of molecular sciences	2025	40332772	10.3390/ijms26083904	PMC12028060	https://pmc.ncbi.nlm.nih.gov/articles/PMC12028060/	fulltext/mokhtari_2025_pmid40332772.xml	clinical;hematologic_malignancy;neurotoxicity;steroids_immunomodulation;systemic_iv	fulltext_xml
neurotoxicity	Nomiyama T, Setoyama D, Yamanaka I, Shimo M, Miyawaki K, Yamauchi T, Jinnouchi F, Sakoda T, Sasaki K, Shima T, Kikushige Y, Mori Y, Akashi K, Kato K, Kunisaki Y.	Cerebrospinal fluid proteomics exerts predictive potential for immune effector cell-associated neurotoxicity syndrome (ICANS) in CAR-T cell therapy	Leukemia	2025	40065076	10.1038/s41375-025-02541-6	PMC11976296	https://pmc.ncbi.nlm.nih.gov/articles/PMC11976296/	fulltext/nomiyama_2025_pmid40065076.xml	clinical;neurotoxicity	fulltext_xml
neurotoxicity	Olaya Vargas A, Salazar-Rosales H, Caballero-Palacios M, Ramírez-Uribe N, López-Hernández G, Morales-Martinez E, Cervantes-Delgado M, Velasco Hidalgo L, Castellanos-Toledo A, Cárdenas-Cardos R, Niembro-Zúñiga A, Rivera-Luna R, Olaya-Nieto A, Ponce-Cruz J, Shalkow-Klincovstein J, Melchor-Vidal Y, Díaz-Machorro R.	High-risk neuroblastoma in Mexico: from multimodal treatment to immunotherapy. Regarding the first case treated with naxitamab	Frontiers in oncology	2025	40606987	10.3389/fonc.2025.1520171	PMC12213693	https://pmc.ncbi.nlm.nih.gov/articles/PMC12213693/	fulltext/olaya_2025_pmid40606987.xml	cardiopulmonary;gd2_agent;hematologic_malignancy;neuroblastoma;neurotoxicity;on_target_off_tumor;organ_function;pediatric;preclinical;review	fulltext_xml
neurotoxicity	Ow KV.	CAR T-Cell Therapy Unveiled: Navigating Beyond CRS and ICANS to Address Delayed Complications and Optimize Management Strategies	Journal of the advanced practitioner in oncology	2025	39990042	10.6004/jadpro.2025.16.7.6	PMC11840332	https://pmc.ncbi.nlm.nih.gov/articles/PMC11840332/	fulltext/ow_2025_pmid39990042.xml	clinical;cytokine_release_syndrome;hematologic_malignancy;neurotoxicity	fulltext_xml
neurotoxicity	Park L, Tsai Y, Hu R, Lim H, Faulhaber LD, Burleigh K, Bose M, Faulhaber EM, Draper IH, Smith SE, Shih AY, Hirayama AY, Turtle CJ, Annesley CE, Gardner RA, Gustafson HH, Zheng Y, Gust J.	Cytokines mediate increased endothelial-leukocyte interaction and brain capillary plugging during CAR T cell neurotoxicity	bioRxiv	2025		10.1101/2025.02.19.638920		https://doi.org/10.1101/2025.02.19.638920		cardiopulmonary;neurotoxicity;organ_function;preclinical	metadata_only
neurotoxicity	Pensato U, Muccioli L, Taurino D, Pondrelli F, Asioli GM, de Philippis C, Mannina D, Bagnato G, Marcheselli S, Zinzani PL, Bonifazi F, Bramanti S, Guarino M.	Impact of neurotoxicity and steroid therapy on cancer progression-free survival in lymphoma patients treated with anti-CD19 CAR T cells	Neuro-oncology practice	2025	40487586	10.1093/nop/npae128	PMC12137211	https://pmc.ncbi.nlm.nih.gov/articles/PMC12137211/		clinical;hematologic_malignancy;neurotoxicity	metadata_only
neurotoxicity	Pondrelli F, Muccioli L, Mason F, Zenesini C, Ferri L, Asioli GM, Rossi S, Rinaldi R, Rondelli F, Nicodemo M, D'Angelo R, Barone V, Sambati L, Pensato U, Zinzani PL, Casadei B, Bonifazi F, Maffini E, Pierucci E, Cortelli P, Tinuper P, Bisulli F, Guarino M.	EEG as a predictive biomarker of neurotoxicity in anti-CD19 CAR T-cell therapy	Journal of neurology	2025	40278905	10.1007/s00415-025-13102-3	PMC12031834	https://pmc.ncbi.nlm.nih.gov/articles/PMC12031834/	fulltext/pondrelli_2025_pmid40278905.xml	clinical;grading_management;hematologic_malignancy;neurotoxicity	fulltext_xml
neurotoxicity	Rozenberg A, Shelly S, Winer R, Fineman R, Haller S, Ringelstein-Harlev S, Henig I, Yehudai-Ofir D, Zuckerman T, Tadmor T, Harel R, Ganelin-Cohen E, Beyar-Katz O.	CCR5 predicts neurotoxicity in CAR-T-cell therapy	British journal of haematology	2025	40572013	10.1111/bjh.20228	PMC12436234	https://pmc.ncbi.nlm.nih.gov/articles/PMC12436234/	fulltext/rozenberg_2025_pmid40572013.xml	clinical;neurotoxicity	fulltext_xml
neurotoxicity	Schulenburg A, Rüsing LZ, Bumberger A, Mitterbauer M, Rabitsch W.	S100 as marker for immune effector cell-associated neurotoxicity syndrome	Wiener klinische Wochenschrift	2025	39365474	10.1007/s00508-024-02451-0	PMC12370851	https://pmc.ncbi.nlm.nih.gov/articles/PMC12370851/	fulltext/schulenburg_2025_pmid39365474.xml	clinical;cytokine_release_syndrome;neurotoxicity	fulltext_xml
neurotoxicity	Schulenburg A, Schulenburg A, Rüsing L, Bumberger A, Mitterbauer M, Cserna J, Petrasch C, Oesterreicher S, Worel N, Rabitsch W.	Retrospective Analysis: S100 as Marker for Immune Effector Cell-Associated Neurotoxicity Syndrome	Oncology	2025	39999826	10.1159/000543949	PMC12490844	https://pmc.ncbi.nlm.nih.gov/articles/PMC12490844/	fulltext/schulenburg_2025_pmid39999826.xml	clinical;cytokine_release_syndrome;neurotoxicity	fulltext_xml
neurotoxicity	Suresh A, Wishart HA, Arslan MN, Lizcano RA, Shah PS, PonnamReddy S, Hayes CA, Jacobson BS, Moncrief G, Martinez-Camblor P, Chan AM, Meehan KR, Hill JM.	Novel Neurocognitive Testing Tool for Early Neurotoxicity Detection Following Anti-CD19 and Anti-BCMA Chimeric Antigen Receptor (CAR) T-cell Therapy: A Pilot Study	Clinical lymphoma, myeloma & leukemia	2025	39814673	10.1016/j.clml.2024.12.011	PMC13086173	https://pmc.ncbi.nlm.nih.gov/articles/PMC13086173/	fulltext/suresh_2025_pmid39814673.xml	clinical;hematologic_malignancy;neurotoxicity	fulltext_xml
neurotoxicity	Takahata A, Akita K, Shimada T, Bando K, Toyota S.	Utility of CSF IL-6 monitoring in managing ICANS associated with Epcoritamab treatment: a case report and literature review	Journal of clinical and experimental hematopathology : JCEH	2025	40159285	10.3960/jslrt.24080		https://doi.org/10.3960/jslrt.24080		clinical;cytokine_release_syndrome;drug_interaction_pk;hematologic_malignancy;neurotoxicity;review	metadata_only
neurotoxicity	Ursu R, Barsan C, Di Blasi R, Belin C, Cuzzubbo S, El Soudany M, Cristinelli C, Sivapragassame R, Ouedrani A, Thieblemont C, Caillat-Zucman S, Carpentier AF.	Baseline Cognitive and Neurological Status Does Not Modify the Occurrence of ICANS in CAR T-Cell Therapy for Aggressive B-Cell Lymphoma	European journal of neurology	2025	40542557	10.1111/ene.70236	PMC12181688	https://pmc.ncbi.nlm.nih.gov/articles/PMC12181688/	fulltext/ursu_2025_pmid40542557.xml	clinical;cytokine_release_syndrome;hematologic_malignancy;neurotoxicity	fulltext_xml
neurotoxicity	Ursu R, Cuzzubbo S, Carpentier AF.	Neurotoxicity from chimeric antigen receptor T-cells: an update on diagnosis and treatment	Current opinion in neurology	2025	40748015	10.1097/wco.0000000000001420		https://doi.org/10.1097/wco.0000000000001420		clinical;neurotoxicity;review	metadata_only
neurotoxicity	Vichare A, Lee JS, Duong TQ.	Neuroimaging Findings of CAR T-Cell-Associated Neurotoxicity: A Review	Neurology. Clinical practice	2025	40687961	10.1212/cpj.0000000000200488		https://doi.org/10.1212/cpj.0000000000200488		clinical;neurotoxicity;review	metadata_only
neurotoxicity	Vilaseca A, Ariño H, Iacoboni G, Feijóo S, Zabalza A, Fissolo N, Arévalo MJ, Carpio C, Sánchez M, Tintoré M, Comabella M, Montalban X, Barba P, Vidal-Jordana Á.	Severity-Dependent Neuroaxonal Damage Assessed by Serum Neurofilaments in ICANS Patients Undergoing CD19-Targeted CAR T-Cell Therapy	European journal of neurology	2025	40765152	10.1111/ene.70305	PMC12325479	https://pmc.ncbi.nlm.nih.gov/articles/PMC12325479/	fulltext/vilaseca_2025_pmid40765152.xml	clinical;hematologic_malignancy;neurotoxicity	fulltext_xml
neurotoxicity	Vonberg FW, Malik I, O'Reilly M, Hyare H, Carr AS, Roddie C.	Neurotoxic complications of chimeric antigen receptor (CAR) T-cell therapy	Journal of neurology, neurosurgery, and psychiatry	2025	40185628	10.1136/jnnp-2024-333924		https://doi.org/10.1136/jnnp-2024-333924		clinical;neurotoxicity;other_solid;review	metadata_only
neurotoxicity	Wang X, He X, Zhang T, Liu J, Zhao M.	Latest updates on pathogenesis mechanisms and management strategies for cytokine release syndrome, neurotoxicity, and hemophagocytic lymphohistiocytosis related to CAR-T cell therapies	Annals of hematology	2025	40536724	10.1007/s00277-025-06467-y	PMC12283850	https://pmc.ncbi.nlm.nih.gov/articles/PMC12283850/	fulltext/wang_2025_pmid40536724.xml	cytokine_release_syndrome;hlh_mas;neurotoxicity;organ_function;preclinical;review	fulltext_xml
neurotoxicity	Wesley SF, Friedman AR, Gordillo C, Kent PF, Reshef R.	Electroencephalography in patients with immune effector cell-associated neurotoxicity syndrome (ICANS)	Journal of the neurological sciences	2025	40743599	10.1016/j.jns.2025.123632		https://doi.org/10.1016/j.jns.2025.123632		clinical;neurotoxicity	metadata_only
neurotoxicity	Wronski M, Wesselingh R, Kazzi C, Seery N, Ko K, Li J, Tan TH, Simpson T, Abbott C, Fleming S, Inam S, Tam CS, Wong SM, O'Brien T, van der Walt A, Spencer A, Butzkueven H, Monif M.	Neurotoxicity associated with chimeric antigen receptor T-cell therapy	Journal of neuroimmunology	2025	40812205	10.1016/j.jneuroim.2025.578717		https://doi.org/10.1016/j.jneuroim.2025.578717		clinical;cytokine_release_syndrome;hematologic_malignancy;neurotoxicity;review	metadata_only
neurotoxicity	Zandaki D, Selukar S, Bi Y, Li Y, Zinsky M, Bonifant CL, Epperly R, Keerthi D, Triplett BM, Gottschalk S, Naik S, Talleur AC.	EASIX and m-EASIX predict CRS and ICANS in pediatric and AYA patients after CD19-CAR T-cell therapy	Blood advances	2025	39325974	10.1182/bloodadvances.2024014027	PMC11782822	https://pmc.ncbi.nlm.nih.gov/articles/PMC11782822/	fulltext/zandaki_2025_pmid39325974.xml	clinical;cytokine_release_syndrome;hematologic_malignancy;neurotoxicity;pediatric	fulltext_xml
neurotoxicity		IMMU-13. TUMOR INFLAMMATION-ASSOCIATED NEUROTOXICITY (TIAN): A TOXICITY SYNDROME IN PATIENTS TREATED WITH IMMUNOTHERAPY FOR CENTRAL NERVOUS SYSTEM TUMORS	Neuro-oncology	2024			PMC11183660	https://pmc.ncbi.nlm.nih.gov/articles/PMC11183660/	fulltext/anon_2024_pmidPMC11183660.xml	clinical;meeting_abstract;neurotoxicity	fulltext_xml
neurotoxicity	Fenton GA, Dean EA.	Exacerbations of Persistent Neurotoxicity following Axicabtagene Ciloleucel in a Patient with Relapsed/Refractory Diffuse Large B-Cell Lymphoma: A Case Report	Case reports in oncology	2024	38196817	10.1159/000535426	PMC10776132	https://pmc.ncbi.nlm.nih.gov/articles/PMC10776132/	fulltext/fenton_2024_pmid38196817.xml	clinical;hematologic_malignancy;neurotoxicity	fulltext_xml
neurotoxicity	Ferrer-Lores B, Ortiz-Algarra A, Picó-Peris A, Estepa-Fernández A, Bellvís-Bataller F, Weiss GJ, Fuster-Matanzo A, Fernández JP, Jimenez-Pastor A, Hernani R, Saus-Carreres A, Benzaquen A, Ventura L, Piñana JL, Teruel AB, Serrano-Alcalá A, Dosdá R, Sopena-Novales P, Balaguer-Rosello A, Guerreiro M, Sanz J, Martí-Bonmatí L, Terol MJ, Alberich-Bayarri Á.	Predicting survival, neurotoxicity and response in B-cell lymphoma patients treated with CAR-T therapy using an imaging features-based model	EJNMMI research	2024	39567446	10.1186/s13550-024-01172-9	PMC11579271	https://pmc.ncbi.nlm.nih.gov/articles/PMC11579271/	fulltext/ferrerlores_2024_pmid39567446.xml	clinical;hematologic_malignancy;neurotoxicity	fulltext_xml
neurotoxicity	Finsterer J.	Glofitamab-Associated Immune Effector Cell-Associated Neurotoxicity Syndrome (ICANS) Presenting as Serial Seizures and Responding Positively to Antiseizure Drugs and Anakinra: A Case Report	Cureus	2024	38910651	10.7759/cureus.60833	PMC11189692	https://pmc.ncbi.nlm.nih.gov/articles/PMC11189692/	fulltext/finsterer_2024_pmid38910651.xml	clinical;cytokine_release_syndrome;hematologic_malignancy;neurotoxicity;organ_function;renal_electrolyte;steroids_immunomodulation	fulltext_xml
neurotoxicity	Frenking JH, Zhou X, Wagner V, Hielscher T, Kauer J, Mai EK, Friedrich MJ, Michel CS, Hajiyianni M, Breitkreutz I, Costello P, Nadeem O, Weinhold N, Goldschmidt H, Schmitt A, Luft T, Schmitt M, Müller-Tidow C, Topp M, Einsele H, Dreger P, Munshi NC, Sperling AS, Rasche L, Sauer S, Raab MS.	EASIX-guided risk stratification for complications and outcome after CAR T-cell therapy with ide-cel in relapsed/refractory multiple myeloma	Journal for immunotherapy of cancer	2024	39379098	10.1136/jitc-2024-009220	PMC11459298	https://pmc.ncbi.nlm.nih.gov/articles/PMC11459298/	fulltext/frenking_2024_pmid39379098.xml	clinical;cytokine_release_syndrome;grading_management;hematologic_coagulopathy;hematologic_malignancy;infection_immune;neurotoxicity;organ_function;renal_electrolyte;steroids_immunomodulation	fulltext_xml
neurotoxicity	Han MW, Jeong SY, Suh CH, Park H, Guenette JP, Huang RY, Kim KW, Yoon DH.	Incidence of immune effector cell-associated neurotoxicity among patients treated with CAR T-cell therapy for hematologic malignancies: systematic review and meta-analysis	Frontiers in neurology	2024	39474369	10.3389/fneur.2024.1392831	PMC11518750	https://pmc.ncbi.nlm.nih.gov/articles/PMC11518750/	fulltext/han_2024_pmid39474369.xml	clinical;hematologic_malignancy;neurotoxicity;review	fulltext_xml
neurotoxicity	Hernani R, Aiko M, Victorio R, Benzaquén A, Pérez A, Piñana JL, Hernández-Boluda JC, Amat P, Pastor-Galán I, Remigia MJ, Ferrer-Lores B, Micó M, Carbonell N, Ferreres J, Blasco-Cortés ML, Santonja JM, Dosdá R, Estellés R, Campos S, Martínez-Ciarpaglini C, Ferrández-Izquierdo A, Goterris R, Gómez M, Teruel A, Saus A, Ortiz A, Morello D, Martí E, Carretero C, Calabuig M, Tormo M, Terol MJ, Cases P, Solano C.	EEG before chimeric antigen receptor T-cell therapy and early after onset of immune effector cell-associated neurotoxicity syndrome	Clinical neurophysiology : official journal of the International Federation of Clinical Neurophysiology	2024	38733703	10.1016/j.clinph.2024.04.014		https://doi.org/10.1016/j.clinph.2024.04.014		clinical;grading_management;hematologic_malignancy;neurotoxicity;steroids_immunomodulation	metadata_only
neurotoxicity	Jiang P, Yang P, Wang W, Cao J, Chen W, Fu J, Lu L, Lu Y, Zhu X.	Management of neurotoxicity syndrome complicated by autologous hematopoietic stem cell transplantation bridge to chimeric antigen receptor T-Cell therapy: A case report	Asia-Pacific journal of oncology nursing	2024	38426045	10.1016/j.apjon.2023.100368	PMC10904158	https://pmc.ncbi.nlm.nih.gov/articles/PMC10904158/	fulltext/jiang_2024_pmid38426045.xml	clinical;hematologic_malignancy;icv_intraventricular;neurotoxicity	fulltext_xml
neurotoxicity	Katsin M, Shman T, Migas A, Lutskovich D, Serada Y, Khalankova Y, Kostina Y, Dubovik S.	Case report: Rapid resolution of grade IV ICANS after first line intrathecal chemotherapy with methotrexate, cytarabine and dexamethasone	Frontiers in immunology	2024	38765003	10.3389/fimmu.2024.1380451	PMC11099209	https://pmc.ncbi.nlm.nih.gov/articles/PMC11099209/	fulltext/katsin_2024_pmid38765003.xml	clinical;hematologic_malignancy;icv_intraventricular;neurotoxicity;steroids_immunomodulation	fulltext_xml
neurotoxicity	Kikuchi T, Kunisada K, Sato K, Tsukada N, Ishida T.	Severe Immune Effector Cell-Associated Neurotoxicity Syndrome in a Patient With Multiple Myeloma Treated With Elranatamab	Cureus	2024	39744308	10.7759/cureus.74902	PMC11688520	https://pmc.ncbi.nlm.nih.gov/articles/PMC11688520/	fulltext/kikuchi_2024_pmid39744308.xml	clinical;cytokine_release_syndrome;grading_management;hematologic_coagulopathy;hematologic_malignancy;neurotoxicity;organ_function;steroids_immunomodulation	fulltext_xml
neurotoxicity	Larue M, Bouvier A, Maillard A, Cuffel A, Allain V, Ursu R, Carpentier AF, Azoulay E, Thieblemont C, Di Blasi R, Caillat-Zucman S.	Neurofilament light chain levels as an early predictive biomarker of neurotoxicity after CAR T-cell therapy	Journal for immunotherapy of cancer	2024	39317455	10.1136/jitc-2024-009525	PMC11423758	https://pmc.ncbi.nlm.nih.gov/articles/PMC11423758/	fulltext/larue_2024_pmid39317455.xml	clinical;hematologic_malignancy;neurotoxicity	fulltext_xml
neurotoxicity	Ma Y, Zhou H, Zhang J, Zhang Q, Li Y, Xie R, Zhang B, Shen Z, Li P, Liang A, Zhou K, Han L, Hu Y, Xu K, Sang W, Wang X.	The influence of CRS and ICANS on the efficacy of anti-CD19 CAR-T treatment for B-cell acute lymphoblastic leukemia	Frontiers in immunology	2024	39399502	10.3389/fimmu.2024.1448709	PMC11466746	https://pmc.ncbi.nlm.nih.gov/articles/PMC11466746/	fulltext/ma_2024_pmid39399502.xml	clinical;cytokine_release_syndrome;hematologic_malignancy;neurotoxicity	fulltext_xml
neurotoxicity	Mao D, Reiner AS, Chen X, Park J, Pennisi M, Perales MA, Avila EK, Santomasso BD.	EEG features and synek scale indicate severity of neurotoxicity in adult patients treated with CD19 CAR T-cell therapy	Scientific reports	2024	39580601	10.1038/s41598-024-80566-0	PMC11585625	https://pmc.ncbi.nlm.nih.gov/articles/PMC11585625/	fulltext/mao_2024_pmid39580601.xml	clinical;hematologic_malignancy;neurotoxicity	fulltext_xml
neurotoxicity	Mauget M, Lemercier S, Quelven Q, Maamar A, Lhomme F, De Guibert S, Houot R, Manson G.	Impact of diagnostic investigations in the management of CAR T-cell-associated neurotoxicity	Blood advances	2024	38501964	10.1182/bloodadvances.2023011669	PMC11131053	https://pmc.ncbi.nlm.nih.gov/articles/PMC11131053/	fulltext/mauget_2024_pmid38501964.xml	clinical;icv_intraventricular;infection_immune;neurotoxicity	fulltext_xml
neurotoxicity	Nie EH, Su YJ, Baird JH, Agarwal N, Bharadwaj S, Weng WK, Smith M, Dahiya S, Han MH, Dunn JE, Kipp LB, Miklos DB, Scott BJ, Frank MJ.	Clinical features of neurotoxicity after CD19 CAR T-cell therapy in mantle cell lymphoma	Blood advances	2024	38295285	10.1182/bloodadvances.2023011896	PMC10951909	https://pmc.ncbi.nlm.nih.gov/articles/PMC10951909/	fulltext/nie_2024_pmid38295285.xml	clinical;cytokine_release_syndrome;hematologic_coagulopathy;hematologic_malignancy;neurotoxicity;organ_function;steroids_immunomodulation	fulltext_xml
neurotoxicity	Ochenduszko S, Landete L, Martinez DC, Feria AG, Francés C, Torregrosa MD, Maiques IM.	Cytokine release syndrome and immune effector cell‑associated neurotoxicity syndrome in a melanoma patient treated with adjuvant pembrolizumab	Experimental and therapeutic medicine	2024	39301256	10.3892/etm.2024.12712	PMC11412105	https://pmc.ncbi.nlm.nih.gov/articles/PMC11412105/		clinical;cytokine_release_syndrome;hematologic_coagulopathy;neurotoxicity;organ_function;other_solid;renal_electrolyte;steroids_immunomodulation	metadata_only
neurotoxicity	Palazzo L, Pieri V, Berzero G, Filippi M.	CAR-T Cells for the Treatment of Central Nervous System Tumours: Known and Emerging Neurotoxicities	Brain sciences	2024	39766419	10.3390/brainsci14121220	PMC11727498	https://pmc.ncbi.nlm.nih.gov/articles/PMC11727498/	fulltext/palazzo_2024_pmid39766419.xml	clinical;cytokine_release_syndrome;hematologic_malignancy;neurotoxicity;other_solid;pediatric;review	fulltext_xml
neurotoxicity	Pensato U, Pondrelli F, de Philippis C, Asioli GM, Crespi A, Buizza A, Mannina D, Casadei B, Maffini E, Straffi L, Marcheselli S, Zinzani PL, Bonifazi F, Guarino M, Bramanti S.	Primary vs. pre-emptive anti-seizure medication prophylaxis in anti-CD19 CAR T-cell therapy	Neurological sciences : official journal of the Italian Neurological Society and of the Italian Society of Clinical Neurophysiology	2024	38512531	10.1007/s10072-024-07481-0	PMC11255041	https://pmc.ncbi.nlm.nih.gov/articles/PMC11255041/	fulltext/pensato_2024_pmid38512531.xml	clinical;hematologic_malignancy;neurotoxicity	fulltext_xml
neurotoxicity	Rochate D, González-García AM, Santos Marcos C, Pérez-López E, Martín-López AÁ, Alaña M, Martín Martín L, López Parra M, Sánchez Guijo F, López Corral L.	Autonomic dysfunction as manifestation of ICANS: A case report	Medicine	2024	39252328	10.1097/md.0000000000038659	PMC12431755	https://pmc.ncbi.nlm.nih.gov/articles/PMC12431755/	fulltext/rochate_2024_pmid39252328.xml	cardiopulmonary;clinical;cytokine_release_syndrome;hematologic_malignancy;neurotoxicity;organ_function;steroids_immunomodulation	fulltext_xml
neurotoxicity	Sales C, Anderson MA, Kuznetsova V, Rosenfeld H, Malpas CB, Roos I, Dickinson M, Harrison S, Kalincik T.	Patterns of neurotoxicity among patients receiving chimeric antigen receptor T-cell therapy: A single-centre cohort study	European journal of neurology	2024	38085272	10.1111/ene.16174	PMC11235605	https://pmc.ncbi.nlm.nih.gov/articles/PMC11235605/	fulltext/sales_2024_pmid38085272.xml	clinical;hematologic_malignancy;neurotoxicity	fulltext_xml
neurotoxicity	Shalabi H, Harrison C, Yates B, Calvo KR, Lee DW, Shah NN.	Intrathecal hydrocortisone for treatment of children and young adults with CAR T-cell immune-effector cell-associated neurotoxicity syndrome	Pediatric blood & cancer	2024	37897136	10.1002/pbc.30741	PMC10841378	https://pmc.ncbi.nlm.nih.gov/articles/PMC10841378/		clinical;grading_management;hematologic_malignancy;icv_intraventricular;neurotoxicity;pediatric;steroids_immunomodulation	metadata_only
neurotoxicity	Storci G, De Felice F, Ricci F, Santi S, Messelodi D, Bertuccio SN, Laprovitera N, Dicataldo M, Rossini L, De Matteis S, Casadei B, Vaglio F, Ursi M, Barbato F, Roberto M, Guarino M, Asioli GM, Arpinati M, Cortelli P, Maffini E, Tomassini E, Tassoni M, Cavallo C, Iannotta F, Naddeo M, Tazzari PL, Dan E, Pellegrini C, Guadagnuolo S, Carella M, Sinigaglia B, Pirazzini C, Severi C, Garagnani P, Kwiatkowska KM, Ferracin M, Zinzani PL, Bonafè M, Bonifazi F.	CAR+ extracellular vesicles predict ICANS in patients with B cell lymphomas treated with CD19-directed CAR T cells	The Journal of clinical investigation	2024	38833312	10.1172/jci173096	PMC11245152	https://pmc.ncbi.nlm.nih.gov/articles/PMC11245152/	fulltext/storci_2024_pmid38833312.xml	clinical;hematologic_malignancy;neurotoxicity	fulltext_xml
neurotoxicity	Tanaka T, Taoka M, Makimoto G, Ninomiya K, Higo H, Fujii M, Ichihara E, Ohashi K, Hotta K, Tabata M, Maeda Y.	Severe Cytokine Release Syndrome and Immune Effector Cell-associated Neurotoxicity Syndrome in a Man Receiving Immune Checkpoint Inhibitors for Lung Cancer	Internal medicine (Tokyo, Japan)	2024	37722894	10.2169/internalmedicine.2429-23	PMC11116002	https://pmc.ncbi.nlm.nih.gov/articles/PMC11116002/	fulltext/tanaka_2024_pmid37722894.xml	cardiopulmonary;clinical;cytokine_release_syndrome;infection_immune;neurotoxicity;organ_function;other_solid	fulltext_xml
neurotoxicity	Tang JP, Lafeuille P, Socolov A, Diamond SS, Aptekar J, Moore TB, Nie EH, Hanudel MR, Nowicki TS.	Hypophosphatemia Correction Reduces ICANS Incidence and Duration in CAR T-cell Therapy: A Pooled Clinical Trial Analysis	Cancer research communications	2024	39269033	10.1158/2767-9764.crc-24-0250	PMC11448391	https://pmc.ncbi.nlm.nih.gov/articles/PMC11448391/	fulltext/tang_2024_pmid39269033.xml	clinical;cytokine_release_syndrome;neurotoxicity;organ_function;renal_electrolyte	fulltext_xml
neurotoxicity	Yorichika Y, Neshige S, Edahiro T, Aoki S, Maruyama H.	An Early Neurological Indicator of Immune Effector Cell-Associated Neurotoxicity Syndrome	Cureus	2024	38690494	10.7759/cureus.57298	PMC11059031	https://pmc.ncbi.nlm.nih.gov/articles/PMC11059031/	fulltext/yorichika_2024_pmid38690494.xml	clinical;cytokine_release_syndrome;hematologic_malignancy;neurotoxicity;steroids_immunomodulation	fulltext_xml
neurotoxicity	Zhao Y, Zhang X, Zhang M, Guo R, Zhang Y, Pu Y, Zhu H, Liu P, Zhang Y, He X, Lyu C, Lyu H, Xiao X, Zhao M.	Modified EASIX scores predict severe CRS/ICANS in patients with acute myeloid leukemia following CLL1 CAR-T cell therapy	Annals of hematology	2024	38214708	10.1007/s00277-024-05617-y		https://doi.org/10.1007/s00277-024-05617-y		clinical;cytokine_release_syndrome;hematologic_malignancy;neurotoxicity;steroids_immunomodulation	metadata_only
neurotoxicity		IMMU-05. TUMOR INFLAMMATION-ASSOCIATED NEUROTOXICITY (TIAN): A TOXICITY SYNDROME IN PATIENTS TREATED WITH IMMUNOTHERAPY FOR CENTRAL NERVOUS SYSTEM TUMORS	Neuro-oncology	2023			PMC10260084	https://pmc.ncbi.nlm.nih.gov/articles/PMC10260084/	fulltext/anon_2023_pmidPMC10260084.xml	clinical;cytokine_release_syndrome;meeting_abstract;neurotoxicity	fulltext_xml
neurotoxicity	Barker K, Koza S, Katsanis E, Husnain M.	Hypophosphatemia and pre-infusion thrombocytopenia as biomarkers for CRS and ICANS after CAR T therapy	Bone marrow transplantation	2023	37580398	10.1038/s41409-023-02083-4		https://doi.org/10.1038/s41409-023-02083-4		clinical;cytokine_release_syndrome;hematologic_coagulopathy;neurotoxicity;organ_function;renal_electrolyte	metadata_only
neurotoxicity	Dean EA, Peters KR, Adams CB, Hiemenz JW.	Pattern of brexucabtagene autoleucel-related neurotoxicity on magnetic resonance imaging of the brain in a patient with relapsed/refractory B-cell acute lymphoblastic leukemia and prior leptomeningeal disease	Radiology case reports	2023	36660565	10.1016/j.radcr.2022.12.053	PMC9842530	https://pmc.ncbi.nlm.nih.gov/articles/PMC9842530/	fulltext/dean_2023_pmid36660565.xml	clinical;hematologic_malignancy;neurotoxicity	fulltext_xml
neurotoxicity	Eckhardt CA, Sun H, Malik P, Quadri S, Santana Firme M, Jones DK, van Sleuwen M, Jain A, Fan Z, Jing J, Ge W, Danish HH, Jacobson CA, Rubin DB, Kimchi EY, Cash SS, Frigault MJ, Lee JW, Dietrich J, Westover MB.	Automated detection of immune effector cell-associated neurotoxicity syndrome via quantitative EEG	Annals of clinical and translational neurology	2023	37545104	10.1002/acn3.51866	PMC10578889	https://pmc.ncbi.nlm.nih.gov/articles/PMC10578889/	fulltext/eckhardt_2023_pmid37545104.xml	clinical;cytokine_release_syndrome;neurotoxicity;steroids_immunomodulation	fulltext_xml
neurotoxicity	Fontanelli L, Pizzanelli C, Milano C, Cassano Cassano R, Galimberti S, Rossini MI, Santo I, Turco F, Bonanni E, Siciliano G, Orciuolo E, Baldacci F.	Pre-existing frontal lobe dysfunction signs as predictors of subsequent neurotoxicity in CAR T cell therapy: insights from a case series	Neurological sciences : official journal of the Italian Neurological Society and of the Italian Society of Clinical Neurophysiology	2023	37160803	10.1007/s10072-023-06841-6	PMC10170036	https://pmc.ncbi.nlm.nih.gov/articles/PMC10170036/	fulltext/fontanelli_2023_pmid37160803.xml	clinical;neurotoxicity	fulltext_xml
neurotoxicity	Gatto L, Ricciotti I, Tosoni A, Di Nunno V, Bartolini S, Ranieri L, Franceschi E.	CAR-T cells neurotoxicity from consolidated practice in hematological malignancies to fledgling experience in CNS tumors: fill the gap	Frontiers in oncology	2023	37397356	10.3389/fonc.2023.1206983	PMC10312075	https://pmc.ncbi.nlm.nih.gov/articles/PMC10312075/	fulltext/gatto_2023_pmid37397356.xml	clinical;cytokine_release_syndrome;grading_management;neurotoxicity;on_target_off_tumor;other_solid;review;steroids_immunomodulation	fulltext_xml
neurotoxicity	Genoud V, Migliorini D.	Novel pathophysiological insights into CAR-T cell associated neurotoxicity	Frontiers in neurology	2023	36970518	10.3389/fneur.2023.1108297	PMC10031128	https://pmc.ncbi.nlm.nih.gov/articles/PMC10031128/	fulltext/genoud_2023_pmid36970518.xml	clinical;cytokine_release_syndrome;neurotoxicity;review	fulltext_xml
neurotoxicity	Huby S, Gelisse P, Tudesq JJ, Labauge P, Duflos C, Cartron G, Gallerand MA, Platon L, Badiou S, Lamure S, Menjot de Champfleur N, Ayrignac X, Taieb G.	Frontal Intermittent Rhythmic Delta Activity Is a Useful Diagnostic Tool of Neurotoxicity After CAR T-Cell Infusion	Neurology(R) neuroimmunology & neuroinflammation	2023	37059470	10.1212/nxi.0000000000200111	PMC10119810	https://pmc.ncbi.nlm.nih.gov/articles/PMC10119810/	fulltext/huby_2023_pmid37059470.xml	clinical;cytokine_release_syndrome;hematologic_malignancy;neurotoxicity;organ_function;renal_electrolyte	fulltext_xml
neurotoxicity	Jacobson CA, Rosenthal AC, Arnason J, Agarwal S, Zhang P, Wu W, Amber V, Yared JA.	A phase 2 trial of defibrotide for the prevention of chimeric antigen receptor T-cell-associated neurotoxicity syndrome	Blood advances	2023	37399456	10.1182/bloodadvances.2023009961	PMC10692301	https://pmc.ncbi.nlm.nih.gov/articles/PMC10692301/	fulltext/jacobson_2023_pmid37399456.xml	clinical;hematologic_malignancy;hepatic;neurotoxicity;organ_function	fulltext_xml
neurotoxicity	Karschnia P, Arrillaga-Romany IC, Eichler A, Forst DA, Gerstner E, Jordan JT, Ly I, Plotkin SR, Wang N, Martinez-Lage M, Winter SF, Tonn JC, Rejeski K, von Baumgarten L, Cahill DP, Nahed BV, Shankar GM, Abramson JS, Barnes JA, El-Jawahri A, Hochberg EP, Johnson PC, Soumerai JD, Takvorian RW, Chen YB, Frigault MJ, Dietrich J.	Neurotoxicity and management of primary and secondary central nervous system lymphoma after adoptive immunotherapy with CD19-directed chimeric antigen receptor T-cells	Neuro-oncology	2023	37402650	10.1093/neuonc/noad118	PMC10708936	https://pmc.ncbi.nlm.nih.gov/articles/PMC10708936/		clinical;cytokine_release_syndrome;hematologic_coagulopathy;hematologic_malignancy;neurotoxicity;organ_function;steroids_immunomodulation	metadata_only
neurotoxicity	Lutfi F, Abdallah AO, Nashatizadeh M, Ahmed N, Nelson M, Hamideh J, Mahmoudjafari Z, Shune L.	Exploring the High-Grade and Refractory Neurotoxicity of Teclistamab: An Underreported Entity	Cureus	2023	38130552	10.7759/cureus.49192	PMC10735206	https://pmc.ncbi.nlm.nih.gov/articles/PMC10735206/	fulltext/lutfi_2023_pmid38130552.xml	clinical;hematologic_malignancy;infection_immune;neurotoxicity;steroids_immunomodulation	fulltext_xml
neurotoxicity	Mahdi J, Dietrich J, Straathof K, Roddie C, Scott BJ, Davidson TB, Prolo LM, Batchelor TT, Campen CJ, Davis KL, Gust J, Lim M, Majzner RG, Park JR, Partap S, Ramakrishna S, Richards R, Schultz L, Vitanza NA, Wang LD, Mackall CL, Mackall CL, Monje M.	Tumor inflammation-associated neurotoxicity	Nature medicine	2023	37024595	10.1038/s41591-023-02276-w	PMC10166099	https://pmc.ncbi.nlm.nih.gov/articles/PMC10166099/		clinical;cytokine_release_syndrome;neurotoxicity;review	metadata_only
neurotoxicity	Nie EH, Ahmadian SS, Bharadwaj SN, Acosta-Alvarez L, Threlkeld ZD, Frank MJ, Miklos DB, Monje M, Scott BJ, Vogel H.	Multifocal demyelinating leukoencephalopathy and oligodendroglial lineage cell loss with immune effector cell-associated neurotoxicity syndrome (ICANS) following CD19 CAR T-cell therapy for mantle cell lymphoma	Journal of neuropathology and experimental neurology	2023	36592076	10.1093/jnen/nlac121	PMC10655196	https://pmc.ncbi.nlm.nih.gov/articles/PMC10655196/		hematologic_malignancy;neurotoxicity;preclinical	metadata_only
neurotoxicity	Pensato U, Amore G, Muccioli L, Sammali S, Rondelli F, Rinaldi R, D'Angelo R, Nicodemo M, Mondini S, Sambati L, Asioli GM, Rossi S, Santoro R, Cretella L, Ferrari S, Spinardi L, Faccioli L, Fanti S, Paccagnella A, Pierucci E, Casadei B, Pellegrini C, Zinzani PL, Bonafè M, Cortelli P, Bonifazi F, Guarino M.	CAR t-cell therapy in BOlogNa-NEUrotoxicity TReatment and Assessment in Lymphoma (CARBON-NEUTRAL): proposed protocol and results from an Italian study	Journal of neurology	2023	36869888	10.1007/s00415-023-11595-4		https://doi.org/10.1007/s00415-023-11595-4		clinical;cytokine_release_syndrome;hematologic_malignancy;neurotoxicity;steroids_immunomodulation	metadata_only
neurotoxicity	Pensato U, de Philippis C, Pistolese F, Mannina D, Marcheselli S, Politi LS, Santoro A, Bramanti S.	Case report: Reversible punctate inflammatory foci in the corpus callosum: A novel radiological finding of CAR T-cell therapy-related neurotoxicity	Frontiers in neurology	2023	36824415	10.3389/fneur.2023.1125121	PMC9941663	https://pmc.ncbi.nlm.nih.gov/articles/PMC9941663/	fulltext/pensato_2023_pmid36824415.xml	clinical;hematologic_malignancy;neurotoxicity;steroids_immunomodulation;systemic_iv	fulltext_xml
neurotoxicity	Santomasso BD, Gust J, Perna F.	How I treat unique and difficult-to-manage cases of CAR T-cell therapy-associated neurotoxicity	Blood	2023	36877916	10.1182/blood.2022017604	PMC10329188	https://pmc.ncbi.nlm.nih.gov/articles/PMC10329188/	fulltext/santomasso_2023_pmid36877916.xml	clinical;cytokine_release_syndrome;grading_management;neurotoxicity;review	fulltext_xml
neurotoxicity	Satyanarayan S, Spiegel J, Hovsepian D, Markert M, Thomas R, Muffly L, Miklos D, Graber K, Scott BJ.	Continuous EEG monitoring detects nonconvulsive seizure and Ictal-Interictal Continuum abnormalities in moderate to severe ICANS following systemic CAR-T therapy	The Neurohospitalist	2023	36531846	10.1177/19418744221128852	PMC9755619	https://pmc.ncbi.nlm.nih.gov/articles/PMC9755619/		clinical;cytokine_release_syndrome;hematologic_malignancy;neurotoxicity	metadata_only
neurotoxicity	Velasco R, Mussetti A, Villagrán-García M, Sureda A.	CAR T-cell-associated neurotoxicity in central nervous system hematologic disease: Is it still a concern?	Frontiers in neurology	2023	37090983	10.3389/fneur.2023.1144414	PMC10117964	https://pmc.ncbi.nlm.nih.gov/articles/PMC10117964/	fulltext/velasco_2023_pmid37090983.xml	clinical;hematologic_malignancy;neurotoxicity;review	fulltext_xml
neurotoxicity	Amidi Y, Eckhardt CA, Quadri SA, Malik P, Firme MS, Jones DK, Jain A, Danish HH, Rubin DB, Jacobson CA, Cash SS, Lee JW, Dietrich J, Westover MB.	Forecasting immune effector cell-associated neurotoxicity syndrome after chimeric antigen receptor t-cell therapy	Journal for immunotherapy of cancer	2022	36450377	10.1136/jitc-2022-005459	PMC9716920	https://pmc.ncbi.nlm.nih.gov/articles/PMC9716920/	fulltext/amidi_2022_pmid36450377.xml	clinical;cytokine_release_syndrome;neurotoxicity	fulltext_xml
neurotoxicity	Beuchat I, Danish HH, Rubin DB, Jacobson C, Robertson M, Vaitkevicius H, Lee JW.	EEG findings in CAR T-cell-associated neurotoxicity: Clinical and radiological correlations	Neuro-oncology	2022	34265061	10.1093/neuonc/noab174	PMC8804895	https://pmc.ncbi.nlm.nih.gov/articles/PMC8804895/		clinical;neurotoxicity	metadata_only
neurotoxicity	Cohen AD, Parekh S, Santomasso BD, Gállego Pérez-Larraya J, van de Donk NWCJ, Arnulf B, Mateos MV, Lendvai N, Jackson CC, De Braganca KC, Schecter JM, Marquez L, Lee E, Cornax I, Zudaire E, Li C, Olyslager Y, Madduri D, Varsos H, Pacaud L, Akram M, Geng D, Jakubowiak A, Einsele H, Jagannath S.	Incidence and management of CAR-T neurotoxicity in patients with multiple myeloma treated with ciltacabtagene autoleucel in CARTITUDE studies	Blood cancer journal	2022	35210399	10.1038/s41408-022-00629-1	PMC8873238	https://pmc.ncbi.nlm.nih.gov/articles/PMC8873238/	fulltext/cohen_2022_pmid35210399.xml	clinical;cytokine_release_syndrome;hematologic_malignancy;neurotoxicity	fulltext_xml
neurotoxicity	Faulhaber LD, Phuong AQ, Hartsuyker KJ, Cho Y, Mand KK, Harper SD, Olson AK, Garden GA, Shih AY, Gust J.	Brain capillary obstruction during neurotoxicity in a mouse model of anti-CD19 chimeric antigen receptor T-cell therapy	Brain communications	2022	35169706	10.1093/braincomms/fcab309	PMC8833245	https://pmc.ncbi.nlm.nih.gov/articles/PMC8833245/	fulltext/faulhaber_2022_pmid35169706.xml	cardiopulmonary;clinical;cytokine_release_syndrome;neurotoxicity;organ_function;steroids_immunomodulation	fulltext_xml
neurotoxicity	Garcia-Robledo JE, Valencia-Sanchez C, Knox MG, Goodman BP, Rosenthal AC, Patel B, Castro JE.	It Is in the Eye of the Beholder: Ocular Ultrasound Enhanced Monitoring of Neurotoxicity after CAR-T Cell Therapy	Hematology reports	2022	36648879	10.3390/hematolrep15010001	PMC9844474	https://pmc.ncbi.nlm.nih.gov/articles/PMC9844474/	fulltext/garciarobledo_2022_pmid36648879.xml	clinical;cytokine_release_syndrome;hematologic_malignancy;neurotoxicity	fulltext_xml
neurotoxicity	Grant SJ, Grimshaw AA, Silberstein J, Murdaugh D, Wildes TM, Rosko AE, Giri S.	Clinical Presentation, Risk Factors, and Outcomes of Immune Effector Cell-Associated Neurotoxicity Syndrome Following Chimeric Antigen Receptor T Cell Therapy: A Systematic Review	Transplantation and cellular therapy	2022	35288347	10.1016/j.jtct.2022.03.006	PMC9197870	https://pmc.ncbi.nlm.nih.gov/articles/PMC9197870/		clinical;cytokine_release_syndrome;grading_management;hematologic_malignancy;neurotoxicity;review	metadata_only
neurotoxicity	Gu T, Hu K, Si X, Hu Y, Huang H.	Mechanisms of immune effector cell-associated neurotoxicity syndrome after CAR-T treatment	WIREs mechanisms of disease	2022	35871757	10.1002/wsbm.1576	PMC9787013	https://pmc.ncbi.nlm.nih.gov/articles/PMC9787013/	fulltext/gu_2022_pmid35871757.xml	clinical;cytokine_release_syndrome;neurotoxicity;review	fulltext_xml
neurotoxicity	Jones DK, Eckhardt CA, Sun H, Tesh RA, Malik P, Quadri S, Firme MS, van Sleuwen M, Jain A, Fan Z, Jing J, Ge W, Nascimento FA, Sheikh IS, Jacobson C, Frigault M, Kimchi EY, Cash SS, Lee JW, Dietrich J, Westover MB.	EEG-based grading of immune effector cell-associated neurotoxicity syndrome	Scientific reports	2022	36414694	10.1038/s41598-022-24010-1	PMC9681864	https://pmc.ncbi.nlm.nih.gov/articles/PMC9681864/	fulltext/jones_2022_pmid36414694.xml	clinical;neurotoxicity	fulltext_xml
neurotoxicity	Khorasanchi A, Ansari AM, Bottinor W, Simmons G, Abbate A, Toor AA.	Transient left ventricular dysfunction following chimeric antigen receptor T-cell-mediated encephalopathy: A form of stress cardiomyopathy	EJHaem	2022	35846197	10.1002/jha2.369	PMC9175695	https://pmc.ncbi.nlm.nih.gov/articles/PMC9175695/	fulltext/khorasanchi_2022_pmid35846197.xml	clinical;cytokine_release_syndrome;hematologic_malignancy;neurotoxicity	fulltext_xml
neurotoxicity	Lapidus AH, Anderson MA, Harrison SJ, Dickinson M, Kalincik T, Lasocki A.	Neuroimaging findings in immune effector cell associated neurotoxicity syndrome after chimeric antigen receptor T-cell therapy	Leukemia & lymphoma	2022	35570737	10.1080/10428194.2022.2074990		https://doi.org/10.1080/10428194.2022.2074990		clinical;hematologic_coagulopathy;neurotoxicity;organ_function;review	metadata_only
neurotoxicity	Morris EC, Neelapu SS, Giavridis T, Sadelain M.	Cytokine release syndrome and associated neurotoxicity in cancer immunotherapy	Nature reviews. Immunology	2022	34002066	10.1038/s41577-021-00547-6	PMC8127450	https://pmc.ncbi.nlm.nih.gov/articles/PMC8127450/	fulltext/morris_2022_pmid34002066.xml	clinical;cytokine_release_syndrome;neurotoxicity;review	fulltext_xml
neurotoxicity	Pensato U, Amore G, D'Angelo R, Rinaldi R, Nicodemo M, Rondelli F, Mondini S, Santoro R, Sammali S, Farolfi A, Spinardi L, Faccioli L, Casadei B, Dicataldo M, Bonifazi F, Zinzani P, Cortelli P, Stracciari A, Guarino M.	Frontal predominant encephalopathy with early paligraphia as a distinctive signature of CAR T-cell therapy-related neurotoxicity	Journal of neurology	2022	34424399	10.1007/s00415-021-10766-5	PMC8381707	https://pmc.ncbi.nlm.nih.gov/articles/PMC8381707/	fulltext/pensato_2022_pmid34424399.xml	clinical;neurotoxicity	fulltext_xml
neurotoxicity	Reveron-Thornton R, Scott BJ, Post D, Caulfield AF, Werbaneth K, Hovsepian DA, Spiegel J, Miklos D, Thomas RP, Patel CB.	Recurrent Status Epilepticus in the Setting of Chimeric Antigen Receptor (CAR)-T Cell Therapy	The Neurohospitalist	2022	34950390	10.1177/19418744211000980	PMC8689529	https://pmc.ncbi.nlm.nih.gov/articles/PMC8689529/		cardiopulmonary;clinical;cytokine_release_syndrome;hematologic_malignancy;infection_immune;neurotoxicity;organ_function;steroids_immunomodulation	metadata_only
neurotoxicity	Saw JL, Sidiqi MH, Ruff M, Hocker S, Alkhateeb H, Ansell SM, Bennani NN, Dingli D, Hayman SR, Johnston PB, Kapoor P, Kenderian SJ, Kourelis TV, Kumar SK, Paludo J, Shah MV, Siddiqui MA, Warsame R, Rosenthal A, Grill M, Castro JE, Siegel J, Abdel Rahman ZH, Kharfan-Dabaja MA, So E, Lin Y.	Acute seizures and status epilepticus in immune effector cell associated neurotoxicity syndrome (ICANS)	Blood cancer journal	2022	35418113	10.1038/s41408-022-00657-x	PMC9007939	https://pmc.ncbi.nlm.nih.gov/articles/PMC9007939/	fulltext/saw_2022_pmid35418113.xml	clinical;neurotoxicity	fulltext_xml
neurotoxicity	Shalabi H, Martin S, Yates B, Wolters PL, Kaplan C, Smith H, Sesi CR, Jess J, Toledo-Tamula MA, Struemph K, Delbrook CP, Khan OI, Mackall CL, Lee DW, Shah NN.	Neurotoxicity following CD19/CD28ζ CAR T-cells in children and young adults with B-cell malignancies	Neuro-oncology	2022	35148417	10.1093/neuonc/noac034	PMC9435493	https://pmc.ncbi.nlm.nih.gov/articles/PMC9435493/		clinical;cytokine_release_syndrome;hematologic_malignancy;neurotoxicity;pediatric	metadata_only
neurotoxicity	Shalabi H, Nellan A, Shah NN, Gust J.	Immunotherapy Associated Neurotoxicity in Pediatric Oncology	Frontiers in oncology	2022	35265526	10.3389/fonc.2022.836452	PMC8899040	https://pmc.ncbi.nlm.nih.gov/articles/PMC8899040/	fulltext/shalabi_2022_pmid35265526.xml	clinical;neurotoxicity;pediatric;review;steroids_immunomodulation	fulltext_xml
neurotoxicity	Sterner RC, Sterner RM.	Immune effector cell associated neurotoxicity syndrome in chimeric antigen receptor-T cell therapy	Frontiers in immunology	2022	36081506	10.3389/fimmu.2022.879608	PMC9445841	https://pmc.ncbi.nlm.nih.gov/articles/PMC9445841/	fulltext/sterner_2022_pmid36081506.xml	clinical;neurotoxicity;review	fulltext_xml
neurotoxicity	Tang JP, Peters CW, Quiros C, Wang X, Klomhaus AM, Yamada RE, Timmerman JM, Moore TB, Nowicki TS.	Hypophosphatemia Due to Increased Effector Cell Metabolic Activity Is Associated with Neurotoxicity Symptoms in CD19-Targeted CAR T-cell Therapy	Cancer immunology research	2022	36259217	10.1158/2326-6066.cir-22-0418	PMC9722515	https://pmc.ncbi.nlm.nih.gov/articles/PMC9722515/	fulltext/tang_2022_pmid36259217.xml	clinical;infection_immune;neurotoxicity;organ_function;renal_electrolyte	fulltext_xml
neurotoxicity	Wieczorek A, Manzitti C, Garaventa A, Gray J, Papadakis V, Valteau-Couanet D, Zachwieja K, Poetschger U, Pribill I, Fiedler S, Ladenstein R, Lode HN.	Clinical Phenotype and Management of Severe Neurotoxicity Observed in Patients with Neuroblastoma Treated with Dinutuximab Beta in Clinical Trials	Cancers	2022	35454826	10.3390/cancers14081919	PMC9026788	https://pmc.ncbi.nlm.nih.gov/articles/PMC9026788/	fulltext/wieczorek_2022_pmid35454826.xml	clinical;gd2_agent;neuroblastoma;neurotoxicity;steroids_immunomodulation;systemic_iv	fulltext_xml
neurotoxicity	Śliwa-Tytko P, Kaczmarska A, Lejman M, Zawitkowska J.	Neurotoxicity Associated with Treatment of Acute Lymphoblastic Leukemia Chemotherapy and Immunotherapy	International journal of molecular sciences	2022	35628334	10.3390/ijms23105515	PMC9146746	https://pmc.ncbi.nlm.nih.gov/articles/PMC9146746/	fulltext/liwatytko_2022_pmid35628334.xml	clinical;hematologic_malignancy;neurotoxicity;pediatric;review	fulltext_xml
neurotoxicity	Bhojwani D, Bansal R, Wayne AS.	Managing therapy-associated neurotoxicity in children with ALL	Hematology. American Society of Hematology. Education Program	2021	34889354	10.1182/hematology.2021000269	PMC8791096	https://pmc.ncbi.nlm.nih.gov/articles/PMC8791096/		cardiopulmonary;clinical;grading_management;hematologic_malignancy;neurotoxicity;organ_function;pediatric;review;steroids_immunomodulation	metadata_only
neurotoxicity	Brown BD, Tambaro FP, Kohorst M, Chi L, Mahadeo KM, Tewari P, Petropoulos D, Slopis JM, Sadighi Z, Khazal S.	Immune Effector Cell Associated Neurotoxicity (ICANS) in Pediatric and Young Adult Patients Following Chimeric Antigen Receptor (CAR) T-Cell Therapy: Can We Optimize Early Diagnosis?	Frontiers in oncology	2021	33763368	10.3389/fonc.2021.634445	PMC7982581	https://pmc.ncbi.nlm.nih.gov/articles/PMC7982581/	fulltext/brown_2021_pmid33763368.xml	clinical;cytokine_release_syndrome;infection_immune;neurotoxicity;pediatric	fulltext_xml
neurotoxicity	Burton LB, Eskian M, Guidon AC, Reynolds KL.	A review of neurotoxicities associated with immunotherapy and a framework for evaluation	Neuro-oncology advances	2021	34859238	10.1093/noajnl/vdab107	PMC8633791	https://pmc.ncbi.nlm.nih.gov/articles/PMC8633791/	fulltext/burton_2021_pmid34859238.xml	clinical;neurotoxicity;review	fulltext_xml
neurotoxicity	Castaneda-Puglianini O, Chavez JC.	Assessing and Management of Neurotoxicity After CAR-T Therapy in Diffuse Large B-Cell Lymphoma	Journal of blood medicine	2021	34466048	10.2147/jbm.s281247	PMC8403007	https://pmc.ncbi.nlm.nih.gov/articles/PMC8403007/	fulltext/castanedapuglianini_2021_pmid34466048.xml	clinical;cytokine_release_syndrome;hematologic_malignancy;neurotoxicity;review	fulltext_xml
neurotoxicity	Foster MC, Savoldo B, Lau W, Rubinos C, Grover N, Armistead P, Coghill J, Hagan RS, Morrison K, Buchanan FB, Cheng C, Laing S, Ivanova A, West J, Foster A, Serody J, Dotti G.	Utility of a safety switch to abrogate CD19.CAR T-cell-associated neurotoxicity	Blood	2021	33624095	10.1182/blood.2021010784	PMC8351894	https://pmc.ncbi.nlm.nih.gov/articles/PMC8351894/		clinical;mitigation_engineering;neurotoxicity	metadata_only
neurotoxicity	Gonzalez Castro LN, Dietrich J.	Evaluation and management of chimeric antigen receptor (CAR) T-cell-associated neurotoxicity	Neuro-oncology practice	2021	34055373	10.1093/nop/npaa080	PMC8153820	https://pmc.ncbi.nlm.nih.gov/articles/PMC8153820/		clinical;cytokine_release_syndrome;hematologic_malignancy;neurotoxicity;review	metadata_only
neurotoxicity	Gust J, Annesley CE, Gardner RA, Bozarth X.	EEG Correlates of Delirium in Children and Young Adults With CD19-Directed CAR T Cell Treatment-Related Neurotoxicity	Journal of clinical neurophysiology : official publication of the American Electroencephalographic Society	2021	31851018	10.1097/wnp.0000000000000669	PMC7292745	https://pmc.ncbi.nlm.nih.gov/articles/PMC7292745/		clinical;neurotoxicity;pediatric	metadata_only
neurotoxicity	Holtzman NG, Xie H, Bentzen S, Kesari V, Bukhari A, El Chaer F, Lutfi F, Siglin J, Hutnick E, Gahres N, Ruehle K, Ahmad H, Shanholtz C, Kocoglu MH, Badros AZ, Yared JA, Hardy NM, Rapoport AP, Dahiya S.	Immune effector cell-associated neurotoxicity syndrome after chimeric antigen receptor T-cell therapy for lymphoma: predictive biomarkers and clinical outcomes	Neuro-oncology	2021	32750704	10.1093/neuonc/noaa183	PMC7850044	https://pmc.ncbi.nlm.nih.gov/articles/PMC7850044/		clinical;grading_management;hematologic_coagulopathy;hematologic_malignancy;neurotoxicity;organ_function;review	metadata_only
neurotoxicity	Pensato U, Muccioli L, Cani I, Janigro D, Zinzani PL, Guarino M, Cortelli P, Bisulli F.	Brain dysfunction in COVID-19 and CAR-T therapy: cytokine storm-associated encephalopathy	Annals of clinical and translational neurology	2021	33780166	10.1002/acn3.51348	PMC8045903	https://pmc.ncbi.nlm.nih.gov/articles/PMC8045903/	fulltext/pensato_2021_pmid33780166.xml	clinical;cytokine_release_syndrome;hlh_mas;infection_immune;neurotoxicity;organ_function;review	fulltext_xml
neurotoxicity	Sheth VS, Gauthier J.	Taming the beast: CRS and ICANS after CAR T-cell therapy for ALL	Bone marrow transplantation	2021	33230186	10.1038/s41409-020-01134-4	PMC8592274	https://pmc.ncbi.nlm.nih.gov/articles/PMC8592274/		clinical;cytokine_release_syndrome;hematologic_malignancy;neurotoxicity;pediatric;review	metadata_only
neurotoxicity	Xiao X, Huang S, Chen S, Wang Y, Sun Q, Xu X, Li Y.	Mechanisms of cytokine release syndrome and neurotoxicity of CAR T-cell therapy and associated prevention and management strategies	Journal of experimental & clinical cancer research : CR	2021	34794490	10.1186/s13046-021-02148-6	PMC8600921	https://pmc.ncbi.nlm.nih.gov/articles/PMC8600921/	fulltext/xiao_2021_pmid34794490.xml	clinical;cytokine_release_syndrome;neurotoxicity;review	fulltext_xml
neurotoxicity	Yuen C, Rezania K, Kelly T, Bishop M.	NCMP-10. DYSGRAPHIA AS THE EARLIEST PRESENTING SYMPTOM OF SEVERE CHIMERIC ANTIGEN RECEPTOR (CAR) T-CELL THERAPY NEUROTOXICITY: A SINGLE CENTER EXPERIENCE	Neuro-oncology	2021			PMC8598665	https://pmc.ncbi.nlm.nih.gov/articles/PMC8598665/		clinical;grading_management;hematologic_malignancy;meeting_abstract;neurotoxicity	metadata_only
neurotoxicity	Achbergerová M, Hederová S, Mikesková M, Husáková K, Hrašková A, Kolenová A.	Implementation of immunotherapy into the treatment of neuroblastoma - single center experience with the administration of dinutuximab and management of its adverse effects	Klinicka onkologie : casopis Ceske a Slovenske onkologicke spolecnosti	2020	33108882	10.14735/amko2020372		https://doi.org/10.14735/amko2020372		clinical;cytokine_release_syndrome;gd2_agent;grading_management;neuroblastoma;neurotoxicity;other_solid;pediatric	metadata_only
neurotoxicity	Belin C, Devic P, Ayrignac X, Dos Santos A, Paix A, Sirven-Villaros L, Simard C, Lamure S, Gastinne T, Ursu R, Berger C, Platon L, Tessoulin B, Azoulay E, Wallet F, Thieblemont C, Bachy E, Cartron G, Laplaud DA, Carpentier AF.	Description of neurotoxicity in a series of patients treated with CAR T-cell therapy	Scientific reports	2020	33149178	10.1038/s41598-020-76055-9	PMC7642402	https://pmc.ncbi.nlm.nih.gov/articles/PMC7642402/	fulltext/belin_2020_pmid33149178.xml	clinical;cytokine_release_syndrome;hematologic_malignancy;neurotoxicity	fulltext_xml
neurotoxicity	Brown B, Mahadeo K, Khazal S, Petropoulos D, Tewari P, Slopis J, Tambaro P, Sadighi Z.	IMMU-52. IMMUNE EFFECTOR CELL ASSOCIATED NEUROTOXICITY (ICANS) AMONG PEDIATRIC AND AYA PATIENTS: MD ANDERSON CANCER CENTER EXPERIENCE	Neuro-oncology	2020			PMC7651479	https://pmc.ncbi.nlm.nih.gov/articles/PMC7651479/		clinical;cytokine_release_syndrome;grading_management;hematologic_malignancy;meeting_abstract;neurotoxicity;pediatric	metadata_only
neurotoxicity	Brown B, Tambaro P, Mahadeo K, Khazal S, Tewari P, Petropoulos D, Slopis J, Sadighi Z.	IMMU-07. IMMUNE EFFECTOR CELL ASSOCIATED NEUROTOXICITY (ICANS) AMONG PEDIATRIC AND AYA PATIENTS: MD ANDERSON CANCER CENTER EXPERIENCE	Neuro-oncology	2020			PMC7715126	https://pmc.ncbi.nlm.nih.gov/articles/PMC7715126/	fulltext/brown_2020_pmidPMC7715126.xml	clinical;cytokine_release_syndrome;grading_management;hematologic_malignancy;meeting_abstract;neurotoxicity;pediatric	fulltext_xml
neurotoxicity	Butt O, Zhou A, Schindler S, Fagan A, Dipersio J, Ghobadi A, Ances B.	NCMP-24. PRE-INFUSION NEUROFILAMENT LIGHT CHAIN (NFL) LEVELS PREDICT THE DEVELOPMENT OF IMMUNE EFFECTOR CELL-ASSOCIATED NEUROTOXICITY SYNDROME (ICANS)	Neuro-oncology	2020			PMC7651371	https://pmc.ncbi.nlm.nih.gov/articles/PMC7651371/		clinical;hematologic_coagulopathy;hematologic_malignancy;meeting_abstract;neurotoxicity;organ_function	metadata_only
neurotoxicity	Freyer CW, Porter DL.	Cytokine release syndrome and neurotoxicity following CAR T-cell therapy for hematologic malignancies	The Journal of allergy and clinical immunology	2020	32771558	10.1016/j.jaci.2020.07.025		https://doi.org/10.1016/j.jaci.2020.07.025		cardiopulmonary;clinical;cytokine_release_syndrome;hematologic_coagulopathy;hlh_mas;neurotoxicity;organ_function;review;steroids_immunomodulation	metadata_only
neurotoxicity	Gust J, Ponce R, Liles WC, Garden GA, Turtle CJ.	Cytokines in CAR T Cell-Associated Neurotoxicity	Frontiers in immunology	2020	33391257	10.3389/fimmu.2020.577027	PMC7772425	https://pmc.ncbi.nlm.nih.gov/articles/PMC7772425/	fulltext/gust_2020_pmid33391257.xml	clinical;cytokine_release_syndrome;infection_immune;neurotoxicity;review;steroids_immunomodulation	fulltext_xml
neurotoxicity	Gust J, Wilson A, Finney O, Hartsuyker K, Narayanaswamy P, Wu V, Garden G, Annesley C, Gardner R.	IMMU-02. CHIMERIC ANTIGEN RECEPTOR (CAR) T CELL NEUROTOXICITY CORRELATES WITH PRETREATMENT AND ACUTE CSF NEUROFILAMENT LIGHT CHAIN (NFL) LEVELS	Neuro-oncology	2020			PMC7715669	https://pmc.ncbi.nlm.nih.gov/articles/PMC7715669/	fulltext/gust_2020_pmidPMC7715669.xml	clinical;hematologic_malignancy;meeting_abstract;neurotoxicity;on_target_off_tumor;pediatric	fulltext_xml
neurotoxicity	Mokhtari S, Asquith J, Bachmeier C, Faramand R, Kim Y, Peguero E, Sahebjam S, Jain M, Vogelbaum M, Davila M, Forsyth P, Locke F, Aleksandr L.	NCMP-27. THE USE OF INTRAVENOUS IMMUNOGLOBULIN (IVIG) DURING SEVERE NEUROTOXICITY AMONG THE RECIPIENTS OF CHIMERIC ANTIGEN RECEPTOR T-CELLS (CAR-T) THERAPY	Neuro-oncology	2020			PMC7651408	https://pmc.ncbi.nlm.nih.gov/articles/PMC7651408/		clinical;cytokine_release_syndrome;hematologic_malignancy;meeting_abstract;neurotoxicity;steroids_immunomodulation;systemic_iv	metadata_only
neurotoxicity	Strati P, Nastoupil LJ, Westin J, Fayad LE, Ahmed S, Fowler NH, Hagemeister FB, Lee HJ, Iyer SP, Nair R, Parmar S, Rodriguez MA, Samaniego F, Steiner RE, Wang M, Pinnix CC, Adkins S, Claussen CM, Martinez CS, Hawkins MC, Johnson NA, Singh P, Mistry HE, Horowitz S, George S, Feng L, Kebriaei P, Shpall EJ, Neelapu SS, Tummala S, Chi TL.	Clinical and radiologic correlates of neurotoxicity after axicabtagene ciloleucel in large B-cell lymphoma	Blood advances	2020	32822484	10.1182/bloodadvances.2020002228	PMC7448589	https://pmc.ncbi.nlm.nih.gov/articles/PMC7448589/		clinical;cytokine_release_syndrome;grading_management;hematologic_malignancy;neurotoxicity	metadata_only
neurotoxicity	Wang M, Jain P, Chi TL, Chen SE, Heimberger A, Weathers SP, Zheng L, Rao AV, Rossi JM.	Management of a patient with mantle cell lymphoma who developed severe neurotoxicity after chimeric antigen receptor T-cell therapy in ZUMA-2	Journal for immunotherapy of cancer	2020	33067318	10.1136/jitc-2020-001114	PMC7570235	https://pmc.ncbi.nlm.nih.gov/articles/PMC7570235/	fulltext/wang_2020_pmid33067318.xml	clinical;hematologic_malignancy;neurotoxicity	fulltext_xml
neurotoxicity	Gonzalez Castro LN, Dietrich J, Forst DA.	Stuttering as the first sign of CAR-T-cell-related encephalopathy syndrome (CRES)	Journal of cancer research and clinical oncology	2019	30539279	10.1007/s00432-018-2818-y	PMC11810232	https://pmc.ncbi.nlm.nih.gov/articles/PMC11810232/		clinical;neurotoxicity	metadata_only
neurotoxicity	Gust J, Finney OC, Li D, Brakke HM, Hicks RM, Futrell RB, Gamble DN, Rawlings-Rhea SD, Khalatbari HK, Ishak GE, Duncan VE, Hevner RF, Jensen MC, Park JR, Gardner RA.	Glial injury in neurotoxicity after pediatric CD19-directed chimeric antigen receptor T cell therapy	Annals of neurology	2019	31074527	10.1002/ana.25502	PMC9375054	https://pmc.ncbi.nlm.nih.gov/articles/PMC9375054/		clinical;cytokine_release_syndrome;grading_management;hematologic_malignancy;neurotoxicity;pediatric	metadata_only
neurotoxicity	Gofshteyn JS, Shaw PA, Teachey DT, Grupp SA, Maude S, Banwell B, Chen F, Lacey SF, Melenhorst JJ, Edmonson MJ, Panzer J, Barrett DM, McGuire JL.	Neurotoxicity after CTL019 in a pediatric and young adult cohort	Annals of neurology	2018	30178481	10.1002/ana.25315	PMC6444896	https://pmc.ncbi.nlm.nih.gov/articles/PMC6444896/		clinical;cytokine_release_syndrome;neurotoxicity;pediatric	metadata_only
neurotoxicity	Gust J, Taraseviciute A, Turtle CJ.	Neurotoxicity Associated with CD19-Targeted CAR-T Cell Therapies	CNS drugs	2018	30387077	10.1007/s40263-018-0582-9	PMC7295115	https://pmc.ncbi.nlm.nih.gov/articles/PMC7295115/		clinical;cytokine_release_syndrome;grading_management;neurotoxicity;review;steroids_immunomodulation	metadata_only
neurotoxicity	Neelapu SS, Tummala S, Kebriaei P, Wierda W, Gutierrez C, Locke FL, Komanduri KV, Lin Y, Jain N, Daver N, Westin J, Gulbis AM, Loghin ME, de Groot JF, Adkins S, Davis SE, Rezvani K, Hwu P, Shpall EJ.	Chimeric antigen receptor T-cell therapy - assessment and management of toxicities	Nature reviews. Clinical oncology	2018	28925994	10.1038/nrclinonc.2017.148	PMC6733403	https://pmc.ncbi.nlm.nih.gov/articles/PMC6733403/		clinical;cytokine_release_syndrome;hlh_mas;neurotoxicity;organ_function;review	metadata_only
neurotoxicity	Santomasso BD, Park JH, Salloum D, Riviere I, Flynn J, Mead E, Halton E, Wang X, Senechal B, Purdon T, Cross JR, Liu H, Vachha B, Chen X, DeAngelis LM, Li D, Bernal Y, Gonen M, Wendel HG, Sadelain M, Brentjens RJ.	Clinical and Biological Correlates of Neurotoxicity Associated with CAR T-cell Therapy in Patients with B-cell Acute Lymphoblastic Leukemia	Cancer discovery	2018	29880584	10.1158/2159-8290.cd-17-1319	PMC6385599	https://pmc.ncbi.nlm.nih.gov/articles/PMC6385599/		clinical;hematologic_malignancy;neurotoxicity	metadata_only
neurotoxicity	Taraseviciute A, Tkachev V, Ponce R, Turtle CJ, Snyder JM, Liggitt HD, Myerson D, Gonzalez-Cuyar L, Baldessari A, English C, Yu A, Zheng H, Furlan SN, Hunt DJ, Hoglund V, Finney O, Brakke H, Blazar BR, Berger C, Riddell SR, Gardner R, Kean LS, Jensen MC.	Chimeric Antigen Receptor T Cell-Mediated Neurotoxicity in Nonhuman Primates	Cancer discovery	2018	29563103	10.1158/2159-8290.cd-17-1368	PMC6058704	https://pmc.ncbi.nlm.nih.gov/articles/PMC6058704/		cytokine_release_syndrome;hematologic_malignancy;neurotoxicity;preclinical;steroids_immunomodulation	metadata_only
neurotoxicity	Gust J, Hay KA, Hanafi LA, Li D, Myerson D, Gonzalez-Cuyar LF, Yeung C, Liles WC, Wurfel M, Lopez JA, Chen J, Chung D, Harju-Baker S, Özpolat T, Fink KR, Riddell SR, Maloney DG, Turtle CJ.	Endothelial Activation and Blood-Brain Barrier Disruption in Neurotoxicity after Adoptive Immunotherapy with CD19 CAR-T Cells	Cancer discovery	2017	29025771	10.1158/2159-8290.cd-17-0698	PMC5718945	https://pmc.ncbi.nlm.nih.gov/articles/PMC5718945/		clinical;cytokine_release_syndrome;grading_management;hematologic_coagulopathy;hematologic_malignancy;neurotoxicity;organ_function;steroids_immunomodulation	metadata_only
cytokine_release_syndrome		P-2148. Infection Following Cytokine Release Syndrome in Patients Receiving Chimeric Antigen Receptor T-Cell Therapy	Open forum infectious diseases	2026			PMC12793602	https://pmc.ncbi.nlm.nih.gov/articles/PMC12793602/	fulltext/anon_2026_pmidPMC12793602.xml	clinical;cytokine_release_syndrome;infection_immune	fulltext_xml
cytokine_release_syndrome	Alarcon Tomas A, Segura A, Chavez J.	Managing cytokine release syndrome in hematological malignancies being treated with CAR-T cell therapy	Expert review of hematology	2026	42233607	10.1080/17474086.2026.2684519		https://doi.org/10.1080/17474086.2026.2684519		clinical;cytokine_release_syndrome;grading_management;hematologic_malignancy;review;steroids_immunomodulation	metadata_only
cytokine_release_syndrome	Alotaibi A, Alajmi N, Alnuhait M.	Severe Cytokine Release Syndrome After CAR T Cell Therapy in a Pediatric Patient With Relapsed ALL	Case reports in oncological medicine	2026	41696549	10.1155/crom/6680945	PMC12903790	https://pmc.ncbi.nlm.nih.gov/articles/PMC12903790/	fulltext/alotaibi_2026_pmid41696549.xml	cardiopulmonary;clinical;cytokine_release_syndrome;grading_management;hematologic_malignancy;neurotoxicity;organ_function;pediatric;steroids_immunomodulation;systemic_iv	fulltext_xml
cytokine_release_syndrome	Arai Y, Jo T, Sato T, Sakurai M, Kaji D, Kitawaki T, Shimada K, Shimoyama T, Yoshihara S, Makita S, Fujii N, Yamamoto G, Kataoka K, Sakaida E, Goto H, Nakashima Y, Yoshida A, Umezawa Y, Kim H, Kato M, Atsuta Y, Kato K.	Decreased renal function predicts severe cytokine release syndrome after CAR-T-cell therapy for large B-cell lymphoma	British journal of haematology	2026	41986280	10.1111/bjh.70488	PMC13267435	https://pmc.ncbi.nlm.nih.gov/articles/PMC13267435/	fulltext/arai_2026_pmid41986280.xml	clinical;cytokine_release_syndrome;hematologic_malignancy;organ_function;renal_electrolyte	fulltext_xml
cytokine_release_syndrome	Attia MS, Dyer B, McMillan N, Zunk M.	A systematic review and meta-analysis of shRNA-IL-6-engineered CAR-T cells for B-cell acute lymphoblastic leukemia: a stepping stone toward risk-free immunotherapy	Bioscience reports	2026	42012511	10.1042/bsr20260143	PMC13199798	https://pmc.ncbi.nlm.nih.gov/articles/PMC13199798/	fulltext/attia_2026_pmid42012511.xml	clinical;cytokine_release_syndrome;hematologic_malignancy;neurotoxicity;review	fulltext_xml
cytokine_release_syndrome	Bamba S, Jo T, Kitawaki T, Yoshinaga N, Sakamoto T, Kanda J, Nishikori M, Yamashita K, Nagao M, Takaori-Kondo A, Arai Y.	Prolonged Cytokine Release Syndrome is Associated with Hypofibrinogenemia after CD19-Directed CAR T-Cell Therapy in Adult Patients with Relapsed/Refractory Lymphoma	Transplantation and cellular therapy	2026	42173255	10.1016/j.jtct.2026.05.028		https://doi.org/10.1016/j.jtct.2026.05.028		clinical;cytokine_release_syndrome;grading_management;hematologic_coagulopathy;hematologic_malignancy;organ_function	metadata_only
cytokine_release_syndrome	Berna A, Fahrmann J, Irajizad E, Rudsari H, Liu Y, Logan J, Murtada K, Grandy J, Edwards M, Ayers A, Ahmed S, Neelapu S, Saini N, John A, John T.	Pre-infusion Exhaled breath volatile organic compounds predict severe CRS and ICANS after CAR T-cell therapy	medRxiv	2026		10.64898/2026.05.28.26354352		https://doi.org/10.64898/2026.05.28.26354352		clinical;cytokine_release_syndrome;hematologic_malignancy;neurotoxicity	metadata_only
cytokine_release_syndrome	Besbassi H.	A PK-Driven Quantitative Systems Pharmacology Model Predicts Cytokine Release Syndrome Severity Across T Cell-Activating Therapies via a Locked Cytokine Amplification Network	bioRxiv	2026		10.64898/2026.05.05.722920		https://doi.org/10.64898/2026.05.05.722920		clinical;cytokine_release_syndrome;hematologic_malignancy	metadata_only
cytokine_release_syndrome	Bland V, Przybylski D.	Infectious complications associated with tocilizumab following chimeric antigen receptor T-cell therapy	Journal of oncology pharmacy practice : official publication of the International Society of Oncology Pharmacy Practitioners	2026	42154770	10.1177/10781552261453510		https://doi.org/10.1177/10781552261453510		clinical;cytokine_release_syndrome;infection_immune;steroids_immunomodulation	metadata_only
cytokine_release_syndrome	Clerbaux LA, Alb M, Fogal B, Hartung T, Hench VK, Morgan H, Gavins FNE, Lindeman B, Margiotta-Casaluci L, Ostaszewski M, Reiche K, Sachana M, Wittwehr C, Sewald K.	Filling the mechanistic and methodological gaps for predicting cytokine release syndrome in humans	Frontiers in pharmacology	2026	42382173	10.3389/fphar.2026.1839092	PMC13314603	https://pmc.ncbi.nlm.nih.gov/articles/PMC13314603/	fulltext/clerbaux_2026_pmid42382173.xml	cardiopulmonary;cytokine_release_syndrome;organ_function;preclinical	fulltext_xml
cytokine_release_syndrome	Easton N, Andreoli M, van Besien H, Gribbin C, Pasciolla M, Alperovich A, Saldarriaga MM, Ma B, Chokr N, Assal A, Fein J, Mayer S, Arteaga AG, Choi D, Shore T, Hackett CS, Barker J, Yamshon S.	Real-World Assessment of Prophylactic Anakinra on Neurotoxicity and Cytokine Release Syndrome after CD19 Chimeric Antigen Receptor T-Cell Therapy in Relapsed and Refractory B-Cell Lymphoma: An Inverse Probability of Treatment Weighting Analysis	Transplantation and cellular therapy	2026	42309461	10.1016/j.jtct.2026.06.008		https://doi.org/10.1016/j.jtct.2026.06.008		clinical;cytokine_release_syndrome;hematologic_malignancy;infection_immune;neurotoxicity;steroids_immunomodulation	metadata_only
cytokine_release_syndrome	Frigault MJ, Maziarz RT, Amoloja T, Burke L, Bhatt V, Moskop A, Pasquini M, DiPersio JF.	Cytokine Release Syndrome and Immune Effector Cell-Associated Neurotoxicity Syndrome Following Axicabtagene Ciloleucel or Brexucabtagene Autoleucel Chimeric Antigen Receptor T-Cell Therapy: Center for International Blood and Marrow Transplant Research Data	Transplantation and cellular therapy	2026	42537846	10.1016/j.jtct.2026.07.029		https://doi.org/10.1016/j.jtct.2026.07.029		clinical;cytokine_release_syndrome;grading_management;hematologic_malignancy;neurotoxicity;steroids_immunomodulation	metadata_only
cytokine_release_syndrome	Gabriel K, Heinzerling L, von Baumgarten L, Subklewe M, Kobold S.	The role of cytokines in cytokine release syndrome (CRS) after CAR T cell therapy	Biochimica et biophysica acta. Molecular cell research	2026	41581566	10.1016/j.bbamcr.2026.120115		https://doi.org/10.1016/j.bbamcr.2026.120115		clinical;cytokine_release_syndrome;review	metadata_only
cytokine_release_syndrome	Georgiev V, Anderka I, Bucher D, Preiss L, Zhang JD, Umehara K, Parrott N.	Current status of prediction of IL-6 mediated cytochrome P450 activity modulation using in vitro data and PBPK modeling	Drug metabolism and pharmacokinetics	2026	41499926	10.1016/j.dmpk.2025.101510		https://doi.org/10.1016/j.dmpk.2025.101510		cytokine_release_syndrome;drug_interaction_pk;preclinical;review	metadata_only
cytokine_release_syndrome	Goala P, Zhang Y, Beatty N, Pavy A, McSain S, Sailer C, Tariq MJ, Hamid S, Cortes Gomez E, Wang J, Massillon D, Ilecki M, Boucher JC, Savid-Frontera C, Lee SB, Kotani H, Stone ML, Jain MD, Davila ML.	IFN-γ-driven skewing towards Th1 over Th17 differentiation underlies CRS and neutropenia in CAR-T therapy	The Journal of clinical investigation	2026	41165751	10.1172/jci194631	PMC12721892	https://pmc.ncbi.nlm.nih.gov/articles/PMC12721892/	fulltext/goala_2026_pmid41165751.xml	cytokine_release_syndrome;hematologic_coagulopathy;hematologic_malignancy;organ_function;preclinical	fulltext_xml
cytokine_release_syndrome	Golec S, Fu W, Moshier E, Peleg A, Pileggi B, Rossi A, Sahni G.	Relationship between early use of tocilizumab during chimeric antigen receptor T-cell therapy for multiple myeloma and cardiovascular risk and progression-free survival	European heart journal open	2026	42368427	10.1093/ehjopen/oeag097	PMC13308710	https://pmc.ncbi.nlm.nih.gov/articles/PMC13308710/	fulltext/golec_2026_pmid42368427.xml	cardiopulmonary;clinical;cytokine_release_syndrome;hematologic_malignancy;organ_function	fulltext_xml
cytokine_release_syndrome	Gomez-Llobell M, Escribano Serrat S, Bromberg M, Seshan V, Devlin S, Einarsdottir S, Ben Valid O, Golan-Aceb N, Marcus R, Simoni A, Beyar-Katz O, Perek S, Abed Al Wahad A, Corona M, Rejeski K, Raj SS, Dahi P, Scordo M, Shah GL, Palomba ML, Salles G, Park JH, Shouval R, Avigdor A, Sanz J, Perales MA.	Impact of ASTCT Toxicity Grading System on Outcomes After CAR-T for Mature B-Cell Malignancies	Transplantation and cellular therapy	2026	42178058	10.1016/j.jtct.2026.05.032		https://doi.org/10.1016/j.jtct.2026.05.032		clinical;cytokine_release_syndrome;grading_management;hematologic_coagulopathy;neurotoxicity;organ_function	metadata_only
cytokine_release_syndrome	He M, Liu L, Chen Z, Liu Y, Liu C, Ma M, Li J, Dong B, Gong J, Shen L, Tang L, Qi C.	A two-step scoring model incorporating visceral-to-subcutaneous fat ratio and systemic immunoinflammatory index for predicting cytokine release syndrome severity in patients with gastric cancer receiving Claudin18.2-targeted CAR-T cell therapy	Cancer immunology, immunotherapy : CII	2026	41801430	10.1007/s00262-026-04341-y	PMC12972397	https://pmc.ncbi.nlm.nih.gov/articles/PMC12972397/	fulltext/he_2026_pmid41801430.xml	clinical;cytokine_release_syndrome	fulltext_xml
cytokine_release_syndrome	Hu T, Li J, He L, Zhang X, Xu J, Li T, Zhou L.	Case Report: Early introduction of anti-GD2 immunotherapy during induction chemotherapy in high-risk neuroblastoma: two pediatric cases	Frontiers in oncology	2026	42614217	10.3389/fonc.2026.1863412		https://doi.org/10.3389/fonc.2026.1863412		cardiopulmonary;clinical;cytokine_release_syndrome;gd2_agent;grading_management;neuroblastoma;organ_function;pediatric	metadata_only
cytokine_release_syndrome	Hunter BD, Lunning M, Shadman M, Ahmed S, Abramson JS, Perales MA, Ahmed N, Mirza AS, Isufi I, Frigault MJ, Crombie JL, Miklos DB, Vasconcelos A, Crotta A, Bernasconi D, Roy D, Bleickardt E, Pasquini MC, Kamdar M.	CRS or ICANS Are Rare Beyond 2 Weeks After Lisocabtagene Maraleucel Infusion: Data From Clinical Trials and the Real-World Setting	Transplantation and cellular therapy	2026	41235976	10.1016/j.jtct.2025.10.024	PMC13012614	https://pmc.ncbi.nlm.nih.gov/articles/PMC13012614/		clinical;cytokine_release_syndrome;hematologic_malignancy;neurotoxicity	metadata_only
cytokine_release_syndrome	Irajizad E, Fahrmann JF, Katayama H, Strati P, Nair R, Chihara D, Ahmed S, Iyer SP, Locke FL, Davila M, Flowers CR, Shpall E, Jenq R, Neelapu SS, Hanash S, Westin J, Jain MD, John TM, Saini NY.	Pre-infusion plasma proteomics identifies an endothelial–immune priming signature predictive of severe cytokine release syndrome and neurotoxicity following CAR T-cell therapy in relapsed/refractory lymphoma	medRxiv	2026		10.64898/2026.03.29.26349664		https://doi.org/10.64898/2026.03.29.26349664		clinical;cytokine_release_syndrome;hematologic_malignancy;neurotoxicity	metadata_only
cytokine_release_syndrome	Khoury A, El Halabi L, Al Bayeh A, Katrib M, Nasr J, Reddy P.	Tocilizumab: From Bench to Bedside - A Comprehensive Review	Kansas journal of medicine	2026	42137382	10.17161/kjm.vol19.25372	PMC13171021	https://pmc.ncbi.nlm.nih.gov/articles/PMC13171021/	fulltext/khoury_2026_pmid42137382.xml	cytokine_release_syndrome;hematologic_coagulopathy;hepatic;infection_immune;organ_function;preclinical;review	fulltext_xml
cytokine_release_syndrome	Liang J, Hu F, Li J, Zhai Y, Guo X, Xu J, Ye X, He J.	Spectrum and prognosis of CAR-T-related endocrine toxicity: glucose/calcium dysregulation, pituitary axis disorders, and overlap with CRS	Frontiers in medicine	2026	42058415	10.3389/fmed.2026.1786129	PMC13121071	https://pmc.ncbi.nlm.nih.gov/articles/PMC13121071/	fulltext/liang_2026_pmid42058415.xml	clinical;cytokine_release_syndrome;steroids_immunomodulation	fulltext_xml
cytokine_release_syndrome	Lu ER, Hoo CPL, Cheung HM, Wong IWC, Fung KFK, Chang SLY, Lee ACW, Fu ECH, Ku DTL, Yau JPW, Shing MMK, Mak CYK, Liu APY, Chan GCF.	End-of-Induction Response and Tolerability of High-Risk Neuroblastoma Treated with Chemoimmunotherapy-Modified N7 Regimen with Dinutuximab Beta	Cancers	2026	41899628	10.3390/cancers18061028	PMC13025792	https://pmc.ncbi.nlm.nih.gov/articles/PMC13025792/	fulltext/lu_2026_pmid41899628.xml	clinical;cytokine_release_syndrome;gd2_agent;grading_management;hematologic_coagulopathy;neuroblastoma;organ_function;pediatric	fulltext_xml
cytokine_release_syndrome	Luo Q, Zhang X, Qiu X, Jiang H, Xu Y.	Teclistamab-Induced Localized Pleural Cavity Cytokine Release Syndrome in a Multiple Myeloma Patient Managed with Intrapleural Dexamethasone Administration	Journal of blood medicine	2026	42051974	10.2147/jbm.s588402	PMC13116515	https://pmc.ncbi.nlm.nih.gov/articles/PMC13116515/	fulltext/luo_2026_pmid42051974.xml	clinical;cytokine_release_syndrome;hematologic_malignancy;steroids_immunomodulation;systemic_iv	fulltext_xml
cytokine_release_syndrome	Maggi R, Ricciuti EF, Galli E, Sorà F, Fiorita A, Sica S, Chiusolo P.	Organ-specific local cytokine release syndrome after anti-CD19 CAR-T therapy with salivary gland involvement: a case report, literature review, and a diagnostic alert for tocilizumab-associated cervical swelling	Annals of hematology	2026	42014477	10.1007/s00277-026-07013-0	PMC13099666	https://pmc.ncbi.nlm.nih.gov/articles/PMC13099666/	fulltext/maggi_2026_pmid42014477.xml	clinical;cytokine_release_syndrome;hematologic_malignancy;review;steroids_immunomodulation	fulltext_xml
cytokine_release_syndrome	Miyashita A, Castellanos MSJ, Rodgers T.	Efficacy and Safety of Bendamustine Versus Fludarabine and Cyclophosphamide as Lymphodepleting Regimens for CAR-T Therapy in Hematological Malignancies: A Systematic Review and Meta-Analysis	European journal of haematology	2026	42063324	10.1111/ejh.70205		https://doi.org/10.1111/ejh.70205		clinical;cytokine_release_syndrome;hematologic_malignancy;infection_immune;review;steroids_immunomodulation	metadata_only
cytokine_release_syndrome	Mochizuki T, Shibata K, Naito T, Shimoyama K, Ogawa N, Kawakami J.	Relationships of serum levels of tocilizumab to interleukin-6 and endogenous markers of CYP3A activity in patients with rheumatoid arthritis	Annals of clinical biochemistry	2026	40562694	10.1177/00045632251357148		https://doi.org/10.1177/00045632251357148		clinical;cytokine_release_syndrome;drug_interaction_pk;systemic_iv	metadata_only
cytokine_release_syndrome	Monaca F, Woodford R, Joshi K, Thistlethwaite F, Lim KHJ, Gomez-Randulfe I.	Cytokine release syndrome in solid tumours: mechanism-based therapeutic strategies for prevention and management	Therapeutic advances in medical oncology	2026	42306495	10.1177/17588359261457552	PMC13265983	https://pmc.ncbi.nlm.nih.gov/articles/PMC13265983/	fulltext/monaca_2026_pmid42306495.xml	clinical;cytokine_release_syndrome;grading_management;other_solid;review;steroids_immunomodulation	fulltext_xml
cytokine_release_syndrome	Moon S, Kang DW, Choi YJ, Shin S.	Signal Detection and Machine Learning-Based Prediction of Cytokine Release Syndrome in B-Cell Maturation Antigen-Targeting Immunotherapies Using FAERS Data	Pharmaceuticals (Basel, Switzerland)	2026	42198343	10.3390/ph19050669	PMC13209349	https://pmc.ncbi.nlm.nih.gov/articles/PMC13209349/	fulltext/moon_2026_pmid42198343.xml	clinical;cytokine_release_syndrome;hematologic_malignancy	fulltext_xml
cytokine_release_syndrome	Rajeeve S, Wilkes M, Zahradka N, Tomalin L, Quidwai M, Pan D, Calafat NJ, Cusack M, Aleman A, Serebryakova K, Kappes K, Jackson H, Agte S, Thibaud S, Sanchez L, Richard S, Richter J, Rodriguez C, Cho HJ, Chari A, Jagannath S, Laganà A, Rossi AC, Parekh S.	Detection of cytokine release syndrome using wearables and cytokine profiling following CAR-T therapy for myeloma	JCI insight	2026	42084945	10.1172/jci.insight.203988	PMC13313484	https://pmc.ncbi.nlm.nih.gov/articles/PMC13313484/	fulltext/rajeeve_2026_pmid42084945.xml	clinical;cytokine_release_syndrome;hematologic_malignancy	fulltext_xml
cytokine_release_syndrome	Ren Y, Lin Z, Li S, Zhang R, Lai Z, Jiang H, Qu Z, Huo G, Zhang D, Yang Y, Li B, Geng X.	An in vitro co-culture model with CAR-T cells, antigen-presenting cells, and tumor cells to evaluate CAR-T cell-induced cytokine release syndrome	Frontiers in cellular and infection microbiology	2026	41669611	10.3389/fcimb.2026.1721114	PMC12883732	https://pmc.ncbi.nlm.nih.gov/articles/PMC12883732/	fulltext/ren_2026_pmid41669611.xml	clinical;cytokine_release_syndrome	fulltext_xml
cytokine_release_syndrome	Rossi JF, Cailleux T, Wisnewski E, Coussirou J, de Crozals F.	Case Report: Targeted interleukin-6 blockade by siltuximab for cytokine release syndrome control and infection limitation in thirteen patients treated with bi-specific T-cell engagers	Frontiers in immunology	2026	41766898	10.3389/fimmu.2026.1749348	PMC12935675	https://pmc.ncbi.nlm.nih.gov/articles/PMC12935675/	fulltext/rossi_2026_pmid41766898.xml	clinical;cytokine_release_syndrome;hematologic_malignancy;infection_immune;steroids_immunomodulation	fulltext_xml
cytokine_release_syndrome	Sainatham C, Goloubeva O, Margiotta P, Alharthy H, Patel I, Gaddipati G, Bukhari A, Law J, Lee ST, Kocoglu M, Yared J, Hardy N, Nelson M, Ahmed N, Mushtaq MU, McGuirk J, Rapoport AP, Dahiya S, Lutfi F.	Real-World Experience With a ZUMA-1 Cohort 4 Adopted Approach to CRS and ICANS in CAR-T Recipients	European journal of haematology	2026	42119568	10.1111/ejh.70216		https://doi.org/10.1111/ejh.70216		cardiopulmonary;clinical;cytokine_release_syndrome;grading_management;hematologic_malignancy;neurotoxicity;organ_function;renal_electrolyte;steroids_immunomodulation	metadata_only
cytokine_release_syndrome	Suzuki K, Uehara J, Takeda K, Ishizuki S, Aoki S, Sekiyama R, Akiya M, Yoshino K.	Cytokine Release Syndrome Induced by Combination Therapy With Nivolumab and Ipilimumab in Lower Palpebral Conjunctival Melanoma: A Case Report	The Journal of dermatology	2026	42493823	10.1111/1346-8138.70413		https://doi.org/10.1111/1346-8138.70413		clinical;cytokine_release_syndrome;hematologic_coagulopathy;hepatic;hlh_mas;organ_function;other_solid;steroids_immunomodulation	metadata_only
cytokine_release_syndrome	Tashiro Y, Jo T, Kitawaki T, Yoshinaga N, Sakamoto T, Shirakawa K, Kanda J, Nishikori M, Yamashita K, Nagao M, Takaori-Kondo A, Arai Y.	Low reticulocyte count at infusion is a risk factor for high-grade cytokine release syndrome in chimeric antigen receptor T cell therapy	International journal of hematology	2026	41247641	10.1007/s12185-025-04109-7	PMC12967528	https://pmc.ncbi.nlm.nih.gov/articles/PMC12967528/	fulltext/tashiro_2026_pmid41247641.xml	cardiopulmonary;clinical;cytokine_release_syndrome;grading_management;hematologic_malignancy;organ_function	fulltext_xml
cytokine_release_syndrome	Thukral J, Sindhwani N, Khan K, Moudgil P, Singla R, Garg K, Shah RK, Kaur H, Thukral N, Agrawal SP, Frishman WH, Aronow WS.	Pre-emptive and Prophylactic Strategies to Prevent Cardiovascular and Neurotoxicity in Chimeric Antigen Receptor T-Cell Therapy: The Role of Tocilizumab, Anakinra, and Cytokine-Targeted Interventions	Cardiology in review	2026	42190079	10.1097/crd.0000000000001327		https://doi.org/10.1097/crd.0000000000001327		cardiopulmonary;clinical;cytokine_release_syndrome;neurotoxicity;organ_function;steroids_immunomodulation	metadata_only
cytokine_release_syndrome	Wang J, Arora K, de Lima M.	Cytokine release syndrome after allogeneic hematopoietic stem cell transplantation using posttransplant cyclophosphamide: current understanding and management	Frontiers in immunology	2026	42158862	10.3389/fimmu.2026.1642583	PMC13180612	https://pmc.ncbi.nlm.nih.gov/articles/PMC13180612/	fulltext/wang_2026_pmid42158862.xml	clinical;cytokine_release_syndrome;neurotoxicity;review	fulltext_xml
cytokine_release_syndrome	Wang WL, Lee D, Cheung E, Jensen A, Rana MS, Goyal A, Hamilton M, Ghalehsari N, Latchford T, Scott B, Mallampet J, Heng E, Khan H, Zarak MS, Lohman C, Sahaf B, Sidana S, Weng WK, Smith M, Bharadwaj S, Frank MJ, Miklos DB, Dahiya S.	Early steroid and anakinra use to manage axicabtagene ciloleucel toxicity reduces the total duration of CRS and ICANS	Blood advances	2026	41855506	10.1182/bloodadvances.2025019031	PMC13194643	https://pmc.ncbi.nlm.nih.gov/articles/PMC13194643/	fulltext/wang_2026_pmid41855506.xml	cardiopulmonary;clinical;cytokine_release_syndrome;grading_management;hematologic_malignancy;neurotoxicity;organ_function;steroids_immunomodulation	fulltext_xml
cytokine_release_syndrome	Wu M, Guo W, Wang B, Gu M, Wang C.	Serial monitoring of cytokine profile, liver function, and hematological biomarkers in severe CRS and CLS following CAR-T cell therapy for relapsed hepatocellular carcinoma: a case report	Clinica chimica acta; international journal of clinical chemistry	2026	42097197	10.1016/j.cca.2026.121053		https://doi.org/10.1016/j.cca.2026.121053		clinical;cytokine_release_syndrome;hematologic_coagulopathy;hepatic;organ_function	metadata_only
cytokine_release_syndrome	Yi M, Chen S, Xu H, Liu C, Lang H, Yuan X.	Dinutuximab beta-based first-line maintenance therapy for newly diagnosed high-risk neuroblastoma following a COG-based pathway: a single-center real-world study in China	Research Square	2026		10.21203/rs.3.rs-10192839/v1		https://doi.org/10.21203/rs.3.rs-10192839/v1		clinical;cytokine_release_syndrome;gd2_agent;grading_management;hematologic_coagulopathy;hematologic_malignancy;infection_immune;neuroblastoma;organ_function;pediatric	metadata_only
cytokine_release_syndrome	Yomogida D, Hasegawa S, Mizuta S, Horikawa S, Koshida Y.	Successful use of Remcyte®-based continuous hemodiafiltration in a case of refractory CRS and ICANS complicated by tumor lysis syndrome-associated AKI	CEN case reports	2026	41632354	10.1007/s13730-025-01086-y	PMC12868355	https://pmc.ncbi.nlm.nih.gov/articles/PMC12868355/		cardiopulmonary;clinical;cytokine_release_syndrome;hematologic_malignancy;neurotoxicity;organ_function;renal_electrolyte;steroids_immunomodulation	metadata_only
cytokine_release_syndrome	Zhang J, Shi W, Yang J, Qian J, Su M, An K, Wang T, Jia R, Fei C, Tang Y, Li B.	Emapalumab in pediatric patients with high-grade cytokine release syndrome associated with CAR T-cell therapy	Frontiers in immunology	2026	41859101	10.3389/fimmu.2026.1679175	PMC12996094	https://pmc.ncbi.nlm.nih.gov/articles/PMC12996094/	fulltext/zhang_2026_pmid41859101.xml	clinical;cytokine_release_syndrome;pediatric;steroids_immunomodulation	fulltext_xml
cytokine_release_syndrome	Zuo R, Han M.	Beyond the infusion: nursing at the vanguard of cytokine release syndrome rescue in CAR-T cell therapy	Clinical & translational oncology : official publication of the Federation of Spanish Oncology Societies and of the National Cancer Institute of Mexico	2026	41166025	10.1007/s12094-025-04087-6		https://doi.org/10.1007/s12094-025-04087-6		clinical;cytokine_release_syndrome;review	metadata_only
cytokine_release_syndrome	Arvanitis P, Tziotis A, Papadimatos S, Farmakiotis D.	Pathogenesis, Diagnosis, and Management of Cytokine Release Syndrome in Patients with Cancer: Focus on Infectious Disease Considerations	Current oncology (Toronto, Ont.)	2025	40277755	10.3390/curroncol32040198	PMC12026323	https://pmc.ncbi.nlm.nih.gov/articles/PMC12026323/	fulltext/arvanitis_2025_pmid40277755.xml	clinical;cytokine_release_syndrome;infection_immune;review;steroids_immunomodulation	fulltext_xml
cytokine_release_syndrome	Bajwa A, Zhao Q, Geer M, Lin C, Westholder J, Maakaron J, Ghosh M, Frame D, Galal A, Tossey J, Ahmed N, Bezerra E, Denlinger N, de Lima M, Epperla N, Caimi P, Voorhees T.	Siltuximab for chimeric antigen receptor T-cell therapy-related CRS and ICANS: a multicenter retrospective analysis	Blood advances	2025	39437770	10.1182/bloodadvances.2024013688	PMC11788129	https://pmc.ncbi.nlm.nih.gov/articles/PMC11788129/	fulltext/bajwa_2025_pmid39437770.xml	clinical;cytokine_release_syndrome;neurotoxicity	fulltext_xml
cytokine_release_syndrome	Barker K, Marco T, Husnain M, Katsanis E.	Addition of Phosphorous and IL6 to m-EASIX Score Improves Detection of ICANS and CRS, as Well as CRS Progression	Cancers	2025	40149255	10.3390/cancers17060918	PMC11940476	https://pmc.ncbi.nlm.nih.gov/articles/PMC11940476/	fulltext/barker_2025_pmid40149255.xml	clinical;cytokine_release_syndrome;hematologic_malignancy;neurotoxicity;organ_function;renal_electrolyte	fulltext_xml
cytokine_release_syndrome	Cai L, Wen X, Qiu Z, Fu A, Guo D, Zhu M.	Characteristics, risk factors and a risk prediction model of tocilizumab-induced hypofibrinogenemia: a retrospective real-world study of inpatients	BMC pharmacology & toxicology	2025	39789607	10.1186/s40360-024-00827-6	PMC11721054	https://pmc.ncbi.nlm.nih.gov/articles/PMC11721054/	fulltext/cai_2025_pmid39789607.xml	clinical;cytokine_release_syndrome;grading_management;hematologic_coagulopathy;infection_immune;organ_function;steroids_immunomodulation	fulltext_xml
cytokine_release_syndrome	Cai W, Lu Y, He H, Li J, Liu S, Geng H, Yang Q, Zeng L, Wu D, Li C.	Efficacy of emapalumab in the management of anti‑CD19 chimeric antigen receptor T‑cell therapy‑associated cytokine release syndrome: A report of two cases	Oncology letters	2025	39628826	10.3892/ol.2024.14817	PMC11612719	https://pmc.ncbi.nlm.nih.gov/articles/PMC11612719/	fulltext/cai_2025_pmid39628826.xml	clinical;cytokine_release_syndrome;hematologic_malignancy;steroids_immunomodulation	fulltext_xml
cytokine_release_syndrome	Cheng J, Song Y.	Serum ferritin as a prognostic biomarker in CAR-T therapy for multiple myeloma: A meta-analysis	Biomolecules & biomedicine	2025	40198890	10.17305/bb.2025.12129	PMC12452118	https://pmc.ncbi.nlm.nih.gov/articles/PMC12452118/	fulltext/cheng_2025_pmid40198890.xml	clinical;cytokine_release_syndrome;hematologic_malignancy;review	fulltext_xml
cytokine_release_syndrome	Driscoll DF, Bistrian BR.	The physiological and pharmaceutical roles of MCTs and other ingredients in intravenous emulsions containing omega-3 enriched fish oil designed to mitigate cytokine release syndrome	Frontiers in pharmacology	2025	41059195	10.3389/fphar.2025.1673290	PMC12497792	https://pmc.ncbi.nlm.nih.gov/articles/PMC12497792/	fulltext/driscoll_2025_pmid41059195.xml	clinical;cytokine_release_syndrome;review;systemic_iv	fulltext_xml
cytokine_release_syndrome	Du M, Mayombo RTM, Liu J, Zhang Y, Liao D, Hu Y, Mei H.	The impact of obesity and its related underlying diseases on cytokine release syndrome and the efficacy of CAR-T therapy in treating B-cell malignancies	Annals of hematology	2025	40195173	10.1007/s00277-025-06338-6	PMC12031977	https://pmc.ncbi.nlm.nih.gov/articles/PMC12031977/	fulltext/du_2025_pmid40195173.xml	clinical;cytokine_release_syndrome;hematologic_malignancy;neurotoxicity	fulltext_xml
cytokine_release_syndrome	Frigault MJ, Yao N, Berger TR, Wehrli M, Gallagher KME, Horick N, Graham CE, Jacobson CA, Chen YB, Leick MB, DeFilipp Z, El-Jawahri AR, Johnson PC, Dolaher M, Katsis K, Kim AI, Crombie J, Merryman RW, Cook D, Trailor M, Cho H, Jeffrey R, Shen R, Filosto S, Nater J, Getz G, Haradhvala NJ, Maus MV.	Single-cell dynamics of breakthrough toxicities after anakinra prophylaxis for axicabtagene ciloleucel in lymphoma	Blood advances	2025	39928957	10.1182/bloodadvances.2024015161		https://doi.org/10.1182/bloodadvances.2024015161		clinical;cytokine_release_syndrome;hematologic_malignancy;neurotoxicity;steroids_immunomodulation	metadata_only
cytokine_release_syndrome	Galán-Gómez V, González-Martínez B, Alonso-Saladrigues A, Rives S, Herrero B, Kwon M, Sánchez-Pina J, Minguillón J, Martínez-Romera I, Mirones Aguilar I, Mestre-Durán C, Casado G, Sánchez-Martín M, Echecopar C, González-Pérez C, León-Triana O, Aguirre-Portolés C, Molinos-Quintana Á, Barba P, Balsalobre P, Pérez-Martínez A.	Siltuximab for the treatment of early complications after chimeric antigen receptor T-cell therapy for acute lymphoblastic leukemia in children, adolescents, and young adults	Experimental hematology & oncology	2025	40176077	10.1186/s40164-025-00638-3	PMC11963303	https://pmc.ncbi.nlm.nih.gov/articles/PMC11963303/	fulltext/galngmez_2025_pmid40176077.xml	clinical;cytokine_release_syndrome;hematologic_malignancy;neurotoxicity;pediatric	fulltext_xml
cytokine_release_syndrome	Gligorevic S, Brezic N, Jagodzinski J, Radulovic A, Peranovic A, Dumic I.	Multiorgan Failure Resembling Grade 5 (Fatal) Cytokine Release Syndrome in Patient with Multiple Myeloma Following Carfilzomib Infusion: A Case Report	Journal of clinical medicine	2025	40649097	10.3390/jcm14134723	PMC12251283	https://pmc.ncbi.nlm.nih.gov/articles/PMC12251283/	fulltext/gligorevic_2025_pmid40649097.xml	cardiopulmonary;clinical;cytokine_release_syndrome;grading_management;hematologic_malignancy;infection_immune;neurotoxicity;organ_function;steroids_immunomodulation;systemic_iv	fulltext_xml
cytokine_release_syndrome	Hayashino K, Kitamura W, Fujii N, Terao T, Kobayashi H, Kamoi C, Kondo T, Seike K, Fujiwara H, Asada N, Ennishi D, Fujii K, Maeda Y.	Severe hypophosphatemia following idecabtagene vicleucel regardless of the severity of cytokine release syndrome	Cytotherapy	2025	39846935	10.1016/j.jcyt.2024.12.014		https://doi.org/10.1016/j.jcyt.2024.12.014		clinical;cytokine_release_syndrome;hematologic_malignancy;organ_function;renal_electrolyte	metadata_only
cytokine_release_syndrome	Hu J, Feng C, He L, Wang Y.	Chimeric antigen receptor T cell immunotherapy‑associated hemophagocytic lymphohistiocytosis: Pathogenesis, clinical manifestation, diagnosis and management compared with cytokine release syndrome (Review)	Molecular medicine reports	2025	40417883	10.3892/mmr.2025.13578	PMC12134842	https://pmc.ncbi.nlm.nih.gov/articles/PMC12134842/	fulltext/hu_2025_pmid40417883.xml	clinical;cytokine_release_syndrome;hlh_mas;organ_function;review	fulltext_xml
cytokine_release_syndrome	Ibraheem A, Dalby M.	Proposed observational study protocol for early differentiation of cytokine release syndrome and sepsis in CAR-T recipients with haematological malignancies using the IL-6/PCT ratio: the DRACARYS study	Frontiers in oncology	2025	41347097	10.3389/fonc.2025.1683350	PMC12672280	https://pmc.ncbi.nlm.nih.gov/articles/PMC12672280/	fulltext/ibraheem_2025_pmid41347097.xml	cardiopulmonary;clinical;cytokine_release_syndrome;grading_management;hematologic_malignancy;infection_immune;organ_function;steroids_immunomodulation	fulltext_xml
cytokine_release_syndrome	Islam J, Rashid Z, Munster AB, Hughes P, Badzek S, Huda I.	Recurrent Cytokine Release Syndrome in Metastatic Gastric Cancer on Nivolumab-FOLFOX: A Case Report and Mechanistic Review	Journal of gastrointestinal cancer	2025	41186785	10.1007/s12029-025-01336-3	PMC12586397	https://pmc.ncbi.nlm.nih.gov/articles/PMC12586397/	fulltext/islam_2025_pmid41186785.xml	clinical;cytokine_release_syndrome;grading_management;infection_immune;organ_function;other_solid;renal_electrolyte;review	fulltext_xml
cytokine_release_syndrome	Jamois C, Turner DC, Gibiansky L, Li F, Menuet JF, Pereira LR, Lundberg L, Guerini E, Carlile DJ, Relf J, Wei MC, Kwan A, Frey N, Grange S.	Tocilizumab Dosing for Management of T Cell-Engaging Bispecific Antibody-Related CRS in Patients With R/R B-Cell NHL	Clinical pharmacology and therapeutics	2025	40576759	10.1002/cpt.3751	PMC12439009	https://pmc.ncbi.nlm.nih.gov/articles/PMC12439009/	fulltext/jamois_2025_pmid40576759.xml	clinical;cytokine_release_syndrome;drug_interaction_pk;hematologic_malignancy;pediatric;systemic_iv	fulltext_xml
cytokine_release_syndrome	Jiang YH, Zhou M, Cheng MD, Chen S, Guo YQ.	CAR-engineered cytolytic Tregs reverse pulmonary fibrosis and remodel the fibrotic niche with limited CRS	JCI insight	2025	40627450	10.1172/jci.insight.182050	PMC12333945	https://pmc.ncbi.nlm.nih.gov/articles/PMC12333945/	fulltext/jiang_2025_pmid40627450.xml	cardiopulmonary;cytokine_release_syndrome;infection_immune;organ_function;preclinical	fulltext_xml
cytokine_release_syndrome	Ke S, Zhang TY, Wu ZL, Xie W, Liu L, Du MY.	Novel Prognostic Scoring Systems for Severe CRS after Anti-CD19 CAR-T-Cells in Acute B-Lymphoblastic Leukemia	Current medical science	2025	40928684	10.1007/s11596-025-00109-0	PMC12586401	https://pmc.ncbi.nlm.nih.gov/articles/PMC12586401/	fulltext/ke_2025_pmid40928684.xml	clinical;cytokine_release_syndrome;grading_management;hematologic_coagulopathy;hematologic_malignancy;organ_function;steroids_immunomodulation	fulltext_xml
cytokine_release_syndrome	Khalafallah SA, Mohammed Elzein A, Faris IM, Attaelmanan GA, Alamin MF, Almleeh A, Bader M, Alfaki M.	Identification of Hub Genes and Pathways in Preinfusion Chimeric Antigen Receptor (CAR) T-cell Products Associated With Cytokine Release Syndrome	Cureus	2025	40370902	10.7759/cureus.82155	PMC12076287	https://pmc.ncbi.nlm.nih.gov/articles/PMC12076287/	fulltext/khalafallah_2025_pmid40370902.xml	clinical;cytokine_release_syndrome	fulltext_xml
cytokine_release_syndrome	Khan MA, Khan FH, Khan A, Majeed A, Gorsline C, Ahmed N.	Predicators and Outcomes of Cytomegalovirus Reactivation in Chimeric Antigen Receptor T-Cell Therapy: A Systematic Review	Clinical lymphoma, myeloma & leukemia	2025	40940256	10.1016/j.clml.2025.08.014		https://doi.org/10.1016/j.clml.2025.08.014		clinical;cytokine_release_syndrome;infection_immune;neurotoxicity;review;steroids_immunomodulation	metadata_only
cytokine_release_syndrome	Kowalski A, Lykon J, Diamond B, Coffey D, Kaddoura M, Maura F, Hoffman J, Pandey A, Kazandjian D, Landgren O.	Tocilizumab prophylaxis for patients with multiple myeloma treated with bispecific antibodies	Blood advances	2025	40590849	10.1182/bloodadvances.2025016911	PMC12514479	https://pmc.ncbi.nlm.nih.gov/articles/PMC12514479/	fulltext/kowalski_2025_pmid40590849.xml	clinical;cytokine_release_syndrome;hematologic_malignancy;neurotoxicity;steroids_immunomodulation	fulltext_xml
cytokine_release_syndrome	Long JP, Prakash R, Edelkamp P, Knafl M, Lionel AC, Nair R, Ahmed S, Strati P, Castillo LEM, Al-Zaki A, Chien K, Chihara D, Westin J, Khawaja F, Nastoupil LJ, Mulanovich V, Futreal A, Woodman SE, Daver NG, Flowers CR, Neelapu S, Manzano JG, Iyer SP, Data-Driven Determinants for COVID-19 Discovery Effort (D3CODE) Team.	Cytokine Storms in COVID-19, Hemophagocytic Lymphohistiocytosis, and CAR-T Therapy	JAMA network open	2025	40193078	10.1001/jamanetworkopen.2025.3455	PMC11976493	https://pmc.ncbi.nlm.nih.gov/articles/PMC11976493/	fulltext/long_2025_pmid40193078.xml	clinical;cytokine_release_syndrome;hlh_mas;organ_function	fulltext_xml
cytokine_release_syndrome	Martel E, Li S, Hoteit M, Bham Z.	Cytokine Release Syndrome Induced by Pembrolizumab for Metastatic Anal Melanoma	Case reports in hematology	2025	40630742	10.1155/crh/5444075	PMC12237546	https://pmc.ncbi.nlm.nih.gov/articles/PMC12237546/	fulltext/martel_2025_pmid40630742.xml	cardiopulmonary;clinical;cytokine_release_syndrome;infection_immune;organ_function;other_solid	fulltext_xml
cytokine_release_syndrome	Mazein A, Lopata O, Reiche K, Sewald K, Alb M, Sakellariou C, Gogesch P, Morgan H, Neuhaus V, Pham NN, Sommer C, Perkins E, Fogal B, Shoaib M, Schneider R, Satagopam V, Ostaszewski M.	An explorable model of an adverse outcome pathway of cytokine release syndrome related to the administration of immunomodulatory biotherapeutics and cellular therapies	Frontiers in immunology	2025	40861455	10.3389/fimmu.2025.1601670	PMC12371706	https://pmc.ncbi.nlm.nih.gov/articles/PMC12371706/	fulltext/mazein_2025_pmid40861455.xml	clinical;cytokine_release_syndrome	fulltext_xml
cytokine_release_syndrome	Menardi G, Castellino A, Castellino C, Bersia ME, Grande E, Fraternali G, Massaia M, Fruttero C.	Management of chimeric antigen receptor T-cell-related toxicity of a patient affected by cytokine release syndrome and immune effector cell-associated neurotoxicity syndrome, followed by an intestinal perforation: a case report	Journal of medical case reports	2025	39833958	10.1186/s13256-024-04905-5	PMC11749101	https://pmc.ncbi.nlm.nih.gov/articles/PMC11749101/	fulltext/menardi_2025_pmid39833958.xml	clinical;cytokine_release_syndrome;hematologic_malignancy;infection_immune;neurotoxicity;steroids_immunomodulation	fulltext_xml
cytokine_release_syndrome	Moreno-Castaño AB, Fernández S, Brillembourg H, Iraola G, Moreno DF, Ventosa-Capell H, Martinez-Sanchez J, De Moner B, Molina P, Ramos A, Palomo M, Gómez-Ramírez P, Ortiz-Maldonado V, Martínez-Cibrián N, Delgado J, Oliver-Caldés A, Fernández de Larrea C, Salas MQ, Urbano Á, Téllez A, Nicolás JM, Juan M, González-Navarro A, Penack O, Escolar G, Carreras E, Fernández-Avilés F, Castro P, Diaz-Ricart M.	m-EASIX (better than EASIX) predicts severe CAR T-cell toxicities, worse overall survival, and discriminates cytokine release syndrome from sepsis	Frontiers in immunology	2025	41573561	10.3389/fimmu.2025.1664788	PMC12819699	https://pmc.ncbi.nlm.nih.gov/articles/PMC12819699/	fulltext/morenocastao_2025_pmid41573561.xml	clinical;cytokine_release_syndrome;hematologic_malignancy;infection_immune;neurotoxicity;organ_function;renal_electrolyte	fulltext_xml
cytokine_release_syndrome	Nie J, Zhou L, Tian W, Liu X, Yang L, Yang X, Zhang Y, Wei S, Wang DW, Wei J.	Deep insight into cytokine storm: from pathogenesis to treatment	Signal transduction and targeted therapy	2025	40234407	10.1038/s41392-025-02178-y	PMC12000524	https://pmc.ncbi.nlm.nih.gov/articles/PMC12000524/	fulltext/nie_2025_pmid40234407.xml	cardiopulmonary;clinical;cytokine_release_syndrome;hlh_mas;organ_function;review	fulltext_xml
cytokine_release_syndrome	Robert PA, Denck J, Do CT, Ozkirimli E, Jamois C, Corso C, Wang K, Berger CT.	Guideline-based strategies to identify severe cytokine release syndrome in COVID-19 and cancer immunotherapy using large-scale electronic health records	Frontiers in digital health	2025	41782841	10.3389/fdgth.2025.1625889	PMC12953395	https://pmc.ncbi.nlm.nih.gov/articles/PMC12953395/	fulltext/robert_2025_pmid41782841.xml	clinical;cytokine_release_syndrome;infection_immune	fulltext_xml
cytokine_release_syndrome	Ruemmele T, Macedo R, Stein MN, Chan HT, Mapara MY, Jacquemont CF, Reshef R.	Emapalumab for severe cytokine release syndrome in solid tumor CAR-T: a case report	Frontiers in oncology	2025	40236652	10.3389/fonc.2025.1543622	PMC11997384	https://pmc.ncbi.nlm.nih.gov/articles/PMC11997384/	fulltext/ruemmele_2025_pmid40236652.xml	cardiopulmonary;clinical;cytokine_release_syndrome;hematologic_malignancy;organ_function;other_solid;steroids_immunomodulation	fulltext_xml
cytokine_release_syndrome	Shouval R, Strouse C, Kim S, Oloyede T, Ahmed S, Awan FT, Luan D, Bachanova V, Badar T, Bar M, Barba P, Beitinjaneh AM, Cashen A, Dholaria B, Elsawy M, Ganguly S, Geethakumari PR, Greenbaum U, Hashmi H, Hill LC, Jain MD, Jain T, Kebriaei P, Kittai AS, Locke FL, Lulla PD, Mead E, McGuirk JP, Mussetti A, Nishihori T, Olson AL, Pennisi M, Perales MA, Riedell PA, Saber W, Mirza AS, Magalhaes-Silverman M, Shpall EJ, Sorror M, Wudhikarn K, Turtle CJ, Moskop A, Pasquini MC.	Cytokine Release Syndrome and Neurotoxicity Following CD19 CAR-T in B-Cell Lymphoma	Transplantation and cellular therapy	2025	40288610	10.1016/j.jtct.2025.03.011	PMC12622908	https://pmc.ncbi.nlm.nih.gov/articles/PMC12622908/		clinical;cytokine_release_syndrome;hematologic_malignancy;neurotoxicity	metadata_only
cytokine_release_syndrome	Speth K, Xie J, Song Q, Mattie M, Kim JJ, Barrett DM, Andrade J, Shen R, Bedognetti D, Adhikary S.	Classification of patients with relapsed/refractory large B-cell lymphoma who do not develop early CRS/NE toxicity using ZUMA clinical trial data	Journal for immunotherapy of cancer	2025	40759437	10.1136/jitc-2025-011819	PMC12323518	https://pmc.ncbi.nlm.nih.gov/articles/PMC12323518/	fulltext/speth_2025_pmid40759437.xml	clinical;cytokine_release_syndrome;hematologic_malignancy;steroids_immunomodulation	fulltext_xml
cytokine_release_syndrome	Stolz SM, Musa A, Bachofner A, Bankova AK, Gourri E, Manz MG, Rieger MJ, Schneidawind D, Wolfensberger N, Zenz T, Rösler W.	Prophylactic Tocilizumab prior to infusion of CD19 CAR T-cells reduces therapy-related complications in older lymphoma patients	Annals of hematology	2025	40711524	10.1007/s00277-025-06511-x	PMC12432026	https://pmc.ncbi.nlm.nih.gov/articles/PMC12432026/	fulltext/stolz_2025_pmid40711524.xml	clinical;cytokine_release_syndrome;hematologic_coagulopathy;hematologic_malignancy;neurotoxicity;organ_function;steroids_immunomodulation	fulltext_xml
cytokine_release_syndrome	Synnott D, O'Reilly D, De Freitas D, Naidoo J.	Cytokine release syndrome in solid tumors	Cancer	2025	40847830	10.1002/cncr.70069	PMC12374489	https://pmc.ncbi.nlm.nih.gov/articles/PMC12374489/	fulltext/synnott_2025_pmid40847830.xml	cardiopulmonary;clinical;cytokine_release_syndrome;grading_management;infection_immune;mitigation_engineering;on_target_off_tumor;organ_function;other_solid;review;steroids_immunomodulation	fulltext_xml
cytokine_release_syndrome	Takagi K, Saito G, Inazaki T, Shojima H, Miyakoshi J, Naito A, Sato S, Shimazui T, Anzai H, Imai C, Suzuki T.	Rapid-onset Severe Cytokine Release Syndrome With Marked Interleukin-6 Increase and Acute Liver Injury After the First Tarlatamab Dose in SCLC: Case Report	JTO clinical and research reports	2025	41362703	10.1016/j.jtocrr.2025.100917	PMC12681894	https://pmc.ncbi.nlm.nih.gov/articles/PMC12681894/	fulltext/takagi_2025_pmid41362703.xml	clinical;cytokine_release_syndrome;hepatic;organ_function	fulltext_xml
cytokine_release_syndrome	Wang Y, Ding L, Wang Y, Li H, Wu M, Li S, Xu Q, Chen Y, Wang X.	Tetrandrine alleviates macrophage activation syndrome after CAR-T cell therapy	Phytomedicine : international journal of phytotherapy and phytopharmacology	2025	39947004	10.1016/j.phymed.2025.156483		https://doi.org/10.1016/j.phymed.2025.156483		cytokine_release_syndrome;hematologic_malignancy;hlh_mas;organ_function;preclinical	metadata_only
cytokine_release_syndrome	Yamamoto K, Hirano K, Shimada T, Hata A.	Tocilizumab for Steroid Pulse-Refractory Cytokine Release Syndrome in Chemotherapy With Durvalumab Plus Tremelimumab for NSCLC: A Case Report	JTO clinical and research reports	2025	40822628	10.1016/j.jtocrr.2025.100793	PMC12356393	https://pmc.ncbi.nlm.nih.gov/articles/PMC12356393/	fulltext/yamamoto_2025_pmid40822628.xml	clinical;cytokine_release_syndrome	fulltext_xml
cytokine_release_syndrome	Yu X, Wang Q, Halimulati T, Lv J, Zhou K, Chen G, Yin L, Liu Y, Bi J, Xiang Z, Wang Q.	Machine learning-based predictive model for high- grade cytokine release syndrome in chimeric antigen receptor T-cell therapy	Frontiers in immunology	2025	41357188	10.3389/fimmu.2025.1692892	PMC12675352	https://pmc.ncbi.nlm.nih.gov/articles/PMC12675352/	fulltext/yu_2025_pmid41357188.xml	clinical;cytokine_release_syndrome;hematologic_coagulopathy;organ_function	fulltext_xml
cytokine_release_syndrome	Zhang H, Wang Y, Ji Q, Zhang Q, Qiu C, Huang S, Dong X, Pan J, Lu J, Bai Z, Hu S, Wu S.	Low-dose glucocorticoid improves progression-free survival of children with B cell acute lymphoblastic leukaemia following chimeric antigen receptor T-cell therapy	Frontiers in immunology	2025	41235219	10.3389/fimmu.2025.1604866	PMC12605194	https://pmc.ncbi.nlm.nih.gov/articles/PMC12605194/	fulltext/zhang_2025_pmid41235219.xml	clinical;cytokine_release_syndrome;hematologic_malignancy;infection_immune;neurotoxicity;pediatric;steroids_immunomodulation	fulltext_xml
cytokine_release_syndrome	Zhang J, Xie D, Tang M, Gong Q, Huang X, Li J, Xu S, Luo N, Sun H, Tan F.	Utilizing plasma exchange for severe cytokine release syndrome after CAR-T cell therapy: clinical experience and literature insights	Frontiers in immunology	2025	40630950	10.3389/fimmu.2025.1597512	PMC12234532	https://pmc.ncbi.nlm.nih.gov/articles/PMC12234532/	fulltext/zhang_2025_pmid40630950.xml	cardiopulmonary;clinical;cytokine_release_syndrome;infection_immune;neurotoxicity;organ_function;review;steroids_immunomodulation	fulltext_xml
cytokine_release_syndrome	Zhou Q, An Y, Zhang X, Xiao X, Bai X, Liu P, Pu Y, Meng J, Zhu H, Lyu C, Zhang H, Zhang Y, Xie T, Meng H, Lyu H.	Efficacy and safety of tocilizumab in managing cytokine release syndrome after CD19 CAR-T therapy for relapsed or refractory B-cell acute lymphoblastic leukemia	Frontiers in immunology	2025	40160812	10.3389/fimmu.2025.1530623	PMC11949925	https://pmc.ncbi.nlm.nih.gov/articles/PMC11949925/	fulltext/zhou_2025_pmid40160812.xml	clinical;cytokine_release_syndrome;hematologic_malignancy	fulltext_xml
cytokine_release_syndrome		Anticytokine Therapy and Corticosteroids for Cytokine Release Syndrome and for Neurotoxicity Following T-Cell Engager or CAR T-Cell Therapy: Rapid Review	Canadian Agency for Drugs and Technologies in Health, Ottawa (ON)	2024	38985918			https://pubmed.ncbi.nlm.nih.gov/38985918/		clinical;cytokine_release_syndrome;grading_management;neurotoxicity;review;steroids_immunomodulation	metadata_only
cytokine_release_syndrome	Barker K, Marco T, Husnain M, Katsanis E.	Further modification of the EASIX score through the addition of phosphorous and IL-6 improves prediction of CRS and ICANS after CAR-T therapy	Research Square	2024		10.21203/rs.3.rs-4650639/v1		https://doi.org/10.21203/rs.3.rs-4650639/v1		clinical;cytokine_release_syndrome;hematologic_malignancy;neurotoxicity;organ_function;renal_electrolyte	metadata_only
cytokine_release_syndrome	Brem S.	Vagus nerve stimulation: Novel concept for the treatment of glioblastoma and solid cancers by cytokine (interleukin-6) reduction, attenuating the SASP, enhancing tumor immunity	Brain, behavior, & immunity - health	2024	39512605	10.1016/j.bbih.2024.100859	PMC11541944	https://pmc.ncbi.nlm.nih.gov/articles/PMC11541944/	fulltext/brem_2024_pmid39512605.xml	clinical;cytokine_release_syndrome;neurotoxicity;other_solid;review	fulltext_xml
cytokine_release_syndrome	Daryanani AE, Abbasi MA, Gomez Ardila MF, Tellez-Garcia E, Garzon-Dangond JM, Lin Y, Paludo J, Herrmann J, Ansell SM, Rosenthal AC, Villarraga HR.	Baseline echocardiographic variables as predictors of hemodynamically significant cytokine release syndrome in adults treated with CD19 CAR T-cell therapy for hematological malignancies	Cardio-oncology (London, England)	2024	39709512	10.1186/s40959-024-00290-6	PMC11662545	https://pmc.ncbi.nlm.nih.gov/articles/PMC11662545/	fulltext/daryanani_2024_pmid39709512.xml	cardiopulmonary;clinical;cytokine_release_syndrome;hematologic_malignancy;organ_function	fulltext_xml
cytokine_release_syndrome	Driscoll DF, Bistrian BR.	Cytokine Release Syndrome Associated With Immune-Modulating Chemotherapy: Potential Mitigating Role of Intravenous Omega-3 Fatty Acid Triglycerides	Cancer reports (Hoboken, N.J.)	2024	39376028	10.1002/cnr2.70025	PMC11458880	https://pmc.ncbi.nlm.nih.gov/articles/PMC11458880/	fulltext/driscoll_2024_pmid39376028.xml	clinical;cytokine_release_syndrome;infection_immune;review;steroids_immunomodulation;systemic_iv	fulltext_xml
cytokine_release_syndrome	Furqan F, Bhatlapenumarthi V, Dhakal B, Fenske TS, Farrukh F, Longo W, Akhtar O, D'Souza A, Pasquini M, Guru Murthy GS, Runaas L, Abedin S, Mohan M, Shah NN, Hamadani M.	Outpatient administration of CAR T-cell therapies using a strategy of no remote monitoring and early CRS intervention	Blood advances	2024	38889435	10.1182/bloodadvances.2024013239	PMC11372811	https://pmc.ncbi.nlm.nih.gov/articles/PMC11372811/	fulltext/furqan_2024_pmid38889435.xml	clinical;cytokine_release_syndrome;hematologic_malignancy	fulltext_xml
cytokine_release_syndrome	Harb R, Coverdell TC, Shalabi H, Shah NN.	Diagnostic pitfalls in assessment of ferritin following CAR-T-cell therapy: Understanding the hook effect	Pediatric blood & cancer	2024	38961599	10.1002/pbc.31171	PMC11268996	https://pmc.ncbi.nlm.nih.gov/articles/PMC11268996/		clinical;cytokine_release_syndrome;hlh_mas;organ_function	metadata_only
cytokine_release_syndrome	Haroun G, Gordon EM.	DeltaRex-G, tumor targeted retrovector encoding a CCNG1 inhibitor, for CAR-T cell therapy induced cytokine release syndrome	Frontiers in molecular medicine	2024	39359418	10.3389/fmmed.2024.1461151	PMC11445129	https://pmc.ncbi.nlm.nih.gov/articles/PMC11445129/	fulltext/haroun_2024_pmid39359418.xml	clinical;cytokine_release_syndrome;steroids_immunomodulation	fulltext_xml
cytokine_release_syndrome	Helms KA.	Cytokine Release Syndrome After CAR T-Cell Therapy in a 35-Year-Old Patient With Pneumocystis jiroveci Pneumonia and Cytomegalovirus Viremia	Case reports in medicine	2024	39717043	10.1155/carm/6751047	PMC11666310	https://pmc.ncbi.nlm.nih.gov/articles/PMC11666310/	fulltext/helms_2024_pmid39717043.xml	clinical;cytokine_release_syndrome;grading_management;hematologic_malignancy;infection_immune;steroids_immunomodulation;systemic_iv	fulltext_xml
cytokine_release_syndrome	Hoyt R, Ye Z, Dasgupta A.	Very unusual extremely high ferritin with cytokine release syndrome in a patient with hematological malignancy after experimental chimeric antigen receptor (CAR)-T-Cell therapy	Clinica chimica acta; international journal of clinical chemistry	2024	38697457	10.1016/j.cca.2024.119704		https://doi.org/10.1016/j.cca.2024.119704		clinical;cytokine_release_syndrome;hematologic_malignancy;hlh_mas;neurotoxicity;organ_function	metadata_only
cytokine_release_syndrome	Huntington SF, Lin D, Lafeuille MH, Thompson-Leduc P, Shah A, Kim N, Hester L, Tardif-Samson A, Moore B, Fowler J, Marshall A, Zhang X, Gifkins D, Wu B.	Identification of cytokine release syndrome and indicators of severity in retrospective databases among patients receiving immunotherapy	Pharmacology research & perspectives	2024	39487576	10.1002/prp2.70024	PMC11530407	https://pmc.ncbi.nlm.nih.gov/articles/PMC11530407/	fulltext/huntington_2024_pmid39487576.xml	cardiopulmonary;clinical;cytokine_release_syndrome;organ_function	fulltext_xml
cytokine_release_syndrome	Kawase S, Sakurai M, Masuda K, Kubota Y, Shindo T, Inokuchi A, Hayashi H, Nakayasu M, Shiozawa Y, Hirai T, Inoue T, Fujii T, Kim H, Koda Y, Kato J, Kataoka K.	Salivary gland swelling as a characteristic manifestation of local cytokine release syndrome after anti-CD19 chimeric antigen receptor T cell therapy: A case series	Journal of clinical and experimental hematopathology : JCEH	2024	39343612	10.3960/jslrt.24035	PMC11528259	https://pmc.ncbi.nlm.nih.gov/articles/PMC11528259/	fulltext/kawase_2024_pmid39343612.xml	cardiopulmonary;clinical;cytokine_release_syndrome;hematologic_malignancy;organ_function;steroids_immunomodulation	fulltext_xml
cytokine_release_syndrome	Kikuchi T, Tsukada N, Kunisada K, Nomura-Yogo M, Ishida T.	Local Cytokine Release Syndrome After Idecabtagene Vicleucel Therapy in Patients With Multiple Myeloma: Two Case Reports	Cureus	2024	39588407	10.7759/cureus.72364	PMC11586247	https://pmc.ncbi.nlm.nih.gov/articles/PMC11586247/	fulltext/kikuchi_2024_pmid39588407.xml	cardiopulmonary;clinical;cytokine_release_syndrome;hematologic_malignancy;organ_function;steroids_immunomodulation	fulltext_xml
cytokine_release_syndrome	Kitamura W, Asada N, Ikegawa S, Fujiwara H, Kamoi C, Ennishi D, Nishimori H, Fujii K, Fujii N, Matsuoka KI, Maeda Y.	Activated CD4+ T Cell Proportion in the Peripheral Blood Correlates with the Duration of Cytokine Release Syndrome and Predicts Clinical Outcome after Chimeric Antigen Receptor T Cell Therapy	Internal medicine (Tokyo, Japan)	2024	38945932	10.2169/internalmedicine.2556-23	PMC11272506	https://pmc.ncbi.nlm.nih.gov/articles/PMC11272506/	fulltext/kitamura_2024_pmid38945932.xml	clinical;cytokine_release_syndrome;hematologic_coagulopathy;hematologic_malignancy;organ_function	fulltext_xml
cytokine_release_syndrome	Locke FL, Neelapu SS, Bartlett NL, Lekakis LJ, Jacobson CA, Braunschweig I, Oluwole OO, Siddiqi T, Lin Y, Timmerman JM, Kersten MJ, Zheng Y, Zhang T, Nater J, Shen R, Miao H, Kim JJ, Miklos DB.	Tocilizumab Prophylaxis Following Axicabtagene Ciloleucel in Relapsed or Refractory Large B-Cell Lymphoma	Transplantation and cellular therapy	2024	39187161	10.1016/j.jtct.2024.08.018		https://doi.org/10.1016/j.jtct.2024.08.018		clinical;cytokine_release_syndrome;hematologic_malignancy;neurotoxicity	metadata_only
cytokine_release_syndrome	Ma JF, Yan JW, Liu MJ, Yan CL, Tang XW, Qiu HY, Miao M, Han Y, Li LM, Kang LQ, Xu N, Yu Z, Tan JW, Zhu HJ, Jia X, Zhang ZZ, Wang M, Dai HP, Yu L, Xue SL, Wu DP, Gong WJ.	Safe and potent anti-CD19 CAR T-cells with shRNA-IL-6 gene silencing element in patients with refractory or relapsed B-cell acute lymphoblastic leukemia	HemaSphere	2024	39380843	10.1002/hem3.70007	PMC11456753	https://pmc.ncbi.nlm.nih.gov/articles/PMC11456753/	fulltext/ma_2024_pmid39380843.xml	clinical;cytokine_release_syndrome;hematologic_malignancy;neurotoxicity	fulltext_xml
cytokine_release_syndrome	Maheswaran J, Rafiee MJ, Cordes S, Lefebvre B, Chetrit M.	Multimodality Imaging of Acute Myocarditis in Cytokine Release Syndrome (CRS) Following CAR-T Therapy	CJC open	2024	39211749	10.1016/j.cjco.2024.04.004	PMC11357747	https://pmc.ncbi.nlm.nih.gov/articles/PMC11357747/	fulltext/maheswaran_2024_pmid39211749.xml	cardiopulmonary;clinical;cytokine_release_syndrome;organ_function	fulltext_xml
cytokine_release_syndrome	Nakamura N, Jo T, Arai Y, Kitawaki T, Nishikori M, Mizumoto C, Kanda J, Yamashita K, Nagao M, Takaori-Kondo A.	Clinical Impact of Cytokine Release Syndrome on Prolonged Hematotoxicity after Chimeric Antigen Receptor T Cell Therapy: KyoTox A-Score, a Novel Prediction Model	Transplantation and cellular therapy	2024	38281589	10.1016/j.jtct.2024.01.073		https://doi.org/10.1016/j.jtct.2024.01.073		clinical;cytokine_release_syndrome;hematologic_coagulopathy;hematologic_malignancy;organ_function;steroids_immunomodulation	metadata_only
cytokine_release_syndrome	Ntwali F, Gilliaux Q, Honoré PM.	Nivolumab-Induced Cytokine Release Syndrome: A Case Report and Literature Review	The American journal of case reports	2024	38625840	10.12659/ajcr.941835	PMC11034389	https://pmc.ncbi.nlm.nih.gov/articles/PMC11034389/	fulltext/ntwali_2024_pmid38625840.xml	cardiopulmonary;clinical;cytokine_release_syndrome;infection_immune;organ_function;renal_electrolyte;review	fulltext_xml
cytokine_release_syndrome	Nwozichi C, Ogunmuyiwa AO, Ojewale MO.	Nurses' roles in CAR-T therapy for B-cell malignancies and managing associated cytokine release syndrome	Asia-Pacific journal of oncology nursing	2024	38304228	10.1016/j.apjon.2023.100367	PMC10831260	https://pmc.ncbi.nlm.nih.gov/articles/PMC10831260/	fulltext/nwozichi_2024_pmid38304228.xml	clinical;cytokine_release_syndrome;review	fulltext_xml
cytokine_release_syndrome	Perl M, Herfeld K, Harrer DC, Höpting M, Schweiger M, Sterz U, Knödler L, Heimerl S, Hansmann L, Herr W, Poeck H, Wolff D, Edinger M, Hart C, Fante MA.	Tocilizumab administration in cytokine release syndrome is associated with hypofibrinogenemia after chimeric antigen receptor T-cell therapy for hematologic malignancies	Haematologica	2024	38546698	10.3324/haematol.2023.284564		https://doi.org/10.3324/haematol.2023.284564		clinical;cytokine_release_syndrome;grading_management;hematologic_coagulopathy;hepatic;organ_function	metadata_only
cytokine_release_syndrome	Sekimata M, Kinjo Y, Tohyama A, Murakami M, Hashiwaki S, Saito Y, Higami S, Hagimoto M, Taketomi R, Hoshino K, Harada H, Ueda T, Kurita T, Matsuura Y, Yoshino K.	Cytokine release syndrome induced by immune checkpoint inhibitor treatment for uterine cervical cancer recurrence: A case report	Oncology letters	2024	38807673	10.3892/ol.2024.14463	PMC11130748	https://pmc.ncbi.nlm.nih.gov/articles/PMC11130748/	fulltext/sekimata_2024_pmid38807673.xml	cardiopulmonary;clinical;cytokine_release_syndrome;organ_function	fulltext_xml
cytokine_release_syndrome	Sesques P, Kirkwood AA, Kwon M, Rejeski K, Jain MD, Di Blasi R, Brisou G, Gros FX, le Bras F, Bories P, Choquet S, Rubio MT, Iacoboni G, O'Reilly M, Casasnovas RO, Bay JO, Mohty M, Joris M, Abraham J, Castilla Llorente C, Loschi M, Carras S, Chauchet A, La Rochelle LD, Hermine O, Guidez S, Cony-Makhoul P, Fogarty P, Le Gouill S, Morschhauser F, Gastinne T, Cartron G, Subklewe M, Locke FL, Sanderson R, Barba P, Houot R, Bachy E.	Novel prognostic scoring systems for severe CRS and ICANS after anti-CD19 CAR T cells in large B-cell lymphoma	Journal of hematology & oncology	2024	39107847	10.1186/s13045-024-01579-w	PMC11305039	https://pmc.ncbi.nlm.nih.gov/articles/PMC11305039/	fulltext/sesques_2024_pmid39107847.xml	cardiopulmonary;clinical;cytokine_release_syndrome;hematologic_malignancy;neurotoxicity;organ_function	fulltext_xml
cytokine_release_syndrome	Su M, Chen L, Xie L, Fleurie A, Jonquieres R, Cao Q, Li B, Liang J, Tang Y.	Identification of early predictive biomarkers for severe cytokine release syndrome in pediatric patients with chimeric antigen receptor T-cell therapy	Frontiers in immunology	2024	39328408	10.3389/fimmu.2024.1450173	PMC11424402	https://pmc.ncbi.nlm.nih.gov/articles/PMC11424402/	fulltext/su_2024_pmid39328408.xml	clinical;cytokine_release_syndrome;pediatric	fulltext_xml
cytokine_release_syndrome	Tu S, Luo X, Mei H, Hu Y, Liu Y, Li P, Zou D, Niu T, Xu K, Zhang X, Qiu L, Gao L, Gao G, Zhang L, Feng Y, Wang Y, Zhao M, Mi J, Hou M, Yang J, Huang H, Wang J, Hu Y, Zhao W, Wu D, Ma J, Li Y, Qian W, Huang X, Han W, Liang A.	Recommendations for the timing, dosage, and usage of corticosteroids during cytokine release syndrome (CRS) caused by chimeric antigen receptor (CAR)-T cell therapy for hematologic malignancies	Chinese medical journal	2024	39497436	10.1097/cm9.0000000000003379	PMC11611239	https://pmc.ncbi.nlm.nih.gov/articles/PMC11611239/	fulltext/tu_2024_pmid39497436.xml	clinical;cytokine_release_syndrome;steroids_immunomodulation	fulltext_xml
cytokine_release_syndrome	Walton ZE, Frigault MJ, Maus MV.	Current and emerging pharmacotherapies for cytokine release syndrome, neurotoxicity, and hemophagocytic lymphohistiocytosis-like syndrome due to CAR T cell therapy	Expert opinion on pharmacotherapy	2024	38588525	10.1080/14656566.2024.2340738		https://doi.org/10.1080/14656566.2024.2340738		clinical;cytokine_release_syndrome;hlh_mas;neurotoxicity;organ_function;other_solid;review;steroids_immunomodulation	metadata_only
cytokine_release_syndrome	Willemin ME, Gong J, Hilder BW, Masterson T, Tolbert J, Renaud T, Heuck C, Kane C, De Zwart L, Girgis S, Ma X, Ouellet D.	Evaluation of Drug-Drug Interaction Potential of Talquetamab, a T-Cell-Redirecting GPRC5D × CD3 Bispecific Antibody, as a Result of Cytokine Release Syndrome in Patients with Relapsed/Refractory Multiple Myeloma in MonumenTAL-1, Using a Physiologically Based Pharmacokinetic Model	Targeted oncology	2024	39285155	10.1007/s11523-024-01093-6	PMC11557650	https://pmc.ncbi.nlm.nih.gov/articles/PMC11557650/	fulltext/willemin_2024_pmid39285155.xml	clinical;cytokine_release_syndrome;drug_interaction_pk;hematologic_malignancy	fulltext_xml
cytokine_release_syndrome	Willemin ME, Wang Lin SX, De Zwart L, Wu LS, Miao X, Verona R, Banerjee A, Liu B, Kobos R, Qi M, Ouellet D, Goldberg JD, Girgis S.	Evaluating drug interaction potential from cytokine release syndrome using a physiologically based pharmacokinetic model: A case study of teclistamab	CPT: pharmacometrics & systems pharmacology	2024	38831634	10.1002/psp4.13144	PMC11247108	https://pmc.ncbi.nlm.nih.gov/articles/PMC11247108/	fulltext/willemin_2024_pmid38831634.xml	clinical;cytokine_release_syndrome;drug_interaction_pk	fulltext_xml
cytokine_release_syndrome	Winkelmann M, Blumenberg V, Rejeski K, Quell C, Bücklein VL, Ingenerf M, Unterrainer M, Schmidt C, Dekorsy FJ, Bartenstein P, Ricke J, von Bergwelt-Baildon M, Subklewe M, Kunz WG.	Predictive value of pre-infusion tumor growth rate for the occurrence and severity of CRS and ICANS in lymphoma under CAR T-cell therapy	Annals of hematology	2024	37861736	10.1007/s00277-023-05507-9		https://doi.org/10.1007/s00277-023-05507-9		clinical;cytokine_release_syndrome;grading_management;hematologic_malignancy;neurotoxicity	metadata_only
cytokine_release_syndrome	Yankelevich M, Thakur A, Modak S, Chu R, Taub J, Martin A, Schalk D, Schienshang A, Whitaker S, Rea K, Lee DW, Liu Q, Shields AF, Cheung NV, Lum LG.	Targeting refractory/recurrent neuroblastoma and osteosarcoma with anti-CD3×anti-GD2 bispecific antibody armed T cells	Journal for immunotherapy of cancer	2024	38519053	10.1136/jitc-2023-008744	PMC10961524	https://pmc.ncbi.nlm.nih.gov/articles/PMC10961524/	fulltext/yankelevich_2024_pmid38519053.xml	cardiopulmonary;clinical;cytokine_release_syndrome;gd2_agent;hematologic_malignancy;mitigation_engineering;neuroblastoma;organ_function;other_solid;pediatric	fulltext_xml
cytokine_release_syndrome	Yoshikawa T, Ito Y, Wu Z, Kasuya H, Nakashima T, Okamoto S, Amaishi Y, Zhang H, Li Y, Matsukawa T, Inoue S, Kagoya Y.	Development of a chimeric cytokine receptor that captures IL-6 and enhances the antitumor response of CAR-T cells	Cell reports. Medicine	2024	38670095	10.1016/j.xcrm.2024.101526	PMC11148643	https://pmc.ncbi.nlm.nih.gov/articles/PMC11148643/	fulltext/yoshikawa_2024_pmid38670095.xml	cytokine_release_syndrome;other_solid;preclinical	fulltext_xml
cytokine_release_syndrome	Zheng X, Zhang S, Wu H, Xia J, Zheng K, Wang Y, Qin Y.	Plasma exchange as an effective treatment for cytokine release syndrome following T cell receptor‑engineered T cell immunotherapy: A case report	Oncology letters	2024	39483965	10.3892/ol.2024.14740	PMC11526442	https://pmc.ncbi.nlm.nih.gov/articles/PMC11526442/	fulltext/zheng_2024_pmid39483965.xml	cardiopulmonary;clinical;cytokine_release_syndrome;organ_function;other_solid;renal_electrolyte;steroids_immunomodulation	fulltext_xml
cytokine_release_syndrome	Zia K, Nur-E-Alam M, Ahmad A, Ul-Haq Z.	Taming the cytokine storm: small molecule inhibitors targeting IL-6/IL-6α receptor	Molecular diversity	2024	38366102	10.1007/s11030-023-10805-5		https://doi.org/10.1007/s11030-023-10805-5		clinical;cytokine_release_syndrome;infection_immune	metadata_only
cytokine_release_syndrome	Caballero-Bellón M, Alonso-Saladrigues A, Bobillo-Perez S, Faura A, Arqués L, Rivera C, Català A, Dapena JL, Rives S, Jordan I.	Risk factors and outcome of Chimeric Antigen Receptor T-Cell patients admitted to Pediatric Intensive Care Unit: CART-PICU study	Frontiers in immunology	2023	37600775	10.3389/fimmu.2023.1219289	PMC10433898	https://pmc.ncbi.nlm.nih.gov/articles/PMC10433898/	fulltext/caballerobelln_2023_pmid37600775.xml	cardiopulmonary;clinical;cytokine_release_syndrome;hematologic_malignancy;hlh_mas;neurotoxicity;organ_function;pediatric	fulltext_xml
cytokine_release_syndrome	Dou B, Ren S, Qiu L, Zhang X, Zhang N, Cai J, Chen D, Zhang Q, Yao H, Fan F.	Prophylactic use of interleukin 6 monoclonal antibody can reduce CRS response of CAR-T cell therapy	Frontiers in medicine	2023	38264058	10.3389/fmed.2023.1265835	PMC10804994	https://pmc.ncbi.nlm.nih.gov/articles/PMC10804994/	fulltext/dou_2023_pmid38264058.xml	clinical;cytokine_release_syndrome;review	fulltext_xml
cytokine_release_syndrome	Gazeau N, Liang EC, Wu QV, Voutsinas JM, Barba P, Iacoboni G, Kwon M, Ortega JLR, López-Corral L, Hernani R, Ortiz-Maldonado V, Martínez-Cibrian N, Martinez AP, Maziarz RT, Williamson S, Nemecek ER, Shadman M, Cowan AJ, Green DJ, Kimble E, Hirayama AV, Maloney DG, Turtle CJ, Gauthier J.	Anakinra for Refractory Cytokine Release Syndrome or Immune Effector Cell-Associated Neurotoxicity Syndrome after Chimeric Antigen Receptor T Cell Therapy	Transplantation and cellular therapy	2023	37031746	10.1016/j.jtct.2023.04.001	PMC10330552	https://pmc.ncbi.nlm.nih.gov/articles/PMC10330552/		clinical;cytokine_release_syndrome;neurotoxicity;steroids_immunomodulation	metadata_only
cytokine_release_syndrome	Jain MD, Smith M, Shah NN.	How I treat refractory CRS and ICANS after CAR T-cell therapy	Blood	2023	36989488	10.1182/blood.2022017414	PMC10329191	https://pmc.ncbi.nlm.nih.gov/articles/PMC10329191/	fulltext/jain_2023_pmid36989488.xml	clinical;cytokine_release_syndrome;grading_management;neurotoxicity;review;steroids_immunomodulation	fulltext_xml
cytokine_release_syndrome	Liu C, Cojutti PG, Giannella M, Roberto M, Casadei B, Cristiano G, Papayannidis C, Vianelli N, Zinzani PL, Viale P, Bonifazi F, Pea F.	Does Cytokine-Release Syndrome Induced by CAR T-Cell Treatment Have an Impact on the Pharmacokinetics of Meropenem and Piperacillin/Tazobactam in Patients with Hematological Malignancies? Findings from an Observational Case-Control Study	Pharmaceutics	2023	36986882	10.3390/pharmaceutics15031022	PMC10059857	https://pmc.ncbi.nlm.nih.gov/articles/PMC10059857/	fulltext/liu_2023_pmid36986882.xml	clinical;cytokine_release_syndrome;drug_interaction_pk;organ_function;renal_electrolyte	fulltext_xml
cytokine_release_syndrome	Park JH, Nath K, Devlin SM, Sauter CS, Palomba ML, Shah G, Dahi P, Lin RJ, Scordo M, Perales MA, Shouval R, Tomas AA, Cathcart E, Mead E, Santomasso B, Holodny A, Brentjens RJ, Riviere I, Sadelain M.	CD19 CAR T-cell therapy and prophylactic anakinra in relapsed or refractory lymphoma: phase 2 trial interim results	Nature medicine	2023	37400640	10.1038/s41591-023-02404-6	PMC11462637	https://pmc.ncbi.nlm.nih.gov/articles/PMC11462637/		clinical;cytokine_release_syndrome;hematologic_malignancy;neurotoxicity;steroids_immunomodulation	metadata_only
cytokine_release_syndrome	Patel R, Patel M, Laxmidhar F, Lakhatariya K, Patel D, Patel Z, Shaikh S.	Cytokine Release Syndrome in Patients Treated With Chimeric Antigen Receptor T-cell Therapy: A Retrospective Study Analyzing Risks, Outcomes, and Healthcare Burden	Cureus	2023	38152777	10.7759/cureus.49452	PMC10751860	https://pmc.ncbi.nlm.nih.gov/articles/PMC10751860/	fulltext/patel_2023_pmid38152777.xml	cardiopulmonary;clinical;cytokine_release_syndrome;hlh_mas;organ_function	fulltext_xml
cytokine_release_syndrome	Shah D, Soper B, Shopland L.	Cytokine release syndrome and cancer immunotherapies - historical challenges and promising futures	Frontiers in immunology	2023	37304291	10.3389/fimmu.2023.1190379	PMC10248525	https://pmc.ncbi.nlm.nih.gov/articles/PMC10248525/	fulltext/shah_2023_pmid37304291.xml	clinical;cytokine_release_syndrome;review	fulltext_xml
cytokine_release_syndrome	Tsutsui T, Hata K, Kawaguchi M, Kobayashi H, Kakizaki Y, Miyashita Y.	Cytokine release syndrome complicated with severe rashes induced by nivolumab plus ipilimumab therapy in a patient with non-small cell lung cancer: A case report	Thoracic cancer	2023	37381088	10.1111/1759-7714.15015	PMC10423655	https://pmc.ncbi.nlm.nih.gov/articles/PMC10423655/	fulltext/tsutsui_2023_pmid37381088.xml	cardiopulmonary;clinical;cytokine_release_syndrome;hematologic_coagulopathy;organ_function;other_solid;steroids_immunomodulation	fulltext_xml
cytokine_release_syndrome	Wei Z, Xu J, Zhao C, Zhang M, Xu N, Kang L, Lou X, Yu L, Feng W.	Prediction of severe CRS and determination of biomarkers in B cell-acute lymphoblastic leukemia treated with CAR-T cells	Frontiers in immunology	2023	37854590	10.3389/fimmu.2023.1273507	PMC10579557	https://pmc.ncbi.nlm.nih.gov/articles/PMC10579557/	fulltext/wei_2023_pmid37854590.xml	clinical;cytokine_release_syndrome;hematologic_coagulopathy;hematologic_malignancy;organ_function;pediatric	fulltext_xml
cytokine_release_syndrome	Yankelevich M, Thakur A, Modak S, Chu R, Taub J, Martin A, Schalk DL, Schienshang A, Whitaker S, Rea K, Lee DW, Liu Q, Shields A, Cheung N, Lum LG.	Targeting GD2-positive Refractory/Resistant Neuroblastoma and Osteosarcoma with Anti- CD3 x Anti-GD2 Bispecific Antibody Armed T cells	Research Square	2023		10.21203/rs.3.rs-3570311/v1		https://doi.org/10.21203/rs.3.rs-3570311/v1		cardiopulmonary;clinical;cytokine_release_syndrome;gd2_agent;hematologic_malignancy;mitigation_engineering;neuroblastoma;organ_function;other_solid;pediatric	metadata_only
cytokine_release_syndrome	Yoshida M, Matsuoka Y, Mitsuyuki S, Yonetani N, Kawai J, Kondo T, Ishikawa T.	Early prediction of cytokine release syndrome by measuring phosphate and magnesium levels following chimeric antigen receptor T cell therapy	Blood cell therapy	2023	38149020	10.31547/bct-2023-021	PMC10749729	https://pmc.ncbi.nlm.nih.gov/articles/PMC10749729/	fulltext/yoshida_2023_pmid38149020.xml	clinical;cytokine_release_syndrome;hematologic_malignancy	fulltext_xml
cytokine_release_syndrome	Zhang Q, Zu C, Jing R, Feng Y, Zhang Y, Zhang M, Lv Y, Cui J, Zhou L, Meng Y, Wang L, Cen Z, Chang AH, Hu Y, Huang H.	Incidence, clinical characteristics and prognosis of tumor lysis syndrome following B-cell maturation antigen-targeted chimeric antigen receptor-T cell therapy in relapsed/refractory multiple myeloma	Frontiers in immunology	2023	37215107	10.3389/fimmu.2023.1125357	PMC10192732	https://pmc.ncbi.nlm.nih.gov/articles/PMC10192732/	fulltext/zhang_2023_pmid37215107.xml	clinical;cytokine_release_syndrome;hematologic_malignancy;neurotoxicity;organ_function;renal_electrolyte	fulltext_xml
cytokine_release_syndrome	Balagopal S, Sasaki K, Kaur P, Nikolaidi M, Ishihara J.	Emerging approaches for preventing cytokine release syndrome in CAR-T cell therapy	Journal of materials chemistry. B	2022	35912720	10.1039/d2tb00592a	PMC9518648	https://pmc.ncbi.nlm.nih.gov/articles/PMC9518648/	fulltext/balagopal_2022_pmid35912720.xml	clinical;cytokine_release_syndrome;hematologic_malignancy;infection_immune;other_solid;review	fulltext_xml
cytokine_release_syndrome	Baur K, Heim D, Beerlage A, Poerings AS, Kopp B, Medinger M, Dirks JC, Passweg JR, Holbro A.	Dasatinib for treatment of CAR T-cell therapy-related complications	Journal for immunotherapy of cancer	2022	36455991	10.1136/jitc-2022-005956	PMC9717332	https://pmc.ncbi.nlm.nih.gov/articles/PMC9717332/	fulltext/baur_2022_pmid36455991.xml	clinical;cytokine_release_syndrome;neurotoxicity;steroids_immunomodulation	fulltext_xml
cytokine_release_syndrome	Diorio C, Vatsayan A, Talleur AC, Annesley C, Jaroscak JJ, Shalabi H, Ombrello AK, Hudspeth M, Maude SL, Gardner RA, Shah NN.	Anakinra utilization in refractory pediatric CAR T-cell associated toxicities	Blood advances	2022	35395068	10.1182/bloodadvances.2022006983	PMC9198909	https://pmc.ncbi.nlm.nih.gov/articles/PMC9198909/	fulltext/diorio_2022_pmid35395068.xml	clinical;cytokine_release_syndrome;pediatric;steroids_immunomodulation	fulltext_xml
cytokine_release_syndrome	Dos Santos DMC, Rejeski K, Winkelmann M, Liu L, Trinkner P, Günther S, Bücklein VL, Blumenberg V, Schmidt C, Kunz WG, Von Bergwelt-Baildon M, Theurich S, Subklewe M.	Increased visceral fat distribution and body composition impact cytokine release syndrome onset and severity after CD19 chimeric antigen receptor T-cell therapy in advanced B-cell malignancies	Haematologica	2022	35172565	10.3324/haematol.2021.280189	PMC9425325	https://pmc.ncbi.nlm.nih.gov/articles/PMC9425325/	fulltext/dos_2022_pmid35172565.xml	clinical;cytokine_release_syndrome;grading_management;neurotoxicity	fulltext_xml
cytokine_release_syndrome	Ferreros P, Trapero I.	Interleukin Inhibitors in Cytokine Release Syndrome and Neurotoxicity Secondary to CAR-T Therapy	Diseases (Basel, Switzerland)	2022	35892735	10.3390/diseases10030041	PMC9326641	https://pmc.ncbi.nlm.nih.gov/articles/PMC9326641/	fulltext/ferreros_2022_pmid35892735.xml	clinical;cytokine_release_syndrome;neurotoxicity;review;steroids_immunomodulation	fulltext_xml
cytokine_release_syndrome	Gong WJ, Qiu Y, Li MH, Chen LY, Li YY, Yu JQ, Kang LQ, Sun AN, Wu DP, Yu L, Xue SL.	Investigation of the risk factors to predict cytokine release syndrome in relapsed or refractory B-cell acute lymphoblastic leukemia patients receiving IL-6 knocking down anti-CD19 chimeric antigen receptor T-cell therapy	Frontiers in immunology	2022	36105799	10.3389/fimmu.2022.922212	PMC9464804	https://pmc.ncbi.nlm.nih.gov/articles/PMC9464804/	fulltext/gong_2022_pmid36105799.xml	clinical;cytokine_release_syndrome;grading_management;hematologic_malignancy	fulltext_xml
cytokine_release_syndrome	Logan GE, Miller K, Kohler ME, Loi M, Maddux AB.	Outcomes of Critically Ill Children With Acute Lymphoblastic Leukemia and Cytokine Release Syndrome Due to Chimeric Antigen Receptor T Cell Therapy: US, Multicenter PICU, Cohort Database Study	Pediatric critical care medicine : a journal of the Society of Critical Care Medicine and the World Federation of Pediatric Intensive and Critical Care Societies	2022	36194016	10.1097/pcc.0000000000003079	PMC9722524	https://pmc.ncbi.nlm.nih.gov/articles/PMC9722524/		clinical;cytokine_release_syndrome;hematologic_malignancy;pediatric	metadata_only
cytokine_release_syndrome	McNerney KO, DiNofia AM, Teachey DT, Grupp SA, Maude SL.	Potential Role of IFNγ Inhibition in Refractory Cytokine Release Syndrome Associated with CAR T-cell Therapy	Blood cancer discovery	2022	35015687	10.1158/2643-3230.bcd-21-0203	PMC9245357	https://pmc.ncbi.nlm.nih.gov/articles/PMC9245357/		clinical;cytokine_release_syndrome;hematologic_malignancy;steroids_immunomodulation	metadata_only
cytokine_release_syndrome	Moriyama S, Fukata M, Yokoyama T, Ueno S, Nunomura T, Mori Y, Kato K, Miyamoto T, Akashi K.	Case Report: Cardiac Tamponade in Association With Cytokine Release Syndrome Following CAR-T Cell Therapy	Frontiers in cardiovascular medicine	2022	35387436	10.3389/fcvm.2022.848091	PMC8977736	https://pmc.ncbi.nlm.nih.gov/articles/PMC8977736/	fulltext/moriyama_2022_pmid35387436.xml	cardiopulmonary;clinical;cytokine_release_syndrome;hematologic_malignancy;organ_function;steroids_immunomodulation	fulltext_xml
cytokine_release_syndrome	Narayan V, Barber-Rotenberg JS, Jung IY, Lacey SF, Rech AJ, Davis MM, Hwang WT, Lal P, Carpenter EL, Maude SL, Plesa G, Vapiwala N, Chew A, Moniak M, Sebro RA, Farwell MD, Marshall A, Gilmore J, Lledo L, Dengel K, Church SE, Hether TD, Xu J, Gohil M, Buckingham TH, Yee SS, Gonzalez VE, Kulikovskaya I, Chen F, Tian L, Tien K, Gladney W, Nobles CL, Raymond HE, Prostate Cancer Cellular Therapy Program Investigators, Hexner EO, Siegel DL, Bushman FD, June CH, Fraietta JA, Haas NB.	PSMA-targeting TGFβ-insensitive armored CAR T cells in metastatic castration-resistant prostate cancer: a phase 1 trial	Nature medicine	2022	35314843	10.1038/s41591-022-01726-1	PMC10308799	https://pmc.ncbi.nlm.nih.gov/articles/PMC10308799/		clinical;cytokine_release_syndrome;hematologic_malignancy;infection_immune;mitigation_engineering;other_solid	metadata_only
cytokine_release_syndrome	Ojemolon PE, Kalidindi S, Ahlborn TA, Aihie OP, Awoyomi MI.	Cytokine Release Syndrome Following Blinatumomab Therapy	Cureus	2022	35228941	10.7759/cureus.21583	PMC8867529	https://pmc.ncbi.nlm.nih.gov/articles/PMC8867529/	fulltext/ojemolon_2022_pmid35228941.xml	clinical;cytokine_release_syndrome;steroids_immunomodulation	fulltext_xml
cytokine_release_syndrome	Totzeck M, Michel L, Lin Y, Herrmann J, Rassaf T.	Cardiotoxicity from chimeric antigen receptor-T cell therapy for advanced malignancies	European heart journal	2022	35257157	10.1093/eurheartj/ehac106	PMC9123242	https://pmc.ncbi.nlm.nih.gov/articles/PMC9123242/	fulltext/totzeck_2022_pmid35257157.xml	cardiopulmonary;clinical;cytokine_release_syndrome;grading_management;organ_function;review	fulltext_xml
cytokine_release_syndrome	Wang L, Chen Y, Zhou W, Miao X, Zhou H.	Utilization of physiologically-based pharmacokinetic model to assess disease-mediated therapeutic protein-disease-drug interaction in immune-mediated inflammatory diseases	Clinical and translational science	2022	34581012	10.1111/cts.13164	PMC8841519	https://pmc.ncbi.nlm.nih.gov/articles/PMC8841519/	fulltext/wang_2022_pmid34581012.xml	clinical;cytokine_release_syndrome;drug_interaction_pk	fulltext_xml
cytokine_release_syndrome	Wehrli M, Gallagher K, Chen YB, Leick MB, McAfee SL, El-Jawahri AR, DeFilipp Z, Horick N, O'Donnell P, Spitzer T, Dey B, Cook D, Trailor M, Lindell K, Maus MV, Frigault MJ.	Single-center experience using anakinra for steroid-refractory immune effector cell-associated neurotoxicity syndrome (ICANS)	Journal for immunotherapy of cancer	2022	34996813	10.1136/jitc-2021-003847	PMC8744112	https://pmc.ncbi.nlm.nih.gov/articles/PMC8744112/	fulltext/wehrli_2022_pmid34996813.xml	clinical;cytokine_release_syndrome;hematologic_coagulopathy;infection_immune;neurotoxicity;organ_function;steroids_immunomodulation	fulltext_xml
cytokine_release_syndrome	Xu Z, Tian F, Chen B, Kong X, Dai X, Cao J, Jiang P, Lu L, Lv Q, Yang A, Ma L, Hu L, Zhu X.	CAR-T cell-induced cytokine release syndrome is rapidly alleviated by tripterygium glycosides	Research Square	2022		10.21203/rs.3.rs-2331958/v1		https://doi.org/10.21203/rs.3.rs-2331958/v1		clinical;cytokine_release_syndrome	metadata_only
cytokine_release_syndrome	Yoshihara K, Orihara Y, Hoshiyama T, Tamaki H, Sunayama I, Matsuda I, Nishikawa A, Kumamoto T, Samori M, Utsunomiya N, Min KD, Asakura M, Hirota S, Ishihara M, Higasa S, Yoshihara S.	Severe acute heart failure during or following cytokine release syndrome after CAR T-cell therapy	Leukemia research reports	2022	35898695	10.1016/j.lrr.2022.100338	PMC9310108	https://pmc.ncbi.nlm.nih.gov/articles/PMC9310108/	fulltext/yoshihara_2022_pmid35898695.xml	cardiopulmonary;clinical;cytokine_release_syndrome;organ_function	fulltext_xml
cytokine_release_syndrome	Zhang X, Guo Y, Ji Y, Gao Y, Zhang M, Liu Y, Zhu W, Lu P.	Cytokine Release Syndrome After Modified CAR-NK Therapy in an Advanced Non-small Cell Lung Cancer Patient: A Case Report	Cell transplantation	2022	35506155	10.1177/09636897221094244	PMC9073124	https://pmc.ncbi.nlm.nih.gov/articles/PMC9073124/	fulltext/zhang_2022_pmid35506155.xml	clinical;cytokine_release_syndrome;other_solid	fulltext_xml
cytokine_release_syndrome	Zhou L, Yu N, Li T, Ji H, Jiang L, Wang D, Xu B, Zhou X.	Clinical characteristics and prognosis of 16 relapsed/refractory B-cell malignancy patients with CAR T-cell-related hyperferritinaemia	Frontiers in oncology	2022	36313658	10.3389/fonc.2022.912689	PMC9600326	https://pmc.ncbi.nlm.nih.gov/articles/PMC9600326/	fulltext/zhou_2022_pmid36313658.xml	clinical;cytokine_release_syndrome;hematologic_malignancy;hlh_mas;organ_function;steroids_immunomodulation	fulltext_xml
cytokine_release_syndrome	Bates PD, Rakhmilevich AL, Cho MM, Bouchlaka MN, Rao SL, Hales JM, Orentas RJ, Fry TJ, Gilles SD, Sondel PM, Capitini CM.	Combining Immunocytokine and Ex Vivo Activated NK Cells as a Platform for Enhancing Graft-Versus-Tumor Effects Against GD2+ Murine Neuroblastoma	Frontiers in immunology	2021	34489927	10.3389/fimmu.2021.668307	PMC8417312	https://pmc.ncbi.nlm.nih.gov/articles/PMC8417312/	fulltext/bates_2021_pmid34489927.xml	cytokine_release_syndrome;gd2_agent;neuroblastoma;preclinical	fulltext_xml
cytokine_release_syndrome	Browne EK, Daut E, Hente M, Turner K, Waters K, Duffy EA.	Evidence-Based Recommendations for Nurse Monitoring and Management of Immunotherapy-Induced Cytokine Release Syndrome: A Systematic Review from the Children's Oncology Group	Journal of pediatric oncology nursing : official journal of the Association of Pediatric Oncology Nurses	2021	34460332	10.1177/10434542211040203	PMC8822185	https://pmc.ncbi.nlm.nih.gov/articles/PMC8822185/		clinical;cytokine_release_syndrome;hematologic_malignancy;pediatric;review	metadata_only
cytokine_release_syndrome	Caimi PF, Pacheco Sanchez G, Sharma A, Otegbeye F, Ahmed N, Rojas P, Patel S, Kleinsorge Block S, Schiavone J, Zamborsky K, Boughan K, Hillian A, Reese-Koc J, Maschan M, Dropulic B, Sekaly RP, de Lima M.	Prophylactic Tocilizumab Prior to Anti-CD19 CAR-T Cell Therapy for Non-Hodgkin Lymphoma	Frontiers in immunology	2021	34712233	10.3389/fimmu.2021.745320	PMC8546323	https://pmc.ncbi.nlm.nih.gov/articles/PMC8546323/	fulltext/caimi_2021_pmid34712233.xml	clinical;cytokine_release_syndrome;hematologic_malignancy;neurotoxicity;steroids_immunomodulation	fulltext_xml
cytokine_release_syndrome	Cosenza M, Sacchi S, Pozzi S.	Cytokine Release Syndrome Associated with T-Cell-Based Therapies for Hematological Malignancies: Pathophysiology, Clinical Presentation, and Treatment	International journal of molecular sciences	2021	34299273	10.3390/ijms22147652	PMC8305850	https://pmc.ncbi.nlm.nih.gov/articles/PMC8305850/	fulltext/cosenza_2021_pmid34299273.xml	clinical;cytokine_release_syndrome;infection_immune;review	fulltext_xml
cytokine_release_syndrome	Dave P, Pallares Vela E, Cancarevic I.	Is Prophylaxis the Only Way Out for Cytokine Release Syndrome Associated With Chimeric Antigen T-cell Therapy?	Cureus	2021	34650883	10.7759/cureus.17709	PMC8489777	https://pmc.ncbi.nlm.nih.gov/articles/PMC8489777/	fulltext/dave_2021_pmid34650883.xml	clinical;cytokine_release_syndrome;review;steroids_immunomodulation	fulltext_xml
cytokine_release_syndrome	Guo H, Qian L, Cui J.	Focused evaluation of the roles of macrophages in chimeric antigen receptor (CAR) T cell therapy associated cytokine release syndrome	Cancer biology & medicine	2021	34570442	10.20892/j.issn.2095-3941.2021.0087	PMC8958886	https://pmc.ncbi.nlm.nih.gov/articles/PMC8958886/	fulltext/guo_2021_pmid34570442.xml	clinical;cytokine_release_syndrome;infection_immune;review	fulltext_xml
cytokine_release_syndrome	Hong R, Zhao H, Wang Y, Chen Y, Cai H, Hu Y, Wei G, Huang H.	Clinical characterization and risk factors associated with cytokine release syndrome induced by COVID-19 and chimeric antigen receptor T-cell therapy	Bone marrow transplantation	2021	32943758	10.1038/s41409-020-01060-5	PMC7498115	https://pmc.ncbi.nlm.nih.gov/articles/PMC7498115/	fulltext/hong_2021_pmid32943758.xml	clinical;cytokine_release_syndrome;grading_management	fulltext_xml
cytokine_release_syndrome	Mühlbacher J, Schörgenhofer C, Doberer K, Dürr M, Budde K, Eskandary F, Mayer KA, Schranz S, Ely S, Reiter B, Chong E, Adler SH, Jilma B, Böhmig GA.	Anti-interleukin-6 antibody clazakizumab in late antibody-mediated kidney transplant rejection: effect on cytochrome P450 drug metabolism	Transplant international : official journal of the European Society for Organ Transplantation	2021	34153143	10.1111/tri.13954	PMC8456861	https://pmc.ncbi.nlm.nih.gov/articles/PMC8456861/	fulltext/mhlbacher_2021_pmid34153143.xml	clinical;cytokine_release_syndrome;drug_interaction_pk;hematologic_malignancy;systemic_iv	fulltext_xml
cytokine_release_syndrome	Oluwole OO, Bouabdallah K, Muñoz J, De Guibert S, Vose JM, Bartlett NL, Lin Y, Deol A, McSweeney PA, Goy AH, Kersten MJ, Jacobson CA, Farooq U, Minnema MC, Thieblemont C, Timmerman JM, Stiff P, Avivi I, Tzachanis D, Kim JJ, Bashir Z, McLeroy J, Zheng Y, Rossi JM, Johnson L, Goyal L, van Meerten T.	Prophylactic corticosteroid use in patients receiving axicabtagene ciloleucel for large B-cell lymphoma	British journal of haematology	2021	34296427	10.1111/bjh.17527	PMC8457222	https://pmc.ncbi.nlm.nih.gov/articles/PMC8457222/	fulltext/oluwole_2021_pmid34296427.xml	clinical;cytokine_release_syndrome;hematologic_malignancy;steroids_immunomodulation	fulltext_xml
cytokine_release_syndrome	Pennisi M, Sanchez-Escamilla M, Flynn JR, Shouval R, Alarcon Tomas A, Silverberg ML, Batlevi C, Brentjens RJ, Dahi PB, Devlin SM, Diamonte C, Giralt S, Halton EF, Jain T, Maloy M, Mead E, Palomba ML, Ruiz J, Santomasso B, Sauter CS, Scordo M, Shah GL, Park JH, Yanez San Segundo L, Perales MA.	Modified EASIX predicts severe cytokine release syndrome and neurotoxicity after chimeric antigen receptor T cells	Blood advances	2021	34432870	10.1182/bloodadvances.2020003885	PMC8525234	https://pmc.ncbi.nlm.nih.gov/articles/PMC8525234/		clinical;cytokine_release_syndrome;hematologic_malignancy;neurotoxicity;organ_function;renal_electrolyte;steroids_immunomodulation	metadata_only
cytokine_release_syndrome	Perrin P, Collongues N, Baloglu S, Bedo D, Bassand X, Lavaux T, Gautier-Vargas G, Keller N, Kremer S, Fafi-Kremer S, Moulin B, Benotmane I, Caillard S.	Cytokine release syndrome-associated encephalopathy in patients with COVID-19	European journal of neurology	2021	32853434	10.1111/ene.14491	PMC7461405	https://pmc.ncbi.nlm.nih.gov/articles/PMC7461405/		clinical;cytokine_release_syndrome;grading_management;neurotoxicity;steroids_immunomodulation;systemic_iv	metadata_only
cytokine_release_syndrome	Sackstein P, Zaemes J, Kim C.	Pembrolizumab-induced cytokine release syndrome in a patient with metastatic lung adenocarcinoma: a case report	Journal for immunotherapy of cancer	2021	34330765	10.1136/jitc-2021-002855	PMC8327834	https://pmc.ncbi.nlm.nih.gov/articles/PMC8327834/	fulltext/sackstein_2021_pmid34330765.xml	cardiopulmonary;clinical;cytokine_release_syndrome;hlh_mas;organ_function;renal_electrolyte	fulltext_xml
cytokine_release_syndrome	Seitz CM, Flaadt T, Mezger M, Lang AM, Michaelis S, Katz M, Syring D, Joechner A, Rabsteyn A, Siebert N, Troschke-Meurer S, Zumpe M, Lode HN, Yang SF, Atar D, Mast AS, Scheuermann S, Heubach F, Handgretinger R, Lang P, Schlegel P.	Immunomonitoring of Stage IV Relapsed Neuroblastoma Patients Undergoing Haploidentical Hematopoietic Stem Cell Transplantation and Subsequent GD2 (ch14.18/CHO) Antibody Treatment	Frontiers in immunology	2021	34367149	10.3389/fimmu.2021.690467	PMC8339919	https://pmc.ncbi.nlm.nih.gov/articles/PMC8339919/	fulltext/seitz_2021_pmid34367149.xml	clinical;cytokine_release_syndrome;gd2_agent;hematologic_malignancy;infection_immune;neuroblastoma;pediatric	fulltext_xml
cytokine_release_syndrome	Singbartl K, Rosenthal A, Leis J, Patel B, Sen A.	Novel Use of Extracorporeal Blood Purification for Treatment of Severe, Refractory Neurotoxicity After Chimeric Antigen Receptor T-Cell Therapy-A Case Report	Critical care explorations	2021	34235458	10.1097/cce.0000000000000472	PMC8245117	https://pmc.ncbi.nlm.nih.gov/articles/PMC8245117/	fulltext/singbartl_2021_pmid34235458.xml	clinical;cytokine_release_syndrome;hematologic_malignancy;neurotoxicity;steroids_immunomodulation	fulltext_xml
cytokine_release_syndrome	Topp MS, van Meerten T, Houot R, Minnema MC, Bouabdallah K, Lugtenburg PJ, Thieblemont C, Wermke M, Song KW, Avivi I, Kuruvilla J, Dührsen U, Zheng Y, Vardhanabhuti S, Dong J, Bot A, Rossi JM, Plaks V, Sherman M, Kim JJ, Kerber A, Kersten MJ.	Earlier corticosteroid use for adverse event management in patients receiving axicabtagene ciloleucel for large B-cell lymphoma	British journal of haematology	2021	34590303	10.1111/bjh.17673	PMC9293158	https://pmc.ncbi.nlm.nih.gov/articles/PMC9293158/	fulltext/topp_2021_pmid34590303.xml	clinical;cytokine_release_syndrome;hematologic_malignancy;steroids_immunomodulation	fulltext_xml
cytokine_release_syndrome	Tvedt THA, Vo AK, Bruserud Ø, Reikvam H.	Cytokine Release Syndrome in the Immunotherapy of Hematological Malignancies: The Biology behind and Possible Clinical Consequences	Journal of clinical medicine	2021	34768710	10.3390/jcm10215190	PMC8585070	https://pmc.ncbi.nlm.nih.gov/articles/PMC8585070/	fulltext/tvedt_2021_pmid34768710.xml	clinical;cytokine_release_syndrome;infection_immune;review;steroids_immunomodulation	fulltext_xml
cytokine_release_syndrome	Yomota M, Mirokuji K, Sakaguchi M, Kitahara Y, Chin F, Setoguchi K, Hosomi Y.	Cytokine Release Syndrome Induced by Immune-checkpoint Inhibitor Therapy for Non-small-cell Lung Cancer	Internal medicine (Tokyo, Japan)	2021	33775995	10.2169/internalmedicine.5922-20	PMC8627810	https://pmc.ncbi.nlm.nih.gov/articles/PMC8627810/	fulltext/yomota_2021_pmid33775995.xml	clinical;cytokine_release_syndrome;hematologic_coagulopathy;organ_function;other_solid	fulltext_xml
cytokine_release_syndrome	Chen LY, Kang LQ, Zhou HX, Gao HQ, Zhu XF, Xu N, Yu L, Wu DP, Xue SL, Sun AN.	Successful application of anti-CD19 CAR-T therapy with IL-6 knocking down to patients with central nervous system B-cell acute lymphocytic leukemia	Translational oncology	2020	32745961	10.1016/j.tranon.2020.100838	PMC7399187	https://pmc.ncbi.nlm.nih.gov/articles/PMC7399187/	fulltext/chen_2020_pmid32745961.xml	clinical;cytokine_release_syndrome;hematologic_malignancy;neurotoxicity	fulltext_xml
cytokine_release_syndrome	Chou CK, Turtle CJ.	Assessment and management of cytokine release syndrome and neurotoxicity following CD19 CAR-T cell therapy	Expert opinion on biological therapy	2020	32067497	10.1080/14712598.2020.1729735	PMC7393694	https://pmc.ncbi.nlm.nih.gov/articles/PMC7393694/		clinical;cytokine_release_syndrome;grading_management;neurotoxicity;review	metadata_only
cytokine_release_syndrome	Cicek F, Troschke-Meurer S, Ceylan K, Jahns LJ, Zumpe M, Siebert N, Ehlert K, Lode HN.	Impact of IL-2 on Treatment Tolerance in Patients With High-Risk Neuroblastoma Treated With Dinutuximab Beta-Based Immunotherapy	Frontiers in pediatrics	2020	33392114	10.3389/fped.2020.582820	PMC7772209	https://pmc.ncbi.nlm.nih.gov/articles/PMC7772209/	fulltext/cicek_2020_pmid33392114.xml	clinical;cytokine_release_syndrome;gd2_agent;neuroblastoma	fulltext_xml
cytokine_release_syndrome	Dixon BN, Daley RJ, Buie LW, Hsu M, Park JH, Brentjens RJ, Purdon TJ, Latcha S.	Correlation of IL-6 secretion and hyponatremia with the use of CD19+ chimeric antigen receptor T-cells	Clinical nephrology	2020	31670650	10.5414/cn109872	PMC9904099	https://pmc.ncbi.nlm.nih.gov/articles/PMC9904099/	fulltext/dixon_2020_pmid31670650.xml	clinical;cytokine_release_syndrome;hematologic_malignancy;organ_function;renal_electrolyte	fulltext_xml
cytokine_release_syndrome	Frigault MJ, Nikiforow S, Mansour MK, Hu ZH, Horowitz MM, Riches ML, Hematti P, Turtle CJ, Zhang MJ, Perales MA, Pasquini MC.	Tocilizumab not associated with increased infection risk after CAR T-cell therapy: implications for COVID-19?	Blood	2020	32457999	10.1182/blood.2020006216	PMC7332891	https://pmc.ncbi.nlm.nih.gov/articles/PMC7332891/	fulltext/frigault_2020_pmid32457999.xml	clinical;cytokine_release_syndrome;infection_immune	fulltext_xml
cytokine_release_syndrome	Güneş S, Gök H, Ataman Ş, Kutlay Ş.	Spontaneous Spinal Epidural Hematoma During Simultaneous Tocilizumab and Warfarin Use in a Patient With Rheumatoid Arthritis: Is There a Drug Interaction Between Tocilizumab and Oral Anticoagulants?	Archives of rheumatology	2020	33758819	10.46497/archrheumatol.2020.7579	PMC7945701	https://pmc.ncbi.nlm.nih.gov/articles/PMC7945701/	fulltext/gne_2020_pmid33758819.xml	clinical;cytokine_release_syndrome;drug_interaction_pk;hematologic_coagulopathy;organ_function	fulltext_xml
cytokine_release_syndrome	Hao Z, Li R, Li R, Meng L, Han Z, Hong Z.	Macrophage, the potential key mediator in CAR-T related CRS	Experimental hematology & oncology	2020	32665874	10.1186/s40164-020-00171-5	PMC7349474	https://pmc.ncbi.nlm.nih.gov/articles/PMC7349474/	fulltext/hao_2020_pmid32665874.xml	clinical;cytokine_release_syndrome;review;steroids_immunomodulation	fulltext_xml
cytokine_release_syndrome	Jatiani SS, Aleman A, Madduri D, Chari A, Cho HJ, Richard S, Richter J, Brody J, Jagannath S, Parekh S.	Myeloma CAR-T CRS Management With IL-1R Antagonist Anakinra	Clinical lymphoma, myeloma & leukemia	2020	32553791	10.1016/j.clml.2020.04.020	PMC7484011	https://pmc.ncbi.nlm.nih.gov/articles/PMC7484011/		clinical;cytokine_release_syndrome;hematologic_malignancy;steroids_immunomodulation	metadata_only
cytokine_release_syndrome	Shalabi H, Sachdev V, Kulshreshtha A, Cohen JW, Yates B, Rosing DR, Sidenko S, Delbrook C, Mackall C, Wiley B, Lee DW, Shah NN.	Impact of cytokine release syndrome on cardiac function following CD19 CAR-T cell therapy in children and young adults with hematological malignancies	Journal for immunotherapy of cancer	2020	32883871	10.1136/jitc-2020-001159	PMC7473612	https://pmc.ncbi.nlm.nih.gov/articles/PMC7473612/	fulltext/shalabi_2020_pmid32883871.xml	cardiopulmonary;clinical;cytokine_release_syndrome;grading_management;hematologic_malignancy;organ_function;pediatric	fulltext_xml
cytokine_release_syndrome	Si S, Teachey DT, Teachey DT.	Spotlight on Tocilizumab in the Treatment of CAR-T-Cell-Induced Cytokine Release Syndrome: Clinical Evidence to Date	Therapeutics and clinical risk management	2020	32801727	10.2147/tcrm.s223468	PMC7414980	https://pmc.ncbi.nlm.nih.gov/articles/PMC7414980/	fulltext/si_2020_pmid32801727.xml	clinical;cytokine_release_syndrome;grading_management;hlh_mas;organ_function;review	fulltext_xml
cytokine_release_syndrome	Xu Z, Tian F, Chen B, Kong X, Dai X, Cao J, Jiang P, Tan J, Lu L, Wang X, Lv Q, Kang D, Xu M, Hu Y, Yang A, Wang Q, Yang Z, Sun X, Ma L, Hu L, Zhu X.	Tripterygium glycosides as a potential treatment for CAR-T induced cytokine release syndrome: implication of monocyte depletion	medRxiv	2020		10.1101/2020.11.22.20232801		https://doi.org/10.1101/2020.11.22.20232801		clinical;cytokine_release_syndrome;hlh_mas;organ_function	metadata_only
cytokine_release_syndrome	Kotch C, Barrett D, Teachey DT.	Tocilizumab for the treatment of chimeric antigen receptor T cell-induced cytokine release syndrome	Expert review of clinical immunology	2019	31219357	10.1080/1744666x.2019.1629904	PMC7936577	https://pmc.ncbi.nlm.nih.gov/articles/PMC7936577/		clinical;cytokine_release_syndrome;neurotoxicity;review	metadata_only
cytokine_release_syndrome	Giavridis T, van der Stegen SJC, Eyquem J, Hamieh M, Piersigilli A, Sadelain M.	CAR T cell-induced cytokine release syndrome is mediated by macrophages and abated by IL-1 blockade	Nature medicine	2018	29808005	10.1038/s41591-018-0041-7	PMC6410714	https://pmc.ncbi.nlm.nih.gov/articles/PMC6410714/		cardiopulmonary;cytokine_release_syndrome;hematologic_malignancy;organ_function;preclinical;steroids_immunomodulation	metadata_only
cytokine_release_syndrome	Le RQ, Li L, Yuan W, Shord SS, Nie L, Habtemariam BA, Przepiorka D, Farrell AT, Pazdur R.	FDA Approval Summary: Tocilizumab for Treatment of Chimeric Antigen Receptor T Cell-Induced Severe or Life-Threatening Cytokine Release Syndrome	The oncologist	2018	29622697	10.1634/theoncologist.2018-0028	PMC6156173	https://pmc.ncbi.nlm.nih.gov/articles/PMC6156173/	fulltext/le_2018_pmid29622697.xml	clinical;cytokine_release_syndrome;grading_management;pediatric;systemic_iv	fulltext_xml
cytokine_release_syndrome	Norelli M, Camisa B, Barbiera G, Falcone L, Purevdorj A, Genua M, Sanvito F, Ponzoni M, Doglioni C, Cristofori P, Traversari C, Bordignon C, Ciceri F, Ostuni R, Bonini C, Casucci M, Bondanza A.	Monocyte-derived IL-1 and IL-6 are differentially required for cytokine-release syndrome and neurotoxicity due to CAR T cells	Nature medicine	2018	29808007	10.1038/s41591-018-0036-4		https://doi.org/10.1038/s41591-018-0036-4		cytokine_release_syndrome;hematologic_malignancy;neurotoxicity;preclinical;steroids_immunomodulation	metadata_only
cytokine_release_syndrome	Wang Z, Han W.	Biomarkers of cytokine release syndrome and neurotoxicity related to CAR-T cell therapy	Biomarker research	2018	29387417	10.1186/s40364-018-0116-0	PMC5778792	https://pmc.ncbi.nlm.nih.gov/articles/PMC5778792/	fulltext/wang_2018_pmid29387417.xml	clinical;cytokine_release_syndrome;grading_management;neurotoxicity;review	fulltext_xml
cytokine_release_syndrome	Ploessl C, Pan A, Maples KT, Lowe DK.	Dinutuximab: An Anti-GD2 Monoclonal Antibody for High-Risk Neuroblastoma	The Annals of pharmacotherapy	2016	26917818	10.1177/1060028016632013		https://doi.org/10.1177/1060028016632013		cardiopulmonary;clinical;cytokine_release_syndrome;drug_interaction_pk;gd2_agent;neuroblastoma;organ_function;pediatric;review	metadata_only
cytokine_release_syndrome	Davila ML, Riviere I, Wang X, Bartido S, Park J, Curran K, Chung SS, Stefanski J, Borquez-Ojeda O, Olszewska M, Qu J, Wasielewska T, He Q, Fink M, Shinglot H, Youssif M, Satter M, Wang Y, Hosey J, Quintanilla H, Halton E, Bernal Y, Bouhassira DC, Arcila ME, Gonen M, Roboz GJ, Maslak P, Douer D, Frattini MG, Giralt S, Sadelain M, Brentjens R.	Efficacy and toxicity management of 19-28z CAR T cell therapy in B cell acute lymphoblastic leukemia	Science translational medicine	2014	24553386	10.1126/scitranslmed.3008226	PMC4684949	https://pmc.ncbi.nlm.nih.gov/articles/PMC4684949/		clinical;cytokine_release_syndrome;grading_management;hematologic_malignancy;steroids_immunomodulation	metadata_only
cytokine_release_syndrome	Albertini MR, Hank JA, Gadbaw B, Kostlevy J, Haldeman J, Schalch H, Gan J, Kim K, Eickhoff J, Gillies SD, Sondel PM.	Phase II trial of hu14.18-IL2 for patients with metastatic melanoma	Cancer immunology, immunotherapy : CII	2012	22678096	10.1007/s00262-012-1286-5	PMC3502633	https://pmc.ncbi.nlm.nih.gov/articles/PMC3502633/		cardiopulmonary;clinical;cytokine_release_syndrome;gd2_agent;hematologic_malignancy;organ_function;other_solid;renal_electrolyte;systemic_iv	metadata_only
cytokine_release_syndrome	Gilman AL, Ozkaynak MF, Matthay KK, Krailo M, Yu AL, Gan J, Sternberg A, Hank JA, Seeger R, Reaman GH, Sondel PM.	Phase I study of ch14.18 with granulocyte-macrophage colony-stimulating factor and interleukin-2 in children with neuroblastoma after autologous bone marrow transplantation or stem-cell rescue: a report from the Children's Oncology Group	Journal of clinical oncology : official journal of the American Society of Clinical Oncology	2009	19047298	10.1200/jco.2006.10.3564	PMC2645092	https://pmc.ncbi.nlm.nih.gov/articles/PMC2645092/		cardiopulmonary;clinical;cytokine_release_syndrome;gd2_agent;grading_management;hepatic;neuroblastoma;organ_function;pediatric	metadata_only
hlh_mas	Al-Mashdali AF, Mohamed F, Osman M, Abdelraof MO, Al Rasheed M, Salama H, Mohamed SF, Yassin MA.	Real-world use of emapalumab in hemophagocytic lymphohistiocytosis: a scoping review of published evidence	Frontiers in pharmacology	2026	42038293	10.3389/fphar.2026.1749084	PMC13106456	https://pmc.ncbi.nlm.nih.gov/articles/PMC13106456/	fulltext/almashdali_2026_pmid42038293.xml	clinical;hematologic_malignancy;hlh_mas;infection_immune;organ_function;pediatric;review;steroids_immunomodulation	fulltext_xml
hlh_mas	Donzelli L, Zullino V, Torelli GF, De Propris MS, Piazzolla M, Ruberto F, Martelli M, Di Rocco A.	Managing Treatment-Emergent Immune Effector Cell-Associated Hemophagocytic Lymphohistiocytosis-Like Syndrome Following CAR-T Cell Therapy: A Case-Based Review of the use of Emapalumab	Hematological oncology	2026	41311365	10.1002/hon.70157	PMC12661470	https://pmc.ncbi.nlm.nih.gov/articles/PMC12661470/	fulltext/donzelli_2026_pmid41311365.xml	clinical;cytokine_release_syndrome;hematologic_coagulopathy;hematologic_malignancy;hlh_mas;neurotoxicity;organ_function;review;steroids_immunomodulation	fulltext_xml
hlh_mas	Fresa A, Cuccaro A, Bonanni M, Galati D, Ferrara G, Volzone F, Crisci S, Rivieccio M, Oro M, Morgillo E, Mele S, De Filippi R, Pinto A.	Immune effector cell-associated hemophagocytic lymphohistiocytosis-like syndrome during treatment with the bivalent CD20xCD3 bispecific antibody glofitamab	Haematologica	2026	41988762	10.3324/haematol.2025.300326		https://doi.org/10.3324/haematol.2025.300326		clinical;hlh_mas;organ_function	metadata_only
hlh_mas	Galletta TJ, Rubinstein JD, Dandoy CE, Khoury R, Faulhaber A, Phillips CL, Krupski C.	Emapalumab for Immune Effector Cell-Associated Hemophagocytic Lymphohistiocytosis-Like Syndrome Following CD19-Directed CAR-T in Two Patients With B-ALL: Clinical and Biomarker Correlates	Pediatric blood & cancer	2026	42136039	10.1002/1545-5017.70406		https://doi.org/10.1002/1545-5017.70406		clinical;cytokine_release_syndrome;hematologic_coagulopathy;hematologic_malignancy;hepatic;hlh_mas;neurotoxicity;organ_function;pediatric;steroids_immunomodulation	metadata_only
hlh_mas	Gower N, Houot R, Pizot C, Baruchel A, Dourthe ME, Beauvais D, Gastinne T, Brisou G, Dulery R, Guidez S, Tudesq JJ, Chauchet A, Herbreteau L, Campidelli A, Bay JO, Sesques P, Chiche E, Gros FX, Durand A, Lubnau M, Sterin A, Di Blasi R, Marquet A, Gat E, Rabian F, Leguay T, Roth-Guépin G, Boissel N, Morschhauser F, Paillassa J.	Hemophagocytic lymphohistiocytosis-like syndrome after CD19-directed CAR T-cells for B-cell lymphoma and B-cell acute lymphoblastic leukemia: A LYSA, SFCE, and GRAALL study from the DESCAR-T registry	HemaSphere	2026	42472032	10.1002/hem3.70425		https://doi.org/10.1002/hem3.70425		clinical;cytokine_release_syndrome;grading_management;hematologic_coagulopathy;hematologic_malignancy;hlh_mas;neurotoxicity;organ_function;steroids_immunomodulation	metadata_only
hlh_mas	Green AC, Tzankov A, Weinberg O, Traverse-Glehen A, Saft L, Leguit RJ.	Reactive and therapy induced bone marrow changes linked to systemic infectious and non-infectious disorders including MAS/HLH report from the European association for haematopathology, Dubrovnik 2024	Virchows Archiv : an international journal of pathology	2026	42332261	10.1007/s00428-026-04604-0		https://doi.org/10.1007/s00428-026-04604-0		clinical;hematologic_malignancy;hlh_mas;infection_immune;organ_function	metadata_only
hlh_mas	Gummadi YK, Sutherland A, Rowe S, Chen LYC.	Lamotrigine and other therapy-associated HLH syndromes: a review	Expert review of clinical immunology	2026	42579330	10.1080/1744666x.2026.2718332		https://doi.org/10.1080/1744666x.2026.2718332		clinical;hlh_mas;neurotoxicity;organ_function;review	metadata_only
hlh_mas	Hines MR, Knight TE, McNerney KO, Leick MB, Jain T, Ahmed S, Frigault MJ, Hill JA, Jain MD, Johnson WT, Lin Y, Mahadeo KM, Maron GM, Marsh RA, Neelapu SS, Nikiforow S, Ombrello AK, Shah NN, Talleur AC, Turicek D, Vatsayan A, Wong SW, Maus MV, Komanduri KV, Berliner N, Henter JI, Perales MA, Frey NV, Teachey DT, Frank MJ, Shah NN.	Erratum to 'Immune Effector Cell-Associated Hemophagocytic Lymphohistiocytosis-Like Syndrome'[Transplant Cell Ther. 2023 Jul;29(7):438.e1-438.e16. Epub 2023 Mar 9]	Transplantation and cellular therapy	2026	41067707	10.1016/j.jtct.2025.09.016	PMC12677140	https://pmc.ncbi.nlm.nih.gov/articles/PMC12677140/		clinical;hlh_mas;organ_function	metadata_only
hlh_mas	Irfan S, Ayoobkhan FS, Vojjala N, Qureshi R, Rahman R, Kamboj I, Abdallah AO, McGuirk J, Mahmoudjafari Z, Lutfi F, Ahmed N.	Immune Effector Cell-Associated HLH-Like Syndrome (IEC-HS) in CAR-T and TCE-Treated Myeloma and B-Cell Malignancies: Insights from a Pharmacovigilance Study	Transplantation and cellular therapy	2026	41391508	10.1016/j.jtct.2025.12.947		https://doi.org/10.1016/j.jtct.2025.12.947		clinical;hematologic_coagulopathy;hematologic_malignancy;hepatic;hlh_mas;organ_function	metadata_only
hlh_mas	Johnson WT, McNerney KO, Frank MJ, Shah NN.	How I treat HLH-like toxicities after immune effector cell therapy	Blood	2026	41779733	10.1182/blood.2025032352		https://doi.org/10.1182/blood.2025032352		clinical;cytokine_release_syndrome;hlh_mas;organ_function;review	metadata_only
hlh_mas	Masuda K, Sota M, Kitamura A, Yoshida T, Tanigawa T, Takikawa K, Tozuka K, Sakamoto M, Shindo T, Fujii T, Yamaguchi K, Nakamura Y, Inaba R, Ishizuchi K, Matsushita H, Yamazaki R, Koda Y, Sakurai M, Kataoka K.	Late-onset Human Herpesvirus 6 Encephalitis with Secondary Hemophagocytic Lymphohistiocytosis after CAR T-cell Therapy	Internal medicine (Tokyo, Japan)	2026	42618274	10.2169/internalmedicine.7887-26		https://doi.org/10.2169/internalmedicine.7887-26		clinical;hematologic_coagulopathy;hematologic_malignancy;hlh_mas;infection_immune;organ_function	metadata_only
hlh_mas	McNerney KO, Kwon S, Naik S, Fabrizio VA, Llaurador Caraballo G, Sanchez-Pinto LN, Talleur AC, Zeng XL, Baggott C, Vatsayan A, Verneris MR, Prabhu S, Rossoff J, Pacenta HL, Phillips CL, Talano JM, Moskop A, Myers GD, Karras NA, Bonifant CL, Qayed M, Satwani P, Winestone LE, Krupski C, Keating AK, Baumeister SHC, Egeler E, Stieglitz E, Curran KJ, Mackall CL, John S, Laetsch TW, Gardner RA, Schultz LM.	HLH-like syndromes associate with increased risk of death and CD19-negative relapse post-CAR T in pediatric B-ALL	Blood advances	2026	42469167	10.1182/bloodadvances.2026020511		https://doi.org/10.1182/bloodadvances.2026020511		clinical;hematologic_malignancy;hlh_mas;organ_function;pediatric	metadata_only
hlh_mas	Mouhieddine TH, Santos JVD, Sehgal H, Salib C, Hussein S, Duffield A, Richard S, Aleman A, Lagana A, Parekh S, Jagannath S.	Emapalumab and eltrombopag rescue for prolonged immune effector cell-associated hemophagocytic syndrome after CAR T-cell therapy in multiple myeloma	Haematologica	2026	42389839	10.3324/haematol.2026.300894		https://doi.org/10.3324/haematol.2026.300894		clinical;hematologic_malignancy;hlh_mas;organ_function;steroids_immunomodulation	metadata_only
hlh_mas	Rincón-López S, García-Muñoz R, Atencio-Matos J, Pereda-Sainz O, Larreina-Pérez J, Campeny-Najara A, Pérez PH, Hernández-Pérez M, Feliu J, Esteban-Figuerola A.	Immune Effector Cell-associated Hemophagocytic Syndrome (IEC-HS) as a late immune-mediated toxicity after CAR-T therapy in Diffuse Large B-Cell Lymphoma (DLBCL): a case report	Annals of hematology	2026	42360480	10.1007/s00277-026-07105-x		https://doi.org/10.1007/s00277-026-07105-x		clinical;hematologic_malignancy;hlh_mas;organ_function	metadata_only
hlh_mas	Rocco JM, Shah NN.	Seeing Is Believing: IEC-HS after CAR T Cells	Blood cancer discovery	2026	41636362	10.1158/2643-3230.bcd-25-0463		https://doi.org/10.1158/2643-3230.bcd-25-0463		clinical;hlh_mas;organ_function	metadata_only
hlh_mas	Shaforostova I, Kronig MN, Seipel K, Rovo A, Bacher U, Pabst T.	Immune Effector Cell-Associated Hemophagocytic Lymphohistiocytosis Following CAR T-Cell Therapy: Results of a Real-World Study	Cancers	2026	42192954	10.3390/cancers18101594	PMC13204677	https://pmc.ncbi.nlm.nih.gov/articles/PMC13204677/	fulltext/shaforostova_2026_pmid42192954.xml	clinical;cytokine_release_syndrome;hematologic_coagulopathy;hematologic_malignancy;hepatic;hlh_mas;infection_immune;neurotoxicity;organ_function;steroids_immunomodulation	fulltext_xml
hlh_mas	Srinagesh HK, Kramer AM, Baird JH, Reschke A, Sahaf B, Cancilla J, Syal S, Su YJ, Agarwal N, Jensen AM, Schultz LM, Jeyakumar N, Ramakrishna S, Davis KL, Dahiya S, Feldman SA, Mackall CL, Muffly LS, Miklos DB, Frank MJ.	Clinical and Cytokine Features of Immune Effector Cell-Associated Hemophagocytic Lymphohistiocytosis-Like Syndrome	Blood cancer discovery	2026	41411617	10.1158/2643-3230.bcd-25-0262		https://doi.org/10.1158/2643-3230.bcd-25-0262		clinical;hematologic_malignancy;hlh_mas;organ_function	metadata_only
hlh_mas	Zhang C, Wu H, Cao T, Wu C, Yan C, Qi W, Zhang Y, Ji X, Jing H, Peng Q, Zhang W.	Hemophagocytic Lymphohistiocytosis After CAR T-Cell Therapy: A Systematic Review and Meta-Analysis	American journal of hematology	2026	42086512	10.1002/ajh.70351		https://doi.org/10.1002/ajh.70351		clinical;cytokine_release_syndrome;hematologic_malignancy;hlh_mas;organ_function;review	metadata_only
hlh_mas	Zhang Y, Yang J, Xin H, Ai K, Yang M, Li Y, He Y.	Chimeric antigen receptor T-cell therapies related to immune effector cell-associated hemophagocytic lymphohistiocytosis-like syndrome: Diagnosis, high-risk factors, and management	Chinese medical journal	2026	41914034	10.1097/cm9.0000000000004066	PMC13186127	https://pmc.ncbi.nlm.nih.gov/articles/PMC13186127/	fulltext/zhang_2026_pmid41914034.xml	clinical;cytokine_release_syndrome;grading_management;hematologic_malignancy;hlh_mas;organ_function;review;steroids_immunomodulation	fulltext_xml
hlh_mas	Campodonico E, Angelillo P, Doglio M, Ugolini A, Lupo Stanghellini MT, Noviello M, Tassi E, Pedica F, Bergonzi GM, Lazzari L, Bruno A, Diral E, Ponzoni M, Corti C, Peccatori J, Ruggeri A, Ferreri AJM, Bonini C, Ciceri F, Carrabba MG, Greco R.	Biomarkers for an early diagnosis of immune effector cell associated-hemophagocytic syndrome	Frontiers in immunology	2025	40895549	10.3389/fimmu.2025.1635062	PMC12390792	https://pmc.ncbi.nlm.nih.gov/articles/PMC12390792/	fulltext/campodonico_2025_pmid40895549.xml	clinical;cytokine_release_syndrome;hematologic_coagulopathy;hematologic_malignancy;hlh_mas;organ_function	fulltext_xml
hlh_mas	Chaudhary R, Tendero S, Chaudhary A, Julio L.	Hemophagocytic Lymphohistiocytosis Secondary to Macrophage Activation Syndrome in Adult-Onset Still’s Disease: A Diagnostic and Therapeutic Challenge	Preprints.org	2025		10.20944/preprints202506.0350.v1		https://doi.org/10.20944/preprints202506.0350.v1		clinical;cytokine_release_syndrome;hematologic_coagulopathy;hlh_mas;infection_immune;organ_function;pediatric;steroids_immunomodulation	metadata_only
hlh_mas	Lee JC, Johnson WT, Hines M, Shah NN.	Immune Effector Cell-associated Hemophagocytic Lymphohistiocytosis-like Syndrome (IEC-HS)	Hematology/oncology clinics of North America	2025	40158936	10.1016/j.hoc.2025.02.005	PMC12365782	https://pmc.ncbi.nlm.nih.gov/articles/PMC12365782/		clinical;cytokine_release_syndrome;grading_management;hepatic;hlh_mas;neurotoxicity;organ_function;review	metadata_only
hlh_mas	Liu Y, Ren Y, Gao L, Ahmed S, Lu X, Li B, Wang C, Yu L, Sun M, Zhuang Y, Miao Y, Ni H, Xie X, Shi X, Xu J, Zhang Y, Zhao M, Xu M, Zhuang W, Gu W, Lin G, Hua H, Zhu J, Xu M, Jia T, Liu P, Zhai L, Zhang T, Shan H, Shen Q, Fan L, Li J, Shi W, Miao Y.	Endothelial Activation and Stress Index Serves as a Predictor for Survival in Lymphoma-Associated Hemophagocytic Lymphohistiocytosis: A Retrospective Multicenter Cohort Study of Jiangsu Cooperative Lymphoma Group	American journal of hematology	2025	40919852	10.1002/ajh.70063		https://doi.org/10.1002/ajh.70063		clinical;cytokine_release_syndrome;hematologic_malignancy;hepatic;hlh_mas;organ_function;renal_electrolyte	metadata_only
hlh_mas	Manghisi B, Cotilli G, Fedele M, Perfetti P, Terruzzi E, Verga L, Borin LM, Carrer A, Fumagalli M, Ferrari MB, Moretti A, Rona R, Benini A, Vergnano B, Palumbo G, Zincone A, Maglia O, Scollo C, Steidl C, Iovino L, Balduzzi A, Piazza R, Gambacorti-Passerini C, Parma M, Aroldi A.	Case Report: Successful use of emapalumab in adult B-cell acute lymphoblastic leukemia experiencing severe neurotoxicity and hemophagocytic lymphohistiocytosis-like features after CAR-T cell therapy	Frontiers in immunology	2025	40255392	10.3389/fimmu.2025.1563736	PMC12006129	https://pmc.ncbi.nlm.nih.gov/articles/PMC12006129/	fulltext/manghisi_2025_pmid40255392.xml	clinical;cytokine_release_syndrome;hematologic_malignancy;hlh_mas;neurotoxicity;organ_function;steroids_immunomodulation	fulltext_xml
hlh_mas	Munárriz D, Rodríguez-Lobato LG, López-Corral L, Arnaldos-Pérez C, Cabañas V, López-Muñoz N, Oliver-Caldés A, Ponce JC, Reguera JL, Martín AÁ, Martínez-Cibrián N, Tovar N, Delgado J, Guillen E, Varea S, Rodríguez-Otero P, Urbano-Ispizua Á, Moraleda JM, Martínez-López J, Martínez-López J, Mateos MV, De la Calle VG, González-Navarro EA, Fernández de Larrea C.	Macrophage activation syndrome-like in multiple myeloma patients treated with the academic CAR-T against BCMA ARI0002h	Frontiers in immunology	2025	41181103	10.3389/fimmu.2025.1654096	PMC12571847	https://pmc.ncbi.nlm.nih.gov/articles/PMC12571847/	fulltext/munrriz_2025_pmid41181103.xml	clinical;cytokine_release_syndrome;hematologic_coagulopathy;hematologic_malignancy;hlh_mas;organ_function	fulltext_xml
hlh_mas	Ortí G, Dachy G, Graham CE, Peric Z, Alarcon A, Del Bufalo F, Doglio M, Henter JI, Roddie C, Stewart O, Van de Donk WCJ, Velasco R, Aljurf M, Ruggeri A, Onida F, Sánchez-Ortega I, Yakoub-Agha I, Penack O.	Less frequent complications following CAR T-cell therapies: hemophagocytic lymphohistiocytosis, graft-versus-host disease, thrombotic microangiopathy, coagulation disorders and secondary malignancies: best practice recommendations from the EBMT Practice Harmonization and Guidelines Committee	Bone marrow transplantation	2025	40205032	10.1038/s41409-025-02567-5		https://doi.org/10.1038/s41409-025-02567-5		clinical;cytokine_release_syndrome;hematologic_coagulopathy;hlh_mas;infection_immune;neurotoxicity;organ_function;review	metadata_only
hlh_mas	Wobma H, Henderson LA, Duncan CN, Prockop SE, Randolph AG, Degar BA, Lehmann LE, Baumeister SHC.	Treating and triggering hyperinflammation: tackling hemophagocytic lymphohistiocytosis and HLH-like syndromes in the pediatric cell therapy and critical care setting	Frontiers in oncology	2025	41049857	10.3389/fonc.2025.1631557	PMC12491007	https://pmc.ncbi.nlm.nih.gov/articles/PMC12491007/	fulltext/wobma_2025_pmid41049857.xml	clinical;hlh_mas;infection_immune;organ_function;pediatric;review	fulltext_xml
hlh_mas	Ye Y, Li S, Guo Z, Zhao L, Zhou H, Zhong N, He M, Cao YJ, Liu L.	Novel Loop-Structure-Based CD19/CD22 Dual-Target CAR-T Therapy for High-Risk Diffuse Large B-Cell Lymphoma Presenting with Hemophagocytic Lymphohistiocytosis: A Case Report	Cancer management and research	2025	40688752	10.2147/cmar.s521944	PMC12275916	https://pmc.ncbi.nlm.nih.gov/articles/PMC12275916/	fulltext/ye_2025_pmid40688752.xml	clinical;cytokine_release_syndrome;hematologic_malignancy;hlh_mas;organ_function	fulltext_xml
hlh_mas	Zhong X, Zhu X, Ma X, Zhou L, Luo X, Li P, Ding Y, Fu J, Bo J, Yang M, Liang A, Zeng Y, Xiu B.	Germline mutations in B-cell non-Hodgkin lymphoma-associated hemophagocytic lymphohistiocytosis (LA-HLH) and patient outcomes	Seminars in oncology	2025	40700998	10.1016/j.seminoncol.2025.152388		https://doi.org/10.1016/j.seminoncol.2025.152388		clinical;hematologic_malignancy;hlh_mas;organ_function	metadata_only
hlh_mas	Meireles AM, Iacoboni G, Moço LM, Ramos I, Brás G, Azevedo J, Rodrigues Â, Moreira C, Mariz M.	Hemophagocytic lymphohistiocytosis in a patient with Epstein-Barr virus-positive diffuse large B-cell lymphoma treated with chimeric antigen receptor T-cell therapy	Immunotherapy	2024	39417342	10.1080/1750743x.2024.2409622	PMC11633410	https://pmc.ncbi.nlm.nih.gov/articles/PMC11633410/		clinical;cytokine_release_syndrome;hematologic_coagulopathy;hematologic_malignancy;hlh_mas;infection_immune;organ_function;steroids_immunomodulation	metadata_only
hlh_mas	Qureshi Z, Altaf F, Jamil A, Siddique R.	Optimization Strategies in CAR T-cell Therapy: A Comprehensive Evaluation of Cytopenia, HLH/MAS, and Other Adverse Events	American journal of clinical oncology	2024	38907604	10.1097/coc.0000000000001124		https://doi.org/10.1097/coc.0000000000001124		clinical;cytokine_release_syndrome;hematologic_coagulopathy;hlh_mas;infection_immune;neurotoxicity;organ_function;review	metadata_only
hlh_mas	Scala JJ, Eckrich MJ, Lipak K, Yates B, Yuan C, Wang HW, Dahiya S, Henter JI, Huo JS, Frank MJ, Shah NN.	Treatment strategies for progressive immune effector cell-associated hemophagocytic lymphohistiocytosis-like syndrome: case series	Haematologica	2024	38813719	10.3324/haematol.2023.284784	PMC11443363	https://pmc.ncbi.nlm.nih.gov/articles/PMC11443363/	fulltext/scala_2024_pmid38813719.xml	clinical;hlh_mas;organ_function	fulltext_xml
hlh_mas	Shen H, Zhang M, Pan Y, Peng P, Wang Z, Yao C, Zhou L.	Interferon-γ blockade in CD19 CART cell therapy-induced secondary macrophage activation syndrome/hemophagocytic lymphohistiocytosis	Research Square	2024		10.21203/rs.3.rs-4234115/v1		https://doi.org/10.21203/rs.3.rs-4234115/v1		clinical;hematologic_malignancy;hlh_mas;organ_function;steroids_immunomodulation	metadata_only
hlh_mas	Yan W, Xiong Y, Lv R, Du C, Yu T, Zhang S, Sui W, Deng S, Xiao J, Xu Y, Zou D, Qiu L, An G.	Uncommon biphasic CAR-T expansion induces hemophagocytic lymphohistiocytosis-like syndrome and fatal multiple infections following BCMA CAR-T cell therapy: a case report	Journal for immunotherapy of cancer	2024	39608976	10.1136/jitc-2024-010080	PMC11603806	https://pmc.ncbi.nlm.nih.gov/articles/PMC11603806/	fulltext/yan_2024_pmid39608976.xml	clinical;cytokine_release_syndrome;hematologic_coagulopathy;hematologic_malignancy;hlh_mas;infection_immune;organ_function	fulltext_xml
hlh_mas	Fugere T, Baltz A, Mukherjee A, Gaddam M, Varma A, Veeraputhiran M, Gentille Sanchez CG.	Immune Effector Cell-Associated HLH-like Syndrome: A Review of the Literature of an Increasingly Recognized Entity	Cancers	2023	37958323	10.3390/cancers15215149	PMC10647774	https://pmc.ncbi.nlm.nih.gov/articles/PMC10647774/	fulltext/fugere_2023_pmid37958323.xml	clinical;cytokine_release_syndrome;hlh_mas;organ_function;review;steroids_immunomodulation	fulltext_xml
hlh_mas	Hines MR, Knight TE, McNerney KO, Leick MB, Jain T, Ahmed S, Frigault MJ, Hill JA, Jain MD, Johnson WT, Lin Y, Mahadeo KM, Maron GM, Marsh RA, Neelapu SS, Nikiforow S, Ombrello AK, Shah NN, Talleur AC, Turicek D, Vatsayan A, Wong SW, Maus MV, Komanduri KV, Berliner N, Henter JI, Perales MA, Frey NV, Teachey DT, Frank MJ, Shah NN.	Immune Effector Cell-Associated Hemophagocytic Lymphohistiocytosis-Like Syndrome	Transplantation and cellular therapy	2023	36906275	10.1016/j.jtct.2023.03.006	PMC10330221	https://pmc.ncbi.nlm.nih.gov/articles/PMC10330221/		clinical;cytokine_release_syndrome;grading_management;hlh_mas;neurotoxicity;organ_function;pediatric	metadata_only
hlh_mas	Rainone M, Ngo D, Baird JH, Budde LE, Htut M, Aldoss I, Pullarkat V.	Interferon-γ blockade in CAR T-cell therapy-associated macrophage activation syndrome/hemophagocytic lymphohistiocytosis	Blood advances	2023	35917457	10.1182/bloodadvances.2022008256	PMC9979758	https://pmc.ncbi.nlm.nih.gov/articles/PMC9979758/	fulltext/rainone_2023_pmid35917457.xml	clinical;hlh_mas;organ_function	fulltext_xml
hlh_mas	Zu C, Wu S, Zhang M, Wei G, Xu H, Cui J, Chang AH, Huang H, Hu Y.	A distinct cytokine network distinguishes chimeric antigen receptor T cell (CAR-T)-associated hemophagocytic lymphohistiocytosis-like toxicity (carHLH) from severe cytokine release syndrome following CAR-T therapy	Cytotherapy	2023	37480884	10.1016/j.jcyt.2023.06.008		https://doi.org/10.1016/j.jcyt.2023.06.008		clinical;cytokine_release_syndrome;hematologic_coagulopathy;hlh_mas;organ_function	metadata_only
hlh_mas	Kim DW, Bukhari A, Lutfi F, Zafforoni F, Merechi F, Mustafa Ali MK, Gottlieb D, Lee ST, Kocoglu MH, Hardy NM, Yared J, Rapoport AP, Dahiya S, Law JY.	Low utility of the H-Score and HLH-2004 criteria to identify patients with secondary hemophagocytic lymphohistiocytosis after CAR-T cell therapy for relapsed/refractory diffuse large B-Cell lymphoma	Leukemia & lymphoma	2022	35045791	10.1080/10428194.2021.2024817		https://doi.org/10.1080/10428194.2021.2024817		clinical;cytokine_release_syndrome;hematologic_malignancy;hlh_mas;neurotoxicity;organ_function	metadata_only
hlh_mas	Hines MR, Keenan C, Maron Alfaro G, Cheng C, Zhou Y, Sharma A, Hurley C, Nichols KE, Gottschalk S, Triplett BM, Talleur AC.	Hemophagocytic lymphohistiocytosis-like toxicity (carHLH) after CD19-specific CAR T-cell therapy	British journal of haematology	2021	34263927	10.1111/bjh.17662	PMC8756350	https://pmc.ncbi.nlm.nih.gov/articles/PMC8756350/		clinical;hlh_mas;organ_function;pediatric	metadata_only
hlh_mas	Kennedy VE, Wong C, Huang CY, Thiruvengadam SK, Wolf J, Martin TG, Shah N, Wong SW.	Macrophage activation syndrome-like (MAS-L) manifestations following BCMA-directed CAR T cells in multiple myeloma	Blood advances	2021	34644387	10.1182/bloodadvances.2021005020	PMC9153014	https://pmc.ncbi.nlm.nih.gov/articles/PMC9153014/	fulltext/kennedy_2021_pmid34644387.xml	clinical;hematologic_malignancy;hlh_mas;organ_function	fulltext_xml
hlh_mas	Lichtenstein DA, Schischlik F, Shao L, Steinberg SM, Yates B, Wang HW, Wang Y, Inglefield J, Dulau-Florea A, Ceppi F, Hermida LC, Stringaris K, Dunham K, Homan P, Jailwala P, Mirazee J, Robinson W, Chisholm KM, Yuan C, Stetler-Stevenson M, Ombrello AK, Jin J, Fry TJ, Taylor N, Highfill SL, Jin P, Gardner RA, Shalabi H, Ruppin E, Stroncek DF, Shah NN.	Characterization of HLH-like manifestations as a CRS variant in patients receiving CD22 CAR T cells	Blood	2021	34525183	10.1182/blood.2021011898	PMC8832442	https://pmc.ncbi.nlm.nih.gov/articles/PMC8832442/		clinical;cytokine_release_syndrome;hematologic_coagulopathy;hepatic;hlh_mas;organ_function	metadata_only
hlh_mas	Major A, Collins J, Craney C, Heitman AK, Bauer E, Zerante E, Stock W, Bishop MR, Jasielec J.	Management of hemophagocytic lymphohistiocytosis (HLH) associated with chimeric antigen receptor T-cell (CAR-T) therapy using anti-cytokine therapy: an illustrative case and review of the literature	Leukemia & lymphoma	2021	33559517	10.1080/10428194.2021.1881507	PMC8282706	https://pmc.ncbi.nlm.nih.gov/articles/PMC8282706/		clinical;hlh_mas;organ_function;review	metadata_only
on_target_off_tumor	Maji M, Mandal S, Dhali A, Sharma A.	Real-World Dermatologic Adverse Events of CAR T-Cell Therapy: A Decade-Wide Disproportionality Analysis of the FDA Adverse Event Reporting System	Cancers	2026	42449670	10.3390/cancers18132128		https://doi.org/10.3390/cancers18132128		clinical;cytokine_release_syndrome;drug_interaction_pk;hematologic_coagulopathy;hematologic_malignancy;infection_immune;on_target_off_tumor;organ_function;steroids_immunomodulation	metadata_only
on_target_off_tumor	Birocchi F, Almazan AJ, Parker A, Bouffard AA, Goncalves S, Kelly C, Frank J, Leick MB, Haradhvala NJ, Kagawa S, Getz G, Escobar G, Salas-Benito D, Mucci A, Berger TR, Maus MV.	On-target off-tumor toxicity of claudin18.2-directed CAR-T cells in preclinical models	Nature communications	2025	41176533	10.1038/s41467-025-61858-z	PMC12579600	https://pmc.ncbi.nlm.nih.gov/articles/PMC12579600/	fulltext/birocchi_2025_pmid41176533.xml	on_target_off_tumor;preclinical	fulltext_xml
on_target_off_tumor	Stip MC, Evers M, Nederend M, Chan C, Reiding KR, Damen MJ, Heck AJR, Koustoulidou S, Ramakers R, Krijger GC, de Roos R, Souteyrand E, Cornel AM, Dierselhuis MP, Jansen M, de Boer M, Valerius T, van Tetering G, Leusen JHW, Meyer-Wentrup F.	IgA antibody immunotherapy targeting GD2 is effective in preclinical neuroblastoma models	Journal for immunotherapy of cancer	2023	37479484	10.1136/jitc-2023-006948	PMC10364159	https://pmc.ncbi.nlm.nih.gov/articles/PMC10364159/	fulltext/stip_2023_pmid37479484.xml	drug_interaction_pk;gd2_agent;mitigation_engineering;neuroblastoma;on_target_off_tumor;preclinical;systemic_iv	fulltext_xml
on_target_off_tumor	Liu XY, Chen YL, Liu GJ, Deng XN, Cui Y, Tan J, Dong XC, Li HY, Chen GJ, Ou ZM, Wang CH.	Development of a variant of dinutuximab with enhanced antitumor efficacy and reduced induction of neuropathic pain	FEBS open bio	2022	35792784	10.1002/2211-5463.13464	PMC9433816	https://pmc.ncbi.nlm.nih.gov/articles/PMC9433816/	fulltext/liu_2022_pmid35792784.xml	gd2_agent;neuroblastoma;on_target_off_tumor;preclinical	fulltext_xml
on_target_off_tumor	Mastrangelo S, Rivetti S, Triarico S, Romano A, Attinà G, Maurizi P, Ruggiero A.	Mechanisms, Characteristics, and Treatment of Neuropathic Pain and Peripheral Neuropathy Associated with Dinutuximab in Neuroblastoma Patients	International journal of molecular sciences	2021	34884452	10.3390/ijms222312648	PMC8657961	https://pmc.ncbi.nlm.nih.gov/articles/PMC8657961/	fulltext/mastrangelo_2021_pmid34884452.xml	cardiopulmonary;clinical;cytokine_release_syndrome;gd2_agent;neuroblastoma;on_target_off_tumor;organ_function;review	fulltext_xml
on_target_off_tumor	Davies AJ, Rinaldi S, Costigan M, Oh SB.	Cytotoxic Immunity in Peripheral Nerve Injury and Pain	Frontiers in neuroscience	2020	32153361	10.3389/fnins.2020.00142	PMC7047751	https://pmc.ncbi.nlm.nih.gov/articles/PMC7047751/	fulltext/davies_2020_pmid32153361.xml	clinical;infection_immune;on_target_off_tumor;review	fulltext_xml
on_target_off_tumor	Diccianni MB, Kempińska K, Gangoti JA, Yu AL, Sorkin LS.	Anti-GD2 induced allodynia in rats can be reduced by pretreatment with DFMO	PloS one	2020	32697811	10.1371/journal.pone.0236115	PMC7375533	https://pmc.ncbi.nlm.nih.gov/articles/PMC7375533/	fulltext/diccianni_2020_pmid32697811.xml	gd2_agent;mitigation_engineering;neuroblastoma;on_target_off_tumor;preclinical	fulltext_xml
on_target_off_tumor	Kushner BH, Cheung IY, Modak S, Basu EM, Roberts SS, Cheung NK.	Humanized 3F8 Anti-GD2 Monoclonal Antibody Dosing With Granulocyte-Macrophage Colony-Stimulating Factor in Patients With Resistant Neuroblastoma: A Phase 1 Clinical Trial	JAMA oncology	2018	30326045	10.1001/jamaoncol.2018.4005	PMC6440722	https://pmc.ncbi.nlm.nih.gov/articles/PMC6440722/		clinical;drug_interaction_pk;gd2_agent;hematologic_malignancy;mitigation_engineering;neuroblastoma;on_target_off_tumor;systemic_iv	metadata_only
hepatic	Fan Y, Guo X, Lyu J, Wang X, Xu F, Yan J, He Y.	Hepatotoxicity in the Era of Precision Medicine: Toxicological Mechanisms and Management of Immune and Cell Therapy-Induced Liver Injury	Medicinal research reviews	2026	42544021	10.1002/med.70093		https://doi.org/10.1002/med.70093		clinical;cytokine_release_syndrome;grading_management;hepatic;on_target_off_tumor;organ_function;review	metadata_only
hepatic	Fettiplace A, Regev A, Kiazand A, Heinzel-Pleines U, Bahjat M, Garg A, Kikuchi L, Li H, Hamidi A, Alpers DH, Tillmann H, Larrey D, Di Bisceglie AM, Lewis JH.	Hepatic Effects, Potential Drug-Induced Liver Injury, and Other Liver Safety Considerations of Chimeric Antigen Receptor T-Cell (CAR-T) Therapy in the New Era of Expanding Non-oncology Indications: Literature Review and Expert Consensus	Drug safety	2026	41345813	10.1007/s40264-025-01635-5	PMC13161348	https://pmc.ncbi.nlm.nih.gov/articles/PMC13161348/	fulltext/fettiplace_2026_pmid41345813.xml	clinical;cytokine_release_syndrome;hepatic;organ_function;other_solid;review	fulltext_xml
hepatic	Cash T, Marachelian A, DuBois SG, Chi YY, Baregamyan A, Groshen SG, Jonus HC, Shamirian A, Crowley M, Goodarzian F, Acharya PT, Pawel B, Erbe AK, Shahi A, Zaborek J, Kennedy E, Asgharzadeh S, Villablanca JG, Pinto N, Weiss BD, Mosse YP, Desai AV, Macy ME, Granger M, Vo KT, Sondel PM, Matthay KK, Park JR, Goldsmith KC.	Phase I Study of 131I-Metaiodobenzylguanidine With Dinutuximab ± Vorinostat for Patients With Relapsed or Refractory Neuroblastoma: A New Approaches to Neuroblastoma Therapy Trial	Journal of clinical oncology : official journal of the American Society of Clinical Oncology	2025	40549985	10.1200/jco-24-02612	PMC12226806	https://pmc.ncbi.nlm.nih.gov/articles/PMC12226806/		cardiopulmonary;clinical;gd2_agent;hematologic_malignancy;hepatic;neuroblastoma;organ_function;renal_electrolyte;systemic_iv	metadata_only
hepatic	Wang Y, Gu J, Chen G, Jiang Y, Xu Y, Huang X, Sun W, Gan J.	Roles of inflammatory cytokines in the pathogenesis of hepatitis B virus-related acute-on-chronic liver failure and CAR-T therapy	Virology journal	2025	40819081	10.1186/s12985-025-02868-7	PMC12357373	https://pmc.ncbi.nlm.nih.gov/articles/PMC12357373/	fulltext/wang_2025_pmid40819081.xml	clinical;cytokine_release_syndrome;hepatic;organ_function	fulltext_xml
hepatic	Wang G, Wang J, Du R, Wang Y, Li Z.	Toxicity Spectrum of Anti-GD2 Immunotherapy: A Real-World Study Leveraging the US Food and Drug Administration Adverse Event Reporting System	Paediatric drugs	2024	38153627	10.1007/s40272-023-00613-7		https://doi.org/10.1007/s40272-023-00613-7		cardiopulmonary;clinical;cytokine_release_syndrome;gd2_agent;hepatic;neuroblastoma;organ_function	metadata_only
hepatic	Cupit-Link M, Federico SM.	Treatment of High-Risk Neuroblastoma with Dinutuximab and Chemotherapy Administered in all Cycles of Induction	Cancers	2023	37760578	10.3390/cancers15184609	PMC10527563	https://pmc.ncbi.nlm.nih.gov/articles/PMC10527563/	fulltext/cupitlink_2023_pmid37760578.xml	cardiopulmonary;clinical;gd2_agent;grading_management;hematologic_malignancy;hepatic;neuroblastoma;organ_function	fulltext_xml
renal_electrolyte	AlShammari OA, Alwadi M, Abuqurayn I, Alshehri H, AlMadi E, AlBtoosh B, AlMatham KI, Alrowaie F.	Acute Kidney Injury and Electrolyte Disorders Following Chimeric Antigen Receptor T-cell (CAR T-cell) Therapy in Adults With Hematologic Malignancies: A Retrospective Study	Cureus	2026	41536632	10.7759/cureus.101460	PMC12799200	https://pmc.ncbi.nlm.nih.gov/articles/PMC12799200/	fulltext/alshammari_2026_pmid41536632.xml	clinical;hematologic_malignancy;organ_function;renal_electrolyte	fulltext_xml
renal_electrolyte	Cacciapuoti M, Bahrainwala JZ, Weng WK, Scott SA, Bhalla V, Abra G.	Hemophagocytic Lymphohistiocytosis and Fibroblast Growth Factor 23 (FGF23)-Induced Hypophosphatemia	American journal of kidney diseases : the official journal of the National Kidney Foundation	2026	42379468	10.1053/j.ajkd.2026.04.013		https://doi.org/10.1053/j.ajkd.2026.04.013		cytokine_release_syndrome;hematologic_malignancy;hlh_mas;organ_function;preclinical;renal_electrolyte	metadata_only
renal_electrolyte	Habib A, Ahmed N, Khan AM, Chang D, Paul B, Shaikh H, Strouse C, Struble E, Vegel A, Mahmoudjafari Z, Mushtaq MU, McGuirk JP, Abdallah AO, Atrash S, Friend R.	BCMA-Directed CAR T-Cell Therapy in Patients with Relapsed/Refractory Multiple Myeloma and Renal Impairment	Current oncology (Toronto, Ont.)	2026	41744844	10.3390/curroncol33020080	PMC12938909	https://pmc.ncbi.nlm.nih.gov/articles/PMC12938909/	fulltext/habib_2026_pmid41744844.xml	clinical;hematologic_malignancy;infection_immune;neurotoxicity;organ_function;renal_electrolyte	fulltext_xml
renal_electrolyte	Jazieh H, Almashayekh A, Henson JC, Omaish R, Spears G, Vellanki S, Trikannad A, Daughdrill B, Mohan-Lal B, Pandey T, Odueke A, Vallurupalli S, Schinke C, Alshwayat A, Gentille-Sanchez C, Jain N.	Acute Kidney Injury in Recipients of Chimeric Antigen Receptor T-Cell therapy: Clinical Characteristics and Impact on Mortality	Transplantation and cellular therapy	2026	42486353	10.1016/j.jtct.2026.07.019		https://doi.org/10.1016/j.jtct.2026.07.019		clinical;cytokine_release_syndrome;grading_management;hematologic_malignancy;neurotoxicity;organ_function;renal_electrolyte	metadata_only
renal_electrolyte	Kansal L, Ramalingam N, Roy S, Nair D, Chaturvedi P, Tuljapurkar V.	Predictors of Postoperative Hyponatremia in Patients Undergoing Head and Neck Surgery	Indian journal of surgical oncology	2026	42381800	10.1007/s13193-025-02437-y	PMC13315074	https://pmc.ncbi.nlm.nih.gov/articles/PMC13315074/	fulltext/kansal_2026_pmid42381800.xml	clinical;organ_function;renal_electrolyte	fulltext_xml
renal_electrolyte	Muddasani A, Thanendrarajan S, Zangari M, van Rhee F, Schinke CD.	Efficacy and Safety of CAR-T Cell Therapy and Bispecific Antibodies in Relapsed/Refractory Multiple Myeloma with Renal Impairment: A Propensity Score-Matched Analysis	Cancers	2026	42512374	10.3390/cancers18142311		https://doi.org/10.3390/cancers18142311		clinical;cytokine_release_syndrome;grading_management;hematologic_coagulopathy;hematologic_malignancy;infection_immune;neurotoxicity;organ_function;renal_electrolyte	metadata_only
renal_electrolyte	Renaghan AD, Ostermann M, Ronco C, Ballen K, Cosmai L, Fenoglio R, Floris M, Forni LG, Gladstone DE, Glezerman IG, Goldstein SL, Gupta S, Herrmann SM, Jaimes EA, Jhaveri KD, Karam S, Kitchlu A, Landau HJ, Latcha S, Leaf DE, Lentini P, Małyszko J, Markowitz G, Murakami N, Pani A, Perazella MA, Rashidi A, Roccatello D, Sharon E, Sprangers B, Tesař V, Torres V, Wanchoo R, Whitman A, Workeneh BT, Zepeda-Orozco D, Rosner MH.	The nephrotoxic effects of anti-cancer therapies: consensus report of the 34th Acute Disease Quality Initiative workgroup	Nature reviews. Nephrology	2026	41361704	10.1038/s41581-025-01031-3		https://doi.org/10.1038/s41581-025-01031-3		clinical;organ_function;pediatric;renal_electrolyte;review	metadata_only
renal_electrolyte	Charkviani M, Brochero MJV, Mohan A, Vaughan LE, Sandahl TB, Corraes AMS, Lin Y, Leung N, Herrmann SM.	Incidence of acute kidney injury in relapsed and refractory multiple myeloma treated with teclistamab versus CAR-T cells	Nephrology, dialysis, transplantation : official publication of the European Dialysis and Transplant Association - European Renal Association	2025	39805729	10.1093/ndt/gfaf004		https://doi.org/10.1093/ndt/gfaf004		clinical;hematologic_malignancy;organ_function;renal_electrolyte	metadata_only
renal_electrolyte	Chen Z, Chen Y, Liu J, Sun Y, Zhang X, Shao L, Wang D, Wang X, Chen W, Sang W, Qi K, Li Z, Sun C, Shi M, Qiao J, Wu Q, Zeng L, Zheng J, Xu K, Li L, Cheng H, Cao J.	Nephrotoxicity of CAR-T therapy in patients with relapsed and refractory multiple myeloma	International urology and nephrology	2025	40310507	10.1007/s11255-025-04503-4		https://doi.org/10.1007/s11255-025-04503-4		clinical;cytokine_release_syndrome;grading_management;hematologic_malignancy;neurotoxicity;organ_function;renal_electrolyte	metadata_only
renal_electrolyte	Dima D, Afrough A, Goel U, Grajales-Cruz AF, Khouri J, Julian K, Pasvolsky O, Banerjee R, Razzo B, Ferreri CJ, Vazquez-Martinez MA, Davis JA, Sannareddy A, Castaneda O, Raza S, Portuguese AJ, Gaballa MR, Rana MS, Lieberman-Cribbin A, DeJarnette S, Gonzalez R, Chen A, Herr MM, Mikkilineni L, Hosoya H, Ouchveridze E, Kaur G, Rossi A, Shune L, Anwer F, Lin Y, Richard S, Sborov DW, Baz RC, Garfall AL, Lee HC, Anderson LD, Cowan AJ, Patel KK, Voorhees PM, Sidana S, Hansen DK, Atrash S, Susanibar-Adaniya SP.	Teclistamab for patients with heavily pretreated relapsed/refractory multiple myeloma and renal impairment	Blood advances	2025	40198766	10.1182/bloodadvances.2025016059	PMC12274829	https://pmc.ncbi.nlm.nih.gov/articles/PMC12274829/	fulltext/dima_2025_pmid40198766.xml	clinical;cytokine_release_syndrome;hematologic_coagulopathy;hematologic_malignancy;neurotoxicity;organ_function;renal_electrolyte	fulltext_xml
renal_electrolyte	Jiang H, Ahlawat Y, Steinberg A.	Using bispecific antibodies in a patient with peritoneal dialysis for relapsed multiple myeloma	Journal of oncology pharmacy practice : official publication of the International Society of Oncology Pharmacy Practitioners	2025	40356496	10.1177/10781552251341235		https://doi.org/10.1177/10781552251341235		clinical;drug_interaction_pk;hematologic_malignancy;organ_function;renal_electrolyte;steroids_immunomodulation	metadata_only
renal_electrolyte	Kanbay M, Mizrak B, Alper EN, Copur S, Ortiz A.	Acute kidney injury following CAR-T cell therapy: a nephrologist's perspective	Clinical kidney journal	2025	39781479	10.1093/ckj/sfae359	PMC11704793	https://pmc.ncbi.nlm.nih.gov/articles/PMC11704793/	fulltext/kanbay_2025_pmid39781479.xml	clinical;cytokine_release_syndrome;grading_management;infection_immune;neurotoxicity;organ_function;renal_electrolyte;review;systemic_iv	fulltext_xml
renal_electrolyte	Sadowski K, Ploch W, Downar A, Giza W, Szcześ D, Olejarz W, Jędrzejczak WW, Małyszko J, Basak G.	Nephrotoxicity in CAR-T Cell Therapy	Transplantation and cellular therapy	2025	40107382	10.1016/j.jtct.2025.03.007		https://doi.org/10.1016/j.jtct.2025.03.007		clinical;cytokine_release_syndrome;neurotoxicity;organ_function;renal_electrolyte;review;steroids_immunomodulation	metadata_only
renal_electrolyte	Sharp J, Zhao Q, Voorhees TJ, Bond DA, Sawalha Y, Reneau J, Sigmund A, Hanel W, Sehgal L, Alinari L, Baiocchi R, Brammer JE, Maddocks K, Christian B, Bezerra E, Denlinger N, Vasu S, De Lima M, Prosek J, Epperla N.	Acute kidney injury after chimeric antigen receptor T-cell therapy is associated with inferior survival in patients with relapsed/refractory large B-cell lymphoma	British journal of haematology	2025	40589093	10.1111/bjh.20240	PMC12436212	https://pmc.ncbi.nlm.nih.gov/articles/PMC12436212/	fulltext/sharp_2025_pmid40589093.xml	clinical;cytokine_release_syndrome;grading_management;hematologic_malignancy;organ_function;renal_electrolyte	fulltext_xml
renal_electrolyte	Swamy V, Kelly K, Koyner JL, Derman BA, Bonilla M.	Chimeric Antigen Receptor T-Cell Therapy in Dialysis-Dependent Patients With Multiple Myeloma: Insights From a 5-Case Series	Kidney medicine	2025	41342049	10.1016/j.xkme.2025.101141	PMC12671363	https://pmc.ncbi.nlm.nih.gov/articles/PMC12671363/	fulltext/swamy_2025_pmid41342049.xml	clinical;cytokine_release_syndrome;hematologic_malignancy;neurotoxicity;organ_function;renal_electrolyte;steroids_immunomodulation	fulltext_xml
renal_electrolyte	Chinese Hematology Association, Chinese Geriatrics Association, Society of Hematology, Chinese Research Hospital Association, Society of Nephrology.	[Guideline for the diagnosis and management of multiple myeloma-related renal impairment (2024 version)]	Zhonghua nei ke za zhi	2024	38561279	10.3760/cma.j.cn112138-20240111-00027		https://doi.org/10.3760/cma.j.cn112138-20240111-00027		clinical;drug_interaction_pk;grading_management;hematologic_malignancy;organ_function;renal_electrolyte	metadata_only
renal_electrolyte	León-Román J, Iacoboni G, Bermejo S, Carpio C, Bolufer M, García-Carro C, Sánchez-Salinas M, Alonso-Martínez C, Bestard O, Barba P, Soler MJ.	Transient acute kidney injury after chimeric antigen receptor T-cell therapy in patients with hematological malignancies	Clinical kidney journal	2024	38500492	10.1093/ckj/sfae027	PMC10946657	https://pmc.ncbi.nlm.nih.gov/articles/PMC10946657/	fulltext/lenromn_2024_pmid38500492.xml	cardiopulmonary;clinical;cytokine_release_syndrome;grading_management;infection_immune;neurotoxicity;organ_function;renal_electrolyte;steroids_immunomodulation	fulltext_xml
renal_electrolyte	Petgrave Y, Selukar S, Epperly R, Naik S, Santos ND, Triplett BM, Gottschalk S, Bissler J, Talleur AC.	Acute kidney injury following treatment with CD19-specific CAR T-cell therapy in children, adolescent, and young adult patients with B-cell acute lymphoblastic leukemia	Pediatric nephrology (Berlin, Germany)	2024	38507119	10.1007/s00467-024-06331-7	PMC11199105	https://pmc.ncbi.nlm.nih.gov/articles/PMC11199105/		clinical;cytokine_release_syndrome;grading_management;hematologic_malignancy;infection_immune;neurotoxicity;organ_function;pediatric;renal_electrolyte	metadata_only
renal_electrolyte	Rousseau A, Zafrani L.	Acute kidney injury after CAR-T cell infusion	Bulletin du cancer	2024	36220698	10.1016/j.bulcan.2022.08.014		https://doi.org/10.1016/j.bulcan.2022.08.014		cardiopulmonary;clinical;cytokine_release_syndrome;hematologic_malignancy;hlh_mas;infection_immune;neurotoxicity;organ_function;renal_electrolyte;review	metadata_only
renal_electrolyte	Russo E, Gambella M, Raiola AM, Beltrametti E, Zanetti V, Chirco G, Viazzi F, Angelucci E, Esposito P.	Acute kidney injury in hematological patients treated with CAR-T cells: risk factors, clinical presentation and impact on outcomes	Scientific reports	2024	39506012	10.1038/s41598-024-77720-z	PMC11542077	https://pmc.ncbi.nlm.nih.gov/articles/PMC11542077/	fulltext/russo_2024_pmid39506012.xml	cardiopulmonary;clinical;cytokine_release_syndrome;organ_function;renal_electrolyte	fulltext_xml
renal_electrolyte	Sidana S, Peres LC, Hashmi H, Hosoya H, Ferreri C, Khouri J, Dima D, Atrash S, Voorhees P, Simmons G, Sborov DW, Kalariya N, Hovanky V, Bharadwaj S, Miklos D, Wagner C, Kocoglu MH, Kaur G, Davis JA, Midha S, Janakiram M, Freeman C, Alsina M, Locke F, Gonzalez R, Lin Y, McGuirk J, Afrough A, Shune L, Patel KK, Hansen DK.	Idecabtagene vicleucel chimeric antigen receptor T-cell therapy for relapsed/refractory multiple myeloma with renal impairment	Haematologica	2024	37731379	10.3324/haematol.2023.283940		https://doi.org/10.3324/haematol.2023.283940		clinical;cytokine_release_syndrome;hematologic_coagulopathy;hematologic_malignancy;neurotoxicity;organ_function;renal_electrolyte	metadata_only
renal_electrolyte	Vincendeau M, Joseph A, Thieblemont C, Rabian F, Harel S, Valade S, Zafrani L.	Acute kidney injury after CAR-T cell therapy: exploring clinical patterns, management, and outcomes	Clinical kidney journal	2024	38915438	10.1093/ckj/sfae123	PMC11195623	https://pmc.ncbi.nlm.nih.gov/articles/PMC11195623/	fulltext/vincendeau_2024_pmid38915438.xml	cardiopulmonary;clinical;cytokine_release_syndrome;grading_management;organ_function;renal_electrolyte	fulltext_xml
renal_electrolyte	Khan I, Khan N, Wolfson N, Djebabria K, Rehman MEU, Anwer F.	Safety of CAR-T Cell Therapy in Patients With Renal Failure/Acute Kidney Injury: Focused Review	Clinical hematology international	2023	37010812	10.1007/s44228-023-00037-7	PMC10241763	https://pmc.ncbi.nlm.nih.gov/articles/PMC10241763/	fulltext/khan_2023_pmid37010812.xml	clinical;cytokine_release_syndrome;hematologic_malignancy;hlh_mas;neurotoxicity;organ_function;renal_electrolyte;review;steroids_immunomodulation	fulltext_xml
renal_electrolyte	Marquard F, Langebrake C, Janson D, Mahmud M, Dadkhah A, Kröger N, Ayuk F.	Case Report: Lymphodepletion followed by CAR-T cell therapy with Idecabtagen vicleucel in a patient with severe renal impairment	Frontiers in oncology	2023	38033500	10.3389/fonc.2023.1288764	PMC10682764	https://pmc.ncbi.nlm.nih.gov/articles/PMC10682764/	fulltext/marquard_2023_pmid38033500.xml	clinical;hematologic_malignancy;organ_function;renal_electrolyte;steroids_immunomodulation	fulltext_xml
renal_electrolyte	Farooqui N, Sy-Go JPT, Miao J, Mehta R, Vaughan LE, Bennani NN, Wang Y, Bansal R, Hathcock MA, Hayman SR, Johnston PB, Villasboas JC, Paludo J, Ansell SM, Leung N, Lin Y, Herrmann SM.	Incidence and Risk Factors for Acute Kidney Injury After Chimeric Antigen Receptor T-Cell Therapy	Mayo Clinic proceedings	2022	35787856	10.1016/j.mayocp.2022.05.018	PMC9703303	https://pmc.ncbi.nlm.nih.gov/articles/PMC9703303/		clinical;cytokine_release_syndrome;grading_management;hematologic_malignancy;organ_function;renal_electrolyte;steroids_immunomodulation;systemic_iv	metadata_only
renal_electrolyte	Joseph A, Lafarge A, Azoulay E, Zafrani L.	Acute Kidney Injury in Cancer Immunotherapy Recipients	Cells	2022	36552755	10.3390/cells11243991	PMC9776910	https://pmc.ncbi.nlm.nih.gov/articles/PMC9776910/	fulltext/joseph_2022_pmid36552755.xml	clinical;cytokine_release_syndrome;infection_immune;organ_function;renal_electrolyte;review	fulltext_xml
renal_electrolyte	Uppal NN, Workeneh BT, Rondon-Berrios H, Rondon-Berrios H, Jhaveri KD.	Electrolyte and Acid-Base Disorders Associated with Cancer Immunotherapy	Clinical journal of the American Society of Nephrology : CJASN	2022	35063968	10.2215/cjn.14671121	PMC9269647	https://pmc.ncbi.nlm.nih.gov/articles/PMC9269647/		clinical;hematologic_malignancy;organ_function;renal_electrolyte;review	metadata_only
renal_electrolyte	Wood AC, Perez AP, Arciola B, Patel K, Johnson G, DiMaggio E, Bachmeier CA, Reid K, Carallo S, Vargas MH, Faramand R, Chavez JC, Shah B, Gaballa S, Khimani F, Elmariah H, Nishihori T, Lazaryan A, Freeman C, Davila ML, Locke FL, Mhaskar R, Bassil C, Jain MD.	Outcomes of CD19-Targeted Chimeric Antigen Receptor T Cell Therapy for Patients with Reduced Renal Function Including Dialysis	Transplantation and cellular therapy	2022	36174934	10.1016/j.jtct.2022.09.009	PMC9791940	https://pmc.ncbi.nlm.nih.gov/articles/PMC9791940/		clinical;cytokine_release_syndrome;hematologic_malignancy;organ_function;renal_electrolyte;steroids_immunomodulation	metadata_only
renal_electrolyte	Acharya R, Horn B, Zeng X, Upadhyay K.	Collapsing Focal Segmental Glomerulosclerosis and Acute Kidney Injury Associated With Chimeric Antigen Receptor T-Cell (CAR-T) Therapy: A Case Report	Kidney medicine	2021	34939018	10.1016/j.xkme.2021.06.011	PMC8664733	https://pmc.ncbi.nlm.nih.gov/articles/PMC8664733/	fulltext/acharya_2021_pmid34939018.xml	clinical;cytokine_release_syndrome;hematologic_malignancy;on_target_off_tumor;organ_function;renal_electrolyte	fulltext_xml
renal_electrolyte	Melilli E, Mussetti A, Linares GS, Ruella M, La Salette C, Savchenko A, Taco MDR, Montero N, Grinyo J, Fava A, Gomà M, Meneghini M, Manonelles A, Cruzado J, Sureda A, Bestard O.	Acute Kidney Injury Following Chimeric Antigen Receptor T-Cell Therapy for B-Cell Lymphoma in a Kidney Transplant Recipient	Kidney medicine	2021	34401733	10.1016/j.xkme.2021.03.011	PMC8350835	https://pmc.ncbi.nlm.nih.gov/articles/PMC8350835/	fulltext/melilli_2021_pmid34401733.xml	clinical;cytokine_release_syndrome;hematologic_malignancy;organ_function;renal_electrolyte	fulltext_xml
renal_electrolyte	Gupta S, Seethapathy H, Strohbehn IA, Frigault MJ, O'Donnell EK, Jacobson CA, Motwani SS, Parikh SM, Curhan GC, Reynolds KL, Leaf DE, Sise ME.	Acute Kidney Injury and Electrolyte Abnormalities After Chimeric Antigen Receptor T-Cell (CAR-T) Therapy for Diffuse Large B-Cell Lymphoma	American journal of kidney diseases : the official journal of the National Kidney Foundation	2020	31973908	10.1053/j.ajkd.2019.10.011	PMC7311244	https://pmc.ncbi.nlm.nih.gov/articles/PMC7311244/		clinical;cytokine_release_syndrome;hematologic_malignancy;organ_function;renal_electrolyte	metadata_only
hematologic_coagulopathy	Ansari S, Bono K, Madendere B, Shah A, Kra J.	Factors Associated With Mortality in Diffuse Large B-Cell Lymphoma (DLBCL) With Disseminated Intravascular Coagulation (DIC): A National Inpatient Sample Analysis	Advances in hematology	2026	42609468	10.1155/ah/8956944		https://doi.org/10.1155/ah/8956944		cardiopulmonary;clinical;hematologic_coagulopathy;hematologic_malignancy;infection_immune;organ_function;renal_electrolyte	metadata_only
hematologic_coagulopathy	Bailey SR, Maus MV.	Fanning the flames: IFN-γ fuels CAR-T inflammation and cytopenia	The Journal of clinical investigation	2026	41480762	10.1172/jci201161	PMC12721904	https://pmc.ncbi.nlm.nih.gov/articles/PMC12721904/	fulltext/bailey_2026_pmid41480762.xml	cytokine_release_syndrome;hematologic_coagulopathy;organ_function;preclinical	fulltext_xml
hematologic_coagulopathy	Beyar-Katz O, Stern A.	After CAR-T therapy for myeloma: challenge of persistent cytopenias and infections	Haematologica	2026	40836786	10.3324/haematol.2025.288539	PMC12775729	https://pmc.ncbi.nlm.nih.gov/articles/PMC12775729/	fulltext/beyarkatz_2026_pmid40836786.xml	clinical;hematologic_coagulopathy;hematologic_malignancy;infection_immune;organ_function	fulltext_xml
hematologic_coagulopathy	Dima D, Logue JM, Waqar SHB, Peres LC, Colin-Leitzinger CM, De Avila G, Smith EC, Skelson L, Matte KL, Blue B, Hovanky VN, Gaballa M, Pasvolsky O, Oswald LB, Fortuna GGM, Wagner CB, DeJarnette S, Dillard C, Perna F, Mikkilineni L, Hosoya H, Freeman CL, Shain KH, Baz RC, Grajales-Cruz A, Puglianini OC, Alsina M, Locke FL, Shune LO, Sborov DW, Patel KK, Sidana S, Hansen DK.	Cytopenias and infections following ciltacabtagene autoleucel in heavily pretreated relapsed or refractory multiple myeloma	Haematologica	2026	40637727	10.3324/haematol.2025.287783	PMC12775792	https://pmc.ncbi.nlm.nih.gov/articles/PMC12775792/	fulltext/dima_2026_pmid40637727.xml	clinical;cytokine_release_syndrome;hematologic_coagulopathy;hematologic_malignancy;infection_immune;neurotoxicity;organ_function;steroids_immunomodulation;systemic_iv	fulltext_xml
hematologic_coagulopathy	Gebremedhen AI, Mohammad A, Gundakaram S, Tesfamariam S, Bodiwala R, Souleymane M, Jamil M.	Disseminated intravascular coagulation in chimeric antigen receptor T-cell therapy: a 6-year nationwide analysis of clinical outcomes and health care resource utilization in patients with hematologic malignancies	Research and practice in thrombosis and haemostasis	2026	42633171	10.1016/j.rpth.2026.106886		https://doi.org/10.1016/j.rpth.2026.106886		cardiopulmonary;clinical;hematologic_coagulopathy;hematologic_malignancy;organ_function;renal_electrolyte	metadata_only
hematologic_coagulopathy	Kaur G, Logue J, Brazauskas R, Oloyede T, Abid MB, Ahmed S, Aljurf M, Banerjee R, Bashey A, Beitinjaneh AM, Callander NS, Castillo P, Dholaria B, Goldsmith SR, Hashmi S, Kharfan-Dabaja MA, Liu H, Mian H, Nishihori T, Rejeski K, Saad A, Slade MJ, Turtle CJ, Vogl DT, Williams KM, Wirk B, Pasquini MC, Moskop A, Akhtar OS, Hansen DK, Janakiram M.	Prolonged Cytopenia After Idecabtagene Vicleucel for Multiple Myeloma is Associated with Poor Overall Survival	Transplantation and cellular therapy	2026	42302965	10.1016/j.jtct.2026.06.021		https://doi.org/10.1016/j.jtct.2026.06.021		clinical;hematologic_coagulopathy;hematologic_malignancy;organ_function	metadata_only
hematologic_coagulopathy	Ko AK, Mutsaers PGNJ, van Kleij LM, Vledder A, Pennings ERA, Spanjaart AM, de Boer JW, Keijzer K, Demandt AMP, van Doesum JA, van Dorp S, Jak M, Kuipers MT, van Meerten T, van der Poel MWM, Vermaat JSP, Leebeek FWG, Kersten MJ, Lauw MN.	"Risk of thrombosis and bleeding following CAR T-cell therapy: Insights from the Dutch ""Follow that CAR!"" registry"	HemaSphere	2026	42453534	10.1002/hem3.70433		https://doi.org/10.1002/hem3.70433		clinical;cytokine_release_syndrome;hematologic_coagulopathy;hematologic_malignancy;neurotoxicity;organ_function	metadata_only
hematologic_coagulopathy	Korte IK, Kharboutli S, Völkl S, Heberling L, Scholz JK, Pfeiffer H, Strobel J, Harrer T, Kretschmann S, Vasova I, Gerbitz A, Achenbach S, Spriewald B, Krause S, Gutsche K, von Bonin M, Röllig C, Aigner M, Mackensen A, Müller F.	CD19 CAR-T therapy induces remission in refractory autoimmune hemolytic anemia with ITP and antiphospholipid syndrome	Med (New York, N.Y.)	2026	41962541	10.1016/j.medj.2026.101075		https://doi.org/10.1016/j.medj.2026.101075		clinical;cytokine_release_syndrome;hematologic_coagulopathy;hepatic;neurotoxicity;organ_function;steroids_immunomodulation	metadata_only
hematologic_coagulopathy	Kuter DJ, Berentsen S, Cooper N, Zhang L, Shi J, Chen Y, Zhang L, Zhou C, Wang Y, Dudani JS, Mozaffarian N.	Towards achieving immune reset in autoimmune cytopenias: Insights from clinical experiences with B cell depleting therapies	Blood reviews	2026	41850974	10.1016/j.blre.2026.101387		https://doi.org/10.1016/j.blre.2026.101387		clinical;hematologic_coagulopathy;infection_immune;organ_function;review	metadata_only
hematologic_coagulopathy	Li R, Pan H, Zhang L, Ma J, Li W, Gao Z, Fang L, Tian L, Shen Y, Yang F, Zhao J, Nie N, Li J, Wang W, Pan X, Lian Y, Li X, Peng G, Li L, Yu X, Xu C, Liu Y, Kuang Z, Huang J, Zhao X, Ge M, Liu L, Chen S, Feng Y, Chang AH, Deng B, Dai M, Huang L, Lv L, Zheng Y, Luo Y, Xiong H, Shi J.	CD19 CAR T-Cell Therapy for Autoimmune Hemolytic Anemia	The New England journal of medicine	2026	41534043	10.1056/nejmoa2509820		https://doi.org/10.1056/nejmoa2509820		clinical;drug_interaction_pk;hematologic_coagulopathy;hematologic_malignancy;infection_immune;neurotoxicity;organ_function	metadata_only
hematologic_coagulopathy	Su B, Wang X.	CAR-T cell therapy-associated coagulopathy: From immunothrombotic storm mechanisms to precision management strategies	Critical reviews in oncology/hematology	2026	42624179	10.1016/j.critrevonc.2026.105553		https://doi.org/10.1016/j.critrevonc.2026.105553		clinical;cytokine_release_syndrome;hematologic_coagulopathy;hematologic_malignancy;organ_function;review	metadata_only
hematologic_coagulopathy	Wong CH, Hui MY, Chan WYK, Liu APY, Ku DTL, So JCC, Lee PPW, Cheuk DKL, Chan GCF, Leung W.	Quadruple immunotherapy with allogeneic natural killer cell infusion for recurrent neuroblastoma	Cytotherapy	2026	42202757	10.1016/j.jcyt.2026.102885		https://doi.org/10.1016/j.jcyt.2026.102885		clinical;cytokine_release_syndrome;gd2_agent;hematologic_coagulopathy;hematologic_malignancy;neuroblastoma;neurotoxicity;organ_function;pediatric	metadata_only
hematologic_coagulopathy	Wudhikarn K, Bromberg M, Brower J, Seshan VE, Bachanova V, Ahmed S, McGuirk JP, Manu G, Maziarz RT, Oluwole OO, Schuster SJ, Porter DL, Bishop MR, Riedell PA, Perales MA, Dahi PB.	Late cytopenia after CD19 chimeric antigen receptor T cell in large B cell lymphoma: A Cell Therapy Consortium Analysis	Blood advances	2026	42341321	10.1182/bloodadvances.2026019953		https://doi.org/10.1182/bloodadvances.2026019953		clinical;hematologic_coagulopathy;hematologic_malignancy;organ_function	metadata_only
hematologic_coagulopathy	Akiyama H, Kakiuchi S, Sakamoto A, Tomigaki N, Fujioka S, Harima I, Niwa R, Takagi I, Kozuki Y, Miyata Y, Yoshihara K, Yoshihara S, Iwata N.	Case Report: autologous stem cell boost enables hematopoietic recovery after severe cytopenia induced by BCMA-targeted bispecific antibody therapy in multiple myeloma	Frontiers in oncology	2025	41561742	10.3389/fonc.2025.1705843	PMC12812612	https://pmc.ncbi.nlm.nih.gov/articles/PMC12812612/	fulltext/akiyama_2025_pmid41561742.xml	clinical;hematologic_coagulopathy;hematologic_malignancy;organ_function	fulltext_xml
hematologic_coagulopathy	Antherieu G, Thibaud V, Sesques P, Jacot W, Menia K, Balducci L, Falandry C.	Neutropenic events associated with new anticancer treatments, from pathophysiology to practice: a scoping review-NEW Group (Neutropenic Events Working Group)	Supportive care in cancer : official journal of the Multinational Association of Supportive Care in Cancer	2025	41331540	10.1007/s00520-025-10141-4	PMC12672706	https://pmc.ncbi.nlm.nih.gov/articles/PMC12672706/	fulltext/antherieu_2025_pmid41331540.xml	clinical;hematologic_coagulopathy;infection_immune;organ_function;review	fulltext_xml
hematologic_coagulopathy	Arad A, Katz M, Lebel E, Kalish Y, Assayag M, Avni B, Elias S, Grisariu S, Shai E, Kfir-Erenfeld S, Asherie N, Gatt ME, Stepensky P, Zimran E.	High Rate of Cytokine Release Syndrome-Related Coagulopathy with Low Incidence of Bleeding and Thrombosis in Patients Treated with B-Cell Maturation Antigen (BCMA)-Targeted Chimeric Antigen Receptor T-Cells (CAR-T)	Cancers	2025	41228344	10.3390/cancers17213551	PMC12610646	https://pmc.ncbi.nlm.nih.gov/articles/PMC12610646/	fulltext/arad_2025_pmid41228344.xml	clinical;cytokine_release_syndrome;hematologic_coagulopathy;hematologic_malignancy;neurotoxicity;organ_function	fulltext_xml
hematologic_coagulopathy	Beyar-Katz O, Rejeski K, Shouval R.	Immune effector cell-associated hematotoxicity: mechanisms, clinical manifestations, and management strategies	Haematologica	2025	39973361	10.3324/haematol.2024.286027	PMC12130777	https://pmc.ncbi.nlm.nih.gov/articles/PMC12130777/	fulltext/beyarkatz_2025_pmid39973361.xml	clinical;grading_management;hematologic_coagulopathy;infection_immune;organ_function;review	fulltext_xml
hematologic_coagulopathy	Capes A, Morin A, Banet A, Suner L, Ricard L, Corre E, Brissot E, Stocker N, Marjanovic Z, Sarkozy C, Mohty M, Malard F.	Severe cytopenia after chimeric antigen receptor-T cell driven by large granular lymphocytes and responsive to steroids	British journal of haematology	2025	39425562	10.1111/bjh.19822	PMC11739765	https://pmc.ncbi.nlm.nih.gov/articles/PMC11739765/	fulltext/capes_2025_pmid39425562.xml	clinical;hematologic_coagulopathy;hematologic_malignancy;organ_function	fulltext_xml
hematologic_coagulopathy	Cheng H, Shao L, Wang D, Chen Y, Sun Y, Chen Z, Liu J, Wang X, Chen W, Sang W, Qi K, Li Z, Sun C, Shi M, Qiao J, Wu Q, Zeng L, Zheng J, Li L, Xu K, Cao J.	Comprehensive characterization of cytopenia after chimeric antigen receptor-T cell infusion in patients with relapsed or refractory multiple myeloma	Cytotherapy	2025	39283287	10.1016/j.jcyt.2024.08.007		https://doi.org/10.1016/j.jcyt.2024.08.007		clinical;hematologic_coagulopathy;hematologic_malignancy;organ_function	metadata_only
hematologic_coagulopathy	Dahunsi D, Eleanya C, Akintunde A, Oluwole O.	Prolonged Cytopenia with CAR-T Cell Therapy and Management Recommendations	Clinical hematology international	2025	40161263	10.46989/001c.126463	PMC11952652	https://pmc.ncbi.nlm.nih.gov/articles/PMC11952652/	fulltext/dahunsi_2025_pmid40161263.xml	clinical;cytokine_release_syndrome;grading_management;hematologic_coagulopathy;neurotoxicity;organ_function;steroids_immunomodulation	fulltext_xml
hematologic_coagulopathy	Dong R, Liu R, Yang R, Yang Y, Xu Y, Lei B, Zhao W, Zhang W, Gao G, He A, Bai J.	The management of multiple myeloma patients accompanied with disseminated intravascular coagulation before receiving LCAR-B38M therapy	Discover oncology	2025	40295321	10.1007/s12672-025-02448-9	PMC12037966	https://pmc.ncbi.nlm.nih.gov/articles/PMC12037966/	fulltext/dong_2025_pmid40295321.xml	clinical;cytokine_release_syndrome;hematologic_coagulopathy;hematologic_malignancy;organ_function	fulltext_xml
hematologic_coagulopathy	Frenking JH, Zhou X, Rejeski K, Wagner V, Costello P, Hielscher T, Gatti L, Kauer J, Nadeem O, Mai EK, Michel CS, Friedrich MJ, Sedloev D, Weinhold N, Goldschmidt H, Herfarth K, Schmitt A, Hundemer M, Schmitt M, Müller-Tidow C, Topp M, Einsele H, Dreger P, Munshi NC, Sperling AS, Rasche L, Sauer S, Raab MS.	Bridging intensity is associated with impaired hematopoietic recovery after BCMA CAR-T therapy for multiple myeloma	Blood advances	2025	40267180	10.1182/bloodadvances.2024015732	PMC12361772	https://pmc.ncbi.nlm.nih.gov/articles/PMC12361772/	fulltext/frenking_2025_pmid40267180.xml	clinical;grading_management;hematologic_coagulopathy;hematologic_malignancy;infection_immune;organ_function	fulltext_xml
hematologic_coagulopathy	Li Y, Jiang H, Luo L, Mei H.	Immunotherapy-associated hemostatic abnormalities: bleeding and thrombotic complications	Annals of hematology	2025	40590914	10.1007/s00277-025-06482-z	PMC12334459	https://pmc.ncbi.nlm.nih.gov/articles/PMC12334459/	fulltext/li_2025_pmid40590914.xml	clinical;hematologic_coagulopathy;organ_function;review	fulltext_xml
hematologic_coagulopathy	Li Y, Liu J, Luo L, Zhou L, Wu Z, Sang W, Jiang H, Wang J, Wang X, Li P, Chen Z, Shu J, Luo W, Hu Y, Li Y, Mei H.	Bone marrow blasts- and modified EASIX-guided risk stratification for coagulopathy and outcomes after CAR-T therapy in relapsed/refractory B-ALL	Thrombosis research	2025	41218266	10.1016/j.thromres.2025.109527		https://doi.org/10.1016/j.thromres.2025.109527		clinical;grading_management;hematologic_coagulopathy;hematologic_malignancy;organ_function	metadata_only
hematologic_coagulopathy	Naik S, Selukar S, Talleur AC, Deshpande S, Llaurador Caraballo G, Fabrizio VA, Rouce RH, Zeng XL, Vatsayan A, Rossoff J, Pacenta HL, John S, Phillips CL, Talano JA, Moskop A, Verneris MR, Myers GD, Hall E, Karras N, Bonifant CL, Qayed M, Bakinowski E, Keating AK, Baumeister SHC, Tomilson E, Hermiston ML, Satwani P, Krupski C, Chinnabhandar V, Stefanski HE, Egeler E, Curran KJ, Laetsch TW, Mackall CL, Prabhu S, Nguyen KP, Baggott C, Schultz LM, McNerney KO.	Characterization and prediction of prolonged severe neutropenia in pediatric patients receiving tisagenlecleucel	Blood advances	2025	40690779	10.1182/bloodadvances.2025016824	PMC12516046	https://pmc.ncbi.nlm.nih.gov/articles/PMC12516046/	fulltext/naik_2025_pmid40690779.xml	clinical;cytokine_release_syndrome;grading_management;hematologic_coagulopathy;hematologic_malignancy;infection_immune;organ_function;pediatric	fulltext_xml
hematologic_coagulopathy	Pellegrino C, Galli E, Chiusolo P, Ladiana R, Valentini CG, Viscovo M, Sorà F, Sica S, Teofili L.	Deciphering the Complex Intertwining Between Cytopenia and Transfusion Needs After CAR-T-Cell Therapy for B-Cell Malignancies	Life (Basel, Switzerland)	2025	41010361	10.3390/life15091419	PMC12471091	https://pmc.ncbi.nlm.nih.gov/articles/PMC12471091/	fulltext/pellegrino_2025_pmid41010361.xml	clinical;hematologic_coagulopathy;organ_function	fulltext_xml
hematologic_coagulopathy	Rejeski K, Sanz J, Fei T, Nair MS, Hashmi H, Avigdor A, Beyar-Katz O, Bücklein VL, Curran KJ, Einarsdottir S, Esensten JH, Glaubach N, Golan-Accav N, Gomez-Llobell M, Halamis I, Itzhaki O, Locke FL, Mailankody S, Marcus R, Maus MV, Palomba ML, Park JH, Pasquini M, Raj S, Rajeeve S, Salles G, Scordo M, Shah GL, Shimoni A, Subklewe M, Tix T, Usmani SZ, Valid O, Valtis YK, Zuckerman T, Shah NN, Perales MA, Shouval R.	T-ICAHT: grading and prognostic impact of thrombocytopenia after CAR T-cell therapy	Blood	2025	40258181	10.1182/blood.2025028833	PMC12783514	https://pmc.ncbi.nlm.nih.gov/articles/PMC12783514/	fulltext/rejeski_2025_pmid40258181.xml	clinical;grading_management;hematologic_coagulopathy;hematologic_malignancy;organ_function;pediatric	fulltext_xml
hematologic_coagulopathy	Shamehdi CJ, Gordillo CA, Sawas A, Macedo R, Mapara MY, Reshef R.	Life-Threatening Cytopenias in a Jehovah's Witness Following CD19-Directed Chimeric Antigen Receptor T Cell Therapy	EJHaem	2025	40809951	10.1002/jha2.70119	PMC12345917	https://pmc.ncbi.nlm.nih.gov/articles/PMC12345917/	fulltext/shamehdi_2025_pmid40809951.xml	clinical;hematologic_coagulopathy;organ_function	fulltext_xml
hematologic_coagulopathy	Uchibori R, Ohmine K, Teruya T, Mineno J, Ozawa K.	BCMA-CAR Therapy for Multiple Myeloma in NOG Mice Prevents the Progression of Anemia and Bone Lesions	Human gene therapy	2025	40372999	10.1089/hum.2024.263		https://doi.org/10.1089/hum.2024.263		cytokine_release_syndrome;hematologic_coagulopathy;hematologic_malignancy;neurotoxicity;organ_function;preclinical	metadata_only
hematologic_coagulopathy	Wang Y, Zhang L, Ma N, Wang Y.	Platelet Transfusion for Patients with Cancer: An Update	Transfusion medicine and hemotherapy : offizielles Organ der Deutschen Gesellschaft fur Transfusionsmedizin und Immunhamatologie	2025	40808881	10.1159/000546566	PMC12342836	https://pmc.ncbi.nlm.nih.gov/articles/PMC12342836/	fulltext/wang_2025_pmid40808881.xml	clinical;hematologic_coagulopathy;organ_function;review	fulltext_xml
hematologic_coagulopathy	Zhang A, Zheng H, Shang Q, Yin X, Yang Y, Luo Y, Su T, Dou X, Zhao T, Pei X, Liu Z, Lu J, Zhang X, Huang X, Mo X, Lv M, Zhao X.	Can one scoring system fit all? Comparative validation of CAR-HEMATOTOX, ALL-HEMATOTOX, and eIPM for predicting immune effector cell-associated hematotoxicity following CAR-T therapy in hematologic malignancies	Chinese journal of cancer research = Chung-kuo yen cheng yen chiu	2025	41229978	10.21147/j.issn.1000-9604.2025.05.04	PMC12603628	https://pmc.ncbi.nlm.nih.gov/articles/PMC12603628/		clinical;grading_management;hematologic_coagulopathy;hematologic_malignancy;organ_function	metadata_only
hematologic_coagulopathy	de Boer JW, Keijzer K, van Dorp S, Mutsaers PGNJ, Niezink AGH, van Doesum JA, Serroukh YIM, Muntendam LW, Pulles AE, Kret EJ, Sijs-Szabo A, Oomen J, Demandt AMP, Stevens WBC, Kuipers MT, Pennings ERA, Spanjaart AM, Kersten MJ, Jak M, van Dijk LV, van der Poel MWM, Vermaat JSP, van Meerten T.	Population-based validation of the CAR-HEMATOTOX for hematotoxicity, infections, and survival after CART in R/R LBCL	Blood advances	2025	40668622	10.1182/bloodadvances.2025016689	PMC12848356	https://pmc.ncbi.nlm.nih.gov/articles/PMC12848356/	fulltext/de_2025_pmid40668622.xml	clinical;cytokine_release_syndrome;hematologic_coagulopathy;hematologic_malignancy;infection_immune;organ_function;steroids_immunomodulation	fulltext_xml
hematologic_coagulopathy	Bindal P, Patell R, Chiasakul T, Lauw MN, Ko A, Wang TF, Zwicker JI.	A meta-analysis to assess the risk of bleeding and thrombosis following chimeric antigen receptor T-cell therapy: Communication from the ISTH SSC Subcommittee on Hemostasis and Malignancy	Journal of thrombosis and haemostasis : JTH	2024	38574863	10.1016/j.jtha.2024.03.021	PMC11437522	https://pmc.ncbi.nlm.nih.gov/articles/PMC11437522/		clinical;cytokine_release_syndrome;hematologic_coagulopathy;neurotoxicity;organ_function;review	metadata_only
hematologic_coagulopathy	Halloun J, Maza I, Stern A, Henig I, Akria L, Zohar Y, Zuckerman T, Beyar-Katz O.	Cytomegalovirus colitis presenting with lower gastrointestinal bleeding following chimeric antigen receptor-T cell therapy	Journal of cellular and molecular medicine	2024	39031465	10.1111/jcmm.18538	PMC11258881	https://pmc.ncbi.nlm.nih.gov/articles/PMC11258881/	fulltext/halloun_2024_pmid39031465.xml	clinical;hematologic_coagulopathy;infection_immune;organ_function	fulltext_xml
hematologic_coagulopathy	Koike T, Toyama D, Shibata M, Otsuka K, Sugishita Y, Kaneko R, Kawabata N, Fujita S, Akiyama K, Yamamoto S.	Prolonged severe cytopenia followed by fatal CAR T-cell-mediated encephalitis in a patient with acute lymphoblastic leukemia	Blood cell therapy	2024	39651063	10.31547/bct-2024-010	PMC11620989	https://pmc.ncbi.nlm.nih.gov/articles/PMC11620989/	fulltext/koike_2024_pmid39651063.xml	clinical;cytokine_release_syndrome;hematologic_coagulopathy;hematologic_malignancy;neurotoxicity;organ_function	fulltext_xml
hematologic_coagulopathy	Li J, Mu J, Wang J, Li X, Li Q, Jiang Y, Cui R, Deng Q.	Persistent Cytopenia After CD19 CAR T Therapy in Relapsed/Refractory DLBCL Patients Could Be a Predictor of Efficacy and Side Effects	Cell transplantation	2024	38651796	10.1177/09636897241247951	PMC11041530	https://pmc.ncbi.nlm.nih.gov/articles/PMC11041530/	fulltext/li_2024_pmid38651796.xml	clinical;cytokine_release_syndrome;hematologic_coagulopathy;hematologic_malignancy;organ_function;steroids_immunomodulation	fulltext_xml
hematologic_coagulopathy	Li PR, Li YY, Du MY, Jiang HW, Mei H.	[BCMA/CS1 bispecific CAR-T cell therapy for multiple myeloma complicated with thrombocytopenia: a case report and literature review]	Zhonghua xue ye xue za zhi = Zhonghua xueyexue zazhi	2024	40032341	10.3760/cma.j.cn121090-20241202-00524		https://doi.org/10.3760/cma.j.cn121090-20241202-00524		clinical;cytokine_release_syndrome;hematologic_coagulopathy;hematologic_malignancy;organ_function;review	metadata_only
hematologic_coagulopathy	Li YY, Li PR, Jiang HW, Mei H.	[CD19 CAR-T treatment for B-lymphoblastic lymphoma complicated with disseminated intravascular coagulation: a case report and literature review]	Zhonghua xue ye xue za zhi = Zhonghua xueyexue zazhi	2024	40032330	10.3760/cma.j.cn121090-20241202-00523		https://doi.org/10.3760/cma.j.cn121090-20241202-00523		clinical;cytokine_release_syndrome;hematologic_coagulopathy;hematologic_malignancy;infection_immune;organ_function;review;steroids_immunomodulation	metadata_only
hematologic_coagulopathy	Miller A, Daum R, Wang T, Wu M, Tat C, Pfeiffer T, Navai S, Heczey A, Hegde M, Ahmed N, Whittle SB, Hill L, Martinez C, Krance R, Ramos CA, Rouce RH, Lulla P, Heslop HE, Omer B, Shekar M.	Prolonged cytopenias after immune effector cell therapy and lymphodepletion in patients with leukemia, lymphoma and solid tumors	Cytotherapy	2024	38819365	10.1016/j.jcyt.2024.04.075	PMC11344664	https://pmc.ncbi.nlm.nih.gov/articles/PMC11344664/		clinical;hematologic_coagulopathy;hematologic_malignancy;infection_immune;organ_function;other_solid;pediatric;steroids_immunomodulation	metadata_only
hematologic_coagulopathy	Mingot-Castellano M, Reguera-Ortega JL, Zafra Torres D, Hernani R, Lopez-Godino O, Guerreiro M, Herrero B, Lopez-Corral L, Luna A, González-Pinedo L, Chinea-Rodriguez A, Martin-lópez AA, Bailen R, Martinez-Cebrian N, Balsalobre P, Filaferro S, Alonso-Saladrigues A, Barba P, Pérez-Martínez A, Calbacho M, Perez Simon JA, Sanchez-Pina JM.	Use of Eltrombopag to Improve Thrombocytopenia and Transfusion Requirement in Anti-CD19 Car-T Cell-Treated Patients	Preprints.org	2024		10.20944/preprints202407.2382.v1		https://doi.org/10.20944/preprints202407.2382.v1		clinical;hematologic_coagulopathy;hematologic_malignancy;hepatic;organ_function	metadata_only
hematologic_coagulopathy	Mingot-Castellano ME, Reguera-Ortega JL, Zafra Torres D, Hernani R, Lopez-Godino O, Guerreiro M, Herrero B, López-Corral L, Luna A, Gonzalez-Pinedo L, Chinea-Rodriguez A, Africa-Martín A, Bailen R, Martinez-Cibrian N, Balsalobre P, Filaferro S, Alonso-Saladrigues A, Barba P, Perez-Martinez A, Calbacho M, Perez-Simón JA, Sánchez-Pina JM, On Behalf Of The Spanish Group Of Hematopoietic Transplant And Cell Therapy Geth-Tc.	Use of Eltrombopag to Improve Thrombocytopenia and Tranfusion Requirement in Anti-CD19 CAR-T Cell-Treated Patients	Journal of clinical medicine	2024	39274330	10.3390/jcm13175117	PMC11396136	https://pmc.ncbi.nlm.nih.gov/articles/PMC11396136/	fulltext/mingotcastellano_2024_pmid39274330.xml	clinical;hematologic_coagulopathy;hematologic_malignancy;hepatic;organ_function	fulltext_xml
hematologic_coagulopathy	Palacios-Berraquero ML, Rodriguez-Marquez P, Calleja-Cervantes ME, Berastegui N, Zabaleta A, Burgos L, Alignani D, San Martin-Uriz P, Vilas-Zornoza A, Rodriguez-Diaz S, Inoges S, Lopez-Diaz de Cerio A, Huerga S, Tamariz E, Rifon J, Alfonso-Pierola A, Lasarte JJ, Paiva B, Hernaez M, Rodriguez-Otero P, San-Miguel J, Ezponda T, Rodriguez-Madoz JR, Prosper F.	Molecular mechanisms promoting long-term cytopenia after BCMA CAR-T therapy in multiple myeloma	Blood advances	2024	39058976	10.1182/bloodadvances.2023012522	PMC11532743	https://pmc.ncbi.nlm.nih.gov/articles/PMC11532743/	fulltext/palaciosberraquero_2024_pmid39058976.xml	clinical;cytokine_release_syndrome;hematologic_coagulopathy;hematologic_malignancy;organ_function	fulltext_xml
hematologic_coagulopathy	Rejeski K, Wang Y, Hansen DK, Iacoboni G, Bachy E, Bansal R, Penack O, Müller F, Bethge W, Munoz J, Mohty R, Bücklein VL, Barba P, Locke FL, Lin Y, Jain MD, Subklewe M.	Applying the EHA/EBMT grading for ICAHT after CAR-T: comparative incidence and association with infections and mortality	Blood advances	2024	38181508	10.1182/bloodadvances.2023011767	PMC11007437	https://pmc.ncbi.nlm.nih.gov/articles/PMC11007437/	fulltext/rejeski_2024_pmid38181508.xml	clinical;grading_management;hematologic_coagulopathy;hematologic_malignancy;infection_immune;organ_function	fulltext_xml
hematologic_coagulopathy	Sahai I, Borgman P, Yates B, Rosenzweig S, Rampertaap S, Rankin AW, Shah NN.	Incidence of preexisting B-cell aplasia in B-ALL: implications for post-CAR T-cell monitoring	Blood advances	2024	39454282	10.1182/bloodadvances.2024014641	PMC11700236	https://pmc.ncbi.nlm.nih.gov/articles/PMC11700236/	fulltext/sahai_2024_pmid39454282.xml	clinical;hematologic_coagulopathy;hematologic_malignancy;infection_immune;organ_function	fulltext_xml
hematologic_coagulopathy	Vic S, Thibert JB, Bachy E, Cartron G, Gastinne T, Morschhauser F, Le Bras F, Bouabdallah K, Despas F, Bay JO, Rubio MT, Mohty M, Casasnovas O, Choquet S, Castilla-Llorente C, Guidez S, Loschi M, Guffroy B, Carras S, Drieu La Rochelle L, Guillet M, Houot R.	Transfusion needs after CAR T-cell therapy for large B-cell lymphoma: predictive factors and outcome (a DESCAR-T study)	Blood advances	2024	38181767	10.1182/bloodadvances.2023011727	PMC10982963	https://pmc.ncbi.nlm.nih.gov/articles/PMC10982963/	fulltext/vic_2024_pmid38181767.xml	clinical;cytokine_release_syndrome;hematologic_coagulopathy;hematologic_malignancy;neurotoxicity;organ_function	fulltext_xml
hematologic_coagulopathy	Xia Y, Wang L, Shen X, Xu Y, Xu W, Li J, Fan L, Chen L.	Mesenchymal stem cell infusion for enhancing hematopoietic recovery and addressing cytopenias in CAR-T cell therapy	Stem cell research & therapy	2024	39334276	10.1186/s13287-024-03941-8	PMC11437967	https://pmc.ncbi.nlm.nih.gov/articles/PMC11437967/	fulltext/xia_2024_pmid39334276.xml	clinical;hematologic_coagulopathy;hematologic_malignancy;organ_function	fulltext_xml
hematologic_coagulopathy	Zhu HY, Zhao DQ, Zhuang Z, Ruan J, Chen C, Zhang W, Zhou DB, Zhang Y.	[Clinical characteristics and prognostic analysis of prolonged cytopenia after CAR-T cell therapy in LBCL patients]	Zhonghua nei ke za zhi	2024	39622728	10.3760/cma.j.cn112138-20240713-00450		https://doi.org/10.3760/cma.j.cn112138-20240713-00450		clinical;hematologic_coagulopathy;hematologic_malignancy;infection_immune;organ_function	metadata_only
hematologic_coagulopathy	Galli E, Sorà F, Hohaus S, Fresa A, Pansini I, Autore F, Metafuni E, Innocenti I, Limongiello MA, Giammarco S, Laurenti L, Bacigalupo A, Chiusolo P, De Stefano V, Sica S.	Endothelial activation predicts disseminated intravascular coagulopathy, cytokine release syndrome and prognosis in patients treated with anti-CD19 CAR-T cells	British journal of haematology	2023	36503182	10.1111/bjh.18596		https://doi.org/10.1111/bjh.18596		clinical;cytokine_release_syndrome;hematologic_coagulopathy;neurotoxicity;organ_function	metadata_only
hematologic_coagulopathy	Jain T, Olson TS, Locke FL.	How I treat cytopenias after CAR T-cell therapy	Blood	2023	36800563	10.1182/blood.2022017415	PMC10646792	https://pmc.ncbi.nlm.nih.gov/articles/PMC10646792/	fulltext/jain_2023_pmid36800563.xml	clinical;cytokine_release_syndrome;hematologic_coagulopathy;hlh_mas;infection_immune;neurotoxicity;organ_function;pediatric;review;steroids_immunomodulation	fulltext_xml
hematologic_coagulopathy	Jess J, Yates B, Dulau-Florea A, Parker K, Inglefield J, Lichtenstein D, Schischlik F, Ongkeko M, Wang Y, Shahani S, Cullinane A, Smith H, Kane E, Little L, Chen D, Fry TJ, Shalabi H, Wang HW, Satpathy A, Lozier J, Shah NN.	CD22 CAR T-cell associated hematologic toxicities, endothelial activation and relationship to neurotoxicity	Journal for immunotherapy of cancer	2023	37295816	10.1136/jitc-2022-005898	PMC10277551	https://pmc.ncbi.nlm.nih.gov/articles/PMC10277551/	fulltext/jess_2023_pmid37295816.xml	clinical;cytokine_release_syndrome;hematologic_coagulopathy;hlh_mas;neurotoxicity;on_target_off_tumor;organ_function;pediatric	fulltext_xml
hematologic_coagulopathy	Kenkel TJ, Sridhar N, Hammons LR, Hintzke M, Shah NN.	Bone Marrow Aplasia after CAR-T-Cell Therapy for Relapsed/Refractory Burkitt's Lymphoma	Medical sciences (Basel, Switzerland)	2023	37873752	10.3390/medsci11040067	PMC10594436	https://pmc.ncbi.nlm.nih.gov/articles/PMC10594436/	fulltext/kenkel_2023_pmid37873752.xml	clinical;cytokine_release_syndrome;hematologic_coagulopathy;hematologic_malignancy;hlh_mas;infection_immune;organ_function	fulltext_xml
hematologic_coagulopathy	Liu R, Lv Y, Hong F, Zhao W, Lei B, Liu J, Zhang W, He A, Wang F.	A comprehensive analysis of coagulopathy during anti-B cell maturation antigen chimeric antigen receptor-T therapy in multiple myeloma, a retrospective study based on LEGEND-2	Hematological oncology	2023	37186314	10.1002/hon.3155		https://doi.org/10.1002/hon.3155		clinical;cytokine_release_syndrome;grading_management;hematologic_coagulopathy;hematologic_malignancy;hepatic;organ_function	metadata_only
hematologic_coagulopathy	Qiu T, Hu L, Zhang Y, Wang Y, Ma S, Li D, Li Z, Xu K.	Cytopenia after CAR‑T cell therapy: Analysis of 63 patients with relapsed and refractory B‑cell non‑Hodgkin lymphoma	Oncology letters	2023	37427346	10.3892/ol.2023.13924	PMC10326650	https://pmc.ncbi.nlm.nih.gov/articles/PMC10326650/		clinical;cytokine_release_syndrome;grading_management;hematologic_coagulopathy;hematologic_malignancy;organ_function	metadata_only
hematologic_coagulopathy	Rejeski K, Greco R, Onida F, Sánchez-Ortega I, Bonini C, Sureda A, Gribben JG, Yakoub-Agha I, Subklewe M.	An International Survey on Grading, Diagnosis, and Management of Immune Effector Cell-Associated Hematotoxicity (ICAHT) Following CAR T-cell Therapy on Behalf of the EBMT and EHA	HemaSphere	2023	37125259	10.1097/hs9.0000000000000889	PMC10145722	https://pmc.ncbi.nlm.nih.gov/articles/PMC10145722/	fulltext/rejeski_2023_pmid37125259.xml	clinical;cytokine_release_syndrome;grading_management;hematologic_coagulopathy;hlh_mas;infection_immune;organ_function	fulltext_xml
hematologic_coagulopathy	Song Z, Tu D, Tang G, Liu N, Tai Z, Yang J, Wang Y.	Hemophagocytic lymphohistiocytosis and disseminated intravascular coagulation are underestimated, but fatal adverse events in chimeric antigen receptor T-cell therapy	Haematologica	2023	36794498	10.3324/haematol.2022.281455	PMC10388276	https://pmc.ncbi.nlm.nih.gov/articles/PMC10388276/	fulltext/song_2023_pmid36794498.xml	clinical;hematologic_coagulopathy;hematologic_malignancy;hlh_mas;infection_immune;organ_function	fulltext_xml
hematologic_coagulopathy	Strati P, Li X, Deng Q, Marques-Piubelli ML, Henderson J, Watson G, Deaton L, Cain T, Yang H, Ravanmehr V, Fayad LE, Iyer SP, Nastoupil LJ, Hagemeister FB, Parra ER, Saini N, Takahashi K, Fowler NH, Westin JR, Steiner RE, Nair R, Flowers CR, Wang L, Ahmed S, Al-Atrash G, Vega F, Neelapu SS, Green MR.	Prolonged cytopenia following CD19 CAR T cell therapy is linked with bone marrow infiltration of clonally expanded IFNγ-expressing CD8 T cells	Cell reports. Medicine	2023	37586321	10.1016/j.xcrm.2023.101158	PMC10439270	https://pmc.ncbi.nlm.nih.gov/articles/PMC10439270/	fulltext/strati_2023_pmid37586321.xml	clinical;cytokine_release_syndrome;hematologic_coagulopathy;hematologic_malignancy;neurotoxicity;organ_function	fulltext_xml
hematologic_coagulopathy	Wang X, Li C, Luo W, Zhang Y, Huang Z, Xu J, Mei H, Hu Y.	IL-10 plus the EASIX score predict bleeding events after anti-CD19 CAR T-cell therapy	Annals of hematology	2023	37814134	10.1007/s00277-023-05477-y	PMC10640490	https://pmc.ncbi.nlm.nih.gov/articles/PMC10640490/	fulltext/wang_2023_pmid37814134.xml	clinical;cytokine_release_syndrome;grading_management;hematologic_coagulopathy;hematologic_malignancy;organ_function;renal_electrolyte;steroids_immunomodulation	fulltext_xml
hematologic_coagulopathy	Taneja A, Jain T.	CAR-T-OPENIA: Chimeric antigen receptor T-cell therapy-associated cytopenias	EJHaem	2022	35844301	10.1002/jha2.350	PMC9175816	https://pmc.ncbi.nlm.nih.gov/articles/PMC9175816/	fulltext/taneja_2022_pmid35844301.xml	clinical;cytokine_release_syndrome;hematologic_coagulopathy;organ_function;review	fulltext_xml
hematologic_coagulopathy	Johnsrud A, Craig J, Baird J, Spiegel J, Muffly L, Zehnder J, Tamaresis J, Negrin R, Johnston L, Arai S, Shizuru J, Lowsky R, Meyer E, Weng WK, Shiraz P, Rezvani A, Latchford T, Mackall C, Miklos D, Frank M, Sidana S.	Incidence and risk factors associated with bleeding and thrombosis following chimeric antigen receptor T-cell therapy	Blood advances	2021	34521106	10.1182/bloodadvances.2021004716	PMC8579267	https://pmc.ncbi.nlm.nih.gov/articles/PMC8579267/	fulltext/johnsrud_2021_pmid34521106.xml	clinical;grading_management;hematologic_coagulopathy;hematologic_malignancy;neurotoxicity;organ_function	fulltext_xml
hematologic_coagulopathy	Liu Y, Liang B, Liu Y, Wei G, Wu W, Yang L, Yang L, Huang H, Xie J, Hu Y.	Cytokine Release Syndrome Is an Independent Risk Factor Associated With Platelet Transfusion Refractoriness After CAR-T Therapy for Relapsed/Refractory Acute Lymphoblastic Leukemia	Frontiers in pharmacology	2021	34366854	10.3389/fphar.2021.702152	PMC8343018	https://pmc.ncbi.nlm.nih.gov/articles/PMC8343018/	fulltext/liu_2021_pmid34366854.xml	clinical;cytokine_release_syndrome;grading_management;hematologic_coagulopathy;hematologic_malignancy;organ_function	fulltext_xml
hematologic_coagulopathy	Rejeski K, Kunz WG, Rudelius M, Bücklein V, Blumenberg V, Schmidt C, Karschnia P, Schöberl F, Dimitriadis K, von Baumgarten L, Stemmler J, Weigert O, Dreyling M, von Bergwelt-Baildon M, Subklewe M.	Severe Candida glabrata pancolitis and fatal Aspergillus fumigatus pulmonary infection in the setting of bone marrow aplasia after CD19-directed CAR T-cell therapy - a case report	BMC infectious diseases	2021	33509115	10.1186/s12879-020-05755-4	PMC7841988	https://pmc.ncbi.nlm.nih.gov/articles/PMC7841988/	fulltext/rejeski_2021_pmid33509115.xml	clinical;cytokine_release_syndrome;grading_management;hematologic_coagulopathy;hematologic_malignancy;infection_immune;neurotoxicity;organ_function;steroids_immunomodulation	fulltext_xml
hematologic_coagulopathy	Rejeski K, Perez A, Sesques P, Hoster E, Berger C, Jentzsch L, Mougiakakos D, Frölich L, Ackermann J, Bücklein V, Blumenberg V, Schmidt C, Jallades L, Fehse B, Faul C, Karschnia P, Weigert O, Dreyling M, Locke FL, von Bergwelt-Baildon M, Mackensen A, Bethge W, Ayuk F, Bachy E, Salles G, Jain MD, Subklewe M.	CAR-HEMATOTOX: a model for CAR T-cell-related hematologic toxicity in relapsed/refractory large B-cell lymphoma	Blood	2021	34166502	10.1182/blood.2020010543	PMC8893508	https://pmc.ncbi.nlm.nih.gov/articles/PMC8893508/		clinical;cytokine_release_syndrome;hematologic_coagulopathy;hematologic_malignancy;hlh_mas;neurotoxicity;organ_function	metadata_only
hematologic_coagulopathy	Wang J, Doran J.	The Many Faces of Cytokine Release Syndrome-Related Coagulopathy	Clinical hematology international	2021	34595461	10.2991/chi.k.210117.001	PMC8432322	https://pmc.ncbi.nlm.nih.gov/articles/PMC8432322/	fulltext/wang_2021_pmid34595461.xml	clinical;cytokine_release_syndrome;hematologic_coagulopathy;hlh_mas;organ_function;review;steroids_immunomodulation	fulltext_xml
hematologic_coagulopathy	Xing L, Wang Y, Liu H, Gao S, Shao Q, Yue L, Liu Z, Wang H, Shao Z, Fu R.	Case Report: Sirolimus Alleviates Persistent Cytopenia After CD19 CAR-T-Cell Therapy	Frontiers in oncology	2021	35004324	10.3389/fonc.2021.798352	PMC8733571	https://pmc.ncbi.nlm.nih.gov/articles/PMC8733571/	fulltext/xing_2021_pmid35004324.xml	clinical;cytokine_release_syndrome;hematologic_coagulopathy;hematologic_malignancy;infection_immune;neurotoxicity;organ_function	fulltext_xml
hematologic_coagulopathy	Mody R, Yu AL, Naranjo A, Zhang FF, London WB, Shulkin BL, Parisi MT, Servaes SE, Diccianni MB, Hank JA, Felder M, Birstler J, Sondel PM, Asgharzadeh S, Glade-Bender J, Katzenstein H, Maris JM, Park JR, Bagatell R.	Irinotecan, Temozolomide, and Dinutuximab With GM-CSF in Children With Refractory or Relapsed Neuroblastoma: A Report From the Children's Oncology Group	Journal of clinical oncology : official journal of the American Society of Clinical Oncology	2020	32343642	10.1200/jco.20.00203	PMC7325366	https://pmc.ncbi.nlm.nih.gov/articles/PMC7325366/		cardiopulmonary;clinical;gd2_agent;hematologic_coagulopathy;hematologic_malignancy;infection_immune;neuroblastoma;organ_function;pediatric;systemic_iv	metadata_only
hematologic_coagulopathy	Mody R, Naranjo A, Van Ryn C, Yu AL, London WB, Shulkin BL, Parisi MT, Servaes SE, Diccianni MB, Sondel PM, Bender JG, Maris JM, Park JR, Bagatell R.	Irinotecan-temozolomide with temsirolimus or dinutuximab in children with refractory or relapsed neuroblastoma (COG ANBL1221): an open-label, randomised, phase 2 trial	The Lancet. Oncology	2017	28549783	10.1016/s1470-2045(17)30355-8	PMC5527694	https://pmc.ncbi.nlm.nih.gov/articles/PMC5527694/		cardiopulmonary;clinical;gd2_agent;hematologic_coagulopathy;hematologic_malignancy;hepatic;infection_immune;neuroblastoma;organ_function;pediatric;renal_electrolyte;systemic_iv	metadata_only
hematologic_coagulopathy	Osenga KL, Hank JA, Albertini MR, Gan J, Sternberg AG, Eickhoff J, Seeger RC, Matthay KK, Reynolds CP, Twist C, Krailo M, Adamson PC, Reisfeld RA, Gillies SD, Sondel PM, Children's Oncology Group.	A phase I clinical trial of the hu14.18-IL2 (EMD 273063) as a treatment for children with refractory or recurrent neuroblastoma and melanoma: a study of the Children's Oncology Group	Clinical cancer research : an official journal of the American Association for Cancer Research	2006	16551859	10.1158/1078-0432.ccr-05-2000	PMC2587020	https://pmc.ncbi.nlm.nih.gov/articles/PMC2587020/		cardiopulmonary;clinical;gd2_agent;hematologic_coagulopathy;hematologic_malignancy;neuroblastoma;organ_function;other_solid;pediatric	metadata_only
cardiopulmonary	Böll B, Garcia Borrega J, Bach F, Grans-Siebel J, Kaul C.	[Immunotherapy-Induced Adverse Events: A Focus of Intensive Care Medicine]	Deutsche medizinische Wochenschrift (1946)	2026	42508415	10.1055/a-2696-8438		https://doi.org/10.1055/a-2696-8438		cardiopulmonary;clinical;cytokine_release_syndrome;hlh_mas;infection_immune;neurotoxicity;organ_function;review	metadata_only
cardiopulmonary	Chatrathi AR, Patel K, Saini N, Palaskas NL.	Cardiotoxicity induced by multiple myeloma therapies: mechanistic convergence across proteasome inhibitors, CAR-T, and bispecific antibodies	Blood cancer journal	2026	42215456	10.1038/s41408-026-01481-3		https://doi.org/10.1038/s41408-026-01481-3		cardiopulmonary;clinical;grading_management;hematologic_malignancy;organ_function;review	metadata_only
cardiopulmonary	Delafoy M, Vincenti M, Roussel A, Prigent S, Rialland F, Doulet ST, Hauet Q, Broccia MV, Rabian F, Poirée M, Tabone MD, El-Louali F, Saultier P.	[Cardiotoxicity in children and adolescents with acute leukemia: Recommendations from the Leukemia Committee of the French Society of Childhood Cancer (SFCE)]	Bulletin du cancer	2026	42315465	10.1016/j.bulcan.2026.03.006		https://doi.org/10.1016/j.bulcan.2026.03.006		cardiopulmonary;clinical;hematologic_malignancy;organ_function;pediatric;review	metadata_only
cardiopulmonary	Gao Y, Li J, Zhang H, Zhang Y, Qian S, Zhu X, Hong L, Xie L, Fu Q, Bao X, Tong Z, Li Y, Li B, Wang L, Shen J, Zhang Q, He X, Zheng Y, Yao C, Liu L, Zhao P, Campos PV, Yang Z, Qian C, Fang W.	Hypoxia-responsive CEA-targeted CAR T cells in CEA-positive solid tumors through intraperitoneal or intravenous infusion: a phase 1 trial	Nature cancer	2026	41760800	10.1038/s43018-026-01124-3		https://doi.org/10.1038/s43018-026-01124-3		cardiopulmonary;clinical;cytokine_release_syndrome;drug_interaction_pk;organ_function;other_solid;systemic_iv	metadata_only
cardiopulmonary	Hidalgo L, Garcia-Rodriguez P, Cubillo I, Zubizarreta M, Perez-Martinez A, García-Castro J.	Unaltered NKG2D-CAR T cell function under hypoxia in osteosarcoma in vitro	Cancer immunology, immunotherapy : CII	2026	41677938	10.1007/s00262-026-04319-w	PMC12901808	https://pmc.ncbi.nlm.nih.gov/articles/PMC12901808/	fulltext/hidalgo_2026_pmid41677938.xml	cardiopulmonary;organ_function;other_solid;pediatric;preclinical	fulltext_xml
cardiopulmonary	Hua X, Sun Z, Liang Z, Huang Y, Mo H, Dong F, Mo S, Yang X, Zhang N, Chen X, Liao S, Qi Z, Zhang R, Guan S, Li L, Xu Y, Song J.	Engineered T cell therapy for the treatment of cardiac fibrosis during chronic phase of myocarditis	Theranostics	2026	41356193	10.7150/thno.116749	PMC12680599	https://pmc.ncbi.nlm.nih.gov/articles/PMC12680599/	fulltext/hua_2026_pmid41356193.xml	cardiopulmonary;organ_function;preclinical	fulltext_xml
cardiopulmonary	Huang N, Chen Q, Zhang X, Farooq MA, He W, Cui K, Zhu S, Ajmal I, Jiang D, Xu G.	Overexpression of HIF-1α via small activating RNA enhances CAR-T cell function in hypoxic microenvironments	Pharmacological research	2026	42105819	10.1016/j.phrs.2026.108235		https://doi.org/10.1016/j.phrs.2026.108235		cardiopulmonary;infection_immune;organ_function;other_solid;preclinical	metadata_only
cardiopulmonary	Li S, Shiekh PA, Li Y, Nan H, Yang L, Mitchell K, yang Y, Zhu Y.	Oxygen Delivery Reprograms Hypoxic Tumor Niche to Rejuvenate CAR-NKT Cells for Improved Cancer Immunotherapy	Research Square	2026		10.21203/rs.3.rs-8296891/v1		https://doi.org/10.21203/rs.3.rs-8296891/v1		cardiopulmonary;infection_immune;locoregional_cns;organ_function;other_solid;preclinical	metadata_only
cardiopulmonary	Pedram Rad P, Reyhani A, Dashti M.	From barrier to trigger: leveraging tumor hypoxia for precise control of CAR-T cell activity	Molecular biology reports	2026	42455334	10.1007/s11033-026-12321-9		https://doi.org/10.1007/s11033-026-12321-9		cardiopulmonary;clinical;infection_immune;on_target_off_tumor;organ_function;other_solid;review	metadata_only
cardiopulmonary	Raddatz MA, Stein-Merlob AF, Mahmood SS, Ganatra S, Addison D, Lin TL, Larson SM, Yang EH.	Cardiotoxicity of T cell immunotherapies	Nature reviews. Cardiology	2026	41730987	10.1038/s41569-026-01265-z	PMC13043268	https://pmc.ncbi.nlm.nih.gov/articles/PMC13043268/		cardiopulmonary;clinical;cytokine_release_syndrome;organ_function;review	metadata_only
cardiopulmonary	Sinigiani G, Scapinello G, Berno T, Piazza F, Cipriani A.	Chimeric antigen receptor T cell therapy cardiotoxicity: a narrative review	Cardio-oncology (London, England)	2026	42415149	10.1186/s40959-026-00499-7		https://doi.org/10.1186/s40959-026-00499-7		cardiopulmonary;clinical;cytokine_release_syndrome;grading_management;organ_function;review	metadata_only
cardiopulmonary	Tana M, Piccinini R, Pinterpe G, Porreca E, Berardi R, Tana C.	Cardiotoxicity of Antitumor Agents: Therapeutic Challenges in Heart Failure with Reduced and Preserved Ejection Fraction	International journal of molecular sciences	2026	41977162	10.3390/ijms27072973	PMC13073610	https://pmc.ncbi.nlm.nih.gov/articles/PMC13073610/	fulltext/tana_2026_pmid41977162.xml	cardiopulmonary;clinical;cytokine_release_syndrome;organ_function;pediatric;review	fulltext_xml
cardiopulmonary	Tu C, Van der Vreken A, Meeus F, van den Broecke L, Brons J, De Veirman K, Vanderkerken K, De Bruyne E, Breckpot K, Menu E.	Hypoxia promotes BCMA loss and a suppressive secretome thereby hindering CAR T cell therapy in multiple myeloma	Experimental hematology & oncology	2026	41508031	10.1186/s40164-025-00732-6	PMC12781295	https://pmc.ncbi.nlm.nih.gov/articles/PMC12781295/	fulltext/tu_2026_pmid41508031.xml	cardiopulmonary;clinical;hematologic_malignancy;infection_immune;organ_function	fulltext_xml
cardiopulmonary	Voß F, Goerke P, Kelm M, Polzin A.	Heart failure medication to prevent cancer therapy-related cardiac dysfunction: A narrative review	British journal of pharmacology	2026	42476814	10.1111/bph.70610		https://doi.org/10.1111/bph.70610		cardiopulmonary;clinical;cytokine_release_syndrome;organ_function;review	metadata_only
cardiopulmonary	Xu L, Wu H, Wu C, Xu Y.	Chimeric antigen receptor-T cell therapy-induced cardiotoxicity: Pathophysiological mechanisms and pharmacological intervention strategies	Pharmacological research	2026	42331267	10.1016/j.phrs.2026.108316		https://doi.org/10.1016/j.phrs.2026.108316		cardiopulmonary;clinical;cytokine_release_syndrome;hematologic_coagulopathy;hematologic_malignancy;hlh_mas;infection_immune;organ_function;other_solid;review;steroids_immunomodulation	metadata_only
cardiopulmonary	Codru IR, Vecerzan L.	When and for Whom Does Intensive Care Unit Admission Change the Prognosis in Oncology?-A Scoping Review	Cancers	2025	41301003	10.3390/cancers17223636	PMC12650642	https://pmc.ncbi.nlm.nih.gov/articles/PMC12650642/	fulltext/codru_2025_pmid41301003.xml	cardiopulmonary;clinical;cytokine_release_syndrome;infection_immune;neurotoxicity;organ_function;other_solid;review	fulltext_xml
cardiopulmonary	Grans-Siebel J, Garcia Borrega J, Böll B, Bach F.	[Modern immunotherapy and emergency situations : Toxicities of CAR T-cell therapies and BiTEs, their management, and their relevance in intensive care medicine]	Medizinische Klinik, Intensivmedizin und Notfallmedizin	2025	40892214	10.1007/s00063-025-01316-2		https://doi.org/10.1007/s00063-025-01316-2		cardiopulmonary;clinical;cytokine_release_syndrome;hematologic_coagulopathy;infection_immune;neurotoxicity;organ_function;review	metadata_only
cardiopulmonary	Grunblatt E, Meng Z, Baldridge AS, Patel NP, Stanisic A, Feinstein MJ, Rao A, Gordon LI, Winter JN, Ma S, Mehta J, Singhal S, Karmali R, Akhter N.	Variance in development of early and late cardiotoxicities in patients with lymphoma and myeloma receiving CAR T-cell therapies	Leukemia & lymphoma	2025	39772871	10.1080/10428194.2024.2448713		https://doi.org/10.1080/10428194.2024.2448713		cardiopulmonary;clinical;hematologic_malignancy;organ_function	metadata_only
cardiopulmonary	Hernádfői M, Szabados M, Brückner E, Varga Á, Hauser P, Ottóffy G, Vojcek Á, Csanádi K, Kertész G, Jakab Z, Agócs G, Garami M.	Dinutuximab Beta for the Treatment of High-Risk Neuroblastoma: Data from the Hungarian Pediatric Oncology Network	Journal of clinical medicine	2025	41010845	10.3390/jcm14186641	PMC12471212	https://pmc.ncbi.nlm.nih.gov/articles/PMC12471212/	fulltext/herndfi_2025_pmid41010845.xml	cardiopulmonary;clinical;cytokine_release_syndrome;gd2_agent;hematologic_malignancy;neuroblastoma;organ_function;pediatric	fulltext_xml
cardiopulmonary	Joseph T, Sanchez J, Abbasi A, Zhang L, Sica RA, Duong TQ.	Cardiotoxic Effects Following CAR-T Cell Therapy: A Literature Review	Current oncology reports	2025	39836349	10.1007/s11912-024-01634-2	PMC11861112	https://pmc.ncbi.nlm.nih.gov/articles/PMC11861112/	fulltext/joseph_2025_pmid39836349.xml	cardiopulmonary;clinical;cytokine_release_syndrome;organ_function;pediatric;review	fulltext_xml
cardiopulmonary	Keramida K, Kyriakou TC, Antoniades A, Tocchetti CG.	Immunotherapy-associated Cardiotoxicity: a Comprehensive Review of Checkpoint inhibitors, monoclonal, cellular, and cytokine-based Treatments	Current treatment options in oncology	2025	41143919	10.1007/s11864-025-01363-z		https://doi.org/10.1007/s11864-025-01363-z		cardiopulmonary;clinical;cytokine_release_syndrome;organ_function;review	metadata_only
cardiopulmonary	Li W, Chen J, Li J, Wang S, Chen Z, Zhao L, Zhao Y, Gu L, Liu J, Zhang Y, Yang X, Chen T, Guo Z.	Envirotune-CAR-T: a hypoxia-responsive and glutamine-enhanced CAR-T cell therapy for overcoming tumor microenvironment-mediated suppression	Journal for immunotherapy of cancer	2025	41083281	10.1136/jitc-2025-012321	PMC12519721	https://pmc.ncbi.nlm.nih.gov/articles/PMC12519721/	fulltext/li_2025_pmid41083281.xml	cardiopulmonary;clinical;infection_immune;organ_function;other_solid	fulltext_xml
cardiopulmonary	Liu Y, Murphy KM, Hung YF, Won T.	Pathogenic drivers of lupus myocarditis and potential therapeutic targets	Experimental & molecular medicine	2025	41203999	10.1038/s12276-025-01580-4	PMC12686018	https://pmc.ncbi.nlm.nih.gov/articles/PMC12686018/	fulltext/liu_2025_pmid41203999.xml	cardiopulmonary;hematologic_malignancy;organ_function;preclinical;review	fulltext_xml
cardiopulmonary	Micallef Nilsson I, Poiret T, Ryu J, Mohammadpour M, Henriksson J, Österborg A, Mattsson J, Schurich A, Magalhaes I.	Production of functional CD19 CAR T cells under hypoxic manufacturing conditions	Frontiers in immunology	2025	41132651	10.3389/fimmu.2025.1675786	PMC12540424	https://pmc.ncbi.nlm.nih.gov/articles/PMC12540424/	fulltext/micallef_2025_pmid41132651.xml	cardiopulmonary;hematologic_malignancy;organ_function;preclinical	fulltext_xml
cardiopulmonary	Stefanou E, Tsitsinakis G, Karageorgou D, Kole C.	Immunotherapy-Associated Cardiotoxicity: Current Insights and Future Directions for Precision Cardio-Oncology	Cancers	2025	40940933	10.3390/cancers17172838	PMC12427380	https://pmc.ncbi.nlm.nih.gov/articles/PMC12427380/	fulltext/stefanou_2025_pmid40940933.xml	cardiopulmonary;clinical;cytokine_release_syndrome;hematologic_malignancy;organ_function;review	fulltext_xml
cardiopulmonary	Sánchez B, González P, Goveo I, Contreras P, Domínguez L, Manrique P, Vargas M.	Chemotherapy-Induced Cardiotoxicity: Mechanisms, Detection and Emerging Therapies in Cardio-Oncology	Discoveries (Craiova, Romania)	2025	41583362	10.15190/d.2025.16	PMC12831588	https://pmc.ncbi.nlm.nih.gov/articles/PMC12831588/	fulltext/snchez_2025_pmid41583362.xml	cardiopulmonary;clinical;organ_function;review	fulltext_xml
cardiopulmonary	Wei W, Fader ME, Kushner BH, Cardenas FI, Kramer K, Basu E, Modak S.	Pulmonary Toxicity Associated With Concurrent Lorlatinib and Anti-GD2 Monoclonal Antibody Therapy in Patients With Neuroblastoma	Pediatric blood & cancer	2025	40551396	10.1002/pbc.31845	PMC12558605	https://pmc.ncbi.nlm.nih.gov/articles/PMC12558605/		cardiopulmonary;clinical;gd2_agent;grading_management;hematologic_malignancy;neuroblastoma;organ_function;pediatric	metadata_only
cardiopulmonary	Zhou M, Xu L, Hu J, Chen W, Hong J, Wang M, Guo Z.	Metabolic reprogramming through PIM3 inhibition reverses hypoxia-induced CAR-T cell dysfunction in solid tumors	Journal of translational medicine	2025	41199316	10.1186/s12967-025-07278-5	PMC12590754	https://pmc.ncbi.nlm.nih.gov/articles/PMC12590754/	fulltext/zhou_2025_pmid41199316.xml	cardiopulmonary;infection_immune;organ_function;other_solid;preclinical	fulltext_xml
cardiopulmonary	Camilli M, Viscovo M, Felici T, Maggio L, Ballacci F, Carella G, Bonanni A, Lamendola P, Tinti L, Di Renzo A, Coarelli G, Galli E, Liuzzo G, Burzotta F, Montone RA, Sorà F, Sica S, Hohaus S, Lanza GA, Crea F, Lombardo A, Minotti G.	Inflammation and acute cardiotoxicity in adult hematological patients treated with CAR-T cells: results from a pilot proof-of-concept study	Cardio-oncology (London, England)	2024	38532515	10.1186/s40959-024-00218-0	PMC10967131	https://pmc.ncbi.nlm.nih.gov/articles/PMC10967131/	fulltext/camilli_2024_pmid38532515.xml	cardiopulmonary;clinical;cytokine_release_syndrome;hematologic_coagulopathy;organ_function	fulltext_xml
cardiopulmonary	Karthikeyan B, Sunder SS, Puzanov I, Olejniczak SH, Pokharel S, Sharma UC.	Cardiotoxic profiles of CAR-T therapy and bispecific T-cell engagers in hematological cancers	Communications medicine	2024	38871977	10.1038/s43856-024-00540-9	PMC11176393	https://pmc.ncbi.nlm.nih.gov/articles/PMC11176393/	fulltext/karthikeyan_2024_pmid38871977.xml	cardiopulmonary;clinical;hematologic_malignancy;organ_function;pediatric	fulltext_xml
cardiopulmonary	Mazetto RASV, Monteiro SON, Bulhões E, Defante MLR, Antunes VLJ, Balieiro CCA, Feitoza L, Ferreira ALC, Carvalho AM, Guida C.	The cardiotoxic effects of CAR-T cell therapy: An updated systematic review and meta-analysis	European journal of haematology	2024	39171519	10.1111/ejh.14289		https://doi.org/10.1111/ejh.14289		cardiopulmonary;clinical;organ_function;review	metadata_only
cardiopulmonary	Patel NP, Dalal PJ, Meng Z, Baldridge AS, Cascino GJ, Sunderraj A, Sinha A, Karmali R, Feinstein MJ, Akhter N.	Myocardial strain is associated with adverse cardiac events in patients treated with chimeric antigen receptor (CAR) T-cell therapy	European journal of haematology	2024	37649240	10.1111/ejh.14088		https://doi.org/10.1111/ejh.14088		cardiopulmonary;clinical;organ_function	metadata_only
cardiopulmonary	Shouval R, Goldman A, Flynn JR, El-Moghraby A, Rehman M, Devlin SM, Corona M, Landego I, Lin RJ, Scordo M, Raj SS, Giralt SA, Palomba ML, Dahi PB, Walji M, Salles G, Nath K, Geyer MB, Park JH, Fein JA, Kosmidou I, Shah GL, Liu JE, Perales MA, Mahmood SS.	Atrial arrhythmias following CAR-chimeric antigen receptor T-cell therapy: Incidence, risk factors and biomarker profile	British journal of haematology	2024	38735683	10.1111/bjh.19497	PMC11499037	https://pmc.ncbi.nlm.nih.gov/articles/PMC11499037/		cardiopulmonary;clinical;cytokine_release_syndrome;grading_management;hematologic_coagulopathy;hematologic_malignancy;organ_function	metadata_only
cardiopulmonary	Aurensanz-Clemente E, Pérez Casares Á, Muñoz JP, García-Canadilla P, Zuccarino F, Sanchez-de-Toledo J.	Acute myocarditis with transient myocardial thickening in two oncologic patients treated with anti-GD2 immunotherapy	ESC heart failure	2023	36883000	10.1002/ehf2.14330	PMC10192236	https://pmc.ncbi.nlm.nih.gov/articles/PMC10192236/	fulltext/aurensanzclemente_2023_pmid36883000.xml	cardiopulmonary;clinical;gd2_agent;organ_function;pediatric	fulltext_xml
cardiopulmonary	Camilli M, Maggio L, Tinti L, Lamendola P, Lanza GA, Crea F, Lombardo A.	Chimeric antigen receptor-T cell therapy-related cardiotoxicity in adults and children cancer patients: A clinical appraisal	Frontiers in cardiovascular medicine	2023	36895831	10.3389/fcvm.2023.1090103	PMC9988907	https://pmc.ncbi.nlm.nih.gov/articles/PMC9988907/	fulltext/camilli_2023_pmid36895831.xml	cardiopulmonary;clinical;cytokine_release_syndrome;organ_function;pediatric;review	fulltext_xml
cardiopulmonary	Gawlik M, Zimodro JM, Gąsecka A, Filipiak KJ, Szmit S.	Cardiac Arrhythmias in Oncological Patients-Epidemiology, Risk Factors, and Management within the Context of the New ESC 2022 Guidelines	Current oncology reports	2023	37589940	10.1007/s11912-023-01445-x	PMC10556148	https://pmc.ncbi.nlm.nih.gov/articles/PMC10556148/	fulltext/gawlik_2023_pmid37589940.xml	cardiopulmonary;clinical;organ_function;review	fulltext_xml
cardiopulmonary	Guo M, Wang X, Xiao S, Liu A, Xu T, Huan C, Wu H, Hu Y, Zhou S, Zhu H, Pan D.	Preliminary assessment of cardiotoxicity in chimeric antigen receptor T cell therapy: a systematic review and meta-analysis	Clinical and experimental medicine	2023	36930381	10.1007/s10238-023-01042-z		https://doi.org/10.1007/s10238-023-01042-z		cardiopulmonary;clinical;hematologic_malignancy;organ_function;review	metadata_only
cardiopulmonary	Iris F, Michael W, Dalia W, Revel-Vilk S.	A Real-life use of IV naxitamab for children with relapsed/refractory neuroblastoma	Authorea Preprints	2023		10.22541/au.169339152.21980785/v1		https://doi.org/10.22541/au.169339152.21980785/v1		cardiopulmonary;clinical;gd2_agent;grading_management;hematologic_malignancy;neuroblastoma;organ_function;pediatric	metadata_only
cardiopulmonary	Lee DH, Chandrasekhar S, Jain MD, Mhaskar R, Reid K, Lee SB, Corallo S, Hidalgo-Vargas MJ, Kumar A, Chavez J, Shah B, Lazaryan A, Khimani F, Nishihori T, Bachmeier C, Faramand R, Fradley MG, Jeong D, Oliveira GH, Locke FL, Davila ML, Alomar M.	Cardiac and inflammatory biomarker differences in adverse cardiac events after chimeric antigen receptor T-Cell therapy: an exploratory study	Cardio-oncology (London, England)	2023	37005652	10.1186/s40959-023-00170-5	PMC10067156	https://pmc.ncbi.nlm.nih.gov/articles/PMC10067156/	fulltext/lee_2023_pmid37005652.xml	cardiopulmonary;clinical;cytokine_release_syndrome;organ_function;renal_electrolyte	fulltext_xml
cardiopulmonary	Lee DH, Kumar A, Mohammed T, Peres LC, Alsina M, Bachmeier C, Blue BJ, Brayer J, Chandrasekhar S, Grajales Cruz A, De Avila G, Elmariah H, Faramand R, Freeman C, Jain M, Khadka S, Khimani F, Liu H, Nishihori T, Oswald LB, Castaneda Puglianini OA, Shain KH, Smith E, Baz RC, Locke FL, Oliveira GH, Alomar M, Hansen DK.	Cardiac events after standard of care idecabtagene vicleucel for relapsed and refractory multiple myeloma	Blood advances	2023	37307173	10.1182/bloodadvances.2023009766	PMC10424134	https://pmc.ncbi.nlm.nih.gov/articles/PMC10424134/	fulltext/lee_2023_pmid37307173.xml	cardiopulmonary;clinical;cytokine_release_syndrome;hematologic_malignancy;neurotoxicity;organ_function	fulltext_xml
cardiopulmonary	Mora J, Mora J, Chan GC, Morgenstern DA, Nysom K, Bear MK, Tornøe K, Kushner BH.	Outpatient administration of naxitamab in combination with granulocyte-macrophage colony-stimulating factor in patients with refractory and/or relapsed high-risk neuroblastoma: Management of adverse events	Cancer reports (Hoboken, N.J.)	2023	35579862	10.1002/cnr2.1627	PMC9875606	https://pmc.ncbi.nlm.nih.gov/articles/PMC9875606/	fulltext/mora_2023_pmid35579862.xml	cardiopulmonary;clinical;gd2_agent;neuroblastoma;organ_function;pediatric;review	fulltext_xml
cardiopulmonary	Varo A, Castañeda A, Chamorro S, Muñoz JP, Gorostegui M, Celma MS, Lopez S, Simao M, Perez-Jaume S, Mora J.	Novel infusion strategy reduces severe adverse events caused by the anti-GD2 monoclonal antibody naxitamab	Frontiers in oncology	2023	37213300	10.3389/fonc.2023.1164949	PMC10196122	https://pmc.ncbi.nlm.nih.gov/articles/PMC10196122/	fulltext/varo_2023_pmid37213300.xml	cardiopulmonary;clinical;drug_interaction_pk;gd2_agent;organ_function	fulltext_xml
cardiopulmonary	Briasoulis A, Chasouraki A, Sianis A, Panagiotou N, Kourek C, Ntalianis A, Paraskevaidis I.	Cardiotoxicity of Non-Anthracycline Cancer Chemotherapy Agents	Journal of cardiovascular development and disease	2022	35323614	10.3390/jcdd9030066	PMC8953347	https://pmc.ncbi.nlm.nih.gov/articles/PMC8953347/	fulltext/briasoulis_2022_pmid35323614.xml	cardiopulmonary;clinical;organ_function;review	fulltext_xml
cardiopulmonary	Ganatra S, Dani SS, Yang EH, Zaha VG, Nohria A.	Cardiotoxicity of T-Cell Antineoplastic Therapies: JACC: CardioOncology Primer	JACC. CardioOncology	2022	36636447	10.1016/j.jaccao.2022.07.014	PMC9830211	https://pmc.ncbi.nlm.nih.gov/articles/PMC9830211/	fulltext/ganatra_2022_pmid36636447.xml	cardiopulmonary;clinical;cytokine_release_syndrome;organ_function;review	fulltext_xml
cardiopulmonary	Hanna KS, Kaur H, Alazzeh MS, Thandavaram A, Channar A, Purohit A, Shrestha B, Patel D, Shah H, Mohammed L.	Cardiotoxicity Associated With Chimeric Antigen Receptor (CAR)-T Cell Therapy for Hematologic Malignancies: A Systematic Review	Cureus	2022	36148204	10.7759/cureus.28162	PMC9482759	https://pmc.ncbi.nlm.nih.gov/articles/PMC9482759/	fulltext/hanna_2022_pmid36148204.xml	cardiopulmonary;clinical;organ_function;pediatric;review	fulltext_xml
cardiopulmonary	Nenna A, Carpenito M, Chello C, Nappi P, Annibali O, Vincenzi B, Grigioni F, Chello M, Nappi F.	Cardiotoxicity of Chimeric Antigen Receptor T-Cell (CAR-T) Therapy: Pathophysiology, Clinical Implications, and Echocardiographic Assessment	International journal of molecular sciences	2022	35897819	10.3390/ijms23158242	PMC9368621	https://pmc.ncbi.nlm.nih.gov/articles/PMC9368621/	fulltext/nenna_2022_pmid35897819.xml	cardiopulmonary;clinical;cytokine_release_syndrome;organ_function;review	fulltext_xml
cardiopulmonary	Burns EA, Gentille C, Trachtenberg B, Pingali SR, Anand K.	Cardiotoxicity Associated with Anti-CD19 Chimeric Antigen Receptor T-Cell (CAR-T) Therapy: Recognition, Risk Factors, and Management	Diseases (Basel, Switzerland)	2021	33802788	10.3390/diseases9010020	PMC8006027	https://pmc.ncbi.nlm.nih.gov/articles/PMC8006027/	fulltext/burns_2021_pmid33802788.xml	cardiopulmonary;clinical;cytokine_release_syndrome;hematologic_malignancy;organ_function;pediatric;review	fulltext_xml
cardiopulmonary	Stein-Merlob AF, Rothberg MV, Holman P, Yang EH.	Immunotherapy-Associated Cardiotoxicity of Immune Checkpoint Inhibitors and Chimeric Antigen Receptor T Cell Therapy: Diagnostic and Management Challenges and Strategies	Current cardiology reports	2021	33483873	10.1007/s11886-021-01440-3	PMC7821837	https://pmc.ncbi.nlm.nih.gov/articles/PMC7821837/	fulltext/steinmerlob_2021_pmid33483873.xml	cardiopulmonary;clinical;cytokine_release_syndrome;infection_immune;organ_function;review	fulltext_xml
cardiopulmonary	Dal'bo N, Patel R, Parikh R, Shah SP, Guha A, Dani SS, Ganatra S.	Cardiotoxicity of Contemporary Anticancer Immunotherapy	Current treatment options in cardiovascular medicine	2020	33162729	10.1007/s11936-020-00867-1	PMC7605901	https://pmc.ncbi.nlm.nih.gov/articles/PMC7605901/	fulltext/dalbo_2020_pmid33162729.xml	cardiopulmonary;clinical;cytokine_release_syndrome;organ_function;review;steroids_immunomodulation	fulltext_xml
cardiopulmonary	Ghosh AK, Chen DH, Guha A, Mackenzie S, Walker JM, Roddie C.	CAR T Cell Therapy-Related Cardiovascular Outcomes and Management: Systemic Disease or Direct Cardiotoxicity?	JACC. CardioOncology	2020	34396213	10.1016/j.jaccao.2020.02.011	PMC8352125	https://pmc.ncbi.nlm.nih.gov/articles/PMC8352125/	fulltext/ghosh_2020_pmid34396213.xml	cardiopulmonary;clinical;cytokine_release_syndrome;neurotoxicity;organ_function;review	fulltext_xml
cardiopulmonary	Gutierrez C, Brown ART, Herr MM, Kadri SS, Hill B, Rajendram P, Duggal A, Turtle CJ, Patel K, Lin Y, May HP, Gallo de Moraes A, Maus MV, Frigault MJ, Brudno JN, Athale J, Shah NN, Kochenderfer JN, Dharshan A, Beitinjaneh A, Arias AS, McEvoy C, Mead E, Stephens RS, Nates JL, Neelapu SS, Pastores SM.	The chimeric antigen receptor-intensive care unit (CAR-ICU) initiative: Surveying intensive care unit practices in the management of CAR T-cell associated toxicities	Journal of critical care	2020	32361219	10.1016/j.jcrc.2020.04.008	PMC7321897	https://pmc.ncbi.nlm.nih.gov/articles/PMC7321897/		cardiopulmonary;clinical;cytokine_release_syndrome;hlh_mas;infection_immune;neurotoxicity;organ_function;steroids_immunomodulation	metadata_only
cardiopulmonary	Simbaqueba CC, Aponte MP, Kim P, Deswal A, Palaskas NL, Iliescu C, Jahangir E, Yang EH, Steiner RE, Lopez-Mattei J.	Cardiovascular Complications of Chimeric Antigen Receptor T-Cell Therapy: The Cytokine Release Syndrome and Associated Arrhythmias	Journal of immunotherapy and precision oncology	2020	35663258	10.36401/jipo-20-10	PMC9165578	https://pmc.ncbi.nlm.nih.gov/articles/PMC9165578/		cardiopulmonary;clinical;cytokine_release_syndrome;neurotoxicity;organ_function;review	metadata_only
cardiopulmonary	Shusterman S, London WB, Gillies SD, Hank JA, Voss SD, Seeger RC, Reynolds CP, Kimball J, Albertini MR, Wagner B, Gan J, Eickhoff J, DeSantes KB, Cohn SL, Hecht T, Gadbaw B, Reisfeld RA, Maris JM, Sondel PM.	Antitumor activity of hu14.18-IL2 in patients with relapsed/refractory neuroblastoma: a Children's Oncology Group (COG) phase II study	Journal of clinical oncology : official journal of the American Society of Clinical Oncology	2010	20921469	10.1200/jco.2009.27.8861	PMC3020698	https://pmc.ncbi.nlm.nih.gov/articles/PMC3020698/		cardiopulmonary;clinical;cytokine_release_syndrome;gd2_agent;hematologic_malignancy;hepatic;neuroblastoma;organ_function;pediatric;systemic_iv	metadata_only
infection_immune	Al-Bazaz M, Pischke S, Alsdorf W, Sonnemann P, Cichutek S, Wiesch JSZ, Schaefers C, Artzenroth J, Leypoldt L, Kamili A, Bokemeyer C, Weisel K, Kosch R.	Hepatitis E virus infections in people with multiple myeloma: an emerging challenge in the era of immunotherapeutic approaches	Haematologica	2026	40994343	10.3324/haematol.2025.288381	PMC12951165	https://pmc.ncbi.nlm.nih.gov/articles/PMC12951165/	fulltext/albazaz_2026_pmid40994343.xml	clinical;hematologic_malignancy;hepatic;infection_immune;organ_function	fulltext_xml
infection_immune	Alameer RM, Alamro B, Alanazi K, Alahmari A, Almousa G, Almohaizeie A, Samarkandi H, Almaghrabi RS.	Use of Cytomegalovirus Immunoglobulin with Antiviral Therapy for Cytomegalovirus Infection in Transplant Recipients: A Tertiary Care Single-Center Experience	Viruses	2026	42357610	10.3390/v18060599	PMC13307840	https://pmc.ncbi.nlm.nih.gov/articles/PMC13307840/	fulltext/alameer_2026_pmid42357610.xml	clinical;hematologic_malignancy;infection_immune	fulltext_xml
infection_immune	Bouvier A, Durand A, Dupont V, Gower N, Lorente CC, Campidelli A, Dulery R, Gangneux JP, Joris M, Eloit M, Latiere C, di Blasi R, Denis B, Gabellier L, Morschhauser F, Casasnovas O, Houot R, Angebault C, Bachy E, Le Bras F, Gastinne T, Tudesq JJ, Lemonnier F, Melica G.	Invasive fungal infections after CD19 chimeric antigen receptor T-cell therapy for B-cell lymphoma: a Lymphoma study association study from the DESCAR-T (Dispositif d'Enregistrement et Suivi des patients traités par CAR-T cells) registry	Clinical microbiology and infection : the official publication of the European Society of Clinical Microbiology and Infectious Diseases	2026	41109429	10.1016/j.cmi.2025.10.005		https://doi.org/10.1016/j.cmi.2025.10.005		clinical;hematologic_malignancy;infection_immune	metadata_only
infection_immune	Buvelot H, Baleydier F, Pittet L, Blanchard-Rohner G.	Factors Affecting Immune Reconstitution Post-Allogeneic HSCT in Children: The Case for an Individualized Approach to Vaccination	European journal of haematology	2026	41408960	10.1111/ejh.70085	PMC12958788	https://pmc.ncbi.nlm.nih.gov/articles/PMC12958788/	fulltext/buvelot_2026_pmid41408960.xml	clinical;hematologic_malignancy;infection_immune;pediatric;review	fulltext_xml
infection_immune	Cao W, Meng F, Feng S, Zhao M, Song J, Sun Y, Cao W, Tian W, Hu Y, Fan F, Tang X, Qian W, Zhang Y, Wei J.	Expert Consensus on Cytomegalovirus Management in Recipients of CAR-T Cell and Bispecific Antibody Therapies	Journal of evidence-based medicine	2026	41531379	10.1111/jebm.70107		https://doi.org/10.1111/jebm.70107		clinical;infection_immune;steroids_immunomodulation	metadata_only
infection_immune	Chakraborty S, Pramanik J, Alviter-Raymundo G, Ward CJ, Shaji SK, Yamashita-Kanemaru Y, Ali FAZ, Banik D, Zhang Z, Veiga-Villauriz C, Homer NZM, Simpson J, Laforest S, Tong S, Zhao Q, Roy J, Iqbal M, Morris AC, Chapman MA, Roychoudhuri R, Hussein H, Klenerman D, Saeb-Parsy K, Mahata B.	Cortisol-resistant CAR-NK cells overcome steroid-induced immunosuppression in lung cancer	Signal transduction and targeted therapy	2026	41956993	10.1038/s41392-026-02638-z	PMC13066642	https://pmc.ncbi.nlm.nih.gov/articles/PMC13066642/	fulltext/chakraborty_2026_pmid41956993.xml	cardiopulmonary;infection_immune;locoregional_cns;organ_function;other_solid;preclinical;steroids_immunomodulation	fulltext_xml
infection_immune	Chalmin Katz A, Egan KP, Syeda Z, Son S, Watson B, Gopalakrishnan M, Bromberg V, Radaelli E, Assenmacher CA, Awasthi S, Cohen GH, Friedman HM.	Immunogenicity and Efficacy of a Trivalent HSV-2 gC2, gD2, gE2 Nucleoside-Modified mRNA-LNP Vaccine Against HSV-1 Eye Infection and Neuroinvasion in Mice	Vaccines	2026	41893790	10.3390/vaccines14030253	PMC13030542	https://pmc.ncbi.nlm.nih.gov/articles/PMC13030542/	fulltext/chalmin_2026_pmid41893790.xml	gd2_agent;infection_immune;preclinical	fulltext_xml
infection_immune	Choo HS, Yu T, Pham T, Singh N, Joshi S.	Myeloid derived suppressor cells in neuroblastoma: mechanisms of immune evasion and therapeutic opportunities	Frontiers in immunology	2026	41972140	10.3389/fimmu.2026.1773622	PMC13062264	https://pmc.ncbi.nlm.nih.gov/articles/PMC13062264/	fulltext/choo_2026_pmid41972140.xml	gd2_agent;infection_immune;neuroblastoma;other_solid;pediatric;preclinical;review	fulltext_xml
infection_immune	Cohen I, Lebel E, Grisariu S, Avni B, Kfir-Erenfeld S, Asherie N, Zimran E, Vainstein V, Assayag M, Sharon TD, Alexander-Shani R, Bessig N, Shehadeh A, Ishtay A, Schlossberg M, Pick M, Gatt ME, Bdolah-Abram T, Stepensky P, Elias S.	Viral Reactivation in Multiple Myeloma Patients Receiving Anti-BCMA Chimeric Antigen Receptor T-Cell Therapy	International journal of molecular sciences	2026	41977300	10.3390/ijms27073113	PMC13073535	https://pmc.ncbi.nlm.nih.gov/articles/PMC13073535/	fulltext/cohen_2026_pmid41977300.xml	clinical;hematologic_malignancy;infection_immune	fulltext_xml
infection_immune	Dello Strologo A, De Liso C, Scarsella G, Trotta A, Strazza C, Donatone L, Pesce F, Grandaliano G.	The immunosuppressive tumor microenvironment in post-transplant lymphoproliferative disorder: pathogenesis and novel therapeutic frontiers	Frontiers in immunology	2026	42023228	10.3389/fimmu.2026.1774164	PMC13095545	https://pmc.ncbi.nlm.nih.gov/articles/PMC13095545/	fulltext/dello_2026_pmid42023228.xml	clinical;infection_immune;review	fulltext_xml
infection_immune	Fan JB, Li QY, Feng XF, Huang SY, Wang R, Liao FY, Liu D, Liu WY, Sun JH, Zhang HC, Zhou HT, Jiang JX, Wang Z, Zeng L.	"The ""cytokine storm"" in infection and sepsis: win the battle but lose the war"	Military Medical Research	2026	41521316	10.1186/s40779-025-00678-0	PMC12794442	https://pmc.ncbi.nlm.nih.gov/articles/PMC12794442/	fulltext/fan_2026_pmid41521316.xml	clinical;cytokine_release_syndrome;hematologic_malignancy;infection_immune;review;steroids_immunomodulation	fulltext_xml
infection_immune	Gallardo-Pizarro A, Ariño M, Lopera C, Martinez-Urrea A, Terrones-Campos C, Castiella-Aranzasti A, González-Navarro EA, Albiol N, Teijon-Lumbreras C, Pitart C, Marcos MÁ, Ortíz-Maldonado V, Mensa J, Delgado J, Urbano-Ispizua Á, Fernández de Larrea C, Soriano A, Martinez-Cibrian N, Castro P, Garcia-Vidal C.	Infections in Patients With Cytokine Release Syndrome/Immune Effector Cell-Associated Neurotoxicity Syndrome Following Chimeric Antigen Receptor T-Cell Therapy	Open forum infectious diseases	2026	42281893	10.1093/ofid/ofag274	PMC13251341	https://pmc.ncbi.nlm.nih.gov/articles/PMC13251341/	fulltext/gallardopizarro_2026_pmid42281893.xml	clinical;cytokine_release_syndrome;infection_immune;neurotoxicity	fulltext_xml
infection_immune	Han Q, Zhang X, Chen L, Zhang Y.	Chimeric antigen receptor T‑cell therapy in chronic viral infections: a review	Journal of translational medicine	2026	41535864	10.1186/s12967-025-07582-0	PMC12888471	https://pmc.ncbi.nlm.nih.gov/articles/PMC12888471/	fulltext/han_2026_pmid41535864.xml	clinical;infection_immune;review	fulltext_xml
infection_immune	Hirao T, Kaji D, Kuno M, Watanabe O, Yamaguchi K, Kageyama K, Taya Y, Nishida A, Takagi S, Yamamoto H, Asano-Mori Y, Uchida N, Wake A, Yamamoto G.	Hypogammaglobulinemia at Leukapheresis Predicts Delayed Humoral Immune Reconstitution and Increased Risk of Infections After CD19 CAR-T for B-Cell Lymphoma	Transplantation and cellular therapy	2026	41698482	10.1016/j.jtct.2026.02.046		https://doi.org/10.1016/j.jtct.2026.02.046		clinical;grading_management;hematologic_malignancy;infection_immune	metadata_only
infection_immune	Imataki O, Takagi H, Ishida T, Uemura M.	Triple Infections With Campylobacter coli, Cytomegalovirus, and SARS-CoV-2 in a Lymphoma Patient Treated With Epcoritamab	Cureus	2026	41835636	10.7759/cureus.103323	PMC12980043	https://pmc.ncbi.nlm.nih.gov/articles/PMC12980043/	fulltext/imataki_2026_pmid41835636.xml	clinical;hematologic_malignancy;infection_immune;steroids_immunomodulation	fulltext_xml
infection_immune	Kaplan D, Blyth E, Sutrave G, Yong MK, Gottlieb DJ, Abendroth A, Slobedman B, Stern L.	Human Cytomegalovirus Infection in Haematopoietic Stem Cell Transplant Recipients and CAR T Cell Recipients - PART 1: Risk Factors, Clinical Impact and Immune Response	Reviews in medical virology	2026	41982051	10.1002/rmv.70142	PMC13080285	https://pmc.ncbi.nlm.nih.gov/articles/PMC13080285/	fulltext/kaplan_2026_pmid41982051.xml	clinical;infection_immune;review	fulltext_xml
infection_immune	Khan MA, Shafiq M, Khan MA, Khan FH, McGuirk JP, Okut H, Ellerbeck E, Ahmed N.	Cytomegalovirus Infection and Clinical Outcomes in Hospitalized Chimeric Antigen Receptor T-Cell Therapy Recipients	Cureus	2026	41664759	10.7759/cureus.101121	PMC12882843	https://pmc.ncbi.nlm.nih.gov/articles/PMC12882843/	fulltext/khan_2026_pmid41664759.xml	clinical;hematologic_malignancy;infection_immune;neurotoxicity	fulltext_xml
infection_immune	Lang MV, Hou A, Kornas M, Merilan V, Skelly R, Buckshaw R.	Disseminated Angioinvasive Fusarium Infection following Chimeric Antigen Receptor T-Cell Therapy in Refractory Diffuse Large B-Cell Lymphoma: A Case Report	Case reports in oncology	2026	42325639	10.1159/000552005	PMC13282104	https://pmc.ncbi.nlm.nih.gov/articles/PMC13282104/	fulltext/lang_2026_pmid42325639.xml	cardiopulmonary;clinical;hematologic_malignancy;infection_immune;organ_function	fulltext_xml
infection_immune	Liu AJ, Zhu VZ, Teh BW, Yong MK.	Antiviral prophylaxis against herpesviruses (herpes simplex virus, varicella-zoster virus and cytomegalovirus) among patients with cancer	Current opinion in infectious diseases	2026	42068587	10.1097/qco.0000000000001198		https://doi.org/10.1097/qco.0000000000001198		clinical;hematologic_malignancy;infection_immune;other_solid;review	metadata_only
infection_immune	Liu KJ, Zhang L, Zhou B, Hong JS, Pak A, Yee AJ, Raje NS, Frigault MJ, Maus MV, Barmettler S.	Characterization of Hypogammaglobulinemia, Infection Incidence, and Mortality in Patients Receiving B-cell Maturation Antigen Chimeric Antigen Receptor (CAR) T-cell Therapy	Transplantation and cellular therapy	2026	41825801	10.1016/j.jtct.2026.02.063		https://doi.org/10.1016/j.jtct.2026.02.063		clinical;hematologic_malignancy;infection_immune	metadata_only
infection_immune	Lou Y, He X, Li G, Sikhondze M, Ma J, Du H, Ouyang X, Dotti G, Sajadi M, Su L.	CD4-Based Chimeric Antigen Receptor (CAR)-T Cells With Resistance to HIV-1 Infection and Enhanced Anti-HIV Efficacy: Covalent Interaction Between CD4-CAR and HIV-1 Envelope Glycoprotein	Journal of medical virology	2026	41736532	10.1002/jmv.70853	PMC12933161	https://pmc.ncbi.nlm.nih.gov/articles/PMC12933161/	fulltext/lou_2026_pmid41736532.xml	infection_immune;preclinical	fulltext_xml
infection_immune	Min KI, Min GJ, Eom KS, Cho SG.	Rapidly progressive varicella zoster virus vasculopathy in a chemotherapy- and steroid-immunosuppressed patient with refractory diffuse large B-cell lymphoma: diagnostic and therapeutic challenges	Blood research	2026	41790173	10.1007/s44313-026-00126-5	PMC12965949	https://pmc.ncbi.nlm.nih.gov/articles/PMC12965949/	fulltext/min_2026_pmid41790173.xml	clinical;hematologic_malignancy;infection_immune;neurotoxicity;steroids_immunomodulation;systemic_iv	fulltext_xml
infection_immune	Othman T, Baird JH, Wang Y, Pak S, Zhong H, Wen YP, Shouse G, Herrera A, Popplewell L, Aribi A, Htut M, Palmer J, Budde LE, Dadwal SS.	High Incidence of Cytomegalovirus Infection in Patients Receiving Standard of Care CD19- or BCMA-Targeted CAR-T Cell Therapies for Hematologic Malignancies	Transplantation and cellular therapy	2026	42162873	10.1016/j.jtct.2026.05.016		https://doi.org/10.1016/j.jtct.2026.05.016		clinical;infection_immune;steroids_immunomodulation	metadata_only
infection_immune	Paramythiotou E, Pappa E, Iliadi V, Vernikos P.	Fatal invasive Trichosporon asahii infection with exophytic bronchial lesions in a patient with lymphoma undergoing CAR T-cell therapy	BMJ case reports	2026	41932713	10.1136/bcr-2025-269040		https://doi.org/10.1136/bcr-2025-269040		cardiopulmonary;clinical;hematologic_malignancy;infection_immune;organ_function;renal_electrolyte	metadata_only
infection_immune	Reynolds GK, Anderson MA, Thursky K, Teh BW, Slavin MA.	Longitudinal real-world surveillance of infection outcomes in CAR-T and bispecific therapy recipients: the CLARITY study protocol	BMJ open	2026	42097661	10.1136/bmjopen-2025-111194	PMC13157767	https://pmc.ncbi.nlm.nih.gov/articles/PMC13157767/	fulltext/reynolds_2026_pmid42097661.xml	clinical;hematologic_malignancy;infection_immune	fulltext_xml
infection_immune	Reynolds GK, Dowling MR, Valencia-Klug J, Teh BW, Anderson MA, Vanguru V, Harrison SJ, Ho PJ, Slavin MA, Thursky K.	Infections in the First 30 Days after Chimeric Antigen Receptor T-Cell Therapy in Patients Not Receiving Fluoroquinolone Prophylaxis	Transplantation and cellular therapy	2026	42114808	10.1016/j.jtct.2026.03.040		https://doi.org/10.1016/j.jtct.2026.03.040		clinical;grading_management;hematologic_coagulopathy;hematologic_malignancy;infection_immune;neurotoxicity;organ_function	metadata_only
infection_immune	Secreto C, Fasano F, Stella D, Novo M, Botto B, Cerrano M, Freilone R, Busca A.	Infections and CAR-T cells for the treatment of lymphoid malignancies: a narrative review	Frontiers in medicine	2026	42383061	10.3389/fmed.2026.1830105	PMC13314483	https://pmc.ncbi.nlm.nih.gov/articles/PMC13314483/	fulltext/secreto_2026_pmid42383061.xml	clinical;cytokine_release_syndrome;hematologic_coagulopathy;infection_immune;neurotoxicity;organ_function;review	fulltext_xml
infection_immune	Singh P, Hafeez AS, Zaman A, Faisal AR, Faizan M, Qureshi AJ, Saleem H, Khan MA, Khan A.	Clinical outcomes of Epstein-Barr virus infection/reactivation following CAR-T cell therapy: A systematic review	Transplant immunology	2026	42442615	10.1016/j.trim.2026.102419		https://doi.org/10.1016/j.trim.2026.102419		clinical;hematologic_malignancy;infection_immune;review	metadata_only
infection_immune	Spataro F, Desantis V, Dicuonzo G, Molica S, Einsele H, Vacca A, Ria R, Solimando AG.	Real-world evidence on infection risk in multiple myeloma treated with BiTEs and CAR-T cells: a meta-analysis	Experimental hematology & oncology	2026	42323640	10.1186/s40164-026-00798-w	PMC13282886	https://pmc.ncbi.nlm.nih.gov/articles/PMC13282886/	fulltext/spataro_2026_pmid42323640.xml	clinical;hematologic_malignancy;infection_immune;review	fulltext_xml
infection_immune	Synnott D, Bowden A, Sexton DJ.	Systematic Review of Immunosuppression After Chimeric Antigen Receptor T-Cell Therapy for Posttransplant Lymphoproliferative Disorder	Kidney international reports	2026	41907816	10.1016/j.ekir.2026.106367	PMC13019938	https://pmc.ncbi.nlm.nih.gov/articles/PMC13019938/	fulltext/synnott_2026_pmid41907816.xml	clinical;infection_immune;review;steroids_immunomodulation	fulltext_xml
infection_immune	Tao L, He M, Zhang X, Sun J, Shen N, Shen B.	Construction of a predictive model for lower respiratory tract infection in children with leukemia after chimeric antigen receptor T cell therapy	Translational pediatrics	2026	41657452	10.21037/tp-2025-503	PMC12877883	https://pmc.ncbi.nlm.nih.gov/articles/PMC12877883/	fulltext/tao_2026_pmid41657452.xml	clinical;grading_management;hematologic_malignancy;infection_immune;pediatric;steroids_immunomodulation	fulltext_xml
infection_immune	Weiss JJ, Messina J, Saullo J, Li Y, Andermann TM, Smith M, Schrum D, Eberwein E, Kennedy E, Rowe-Nichols K, Kelsey C, Choi T, McKinney M, Kang Y, Huggins J.	Respiratory Viral Infections Following CD19 CAR T-Cell Therapy	Journal of medical virology	2026	42047272	10.1002/jmv.70941		https://doi.org/10.1002/jmv.70941		clinical;grading_management;infection_immune	metadata_only
infection_immune	Zhang X, Wang L, Kuang N, Yang J, Wang H, Qiu L, Wang D, Sun J, Long J, Lu P.	Immune reconstitution after CD7 CAR-T cell therapy for refractory/relapsed acute T-lymphoblastic leukaemia/lymphoblastic lymphoma (R/R T-ALL/LBL)	British journal of haematology	2026	41111252	10.1111/bjh.70201		https://doi.org/10.1111/bjh.70201		clinical;hematologic_coagulopathy;hematologic_malignancy;infection_immune;organ_function	metadata_only
infection_immune	Zuber M, Elshafie S, Chastain DB, Tan CJ, Villa Zapata L.	Incidence, Recurrence, Timing, and Economic Impact of Infections After CAR T-Cell Therapy: A Real-World Analysis From MarketScan Database	Transplantation and cellular therapy	2026	41713650	10.1016/j.jtct.2026.02.047		https://doi.org/10.1016/j.jtct.2026.02.047		clinical;infection_immune	metadata_only
infection_immune	infante ms, pagano l, einarsdottir s, cornely o, salmanton-garcia j.	Practice patterns, gaps, and priorities in infection management for patients receiving bispecific antibodies and CAR-T cell therapy – Results from the E-Impact survey of the EHA-SWG Infections in Hematology	Research Square	2026		10.21203/rs.3.rs-10195291/v1		https://doi.org/10.21203/rs.3.rs-10195291/v1		clinical;infection_immune	metadata_only
infection_immune		P-1013. Incidence and Risk Factors for Fungal Infection after CD19-targeted Chimeric Antigen Receptor T cell Therapy for Non-Hodgkin Lymphoma	Open forum infectious diseases	2025			PMC11777559	https://pmc.ncbi.nlm.nih.gov/articles/PMC11777559/	fulltext/anon_2025_pmidPMC11777559.xml	clinical;grading_management;hematologic_malignancy;infection_immune	fulltext_xml
infection_immune	Cheng L, Wang L, You X, Xiong L, Dai Q, Wang Q.	Impact of Fungal Co-Infection on Teicoplanin Plasma Trough Concentration in Critically Ill Adults: A Novel Consideration for Dose Adjustment	Drug design, development and therapy	2025	40521008	10.2147/dddt.s516472	PMC12164861	https://pmc.ncbi.nlm.nih.gov/articles/PMC12164861/	fulltext/cheng_2025_pmid40521008.xml	cardiopulmonary;clinical;drug_interaction_pk;hepatic;infection_immune;organ_function;renal_electrolyte	fulltext_xml
infection_immune	Cho Y, Lee C, Park SI, Kim Y, Lee YS, Lee S, Yoon S, Roh G, Ha D, Oh A, Cho K, Lee J, Park HJ, Lee HR, Nam JH.	Design and immunogenicity of a quadrivalent mRNA vaccine targeting HSV-2 with comparative evaluation of co-formulated and admixed formulations	Frontiers in immunology	2025	41425559	10.3389/fimmu.2025.1712691	PMC12714894	https://pmc.ncbi.nlm.nih.gov/articles/PMC12714894/	fulltext/cho_2025_pmid41425559.xml	gd2_agent;infection_immune;preclinical	fulltext_xml
infection_immune	Dhamdhere MR, Gowda CP, Imamura Y, Wang HG, Schell TS, Spiegelman VS.	IGF2BP1 fosters an immunosuppressive tumor microenvironment in high-risk neuroblastoma, contributing to their resistance to immunotherapy	Oncoimmunology	2025	41328513	10.1080/2162402x.2025.2584408	PMC12674365	https://pmc.ncbi.nlm.nih.gov/articles/PMC12674365/	fulltext/dhamdhere_2025_pmid41328513.xml	gd2_agent;infection_immune;neuroblastoma;pediatric;preclinical	fulltext_xml
infection_immune	Gentilini M, Casadei B, Pellegrini C, Argnani L, Gugliotta G, Carella M, Stefoni V, Fabbri N, Gabrielli G, Salvatore F, Desiderio A, Mazzoni C, Maglio P, Bagnato G, Broccoli A, Bonifazi F, Zinzani PL.	SARS-CoV-2 infection does not affect the outcome of patients with relapsed/refractory large B-cell lymphoma treated with CAR T-cell therapy	Annals of hematology	2025	40464897	10.1007/s00277-025-06425-8	PMC12283767	https://pmc.ncbi.nlm.nih.gov/articles/PMC12283767/	fulltext/gentilini_2025_pmid40464897.xml	clinical;cytokine_release_syndrome;hematologic_coagulopathy;hematologic_malignancy;infection_immune;organ_function	fulltext_xml
infection_immune	Gerber JM, Dehdashtian E, Hu G, Gregoire C, Borie D, Bindal P, Cerny J, Geara A, Schett G, Caricchio R.	Successful autologous CD19 CAR T cell therapy following severe lupus flare during immunosuppressive washout in refractory lupus nephritis	Lupus science & medicine	2025	41266084	10.1136/lupus-2025-001742	PMC12636897	https://pmc.ncbi.nlm.nih.gov/articles/PMC12636897/	fulltext/gerber_2025_pmid41266084.xml	clinical;infection_immune;steroids_immunomodulation;systemic_iv	fulltext_xml
infection_immune	Gwadera J, Grajewski M, Chowaniec H, Gucia K, Michoń J, Mikulicz Z, Knast M, Pujanek P, Tołkacz A, Murawa A, Dobosz P.	Can We Use CAR-T Cells to Overcome Immunosuppression in Solid Tumours?	Biology	2025	40906384	10.3390/biology14081035	PMC12384035	https://pmc.ncbi.nlm.nih.gov/articles/PMC12384035/	fulltext/gwadera_2025_pmid40906384.xml	cardiopulmonary;infection_immune;locoregional_cns;mitigation_engineering;organ_function;other_solid;preclinical;review	fulltext_xml
infection_immune	Han J, Lim SY, Hyung J, Cho H, Yoon DH, Kim SH.	Cytomegalovirus Infection After Chimeric Antigen Receptor T-Cell Therapy or Bispecific Antibody Treatment for Hematologic Malignancies	Transplant infectious disease : an official journal of the Transplantation Society	2025	41313664	10.1111/tid.70138	PMC12793949	https://pmc.ncbi.nlm.nih.gov/articles/PMC12793949/	fulltext/han_2025_pmid41313664.xml	clinical;infection_immune	fulltext_xml
infection_immune	Hayashino K, Seike K, Masunari T, Hashida R, Oka S, Fujiwara Y, Terao T, Kitamura W, Kobayashi H, Kamoi C, Kondo T, Fujiwara H, Asada N, Ennishi D, Fujii K, Fujii N, Maeda Y.	Cytomegalovirus reactivation in patients with large B-cell lymphoma treated with chimeric antigen receptor T-cell therapy	International journal of hematology	2025	40526215	10.1007/s12185-025-04023-y	PMC12572091	https://pmc.ncbi.nlm.nih.gov/articles/PMC12572091/	fulltext/hayashino_2025_pmid40526215.xml	clinical;cytokine_release_syndrome;grading_management;hematologic_malignancy;infection_immune;steroids_immunomodulation	fulltext_xml
infection_immune	Henden AS, Lineburg KE, Panikkar A, Mahajan A, Nelles R, Wright E, Crooks P, Raju J, Le Texier L, Swaminathan S, Beagley L, Best S, Solomon M, Reddiex H, Kennedy G, Tey SK, Neller MA, Khanna R, Smith C.	Allogeneic 'off-the-shelf' SARS-CoV-2-specific adoptive T-cell therapy for refractory viral infection and end organ disease	Clinical & translational immunology	2025	40497132	10.1002/cti2.70038	PMC12151542	https://pmc.ncbi.nlm.nih.gov/articles/PMC12151542/	fulltext/henden_2025_pmid40497132.xml	clinical;cytokine_release_syndrome;infection_immune	fulltext_xml
infection_immune	Luan D, DeWolf S, Fei T, Raj S, Shah GL, Lareau CA, Alhomoud M, Salles G, Rivas-Delgado A, Rejeski K, Park JH, Luttwak E, Luna de Abia A, Corona M, Ntrivalas E, Cassanello G, Gomez-Llobell M, Parascondola A, Scordo M, Hsu KC, Palomba ML, Perales MA, Shouval R.	Dynamics of Immune Reconstitution and Impact on Outcomes across CAR-T Cell Products in Large B-cell Lymphoma	Blood cancer discovery	2025	39666878	10.1158/2643-3230.bcd-24-0163	PMC11876948	https://pmc.ncbi.nlm.nih.gov/articles/PMC11876948/		clinical;hematologic_malignancy;infection_immune	metadata_only
infection_immune	Mannavola CM, De Maio F, Marra J, Fiori B, Santarelli G, Posteraro B, Sica S, D'Inzeo T, Sanguinetti M.	Bloodstream infection by Lactobacillus rhamnosus in a haematology patient: why metagenomics can make the difference	Gut pathogens	2025	40544256	10.1186/s13099-025-00722-3	PMC12182651	https://pmc.ncbi.nlm.nih.gov/articles/PMC12182651/	fulltext/mannavola_2025_pmid40544256.xml	clinical;hematologic_malignancy;hepatic;infection_immune;organ_function	fulltext_xml
infection_immune	Melchio M, Hill JA, Shah M, Neofytos D, Gambella M, Raiola AM, Delfino E, Balletto E, Angelucci E, Bassetti M, Mikulska M.	Old Pathogens-New Patient Types: Infections in a CAR T-Cell Recipient. Could It Get Any More Complicated?	Transplant infectious disease : an official journal of the Transplantation Society	2025	40838528	10.1111/tid.70093	PMC12519941	https://pmc.ncbi.nlm.nih.gov/articles/PMC12519941/	fulltext/melchio_2025_pmid40838528.xml	clinical;cytokine_release_syndrome;drug_interaction_pk;hematologic_malignancy;infection_immune;neurotoxicity	fulltext_xml
infection_immune	Mikulska M, Robin C, Neofytos D, Oltolini C, Piekarska A, Reigadas E, Gil L, Chemaly RF, Groll AH, Muñoz P, Teh BW.	Management of Clostridioides difficile infection in patients with haematological malignancies and after cellular therapy: guidelines from 10th European Conference on Infections in Leukaemia (ECIL-10)	EClinicalMedicine	2025	40823499	10.1016/j.eclinm.2025.103371	PMC12355421	https://pmc.ncbi.nlm.nih.gov/articles/PMC12355421/	fulltext/mikulska_2025_pmid40823499.xml	clinical;hematologic_malignancy;infection_immune;review	fulltext_xml
infection_immune	Nishiyama R, Makita S, Shiotsuka M, Kobayashi O, Watanabe A, Maeshima AM, Ochi T, Iwaki N, Fukuhara S, Munakata W, Izutsu K.	Schizophyllum commune infection following chimeric antigen receptor T-cell therapy in a patient with lymphoma	Journal of clinical and experimental hematopathology : JCEH	2025	41016810	10.3960/jslrt.25043	PMC12598707	https://pmc.ncbi.nlm.nih.gov/articles/PMC12598707/	fulltext/nishiyama_2025_pmid41016810.xml	clinical;hematologic_coagulopathy;hematologic_malignancy;infection_immune;organ_function	fulltext_xml
infection_immune	Rangarajan HG, Satwani P, Herr MM, Chen M, Martens MJ, Wudhikarn K, John S, Fabrizio VA, Hsieh EM, Kelkar AH, Doherty E, Marks DI, Ringden O, Friend B, Kelly MS, Farhadfar N, Prestidge T, Hossain NM, Liu H, Hashmi S, Modi D, Winestone LE, El Boghdadly Z, Murthy HS, Perales MA, Chemaly RF, Dandoy CE, Hill JA, Huppler A, Riches M, Auletta JJ.	Real-world outcomes of infections following tisagenlecleucel in patients with B-cell ALL: a CIBMTR analysis	Blood advances	2025	40737539	10.1182/bloodadvances.2025016149	PMC12607035	https://pmc.ncbi.nlm.nih.gov/articles/PMC12607035/	fulltext/rangarajan_2025_pmid40737539.xml	clinical;cytokine_release_syndrome;grading_management;hematologic_malignancy;infection_immune;pediatric	fulltext_xml
infection_immune	Riedel A, Phely L, Hug S, Faustmann P, Schroeder JC, Besemer B, Paczulla Stanger AM, Faul C, Lengerke C, Weller JF, Bethge W.	Immunological consequences of CAR T-cell therapy: an analysis of infectious complications and immune reconstitution	Blood advances	2025	40188456	10.1182/bloodadvances.2024015346	PMC12242403	https://pmc.ncbi.nlm.nih.gov/articles/PMC12242403/	fulltext/riedel_2025_pmid40188456.xml	clinical;cytokine_release_syndrome;hematologic_malignancy;infection_immune	fulltext_xml
infection_immune	Rosas D, Cox A, Martinez D, Fares A, Ouansafi I, Melendez D, Sandoval-Sus J.	Cytomegalovirus Lymphadenitis After Anti-CD19 Chimeric Antigen Receptor T-cell (CAR-T): An Underappreciated Etiology of Hypermetabolic Lymphadenopathy in the Post-CAR-T Setting	Cureus	2025	41583270	10.7759/cureus.100035	PMC12830317	https://pmc.ncbi.nlm.nih.gov/articles/PMC12830317/	fulltext/rosas_2025_pmid41583270.xml	clinical;hematologic_malignancy;infection_immune	fulltext_xml
infection_immune	Sakalihasan S, Lifrange F, Czajkowski M, Goncette V, Duysinx B, Lovinfosse P, Can D, Schils R, Hayette MP, De Voeght A.	Severe dual fungal infection after bispecific antibody therapy: A case of invasive aspergillosis and mucormycosis in immunocompromised patient	IDCases	2025	39810812	10.1016/j.idcr.2024.e02140	PMC11732460	https://pmc.ncbi.nlm.nih.gov/articles/PMC11732460/	fulltext/sakalihasan_2025_pmid39810812.xml	clinical;cytokine_release_syndrome;hematologic_malignancy;infection_immune	fulltext_xml
infection_immune	Sassine J, Agudelo Higuita NI, Siegrist EA, Saeedi A, Corbisiero MF, Connelly P, Bastias AG, Dib RW, Henao-Cordero J, Chastain DB, Chiu CY, Henao-Martínez AF.	Timeline and outcomes of viral and fungal infections after chimeric antigen receptor T-cell therapy: a large database analysis	Clinical microbiology and infection : the official publication of the European Society of Clinical Microbiology and Infectious Diseases	2025	39528086	10.1016/j.cmi.2024.11.008		https://doi.org/10.1016/j.cmi.2024.11.008		clinical;cytokine_release_syndrome;grading_management;hlh_mas;infection_immune;neurotoxicity;organ_function;steroids_immunomodulation	metadata_only
infection_immune	Sassine J, Siegrist EA, Chemaly RF.	Herpesvirus Infections After Chimeric Antigen Receptor T-Cell Therapy and Bispecific Antibodies: A Review	Viruses	2025	39861922	10.3390/v17010133	PMC11768728	https://pmc.ncbi.nlm.nih.gov/articles/PMC11768728/	fulltext/sassine_2025_pmid39861922.xml	clinical;cytokine_release_syndrome;grading_management;infection_immune;review;steroids_immunomodulation	fulltext_xml
infection_immune	Stock S, Bücklein VL, Blumenberg V, Magno G, Emhardt AJ, Holzem AME, Cordas Dos Santos DM, Schmidt C, Grießhammer S, Frölich L, Kobold S, von Bergwelt-Baildon M, Rejeski K, Subklewe M.	Prognostic significance of immune reconstitution following CD19 CAR T-cell therapy for relapsed/refractory B-cell lymphoma	HemaSphere	2025	39807276	10.1002/hem3.70062	PMC11726691	https://pmc.ncbi.nlm.nih.gov/articles/PMC11726691/	fulltext/stock_2025_pmid39807276.xml	clinical;hematologic_coagulopathy;hematologic_malignancy;infection_immune;organ_function	fulltext_xml
infection_immune	Sutherland NM, Zhou B, Zhang L, Ong MS, Hong JS, Pak A, Liu KJ, Frigault MJ, Maus MV, Hill JA, Reynolds K, Walter JE, Camargo CA, Barmettler S.	Association of CD19+-targeted chimeric antigen receptor (CAR) T-cell therapy with hypogammaglobulinemia, infection, and mortality	The Journal of allergy and clinical immunology	2025	39505278	10.1016/j.jaci.2024.10.021	PMC11805655	https://pmc.ncbi.nlm.nih.gov/articles/PMC11805655/		clinical;grading_management;hematologic_coagulopathy;infection_immune;organ_function	metadata_only
infection_immune	Wonnaparhown A, Hilal T, Chong A, Fonseca R.	Exploring the depths of hypogammaglobulinemia in lymphoid malignancies: Pathophysiology, clinical implications, management options, and future directions	Blood reviews	2025	40533299	10.1016/j.blre.2025.101316	PMC12539773	https://pmc.ncbi.nlm.nih.gov/articles/PMC12539773/		clinical;infection_immune;review	metadata_only
infection_immune	Wudhikarn K, Herr MM, Chen M, Martens MJ, Baird JH, Gowda L, Rangarajan HG, Abid MB, Kharfan-Dabaja MA, Williams KM, Ganguly S, Young JH, Sharma A, Fatobene G, Jain T, Kanakry CG, Modi D, Grover NS, Salem B, Batista MV, Vergidis P, Yin DE, Beitinjaneh AM, Kelkar AH, Nishihori T, Holter Chakrabarty J, Gergis U, Smith M, El Boghdadly Z, Dandoy CE, Murthy HS, Huppler AR, Perales MA, Chemaly RF, Hill JA, Riches M, Auletta JJ.	Infection after CD19 chimeric antigen receptor T-cell therapy for large B-cell lymphoma: real-world analysis from CIBMTR	Blood advances	2025	40435511	10.1182/bloodadvances.2025016141	PMC12607006	https://pmc.ncbi.nlm.nih.gov/articles/PMC12607006/	fulltext/wudhikarn_2025_pmid40435511.xml	clinical;cytokine_release_syndrome;grading_management;hematologic_malignancy;infection_immune;neurotoxicity	fulltext_xml
infection_immune	Zheng F, Zhang S, Chang AE, Moon JJ, Wicha MS, Wang SX, Chen J, Liu J, Cheng F, Li Q.	Breaking Immunosuppression to Enhance Cancer Stem Cell-Targeted Immunotherapy	International journal of biological sciences	2025	39990669	10.7150/ijbs.101025	PMC11844285	https://pmc.ncbi.nlm.nih.gov/articles/PMC11844285/	fulltext/zheng_2025_pmid39990669.xml	clinical;infection_immune;review	fulltext_xml
infection_immune	van Besien H, Easwar N, Demetres M, Pasciolla M, Shore T, Leonard J, Barker J, Martin P, Yamshon S.	Comparative infection risk in CAR T vs bispecific antibodies in B-cell lymphoma: a systematic review and meta-analysis	Blood advances	2025	40590871	10.1182/bloodadvances.2025016291	PMC12686707	https://pmc.ncbi.nlm.nih.gov/articles/PMC12686707/	fulltext/van_2025_pmid40590871.xml	clinical;hematologic_malignancy;infection_immune;review	fulltext_xml
infection_immune	Ahmed N, Oluwole O, Mahmoudjafari Z, Suleman N, McGuirk JP.	Managing Infection Complications in the Setting of Chimeric Antigen Receptor T cell (CAR-T) Therapy	Clinical hematology international	2024	38817309	10.46989/001c.115932	PMC11086990	https://pmc.ncbi.nlm.nih.gov/articles/PMC11086990/	fulltext/ahmed_2024_pmid38817309.xml	clinical;grading_management;hematologic_coagulopathy;hematologic_malignancy;infection_immune;organ_function;review;steroids_immunomodulation	fulltext_xml
infection_immune	An J, Zhao J, Zou P, Zhang Y, Wei J, Tian W, Wei J.	Infections associated with CAR-T cell therapy in patients with relapsed refractory multiple myeloma: Risks and prevention strategies	Cancer medicine	2024	38923216	10.1002/cam4.7372	PMC11196838	https://pmc.ncbi.nlm.nih.gov/articles/PMC11196838/	fulltext/an_2024_pmid38923216.xml	clinical;cytokine_release_syndrome;hematologic_malignancy;infection_immune;review	fulltext_xml
infection_immune	Hou Z, Meng D, Ruan M, Liang X, Ni J, Jifei D, Wu Z, Xia R, Ge J, Long Z.	A lesson from fatal invasive fungal infections after CAR-T cell therapy: a case report and literature review	Immunotherapy	2024	39373599	10.1080/1750743x.2024.2404381	PMC11492695	https://pmc.ncbi.nlm.nih.gov/articles/PMC11492695/		clinical;hematologic_malignancy;infection_immune;review	metadata_only
infection_immune	Kampouri E, Ibrahimi SS, Xie H, Wong ER, Hecht JB, Sekhon MK, Vo A, Stevens-Ayers TL, Green DJ, Gauthier J, Maloney DG, Perez A, Jerome KR, Leisenring WM, Boeckh MJ, Hill JA.	Cytomegalovirus (CMV) Reactivation and CMV-Specific Cell-Mediated Immunity After Chimeric Antigen Receptor T-Cell Therapy	Clinical infectious diseases : an official publication of the Infectious Diseases Society of America	2024	37975819	10.1093/cid/ciad708	PMC11006113	https://pmc.ncbi.nlm.nih.gov/articles/PMC11006113/	fulltext/kampouri_2024_pmid37975819.xml	clinical;hematologic_coagulopathy;infection_immune;organ_function;steroids_immunomodulation	fulltext_xml
infection_immune	Kampouri E, Reynolds G, Teh BW, Hill JA.	Chimeric antigen receptor-T-cell therapies going viral: latent and incidental viral infections	Current opinion in infectious diseases	2024	39361275	10.1097/qco.0000000000001066	PMC11932447	https://pmc.ncbi.nlm.nih.gov/articles/PMC11932447/	fulltext/kampouri_2024_pmid39361275.xml	clinical;infection_immune;neurotoxicity;review;steroids_immunomodulation	fulltext_xml
infection_immune	Khawaja F, Ahmed S, Iyer SP, Sassine J, Handley G, Prakash R, VanWierren T, Jackson J, Zubovskaia A, Ramdial J, Rondon G, Patel KK, Spallone A, Ariza-Heredia EJ, Mulanovich V, Angelidakis G, Jiang Y, Chemaly RF.	Cytomegaloviral Infections in Recipients of Chimeric Antigen Receptor T-Cell Therapy: An Observational Study With Focus on Oncologic Outcomes	Open forum infectious diseases	2024	39086466	10.1093/ofid/ofae422	PMC11289494	https://pmc.ncbi.nlm.nih.gov/articles/PMC11289494/	fulltext/khawaja_2024_pmid39086466.xml	clinical;cytokine_release_syndrome;grading_management;hematologic_malignancy;infection_immune;neurotoxicity	fulltext_xml
infection_immune	Lin RY, Anderson AD, Natori Y, Raja M, Morris MI, Jimenez AJ, Beitinjaneh A, Wang T, Goodman M, Lekakis L, Spiegel J, Holtzman NG, Pereira D, Benjamin C, Natori A, Komanduri KV, Camargo JF.	Incidence and outcomes of cytomegalovirus reactivation after chimeric antigen receptor T-cell therapy	Blood advances	2024	38838226	10.1182/bloodadvances.2024012922	PMC11298821	https://pmc.ncbi.nlm.nih.gov/articles/PMC11298821/	fulltext/lin_2024_pmid38838226.xml	clinical;cytokine_release_syndrome;grading_management;hematologic_malignancy;infection_immune;steroids_immunomodulation	fulltext_xml
infection_immune	Liu Y, Cai J, Wang T, Wang J, Tang Y, Wan X, Li W, Li B, Cao Q.	Glycoprotein 350-targeted chimeric antigen receptor T-cell therapy for nonneoplastic chronic active Epstein-Barr virus infection: a case report	Translational pediatrics	2024	39822998	10.21037/tp-24-292	PMC11732635	https://pmc.ncbi.nlm.nih.gov/articles/PMC11732635/	fulltext/liu_2024_pmid39822998.xml	clinical;cytokine_release_syndrome;grading_management;infection_immune;pediatric;systemic_iv	fulltext_xml
infection_immune	Matsuo T, Wurster S, Ivan D, Hicklen R, McConn K, Bagwell KA, Khawaja F, Chemaly RF, Kontoyiannis DP.	Lethal Disseminated Mucorales Infection With Positive Blood Cultures With Purpura Fulminans Complicating Hemophagocytic Lymphohistiocytosis After Chimeric Antigen Receptor T-Cell Therapy	Open forum infectious diseases	2024	39507882	10.1093/ofid/ofae647	PMC11540139	https://pmc.ncbi.nlm.nih.gov/articles/PMC11540139/	fulltext/matsuo_2024_pmid39507882.xml	clinical;hlh_mas;infection_immune;organ_function	fulltext_xml
infection_immune	O'Reilly MA, Neill L, Collin SM, Stone N, Springell D, Mensah J, Cheok KPL, Jalowiec K, Benjamin R, Kuhnl A, Roddie C, Sanderson R.	High pretreatment disease burden as a risk factor for infectious complications following CD19 chimeric antigen receptor T-cell therapy for large B-cell lymphoma	HemaSphere	2024	38434533	10.1002/hem3.29	PMC10878197	https://pmc.ncbi.nlm.nih.gov/articles/PMC10878197/	fulltext/oreilly_2024_pmid38434533.xml	clinical;cytokine_release_syndrome;grading_management;hematologic_malignancy;infection_immune;neurotoxicity;steroids_immunomodulation	fulltext_xml
infection_immune	Pu LF, Zheng HM, Feng XJ, Charwudzi A, Liang X, Hu LH, Ding YY, Liu ZL, Liao Y, Xiong SD.	Rapid identification of early infections in febrile patients after CD19 target CAR-T cell therapy for B-cell malignancies	Journal of translational medicine	2024	38956649	10.1186/s12967-024-05308-2	PMC11221099	https://pmc.ncbi.nlm.nih.gov/articles/PMC11221099/	fulltext/pu_2024_pmid38956649.xml	clinical;cytokine_release_syndrome;grading_management;infection_immune;neurotoxicity	fulltext_xml
infection_immune	Shahid Z, Jain T, Dioverti V, Pennisi M, Mikkilineni L, Thiruvengadam SK, Shah NN, Dadwal S, Papanicolaou G, Hamadani M, Carpenter PA, Alfaro GM, Seo SK, Hill JA.	Best Practice Considerations by The American Society of Transplant and Cellular Therapy: Infection Prevention and Management After Chimeric Antigen Receptor T Cell Therapy for Hematological Malignancies	Transplantation and cellular therapy	2024	39084261	10.1016/j.jtct.2024.07.018	PMC12826105	https://pmc.ncbi.nlm.nih.gov/articles/PMC12826105/	fulltext/shahid_2024_pmid39084261.xml	clinical;grading_management;infection_immune;pediatric	fulltext_xml
infection_immune	Tabbara N, Dioverti-Prono MV, Jain T.	Mitigating and managing infection risk in adults treated with CAR T-cell therapy	Hematology. American Society of Hematology. Education Program	2024	39644015	10.1182/hematology.2024000535	PMC11706248	https://pmc.ncbi.nlm.nih.gov/articles/PMC11706248/		clinical;hematologic_coagulopathy;infection_immune;organ_function;review;steroids_immunomodulation	metadata_only
infection_immune	Ye H, Zou X, Fang X.	Advancing cell-based therapy in sepsis: An anesthesia outlook	Chinese medical journal	2024	38708689	10.1097/cm9.0000000000003097	PMC11230747	https://pmc.ncbi.nlm.nih.gov/articles/PMC11230747/	fulltext/ye_2024_pmid38708689.xml	clinical;infection_immune;review	fulltext_xml
infection_immune	Liles WC.	MICROVASCULAR ENDOTHELIAL ACTIVATION/DYSFUNCTION AND DYSREGULATION OF THE ANGIOPOIETIN-TIE2 SYSTEM IN THE PATHOGENESIS OF LIFE-THREATENING INFECTIONS	Transactions of the American Clinical and Climatological Association	2023	37701588		PMC10493726	https://pmc.ncbi.nlm.nih.gov/articles/PMC10493726/		cardiopulmonary;clinical;infection_immune;neurotoxicity;organ_function;renal_electrolyte	metadata_only
infection_immune	Little JS, Tandon M, Hong JS, Nadeem O, Sperling AS, Raje N, Munshi N, Frigault M, Barmettler S, Hammond SP.	Respiratory infections predominate after day 100 following B-cell maturation antigen-directed CAR T-cell therapy	Blood advances	2023	37486599	10.1182/bloodadvances.2023010524	PMC10514400	https://pmc.ncbi.nlm.nih.gov/articles/PMC10514400/	fulltext/little_2023_pmid37486599.xml	clinical;grading_management;hematologic_malignancy;infection_immune	fulltext_xml
infection_immune	Mohan M, Chakraborty R, Bal S, Nellore A, Baljevic M, D'Souza A, Pappas PG, Berdeja JG, Callander N, Costa LJ.	Recommendations on prevention of infections during chimeric antigen receptor T-cell and bispecific antibody therapy in multiple myeloma	British journal of haematology	2023	37287117	10.1111/bjh.18909	PMC10700672	https://pmc.ncbi.nlm.nih.gov/articles/PMC10700672/		clinical;hematologic_coagulopathy;hematologic_malignancy;infection_immune;neurotoxicity;organ_function	metadata_only
infection_immune	Raje N, Anderson K, Einsele H, Efebera Y, Gay F, Hammond SP, Lesokhin AM, Lonial S, Ludwig H, Moreau P, Patel K, Ramasamy K, Mateos MV.	Monitoring, prophylaxis, and treatment of infections in patients with MM receiving bispecific antibody therapy: consensus recommendations from an expert panel	Blood cancer journal	2023	37528088	10.1038/s41408-023-00879-7	PMC10394080	https://pmc.ncbi.nlm.nih.gov/articles/PMC10394080/	fulltext/raje_2023_pmid37528088.xml	clinical;cytokine_release_syndrome;hematologic_coagulopathy;hematologic_malignancy;infection_immune;neurotoxicity;organ_function;review;systemic_iv	fulltext_xml
infection_immune	Sanders H, Callas C, St Amant H, Chung J, Dimitriades VR, Nakra NA.	Case report: Clinical course and treatment of SARS-CoV-2 in a pediatric CAR-T cell recipient with persistent hypogammaglobulinemia	Frontiers in pediatrics	2023	36969291	10.3389/fped.2023.1076686	PMC10036744	https://pmc.ncbi.nlm.nih.gov/articles/PMC10036744/	fulltext/sanders_2023_pmid36969291.xml	clinical;hematologic_malignancy;infection_immune;pediatric	fulltext_xml
infection_immune	Stip MC, Teeuwen L, Dierselhuis MP, Leusen JHW, Krijgsman D.	Targeting the myeloid microenvironment in neuroblastoma	Journal of experimental & clinical cancer research : CR	2023	38087370	10.1186/s13046-023-02913-9	PMC10716967	https://pmc.ncbi.nlm.nih.gov/articles/PMC10716967/	fulltext/stip_2023_pmid38087370.xml	clinical;gd2_agent;infection_immune;neuroblastoma;review	fulltext_xml
infection_immune	Liu X, Wills CA, Chen L, Zhang J, Zhao Y, Zhou M, Sundstrom JM, Schell T, Spiegelman VS, Young MM, Wang HG.	Small extracellular vesicles induce resistance to anti-GD2 immunotherapy unveiling tipifarnib as an adjunct to neuroblastoma immunotherapy	Journal for immunotherapy of cancer	2022	35483745	10.1136/jitc-2021-004399	PMC9052051	https://pmc.ncbi.nlm.nih.gov/articles/PMC9052051/	fulltext/liu_2022_pmid35483745.xml	gd2_agent;infection_immune;neuroblastoma;preclinical	fulltext_xml
infection_immune	Liu Z, Zhou Z, Dang Q, Xu H, Lv J, Li H, Han X.	Immunosuppression in tumor immune microenvironment and its optimization from CAR-T cell therapy	Theranostics	2022	36168626	10.7150/thno.76854	PMC9475465	https://pmc.ncbi.nlm.nih.gov/articles/PMC9475465/	fulltext/liu_2022_pmid36168626.xml	clinical;infection_immune;other_solid;review	fulltext_xml
infection_immune	Oh BLZ, Chan LWY, Chai LYA.	Manipulating NK cellular therapy from cancer to invasive fungal infection: promises and challenges	Frontiers in immunology	2022	36969979	10.3389/fimmu.2022.1044946	PMC10034767	https://pmc.ncbi.nlm.nih.gov/articles/PMC10034767/	fulltext/oh_2022_pmid36969979.xml	clinical;infection_immune;review	fulltext_xml
infection_immune	Garner W, Samanta P, Haidar G.	Invasive Fungal Infections after Anti-CD19 Chimeric Antigen Receptor-Modified T-Cell Therapy: State of the Evidence and Future Directions	Journal of fungi (Basel, Switzerland)	2021	33672208	10.3390/jof7020156	PMC7927024	https://pmc.ncbi.nlm.nih.gov/articles/PMC7927024/	fulltext/garner_2021_pmid33672208.xml	clinical;grading_management;infection_immune;review	fulltext_xml
infection_immune	Korell F, Schubert ML, Sauer T, Schmitt A, Derigs P, Weber TF, Schnitzler P, Müller-Tidow C, Dreger P, Schmitt M.	Infection Complications after Lymphodepletion and Dosing of Chimeric Antigen Receptor T (CAR-T) Cell Therapy in Patients with Relapsed/Refractory Acute Lymphoblastic Leukemia or B Cell Non-Hodgkin Lymphoma	Cancers	2021	33918340	10.3390/cancers13071684	PMC8038233	https://pmc.ncbi.nlm.nih.gov/articles/PMC8038233/	fulltext/korell_2021_pmid33918340.xml	clinical;cytokine_release_syndrome;hematologic_malignancy;infection_immune;steroids_immunomodulation	fulltext_xml
infection_immune	Los-Arcos I, Iacoboni G, Aguilar-Guisado M, Alsina-Manrique L, Díaz de Heredia C, Fortuny-Guasch C, García-Cadenas I, García-Vidal C, González-Vicent M, Hernani R, Kwon M, Machado M, Martínez-Gómez X, Maldonado VO, Pla CP, Piñana JL, Pomar V, Reguera-Ortega JL, Salavert M, Soler-Palacín P, Vázquez-López L, Barba P, Ruiz-Camps I.	Recommendations for screening, monitoring, prevention, and prophylaxis of infections in adult and pediatric patients receiving CAR T-cell therapy: a position paper	Infection	2021	32979154	10.1007/s15010-020-01521-5	PMC7518951	https://pmc.ncbi.nlm.nih.gov/articles/PMC7518951/	fulltext/losarcos_2021_pmid32979154.xml	clinical;cytokine_release_syndrome;hematologic_malignancy;infection_immune;pediatric;review;steroids_immunomodulation	fulltext_xml
infection_immune	Meir J, Abid MA, Abid MB.	State of the CAR-T: Risk of Infections with Chimeric Antigen Receptor T-Cell Therapy and Determinants of SARS-CoV-2 Vaccine Responses	Transplantation and cellular therapy	2021	34587552	10.1016/j.jtct.2021.09.016	PMC8473073	https://pmc.ncbi.nlm.nih.gov/articles/PMC8473073/	fulltext/meir_2021_pmid34587552.xml	clinical;cytokine_release_syndrome;hematologic_coagulopathy;infection_immune;neurotoxicity;organ_function;review	fulltext_xml
infection_immune	Blom T, Lurvink R, Aleven L, Mensink M, Wolfs T, Dierselhuis M, van Eijkelenburg N, Kraal K, van Noesel M, van Grotel M, Tytgat G.	Treatment-Related Toxicities During Anti-GD2 Immunotherapy in High-Risk Neuroblastoma Patients	Frontiers in oncology	2020	33680926	10.3389/fonc.2020.601076	PMC7925836	https://pmc.ncbi.nlm.nih.gov/articles/PMC7925836/	fulltext/blom_2020_pmid33680926.xml	cardiopulmonary;clinical;gd2_agent;grading_management;hematologic_malignancy;hepatic;infection_immune;neuroblastoma;on_target_off_tumor;organ_function	fulltext_xml
infection_immune	Hill JA, Seo SK.	How I prevent infections in patients receiving CD19-targeted chimeric antigen receptor T cells for B-cell malignancies	Blood	2020	32582924	10.1182/blood.2019004000	PMC7441168	https://pmc.ncbi.nlm.nih.gov/articles/PMC7441168/		clinical;grading_management;hematologic_malignancy;infection_immune;review	metadata_only
infection_immune	Stoner A, Miller JO, Flatt T, Wallisch JS.	Extracorporeal Membrane Oxygenation as a Bridge to Chimeric Antigen Receptor T-cell Therapy for Severe Refractory Sepsis in the Setting of Relapsed Refractory Pediatric Acute Lymphoblastic Leukemia: A Case Report	Critical care explorations	2020	32426735	10.1097/cce.0000000000000093	PMC7188439	https://pmc.ncbi.nlm.nih.gov/articles/PMC7188439/	fulltext/stoner_2020_pmid32426735.xml	clinical;hematologic_coagulopathy;hematologic_malignancy;infection_immune;organ_function;pediatric	fulltext_xml
drug_interaction_pk	Drevin G, Picard N, Briet M, Abbara C.	Unexpected Voriconazole Overexposure in a CYP2C19 Rapid Metabolizer Due to Inflammation-Induced Phenoconversion: A Short Communication	Therapeutic drug monitoring	2026	42300127	10.1097/ftd.0000000000001493		https://doi.org/10.1097/ftd.0000000000001493		clinical;cytokine_release_syndrome;drug_interaction_pk;hepatic;organ_function	metadata_only
drug_interaction_pk	Kleinbloesem CH, Braal CL.	The Third Dimension of Pharmacokinetic–Pharmacodynamic Theory: Adaptive Rate Capacity as a Conserved Constraint on Biological Tolerability	medRxiv	2026		10.64898/2026.06.02.26354717		https://doi.org/10.64898/2026.06.02.26354717		clinical;cytokine_release_syndrome;drug_interaction_pk;hematologic_coagulopathy;organ_function	metadata_only
drug_interaction_pk	Klomp SD, Manson ML, Guchelaar HJ, Böhringer S, van Egmond EHM, von dem Borne PA, Swen JJ.	Inflammation-driven variability in drug metabolism: Insights from voriconazole treatment of HSCT recipients	British journal of clinical pharmacology	2026	41766069	10.1002/bcp.70501	PMC13304255	https://pmc.ncbi.nlm.nih.gov/articles/PMC13304255/	fulltext/klomp_2026_pmid41766069.xml	clinical;cytokine_release_syndrome;drug_interaction_pk;infection_immune	fulltext_xml
drug_interaction_pk	Martins E, Chindalore VL, Sheng XR, Schroeder AV, Chen V, Mody H, Arjomandi A, Mao HA, Hassan I, Dankiewicz-Fares I, Agachi S, Omachi TA, Garg JP, Pendergraft WF.	Phase Ib, multicentre, open-label, dose-escalation study to evaluate the safety, tolerability, pharmacokinetics and pharmacodynamics of subcutaneously administered mosunetuzumab in participants with systemic lupus erythematosus	Lupus science & medicine	2026	42309556	10.1136/lupus-2026-002019	PMC13289224	https://pmc.ncbi.nlm.nih.gov/articles/PMC13289224/	fulltext/martins_2026_pmid42309556.xml	clinical;cytokine_release_syndrome;drug_interaction_pk;hematologic_malignancy;neurotoxicity	fulltext_xml
drug_interaction_pk	Steinbronn C, Stanley SE, Bueters T, Ait-Oudhia S.	Drug-Drug Interaction Risk Assessment Strategies for Biologics in Inflammatory Bowel Disease: A Literature-Based Evidence Mini-Review	Clinical and translational science	2026	42568100	10.1111/cts.70689		https://doi.org/10.1111/cts.70689		clinical;cytokine_release_syndrome;drug_interaction_pk;review	metadata_only
drug_interaction_pk	Wang J, Jiang S, Zhang Y, Gao H, Zhao X, Liu L, Li Z.	Computational toxicology prioritization of CYP3A4 and DPP7 as candidate triclosan-relevant molecular targets in ulcerative colitis	Toxicology mechanisms and methods	2026	42414864	10.1080/15376516.2026.2698865		https://doi.org/10.1080/15376516.2026.2698865		clinical;drug_interaction_pk;hematologic_malignancy	metadata_only
drug_interaction_pk	Ye Q, Xing W, Hu X, Liu W, Wu J, Huang H, Xiao Y, Hong Y.	Preclinical Pharmacokinetics, ADME, and Drug-Drug Interaction Evaluation of S024, a Novel p38/MK2 Inhibitor for Rheumatoid Arthritis	Drug design, development and therapy	2026	42016385	10.2147/dddt.s591017	PMC13092568	https://pmc.ncbi.nlm.nih.gov/articles/PMC13092568/	fulltext/ye_2026_pmid42016385.xml	drug_interaction_pk;hepatic;organ_function;preclinical	fulltext_xml
drug_interaction_pk	Alrubia S, Achour B, Al-Majdoub ZM, Rostami-Hodjegan A, Barber J.	Variability in intestinal drug metabolizing enzymes and transporters in Crohn's disease and potential impact on oral drug absorption	British journal of clinical pharmacology	2025	40040248	10.1002/bcp.70019	PMC12199113	https://pmc.ncbi.nlm.nih.gov/articles/PMC12199113/	fulltext/alrubia_2025_pmid40040248.xml	clinical;drug_interaction_pk	fulltext_xml
drug_interaction_pk	Boeing LB, Fogaça NS, Kahlow BS, Skare T, Nisihara R.	Polypharmacy and drug interactions in the management of rheumatoid arthritis	Revista da Associacao Medica Brasileira (1992)	2025	40802417	10.1590/1806-9282.20250151	PMC12341406	https://pmc.ncbi.nlm.nih.gov/articles/PMC12341406/	fulltext/boeing_2025_pmid40802417.xml	clinical;drug_interaction_pk	fulltext_xml
drug_interaction_pk	Coste A, Aubron C, Ansart S, Roberts J, Morio F, Grégoire M.	Factors affecting voriconazole pharmacokinetic variability in critically ill patients: a systematic review	Critical care (London, England)	2025	41291870	10.1186/s13054-025-05697-w	PMC12752375	https://pmc.ncbi.nlm.nih.gov/articles/PMC12752375/	fulltext/coste_2025_pmid41291870.xml	cardiopulmonary;clinical;drug_interaction_pk;grading_management;hepatic;organ_function;renal_electrolyte;review;systemic_iv	fulltext_xml
drug_interaction_pk	Coutant DE, Rehmel J, Edwards DM, Hall SD.	A novel physiologically-based pharmacokinetic model to estimate reduced CYP3A4 activity in cancer patients utilizing the neutrophil-to-lymphocyte ratio as an inflammatory marker	European journal of clinical pharmacology	2025	40186675	10.1007/s00228-025-03839-1		https://doi.org/10.1007/s00228-025-03839-1		clinical;drug_interaction_pk;other_solid	metadata_only
drug_interaction_pk	D'Cunha R, Azam T, Kalabic J, Anschutz T, Lahat A, Pang Y.	Evaluation of the Effect of Risankizumab on the Pharmacokinetics of Cytochrome P450 Substrates in Patients with Moderately to Severely Active Ulcerative Colitis or Crohn's Disease	Clinical pharmacokinetics	2025	39707077	10.1007/s40262-024-01462-4	PMC11762434	https://pmc.ncbi.nlm.nih.gov/articles/PMC11762434/	fulltext/dcunha_2025_pmid39707077.xml	clinical;drug_interaction_pk;systemic_iv	fulltext_xml
drug_interaction_pk	Lin Y, Li X, Fu B, Xie C, Ye L.	Assessment of potential disease-drug interactions when prescribed Fuzi for rheumatoid arthritis treatment, with focus on the pharmacokinetics of aconitine, mesaconitine, and hypaconitine	Journal of ethnopharmacology	2025	40769444	10.1016/j.jep.2025.120350		https://doi.org/10.1016/j.jep.2025.120350		cardiopulmonary;cytokine_release_syndrome;drug_interaction_pk;organ_function;preclinical	metadata_only
drug_interaction_pk	Pan X, Liu C, Stader F, Derbalah A, Jamei M, Gardner I.	Mechanistic Insights into Cytokine Antagonist-Drug Interactions: A Physiologically Based Pharmacokinetic Modelling Approach with Tocilizumab as a Case Study	Pharmaceutics	2025	40733104	10.3390/pharmaceutics17070896	PMC12297905	https://pmc.ncbi.nlm.nih.gov/articles/PMC12297905/	fulltext/pan_2025_pmid40733104.xml	clinical;cytokine_release_syndrome;drug_interaction_pk	fulltext_xml
drug_interaction_pk	Tanaka R.	Pharmacokinetic variability and significance of therapeutic drug monitoring for broad-spectrum antimicrobials in critically ill patients	Journal of pharmaceutical health care and sciences	2025	40098009	10.1186/s40780-025-00425-6	PMC11912797	https://pmc.ncbi.nlm.nih.gov/articles/PMC11912797/	fulltext/tanaka_2025_pmid40098009.xml	clinical;drug_interaction_pk;hepatic;infection_immune;organ_function;renal_electrolyte;review	fulltext_xml
drug_interaction_pk	Varela-González-Aller J, Sánchez-Salinas MA, Troconiz I, Iacoboni G, Alonso-Martínez C, Carreras-Soler MJ, Carpio C, Farriols-Danes A, Guerra-González M, Rivas-Delgado A, Rivera Sanchez L, Feijoo S, Valdivia C, Barba P, Miarons M.	Towards Personalized Lymphodepletion: A Population Pharmacokinetic Fludarabine Model in Patients Receiving CAR T-Cell Therapy	Pharmaceutics	2025	41471106	10.3390/pharmaceutics17121592	PMC12736365	https://pmc.ncbi.nlm.nih.gov/articles/PMC12736365/	fulltext/varelagonzlezaller_2025_pmid41471106.xml	clinical;drug_interaction_pk;hematologic_malignancy;steroids_immunomodulation	fulltext_xml
drug_interaction_pk	Agachi S, Beloukhova M, Mould D, Lemak M, Grishin S, Samsonov M.	Inflammation-mediated drug interactions of olokizumab and cytochrome P450 activities in patients with rheumatoid arthritis	British journal of clinical pharmacology	2024	38984761	10.1111/bcp.16175		https://doi.org/10.1111/bcp.16175		clinical;cytokine_release_syndrome;drug_interaction_pk	metadata_only
drug_interaction_pk	Chen Y, Ma F, Jones N, Deng R, Li C, Li CC.	Assessment of CYP3A-mediated drug interaction via cytokine (IL-6) elevation for mosunetuzumab using physiologically-based pharmacokinetic modeling	CPT: pharmacometrics & systems pharmacology	2024	38050329	10.1002/psp4.13073	PMC10864933	https://pmc.ncbi.nlm.nih.gov/articles/PMC10864933/	fulltext/chen_2024_pmid38050329.xml	cytokine_release_syndrome;drug_interaction_pk;preclinical	fulltext_xml
drug_interaction_pk	Djebli N, Parrott N, Jaminion F, O'Jeanson A, Guerini E, Carlile D.	Evaluation of the potential impact on pharmacokinetics of various cytochrome P450 substrates of increasing IL-6 levels following administration of the T-cell bispecific engager glofitamab	CPT: pharmacometrics & systems pharmacology	2024	38044486	10.1002/psp4.13091	PMC10941566	https://pmc.ncbi.nlm.nih.gov/articles/PMC10941566/	fulltext/djebli_2024_pmid38044486.xml	cytokine_release_syndrome;drug_interaction_pk;hematologic_malignancy;preclinical	fulltext_xml
drug_interaction_pk	Klomp SD, Veringa A, Alffenaar JC, de Boer MGJ, Span LFR, Guchelaar HJ, Swen JJ.	Inflammation altered correlation between CYP2C19 genotype and CYP2C19 activity in patients receiving voriconazole	Clinical and translational science	2024	39010708	10.1111/cts.13887	PMC11250525	https://pmc.ncbi.nlm.nih.gov/articles/PMC11250525/	fulltext/klomp_2024_pmid39010708.xml	clinical;cytokine_release_syndrome;drug_interaction_pk;infection_immune	fulltext_xml
drug_interaction_pk	Lee KR, Gulnaz A, Chae YJ.	Drug Interaction-Informed Approaches to Inflammatory Bowel Disease Management	Pharmaceutics	2024	39598554	10.3390/pharmaceutics16111431	PMC11597736	https://pmc.ncbi.nlm.nih.gov/articles/PMC11597736/	fulltext/lee_2024_pmid39598554.xml	clinical;drug_interaction_pk;grading_management;review	fulltext_xml
drug_interaction_pk	Morgan ET.	Shining a Light on Inflammation as a Critical Modulator of Drug Metabolism	Drug metabolism and disposition: the biological fate of chemicals	2024	39038953	10.1124/dmd.124.001844		https://doi.org/10.1124/dmd.124.001844		clinical;cytokine_release_syndrome;drug_interaction_pk;review	metadata_only
drug_interaction_pk	Sawant-Basak A, Olabode D, Dai D, Vishwanathan K, Phipps A.	Assessing Trends in Cytokine-CYP Drug Interactions and Relevance to Drug Dosing	Drug metabolism and disposition: the biological fate of chemicals	2024	38383116	10.1124/dmd.123.001499		https://doi.org/10.1124/dmd.123.001499		cytokine_release_syndrome;drug_interaction_pk;preclinical;review	metadata_only
drug_interaction_pk	de Jong LM, Harpal C, Berg DVD, Hoekstra M, Peter NJ, Rissmann R, Swen JJ, Manson ML.	CYP P450 and non-CYP P450 Drug Metabolizing Enzyme Families Exhibit Differential Sensitivities towards Proinflammatory Cytokine Modulation	Drug metabolism and disposition: the biological fate of chemicals	2024	39349298	10.1124/dmd.124.001867		https://doi.org/10.1124/dmd.124.001867		clinical;cytokine_release_syndrome;drug_interaction_pk	metadata_only
drug_interaction_pk	Dunvald AD, Søltoft K, Sheetal E, Just SA, Frederiksen IEB, Nielsen F, Olsen DA, Madsen JS, Hendricks O, Stage TB.	Cytochrome P450 activity in rheumatoid arthritis patients during continuous IL-6 receptor antagonist therapy	European journal of clinical pharmacology	2023	37831074	10.1007/s00228-023-03578-1	PMC10663184	https://pmc.ncbi.nlm.nih.gov/articles/PMC10663184/	fulltext/dunvald_2023_pmid37831074.xml	clinical;cytokine_release_syndrome;drug_interaction_pk	fulltext_xml
drug_interaction_pk	Liu F, Aulin LBS, Manson ML, Krekels EHJ, van Hasselt JGC.	Unraveling the Effects of Acute Inflammation on Pharmacokinetics: A Model-Based Analysis Focusing on Renal Glomerular Filtration Rate and Cytochrome P450 3A4-Mediated Metabolism	European journal of drug metabolism and pharmacokinetics	2023	37715056	10.1007/s13318-023-00852-6	PMC10624742	https://pmc.ncbi.nlm.nih.gov/articles/PMC10624742/	fulltext/liu_2023_pmid37715056.xml	cytokine_release_syndrome;drug_interaction_pk;infection_immune;organ_function;preclinical;renal_electrolyte	fulltext_xml
drug_interaction_pk	Morales Castro D, Dresser L, Granton J, Fan E.	Pharmacokinetic Alterations Associated with Critical Illness	Clinical pharmacokinetics	2023	36732476	10.1007/s40262-023-01213-x	PMC9894673	https://pmc.ncbi.nlm.nih.gov/articles/PMC9894673/	fulltext/morales_2023_pmid36732476.xml	cardiopulmonary;clinical;drug_interaction_pk;organ_function;renal_electrolyte;review	fulltext_xml
drug_interaction_pk	Yu Y, Henrich C, Wang D.	Assessment of the drug-drug interaction potential for therapeutic proteins with pro-inflammatory activities	Clinical and translational science	2023	36890677	10.1111/cts.13507	PMC10264930	https://pmc.ncbi.nlm.nih.gov/articles/PMC10264930/	fulltext/yu_2023_pmid36890677.xml	clinical;cytokine_release_syndrome;drug_interaction_pk;review	fulltext_xml
drug_interaction_pk	Zaarur L, Patel A, Pasternak B.	Drug Interaction Between Tacrolimus and Paxlovid (Nirmatrelvir/Ritonavir) in an Adolescent with Inflammatory Bowel Disease	JPGN reports	2023	38034448	10.1097/pg9.0000000000000352	PMC10684122	https://pmc.ncbi.nlm.nih.gov/articles/PMC10684122/	fulltext/zaarur_2023_pmid38034448.xml	clinical;drug_interaction_pk;infection_immune;pediatric	fulltext_xml
drug_interaction_pk	Gatti M, Pea F.	The Cytokine Release Syndrome and/or the Proinflammatory Cytokines as Underlying Mechanisms of Downregulation of Drug Metabolism and Drug Transport: A Systematic Review of the Clinical Pharmacokinetics of Victim Drugs of this Drug-Disease Interaction Under Different Clinical Conditions	Clinical pharmacokinetics	2022	36059001	10.1007/s40262-022-01173-8	PMC9441320	https://pmc.ncbi.nlm.nih.gov/articles/PMC9441320/	fulltext/gatti_2022_pmid36059001.xml	clinical;cytokine_release_syndrome;drug_interaction_pk;infection_immune;review	fulltext_xml
drug_interaction_pk	Hingorani P, Krailo M, Buxton A, Hutson P, Sondel PM, Diccianni M, Yu A, Morris CD, Womer RB, Crompton B, Randall RL, Teot LA, DuBois SG, Janeway KA, Gorlick RG, Isakoff MS.	Phase 2 study of anti-disialoganglioside antibody, dinutuximab, in combination with GM-CSF in patients with recurrent osteosarcoma: A report from the Children's Oncology Group	European journal of cancer (Oxford, England : 1990)	2022	35809374	10.1016/j.ejca.2022.05.035	PMC9631806	https://pmc.ncbi.nlm.nih.gov/articles/PMC9631806/		cardiopulmonary;clinical;drug_interaction_pk;gd2_agent;organ_function;other_solid;pediatric	metadata_only
drug_interaction_pk	Huang J, Zhang Z, Hao C, Qiu Y, Tan R, Liu J, Wang X, Yang W, Qu H.	Identifying Drug-Induced Liver Injury Associated With Inflammation-Drug and Drug-Drug Interactions in Pharmacologic Treatments for COVID-19 by Bioinformatics and System Biology Analyses: The Role of Pregnane X Receptor	Frontiers in pharmacology	2022	35979235	10.3389/fphar.2022.804189	PMC9377275	https://pmc.ncbi.nlm.nih.gov/articles/PMC9377275/	fulltext/huang_2022_pmid35979235.xml	clinical;cytokine_release_syndrome;drug_interaction_pk;hepatic;organ_function;steroids_immunomodulation	fulltext_xml
drug_interaction_pk	Lenoir C, Niederer A, Rollason V, Desmeules JA, Daali Y, Samer CF.	Prediction of cytochromes P450 3A and 2C19 modulation by both inflammation and drug interactions using physiologically based pharmacokinetics	CPT: pharmacometrics & systems pharmacology	2022	34791831	10.1002/psp4.12730	PMC8752107	https://pmc.ncbi.nlm.nih.gov/articles/PMC8752107/	fulltext/lenoir_2022_pmid34791831.xml	clinical;cytokine_release_syndrome;drug_interaction_pk;hematologic_malignancy	fulltext_xml
drug_interaction_pk	Stader F, Battegay M, Sendi P, Marzolini C.	Physiologically Based Pharmacokinetic Modelling to Investigate the Impact of the Cytokine Storm on CYP3A Drug Pharmacokinetics in COVID-19 Patients	Clinical pharmacology and therapeutics	2022	34496043	10.1002/cpt.2402	PMC8652944	https://pmc.ncbi.nlm.nih.gov/articles/PMC8652944/		clinical;cytokine_release_syndrome;drug_interaction_pk	metadata_only
drug_interaction_pk	Sullivan PM, Kumar R, Li W, Hoglund V, Wang L, Zhang Y, Shi M, Beak D, Cheuk A, Jensen MC, Khan J, Dimitrov DS, Orentas RJ.	FGFR4-Targeted Chimeric Antigen Receptors Combined with Anti-Myeloid Polypharmacy Effectively Treat Orthotopic Rhabdomyosarcoma	Molecular cancer therapeutics	2022	35877472	10.1158/1535-7163.mct-22-0059	PMC9538595	https://pmc.ncbi.nlm.nih.gov/articles/PMC9538595/		drug_interaction_pk;infection_immune;pediatric;preclinical	metadata_only
drug_interaction_pk	Wang X, Rao J, Tan Z, Xun T, Zhao J, Yang X.	Inflammatory signaling on cytochrome P450-mediated drug metabolism in hepatocytes	Frontiers in pharmacology	2022	36353494	10.3389/fphar.2022.1043836	PMC9637984	https://pmc.ncbi.nlm.nih.gov/articles/PMC9637984/	fulltext/wang_2022_pmid36353494.xml	clinical;drug_interaction_pk;hematologic_malignancy;review	fulltext_xml
drug_interaction_pk	White CM, Sicignano DJ, Smith K.	Impact of Interferons and Biological Drug Inhibitors of IL-2 and IL-6 on Small-Molecule Drug Metabolism Through the Cytochrome P450 System	The Annals of pharmacotherapy	2022	34078115	10.1177/10600280211022281		https://doi.org/10.1177/10600280211022281		clinical;cytokine_release_syndrome;drug_interaction_pk;review	metadata_only
drug_interaction_pk	Lenoir C, Rodieux F, Desmeules JA, Rollason V, Samer CF.	Impact of Inflammation on Cytochromes P450 Activity in Pediatrics: A Systematic Review	Clinical pharmacokinetics	2021	34462878	10.1007/s40262-021-01064-4	PMC8613112	https://pmc.ncbi.nlm.nih.gov/articles/PMC8613112/	fulltext/lenoir_2021_pmid34462878.xml	cardiopulmonary;clinical;drug_interaction_pk;infection_immune;organ_function;pediatric;review	fulltext_xml
drug_interaction_pk	Sun W, Lirio RA, Schneider J, Aubrecht J, Kadali H, Baratta M, Gulati P, Suri A, Lin T, Vasudevan R, Rosario M.	Assessment of Vedolizumab Disease-Drug-Drug Interaction Potential in Patients With Inflammatory Bowel Diseases	Clinical pharmacology in drug development	2021	33331142	10.1002/cpdd.891	PMC8359401	https://pmc.ncbi.nlm.nih.gov/articles/PMC8359401/	fulltext/sun_2021_pmid33331142.xml	clinical;drug_interaction_pk;infection_immune;review	fulltext_xml
drug_interaction_pk	Bishop MW, Hutson PR, Hank JA, Sondel PM, Furman WL, Meagher MM, Navid F, Santana VM.	A Phase 1 and pharmacokinetic study evaluating daily or weekly schedules of the humanized anti-GD2 antibody hu14.18K322A in recurrent/refractory solid tumors	mAbs	2020	32643524	10.1080/19420862.2020.1773751	PMC7531516	https://pmc.ncbi.nlm.nih.gov/articles/PMC7531516/	fulltext/bishop_2020_pmid32643524.xml	clinical;drug_interaction_pk;gd2_agent;mitigation_engineering;neuroblastoma;organ_function;other_solid;pediatric;renal_electrolyte	fulltext_xml
drug_interaction_pk	Boidin C, Moshiri P, Dahyot-Fizelier C, Goutelle S, Lefeuvre S.	Pharmacokinetic variability of beta-lactams in critically ill patients: A narrative review	Anaesthesia, critical care & pain medicine	2020	31513935	10.1016/j.accpm.2019.07.016		https://doi.org/10.1016/j.accpm.2019.07.016		clinical;drug_interaction_pk;infection_immune;organ_function;renal_electrolyte;review	metadata_only
drug_interaction_pk	Cojutti PG, Londero A, Della Siega P, Givone F, Fabris M, Biasizzo J, Tascini C, Pea F.	Comparative Population Pharmacokinetics of Darunavir in SARS-CoV-2 Patients vs. HIV Patients: The Role of Interleukin-6	Clinical pharmacokinetics	2020	32856282	10.1007/s40262-020-00933-8	PMC7453069	https://pmc.ncbi.nlm.nih.gov/articles/PMC7453069/	fulltext/cojutti_2020_pmid32856282.xml	clinical;cytokine_release_syndrome;drug_interaction_pk	fulltext_xml
drug_interaction_pk	V Kholodenko I, V Kalinovsky D, V Svirshchevskaya E, I Doronin I, V Konovalova M, V Kibardin A, V Shamanskaya T, S Larin S, M Deyev S, V Kholodenko R.	Multimerization through Pegylation Improves Pharmacokinetic Properties of scFv Fragments of GD2-Specific Antibodies	Molecules (Basel, Switzerland)	2019	31653037	10.3390/molecules24213835	PMC6864547	https://pmc.ncbi.nlm.nih.gov/articles/PMC6864547/	fulltext/v_2019_pmid31653037.xml	drug_interaction_pk;gd2_agent;preclinical	fulltext_xml
drug_interaction_pk	Khalilieh S, Hussain A, Montgomery D, Levine V, Shaw PM, Bodrug I, Mekokishvili L, Bailey-Smith C, Glasgow XS, Cheng A, Martinho M, Iwamoto M.	Effect of tildrakizumab (MK-3222), a high affinity, selective anti-IL23p19 monoclonal antibody, on cytochrome P450 metabolism in subjects with moderate to severe psoriasis	British journal of clinical pharmacology	2018	29926968	10.1111/bcp.13670	PMC6138510	https://pmc.ncbi.nlm.nih.gov/articles/PMC6138510/		clinical;cytokine_release_syndrome;drug_interaction_pk	metadata_only
drug_interaction_pk	Cheung IY, Kushner BH, Modak S, Basu EM, Roberts SS, Cheung NV.	Phase I trial of anti-GD2 monoclonal antibody hu3F8 plus GM-CSF: Impact of body weight, immunogenicity and anti-GD2 response on pharmacokinetics and survival	Oncoimmunology	2017	29147617	10.1080/2162402x.2017.1358331	PMC5674972	https://pmc.ncbi.nlm.nih.gov/articles/PMC5674972/		clinical;drug_interaction_pk;gd2_agent;hematologic_malignancy;neuroblastoma	metadata_only
drug_interaction_pk	Federico SM, McCarville MB, Shulkin BL, Sondel PM, Hank JA, Hutson P, Meagher M, Shafer A, Ng CY, Leung W, Janssen WE, Wu J, Mao S, Brennan RC, Santana VM, Pappo AS, Furman WL.	A Pilot Trial of Humanized Anti-GD2 Monoclonal Antibody (hu14.18K322A) with Chemotherapy and Natural Killer Cells in Children with Recurrent/Refractory Neuroblastoma	Clinical cancer research : an official journal of the American Association for Cancer Research	2017	28939747	10.1158/1078-0432.ccr-17-0379	PMC8725652	https://pmc.ncbi.nlm.nih.gov/articles/PMC8725652/		clinical;drug_interaction_pk;gd2_agent;hematologic_coagulopathy;hematologic_malignancy;infection_immune;neuroblastoma;organ_function;pediatric	metadata_only
drug_interaction_pk	Lee EB, Daskalakis N, Xu C, Paccaly A, Miller B, Fleischmann R, Bodrug I, Kivitz A.	Disease-Drug Interaction of Sarilumab and Simvastatin in Patients with Rheumatoid Arthritis	Clinical pharmacokinetics	2017	27722854	10.1007/s40262-016-0462-8	PMC5425488	https://pmc.ncbi.nlm.nih.gov/articles/PMC5425488/	fulltext/lee_2017_pmid27722854.xml	clinical;cytokine_release_syndrome;drug_interaction_pk	fulltext_xml
drug_interaction_pk	Mallick P, Taneja G, Moorthy B, Ghose R.	Regulation of drug-metabolizing enzymes in infectious and inflammatory disease: implications for biologics-small molecule drug interactions	Expert opinion on drug metabolism & toxicology	2017	28537216	10.1080/17425255.2017.1292251	PMC5714652	https://pmc.ncbi.nlm.nih.gov/articles/PMC5714652/		drug_interaction_pk;infection_immune;preclinical;review	metadata_only
drug_interaction_pk	Jiang X, Zhuang Y, Xu Z, Wang W, Zhou H.	Development of a Physiologically Based Pharmacokinetic Model to Predict Disease-Mediated Therapeutic Protein-Drug Interactions: Modulation of Multiple Cytochrome P450 Enzymes by Interleukin-6	The AAPS journal	2016	26961818	10.1208/s12248-016-9890-5	PMC5256608	https://pmc.ncbi.nlm.nih.gov/articles/PMC5256608/		cytokine_release_syndrome;drug_interaction_pk;preclinical	metadata_only
drug_interaction_pk	Marachelian A, Desai A, Balis F, Katzenstein H, Qayed M, Armstrong M, Neville KA, Cohn SL, Bush M, Gunawan R, Lim AP, Smith MA, Smith LM.	Comparative pharmacokinetics, safety, and tolerability of two sources of ch14.18 in pediatric patients with high-risk neuroblastoma following myeloablative therapy	Cancer chemotherapy and pharmacology	2016	26791869	10.1007/s00280-015-2955-9	PMC4747995	https://pmc.ncbi.nlm.nih.gov/articles/PMC4747995/	fulltext/marachelian_2016_pmid26791869.xml	clinical;drug_interaction_pk;gd2_agent;hematologic_malignancy;neuroblastoma;pediatric	fulltext_xml
drug_interaction_pk	Tran JQ, Othman AA, Wolstencroft P, Elkins J.	Therapeutic protein-drug interaction assessment for daclizumab high-yield process in patients with multiple sclerosis using a cocktail approach	British journal of clinical pharmacology	2016	26991517	10.1111/bcp.12936	PMC4917816	https://pmc.ncbi.nlm.nih.gov/articles/PMC4917816/		clinical;drug_interaction_pk	metadata_only
drug_interaction_pk	Wei X, Kenny JR, Dickmann L, Maciuca R, Looney C, Tang MT.	Assessment of Disease-Related Therapeutic Protein Drug-Drug Interaction for Etrolizumab in Patients With Moderately to Severely Active Ulcerative Colitis	Journal of clinical pharmacology	2016	26412221	10.1002/jcph.649	PMC5066705	https://pmc.ncbi.nlm.nih.gov/articles/PMC5066705/	fulltext/wei_2016_pmid26412221.xml	clinical;cytokine_release_syndrome;drug_interaction_pk	fulltext_xml
drug_interaction_pk	Zhou H, Sharma A.	Therapeutic protein-drug interactions: plausible mechanisms and assessment strategies	Expert opinion on drug metabolism & toxicology	2016	27391296	10.1080/17425255.2016.1211109		https://doi.org/10.1080/17425255.2016.1211109		clinical;drug_interaction_pk	metadata_only
drug_interaction_pk	Navid F, Sondel PM, Barfield R, Shulkin BL, Kaufman RA, Allay JA, Gan J, Hutson P, Seo S, Kim K, Goldberg J, Hank JA, Billups CA, Wu J, Furman WL, McGregor LM, Otto M, Gillies SD, Handgretinger R, Santana VM.	Phase I trial of a novel anti-GD2 monoclonal antibody, Hu14.18K322A, designed to decrease toxicity in children with refractory or recurrent neuroblastoma	Journal of clinical oncology : official journal of the American Society of Clinical Oncology	2014	24711551	10.1200/jco.2013.50.4423	PMC4017710	https://pmc.ncbi.nlm.nih.gov/articles/PMC4017710/		clinical;drug_interaction_pk;gd2_agent;neuroblastoma;neurotoxicity;pediatric	metadata_only
drug_interaction_pk	Velissaris D, Karamouzos V, Marangos M, Pierrakos C, Karanikolas M.	Pharmacokinetic changes and dosing modification of aminoglycosides in critically ill obese patients: a literature review	Journal of clinical medicine research	2014	24883145	10.14740/jocmr1858w	PMC4039091	https://pmc.ncbi.nlm.nih.gov/articles/PMC4039091/	fulltext/velissaris_2014_pmid24883145.xml	clinical;drug_interaction_pk;hematologic_malignancy;infection_immune;review	fulltext_xml
drug_interaction_pk	Wang J, Wang YM, Ahn HY.	Biological products for the treatment of psoriasis: therapeutic targets, pharmacodynamics and disease-drug-drug interaction implications	The AAPS journal	2014	24993574	10.1208/s12248-014-9637-0	PMC4147058	https://pmc.ncbi.nlm.nih.gov/articles/PMC4147058/		clinical;drug_interaction_pk;review	metadata_only
drug_interaction_pk	Ladenstein R, Weixler S, Baykan B, Bleeke M, Kunert R, Katinger D, Pribill I, Glander P, Bauer S, Pistoia V, Michon J, Garaventa A, Lode HN.	Ch14.18 antibody produced in CHO cells in relapsed or refractory Stage 4 neuroblastoma patients: a SIOPEN Phase 1 study	mAbs	2013	23924804	10.4161/mabs.25215	PMC3851232	https://pmc.ncbi.nlm.nih.gov/articles/PMC3851232/		clinical;drug_interaction_pk;gd2_agent;neuroblastoma;pediatric	metadata_only
drug_interaction_pk	Sime FB, Roberts MS, Peake SL, Lipman J, Roberts JA.	Does Beta-lactam Pharmacokinetic Variability in Critically Ill Patients Justify Therapeutic Drug Monitoring? A Systematic Review	Annals of intensive care	2012	22839761	10.1186/2110-5820-2-35	PMC3460787	https://pmc.ncbi.nlm.nih.gov/articles/PMC3460787/	fulltext/sime_2012_pmid22839761.xml	cardiopulmonary;clinical;drug_interaction_pk;hematologic_malignancy;organ_function;review	fulltext_xml
drug_interaction_pk	Clements JD, Jamali F.	Pravastatin reverses the down-regulating effect of inflammation on beta-adrenergic receptors: a disease-drug interaction between inflammation, pravastatin, and propranolol	Vascular pharmacology	2007	16949884	10.1016/j.vph.2006.06.009		https://doi.org/10.1016/j.vph.2006.06.009		cytokine_release_syndrome;drug_interaction_pk;preclinical	metadata_only
drug_interaction_pk	Aitken AE, Richardson TA, Morgan ET.	Regulation of drug-metabolizing enzymes and transporters in inflammation	Annual review of pharmacology and toxicology	2006	16402901	10.1146/annurev.pharmtox.46.120604.141059		https://doi.org/10.1146/annurev.pharmtox.46.120604.141059		clinical;drug_interaction_pk;infection_immune;review	metadata_only
drug_interaction_pk	Guirguis MS, Jamali F.	Disease-drug interaction: Reduced response to propranolol despite increased concentration in the rat with inflammation	Journal of pharmaceutical sciences	2003	12712428	10.1002/jps.10381		https://doi.org/10.1002/jps.10381		drug_interaction_pk;preclinical	metadata_only
steroids_immunomodulation	Ahmed N, Ali A, Kim S, Oloyede T, Bye M, Gowda L, Kamble RT, Mirza AS, Nadiminti KV, Pophali PA, Rodriguez-Bonilla C, Sieg A, Strouse C, Abid MB, Afrough A, Aljurf M, Beitinjaneh AM, Chhabra S, Choe M, Hilal T, Iqbal M, Jain T, Kharfan-Dabaja MA, Modi D, Orti G, Pawarode A, Rao U, Riedell PA, Saad A, Seo S, Balari AS, Wagner JL, Wudhikarn K, Turtle CJ, Phillips CL, Pasquini MC, Ahmed S, Ganguly S, Moskop A.	Comparison of Fludarabine Versus Bendamustine as a Lymphodepleting Chemotherapy Prior to CAR-T for Large Cell Lymphoma	Transplantation and cellular therapy	2026	42341926	10.1016/j.jtct.2026.06.035		https://doi.org/10.1016/j.jtct.2026.06.035		clinical;cytokine_release_syndrome;hematologic_coagulopathy;hematologic_malignancy;neurotoxicity;organ_function;steroids_immunomodulation	metadata_only
steroids_immunomodulation	Amatya C, Weissler KA, Lam N, Natrakul DA, Brudno JN, Cutmore LC, Mikkilineni L, Kochenderfer JN.	Corticosteroids ameliorate CAR T-cell-induced cytokine-release syndrome without inhibiting multiple myeloma treatment	Journal for immunotherapy of cancer	2026	41702648	10.1136/jitc-2025-012437	PMC12918699	https://pmc.ncbi.nlm.nih.gov/articles/PMC12918699/	fulltext/amatya_2026_pmid41702648.xml	clinical;cytokine_release_syndrome;hematologic_malignancy;steroids_immunomodulation	fulltext_xml
steroids_immunomodulation	Forsberg PA, Turner JA, Meyer M, Abbott D, Nicholson S, Schade H, Matous J, Gregory T.	Dexamethasone prophylaxis for excessive lymphocyte expansion after cilta-cel in multiple myeloma	Blood advances	2026	41894686	10.1182/bloodadvances.2025018639	PMC13207623	https://pmc.ncbi.nlm.nih.gov/articles/PMC13207623/	fulltext/forsberg_2026_pmid41894686.xml	clinical;hematologic_malignancy;steroids_immunomodulation	fulltext_xml
steroids_immunomodulation	Grieb N, Wiemers T, Born P, Fandrei D, Fischer L, Ferle M, Franke S, Keller J, Wang SY, Jentzsch M, Herling C, Metzeler KH, Herling M, Heyn S, Neumuth T, Platzbecker U, Vučinić V, Franke GN, Merz M.	Impact of Renal Impairment and Lymphodepletion Regimen on Outcomes after CAR T Cell Therapy in Relapsed/Refractory Multiple Myeloma	Transplantation and cellular therapy	2026	42144192	10.1016/j.jtct.2026.05.022		https://doi.org/10.1016/j.jtct.2026.05.022		clinical;hematologic_malignancy;organ_function;renal_electrolyte;steroids_immunomodulation	metadata_only
steroids_immunomodulation	Huo BN, Shu L, Zhang Y, Yin NG, Ji HH, Jia YT, Song L.	Adverse events related to drug-drug interactions in tocilizumab combination therapy: a retrospective analysis and clinical implications	Frontiers in medicine	2026	41836963	10.3389/fmed.2026.1736592	PMC12982096	https://pmc.ncbi.nlm.nih.gov/articles/PMC12982096/	fulltext/huo_2026_pmid41836963.xml	clinical;cytokine_release_syndrome;drug_interaction_pk;infection_immune;steroids_immunomodulation	fulltext_xml
steroids_immunomodulation	Liang EC, Kungwankiattichai S, Wu X, Voutsinas J, Macero D, Khouderchah C, Qiao Y, Jeon Y, Basom R, Huang JJ, Portuguese AJ, Kimble EL, Hirayama AV, Shadman M, Chen AI, Desai A, Hayes-Lattin B, Meyers G, Bastola S, Rai M, Leonard J, Trussell J, Stomberg C, Spurgeon SE, Okada C, Shree T, Silbermann R, Medvedova E, Ratterree B, Bixler R, Williamson S, Phan C, Ahrenkiel R, Wu Q, Maziarz RT, Gauthier J.	Early neurologic response predicts outcomes after anakinra for immune effector cell-associated neurotoxicity syndrome	Blood advances	2026	42530978	10.1182/bloodadvances.2026020103		https://doi.org/10.1182/bloodadvances.2026020103		clinical;cytokine_release_syndrome;neurotoxicity;steroids_immunomodulation	metadata_only
steroids_immunomodulation	Xu W, Qiao X, Zhang L, Xing L, Zhang J, Guo X, Qiao S.	Lisaftoclax combined with ixazomib and dexamethasone after CAR-T for maintenance therapy in transplant-ineligible relapsed/refractory ultra-high-risk multiple myeloma: two case reports and literature review	Frontiers in oncology	2026	42130633	10.3389/fonc.2026.1784393	PMC13160748	https://pmc.ncbi.nlm.nih.gov/articles/PMC13160748/	fulltext/xu_2026_pmid42130633.xml	clinical;hematologic_malignancy;infection_immune;other_solid;review;steroids_immunomodulation	fulltext_xml
steroids_immunomodulation	Zhang N, Yang F, Liu R, Fu Z, Li D, Guo Y, Ma L, Cao M, Deng B, Gan S, Chen C, Ke X, Hu K.	Baseline immunonutritional status drives CAR T-cell efficacy, survival, and safety in R/R lymphoma: validation of a pre-lymphodepletion PNI threshold	Annals of hematology	2026	42420673	10.1007/s00277-026-07171-1		https://doi.org/10.1007/s00277-026-07171-1		clinical;hematologic_malignancy;steroids_immunomodulation	metadata_only
steroids_immunomodulation	Coleman GT, Wang Y.	CART-induced eosinophilic colitis with good response to corticosteroids and infliximab: a case report	Therapeutic advances in medical oncology	2025	40017900	10.1177/17588359251320736	PMC11866386	https://pmc.ncbi.nlm.nih.gov/articles/PMC11866386/	fulltext/coleman_2025_pmid40017900.xml	clinical;hematologic_malignancy;infection_immune;steroids_immunomodulation	fulltext_xml
steroids_immunomodulation	Dos Santos MH, de Azevedo JTC, da Silva Januário ME, Schmidt DF, Tirapelle MC, Biggi AFB, Ebrahimabadi S, Silvestre RN, Covas DT, Calado RT, Picanço-Castro V.	2B4 co-stimulation and dasatinib modulation enhance anti-CD19 CAR-NK-92 cell cytotoxicity	Frontiers in immunology	2025	41459521	10.3389/fimmu.2025.1675877	PMC12741080	https://pmc.ncbi.nlm.nih.gov/articles/PMC12741080/	fulltext/dos_2025_pmid41459521.xml	preclinical;steroids_immunomodulation	fulltext_xml
steroids_immunomodulation	Mantion CF, Biichlé S, Roussel X, Rolin G, Lejeune A, Labaigt T, Bôle-Richard E, Daguindau E, Royer B, Renosi F, Adotevi O, Loyon R, Fredon M, Garnache-Ottou F.	Evaluation of dasatinib and ponatinib for the control of CD123 CAR-T cell functionalities	Molecular therapy. Oncology	2025	41477551	10.1016/j.omton.2025.201097	PMC12752794	https://pmc.ncbi.nlm.nih.gov/articles/PMC12752794/	fulltext/mantion_2025_pmid41477551.xml	hematologic_malignancy;on_target_off_tumor;preclinical;steroids_immunomodulation	fulltext_xml
steroids_immunomodulation	Panetta JC, Talleur AC, Naik S, Gottschalk S, Leggas M.	Age-adjusted dosing of fludarabine for lymphodepletion in CAR T-cell therapy: a clinical trial simulation study	Blood advances	2025	40609087	10.1182/bloodadvances.2025015928	PMC12496251	https://pmc.ncbi.nlm.nih.gov/articles/PMC12496251/	fulltext/panetta_2025_pmid40609087.xml	clinical;drug_interaction_pk;hematologic_malignancy;pediatric;steroids_immunomodulation	fulltext_xml
steroids_immunomodulation	Zhang M, Fu S, Feng J, Hong R, Wei G, Zhao H, Zhao M, Xu H, Cui J, Huang S, Wu X, Liu L, Sun J, Wu W, Zhu Y, He J, Zhao Y, Cai Z, Zheng W, Ye X, Shi J, Luo Y, Wang D, Chang AH, Hu Y, Huang H.	Dasatinib and CAR T-Cell Therapy in Newly Diagnosed Philadelphia Chromosome-Positive Acute Lymphoblastic Leukemia: A Nonrandomized Clinical Trial	JAMA oncology	2025	40244598	10.1001/jamaoncol.2025.0674	PMC12006910	https://pmc.ncbi.nlm.nih.gov/articles/PMC12006910/	fulltext/zhang_2025_pmid40244598.xml	clinical;cytokine_release_syndrome;hematologic_malignancy;steroids_immunomodulation	fulltext_xml
steroids_immunomodulation	Frame DG, Geer M, Kasha S, Markstrom D, Scappaticci G, Feeney T, Hayduk A, Mansoor HM, Oberfeld A, D'Antonio H, Anand S, Choi SW, Maciejewski J, Pawarode A, Riwes MM, Tewari M, Magenau J, Ghosh M.	Comparing 2-day vs 3-day flu-CY lymphodepleting regimens for CD19 CAR T-cell therapy in patients with non-hodgkin's lymphoma	Frontiers in immunology	2024	38947326	10.3389/fimmu.2024.1403145	PMC11211265	https://pmc.ncbi.nlm.nih.gov/articles/PMC11211265/	fulltext/frame_2024_pmid38947326.xml	clinical;cytokine_release_syndrome;hematologic_coagulopathy;hematologic_malignancy;neurotoxicity;organ_function;steroids_immunomodulation	fulltext_xml
steroids_immunomodulation	Hegde M, Navai S, DeRenzo C, Joseph SK, Sanber K, Wu M, Gad AZ, Janeway KA, Campbell M, Mullikin D, Nawas Z, Robertson C, Mathew PR, Zhang H, Mehta B, Bhat RR, Major A, Shree A, Gerken C, Kalra M, Chakraborty R, Thakkar SG, Dakhova O, Salsman VS, Grilley B, Lapteva N, Gee A, Dotti G, Bao R, Salem AH, Wang T, Brenner MK, Heslop HE, Wels WS, Hicks MJ, Gottschalk S, Ahmed N.	Autologous HER2-specific CAR T cells after lymphodepletion for advanced sarcoma: a phase 1 trial	Nature cancer	2024	38658775	10.1038/s43018-024-00749-6	PMC11588040	https://pmc.ncbi.nlm.nih.gov/articles/PMC11588040/		clinical;cytokine_release_syndrome;other_solid;steroids_immunomodulation	metadata_only
steroids_immunomodulation	Yang J, Zhang J, Wan X, Cai J, Wang T, Yang X, Li W, Ding L, Song L, Miao Y, Wang X, Ma Y, Luo C, Tang J, Gu L, Chen J, Lu J, Tang Y, Li B.	Impact of corticosteroids on the efficacy of CD19/22 CAR-T cell therapy in pediatric patients with B-ALL: a single-center study	Frontiers in pediatrics	2024	39872915	10.3389/fped.2024.1485402	PMC11771322	https://pmc.ncbi.nlm.nih.gov/articles/PMC11771322/	fulltext/yang_2024_pmid39872915.xml	cytokine_release_syndrome;grading_management;hematologic_malignancy;pediatric;preclinical;steroids_immunomodulation	fulltext_xml
steroids_immunomodulation	Hashmi H, McGann M, Greenwell BI.	Use of long-term corticosteroids in patients treated with CAR T-cell therapy	Journal of oncology pharmacy practice : official publication of the International Society of Oncology Pharmacy Practitioners	2023	35635259	10.1177/10781552221104816		https://doi.org/10.1177/10781552221104816		clinical;cytokine_release_syndrome;hematologic_malignancy;neurotoxicity;steroids_immunomodulation	metadata_only
steroids_immunomodulation	Owen K, Ghaly R, Shohdy KS, Thistlethwaite F.	Lymphodepleting chemotherapy practices and effect on safety and efficacy outcomes in patients with solid tumours undergoing T cell receptor-engineered T cell (TCR-T) Therapy: a systematic review and meta-analysis	Cancer immunology, immunotherapy : CII	2023	36315268	10.1007/s00262-022-03287-1	PMC9628360	https://pmc.ncbi.nlm.nih.gov/articles/PMC9628360/	fulltext/owen_2023_pmid36315268.xml	clinical;grading_management;other_solid;review;steroids_immunomodulation	fulltext_xml
mitigation_engineering	Wells J, Gupta A.	CAR-T cell therapy for pediatric solid tumors: armored CAR-T cells and beyond	Cancer metastasis reviews	2026	41770377	10.1007/s10555-026-10317-2	PMC12953346	https://pmc.ncbi.nlm.nih.gov/articles/PMC12953346/	fulltext/wells_2026_pmid41770377.xml	dmg_dipg;hematologic_malignancy;mitigation_engineering;neuroblastoma;other_solid;pediatric;preclinical;review	fulltext_xml
mitigation_engineering	Garcia-Robledo JE, Cabrera-Salcedo S, Brandauer AM, Romano F, Rengifo-Martinez J, Toro-Pedroza A, Victoria JS, Rios-Serna LJ, Loukanov A, Cardona AF, Genovese P, Baena JC.	Engineering the next generation of CAR T- cells: precision modifications, logic gates and universal strategies to overcome exhaustion and tumor resistance	Frontiers in oncology	2025	41584599	10.3389/fonc.2025.1698442	PMC12827139	https://pmc.ncbi.nlm.nih.gov/articles/PMC12827139/	fulltext/garciarobledo_2025_pmid41584599.xml	clinical;infection_immune;mitigation_engineering;on_target_off_tumor;other_solid;review	fulltext_xml
mitigation_engineering	Ercilla-Rodríguez P, Sánchez-Díez M, Alegría-Aravena N, Quiroz-Troncoso J, Gavira-O'Neill CE, González-Martos R, Ramírez-Castillejo C.	CAR-T lymphocyte-based cell therapies; mechanistic substantiation, applications and biosafety enhancement with suicide genes: new opportunities to melt side effects	Frontiers in immunology	2024	39091493	10.3389/fimmu.2024.1333150	PMC11291200	https://pmc.ncbi.nlm.nih.gov/articles/PMC11291200/	fulltext/ercillarodrguez_2024_pmid39091493.xml	clinical;cytokine_release_syndrome;mitigation_engineering;neurotoxicity;other_solid;review	fulltext_xml
mitigation_engineering	Stein MN, Dumbrava EE, Teply BA, Gergis US, Guiterrez ME, Reshef R, Subudhi SK, Jacquemont CF, Senesac JH, Bayle JH, Scripture CD, Chatwal MS, Bilen MA, Stadler WM, Becerra CR.	PSCA-targeted BPX-601 CAR T cells with pharmacological activation by rimiducid in metastatic pancreatic and prostate cancer: a phase 1 dose escalation trial	Nature communications	2024	39737899	10.1038/s41467-024-53220-6	PMC11685978	https://pmc.ncbi.nlm.nih.gov/articles/PMC11685978/	fulltext/stein_2024_pmid39737899.xml	clinical;drug_interaction_pk;mitigation_engineering	fulltext_xml
mitigation_engineering	Ventin M, Cattaneo G, Arya S, Jia J, Gelmi MC, Sun Y, Maggs L, Ksander BR, Verdijk RM, Boland GM, Jenkins RW, Haq R, Jager MJ, Wang X, Ryeom S, Ferrone CR.	Chimeric Antigen Receptor T Cell with an Inducible Caspase-9 Suicide Gene Eradicates Uveal Melanoma Liver Metastases via B7-H3 Targeting	Clinical cancer research : an official journal of the American Association for Cancer Research	2024	38767611	10.1158/1078-0432.ccr-24-0071	PMC11572477	https://pmc.ncbi.nlm.nih.gov/articles/PMC11572477/		clinical;mitigation_engineering;other_solid	metadata_only
mitigation_engineering	Xiao W, Xu L, Wang J, Yu K, Xu B, Que Y, Zhao J, Pan Q, Gao C, Zhou P, Zhang X.	FGFR4-specific CAR-T cells with inducible caspase-9 suicide gene as an approach to treat rhabdomyosarcoma	Cancer gene therapy	2024	39183354	10.1038/s41417-024-00823-2	PMC11489081	https://pmc.ncbi.nlm.nih.gov/articles/PMC11489081/	fulltext/xiao_2024_pmid39183354.xml	mitigation_engineering;on_target_off_tumor;preclinical	fulltext_xml
mitigation_engineering	Tey SK.	Adoptive T-cell therapy: adverse events and safety switches	Clinical & translational immunology	2014	25505965	10.1038/cti.2014.11	PMC4232067	https://pmc.ncbi.nlm.nih.gov/articles/PMC4232067/	fulltext/tey_2014_pmid25505965.xml	clinical;mitigation_engineering;review	fulltext_xml
grading_management	Banerjee R, Amonoo HL, Barata A, Bhatt NS, Espinoza-Gutarra MR, Jayani-Kosarzycki RV, Katz H, Kennedy VE, Nawas M, Steineck A, Wanjiku C, Costanzo E, Cusatis RN, Knight JM, Schoemans H, Sidana S, Wood WA, Sung AD, Lee CJ, Hamilton BK.	Assessing Quality of Life and Symptoms in Transplantation and CAR-T Recipients: Expert Panel Recommendations from the Survivorship Special Interest Group of ASTCT	Transplantation and cellular therapy	2025	40609744	10.1016/j.jtct.2025.06.030	PMC12243979	https://pmc.ncbi.nlm.nih.gov/articles/PMC12243979/		clinical;grading_management;pediatric;review	metadata_only
grading_management	Betof Warner A, Hamid O, Komanduri K, Amaria R, Butler MO, Haanen J, Nikiforow S, Puzanov I, Sarnaik A, Bishop MR, Schoenfeld AJ.	Expert consensus guidelines on management and best practices for tumor-infiltrating lymphocyte cell therapy	Journal for immunotherapy of cancer	2024	38423748	10.1136/jitc-2023-008735	PMC11005706	https://pmc.ncbi.nlm.nih.gov/articles/PMC11005706/	fulltext/betof_2024_pmid38423748.xml	clinical;grading_management;other_solid;review;steroids_immunomodulation	fulltext_xml
grading_management	Zweegman S, van de Donk NWCJ.	Supportive care in myeloma-when treating the clone alone is not enough	Hematology. American Society of Hematology. Education Program	2024	39643986	10.1182/hematology.2024000579	PMC11665544	https://pmc.ncbi.nlm.nih.gov/articles/PMC11665544/		clinical;grading_management;hematologic_coagulopathy;hematologic_malignancy;infection_immune;on_target_off_tumor;organ_function;review	metadata_only
grading_management	Granroth G, Rosenthal A, McCallen M, Coughlin C, Benson H, Palmer J, Castro JE, Munoz J.	Supportive Care for Patients with Lymphoma Undergoing CAR-T-cell Therapy: the Advanced Practice Provider's Perspective	Current oncology reports	2022	36336769	10.1007/s11912-022-01330-z	PMC9638184	https://pmc.ncbi.nlm.nih.gov/articles/PMC9638184/	fulltext/granroth_2022_pmid36336769.xml	clinical;grading_management;hematologic_malignancy;infection_immune;review	fulltext_xml
grading_management	Moghanloo E, Mollanoori H, Talebi M, Pashangzadeh S, Faraji F, Hadjilooei F, Mahmoodzadeh H.	Remote controlling of CAR-T cells and toxicity management: Molecular switches and next generation CARs	Translational oncology	2021	33789222	10.1016/j.tranon.2021.101070	PMC8027274	https://pmc.ncbi.nlm.nih.gov/articles/PMC8027274/	fulltext/moghanloo_2021_pmid33789222.xml	clinical;cytokine_release_syndrome;grading_management;hematologic_malignancy;on_target_off_tumor;organ_function;renal_electrolyte;review	fulltext_xml
grading_management	Lee DW, Santomasso BD, Locke FL, Ghobadi A, Turtle CJ, Brudno JN, Maus MV, Park JH, Mead E, Pavletic S, Go WY, Eldjerou L, Gardner RA, Frey N, Curran KJ, Peggs K, Pasquini M, DiPersio JF, van den Brink MRM, Komanduri KV, Grupp SA, Neelapu SS.	ASTCT Consensus Grading for Cytokine Release Syndrome and Neurologic Toxicity Associated with Immune Effector Cells	Biology of blood and marrow transplantation : journal of the American Society for Blood and Marrow Transplantation	2019	30592986	10.1016/j.bbmt.2018.12.758	PMC12180426	https://pmc.ncbi.nlm.nih.gov/articles/PMC12180426/		clinical;cytokine_release_syndrome;grading_management;hematologic_malignancy;neurotoxicity;other_solid;review	metadata_only
grading_management	Mahadeo KM, Khazal SJ, Abdel-Azim H, Fitzgerald JC, Taraseviciute A, Bollard CM, Tewari P, Duncan C, Traube C, McCall D, Steiner ME, Cheifetz IM, Lehmann LE, Mejia R, Slopis JM, Bajwa R, Kebriaei P, Martin PL, Moffet J, McArthur J, Petropoulos D, O'Hanlon Curry J, Featherston S, Foglesong J, Shoberu B, Gulbis A, Mireles ME, Hafemeister L, Nguyen C, Kapoor N, Rezvani K, Neelapu SS, Shpall EJ, Pediatric Acute Lung Injury and Sepsis Investigators (PALISI) Network.	Management guidelines for paediatric patients receiving chimeric antigen receptor T cell therapy	Nature reviews. Clinical oncology	2019	30082906	10.1038/s41571-018-0075-2	PMC7096894	https://pmc.ncbi.nlm.nih.gov/articles/PMC7096894/	fulltext/mahadeo_2019_pmid30082906.xml	clinical;grading_management;infection_immune;neurotoxicity;pediatric;review	fulltext_xml
